series_id,stratum,seed,receiver_family,status,best_epoch,best_validation_MSE,checkpoint_path,checkpoint_SHA256,GRU_configuration_SHA256,TP2M5A_protocol_freeze_SHA256,TP2M5B_pretraining_freeze_SHA256,dataset_SHA256,weights_frozen
Australia,WHO,42,GRU_CONTROLLED_ALTERNATIVE,VALID_COMPLETE,16,0.02152879722416401,experiment://TP2M5B/outputs/gru_receiver_bank/seed_42/who/australia/w05/checkpoint.weights.h5,0f3752401687b3679184e2fd785f7fe76ac0ae73d4ce0384a94188373fd2ad89,98e18ac4421494ec8e46d265d519e42d5a852946b203078fdde34f62ad9a60ed,02f237708fc67b29f6f4e2ba98f2ef5af248d48b979e000a2091a742ef3fa0df,a7253d33bf8c1c6df5e2238eb8f16cc429bda3f519bf39f8881cea989b171f6b,f9f6af1c1217a118b14ac76eddf5bae4080e461eba43ad350d0bb98f2695eeee,TRUE
Austria,WHO,42,GRU_CONTROLLED_ALTERNATIVE,VALID_COMPLETE,25,1.5097719430923462,experiment://TP2M5B/outputs/gru_receiver_bank/seed_42/who/austria/w05/checkpoint.weights.h5,4ad5bbb0a943a3815720309935c5b65636192e5aa8adecb4e34da42b2950de2d,53e1b54334956e9a942241d31b7e081741723fe284e76896487b06d60f7e7cd4,02f237708fc67b29f6f4e2ba98f2ef5af248d48b979e000a2091a742ef3fa0df,a7253d33bf8c1c6df5e2238eb8f16cc429bda3f519bf39f8881cea989b171f6b,f9f6af1c1217a118b14ac76eddf5bae4080e461eba43ad350d0bb98f2695eeee,TRUE
Bangladesh,WHO,42,GRU_CONTROLLED_ALTERNATIVE,VALID_COMPLETE,12,0.9135978817939758,experiment://TP2M5B/outputs/gru_receiver_bank/seed_42/who/bangladesh/w05/checkpoint.weights.h5,9dffc5029048768dcab36ba2dc5128144d0a1c4f9d775d2457fd96538fcd937b,e410c7b276e645ac235c5ed134462076c5293a672865a8e78cf19adc6b9d9b58,02f237708fc67b29f6f4e2ba98f2ef5af248d48b979e000a2091a742ef3fa0df,a7253d33bf8c1c6df5e2238eb8f16cc429bda3f519bf39f8881cea989b171f6b,f9f6af1c1217a118b14ac76eddf5bae4080e461eba43ad350d0bb98f2695eeee,TRUE
Bhutan,WHO,42,GRU_CONTROLLED_ALTERNATIVE,VALID_COMPLETE,1,8.094937324523926,experiment://TP2M5B/outputs/gru_receiver_bank/seed_42/who/bhutan/w05/checkpoint.weights.h5,d7d6a6589175ceeb85544f831b6cc9655826050add25de519116fe4f4c0e72b1,3042fcf19272c20e449fecdb10016b58884519ce2801aebb501ab676f6fb6b63,02f237708fc67b29f6f4e2ba98f2ef5af248d48b979e000a2091a742ef3fa0df,a7253d33bf8c1c6df5e2238eb8f16cc429bda3f519bf39f8881cea989b171f6b,f9f6af1c1217a118b14ac76eddf5bae4080e461eba43ad350d0bb98f2695eeee,TRUE
Brunei Darussalam,WHO,42,GRU_CONTROLLED_ALTERNATIVE,VALID_COMPLETE,22,2.041795015335083,experiment://TP2M5B/outputs/gru_receiver_bank/seed_42/who/brunei_darussalam/w05/checkpoint.weights.h5,737243dfeda65597983a79dc0cd2b1772976e7e6747de815897f07983dc42b0c,a9b6447264bb349a1415de1aa6d5c2da4fe06c82e10203433cef2fde88d86e8c,02f237708fc67b29f6f4e2ba98f2ef5af248d48b979e000a2091a742ef3fa0df,a7253d33bf8c1c6df5e2238eb8f16cc429bda3f519bf39f8881cea989b171f6b,f9f6af1c1217a118b14ac76eddf5bae4080e461eba43ad350d0bb98f2695eeee,TRUE
Cambodia,WHO,42,GRU_CONTROLLED_ALTERNATIVE,VALID_COMPLETE,8,2.141883611679077,experiment://TP2M5B/outputs/gru_receiver_bank/seed_42/who/cambodia/w05/checkpoint.weights.h5,32e02e0861e7d71a52de5ab720f0b7835d51e43179b124683ace04f4692e2a7a,6b5b316918cdfe3447143a865404848c7690e632ef47b47c76192cee6dd4c025,02f237708fc67b29f6f4e2ba98f2ef5af248d48b979e000a2091a742ef3fa0df,a7253d33bf8c1c6df5e2238eb8f16cc429bda3f519bf39f8881cea989b171f6b,f9f6af1c1217a118b14ac76eddf5bae4080e461eba43ad350d0bb98f2695eeee,TRUE
China,WHO,42,GRU_CONTROLLED_ALTERNATIVE,VALID_COMPLETE,30,2.934295654296875,experiment://TP2M5B/outputs/gru_receiver_bank/seed_42/who/china/w05/checkpoint.weights.h5,48f83ce6cae6aab1de9c2b1b9ddfd66de314c10c51d8a10b59b5a12ced71cf71,eb5e4dc7195680f77f28033a0f74550520434a616ad0808750002f5ea5d5920f,02f237708fc67b29f6f4e2ba98f2ef5af248d48b979e000a2091a742ef3fa0df,a7253d33bf8c1c6df5e2238eb8f16cc429bda3f519bf39f8881cea989b171f6b,f9f6af1c1217a118b14ac76eddf5bae4080e461eba43ad350d0bb98f2695eeee,TRUE
Fiji,WHO,42,GRU_CONTROLLED_ALTERNATIVE,VALID_COMPLETE,3,1.3551950454711914,experiment://TP2M5B/outputs/gru_receiver_bank/seed_42/who/fiji/w05/checkpoint.weights.h5,0c737a095f25a1374d318c69e89bdee87dd55f6b9e28d1c6134eb4c552cd4441,8a7197843e43fde4ff341a7686cf9d26e25a23dee8b9f78339dc050bc8b27712,02f237708fc67b29f6f4e2ba98f2ef5af248d48b979e000a2091a742ef3fa0df,a7253d33bf8c1c6df5e2238eb8f16cc429bda3f519bf39f8881cea989b171f6b,f9f6af1c1217a118b14ac76eddf5bae4080e461eba43ad350d0bb98f2695eeee,TRUE
French Polynesia,WHO,42,GRU_CONTROLLED_ALTERNATIVE,VALID_COMPLETE,73,2104.923583984375,experiment://TP2M5B/outputs/gru_receiver_bank/seed_42/who/french_polynesia/w05/checkpoint.weights.h5,123318cc30b9398992c56956addc4fd71dd0deafc51f56ebf314d478fb5f556f,35e0cda80565859e5b370900e8c74c3c2678690087a05fd2c318dad55f6551d7,02f237708fc67b29f6f4e2ba98f2ef5af248d48b979e000a2091a742ef3fa0df,a7253d33bf8c1c6df5e2238eb8f16cc429bda3f519bf39f8881cea989b171f6b,f9f6af1c1217a118b14ac76eddf5bae4080e461eba43ad350d0bb98f2695eeee,TRUE
Guam,WHO,42,GRU_CONTROLLED_ALTERNATIVE,VALID_COMPLETE,52,0.666387677192688,experiment://TP2M5B/outputs/gru_receiver_bank/seed_42/who/guam/w05/checkpoint.weights.h5,baa37598880a948abb73233e978bbf1b76ff958da0b491f26ee02b5008404629,9756f6391e6f90c0e509a30276c383313aa4aef1ab9f58dcd492fdd463934f1b,02f237708fc67b29f6f4e2ba98f2ef5af248d48b979e000a2091a742ef3fa0df,a7253d33bf8c1c6df5e2238eb8f16cc429bda3f519bf39f8881cea989b171f6b,f9f6af1c1217a118b14ac76eddf5bae4080e461eba43ad350d0bb98f2695eeee,TRUE
Lao People's Democratic Republic,WHO,42,GRU_CONTROLLED_ALTERNATIVE,VALID_COMPLETE,3,1.8129397630691528,experiment://TP2M5B/outputs/gru_receiver_bank/seed_42/who/lao_people_s_democratic_republic/w05/checkpoint.weights.h5,815ca69d461533d612dce6c033cd749f9af590eded056113329147b1bd5fe4eb,7c9ab603f1571d4e1e160e4c52519c8b82ee5aec2f03744ea46448b2527a8006,02f237708fc67b29f6f4e2ba98f2ef5af248d48b979e000a2091a742ef3fa0df,a7253d33bf8c1c6df5e2238eb8f16cc429bda3f519bf39f8881cea989b171f6b,f9f6af1c1217a118b14ac76eddf5bae4080e461eba43ad350d0bb98f2695eeee,TRUE
Malaysia,WHO,42,GRU_CONTROLLED_ALTERNATIVE,VALID_COMPLETE,8,0.9087613821029663,experiment://TP2M5B/outputs/gru_receiver_bank/seed_42/who/malaysia/w05/checkpoint.weights.h5,42bbdf61c00edc96d98ac1682f954f50d55e9b71c46d66980ad8d3627cb37328,17ea2d7bd57fec1b29ca7a7493e040aded93be2ba25836d470391f979a73471f,02f237708fc67b29f6f4e2ba98f2ef5af248d48b979e000a2091a742ef3fa0df,a7253d33bf8c1c6df5e2238eb8f16cc429bda3f519bf39f8881cea989b171f6b,f9f6af1c1217a118b14ac76eddf5bae4080e461eba43ad350d0bb98f2695eeee,TRUE
Maldives,WHO,42,GRU_CONTROLLED_ALTERNATIVE,VALID_COMPLETE,1,2.532386541366577,experiment://TP2M5B/outputs/gru_receiver_bank/seed_42/who/maldives/w05/checkpoint.weights.h5,8ab71ef305e44437da2e9647367b1f7c39a219ed54cb87a91761bdbf4eddef1d,2c434a6d6b837c7e8a3f267092bce2095a3368117239610217227a1a8050af13,02f237708fc67b29f6f4e2ba98f2ef5af248d48b979e000a2091a742ef3fa0df,a7253d33bf8c1c6df5e2238eb8f16cc429bda3f519bf39f8881cea989b171f6b,f9f6af1c1217a118b14ac76eddf5bae4080e461eba43ad350d0bb98f2695eeee,TRUE
Mexico,WHO,42,GRU_CONTROLLED_ALTERNATIVE,VALID_COMPLETE,76,0.20402581989765167,experiment://TP2M5B/outputs/gru_receiver_bank/seed_42/who/mexico/w05/checkpoint.weights.h5,354a9b88a3e730274a0e436c6c1ff1401f61b9a6203df5f5a43912847cd8c4cc,6ea702ba1240fd341ee35b84f7c5607b1e44854b7de13e25309fc94beac1518f,02f237708fc67b29f6f4e2ba98f2ef5af248d48b979e000a2091a742ef3fa0df,a7253d33bf8c1c6df5e2238eb8f16cc429bda3f519bf39f8881cea989b171f6b,f9f6af1c1217a118b14ac76eddf5bae4080e461eba43ad350d0bb98f2695eeee,TRUE
Mongolia,WHO,42,GRU_CONTROLLED_ALTERNATIVE,VALID_COMPLETE,35,1.2777925729751587,experiment://TP2M5B/outputs/gru_receiver_bank/seed_42/who/mongolia/w05/checkpoint.weights.h5,d8727a93ba1d2215ae1647aefdb16ee5ea0fb8846fda1472c767e4a952bf20aa,611d4e987da2b8fa2f4ee1a5de3cb0c576d695731b2593db2d029e92454beccf,02f237708fc67b29f6f4e2ba98f2ef5af248d48b979e000a2091a742ef3fa0df,a7253d33bf8c1c6df5e2238eb8f16cc429bda3f519bf39f8881cea989b171f6b,f9f6af1c1217a118b14ac76eddf5bae4080e461eba43ad350d0bb98f2695eeee,TRUE
Myanmar,WHO,42,GRU_CONTROLLED_ALTERNATIVE,VALID_COMPLETE,31,0.9283629059791565,experiment://TP2M5B/outputs/gru_receiver_bank/seed_42/who/myanmar/w05/checkpoint.weights.h5,945b9ed75a1e8482336693d571636ecb084cea3f31c8ac5a53f1dd06262cd724,9110df67d4a0f0e1a40b36fb77b479c1947f8b133c1c4e0b51a93b5735a23370,02f237708fc67b29f6f4e2ba98f2ef5af248d48b979e000a2091a742ef3fa0df,a7253d33bf8c1c6df5e2238eb8f16cc429bda3f519bf39f8881cea989b171f6b,f9f6af1c1217a118b14ac76eddf5bae4080e461eba43ad350d0bb98f2695eeee,TRUE
Nepal,WHO,42,GRU_CONTROLLED_ALTERNATIVE,VALID_COMPLETE,12,1.2503869533538818,experiment://TP2M5B/outputs/gru_receiver_bank/seed_42/who/nepal/w05/checkpoint.weights.h5,cb03ff9c49bd55590128f97290939e20e4b27d08e8462078b4bbdd7eec9e1a61,0e5b62d8c294cba9541bdbcf51c331bceea7b241866242c684ca5cf11aa230f5,02f237708fc67b29f6f4e2ba98f2ef5af248d48b979e000a2091a742ef3fa0df,a7253d33bf8c1c6df5e2238eb8f16cc429bda3f519bf39f8881cea989b171f6b,f9f6af1c1217a118b14ac76eddf5bae4080e461eba43ad350d0bb98f2695eeee,TRUE
New Caledonia,WHO,42,GRU_CONTROLLED_ALTERNATIVE,VALID_COMPLETE,1,5.7705488204956055,experiment://TP2M5B/outputs/gru_receiver_bank/seed_42/who/new_caledonia/w05/checkpoint.weights.h5,99bcf74806fb0f7405cd5a936e3aa58d12d9bf9520406e6fabc3118a39e9088c,02cde8c63c16a59113c17c36a317bd7a373f7da970f3ccb154b166ad33c54bf9,02f237708fc67b29f6f4e2ba98f2ef5af248d48b979e000a2091a742ef3fa0df,a7253d33bf8c1c6df5e2238eb8f16cc429bda3f519bf39f8881cea989b171f6b,f9f6af1c1217a118b14ac76eddf5bae4080e461eba43ad350d0bb98f2695eeee,TRUE
New Zealand,WHO,42,GRU_CONTROLLED_ALTERNATIVE,VALID_COMPLETE,1,1.480368733406067,experiment://TP2M5B/outputs/gru_receiver_bank/seed_42/who/new_zealand/w05/checkpoint.weights.h5,6b4faf6689af2c53a5ec50e78e43c46f5a8422ec3f493c5c5d0f4a1db2834af2,fdd70cd8cac3868670ca80c1249e99dd9fece1fe28d36e5c670e81218e05f177,02f237708fc67b29f6f4e2ba98f2ef5af248d48b979e000a2091a742ef3fa0df,a7253d33bf8c1c6df5e2238eb8f16cc429bda3f519bf39f8881cea989b171f6b,f9f6af1c1217a118b14ac76eddf5bae4080e461eba43ad350d0bb98f2695eeee,TRUE
Northern Mariana Islands,WHO,42,GRU_CONTROLLED_ALTERNATIVE,VALID_COMPLETE,1,13.137316703796387,experiment://TP2M5B/outputs/gru_receiver_bank/seed_42/who/northern_mariana_islands/w05/checkpoint.weights.h5,c08c3b2fe229f76c5990c14b0cb46b6542128f1e1d53660cee84179fe7d248be,89e188ec973b6226bf3fb75bd3cfd35d0c206b93ae610b86737865ada107200c,02f237708fc67b29f6f4e2ba98f2ef5af248d48b979e000a2091a742ef3fa0df,a7253d33bf8c1c6df5e2238eb8f16cc429bda3f519bf39f8881cea989b171f6b,f9f6af1c1217a118b14ac76eddf5bae4080e461eba43ad350d0bb98f2695eeee,TRUE
Palau,WHO,42,GRU_CONTROLLED_ALTERNATIVE,VALID_COMPLETE,25,1.0129217571375193e-06,experiment://TP2M5B/outputs/gru_receiver_bank/seed_42/who/palau/w05/checkpoint.weights.h5,fb2cc89ecc2a2a1c29424deb90a0a32dd299de3ddb36b10cf2cf662b3b0a2349,59aaaa547ba8180c4de6674313f03341c6584bcbe50315b649b694804ab8c732,02f237708fc67b29f6f4e2ba98f2ef5af248d48b979e000a2091a742ef3fa0df,a7253d33bf8c1c6df5e2238eb8f16cc429bda3f519bf39f8881cea989b171f6b,f9f6af1c1217a118b14ac76eddf5bae4080e461eba43ad350d0bb98f2695eeee,TRUE
Papua New Guinea,WHO,42,GRU_CONTROLLED_ALTERNATIVE,VALID_COMPLETE,2,2.0398614406585693,experiment://TP2M5B/outputs/gru_receiver_bank/seed_42/who/papua_new_guinea/w05/checkpoint.weights.h5,4171cf3a0b1bfcc9c2800e7ca81a6167aa6e94788b220d9a8884e4e9992f3595,7173bce13ed3fc51c1a275e48ecf46b22a7e8f4e2f99d36fd2a0672bdeda7a97,02f237708fc67b29f6f4e2ba98f2ef5af248d48b979e000a2091a742ef3fa0df,a7253d33bf8c1c6df5e2238eb8f16cc429bda3f519bf39f8881cea989b171f6b,f9f6af1c1217a118b14ac76eddf5bae4080e461eba43ad350d0bb98f2695eeee,TRUE
Philippines,WHO,42,GRU_CONTROLLED_ALTERNATIVE,VALID_COMPLETE,8,2.636359930038452,experiment://TP2M5B/outputs/gru_receiver_bank/seed_42/who/philippines/w05/checkpoint.weights.h5,eb8ac00cedb2468a3dc53f37d1b8def45b60415c7288b1f8edbc37ac82f7609f,3e18781fcc850d88ff02d40842969f921e916134dc5db2fff0701ce810254a40,02f237708fc67b29f6f4e2ba98f2ef5af248d48b979e000a2091a742ef3fa0df,a7253d33bf8c1c6df5e2238eb8f16cc429bda3f519bf39f8881cea989b171f6b,f9f6af1c1217a118b14ac76eddf5bae4080e461eba43ad350d0bb98f2695eeee,TRUE
Singapore,WHO,42,GRU_CONTROLLED_ALTERNATIVE,VALID_COMPLETE,1,1.742798924446106,experiment://TP2M5B/outputs/gru_receiver_bank/seed_42/who/singapore/w05/checkpoint.weights.h5,de6135ef37fc5185f581145b7bc920a6f9d82efb8157b6ecd650e8febbef4cab,2a7dae2c398107821595f8b335d76f612b3320ebe71385c44f332ec8ea850eda,02f237708fc67b29f6f4e2ba98f2ef5af248d48b979e000a2091a742ef3fa0df,a7253d33bf8c1c6df5e2238eb8f16cc429bda3f519bf39f8881cea989b171f6b,f9f6af1c1217a118b14ac76eddf5bae4080e461eba43ad350d0bb98f2695eeee,TRUE
Sri Lanka,WHO,42,GRU_CONTROLLED_ALTERNATIVE,VALID_COMPLETE,38,102.13947296142578,experiment://TP2M5B/outputs/gru_receiver_bank/seed_42/who/sri_lanka/w05/checkpoint.weights.h5,5172c90f29560a16bbf79c757fe20f2e1d073f3de8c524a9b4d6fc6e4e856621,2f5e7f06d1b58e06d0b27c13ca8a2437ef419dcac494cdefe814dac2df60cc05,02f237708fc67b29f6f4e2ba98f2ef5af248d48b979e000a2091a742ef3fa0df,a7253d33bf8c1c6df5e2238eb8f16cc429bda3f519bf39f8881cea989b171f6b,f9f6af1c1217a118b14ac76eddf5bae4080e461eba43ad350d0bb98f2695eeee,TRUE
Switzerland,WHO,42,GRU_CONTROLLED_ALTERNATIVE,VALID_COMPLETE,36,0.10664665699005127,experiment://TP2M5B/outputs/gru_receiver_bank/seed_42/who/switzerland/w05/checkpoint.weights.h5,9454bf052462b58849bc0bb491019712448e1d27c89ab8ad5e383f7852100868,b33adb68820bae9da988fd6929216ca43a8a755ff767eb786e091cd6f43fa191,02f237708fc67b29f6f4e2ba98f2ef5af248d48b979e000a2091a742ef3fa0df,a7253d33bf8c1c6df5e2238eb8f16cc429bda3f519bf39f8881cea989b171f6b,f9f6af1c1217a118b14ac76eddf5bae4080e461eba43ad350d0bb98f2695eeee,TRUE
Thailand,WHO,42,GRU_CONTROLLED_ALTERNATIVE,VALID_COMPLETE,5,2.0209574699401855,experiment://TP2M5B/outputs/gru_receiver_bank/seed_42/who/thailand/w05/checkpoint.weights.h5,6fb73d8f722351deab380f3ad6c710c1082ea0644fb4acdc9211491cbb6e6fec,14d7568f9bf1570bc3717ef96af5e7ce7ebec26daab4887bcf301ffd0a86df13,02f237708fc67b29f6f4e2ba98f2ef5af248d48b979e000a2091a742ef3fa0df,a7253d33bf8c1c6df5e2238eb8f16cc429bda3f519bf39f8881cea989b171f6b,f9f6af1c1217a118b14ac76eddf5bae4080e461eba43ad350d0bb98f2695eeee,TRUE
Timor-Leste,WHO,42,GRU_CONTROLLED_ALTERNATIVE,VALID_COMPLETE,2,1.4426573514938354,experiment://TP2M5B/outputs/gru_receiver_bank/seed_42/who/timor_leste/w05/checkpoint.weights.h5,d5d96fa8b576e56b8faaed1ee97e329f9aecfac66c49aeb68298dfafd932759b,1d4a29e9db90c718103950e36b1543b605779c9cd6a4f7d4cad003451fcfc83c,02f237708fc67b29f6f4e2ba98f2ef5af248d48b979e000a2091a742ef3fa0df,a7253d33bf8c1c6df5e2238eb8f16cc429bda3f519bf39f8881cea989b171f6b,f9f6af1c1217a118b14ac76eddf5bae4080e461eba43ad350d0bb98f2695eeee,TRUE
United Kingdom of Great Britain and Northern Ireland,WHO,42,GRU_CONTROLLED_ALTERNATIVE,VALID_COMPLETE,29,0.12060872465372086,experiment://TP2M5B/outputs/gru_receiver_bank/seed_42/who/united_kingdom_of_great_britain_and_northern_ireland/w05/checkpoint.weights.h5,d841c0ff5b162893dae10b1baa56f4dc8b5b6e3377137d8b6100eee2d2c34613,a3c4fc75d2e8a6858cce7c22c7b9f4bd159357fd6a635e999f8fcc2360203c4e,02f237708fc67b29f6f4e2ba98f2ef5af248d48b979e000a2091a742ef3fa0df,a7253d33bf8c1c6df5e2238eb8f16cc429bda3f519bf39f8881cea989b171f6b,f9f6af1c1217a118b14ac76eddf5bae4080e461eba43ad350d0bb98f2695eeee,TRUE
Vanuatu,WHO,42,GRU_CONTROLLED_ALTERNATIVE,VALID_COMPLETE,1,0.29573896527290344,experiment://TP2M5B/outputs/gru_receiver_bank/seed_42/who/vanuatu/w05/checkpoint.weights.h5,e054d817bb391b3ea95ac984cdadbc956ee9d88b69a7694630668e77cdc3e70a,1b5ea322b65bf3fc2945a30ab62e2bb07843758e85fc786752a50b4650ca0d86,02f237708fc67b29f6f4e2ba98f2ef5af248d48b979e000a2091a742ef3fa0df,a7253d33bf8c1c6df5e2238eb8f16cc429bda3f519bf39f8881cea989b171f6b,f9f6af1c1217a118b14ac76eddf5bae4080e461eba43ad350d0bb98f2695eeee,TRUE
Viet Nam,WHO,42,GRU_CONTROLLED_ALTERNATIVE,VALID_COMPLETE,100,283.53216552734375,experiment://TP2M5B/outputs/gru_receiver_bank/seed_42/who/viet_nam/w05/checkpoint.weights.h5,a9a02a72a19d0bef822859d635235c6e970b1f90a47f018bfca9f37c0c5b60ec,ed5f395f6be0ec5f52779765df48e52a60ef9f0ab9c6bc1d555e5feb70e1cbe5,02f237708fc67b29f6f4e2ba98f2ef5af248d48b979e000a2091a742ef3fa0df,a7253d33bf8c1c6df5e2238eb8f16cc429bda3f519bf39f8881cea989b171f6b,f9f6af1c1217a118b14ac76eddf5bae4080e461eba43ad350d0bb98f2695eeee,TRUE
T7,Electricity,42,GRU_CONTROLLED_ALTERNATIVE,VALID_COMPLETE,18,0.5488190054893494,experiment://TP2M5B/outputs/gru_receiver_bank/seed_42/electricity/t7/w05/checkpoint.weights.h5,7531002ecaa9930dd399a7d3e052917afbc9c012e504c5fda64d85dd893a7964,a3c7a9885a710d90b4d18ac0da37704d153c1807464c3eef7dad581036e5a2ac,02f237708fc67b29f6f4e2ba98f2ef5af248d48b979e000a2091a742ef3fa0df,a7253d33bf8c1c6df5e2238eb8f16cc429bda3f519bf39f8881cea989b171f6b,4873492cb3855b713f236a79dea581dc3be320cd1613187eacddffd4bb179c70,TRUE
T314,Electricity,42,GRU_CONTROLLED_ALTERNATIVE,VALID_COMPLETE,21,2.7778546810150146,experiment://TP2M5B/outputs/gru_receiver_bank/seed_42/electricity/t314/w05/checkpoint.weights.h5,86d2db017dc14aef0d3d8dccfad095b0841111ef13bac8df43c4ec278dc46896,e32fcff71fb062ae0d948cfd0e129f4fa5ff6a7ede3402349a91b826c4ca01e6,02f237708fc67b29f6f4e2ba98f2ef5af248d48b979e000a2091a742ef3fa0df,a7253d33bf8c1c6df5e2238eb8f16cc429bda3f519bf39f8881cea989b171f6b,4873492cb3855b713f236a79dea581dc3be320cd1613187eacddffd4bb179c70,TRUE
T118,Electricity,42,GRU_CONTROLLED_ALTERNATIVE,VALID_COMPLETE,26,0.5943904519081116,experiment://TP2M5B/outputs/gru_receiver_bank/seed_42/electricity/t118/w05/checkpoint.weights.h5,8f1412c258e02be21ebea7d0d505da78dc563ca7e8eb75acf6123f3e13093def,c0132231db0288ef0d8e2ff147c1a59269128510beeafc3540c7d8e41805f5df,02f237708fc67b29f6f4e2ba98f2ef5af248d48b979e000a2091a742ef3fa0df,a7253d33bf8c1c6df5e2238eb8f16cc429bda3f519bf39f8881cea989b171f6b,4873492cb3855b713f236a79dea581dc3be320cd1613187eacddffd4bb179c70,TRUE
T108,Electricity,42,GRU_CONTROLLED_ALTERNATIVE,VALID_COMPLETE,12,0.21808743476867676,experiment://TP2M5B/outputs/gru_receiver_bank/seed_42/electricity/t108/w05/checkpoint.weights.h5,0c4a87c0156f19a3996d9ba9bfdae22219da5259ecfac63768c627b1a4b56312,73a2a9e860dad70c75c81df298a1343bfa8bf1c5470a161c2b2827f446f774e0,02f237708fc67b29f6f4e2ba98f2ef5af248d48b979e000a2091a742ef3fa0df,a7253d33bf8c1c6df5e2238eb8f16cc429bda3f519bf39f8881cea989b171f6b,4873492cb3855b713f236a79dea581dc3be320cd1613187eacddffd4bb179c70,TRUE
T84,Electricity,42,GRU_CONTROLLED_ALTERNATIVE,VALID_COMPLETE,17,0.5318445563316345,experiment://TP2M5B/outputs/gru_receiver_bank/seed_42/electricity/t84/w05/checkpoint.weights.h5,3b44b76ad13d7f70c74afad9d060ee1badc4cad3301eeda651543ed698cd4a1e,9af059580dab7067f3065026272eea3d02a35038a6c194b09a1b729695a1f480,02f237708fc67b29f6f4e2ba98f2ef5af248d48b979e000a2091a742ef3fa0df,a7253d33bf8c1c6df5e2238eb8f16cc429bda3f519bf39f8881cea989b171f6b,4873492cb3855b713f236a79dea581dc3be320cd1613187eacddffd4bb179c70,TRUE
T106,Electricity,42,GRU_CONTROLLED_ALTERNATIVE,VALID_COMPLETE,23,0.3252883553504944,experiment://TP2M5B/outputs/gru_receiver_bank/seed_42/electricity/t106/w05/checkpoint.weights.h5,9d79eda37ca1877c4253cb6a36408b21397a630027680c6167e63d69f19f878c,0c05f39ff3783232f7d907f968921c2c543c728d0eb36d8ddaa98d53b082791b,02f237708fc67b29f6f4e2ba98f2ef5af248d48b979e000a2091a742ef3fa0df,a7253d33bf8c1c6df5e2238eb8f16cc429bda3f519bf39f8881cea989b171f6b,4873492cb3855b713f236a79dea581dc3be320cd1613187eacddffd4bb179c70,TRUE
T318,Electricity,42,GRU_CONTROLLED_ALTERNATIVE,VALID_COMPLETE,26,0.2974875271320343,experiment://TP2M5B/outputs/gru_receiver_bank/seed_42/electricity/t318/w05/checkpoint.weights.h5,4ebc73b8d4a77ba08d129bd2bf93674be01d767c4a649d8d62d34fce4ce99384,b12f2516a3873a131ba0d3831911a4543b403a419b6cd40d5453dec41ad6ae5f,02f237708fc67b29f6f4e2ba98f2ef5af248d48b979e000a2091a742ef3fa0df,a7253d33bf8c1c6df5e2238eb8f16cc429bda3f519bf39f8881cea989b171f6b,4873492cb3855b713f236a79dea581dc3be320cd1613187eacddffd4bb179c70,TRUE
T82,Electricity,42,GRU_CONTROLLED_ALTERNATIVE,VALID_COMPLETE,25,0.30504798889160156,experiment://TP2M5B/outputs/gru_receiver_bank/seed_42/electricity/t82/w05/checkpoint.weights.h5,735c785fc4a1ff28bccefe2bcc09cbf2d2a4623a0230d1efcf776aa5cc946c45,61ad31347bd586edf6bd6c52f3393e69441a6266993569ed66e3261fd4b948d1,02f237708fc67b29f6f4e2ba98f2ef5af248d48b979e000a2091a742ef3fa0df,a7253d33bf8c1c6df5e2238eb8f16cc429bda3f519bf39f8881cea989b171f6b,4873492cb3855b713f236a79dea581dc3be320cd1613187eacddffd4bb179c70,TRUE
T128,Electricity,42,GRU_CONTROLLED_ALTERNATIVE,VALID_COMPLETE,21,0.1473555564880371,experiment://TP2M5B/outputs/gru_receiver_bank/seed_42/electricity/t128/w05/checkpoint.weights.h5,36394dea904818cd650fb2df1e999e924f7cba702ded5b1d6eadb3331b1705bd,aa07ce0b806d0be82fd8851a5e27d66c6cda5a344722ff72ed28375446bc0bb9,02f237708fc67b29f6f4e2ba98f2ef5af248d48b979e000a2091a742ef3fa0df,a7253d33bf8c1c6df5e2238eb8f16cc429bda3f519bf39f8881cea989b171f6b,4873492cb3855b713f236a79dea581dc3be320cd1613187eacddffd4bb179c70,TRUE
T129,Electricity,42,GRU_CONTROLLED_ALTERNATIVE,VALID_COMPLETE,25,0.341840535402298,experiment://TP2M5B/outputs/gru_receiver_bank/seed_42/electricity/t129/w05/checkpoint.weights.h5,f0682ebd56624973ac2acf9ade98efd85f1ab0d43e7dc7b5ad6cda0d441d97c1,7e0478da792dfab16bc51583f32702628f4e5c5f425e31dd5804919c1084dd6e,02f237708fc67b29f6f4e2ba98f2ef5af248d48b979e000a2091a742ef3fa0df,a7253d33bf8c1c6df5e2238eb8f16cc429bda3f519bf39f8881cea989b171f6b,4873492cb3855b713f236a79dea581dc3be320cd1613187eacddffd4bb179c70,TRUE
T104,Electricity,42,GRU_CONTROLLED_ALTERNATIVE,VALID_COMPLETE,18,0.05692087858915329,experiment://TP2M5B/outputs/gru_receiver_bank/seed_42/electricity/t104/w05/checkpoint.weights.h5,0c6b3b9e016d46408b55b614f683d5d3c4ebeac24e69e6db5d873463e797bfeb,a422acaa74b1a5b1114d18ec79e300666849926279cc945b75479f50fb6167c0,02f237708fc67b29f6f4e2ba98f2ef5af248d48b979e000a2091a742ef3fa0df,a7253d33bf8c1c6df5e2238eb8f16cc429bda3f519bf39f8881cea989b171f6b,4873492cb3855b713f236a79dea581dc3be320cd1613187eacddffd4bb179c70,TRUE
T85,Electricity,42,GRU_CONTROLLED_ALTERNATIVE,VALID_COMPLETE,23,0.8815687894821167,experiment://TP2M5B/outputs/gru_receiver_bank/seed_42/electricity/t85/w05/checkpoint.weights.h5,04e2f7e963c3c24509b7694c1f23a3ad9ccbb0b4bcbbac5bb399b32b07374fad,4007cf8dd64a5426bd903b0e95f5af8a34d05afa762a2d96ad195468d82e86c7,02f237708fc67b29f6f4e2ba98f2ef5af248d48b979e000a2091a742ef3fa0df,a7253d33bf8c1c6df5e2238eb8f16cc429bda3f519bf39f8881cea989b171f6b,4873492cb3855b713f236a79dea581dc3be320cd1613187eacddffd4bb179c70,TRUE
T86,Electricity,42,GRU_CONTROLLED_ALTERNATIVE,VALID_COMPLETE,42,0.044742755591869354,experiment://TP2M5B/outputs/gru_receiver_bank/seed_42/electricity/t86/w05/checkpoint.weights.h5,f70db9a9d9230d5054dfe7a1a042c9878eb5fcc2928ff3467bf2454fa93c6c19,93e748c8add035a5848ae2fff27bbe309273c991d536c46945aa80d1155b9a6b,02f237708fc67b29f6f4e2ba98f2ef5af248d48b979e000a2091a742ef3fa0df,a7253d33bf8c1c6df5e2238eb8f16cc429bda3f519bf39f8881cea989b171f6b,4873492cb3855b713f236a79dea581dc3be320cd1613187eacddffd4bb179c70,TRUE
T135,Electricity,42,GRU_CONTROLLED_ALTERNATIVE,VALID_COMPLETE,47,0.05523068085312843,experiment://TP2M5B/outputs/gru_receiver_bank/seed_42/electricity/t135/w05/checkpoint.weights.h5,073290f14d790280451ddd7d42839b5dd4323c27b655068e9687b6204b937db9,2d1b64bb5e92fb851d3e051ae62f08c594eff4506a5a96270e248ae12e59da4f,02f237708fc67b29f6f4e2ba98f2ef5af248d48b979e000a2091a742ef3fa0df,a7253d33bf8c1c6df5e2238eb8f16cc429bda3f519bf39f8881cea989b171f6b,4873492cb3855b713f236a79dea581dc3be320cd1613187eacddffd4bb179c70,TRUE
T144,Electricity,42,GRU_CONTROLLED_ALTERNATIVE,VALID_COMPLETE,14,1.065726399421692,experiment://TP2M5B/outputs/gru_receiver_bank/seed_42/electricity/t144/w05/checkpoint.weights.h5,1755d3ece938cdc5dd2b76be74edd5c950c66f6d05f16bc99d27fd4e3ae61a91,109a251457602d587c4fe671f7ac414bcd50177565afe041239c13a839b0a80d,02f237708fc67b29f6f4e2ba98f2ef5af248d48b979e000a2091a742ef3fa0df,a7253d33bf8c1c6df5e2238eb8f16cc429bda3f519bf39f8881cea989b171f6b,4873492cb3855b713f236a79dea581dc3be320cd1613187eacddffd4bb179c70,TRUE
T20,Electricity,42,GRU_CONTROLLED_ALTERNATIVE,VALID_COMPLETE,16,0.38579171895980835,experiment://TP2M5B/outputs/gru_receiver_bank/seed_42/electricity/t20/w05/checkpoint.weights.h5,cd408eaae54470d731c781e7c10cf3aa01db83c35fb26f7b9e3ff740c0bb7c76,ccb91e63fbe5e1c6125ff76ad5bdd410b763a5c38002a41687b75b3a3df501af,02f237708fc67b29f6f4e2ba98f2ef5af248d48b979e000a2091a742ef3fa0df,a7253d33bf8c1c6df5e2238eb8f16cc429bda3f519bf39f8881cea989b171f6b,4873492cb3855b713f236a79dea581dc3be320cd1613187eacddffd4bb179c70,TRUE
T234,Electricity,42,GRU_CONTROLLED_ALTERNATIVE,VALID_COMPLETE,20,1.5370084047317505,experiment://TP2M5B/outputs/gru_receiver_bank/seed_42/electricity/t234/w05/checkpoint.weights.h5,7b3adb4b1691e3a640d8668d7aee98bd6e47b2521220e26ea6623387aafb04b4,072a05fd0d398360e85d6d8e992a1e3efd2283939327b25f6367458ec6a6c228,02f237708fc67b29f6f4e2ba98f2ef5af248d48b979e000a2091a742ef3fa0df,a7253d33bf8c1c6df5e2238eb8f16cc429bda3f519bf39f8881cea989b171f6b,4873492cb3855b713f236a79dea581dc3be320cd1613187eacddffd4bb179c70,TRUE
T115,Electricity,42,GRU_CONTROLLED_ALTERNATIVE,VALID_COMPLETE,19,43.357421875,experiment://TP2M5B/outputs/gru_receiver_bank/seed_42/electricity/t115/w05/checkpoint.weights.h5,63c6fed00381ae3459ebdaf07f2bf32699f727039a16022839cefbed383ab970,899f7b28424bd64182b669b6dce1e3a91c6810ac7e85f15039c4e8505a6b1619,02f237708fc67b29f6f4e2ba98f2ef5af248d48b979e000a2091a742ef3fa0df,a7253d33bf8c1c6df5e2238eb8f16cc429bda3f519bf39f8881cea989b171f6b,4873492cb3855b713f236a79dea581dc3be320cd1613187eacddffd4bb179c70,TRUE
T3,Electricity,42,GRU_CONTROLLED_ALTERNATIVE,VALID_COMPLETE,1,2.9606800079345703,experiment://TP2M5B/outputs/gru_receiver_bank/seed_42/electricity/t3/w05/checkpoint.weights.h5,c4de7df2c348dbff3af166706e2ce5fbaf938f9ab76145a1c9e0b8987fa3806c,61372f9ee4e672826f56b01fa91a2742d28abccd1885bdab69191a435798064d,02f237708fc67b29f6f4e2ba98f2ef5af248d48b979e000a2091a742ef3fa0df,a7253d33bf8c1c6df5e2238eb8f16cc429bda3f519bf39f8881cea989b171f6b,4873492cb3855b713f236a79dea581dc3be320cd1613187eacddffd4bb179c70,TRUE
T30,Electricity,42,GRU_CONTROLLED_ALTERNATIVE,VALID_COMPLETE,10,0.4668426513671875,experiment://TP2M5B/outputs/gru_receiver_bank/seed_42/electricity/t30/w05/checkpoint.weights.h5,6926a2dcaa597e0ea75297ec6bbaed312939866f9cda6cc0850004a5beb5d1f3,19ec0a31cdaac1e7dc921107a1f56bb6e442a0c3685f2b75d9ce8eb7f559c403,02f237708fc67b29f6f4e2ba98f2ef5af248d48b979e000a2091a742ef3fa0df,a7253d33bf8c1c6df5e2238eb8f16cc429bda3f519bf39f8881cea989b171f6b,4873492cb3855b713f236a79dea581dc3be320cd1613187eacddffd4bb179c70,TRUE
T208,Electricity,42,GRU_CONTROLLED_ALTERNATIVE,VALID_COMPLETE,1,3.9743995666503906,experiment://TP2M5B/outputs/gru_receiver_bank/seed_42/electricity/t208/w05/checkpoint.weights.h5,06ae05f5295ac3be41ec4e286272e0c7a0a01c248cee76ccfacd01ef12f401de,09bb74f0c7ecf28072cd5ce01b52dfe3b29ea54ef5f57f45ad8998886881dd03,02f237708fc67b29f6f4e2ba98f2ef5af248d48b979e000a2091a742ef3fa0df,a7253d33bf8c1c6df5e2238eb8f16cc429bda3f519bf39f8881cea989b171f6b,4873492cb3855b713f236a79dea581dc3be320cd1613187eacddffd4bb179c70,TRUE
T316,Electricity,42,GRU_CONTROLLED_ALTERNATIVE,VALID_COMPLETE,1,1.4786546230316162,experiment://TP2M5B/outputs/gru_receiver_bank/seed_42/electricity/t316/w05/checkpoint.weights.h5,29f7ce15ced1ad13e57d35f49624b74100adf96030c248694bca8be6d680a40d,4c31d75d326551576868b2c6d964fc883f70a0aa622509588e0b013bf0692a02,02f237708fc67b29f6f4e2ba98f2ef5af248d48b979e000a2091a742ef3fa0df,a7253d33bf8c1c6df5e2238eb8f16cc429bda3f519bf39f8881cea989b171f6b,4873492cb3855b713f236a79dea581dc3be320cd1613187eacddffd4bb179c70,TRUE
T249,Electricity,42,GRU_CONTROLLED_ALTERNATIVE,VALID_COMPLETE,8,0.7161914110183716,experiment://TP2M5B/outputs/gru_receiver_bank/seed_42/electricity/t249/w05/checkpoint.weights.h5,bc9c7c082667cd2b761e7c5a5a44d99c88ed617db43e851aa3183c8e1abb9fcf,04b0c6710a6679809bf4e419b92de43a60efdbf2a9c01ae98786c4726de23dfb,02f237708fc67b29f6f4e2ba98f2ef5af248d48b979e000a2091a742ef3fa0df,a7253d33bf8c1c6df5e2238eb8f16cc429bda3f519bf39f8881cea989b171f6b,4873492cb3855b713f236a79dea581dc3be320cd1613187eacddffd4bb179c70,TRUE
T133,Electricity,42,GRU_CONTROLLED_ALTERNATIVE,VALID_COMPLETE,6,0.16017605364322662,experiment://TP2M5B/outputs/gru_receiver_bank/seed_42/electricity/t133/w05/checkpoint.weights.h5,2a52744db159f006c026bb3cadc5ee6e90849fc3d3f01598e078e4aab86af568,0258979c301d0734e341f261aa027e1ed21363f7357f52e6412023b81e5f672c,02f237708fc67b29f6f4e2ba98f2ef5af248d48b979e000a2091a742ef3fa0df,a7253d33bf8c1c6df5e2238eb8f16cc429bda3f519bf39f8881cea989b171f6b,4873492cb3855b713f236a79dea581dc3be320cd1613187eacddffd4bb179c70,TRUE
T224,Electricity,42,GRU_CONTROLLED_ALTERNATIVE,VALID_COMPLETE,4,1.684609293937683,experiment://TP2M5B/outputs/gru_receiver_bank/seed_42/electricity/t224/w05/checkpoint.weights.h5,8d29a05ab7ce628b8200c3310aad2a5b7ab8d6813973b66edd4f96287822250c,ce65d0980f694aa540b9efbfea1b4365e667b49afc05806f5baa1af01ab2f46d,02f237708fc67b29f6f4e2ba98f2ef5af248d48b979e000a2091a742ef3fa0df,a7253d33bf8c1c6df5e2238eb8f16cc429bda3f519bf39f8881cea989b171f6b,4873492cb3855b713f236a79dea581dc3be320cd1613187eacddffd4bb179c70,TRUE
T11,Electricity,42,GRU_CONTROLLED_ALTERNATIVE,VALID_COMPLETE,30,1.047573447227478,experiment://TP2M5B/outputs/gru_receiver_bank/seed_42/electricity/t11/w05/checkpoint.weights.h5,327c4b99100635bdfad4b456dbec2964292c06cc4818f6e403370732cb76551c,a0a0bc181226197375d936ab1ad903f735a9c98fd5fe738163585021a6741bf6,02f237708fc67b29f6f4e2ba98f2ef5af248d48b979e000a2091a742ef3fa0df,a7253d33bf8c1c6df5e2238eb8f16cc429bda3f519bf39f8881cea989b171f6b,4873492cb3855b713f236a79dea581dc3be320cd1613187eacddffd4bb179c70,TRUE
T125,Electricity,42,GRU_CONTROLLED_ALTERNATIVE,VALID_COMPLETE,42,0.045411039143800735,experiment://TP2M5B/outputs/gru_receiver_bank/seed_42/electricity/t125/w05/checkpoint.weights.h5,649c4edcb7f0769ce267a621d67177009557475e3be7622155a2fb327a9f7983,d3ec8741df73cb6669edc2d00192dbf2ab9294c0c913fd0e1db5275a4458275b,02f237708fc67b29f6f4e2ba98f2ef5af248d48b979e000a2091a742ef3fa0df,a7253d33bf8c1c6df5e2238eb8f16cc429bda3f519bf39f8881cea989b171f6b,4873492cb3855b713f236a79dea581dc3be320cd1613187eacddffd4bb179c70,TRUE
T26,Electricity,42,GRU_CONTROLLED_ALTERNATIVE,VALID_COMPLETE,19,0.06547459214925766,experiment://TP2M5B/outputs/gru_receiver_bank/seed_42/electricity/t26/w05/checkpoint.weights.h5,14080263e152669aa47d1591cbf62dcb99f503fb5097685b184e5252bdd924af,69a2748755e051e567375201f8b16d62b81c68ea93b78167fb792f722fda02ed,02f237708fc67b29f6f4e2ba98f2ef5af248d48b979e000a2091a742ef3fa0df,a7253d33bf8c1c6df5e2238eb8f16cc429bda3f519bf39f8881cea989b171f6b,4873492cb3855b713f236a79dea581dc3be320cd1613187eacddffd4bb179c70,TRUE
T2,Electricity,42,GRU_CONTROLLED_ALTERNATIVE,VALID_COMPLETE,7,5.577319622039795,experiment://TP2M5B/outputs/gru_receiver_bank/seed_42/electricity/t2/w05/checkpoint.weights.h5,2e6b3341c9c58c69e02a8ce3d441c3cd8cb90ae100c29d162e82aeafd8dec498,2b704994105f637b9fa86e91d14eb871fedd374193069a9dda89899f5c3313ab,02f237708fc67b29f6f4e2ba98f2ef5af248d48b979e000a2091a742ef3fa0df,a7253d33bf8c1c6df5e2238eb8f16cc429bda3f519bf39f8881cea989b171f6b,4873492cb3855b713f236a79dea581dc3be320cd1613187eacddffd4bb179c70,TRUE
T95,Electricity,42,GRU_CONTROLLED_ALTERNATIVE,VALID_COMPLETE,5,1.2771044969558716,experiment://TP2M5B/outputs/gru_receiver_bank/seed_42/electricity/t95/w05/checkpoint.weights.h5,50630a57fbc0516730bd0f5c137aed003c9dc819c66d0b0f10b9f81603b7d4c6,1f584b8fa995b1909a99f07c9e863bcdfda3cb7c7ee2fc4a3083ea4017b94b51,02f237708fc67b29f6f4e2ba98f2ef5af248d48b979e000a2091a742ef3fa0df,a7253d33bf8c1c6df5e2238eb8f16cc429bda3f519bf39f8881cea989b171f6b,4873492cb3855b713f236a79dea581dc3be320cd1613187eacddffd4bb179c70,TRUE
T100,Electricity,42,GRU_CONTROLLED_ALTERNATIVE,VALID_COMPLETE,11,0.5511289834976196,experiment://TP2M5B/outputs/gru_receiver_bank/seed_42/electricity/t100/w05/checkpoint.weights.h5,219925776f4fab166a7e8be0119da0a5bcc512f454919b05eb13f3bd4b2f5272,c598cab1125992753f7ec8c9178a145d9d56f41f35ceafbdd53b580a9199359b,02f237708fc67b29f6f4e2ba98f2ef5af248d48b979e000a2091a742ef3fa0df,a7253d33bf8c1c6df5e2238eb8f16cc429bda3f519bf39f8881cea989b171f6b,4873492cb3855b713f236a79dea581dc3be320cd1613187eacddffd4bb179c70,TRUE
T107,Electricity,42,GRU_CONTROLLED_ALTERNATIVE,VALID_COMPLETE,69,0.29075199365615845,experiment://TP2M5B/outputs/gru_receiver_bank/seed_42/electricity/t107/w05/checkpoint.weights.h5,5dcc6a9076ca76dcb153c4fe4fcebcfb724a73ac83dd6a424bfef693bba2fca5,7a6d0baaa690f7c3d15c3d546086e5e27b27be55e38733b0b91d162a53a15b59,02f237708fc67b29f6f4e2ba98f2ef5af248d48b979e000a2091a742ef3fa0df,a7253d33bf8c1c6df5e2238eb8f16cc429bda3f519bf39f8881cea989b171f6b,4873492cb3855b713f236a79dea581dc3be320cd1613187eacddffd4bb179c70,TRUE
T1,Electricity,42,GRU_CONTROLLED_ALTERNATIVE,VALID_COMPLETE,1,2.420745372772217,experiment://TP2M5B/outputs/gru_receiver_bank/seed_42/electricity/t1/w05/checkpoint.weights.h5,d9f9ac5b7c80a7b730e69c0e3eee86caa60b5816a589e0b4099c24b0a81ef82b,3176329344686d295488747fae6b6ec98d857f5c6854607a7a1be677fe68bc65,02f237708fc67b29f6f4e2ba98f2ef5af248d48b979e000a2091a742ef3fa0df,a7253d33bf8c1c6df5e2238eb8f16cc429bda3f519bf39f8881cea989b171f6b,4873492cb3855b713f236a79dea581dc3be320cd1613187eacddffd4bb179c70,TRUE
T60,Electricity,42,GRU_CONTROLLED_ALTERNATIVE,VALID_COMPLETE,20,0.3665172755718231,experiment://TP2M5B/outputs/gru_receiver_bank/seed_42/electricity/t60/w05/checkpoint.weights.h5,f88f1853e774d29b024f70d530a10c4340ff60191b2c428c2d778fda3bc024a5,40123ecdc31a2bac1ad0081cf5d668f8f7a400d01301ff816d64032ba4ab0c25,02f237708fc67b29f6f4e2ba98f2ef5af248d48b979e000a2091a742ef3fa0df,a7253d33bf8c1c6df5e2238eb8f16cc429bda3f519bf39f8881cea989b171f6b,4873492cb3855b713f236a79dea581dc3be320cd1613187eacddffd4bb179c70,TRUE
T321,Electricity,42,GRU_CONTROLLED_ALTERNATIVE,VALID_COMPLETE,13,0.36549973487854004,experiment://TP2M5B/outputs/gru_receiver_bank/seed_42/electricity/t321/w05/checkpoint.weights.h5,91d68bd66591b67189ebad13ac8a16828da3e31e4b254c5c5bb26eab6959d321,173a1a3ec987a57d2e76866619c9e9e0e7fd54e7a5222b4038416dfc3b07478a,02f237708fc67b29f6f4e2ba98f2ef5af248d48b979e000a2091a742ef3fa0df,a7253d33bf8c1c6df5e2238eb8f16cc429bda3f519bf39f8881cea989b171f6b,4873492cb3855b713f236a79dea581dc3be320cd1613187eacddffd4bb179c70,TRUE
T237,Electricity,42,GRU_CONTROLLED_ALTERNATIVE,VALID_COMPLETE,14,1.1146777868270874,experiment://TP2M5B/outputs/gru_receiver_bank/seed_42/electricity/t237/w05/checkpoint.weights.h5,f2c7d6afd912479c80e846d6718cd0b648d9c65311b19e6dd4c8a79e648948d8,42564b1fd888a87707ca86d29ac425eb3c27095d5849e5660c689f74f19579f6,02f237708fc67b29f6f4e2ba98f2ef5af248d48b979e000a2091a742ef3fa0df,a7253d33bf8c1c6df5e2238eb8f16cc429bda3f519bf39f8881cea989b171f6b,4873492cb3855b713f236a79dea581dc3be320cd1613187eacddffd4bb179c70,TRUE
T134,Electricity,42,GRU_CONTROLLED_ALTERNATIVE,VALID_COMPLETE,35,0.13421717286109924,experiment://TP2M5B/outputs/gru_receiver_bank/seed_42/electricity/t134/w05/checkpoint.weights.h5,86a3da2cb436367a6441e829b410e0fb969b6b720b5d3fb6718540bee27b7217,f696daaa16a0ede3b8f66332ea331dfc547c8a7945d95457be041e23d21405b0,02f237708fc67b29f6f4e2ba98f2ef5af248d48b979e000a2091a742ef3fa0df,a7253d33bf8c1c6df5e2238eb8f16cc429bda3f519bf39f8881cea989b171f6b,4873492cb3855b713f236a79dea581dc3be320cd1613187eacddffd4bb179c70,TRUE
Kaohsiung City,Dengue,42,GRU_CONTROLLED_ALTERNATIVE,VALID_COMPLETE,2,3.2125260829925537,experiment://TP2M5B/outputs/gru_receiver_bank/seed_42/dengue/kaohsiung_city/w05/checkpoint.weights.h5,12b4af44772837393752dff64898ac677547f816e3cac65ffdd479d97f1e8bd8,bdef52fe776b6b9f4c09580613395039009e08d084e5a39daf712bf2428c1ed6,02f237708fc67b29f6f4e2ba98f2ef5af248d48b979e000a2091a742ef3fa0df,a7253d33bf8c1c6df5e2238eb8f16cc429bda3f519bf39f8881cea989b171f6b,24f09a7ac8f32f9eb5213d809bf1b30c1e0621aaac183337b1c86dc80f5a4a1b,TRUE
New Taipei City,Dengue,42,GRU_CONTROLLED_ALTERNATIVE,VALID_COMPLETE,11,4.257016658782959,experiment://TP2M5B/outputs/gru_receiver_bank/seed_42/dengue/new_taipei_city/w05/checkpoint.weights.h5,99058600def8ec69658aa90a991302bfa52d4ccc1a20a73d68e62e96d54be3b7,415b2a8f201addeef448a64ce1087da230b5b7f2e5ee5a4fe4f5fce7d436a49c,02f237708fc67b29f6f4e2ba98f2ef5af248d48b979e000a2091a742ef3fa0df,a7253d33bf8c1c6df5e2238eb8f16cc429bda3f519bf39f8881cea989b171f6b,24f09a7ac8f32f9eb5213d809bf1b30c1e0621aaac183337b1c86dc80f5a4a1b,TRUE
Pingtung County,Dengue,42,GRU_CONTROLLED_ALTERNATIVE,VALID_COMPLETE,2,1.6655008792877197,experiment://TP2M5B/outputs/gru_receiver_bank/seed_42/dengue/pingtung_county/w05/checkpoint.weights.h5,5f6f84ad82d37be1341c2650ee26d10a6f73bd0a1a6037f28fe13eaa23e4a716,8d59eae021475af4013e47efcadd915492bf363a8dff5745ee451c8f38e5465c,02f237708fc67b29f6f4e2ba98f2ef5af248d48b979e000a2091a742ef3fa0df,a7253d33bf8c1c6df5e2238eb8f16cc429bda3f519bf39f8881cea989b171f6b,24f09a7ac8f32f9eb5213d809bf1b30c1e0621aaac183337b1c86dc80f5a4a1b,TRUE
Taichung City,Dengue,42,GRU_CONTROLLED_ALTERNATIVE,VALID_COMPLETE,1,2.4084906578063965,experiment://TP2M5B/outputs/gru_receiver_bank/seed_42/dengue/taichung_city/w05/checkpoint.weights.h5,71f67a3ca01ecf238947a0f9ba97c33522694698e5f8f5ca6e78ecf2048f6dc0,295aaf3386f83525716ebdce7df5d7592b694a82bcae3871103344fcf3c40608,02f237708fc67b29f6f4e2ba98f2ef5af248d48b979e000a2091a742ef3fa0df,a7253d33bf8c1c6df5e2238eb8f16cc429bda3f519bf39f8881cea989b171f6b,24f09a7ac8f32f9eb5213d809bf1b30c1e0621aaac183337b1c86dc80f5a4a1b,TRUE
Tainan City,Dengue,42,GRU_CONTROLLED_ALTERNATIVE,VALID_COMPLETE,1,1.7547649145126343,experiment://TP2M5B/outputs/gru_receiver_bank/seed_42/dengue/tainan_city/w05/checkpoint.weights.h5,a5a234d6216214b4958a3d52bb33f519f5f17f66fbab11ab63559405d5c7e6c0,23ba980bff0206c52c01ee39cae7e1754d60c6dafefcf33c19c3d71ac72792e3,02f237708fc67b29f6f4e2ba98f2ef5af248d48b979e000a2091a742ef3fa0df,a7253d33bf8c1c6df5e2238eb8f16cc429bda3f519bf39f8881cea989b171f6b,24f09a7ac8f32f9eb5213d809bf1b30c1e0621aaac183337b1c86dc80f5a4a1b,TRUE
Taipei City,Dengue,42,GRU_CONTROLLED_ALTERNATIVE,VALID_COMPLETE,1,2.924135208129883,experiment://TP2M5B/outputs/gru_receiver_bank/seed_42/dengue/taipei_city/w05/checkpoint.weights.h5,b74832d6da571fa343a5e524b79f6d96ddc3b0074bc8c9205085f1f54f00cc93,a64468bba5ac8a89c72a98076e1ef75399fb83e740a0a0e2aef0e81b63c86c9d,02f237708fc67b29f6f4e2ba98f2ef5af248d48b979e000a2091a742ef3fa0df,a7253d33bf8c1c6df5e2238eb8f16cc429bda3f519bf39f8881cea989b171f6b,24f09a7ac8f32f9eb5213d809bf1b30c1e0621aaac183337b1c86dc80f5a4a1b,TRUE
Yunlin County,Dengue,42,GRU_CONTROLLED_ALTERNATIVE,VALID_COMPLETE,6,1.2749360799789429,experiment://TP2M5B/outputs/gru_receiver_bank/seed_42/dengue/yunlin_county/w05/checkpoint.weights.h5,3f65d4939cd27707d888395ab21eb59d237105f9dec6b2956a5af8ae61d18f92,4571c52dd161fe52ab759f9c06bef290fa8ea8c499a0ca2906e0f01ebb78f4fa,02f237708fc67b29f6f4e2ba98f2ef5af248d48b979e000a2091a742ef3fa0df,a7253d33bf8c1c6df5e2238eb8f16cc429bda3f519bf39f8881cea989b171f6b,24f09a7ac8f32f9eb5213d809bf1b30c1e0621aaac183337b1c86dc80f5a4a1b,TRUE
Australia,WHO,123,GRU_CONTROLLED_ALTERNATIVE,VALID_COMPLETE,32,0.02172480709850788,experiment://TP2M5B/outputs/gru_receiver_bank/seed_123/who/australia/w05/checkpoint.weights.h5,4164b0f03acb03b59807b45e7553537f38bf56574a857bfd68722fe00d7caf28,b5db101c5255dfac83a9ee540512a11466d6eb2fcf569535d45f17c852b2b6bb,02f237708fc67b29f6f4e2ba98f2ef5af248d48b979e000a2091a742ef3fa0df,a7253d33bf8c1c6df5e2238eb8f16cc429bda3f519bf39f8881cea989b171f6b,f9f6af1c1217a118b14ac76eddf5bae4080e461eba43ad350d0bb98f2695eeee,TRUE
Austria,WHO,123,GRU_CONTROLLED_ALTERNATIVE,VALID_COMPLETE,18,1.8358041048049927,experiment://TP2M5B/outputs/gru_receiver_bank/seed_123/who/austria/w05/checkpoint.weights.h5,b8c5cfb7b22d66d89dde426925c578fc964c61a7eecfc6e6d7ccb7e7e708f30b,6c1166e41a421a62479117694b8a1147d754f41806915bfeb8450ddbe103c4cf,02f237708fc67b29f6f4e2ba98f2ef5af248d48b979e000a2091a742ef3fa0df,a7253d33bf8c1c6df5e2238eb8f16cc429bda3f519bf39f8881cea989b171f6b,f9f6af1c1217a118b14ac76eddf5bae4080e461eba43ad350d0bb98f2695eeee,TRUE
Bangladesh,WHO,123,GRU_CONTROLLED_ALTERNATIVE,VALID_COMPLETE,11,1.081602931022644,experiment://TP2M5B/outputs/gru_receiver_bank/seed_123/who/bangladesh/w05/checkpoint.weights.h5,56a39473182eb8a178aa13c3f3f4513c9a7c4d0264e70360405e99b1895ab597,5150dca14984adc0b2fb09a3f95f8ae3bcdc42992f2b5d408336f98b8edc1a6b,02f237708fc67b29f6f4e2ba98f2ef5af248d48b979e000a2091a742ef3fa0df,a7253d33bf8c1c6df5e2238eb8f16cc429bda3f519bf39f8881cea989b171f6b,f9f6af1c1217a118b14ac76eddf5bae4080e461eba43ad350d0bb98f2695eeee,TRUE
Bhutan,WHO,123,GRU_CONTROLLED_ALTERNATIVE,VALID_COMPLETE,4,8.18401050567627,experiment://TP2M5B/outputs/gru_receiver_bank/seed_123/who/bhutan/w05/checkpoint.weights.h5,8d21d50ce07452c0052919f377195df3c732611d23092fcd537e484d09103cd7,c22add94b7cbf6961575d2c781dc19792a4f139fd63413118e82a532e01bfde6,02f237708fc67b29f6f4e2ba98f2ef5af248d48b979e000a2091a742ef3fa0df,a7253d33bf8c1c6df5e2238eb8f16cc429bda3f519bf39f8881cea989b171f6b,f9f6af1c1217a118b14ac76eddf5bae4080e461eba43ad350d0bb98f2695eeee,TRUE
Brunei Darussalam,WHO,123,GRU_CONTROLLED_ALTERNATIVE,VALID_COMPLETE,19,2.063425302505493,experiment://TP2M5B/outputs/gru_receiver_bank/seed_123/who/brunei_darussalam/w05/checkpoint.weights.h5,fbb2a3408c8c87dd73eb1945d8e7a58c6371478ddcdad1d26fb2a48c694ed373,c11af328ebf5d91f2f8820bde6c80d100c79590d9e99306fcc0a64084fe0ba41,02f237708fc67b29f6f4e2ba98f2ef5af248d48b979e000a2091a742ef3fa0df,a7253d33bf8c1c6df5e2238eb8f16cc429bda3f519bf39f8881cea989b171f6b,f9f6af1c1217a118b14ac76eddf5bae4080e461eba43ad350d0bb98f2695eeee,TRUE
Cambodia,WHO,123,GRU_CONTROLLED_ALTERNATIVE,VALID_COMPLETE,7,2.306407928466797,experiment://TP2M5B/outputs/gru_receiver_bank/seed_123/who/cambodia/w05/checkpoint.weights.h5,d8fd77387ff28b4fc45f2ff0592eefb538665a93bab8941d36124859e014816f,600c63775817019cea90b2576d2765badbfa1d53ba075e95455211528fdd686c,02f237708fc67b29f6f4e2ba98f2ef5af248d48b979e000a2091a742ef3fa0df,a7253d33bf8c1c6df5e2238eb8f16cc429bda3f519bf39f8881cea989b171f6b,f9f6af1c1217a118b14ac76eddf5bae4080e461eba43ad350d0bb98f2695eeee,TRUE
China,WHO,123,GRU_CONTROLLED_ALTERNATIVE,VALID_COMPLETE,22,3.173854112625122,experiment://TP2M5B/outputs/gru_receiver_bank/seed_123/who/china/w05/checkpoint.weights.h5,1389e655405d039a6eeec79fd76f80c884daa6b31db46528150abeba85ca1d44,43df679d7e0ea1fdfd1f8333b8f163f97712982024da7c9a5cf894a0991c254e,02f237708fc67b29f6f4e2ba98f2ef5af248d48b979e000a2091a742ef3fa0df,a7253d33bf8c1c6df5e2238eb8f16cc429bda3f519bf39f8881cea989b171f6b,f9f6af1c1217a118b14ac76eddf5bae4080e461eba43ad350d0bb98f2695eeee,TRUE
Fiji,WHO,123,GRU_CONTROLLED_ALTERNATIVE,VALID_COMPLETE,3,1.3310025930404663,experiment://TP2M5B/outputs/gru_receiver_bank/seed_123/who/fiji/w05/checkpoint.weights.h5,1258665e5e048722aa0647d5afc16230e477594b5cf95cfd9f7744f5ae72e783,4cdbb8679dd040ec273107189a24c3b55f104158aa24a33132f412eea798b947,02f237708fc67b29f6f4e2ba98f2ef5af248d48b979e000a2091a742ef3fa0df,a7253d33bf8c1c6df5e2238eb8f16cc429bda3f519bf39f8881cea989b171f6b,f9f6af1c1217a118b14ac76eddf5bae4080e461eba43ad350d0bb98f2695eeee,TRUE
French Polynesia,WHO,123,GRU_CONTROLLED_ALTERNATIVE,VALID_COMPLETE,49,2118.763916015625,experiment://TP2M5B/outputs/gru_receiver_bank/seed_123/who/french_polynesia/w05/checkpoint.weights.h5,8005379e6a21a2e0b0557929b0052283cb7b79af112ecec8e92109a380ddfddf,17653486522e7514c082483bb944dbee499c7c6ecd5e3ea422c4a21bd968994f,02f237708fc67b29f6f4e2ba98f2ef5af248d48b979e000a2091a742ef3fa0df,a7253d33bf8c1c6df5e2238eb8f16cc429bda3f519bf39f8881cea989b171f6b,f9f6af1c1217a118b14ac76eddf5bae4080e461eba43ad350d0bb98f2695eeee,TRUE
Guam,WHO,123,GRU_CONTROLLED_ALTERNATIVE,VALID_COMPLETE,19,1.0970008373260498,experiment://TP2M5B/outputs/gru_receiver_bank/seed_123/who/guam/w05/checkpoint.weights.h5,d133c83628fbfb38246b69021709f289a36ecb1b75e972521c76acf139966055,f40a77203e60ca246a837eda4dcd78f46dad0aeb465eac33d035d242515cc998,02f237708fc67b29f6f4e2ba98f2ef5af248d48b979e000a2091a742ef3fa0df,a7253d33bf8c1c6df5e2238eb8f16cc429bda3f519bf39f8881cea989b171f6b,f9f6af1c1217a118b14ac76eddf5bae4080e461eba43ad350d0bb98f2695eeee,TRUE
Lao People's Democratic Republic,WHO,123,GRU_CONTROLLED_ALTERNATIVE,VALID_COMPLETE,3,1.8004567623138428,experiment://TP2M5B/outputs/gru_receiver_bank/seed_123/who/lao_people_s_democratic_republic/w05/checkpoint.weights.h5,1d5af1c0a68903fe920238c583f80a26e3f5804a07ffe6277f48a0b114da7bd6,646205e10c4444e6123554d14922416d983352447b340a7857a8d4337fa14801,02f237708fc67b29f6f4e2ba98f2ef5af248d48b979e000a2091a742ef3fa0df,a7253d33bf8c1c6df5e2238eb8f16cc429bda3f519bf39f8881cea989b171f6b,f9f6af1c1217a118b14ac76eddf5bae4080e461eba43ad350d0bb98f2695eeee,TRUE
Malaysia,WHO,123,GRU_CONTROLLED_ALTERNATIVE,VALID_COMPLETE,13,0.7362050414085388,experiment://TP2M5B/outputs/gru_receiver_bank/seed_123/who/malaysia/w05/checkpoint.weights.h5,033e082404ffd4b3d6b64425936f6bc5e1c6877b9c31786f80a2e19de6f84059,9919c62b263d0ba74c87bc4fc4c35dec42aa147c2322e7bfbdbb29ef1046113d,02f237708fc67b29f6f4e2ba98f2ef5af248d48b979e000a2091a742ef3fa0df,a7253d33bf8c1c6df5e2238eb8f16cc429bda3f519bf39f8881cea989b171f6b,f9f6af1c1217a118b14ac76eddf5bae4080e461eba43ad350d0bb98f2695eeee,TRUE
Maldives,WHO,123,GRU_CONTROLLED_ALTERNATIVE,VALID_COMPLETE,1,2.4272220134735107,experiment://TP2M5B/outputs/gru_receiver_bank/seed_123/who/maldives/w05/checkpoint.weights.h5,b0929703bd654593ede6b3e724e3bb2c8cc2020ad00ea25f3cc2b49a4907803f,70e85168d5a7db18fdfb311d3bc4e3834a2570fb6456784bd51432b2e9a0240c,02f237708fc67b29f6f4e2ba98f2ef5af248d48b979e000a2091a742ef3fa0df,a7253d33bf8c1c6df5e2238eb8f16cc429bda3f519bf39f8881cea989b171f6b,f9f6af1c1217a118b14ac76eddf5bae4080e461eba43ad350d0bb98f2695eeee,TRUE
Mexico,WHO,123,GRU_CONTROLLED_ALTERNATIVE,VALID_COMPLETE,47,0.2283797413110733,experiment://TP2M5B/outputs/gru_receiver_bank/seed_123/who/mexico/w05/checkpoint.weights.h5,d1c59f0ea8874b79badcd6e3507b752fcf7326bd792a0eab161e74738344cd2f,779de3e679f8d5b45669278e40f1757ad7329f4ac934e95c3ee28ed7bdd3549b,02f237708fc67b29f6f4e2ba98f2ef5af248d48b979e000a2091a742ef3fa0df,a7253d33bf8c1c6df5e2238eb8f16cc429bda3f519bf39f8881cea989b171f6b,f9f6af1c1217a118b14ac76eddf5bae4080e461eba43ad350d0bb98f2695eeee,TRUE
Mongolia,WHO,123,GRU_CONTROLLED_ALTERNATIVE,VALID_COMPLETE,18,1.323630452156067,experiment://TP2M5B/outputs/gru_receiver_bank/seed_123/who/mongolia/w05/checkpoint.weights.h5,db2eaa3ad4339142f71b46b6bbd1dbfcc5520dac506afcf85467fd47f8ac3d70,d09f96aa27c2e7b958044982e8c4fe1429b57da2dbabd0ea5c135f3be6d5dd2d,02f237708fc67b29f6f4e2ba98f2ef5af248d48b979e000a2091a742ef3fa0df,a7253d33bf8c1c6df5e2238eb8f16cc429bda3f519bf39f8881cea989b171f6b,f9f6af1c1217a118b14ac76eddf5bae4080e461eba43ad350d0bb98f2695eeee,TRUE
Myanmar,WHO,123,GRU_CONTROLLED_ALTERNATIVE,VALID_COMPLETE,30,1.178890585899353,experiment://TP2M5B/outputs/gru_receiver_bank/seed_123/who/myanmar/w05/checkpoint.weights.h5,84ea1f9e18fd47fbfc819f31e7a158b1ade3b2874474b8e49af1d8472b975dd9,8c584ecef97d075d97941e9d0a78f1e6a19622abbe3ac2133d14fb98d33088bc,02f237708fc67b29f6f4e2ba98f2ef5af248d48b979e000a2091a742ef3fa0df,a7253d33bf8c1c6df5e2238eb8f16cc429bda3f519bf39f8881cea989b171f6b,f9f6af1c1217a118b14ac76eddf5bae4080e461eba43ad350d0bb98f2695eeee,TRUE
Nepal,WHO,123,GRU_CONTROLLED_ALTERNATIVE,VALID_COMPLETE,15,0.927953839302063,experiment://TP2M5B/outputs/gru_receiver_bank/seed_123/who/nepal/w05/checkpoint.weights.h5,5302eba1e953b1fe4e37434a39ccc52b927385e90d0b48aa427abf97e5315dca,a1a05be72a34817f5a24bf819be6334260ac3ddbadd34be4c31ba3b4847c6457,02f237708fc67b29f6f4e2ba98f2ef5af248d48b979e000a2091a742ef3fa0df,a7253d33bf8c1c6df5e2238eb8f16cc429bda3f519bf39f8881cea989b171f6b,f9f6af1c1217a118b14ac76eddf5bae4080e461eba43ad350d0bb98f2695eeee,TRUE
New Caledonia,WHO,123,GRU_CONTROLLED_ALTERNATIVE,VALID_COMPLETE,1,5.71388578414917,experiment://TP2M5B/outputs/gru_receiver_bank/seed_123/who/new_caledonia/w05/checkpoint.weights.h5,01ba0f2b2290d82523246e413f7f013fc728cc71ac3b9760f6c85ce284686a43,14f358a7f08aefea13368715db7a012dc73d37c3396b4f8434ba949aa0e4a8c4,02f237708fc67b29f6f4e2ba98f2ef5af248d48b979e000a2091a742ef3fa0df,a7253d33bf8c1c6df5e2238eb8f16cc429bda3f519bf39f8881cea989b171f6b,f9f6af1c1217a118b14ac76eddf5bae4080e461eba43ad350d0bb98f2695eeee,TRUE
New Zealand,WHO,123,GRU_CONTROLLED_ALTERNATIVE,VALID_COMPLETE,1,1.3915672302246094,experiment://TP2M5B/outputs/gru_receiver_bank/seed_123/who/new_zealand/w05/checkpoint.weights.h5,4e64cdd994e91de5a236f4f9f939ba44234e6e5c42eba43e00b1e74c054d110a,19e69216a4a754b9dbf245d0c21de35dd3c7f0e5a664900b956939ae09559114,02f237708fc67b29f6f4e2ba98f2ef5af248d48b979e000a2091a742ef3fa0df,a7253d33bf8c1c6df5e2238eb8f16cc429bda3f519bf39f8881cea989b171f6b,f9f6af1c1217a118b14ac76eddf5bae4080e461eba43ad350d0bb98f2695eeee,TRUE
Northern Mariana Islands,WHO,123,GRU_CONTROLLED_ALTERNATIVE,VALID_COMPLETE,16,12.141275405883789,experiment://TP2M5B/outputs/gru_receiver_bank/seed_123/who/northern_mariana_islands/w05/checkpoint.weights.h5,359db182abfb5dac8cb1486dd32f0d1e968008dfaed401524cb65c0fb2f1ca7c,c350bec9fe632b0d877b6c6ddffa01d373f2dfedc6ad2f8ed34d6e257b79393f,02f237708fc67b29f6f4e2ba98f2ef5af248d48b979e000a2091a742ef3fa0df,a7253d33bf8c1c6df5e2238eb8f16cc429bda3f519bf39f8881cea989b171f6b,f9f6af1c1217a118b14ac76eddf5bae4080e461eba43ad350d0bb98f2695eeee,TRUE
Palau,WHO,123,GRU_CONTROLLED_ALTERNATIVE,VALID_COMPLETE,5,5.375132241169922e-05,experiment://TP2M5B/outputs/gru_receiver_bank/seed_123/who/palau/w05/checkpoint.weights.h5,877f2fd0dfbe93c7366a986a0a9595e072141a26edc9cf6e77485636ad0a3af0,2198076f74c1020ec4210609b0810e5abd0f5d5822756d4a199ae6e3293add81,02f237708fc67b29f6f4e2ba98f2ef5af248d48b979e000a2091a742ef3fa0df,a7253d33bf8c1c6df5e2238eb8f16cc429bda3f519bf39f8881cea989b171f6b,f9f6af1c1217a118b14ac76eddf5bae4080e461eba43ad350d0bb98f2695eeee,TRUE
Papua New Guinea,WHO,123,GRU_CONTROLLED_ALTERNATIVE,VALID_COMPLETE,2,1.9888237714767456,experiment://TP2M5B/outputs/gru_receiver_bank/seed_123/who/papua_new_guinea/w05/checkpoint.weights.h5,9ee1f487a2f6e9b3b8e2d1f260b0beaa9e88096b8b1a9167ca7f74ec3c7f8235,833034b01abe1c97a1a9cde8b6cfcef32e53fd4be83a5f20835c1d67e34fca71,02f237708fc67b29f6f4e2ba98f2ef5af248d48b979e000a2091a742ef3fa0df,a7253d33bf8c1c6df5e2238eb8f16cc429bda3f519bf39f8881cea989b171f6b,f9f6af1c1217a118b14ac76eddf5bae4080e461eba43ad350d0bb98f2695eeee,TRUE
Philippines,WHO,123,GRU_CONTROLLED_ALTERNATIVE,VALID_COMPLETE,11,2.606537342071533,experiment://TP2M5B/outputs/gru_receiver_bank/seed_123/who/philippines/w05/checkpoint.weights.h5,df837aca394c4d15367f76958b97a0fd2e5183e51d0b6c76b26ac5c892f9c639,cee864dc0ebb0c60f195d26df5bebfc124a4bb6c2888cbe6487a4f20e72640fc,02f237708fc67b29f6f4e2ba98f2ef5af248d48b979e000a2091a742ef3fa0df,a7253d33bf8c1c6df5e2238eb8f16cc429bda3f519bf39f8881cea989b171f6b,f9f6af1c1217a118b14ac76eddf5bae4080e461eba43ad350d0bb98f2695eeee,TRUE
Singapore,WHO,123,GRU_CONTROLLED_ALTERNATIVE,VALID_COMPLETE,13,1.7075785398483276,experiment://TP2M5B/outputs/gru_receiver_bank/seed_123/who/singapore/w05/checkpoint.weights.h5,76a850e9b8f4272a5dbd70a71f20b4db4285988751a2ad422f570106fd4aa060,9561645179bc4d1e7437335dfbd853cb7f6f6145e14b0c9c91b480fc45b9ef00,02f237708fc67b29f6f4e2ba98f2ef5af248d48b979e000a2091a742ef3fa0df,a7253d33bf8c1c6df5e2238eb8f16cc429bda3f519bf39f8881cea989b171f6b,f9f6af1c1217a118b14ac76eddf5bae4080e461eba43ad350d0bb98f2695eeee,TRUE
Sri Lanka,WHO,123,GRU_CONTROLLED_ALTERNATIVE,VALID_COMPLETE,1,105.54798889160156,experiment://TP2M5B/outputs/gru_receiver_bank/seed_123/who/sri_lanka/w05/checkpoint.weights.h5,4d4a8b31e258d9fb1bf5cbc46f5ae688b78bc953eba828153eb140440dbd3469,0b042135ec5e42671a8ccbfe8f1b8267861f9716f25abf606dbd721fd7df78fc,02f237708fc67b29f6f4e2ba98f2ef5af248d48b979e000a2091a742ef3fa0df,a7253d33bf8c1c6df5e2238eb8f16cc429bda3f519bf39f8881cea989b171f6b,f9f6af1c1217a118b14ac76eddf5bae4080e461eba43ad350d0bb98f2695eeee,TRUE
Switzerland,WHO,123,GRU_CONTROLLED_ALTERNATIVE,VALID_COMPLETE,43,0.12565432488918304,experiment://TP2M5B/outputs/gru_receiver_bank/seed_123/who/switzerland/w05/checkpoint.weights.h5,6798e966c44c0922a5e1e89d26840540e82f70476b7b024311b04dd36e2bf3c1,25fbe6f33d9546b9d25a0eb4904f396bd30705793f94d50ba6ea555b20a8d6e8,02f237708fc67b29f6f4e2ba98f2ef5af248d48b979e000a2091a742ef3fa0df,a7253d33bf8c1c6df5e2238eb8f16cc429bda3f519bf39f8881cea989b171f6b,f9f6af1c1217a118b14ac76eddf5bae4080e461eba43ad350d0bb98f2695eeee,TRUE
Thailand,WHO,123,GRU_CONTROLLED_ALTERNATIVE,VALID_COMPLETE,9,1.7135207653045654,experiment://TP2M5B/outputs/gru_receiver_bank/seed_123/who/thailand/w05/checkpoint.weights.h5,e4225185e0bfe52ae0486a0303fb61f9cab8e948c766ac114471e441bd331cc5,c5df71823f860ad1daaf2384fbfae20148278d239c13c86b594cf5ac9029eb79,02f237708fc67b29f6f4e2ba98f2ef5af248d48b979e000a2091a742ef3fa0df,a7253d33bf8c1c6df5e2238eb8f16cc429bda3f519bf39f8881cea989b171f6b,f9f6af1c1217a118b14ac76eddf5bae4080e461eba43ad350d0bb98f2695eeee,TRUE
Timor-Leste,WHO,123,GRU_CONTROLLED_ALTERNATIVE,VALID_COMPLETE,2,1.4375343322753906,experiment://TP2M5B/outputs/gru_receiver_bank/seed_123/who/timor_leste/w05/checkpoint.weights.h5,98d39e9feb3ffea4568edd952fe8babd82f5d99d6e7522fb2df232644ca3becc,f996fbb995bf944c0e2823f32ff4315deb463ed0cd31c5fcdf110cc7e22630eb,02f237708fc67b29f6f4e2ba98f2ef5af248d48b979e000a2091a742ef3fa0df,a7253d33bf8c1c6df5e2238eb8f16cc429bda3f519bf39f8881cea989b171f6b,f9f6af1c1217a118b14ac76eddf5bae4080e461eba43ad350d0bb98f2695eeee,TRUE
United Kingdom of Great Britain and Northern Ireland,WHO,123,GRU_CONTROLLED_ALTERNATIVE,VALID_COMPLETE,22,0.1183469295501709,experiment://TP2M5B/outputs/gru_receiver_bank/seed_123/who/united_kingdom_of_great_britain_and_northern_ireland/w05/checkpoint.weights.h5,09911314cf5771dd26ec9315fd2af43170fdec55b0b99baf3924f69f91925047,6839cb8b46857b2bb833d1bcddb7376feac3315b024fcb891bae21b2d3e10ac6,02f237708fc67b29f6f4e2ba98f2ef5af248d48b979e000a2091a742ef3fa0df,a7253d33bf8c1c6df5e2238eb8f16cc429bda3f519bf39f8881cea989b171f6b,f9f6af1c1217a118b14ac76eddf5bae4080e461eba43ad350d0bb98f2695eeee,TRUE
Vanuatu,WHO,123,GRU_CONTROLLED_ALTERNATIVE,VALID_COMPLETE,11,0.2913249135017395,experiment://TP2M5B/outputs/gru_receiver_bank/seed_123/who/vanuatu/w05/checkpoint.weights.h5,82a3abdcd4ddada37b3f2c4e47a05cbc3852a987e73c49c2ce07b17711880fea,2e1f63dff5bd988b061110b5eab3757ca194fc0daa838d20c7d47b450dc8d3ca,02f237708fc67b29f6f4e2ba98f2ef5af248d48b979e000a2091a742ef3fa0df,a7253d33bf8c1c6df5e2238eb8f16cc429bda3f519bf39f8881cea989b171f6b,f9f6af1c1217a118b14ac76eddf5bae4080e461eba43ad350d0bb98f2695eeee,TRUE
Viet Nam,WHO,123,GRU_CONTROLLED_ALTERNATIVE,VALID_COMPLETE,43,335.6449890136719,experiment://TP2M5B/outputs/gru_receiver_bank/seed_123/who/viet_nam/w05/checkpoint.weights.h5,8de6f9c7795fc3c22bb5dac20f06b7b4de812490d32981ccbcd8eba69fe0ee7a,6fcd28195f16ba209cafc7a83683121d6ad6b61903bf5ca987f5b7e98439077e,02f237708fc67b29f6f4e2ba98f2ef5af248d48b979e000a2091a742ef3fa0df,a7253d33bf8c1c6df5e2238eb8f16cc429bda3f519bf39f8881cea989b171f6b,f9f6af1c1217a118b14ac76eddf5bae4080e461eba43ad350d0bb98f2695eeee,TRUE
T7,Electricity,123,GRU_CONTROLLED_ALTERNATIVE,VALID_COMPLETE,6,0.7735921144485474,experiment://TP2M5B/outputs/gru_receiver_bank/seed_123/electricity/t7/w05/checkpoint.weights.h5,6a13e08a5a98e8a36d8c274c800df5107468cecc18969004e4f1776cdbdf8319,e0b3d42235213c6cdd280bd5d2f36fd2067d48e987cef32f0fbf12f77d1c1160,02f237708fc67b29f6f4e2ba98f2ef5af248d48b979e000a2091a742ef3fa0df,a7253d33bf8c1c6df5e2238eb8f16cc429bda3f519bf39f8881cea989b171f6b,4873492cb3855b713f236a79dea581dc3be320cd1613187eacddffd4bb179c70,TRUE
T314,Electricity,123,GRU_CONTROLLED_ALTERNATIVE,VALID_COMPLETE,17,2.709892511367798,experiment://TP2M5B/outputs/gru_receiver_bank/seed_123/electricity/t314/w05/checkpoint.weights.h5,f8198b053b044a240cb7367ea803ac13a63dfe61306fa91efacec98cb1fbe348,a347be0ffd1372dbdf3c6b5dfa1d1689db5d3a3bd71391c8bc9c8f42804b08e1,02f237708fc67b29f6f4e2ba98f2ef5af248d48b979e000a2091a742ef3fa0df,a7253d33bf8c1c6df5e2238eb8f16cc429bda3f519bf39f8881cea989b171f6b,4873492cb3855b713f236a79dea581dc3be320cd1613187eacddffd4bb179c70,TRUE
T118,Electricity,123,GRU_CONTROLLED_ALTERNATIVE,VALID_COMPLETE,32,0.5727903246879578,experiment://TP2M5B/outputs/gru_receiver_bank/seed_123/electricity/t118/w05/checkpoint.weights.h5,7e62b3289e752213a541369a806f761ec35e29c7fa209485b831f8b435df5605,1c565ba8f0807a81b68febded1712c04820441b2dd99a242c52e2bffba681882,02f237708fc67b29f6f4e2ba98f2ef5af248d48b979e000a2091a742ef3fa0df,a7253d33bf8c1c6df5e2238eb8f16cc429bda3f519bf39f8881cea989b171f6b,4873492cb3855b713f236a79dea581dc3be320cd1613187eacddffd4bb179c70,TRUE
T108,Electricity,123,GRU_CONTROLLED_ALTERNATIVE,VALID_COMPLETE,13,0.1902184784412384,experiment://TP2M5B/outputs/gru_receiver_bank/seed_123/electricity/t108/w05/checkpoint.weights.h5,0a250e493a1ecb58577788a6f331afce6f65f1219bfe5e71ac2d3f2db04e8791,20637e8f32544711a6e8d65ac55474bba7d45a619d2d7751e86ba1225ac8eb98,02f237708fc67b29f6f4e2ba98f2ef5af248d48b979e000a2091a742ef3fa0df,a7253d33bf8c1c6df5e2238eb8f16cc429bda3f519bf39f8881cea989b171f6b,4873492cb3855b713f236a79dea581dc3be320cd1613187eacddffd4bb179c70,TRUE
T84,Electricity,123,GRU_CONTROLLED_ALTERNATIVE,VALID_COMPLETE,28,0.36697790026664734,experiment://TP2M5B/outputs/gru_receiver_bank/seed_123/electricity/t84/w05/checkpoint.weights.h5,c18aa1d6fab1315035c4680c974ab115170059a5d665083f50868a99bca59d43,c19d96c751c5abee656b99e980f847d8b0649caa6dca2bfb92b5514f513289cc,02f237708fc67b29f6f4e2ba98f2ef5af248d48b979e000a2091a742ef3fa0df,a7253d33bf8c1c6df5e2238eb8f16cc429bda3f519bf39f8881cea989b171f6b,4873492cb3855b713f236a79dea581dc3be320cd1613187eacddffd4bb179c70,TRUE
T106,Electricity,123,GRU_CONTROLLED_ALTERNATIVE,VALID_COMPLETE,20,0.3030131459236145,experiment://TP2M5B/outputs/gru_receiver_bank/seed_123/electricity/t106/w05/checkpoint.weights.h5,83e6c41b8e379b952f3103da7dd071964dc742c428a2fe0b82c274b1e9f04b5a,196a072c0779acbd4106bf067ea1582faf96f98f2331852f35b0fde8e564e7c5,02f237708fc67b29f6f4e2ba98f2ef5af248d48b979e000a2091a742ef3fa0df,a7253d33bf8c1c6df5e2238eb8f16cc429bda3f519bf39f8881cea989b171f6b,4873492cb3855b713f236a79dea581dc3be320cd1613187eacddffd4bb179c70,TRUE
T318,Electricity,123,GRU_CONTROLLED_ALTERNATIVE,VALID_COMPLETE,23,0.3265710473060608,experiment://TP2M5B/outputs/gru_receiver_bank/seed_123/electricity/t318/w05/checkpoint.weights.h5,f11ac74cf695e8432496cba475858b71819596d31fdb24f18622e8838141e1b0,165a4f23c261078facac35278a56b7e2d8ea2fdb16d97609691bb1347d722c1e,02f237708fc67b29f6f4e2ba98f2ef5af248d48b979e000a2091a742ef3fa0df,a7253d33bf8c1c6df5e2238eb8f16cc429bda3f519bf39f8881cea989b171f6b,4873492cb3855b713f236a79dea581dc3be320cd1613187eacddffd4bb179c70,TRUE
T82,Electricity,123,GRU_CONTROLLED_ALTERNATIVE,VALID_COMPLETE,28,0.2767820656299591,experiment://TP2M5B/outputs/gru_receiver_bank/seed_123/electricity/t82/w05/checkpoint.weights.h5,592a3c29c60848702b077e1310d1fc7686cec92a25a91b20ebf2923d77e01d4b,bb970c71f00a3c1a29dc667f16907b530b3d433f7a979e57e3fb67882aca042b,02f237708fc67b29f6f4e2ba98f2ef5af248d48b979e000a2091a742ef3fa0df,a7253d33bf8c1c6df5e2238eb8f16cc429bda3f519bf39f8881cea989b171f6b,4873492cb3855b713f236a79dea581dc3be320cd1613187eacddffd4bb179c70,TRUE
T128,Electricity,123,GRU_CONTROLLED_ALTERNATIVE,VALID_COMPLETE,23,0.12542936205863953,experiment://TP2M5B/outputs/gru_receiver_bank/seed_123/electricity/t128/w05/checkpoint.weights.h5,01b90913667452fcd8b192bd9742ca040cd44deea3279ee0cb60da596c1705de,62d3c0c225a428e8d313b8a8db2cbb3fa95e7a7c502e1fd3ccd7f284c6d9f894,02f237708fc67b29f6f4e2ba98f2ef5af248d48b979e000a2091a742ef3fa0df,a7253d33bf8c1c6df5e2238eb8f16cc429bda3f519bf39f8881cea989b171f6b,4873492cb3855b713f236a79dea581dc3be320cd1613187eacddffd4bb179c70,TRUE
T129,Electricity,123,GRU_CONTROLLED_ALTERNATIVE,VALID_COMPLETE,28,0.3726045787334442,experiment://TP2M5B/outputs/gru_receiver_bank/seed_123/electricity/t129/w05/checkpoint.weights.h5,4c26687f3fbef3f42404c2381b2d8ea6353d86c730379f16680ba444bf4247f2,3b488bf185faa3ae432f1f113d7f65f2dd2822a3070d02bfb5659b70f83dcd59,02f237708fc67b29f6f4e2ba98f2ef5af248d48b979e000a2091a742ef3fa0df,a7253d33bf8c1c6df5e2238eb8f16cc429bda3f519bf39f8881cea989b171f6b,4873492cb3855b713f236a79dea581dc3be320cd1613187eacddffd4bb179c70,TRUE
T104,Electricity,123,GRU_CONTROLLED_ALTERNATIVE,VALID_COMPLETE,14,0.04704472795128822,experiment://TP2M5B/outputs/gru_receiver_bank/seed_123/electricity/t104/w05/checkpoint.weights.h5,a25577f9834cc09b5ba5d9b38695505dbe7bf6ddacaf2585fe6b6341f0d004e2,b7439c704e09902c88386f90ff97b157041e527ec71453e7c9e6510b04c517fc,02f237708fc67b29f6f4e2ba98f2ef5af248d48b979e000a2091a742ef3fa0df,a7253d33bf8c1c6df5e2238eb8f16cc429bda3f519bf39f8881cea989b171f6b,4873492cb3855b713f236a79dea581dc3be320cd1613187eacddffd4bb179c70,TRUE
T85,Electricity,123,GRU_CONTROLLED_ALTERNATIVE,VALID_COMPLETE,14,0.7909297943115234,experiment://TP2M5B/outputs/gru_receiver_bank/seed_123/electricity/t85/w05/checkpoint.weights.h5,dc1ba89e046a64bd022080a9685076754a2fd12f853ff99fae35d5c9623fb825,215ca5236c7eb548eced60e65c634694cf27bdf3d2a3265803b08c919c299ae5,02f237708fc67b29f6f4e2ba98f2ef5af248d48b979e000a2091a742ef3fa0df,a7253d33bf8c1c6df5e2238eb8f16cc429bda3f519bf39f8881cea989b171f6b,4873492cb3855b713f236a79dea581dc3be320cd1613187eacddffd4bb179c70,TRUE
T86,Electricity,123,GRU_CONTROLLED_ALTERNATIVE,VALID_COMPLETE,38,0.04220662638545036,experiment://TP2M5B/outputs/gru_receiver_bank/seed_123/electricity/t86/w05/checkpoint.weights.h5,988de6c018c441be3ecdd2337194ec036d825eabf91a6e6556938b4aa34789be,c747e19a413e1bfa57e856e8f869f13015596d161929af93442b73b7882d98d6,02f237708fc67b29f6f4e2ba98f2ef5af248d48b979e000a2091a742ef3fa0df,a7253d33bf8c1c6df5e2238eb8f16cc429bda3f519bf39f8881cea989b171f6b,4873492cb3855b713f236a79dea581dc3be320cd1613187eacddffd4bb179c70,TRUE
T135,Electricity,123,GRU_CONTROLLED_ALTERNATIVE,VALID_COMPLETE,38,0.06008284166455269,experiment://TP2M5B/outputs/gru_receiver_bank/seed_123/electricity/t135/w05/checkpoint.weights.h5,9653090f0443c79fd06ad8afc20260ce47edfe626fd5b8a107d2480b8ebb5932,4ad2458f2c64beef6c7721b947a189e877d2ca94dfcc14dccde43f0c5e85c056,02f237708fc67b29f6f4e2ba98f2ef5af248d48b979e000a2091a742ef3fa0df,a7253d33bf8c1c6df5e2238eb8f16cc429bda3f519bf39f8881cea989b171f6b,4873492cb3855b713f236a79dea581dc3be320cd1613187eacddffd4bb179c70,TRUE
T144,Electricity,123,GRU_CONTROLLED_ALTERNATIVE,VALID_COMPLETE,7,1.1096614599227905,experiment://TP2M5B/outputs/gru_receiver_bank/seed_123/electricity/t144/w05/checkpoint.weights.h5,1824b1016f86a927c0bd1d3420330eba5b0339b1d0180f8409f2a52328ab3661,353d703a637280e1501fbc8c118be36b2bb0ac93d3eee713a509a3c2e9707a81,02f237708fc67b29f6f4e2ba98f2ef5af248d48b979e000a2091a742ef3fa0df,a7253d33bf8c1c6df5e2238eb8f16cc429bda3f519bf39f8881cea989b171f6b,4873492cb3855b713f236a79dea581dc3be320cd1613187eacddffd4bb179c70,TRUE
T20,Electricity,123,GRU_CONTROLLED_ALTERNATIVE,VALID_COMPLETE,43,0.29992690682411194,experiment://TP2M5B/outputs/gru_receiver_bank/seed_123/electricity/t20/w05/checkpoint.weights.h5,c417199d1037e1abe27e26e695b1f108482c08b5c8b29ba8fcd8185ee10179f8,4b1c2df7772a2c365c601eab3c818fc53ebd35ddde7a6906db39bb4604254131,02f237708fc67b29f6f4e2ba98f2ef5af248d48b979e000a2091a742ef3fa0df,a7253d33bf8c1c6df5e2238eb8f16cc429bda3f519bf39f8881cea989b171f6b,4873492cb3855b713f236a79dea581dc3be320cd1613187eacddffd4bb179c70,TRUE
T234,Electricity,123,GRU_CONTROLLED_ALTERNATIVE,VALID_COMPLETE,23,1.578858494758606,experiment://TP2M5B/outputs/gru_receiver_bank/seed_123/electricity/t234/w05/checkpoint.weights.h5,600f372c3a95c10f8e5a4fdaeb1976b35f7ad3a0261813859fe4973f90e6b9d6,d77e8132d7e38912a7a98fcf9b3859c2863fc6aea36bb1b04fbc95a86d61fc9c,02f237708fc67b29f6f4e2ba98f2ef5af248d48b979e000a2091a742ef3fa0df,a7253d33bf8c1c6df5e2238eb8f16cc429bda3f519bf39f8881cea989b171f6b,4873492cb3855b713f236a79dea581dc3be320cd1613187eacddffd4bb179c70,TRUE
T115,Electricity,123,GRU_CONTROLLED_ALTERNATIVE,VALID_COMPLETE,20,43.819786071777344,experiment://TP2M5B/outputs/gru_receiver_bank/seed_123/electricity/t115/w05/checkpoint.weights.h5,70a9a044973b377f8b84c2f2ce20ab7405c22e8c2b45398e502e5176b9d2661a,0c9634d725eb1b373aee1b3b5083916a519fdbbc831fd693ce145fbfbd3edccc,02f237708fc67b29f6f4e2ba98f2ef5af248d48b979e000a2091a742ef3fa0df,a7253d33bf8c1c6df5e2238eb8f16cc429bda3f519bf39f8881cea989b171f6b,4873492cb3855b713f236a79dea581dc3be320cd1613187eacddffd4bb179c70,TRUE
T3,Electricity,123,GRU_CONTROLLED_ALTERNATIVE,VALID_COMPLETE,2,3.0135133266448975,experiment://TP2M5B/outputs/gru_receiver_bank/seed_123/electricity/t3/w05/checkpoint.weights.h5,0314213b9d4180f43f762ffd65f5608f8480b7021af9c458e9077b1cbbf0309b,83b4b9a569afba23f52901ffd8bfa9665c1946790684774024f11761e985904d,02f237708fc67b29f6f4e2ba98f2ef5af248d48b979e000a2091a742ef3fa0df,a7253d33bf8c1c6df5e2238eb8f16cc429bda3f519bf39f8881cea989b171f6b,4873492cb3855b713f236a79dea581dc3be320cd1613187eacddffd4bb179c70,TRUE
T30,Electricity,123,GRU_CONTROLLED_ALTERNATIVE,VALID_COMPLETE,28,0.4708379805088043,experiment://TP2M5B/outputs/gru_receiver_bank/seed_123/electricity/t30/w05/checkpoint.weights.h5,b9fa5f97ab83eeb5aca7224ff629c7c9b805ec0f9278fc780965da950f41c18d,268cac61ca4de72f927e15de2ade573f7b51a2d27e72d03e551d645afa892677,02f237708fc67b29f6f4e2ba98f2ef5af248d48b979e000a2091a742ef3fa0df,a7253d33bf8c1c6df5e2238eb8f16cc429bda3f519bf39f8881cea989b171f6b,4873492cb3855b713f236a79dea581dc3be320cd1613187eacddffd4bb179c70,TRUE
T208,Electricity,123,GRU_CONTROLLED_ALTERNATIVE,VALID_COMPLETE,1,3.9324841499328613,experiment://TP2M5B/outputs/gru_receiver_bank/seed_123/electricity/t208/w05/checkpoint.weights.h5,69c7e7eed2ed0e205f4b3e7eab1af8c710db03d29a5944ab8a37e52f2c5645b1,16449dae9868bebf0d5401ae7ef66bab6486a078a8a51929611c63c9d526a32b,02f237708fc67b29f6f4e2ba98f2ef5af248d48b979e000a2091a742ef3fa0df,a7253d33bf8c1c6df5e2238eb8f16cc429bda3f519bf39f8881cea989b171f6b,4873492cb3855b713f236a79dea581dc3be320cd1613187eacddffd4bb179c70,TRUE
T316,Electricity,123,GRU_CONTROLLED_ALTERNATIVE,VALID_COMPLETE,2,1.3906433582305908,experiment://TP2M5B/outputs/gru_receiver_bank/seed_123/electricity/t316/w05/checkpoint.weights.h5,c2cffbf570675ba2f89371ad17adc7f9560bc5b215c9fb0fa182462210993867,b530b9e021b9a8ea1df724e53deb8106544340a3e183ab30e1ee9b72f05630b4,02f237708fc67b29f6f4e2ba98f2ef5af248d48b979e000a2091a742ef3fa0df,a7253d33bf8c1c6df5e2238eb8f16cc429bda3f519bf39f8881cea989b171f6b,4873492cb3855b713f236a79dea581dc3be320cd1613187eacddffd4bb179c70,TRUE
T249,Electricity,123,GRU_CONTROLLED_ALTERNATIVE,VALID_COMPLETE,8,0.7267189025878906,experiment://TP2M5B/outputs/gru_receiver_bank/seed_123/electricity/t249/w05/checkpoint.weights.h5,f66e8ac497511a081141f1c808d727064e1750becf26515c9baf13c599a776ba,36bbe876a95b2930964cde8e3f654c919ea36af2143068d0ae4264839d497a58,02f237708fc67b29f6f4e2ba98f2ef5af248d48b979e000a2091a742ef3fa0df,a7253d33bf8c1c6df5e2238eb8f16cc429bda3f519bf39f8881cea989b171f6b,4873492cb3855b713f236a79dea581dc3be320cd1613187eacddffd4bb179c70,TRUE
T133,Electricity,123,GRU_CONTROLLED_ALTERNATIVE,VALID_COMPLETE,6,0.16889998316764832,experiment://TP2M5B/outputs/gru_receiver_bank/seed_123/electricity/t133/w05/checkpoint.weights.h5,b578e1ba7de914d2ab732ce3bdcf5eeaf9d68c1828ea61b769e7fde598c4b0e4,1c38012a7187f61f21ef2c3d3e7beaa554c540713ad8b587c2ef8561b29d9a22,02f237708fc67b29f6f4e2ba98f2ef5af248d48b979e000a2091a742ef3fa0df,a7253d33bf8c1c6df5e2238eb8f16cc429bda3f519bf39f8881cea989b171f6b,4873492cb3855b713f236a79dea581dc3be320cd1613187eacddffd4bb179c70,TRUE
T224,Electricity,123,GRU_CONTROLLED_ALTERNATIVE,VALID_COMPLETE,5,1.676738977432251,experiment://TP2M5B/outputs/gru_receiver_bank/seed_123/electricity/t224/w05/checkpoint.weights.h5,553b0d838ac58ed87f862aa611734e2b83424e759f23167c7555038cebdff7a2,43190cf1eed9241242d047964a8fcce9e7f31d590051c5dc87cf5cc8802b695c,02f237708fc67b29f6f4e2ba98f2ef5af248d48b979e000a2091a742ef3fa0df,a7253d33bf8c1c6df5e2238eb8f16cc429bda3f519bf39f8881cea989b171f6b,4873492cb3855b713f236a79dea581dc3be320cd1613187eacddffd4bb179c70,TRUE
T11,Electricity,123,GRU_CONTROLLED_ALTERNATIVE,VALID_COMPLETE,26,0.7718979120254517,experiment://TP2M5B/outputs/gru_receiver_bank/seed_123/electricity/t11/w05/checkpoint.weights.h5,1858504eb6129edddfa704885def349d3f644ed507bc0d6ad2c03b0421747eea,ee59d9ab0891329a7b2ef782705f68a7a6663cca849f67fcf810f2a924d1c839,02f237708fc67b29f6f4e2ba98f2ef5af248d48b979e000a2091a742ef3fa0df,a7253d33bf8c1c6df5e2238eb8f16cc429bda3f519bf39f8881cea989b171f6b,4873492cb3855b713f236a79dea581dc3be320cd1613187eacddffd4bb179c70,TRUE
T125,Electricity,123,GRU_CONTROLLED_ALTERNATIVE,VALID_COMPLETE,69,0.03531339764595032,experiment://TP2M5B/outputs/gru_receiver_bank/seed_123/electricity/t125/w05/checkpoint.weights.h5,3ac9aacaa3e36a57e30cf545d089862b2186cfab2a669dff3b39b0b32863cfbf,56c8844165e45193c824c45dc30268875d8822b490a3aec091ccc3f0e87c262c,02f237708fc67b29f6f4e2ba98f2ef5af248d48b979e000a2091a742ef3fa0df,a7253d33bf8c1c6df5e2238eb8f16cc429bda3f519bf39f8881cea989b171f6b,4873492cb3855b713f236a79dea581dc3be320cd1613187eacddffd4bb179c70,TRUE
T26,Electricity,123,GRU_CONTROLLED_ALTERNATIVE,VALID_COMPLETE,18,0.05947118625044823,experiment://TP2M5B/outputs/gru_receiver_bank/seed_123/electricity/t26/w05/checkpoint.weights.h5,50b9bee0d7efc98310f28f34fa8d3600d6e1fc696c6786e6a0ebd50a95c8c776,ca4e208c5ebf4deb74b9d53eb4c6a358e5920ca794e1ab0b8bc6ba8a257fdb18,02f237708fc67b29f6f4e2ba98f2ef5af248d48b979e000a2091a742ef3fa0df,a7253d33bf8c1c6df5e2238eb8f16cc429bda3f519bf39f8881cea989b171f6b,4873492cb3855b713f236a79dea581dc3be320cd1613187eacddffd4bb179c70,TRUE
T2,Electricity,123,GRU_CONTROLLED_ALTERNATIVE,VALID_COMPLETE,6,5.62589168548584,experiment://TP2M5B/outputs/gru_receiver_bank/seed_123/electricity/t2/w05/checkpoint.weights.h5,260859b9836f20e35d6185cc3263c0c62898caf84f5be4ac5e6e116843253388,6ef4d319c6e852361f65800452db8768c28340d4a8e29003428d42ae813d07d5,02f237708fc67b29f6f4e2ba98f2ef5af248d48b979e000a2091a742ef3fa0df,a7253d33bf8c1c6df5e2238eb8f16cc429bda3f519bf39f8881cea989b171f6b,4873492cb3855b713f236a79dea581dc3be320cd1613187eacddffd4bb179c70,TRUE
T95,Electricity,123,GRU_CONTROLLED_ALTERNATIVE,VALID_COMPLETE,4,1.2299729585647583,experiment://TP2M5B/outputs/gru_receiver_bank/seed_123/electricity/t95/w05/checkpoint.weights.h5,d17c0faff2e96655d38ae5ae5f563f2ae13d66f36ef9f58aa17b5a96c3bcca92,af17b7a27e42753a064213da4c91175f490fa43c736383f9dfa23c00e31eda7a,02f237708fc67b29f6f4e2ba98f2ef5af248d48b979e000a2091a742ef3fa0df,a7253d33bf8c1c6df5e2238eb8f16cc429bda3f519bf39f8881cea989b171f6b,4873492cb3855b713f236a79dea581dc3be320cd1613187eacddffd4bb179c70,TRUE
T100,Electricity,123,GRU_CONTROLLED_ALTERNATIVE,VALID_COMPLETE,16,0.6590099334716797,experiment://TP2M5B/outputs/gru_receiver_bank/seed_123/electricity/t100/w05/checkpoint.weights.h5,9f403602cb0f717cebcbef58164b8c09b1cb2ab41a052ff0c206f71d09c82c9a,5b235db10f76908239ffd115a7b7d920fd30f455dedfc80f5146195e94b9d0ee,02f237708fc67b29f6f4e2ba98f2ef5af248d48b979e000a2091a742ef3fa0df,a7253d33bf8c1c6df5e2238eb8f16cc429bda3f519bf39f8881cea989b171f6b,4873492cb3855b713f236a79dea581dc3be320cd1613187eacddffd4bb179c70,TRUE
T107,Electricity,123,GRU_CONTROLLED_ALTERNATIVE,VALID_COMPLETE,80,0.22458042204380035,experiment://TP2M5B/outputs/gru_receiver_bank/seed_123/electricity/t107/w05/checkpoint.weights.h5,03f0077f2a0ef4e58d2f102c84ffde709420a2df2886d20026edf96983f55e18,83237f05c49f32546612c05bd427914c94445ffe768dbd55d2d64f2d6f2ac001,02f237708fc67b29f6f4e2ba98f2ef5af248d48b979e000a2091a742ef3fa0df,a7253d33bf8c1c6df5e2238eb8f16cc429bda3f519bf39f8881cea989b171f6b,4873492cb3855b713f236a79dea581dc3be320cd1613187eacddffd4bb179c70,TRUE
T1,Electricity,123,GRU_CONTROLLED_ALTERNATIVE,VALID_COMPLETE,1,2.3728623390197754,experiment://TP2M5B/outputs/gru_receiver_bank/seed_123/electricity/t1/w05/checkpoint.weights.h5,9d0b537ddb639bd7579e2f4b7522d45cb96c043012629564fccca171a24818d2,e62dc4c2bba586fbaea4f6c73459d55deeb7a15a3add4999be7bbfd973df40f1,02f237708fc67b29f6f4e2ba98f2ef5af248d48b979e000a2091a742ef3fa0df,a7253d33bf8c1c6df5e2238eb8f16cc429bda3f519bf39f8881cea989b171f6b,4873492cb3855b713f236a79dea581dc3be320cd1613187eacddffd4bb179c70,TRUE
T60,Electricity,123,GRU_CONTROLLED_ALTERNATIVE,VALID_COMPLETE,28,0.5438674688339233,experiment://TP2M5B/outputs/gru_receiver_bank/seed_123/electricity/t60/w05/checkpoint.weights.h5,e544a292ce035ea04a47ad25acb44e6182dde93582b5b63321681562500a4f4f,1dda48f7dbd62d1297a9685fa00e5a4d669e72771c92fedf421974b533890993,02f237708fc67b29f6f4e2ba98f2ef5af248d48b979e000a2091a742ef3fa0df,a7253d33bf8c1c6df5e2238eb8f16cc429bda3f519bf39f8881cea989b171f6b,4873492cb3855b713f236a79dea581dc3be320cd1613187eacddffd4bb179c70,TRUE
T321,Electricity,123,GRU_CONTROLLED_ALTERNATIVE,VALID_COMPLETE,10,0.35295751690864563,experiment://TP2M5B/outputs/gru_receiver_bank/seed_123/electricity/t321/w05/checkpoint.weights.h5,ffbc215c87046b22d4fd3823d08ad7c7cea5b1038e35574d2636f49b435c3bba,2c58947168294ba4d60006b39cbbdd0921748273d88f47f37ca7474b573700df,02f237708fc67b29f6f4e2ba98f2ef5af248d48b979e000a2091a742ef3fa0df,a7253d33bf8c1c6df5e2238eb8f16cc429bda3f519bf39f8881cea989b171f6b,4873492cb3855b713f236a79dea581dc3be320cd1613187eacddffd4bb179c70,TRUE
T237,Electricity,123,GRU_CONTROLLED_ALTERNATIVE,VALID_COMPLETE,21,1.1014339923858643,experiment://TP2M5B/outputs/gru_receiver_bank/seed_123/electricity/t237/w05/checkpoint.weights.h5,8dc2a86c3c8a91563d5935b822740b005f6faae461dca55903c60a431b530a31,2682d49447138f587c58f289332597076a2691bc76e6bfaaed7b3525a4142759,02f237708fc67b29f6f4e2ba98f2ef5af248d48b979e000a2091a742ef3fa0df,a7253d33bf8c1c6df5e2238eb8f16cc429bda3f519bf39f8881cea989b171f6b,4873492cb3855b713f236a79dea581dc3be320cd1613187eacddffd4bb179c70,TRUE
T134,Electricity,123,GRU_CONTROLLED_ALTERNATIVE,VALID_COMPLETE,18,0.15236389636993408,experiment://TP2M5B/outputs/gru_receiver_bank/seed_123/electricity/t134/w05/checkpoint.weights.h5,325facd675658894f0253f385a5be9f63de154558108eb17e28a7eb3f7ac9016,f594c70e7350568c1902c4aa9756250b4970a4bae5e81eecb9b8e5ee99994189,02f237708fc67b29f6f4e2ba98f2ef5af248d48b979e000a2091a742ef3fa0df,a7253d33bf8c1c6df5e2238eb8f16cc429bda3f519bf39f8881cea989b171f6b,4873492cb3855b713f236a79dea581dc3be320cd1613187eacddffd4bb179c70,TRUE
Kaohsiung City,Dengue,123,GRU_CONTROLLED_ALTERNATIVE,VALID_COMPLETE,3,3.1350505352020264,experiment://TP2M5B/outputs/gru_receiver_bank/seed_123/dengue/kaohsiung_city/w05/checkpoint.weights.h5,2660e7ae1e3591c92a81d0fcd96999b2d95cd1fdc7568014841dd919ddb1ef86,3ccf367d54c46c89b2707356f7a564f86cb5306cd1a13a51f6a962f018e4c272,02f237708fc67b29f6f4e2ba98f2ef5af248d48b979e000a2091a742ef3fa0df,a7253d33bf8c1c6df5e2238eb8f16cc429bda3f519bf39f8881cea989b171f6b,24f09a7ac8f32f9eb5213d809bf1b30c1e0621aaac183337b1c86dc80f5a4a1b,TRUE
New Taipei City,Dengue,123,GRU_CONTROLLED_ALTERNATIVE,VALID_COMPLETE,6,4.386780261993408,experiment://TP2M5B/outputs/gru_receiver_bank/seed_123/dengue/new_taipei_city/w05/checkpoint.weights.h5,1638fd1a9b29c5652205ca10c784a31fa92f1c92be8e3666a5a817496478d92e,e63b0eeded64b71603aaae754ce27789cf2d41343395174366993f2d372831aa,02f237708fc67b29f6f4e2ba98f2ef5af248d48b979e000a2091a742ef3fa0df,a7253d33bf8c1c6df5e2238eb8f16cc429bda3f519bf39f8881cea989b171f6b,24f09a7ac8f32f9eb5213d809bf1b30c1e0621aaac183337b1c86dc80f5a4a1b,TRUE
Pingtung County,Dengue,123,GRU_CONTROLLED_ALTERNATIVE,VALID_COMPLETE,2,1.5991246700286865,experiment://TP2M5B/outputs/gru_receiver_bank/seed_123/dengue/pingtung_county/w05/checkpoint.weights.h5,ad0c74069cb837b349cbc90a70e1082ebcd98fde27d676adef56986da6fc530c,e9c893ab86a9f74f30b4070c1a471d170eb5820d692646de36c4d94bfdf39ae3,02f237708fc67b29f6f4e2ba98f2ef5af248d48b979e000a2091a742ef3fa0df,a7253d33bf8c1c6df5e2238eb8f16cc429bda3f519bf39f8881cea989b171f6b,24f09a7ac8f32f9eb5213d809bf1b30c1e0621aaac183337b1c86dc80f5a4a1b,TRUE
Taichung City,Dengue,123,GRU_CONTROLLED_ALTERNATIVE,VALID_COMPLETE,9,2.330521821975708,experiment://TP2M5B/outputs/gru_receiver_bank/seed_123/dengue/taichung_city/w05/checkpoint.weights.h5,da3aa80ab5901f087f18c74109318fbaa2bf5feb640f507362477ddfc4ff1cf1,155b3e6118d97733c81a1b21b338b3b4f0088e9bfe138f380d547b5e1635029c,02f237708fc67b29f6f4e2ba98f2ef5af248d48b979e000a2091a742ef3fa0df,a7253d33bf8c1c6df5e2238eb8f16cc429bda3f519bf39f8881cea989b171f6b,24f09a7ac8f32f9eb5213d809bf1b30c1e0621aaac183337b1c86dc80f5a4a1b,TRUE
Tainan City,Dengue,123,GRU_CONTROLLED_ALTERNATIVE,VALID_COMPLETE,1,1.5940519571304321,experiment://TP2M5B/outputs/gru_receiver_bank/seed_123/dengue/tainan_city/w05/checkpoint.weights.h5,930f66a6f781f0f463d6b3307572baa8f43107b842f097a08efe42e241e583b0,ead2081956ce29bf9ca6bae6f9b5af39e8a237b46891afa5f420ba1362b7f2dc,02f237708fc67b29f6f4e2ba98f2ef5af248d48b979e000a2091a742ef3fa0df,a7253d33bf8c1c6df5e2238eb8f16cc429bda3f519bf39f8881cea989b171f6b,24f09a7ac8f32f9eb5213d809bf1b30c1e0621aaac183337b1c86dc80f5a4a1b,TRUE
Taipei City,Dengue,123,GRU_CONTROLLED_ALTERNATIVE,VALID_COMPLETE,1,2.953653335571289,experiment://TP2M5B/outputs/gru_receiver_bank/seed_123/dengue/taipei_city/w05/checkpoint.weights.h5,cd41a178284aac24201bcd778db9f3f1440f3e34beb34d463b490572069a9b8d,af0253a9803f6507597c028fc0eefead5a68c2c5ec262f61e201dc383c84c931,02f237708fc67b29f6f4e2ba98f2ef5af248d48b979e000a2091a742ef3fa0df,a7253d33bf8c1c6df5e2238eb8f16cc429bda3f519bf39f8881cea989b171f6b,24f09a7ac8f32f9eb5213d809bf1b30c1e0621aaac183337b1c86dc80f5a4a1b,TRUE
Yunlin County,Dengue,123,GRU_CONTROLLED_ALTERNATIVE,VALID_COMPLETE,7,1.2674309015274048,experiment://TP2M5B/outputs/gru_receiver_bank/seed_123/dengue/yunlin_county/w05/checkpoint.weights.h5,85994dc99bf2512181e12df658548c7f5d7350ffd906f8e58285c63c9c5514af,e29bfed043f4c411fa136da4cb97b0adf185dff7c05ef731071e7b03775c9be5,02f237708fc67b29f6f4e2ba98f2ef5af248d48b979e000a2091a742ef3fa0df,a7253d33bf8c1c6df5e2238eb8f16cc429bda3f519bf39f8881cea989b171f6b,24f09a7ac8f32f9eb5213d809bf1b30c1e0621aaac183337b1c86dc80f5a4a1b,TRUE
Australia,WHO,2025,GRU_CONTROLLED_ALTERNATIVE,VALID_COMPLETE,23,0.014761201106011868,experiment://TP2M5B/outputs/gru_receiver_bank/seed_2025/who/australia/w05/checkpoint.weights.h5,66f625c275cefc2a690324ac91e712022b84b5e892f74e27ed97f4a5e36b2fcc,43934fecabe9f9cd125897a2bc6957de18ba490e27d72f2bf7f20081177b0cd9,02f237708fc67b29f6f4e2ba98f2ef5af248d48b979e000a2091a742ef3fa0df,a7253d33bf8c1c6df5e2238eb8f16cc429bda3f519bf39f8881cea989b171f6b,f9f6af1c1217a118b14ac76eddf5bae4080e461eba43ad350d0bb98f2695eeee,TRUE
Austria,WHO,2025,GRU_CONTROLLED_ALTERNATIVE,VALID_COMPLETE,28,1.6867562532424927,experiment://TP2M5B/outputs/gru_receiver_bank/seed_2025/who/austria/w05/checkpoint.weights.h5,ae3b3579083e50608dfb9767771d380fa815a9ab7568121146618753a0cc4f91,bc0491b57cbbff58739a1a587929b26e376fa406fcd5ddde39b7a9cd7722c598,02f237708fc67b29f6f4e2ba98f2ef5af248d48b979e000a2091a742ef3fa0df,a7253d33bf8c1c6df5e2238eb8f16cc429bda3f519bf39f8881cea989b171f6b,f9f6af1c1217a118b14ac76eddf5bae4080e461eba43ad350d0bb98f2695eeee,TRUE
Bangladesh,WHO,2025,GRU_CONTROLLED_ALTERNATIVE,VALID_COMPLETE,27,1.150462031364441,experiment://TP2M5B/outputs/gru_receiver_bank/seed_2025/who/bangladesh/w05/checkpoint.weights.h5,d92514ba787b991cf42457cc320335cd790585a12c3f1d89cef286ebcff0001d,a8f893fab6abd9d4d4ece41222fd8ba9613c36af04132ee1d1d0e0da0f9ae35b,02f237708fc67b29f6f4e2ba98f2ef5af248d48b979e000a2091a742ef3fa0df,a7253d33bf8c1c6df5e2238eb8f16cc429bda3f519bf39f8881cea989b171f6b,f9f6af1c1217a118b14ac76eddf5bae4080e461eba43ad350d0bb98f2695eeee,TRUE
Bhutan,WHO,2025,GRU_CONTROLLED_ALTERNATIVE,VALID_COMPLETE,1,8.047471046447754,experiment://TP2M5B/outputs/gru_receiver_bank/seed_2025/who/bhutan/w05/checkpoint.weights.h5,6c2386e95aefcfb420bffcf0d70cd756af079df3ea2120a4e92e5228312ed176,218203843245f6301726658e191b0fa59278f533d2d6c492d87bd80211eacd9f,02f237708fc67b29f6f4e2ba98f2ef5af248d48b979e000a2091a742ef3fa0df,a7253d33bf8c1c6df5e2238eb8f16cc429bda3f519bf39f8881cea989b171f6b,f9f6af1c1217a118b14ac76eddf5bae4080e461eba43ad350d0bb98f2695eeee,TRUE
Brunei Darussalam,WHO,2025,GRU_CONTROLLED_ALTERNATIVE,VALID_COMPLETE,16,2.0655386447906494,experiment://TP2M5B/outputs/gru_receiver_bank/seed_2025/who/brunei_darussalam/w05/checkpoint.weights.h5,7a8dc22fe3b9897e0ace107fdc60dc475f65bd388d5eaf2d3a2f955a02aa2d76,64e7892846a47624abe724a83272748774440a9c1f4b04363adf2e8d9a76741f,02f237708fc67b29f6f4e2ba98f2ef5af248d48b979e000a2091a742ef3fa0df,a7253d33bf8c1c6df5e2238eb8f16cc429bda3f519bf39f8881cea989b171f6b,f9f6af1c1217a118b14ac76eddf5bae4080e461eba43ad350d0bb98f2695eeee,TRUE
Cambodia,WHO,2025,GRU_CONTROLLED_ALTERNATIVE,VALID_COMPLETE,11,2.3599255084991455,experiment://TP2M5B/outputs/gru_receiver_bank/seed_2025/who/cambodia/w05/checkpoint.weights.h5,b1443e467ee2f776f2d6010daa6e0fbf4dbe1fd2efc164756a92b6d6ae1120e4,666018045d42151ae3cb56cd5718dbb4be6e815ba191304e0ec4f1fd88d4f6cc,02f237708fc67b29f6f4e2ba98f2ef5af248d48b979e000a2091a742ef3fa0df,a7253d33bf8c1c6df5e2238eb8f16cc429bda3f519bf39f8881cea989b171f6b,f9f6af1c1217a118b14ac76eddf5bae4080e461eba43ad350d0bb98f2695eeee,TRUE
China,WHO,2025,GRU_CONTROLLED_ALTERNATIVE,VALID_COMPLETE,5,3.5276362895965576,experiment://TP2M5B/outputs/gru_receiver_bank/seed_2025/who/china/w05/checkpoint.weights.h5,b68ee2272b32fe055630d5cf5ac46110ddc41394c9fcf132ca40b977de854541,42dc63e940fd2167ba10a9807c3313925ed007e76b919d64a940e26e86a3859c,02f237708fc67b29f6f4e2ba98f2ef5af248d48b979e000a2091a742ef3fa0df,a7253d33bf8c1c6df5e2238eb8f16cc429bda3f519bf39f8881cea989b171f6b,f9f6af1c1217a118b14ac76eddf5bae4080e461eba43ad350d0bb98f2695eeee,TRUE
Fiji,WHO,2025,GRU_CONTROLLED_ALTERNATIVE,VALID_COMPLETE,2,1.3079662322998047,experiment://TP2M5B/outputs/gru_receiver_bank/seed_2025/who/fiji/w05/checkpoint.weights.h5,f523b3f0e3cb2a69fa44f4c200c9852b5fa0f3a031d9412b907dceca993e066b,7940415fee959ee617d70d0cf8e17651e91fe1386596f3679dbfab572da814ce,02f237708fc67b29f6f4e2ba98f2ef5af248d48b979e000a2091a742ef3fa0df,a7253d33bf8c1c6df5e2238eb8f16cc429bda3f519bf39f8881cea989b171f6b,f9f6af1c1217a118b14ac76eddf5bae4080e461eba43ad350d0bb98f2695eeee,TRUE
French Polynesia,WHO,2025,GRU_CONTROLLED_ALTERNATIVE,VALID_COMPLETE,40,2119.90673828125,experiment://TP2M5B/outputs/gru_receiver_bank/seed_2025/who/french_polynesia/w05/checkpoint.weights.h5,d4569da7e6483fad878123ab41cf1cf3b6010cc4b14f5ee70b23f80802727f04,73336d43047ee8a4ba1ce65358df7e781a2ac0177ee8493d53e0344fefc22e93,02f237708fc67b29f6f4e2ba98f2ef5af248d48b979e000a2091a742ef3fa0df,a7253d33bf8c1c6df5e2238eb8f16cc429bda3f519bf39f8881cea989b171f6b,f9f6af1c1217a118b14ac76eddf5bae4080e461eba43ad350d0bb98f2695eeee,TRUE
Guam,WHO,2025,GRU_CONTROLLED_ALTERNATIVE,VALID_COMPLETE,29,0.848321259021759,experiment://TP2M5B/outputs/gru_receiver_bank/seed_2025/who/guam/w05/checkpoint.weights.h5,ea4ab074ee02caa26f73c0ed315ae605ba0ec96206f3b19d8f6ab1877f68a984,ddfa848612b8225be13614f02daafcf0395d0e5ab6d9cff2da9e98025b0f6212,02f237708fc67b29f6f4e2ba98f2ef5af248d48b979e000a2091a742ef3fa0df,a7253d33bf8c1c6df5e2238eb8f16cc429bda3f519bf39f8881cea989b171f6b,f9f6af1c1217a118b14ac76eddf5bae4080e461eba43ad350d0bb98f2695eeee,TRUE
Lao People's Democratic Republic,WHO,2025,GRU_CONTROLLED_ALTERNATIVE,VALID_COMPLETE,3,1.8074408769607544,experiment://TP2M5B/outputs/gru_receiver_bank/seed_2025/who/lao_people_s_democratic_republic/w05/checkpoint.weights.h5,ed027cdc15c0e3c9d5003fc7adbeed21823a00a8449aec03877604abf0e39a70,8b617d789b7981cb8e2b225d6d8fba54185689c34f80b99a0e6cb12dc64d31e8,02f237708fc67b29f6f4e2ba98f2ef5af248d48b979e000a2091a742ef3fa0df,a7253d33bf8c1c6df5e2238eb8f16cc429bda3f519bf39f8881cea989b171f6b,f9f6af1c1217a118b14ac76eddf5bae4080e461eba43ad350d0bb98f2695eeee,TRUE
Malaysia,WHO,2025,GRU_CONTROLLED_ALTERNATIVE,VALID_COMPLETE,10,1.0430668592453003,experiment://TP2M5B/outputs/gru_receiver_bank/seed_2025/who/malaysia/w05/checkpoint.weights.h5,c0cb2f420e91eaf3e5800061bf5f36d5f0300d35c6260b9253dbef3d4c27b5a8,9dc468bead88c5805eae6f55e129381d73a869df544d03254cb42011ae5188ab,02f237708fc67b29f6f4e2ba98f2ef5af248d48b979e000a2091a742ef3fa0df,a7253d33bf8c1c6df5e2238eb8f16cc429bda3f519bf39f8881cea989b171f6b,f9f6af1c1217a118b14ac76eddf5bae4080e461eba43ad350d0bb98f2695eeee,TRUE
Maldives,WHO,2025,GRU_CONTROLLED_ALTERNATIVE,VALID_COMPLETE,14,2.4688916206359863,experiment://TP2M5B/outputs/gru_receiver_bank/seed_2025/who/maldives/w05/checkpoint.weights.h5,76b8c1be3c17407e5b1829ea962cf0212d8202a0e978e2e19eb47f1e993b308a,09cb8780e4dcc4d2da80211e4fdcaf4929463b88007898a4764ba785227c9afc,02f237708fc67b29f6f4e2ba98f2ef5af248d48b979e000a2091a742ef3fa0df,a7253d33bf8c1c6df5e2238eb8f16cc429bda3f519bf39f8881cea989b171f6b,f9f6af1c1217a118b14ac76eddf5bae4080e461eba43ad350d0bb98f2695eeee,TRUE
Mexico,WHO,2025,GRU_CONTROLLED_ALTERNATIVE,VALID_COMPLETE,25,0.3007456958293915,experiment://TP2M5B/outputs/gru_receiver_bank/seed_2025/who/mexico/w05/checkpoint.weights.h5,cada066a597b7f01573533c93b99fd1ffc1169e2ebcbf56ea646e8d6a928a654,887af0071b8fa22e18b67608b3efa8181afbd0c171619df5db4ea524bbda2a4f,02f237708fc67b29f6f4e2ba98f2ef5af248d48b979e000a2091a742ef3fa0df,a7253d33bf8c1c6df5e2238eb8f16cc429bda3f519bf39f8881cea989b171f6b,f9f6af1c1217a118b14ac76eddf5bae4080e461eba43ad350d0bb98f2695eeee,TRUE
Mongolia,WHO,2025,GRU_CONTROLLED_ALTERNATIVE,VALID_COMPLETE,7,1.9482489824295044,experiment://TP2M5B/outputs/gru_receiver_bank/seed_2025/who/mongolia/w05/checkpoint.weights.h5,c3c20b370d04cb576937c95cf3f463139f3d363fa412d8d867bd92cfbe74c689,c7fed413df3ee61630e49671c78ed1de31824c041bb62587fd883e23bc530636,02f237708fc67b29f6f4e2ba98f2ef5af248d48b979e000a2091a742ef3fa0df,a7253d33bf8c1c6df5e2238eb8f16cc429bda3f519bf39f8881cea989b171f6b,f9f6af1c1217a118b14ac76eddf5bae4080e461eba43ad350d0bb98f2695eeee,TRUE
Myanmar,WHO,2025,GRU_CONTROLLED_ALTERNATIVE,VALID_COMPLETE,17,1.090135097503662,experiment://TP2M5B/outputs/gru_receiver_bank/seed_2025/who/myanmar/w05/checkpoint.weights.h5,7944dffd15d1280b02b9f6cfdbd8c074d94022d0d7e32e7d56be82bcda1eeebf,10ca367e2fe8afc145f5c10104200e47f583ec8ade4da22dda0cc5d55234042a,02f237708fc67b29f6f4e2ba98f2ef5af248d48b979e000a2091a742ef3fa0df,a7253d33bf8c1c6df5e2238eb8f16cc429bda3f519bf39f8881cea989b171f6b,f9f6af1c1217a118b14ac76eddf5bae4080e461eba43ad350d0bb98f2695eeee,TRUE
Nepal,WHO,2025,GRU_CONTROLLED_ALTERNATIVE,VALID_COMPLETE,43,0.7836756110191345,experiment://TP2M5B/outputs/gru_receiver_bank/seed_2025/who/nepal/w05/checkpoint.weights.h5,60897a7a74f403bd0fd96dd28faeebb08ce2b22d54a360e918b3190eec127707,610292dd6a1c391fab6efd04d80e4da630c19c963f6ada6c3a2057a9f6766feb,02f237708fc67b29f6f4e2ba98f2ef5af248d48b979e000a2091a742ef3fa0df,a7253d33bf8c1c6df5e2238eb8f16cc429bda3f519bf39f8881cea989b171f6b,f9f6af1c1217a118b14ac76eddf5bae4080e461eba43ad350d0bb98f2695eeee,TRUE
New Caledonia,WHO,2025,GRU_CONTROLLED_ALTERNATIVE,VALID_COMPLETE,2,5.672449588775635,experiment://TP2M5B/outputs/gru_receiver_bank/seed_2025/who/new_caledonia/w05/checkpoint.weights.h5,5e7207352a01d7c1c07f95d13d9219d1aa72632845a13cf0b413afa48a72e610,4ce3f3af08cc90521a84aee7dd01dbba47b35caf838e8dbc0caa3870164886e9,02f237708fc67b29f6f4e2ba98f2ef5af248d48b979e000a2091a742ef3fa0df,a7253d33bf8c1c6df5e2238eb8f16cc429bda3f519bf39f8881cea989b171f6b,f9f6af1c1217a118b14ac76eddf5bae4080e461eba43ad350d0bb98f2695eeee,TRUE
New Zealand,WHO,2025,GRU_CONTROLLED_ALTERNATIVE,VALID_COMPLETE,2,1.4424512386322021,experiment://TP2M5B/outputs/gru_receiver_bank/seed_2025/who/new_zealand/w05/checkpoint.weights.h5,afc2809d4487dfc1fdf5d8a585c44225defdc3586720552c3a0aebb1f54662af,0afa535868f7adb5274b206b454cf352d3c72002b8789488d550ac974c3a2152,02f237708fc67b29f6f4e2ba98f2ef5af248d48b979e000a2091a742ef3fa0df,a7253d33bf8c1c6df5e2238eb8f16cc429bda3f519bf39f8881cea989b171f6b,f9f6af1c1217a118b14ac76eddf5bae4080e461eba43ad350d0bb98f2695eeee,TRUE
Northern Mariana Islands,WHO,2025,GRU_CONTROLLED_ALTERNATIVE,VALID_COMPLETE,19,12.512774467468262,experiment://TP2M5B/outputs/gru_receiver_bank/seed_2025/who/northern_mariana_islands/w05/checkpoint.weights.h5,e4e01a003a21655d5d0062b8cbdcf0fb61f4aceeac0d55977555cb3be8c2a2b1,142e2e9071c6d3045fb21bb51c07779d52f78bae284078defbc938841512fe57,02f237708fc67b29f6f4e2ba98f2ef5af248d48b979e000a2091a742ef3fa0df,a7253d33bf8c1c6df5e2238eb8f16cc429bda3f519bf39f8881cea989b171f6b,f9f6af1c1217a118b14ac76eddf5bae4080e461eba43ad350d0bb98f2695eeee,TRUE
Palau,WHO,2025,GRU_CONTROLLED_ALTERNATIVE,VALID_COMPLETE,3,8.984618762042373e-05,experiment://TP2M5B/outputs/gru_receiver_bank/seed_2025/who/palau/w05/checkpoint.weights.h5,3edadce552d7d44021e94269f6f458db2ff14244b6235bb2c384f310f12f6a94,129cf42a4d2d2e1f95dcf70f725078fa55a48b7b03b02da59b7dbc19d1b483d2,02f237708fc67b29f6f4e2ba98f2ef5af248d48b979e000a2091a742ef3fa0df,a7253d33bf8c1c6df5e2238eb8f16cc429bda3f519bf39f8881cea989b171f6b,f9f6af1c1217a118b14ac76eddf5bae4080e461eba43ad350d0bb98f2695eeee,TRUE
Papua New Guinea,WHO,2025,GRU_CONTROLLED_ALTERNATIVE,VALID_COMPLETE,1,2.0243756771087646,experiment://TP2M5B/outputs/gru_receiver_bank/seed_2025/who/papua_new_guinea/w05/checkpoint.weights.h5,16e88249f2d73ebe0767928d7592b8442bb31903189fcc9a5e064e459f2caeb5,426b31a28746462be46822a4cb16f90eb9325375a0ad5395c542e85cb486f7ea,02f237708fc67b29f6f4e2ba98f2ef5af248d48b979e000a2091a742ef3fa0df,a7253d33bf8c1c6df5e2238eb8f16cc429bda3f519bf39f8881cea989b171f6b,f9f6af1c1217a118b14ac76eddf5bae4080e461eba43ad350d0bb98f2695eeee,TRUE
Philippines,WHO,2025,GRU_CONTROLLED_ALTERNATIVE,VALID_COMPLETE,2,2.721569538116455,experiment://TP2M5B/outputs/gru_receiver_bank/seed_2025/who/philippines/w05/checkpoint.weights.h5,29db057eb83d9a77dbcfaabc37eb5879e0097323e84902289905f45bda393634,43949f17bcf86484fddea489e1d309ca9ea9951182f7d2069074eb9f5d4d3a76,02f237708fc67b29f6f4e2ba98f2ef5af248d48b979e000a2091a742ef3fa0df,a7253d33bf8c1c6df5e2238eb8f16cc429bda3f519bf39f8881cea989b171f6b,f9f6af1c1217a118b14ac76eddf5bae4080e461eba43ad350d0bb98f2695eeee,TRUE
Singapore,WHO,2025,GRU_CONTROLLED_ALTERNATIVE,VALID_COMPLETE,37,1.2079393863677979,experiment://TP2M5B/outputs/gru_receiver_bank/seed_2025/who/singapore/w05/checkpoint.weights.h5,aa78011cd3b42661850d8a46750fbcaa430d0b2312e0eb0291275e17c206460f,5bf63f0eb8c010d1feecc8ec75ca47a2614bfb7ed048c16e06c85c4be58f4134,02f237708fc67b29f6f4e2ba98f2ef5af248d48b979e000a2091a742ef3fa0df,a7253d33bf8c1c6df5e2238eb8f16cc429bda3f519bf39f8881cea989b171f6b,f9f6af1c1217a118b14ac76eddf5bae4080e461eba43ad350d0bb98f2695eeee,TRUE
Sri Lanka,WHO,2025,GRU_CONTROLLED_ALTERNATIVE,VALID_COMPLETE,42,91.39563751220703,experiment://TP2M5B/outputs/gru_receiver_bank/seed_2025/who/sri_lanka/w05/checkpoint.weights.h5,9d3b0af93a2d4b549a3659da09443f2fe4b553d4668403d6ead135ea063baceb,f1a7fb3734ffccbc1be38a901629ff114e93e92a0986743eb9a7cdec9928e3b8,02f237708fc67b29f6f4e2ba98f2ef5af248d48b979e000a2091a742ef3fa0df,a7253d33bf8c1c6df5e2238eb8f16cc429bda3f519bf39f8881cea989b171f6b,f9f6af1c1217a118b14ac76eddf5bae4080e461eba43ad350d0bb98f2695eeee,TRUE
Switzerland,WHO,2025,GRU_CONTROLLED_ALTERNATIVE,VALID_COMPLETE,20,0.1341841071844101,experiment://TP2M5B/outputs/gru_receiver_bank/seed_2025/who/switzerland/w05/checkpoint.weights.h5,10ec64ceb75175605fe5efcca68bd39f8685366d565cc841eca1a6b419112230,93dc0b1a0172797a353c730af1f623a1712f4cb385b25989150fdcb494002997,02f237708fc67b29f6f4e2ba98f2ef5af248d48b979e000a2091a742ef3fa0df,a7253d33bf8c1c6df5e2238eb8f16cc429bda3f519bf39f8881cea989b171f6b,f9f6af1c1217a118b14ac76eddf5bae4080e461eba43ad350d0bb98f2695eeee,TRUE
Thailand,WHO,2025,GRU_CONTROLLED_ALTERNATIVE,VALID_COMPLETE,6,2.1287362575531006,experiment://TP2M5B/outputs/gru_receiver_bank/seed_2025/who/thailand/w05/checkpoint.weights.h5,27711aa1199001dbf4eb29d446f5e276fa8d0947e40172b644059b31d21194a1,16df9971ef9e86923b64b649abd4544fce4e79351b6c64d67bae705958724239,02f237708fc67b29f6f4e2ba98f2ef5af248d48b979e000a2091a742ef3fa0df,a7253d33bf8c1c6df5e2238eb8f16cc429bda3f519bf39f8881cea989b171f6b,f9f6af1c1217a118b14ac76eddf5bae4080e461eba43ad350d0bb98f2695eeee,TRUE
Timor-Leste,WHO,2025,GRU_CONTROLLED_ALTERNATIVE,VALID_COMPLETE,2,1.4503282308578491,experiment://TP2M5B/outputs/gru_receiver_bank/seed_2025/who/timor_leste/w05/checkpoint.weights.h5,8f5f5033b6c5f42053b4ed8ef2721f0cc5a3dc64758d27250b068406a3fb1be3,0dce51705ffcbd7c7490bc1d0658fe29d942e6827526b8ff4df1a2e0d69d8bd1,02f237708fc67b29f6f4e2ba98f2ef5af248d48b979e000a2091a742ef3fa0df,a7253d33bf8c1c6df5e2238eb8f16cc429bda3f519bf39f8881cea989b171f6b,f9f6af1c1217a118b14ac76eddf5bae4080e461eba43ad350d0bb98f2695eeee,TRUE
United Kingdom of Great Britain and Northern Ireland,WHO,2025,GRU_CONTROLLED_ALTERNATIVE,VALID_COMPLETE,26,0.13874617218971252,experiment://TP2M5B/outputs/gru_receiver_bank/seed_2025/who/united_kingdom_of_great_britain_and_northern_ireland/w05/checkpoint.weights.h5,06300e2362ebb264a599d0388acd2a726aaf792d325e1d5d71642b3a4a8c8fd0,6ddb08c50295e45b49691d819ef50d9f94763d055791af8358c18f9f99f15b2b,02f237708fc67b29f6f4e2ba98f2ef5af248d48b979e000a2091a742ef3fa0df,a7253d33bf8c1c6df5e2238eb8f16cc429bda3f519bf39f8881cea989b171f6b,f9f6af1c1217a118b14ac76eddf5bae4080e461eba43ad350d0bb98f2695eeee,TRUE
Vanuatu,WHO,2025,GRU_CONTROLLED_ALTERNATIVE,VALID_COMPLETE,2,0.34433358907699585,experiment://TP2M5B/outputs/gru_receiver_bank/seed_2025/who/vanuatu/w05/checkpoint.weights.h5,9ba5fba9883be4946a0df9de8c48cac726949f3b38af5014d2d2937fc3b611e8,a921fed5b7988e63424f891adc3cefe6053b2023b9b707022d86e7ad25d559ab,02f237708fc67b29f6f4e2ba98f2ef5af248d48b979e000a2091a742ef3fa0df,a7253d33bf8c1c6df5e2238eb8f16cc429bda3f519bf39f8881cea989b171f6b,f9f6af1c1217a118b14ac76eddf5bae4080e461eba43ad350d0bb98f2695eeee,TRUE
Viet Nam,WHO,2025,GRU_CONTROLLED_ALTERNATIVE,VALID_COMPLETE,84,333.957763671875,experiment://TP2M5B/outputs/gru_receiver_bank/seed_2025/who/viet_nam/w05/checkpoint.weights.h5,a9848c8806504000e6dd3d9e3ed703e4b929cb1869f3630ebb33571b7d5242d2,beed2e1b0ac770e8a620942f3de79e641717821bd32eb9e7cf8ceaa92d3686b4,02f237708fc67b29f6f4e2ba98f2ef5af248d48b979e000a2091a742ef3fa0df,a7253d33bf8c1c6df5e2238eb8f16cc429bda3f519bf39f8881cea989b171f6b,f9f6af1c1217a118b14ac76eddf5bae4080e461eba43ad350d0bb98f2695eeee,TRUE
T7,Electricity,2025,GRU_CONTROLLED_ALTERNATIVE,VALID_COMPLETE,25,0.5850791931152344,experiment://TP2M5B/outputs/gru_receiver_bank/seed_2025/electricity/t7/w05/checkpoint.weights.h5,a047bc6460ea05f1e91dc91960f8eed0a2ed39f64a5e3760b004faf38a188479,ba254e2cea2f9e8d549984e889f444b4e5105ed387fa8fe74cc1d0a21824a52a,02f237708fc67b29f6f4e2ba98f2ef5af248d48b979e000a2091a742ef3fa0df,a7253d33bf8c1c6df5e2238eb8f16cc429bda3f519bf39f8881cea989b171f6b,4873492cb3855b713f236a79dea581dc3be320cd1613187eacddffd4bb179c70,TRUE
T314,Electricity,2025,GRU_CONTROLLED_ALTERNATIVE,VALID_COMPLETE,23,2.509516954421997,experiment://TP2M5B/outputs/gru_receiver_bank/seed_2025/electricity/t314/w05/checkpoint.weights.h5,0aff1708e303b390cea617f98a346f545fe8b916778ae23ddee88dbd13e683aa,0ec3a273842e9c07b69d12657bba259908c9840e037aff4569bf50b9603c9e8d,02f237708fc67b29f6f4e2ba98f2ef5af248d48b979e000a2091a742ef3fa0df,a7253d33bf8c1c6df5e2238eb8f16cc429bda3f519bf39f8881cea989b171f6b,4873492cb3855b713f236a79dea581dc3be320cd1613187eacddffd4bb179c70,TRUE
T118,Electricity,2025,GRU_CONTROLLED_ALTERNATIVE,VALID_COMPLETE,30,0.6112623810768127,experiment://TP2M5B/outputs/gru_receiver_bank/seed_2025/electricity/t118/w05/checkpoint.weights.h5,37b3f473a66f055b93853f46c0277ab06255f1f8b3486bfe2e2bf6931498af51,7cd0f06b6c3bb052b1212d2a9c9010d41d6906412521eb7fafd4600f461604a7,02f237708fc67b29f6f4e2ba98f2ef5af248d48b979e000a2091a742ef3fa0df,a7253d33bf8c1c6df5e2238eb8f16cc429bda3f519bf39f8881cea989b171f6b,4873492cb3855b713f236a79dea581dc3be320cd1613187eacddffd4bb179c70,TRUE
T108,Electricity,2025,GRU_CONTROLLED_ALTERNATIVE,VALID_COMPLETE,13,0.2228405475616455,experiment://TP2M5B/outputs/gru_receiver_bank/seed_2025/electricity/t108/w05/checkpoint.weights.h5,aa631416fc6802b8d308f27cad9560e1e71ae638a2303b6fa926c250ec05a1e0,e0237008994f4df3709b8e2b01ef877636e797c1a3dcc91a8003563166b39081,02f237708fc67b29f6f4e2ba98f2ef5af248d48b979e000a2091a742ef3fa0df,a7253d33bf8c1c6df5e2238eb8f16cc429bda3f519bf39f8881cea989b171f6b,4873492cb3855b713f236a79dea581dc3be320cd1613187eacddffd4bb179c70,TRUE
T84,Electricity,2025,GRU_CONTROLLED_ALTERNATIVE,VALID_COMPLETE,26,0.47138461470603943,experiment://TP2M5B/outputs/gru_receiver_bank/seed_2025/electricity/t84/w05/checkpoint.weights.h5,28300500273a4c4b9b544342f9768f02128299c6254bebd1ec1faefa58d3a98f,467aa443f763e92b63b4148972e2d35f6fa3b3d707b87e7e495264bf794776ad,02f237708fc67b29f6f4e2ba98f2ef5af248d48b979e000a2091a742ef3fa0df,a7253d33bf8c1c6df5e2238eb8f16cc429bda3f519bf39f8881cea989b171f6b,4873492cb3855b713f236a79dea581dc3be320cd1613187eacddffd4bb179c70,TRUE
T106,Electricity,2025,GRU_CONTROLLED_ALTERNATIVE,VALID_COMPLETE,18,0.3468860685825348,experiment://TP2M5B/outputs/gru_receiver_bank/seed_2025/electricity/t106/w05/checkpoint.weights.h5,5e93693f91a9b90274fdade2efc5f1406ca6d768be5d999177128838b376244a,95e61b2ed68cd9162d0659d765da2fd8846b4bb6996160e126f6e9a179e50099,02f237708fc67b29f6f4e2ba98f2ef5af248d48b979e000a2091a742ef3fa0df,a7253d33bf8c1c6df5e2238eb8f16cc429bda3f519bf39f8881cea989b171f6b,4873492cb3855b713f236a79dea581dc3be320cd1613187eacddffd4bb179c70,TRUE
T318,Electricity,2025,GRU_CONTROLLED_ALTERNATIVE,VALID_COMPLETE,26,0.31651967763900757,experiment://TP2M5B/outputs/gru_receiver_bank/seed_2025/electricity/t318/w05/checkpoint.weights.h5,abe60b98251d9f46aadbe840d1607e952500e692a0cb31d16eacbfbdb3801086,31e94b81eab0a3e2bf501a72ecdfa532cb8ddff0ea8e328381488f4658f2ed1d,02f237708fc67b29f6f4e2ba98f2ef5af248d48b979e000a2091a742ef3fa0df,a7253d33bf8c1c6df5e2238eb8f16cc429bda3f519bf39f8881cea989b171f6b,4873492cb3855b713f236a79dea581dc3be320cd1613187eacddffd4bb179c70,TRUE
T82,Electricity,2025,GRU_CONTROLLED_ALTERNATIVE,VALID_COMPLETE,30,0.3021063804626465,experiment://TP2M5B/outputs/gru_receiver_bank/seed_2025/electricity/t82/w05/checkpoint.weights.h5,44d8daf319c6d1f1bdac7af21e0a27b37078276d63597925c7a934fcb33c5b6e,6095f9ef5b352b1c35cc4db96112fcba44e8d5ff3f9add574fd20599c93271b8,02f237708fc67b29f6f4e2ba98f2ef5af248d48b979e000a2091a742ef3fa0df,a7253d33bf8c1c6df5e2238eb8f16cc429bda3f519bf39f8881cea989b171f6b,4873492cb3855b713f236a79dea581dc3be320cd1613187eacddffd4bb179c70,TRUE
T128,Electricity,2025,GRU_CONTROLLED_ALTERNATIVE,VALID_COMPLETE,35,0.12458393722772598,experiment://TP2M5B/outputs/gru_receiver_bank/seed_2025/electricity/t128/w05/checkpoint.weights.h5,23cefbb27a35c8b3556c2ddb7ea3d4b71b2f35f1362ef0618b575d9b3f4f683c,45d7ffb8e5794e14107f26e6f594b3610f7847c31e6ccde12518d9575aab2e46,02f237708fc67b29f6f4e2ba98f2ef5af248d48b979e000a2091a742ef3fa0df,a7253d33bf8c1c6df5e2238eb8f16cc429bda3f519bf39f8881cea989b171f6b,4873492cb3855b713f236a79dea581dc3be320cd1613187eacddffd4bb179c70,TRUE
T129,Electricity,2025,GRU_CONTROLLED_ALTERNATIVE,VALID_COMPLETE,23,0.3333306908607483,experiment://TP2M5B/outputs/gru_receiver_bank/seed_2025/electricity/t129/w05/checkpoint.weights.h5,f427417a6f8512edef36cc4df1740a51d2104042065fe882d0c55329660a50cc,0c5244890ed78b6dced90eee79f6eb211cfc3afbc9dcb0d992f69568e224502f,02f237708fc67b29f6f4e2ba98f2ef5af248d48b979e000a2091a742ef3fa0df,a7253d33bf8c1c6df5e2238eb8f16cc429bda3f519bf39f8881cea989b171f6b,4873492cb3855b713f236a79dea581dc3be320cd1613187eacddffd4bb179c70,TRUE
T104,Electricity,2025,GRU_CONTROLLED_ALTERNATIVE,VALID_COMPLETE,20,0.04513809457421303,experiment://TP2M5B/outputs/gru_receiver_bank/seed_2025/electricity/t104/w05/checkpoint.weights.h5,4ab5e67dc83ca26ed460b43ac93b78737d0a8021d8c5c13bf2724a7d2218cfb6,95ad2c4abb426e5f83e61023199a65b72ea55984e2e9baa4004798b4edfb405d,02f237708fc67b29f6f4e2ba98f2ef5af248d48b979e000a2091a742ef3fa0df,a7253d33bf8c1c6df5e2238eb8f16cc429bda3f519bf39f8881cea989b171f6b,4873492cb3855b713f236a79dea581dc3be320cd1613187eacddffd4bb179c70,TRUE
T85,Electricity,2025,GRU_CONTROLLED_ALTERNATIVE,VALID_COMPLETE,24,0.701185405254364,experiment://TP2M5B/outputs/gru_receiver_bank/seed_2025/electricity/t85/w05/checkpoint.weights.h5,da1f76a80298fbf8d6e7599f48cbe621a7347db982cb534b6b90311674defdff,c0bfa696814a8b8de3b522a04c33676b939526ba40aa0205fbc0401e4f03780f,02f237708fc67b29f6f4e2ba98f2ef5af248d48b979e000a2091a742ef3fa0df,a7253d33bf8c1c6df5e2238eb8f16cc429bda3f519bf39f8881cea989b171f6b,4873492cb3855b713f236a79dea581dc3be320cd1613187eacddffd4bb179c70,TRUE
T86,Electricity,2025,GRU_CONTROLLED_ALTERNATIVE,VALID_COMPLETE,17,0.045652277767658234,experiment://TP2M5B/outputs/gru_receiver_bank/seed_2025/electricity/t86/w05/checkpoint.weights.h5,0147352a10f79f7c49746e3a1abc56e73b02d37f8b6a057545abe85b049f40a0,25d3408ea0a2234e642682579c9c4c408e75bac732bfd4b02793bf87b488a6f0,02f237708fc67b29f6f4e2ba98f2ef5af248d48b979e000a2091a742ef3fa0df,a7253d33bf8c1c6df5e2238eb8f16cc429bda3f519bf39f8881cea989b171f6b,4873492cb3855b713f236a79dea581dc3be320cd1613187eacddffd4bb179c70,TRUE
T135,Electricity,2025,GRU_CONTROLLED_ALTERNATIVE,VALID_COMPLETE,48,0.06140885874629021,experiment://TP2M5B/outputs/gru_receiver_bank/seed_2025/electricity/t135/w05/checkpoint.weights.h5,76b2df3f68fd1de9ba1488e60609f23e888d74c155a0eb9dadc42d706ad63900,b14e0da4885676a9f1f2104458923b4c933912e4c80715b3233e767f54e103d2,02f237708fc67b29f6f4e2ba98f2ef5af248d48b979e000a2091a742ef3fa0df,a7253d33bf8c1c6df5e2238eb8f16cc429bda3f519bf39f8881cea989b171f6b,4873492cb3855b713f236a79dea581dc3be320cd1613187eacddffd4bb179c70,TRUE
T144,Electricity,2025,GRU_CONTROLLED_ALTERNATIVE,VALID_COMPLETE,15,0.9567722678184509,experiment://TP2M5B/outputs/gru_receiver_bank/seed_2025/electricity/t144/w05/checkpoint.weights.h5,0cc3fe8b5a073d30dd6f34bbc425607d57ef326fb133813fadafc92596199a8e,b103874dbf35d9145ed78e9b0da8aee8f59a3736c5a8e7ec31502fdf95df4ced,02f237708fc67b29f6f4e2ba98f2ef5af248d48b979e000a2091a742ef3fa0df,a7253d33bf8c1c6df5e2238eb8f16cc429bda3f519bf39f8881cea989b171f6b,4873492cb3855b713f236a79dea581dc3be320cd1613187eacddffd4bb179c70,TRUE
T20,Electricity,2025,GRU_CONTROLLED_ALTERNATIVE,VALID_COMPLETE,16,0.31321507692337036,experiment://TP2M5B/outputs/gru_receiver_bank/seed_2025/electricity/t20/w05/checkpoint.weights.h5,ffd090c07a21dea6ca029ee6ca90098011f1aa2e613bb480ebf8b0fb9d941c4b,546b7f56cc9afe23843a80d9dd87d35fc59368e75f16d9b6d90a862ff42bca54,02f237708fc67b29f6f4e2ba98f2ef5af248d48b979e000a2091a742ef3fa0df,a7253d33bf8c1c6df5e2238eb8f16cc429bda3f519bf39f8881cea989b171f6b,4873492cb3855b713f236a79dea581dc3be320cd1613187eacddffd4bb179c70,TRUE
T234,Electricity,2025,GRU_CONTROLLED_ALTERNATIVE,VALID_COMPLETE,18,1.6055749654769897,experiment://TP2M5B/outputs/gru_receiver_bank/seed_2025/electricity/t234/w05/checkpoint.weights.h5,ea9a7647620326caf969ca476024178b12de38c1b889655e4e6afaf07a892023,847e6593d000c26ab79ef00c75a6dc677ce974dff19e6e2192fef89f9a1d732f,02f237708fc67b29f6f4e2ba98f2ef5af248d48b979e000a2091a742ef3fa0df,a7253d33bf8c1c6df5e2238eb8f16cc429bda3f519bf39f8881cea989b171f6b,4873492cb3855b713f236a79dea581dc3be320cd1613187eacddffd4bb179c70,TRUE
T115,Electricity,2025,GRU_CONTROLLED_ALTERNATIVE,VALID_COMPLETE,26,43.6134147644043,experiment://TP2M5B/outputs/gru_receiver_bank/seed_2025/electricity/t115/w05/checkpoint.weights.h5,2ea5cfbbe7806a603d65d733d0996fc15da220254fb445f7ba321fcb4452fe01,a7f6755a979065cf526357fa6bb350fc369a4256f9ff2cc8d72557d420e1a2cf,02f237708fc67b29f6f4e2ba98f2ef5af248d48b979e000a2091a742ef3fa0df,a7253d33bf8c1c6df5e2238eb8f16cc429bda3f519bf39f8881cea989b171f6b,4873492cb3855b713f236a79dea581dc3be320cd1613187eacddffd4bb179c70,TRUE
T3,Electricity,2025,GRU_CONTROLLED_ALTERNATIVE,VALID_COMPLETE,1,2.921010971069336,experiment://TP2M5B/outputs/gru_receiver_bank/seed_2025/electricity/t3/w05/checkpoint.weights.h5,45cbe16dee826223b88be5b1e8ecc20730d1d3c61b319f2b95135a2476015a7e,4998018db78a9cd138638b1a6b441074b5f568905e6a9ae4382255164d775b4e,02f237708fc67b29f6f4e2ba98f2ef5af248d48b979e000a2091a742ef3fa0df,a7253d33bf8c1c6df5e2238eb8f16cc429bda3f519bf39f8881cea989b171f6b,4873492cb3855b713f236a79dea581dc3be320cd1613187eacddffd4bb179c70,TRUE
T30,Electricity,2025,GRU_CONTROLLED_ALTERNATIVE,VALID_COMPLETE,8,0.6101773381233215,experiment://TP2M5B/outputs/gru_receiver_bank/seed_2025/electricity/t30/w05/checkpoint.weights.h5,7435c306021d3fbaf1348e020729ed44de94621934231ecd6942b0943c68b077,50b5fa806800e8916631fabea026d9622f4a858797ca6696bd487881e3eab94a,02f237708fc67b29f6f4e2ba98f2ef5af248d48b979e000a2091a742ef3fa0df,a7253d33bf8c1c6df5e2238eb8f16cc429bda3f519bf39f8881cea989b171f6b,4873492cb3855b713f236a79dea581dc3be320cd1613187eacddffd4bb179c70,TRUE
T208,Electricity,2025,GRU_CONTROLLED_ALTERNATIVE,VALID_COMPLETE,1,4.02412748336792,experiment://TP2M5B/outputs/gru_receiver_bank/seed_2025/electricity/t208/w05/checkpoint.weights.h5,5a5cf3c32bceeaf5b5b0717edcb9ff6551f14288549bff640f8866993ad47053,ecf64f939d400f762c5bc8c05a93ec6de2c0007196b333ce8910bc16035b5426,02f237708fc67b29f6f4e2ba98f2ef5af248d48b979e000a2091a742ef3fa0df,a7253d33bf8c1c6df5e2238eb8f16cc429bda3f519bf39f8881cea989b171f6b,4873492cb3855b713f236a79dea581dc3be320cd1613187eacddffd4bb179c70,TRUE
T316,Electricity,2025,GRU_CONTROLLED_ALTERNATIVE,VALID_COMPLETE,2,1.5028530359268188,experiment://TP2M5B/outputs/gru_receiver_bank/seed_2025/electricity/t316/w05/checkpoint.weights.h5,fcc6ed067f91e5ae8ceb878ee8e2e3b184d231510a6d72fc0d7934cc961be93c,87b5a277f8dd91fad7b82106b0688e31f2058555284ba746227dcb3bec2af217,02f237708fc67b29f6f4e2ba98f2ef5af248d48b979e000a2091a742ef3fa0df,a7253d33bf8c1c6df5e2238eb8f16cc429bda3f519bf39f8881cea989b171f6b,4873492cb3855b713f236a79dea581dc3be320cd1613187eacddffd4bb179c70,TRUE
T249,Electricity,2025,GRU_CONTROLLED_ALTERNATIVE,VALID_COMPLETE,11,0.6966209411621094,experiment://TP2M5B/outputs/gru_receiver_bank/seed_2025/electricity/t249/w05/checkpoint.weights.h5,bf400c4643f8bff0dcb74a2b72d648a7d4b13170fa9b995334b1915d05ed1826,1efd4f461a8d0a82cb8dc7c64f53b2412e0dd7eed5d85683a7b8270a512f4cd5,02f237708fc67b29f6f4e2ba98f2ef5af248d48b979e000a2091a742ef3fa0df,a7253d33bf8c1c6df5e2238eb8f16cc429bda3f519bf39f8881cea989b171f6b,4873492cb3855b713f236a79dea581dc3be320cd1613187eacddffd4bb179c70,TRUE
T133,Electricity,2025,GRU_CONTROLLED_ALTERNATIVE,VALID_COMPLETE,6,0.14150558412075043,experiment://TP2M5B/outputs/gru_receiver_bank/seed_2025/electricity/t133/w05/checkpoint.weights.h5,a159220e925c5c339c4b75b6067d2ebe268156aed40dfd34fa5de556d16b8a2b,ae81fdebaf493f7ebe29f17bba90d44bc61f2d33387a3e42acc0addbf5aa5285,02f237708fc67b29f6f4e2ba98f2ef5af248d48b979e000a2091a742ef3fa0df,a7253d33bf8c1c6df5e2238eb8f16cc429bda3f519bf39f8881cea989b171f6b,4873492cb3855b713f236a79dea581dc3be320cd1613187eacddffd4bb179c70,TRUE
T224,Electricity,2025,GRU_CONTROLLED_ALTERNATIVE,VALID_COMPLETE,5,1.6565208435058594,experiment://TP2M5B/outputs/gru_receiver_bank/seed_2025/electricity/t224/w05/checkpoint.weights.h5,a6b5879a2d7482e38d75fcbafc8293962d04684a901c6bd4bf6d868a53601124,a2f65fa1fcb595428a77fa6422db06cdbe53c8b1db371c1d09883b50f195f0f3,02f237708fc67b29f6f4e2ba98f2ef5af248d48b979e000a2091a742ef3fa0df,a7253d33bf8c1c6df5e2238eb8f16cc429bda3f519bf39f8881cea989b171f6b,4873492cb3855b713f236a79dea581dc3be320cd1613187eacddffd4bb179c70,TRUE
T11,Electricity,2025,GRU_CONTROLLED_ALTERNATIVE,VALID_COMPLETE,22,0.9456380009651184,experiment://TP2M5B/outputs/gru_receiver_bank/seed_2025/electricity/t11/w05/checkpoint.weights.h5,ec178f0b8c5a0fd3a9f266be37d52c28348721a8ca643df874564c0b8655f816,db5ca5ffe7aeb9c355c391934854ed48f2704b86c2a5b981102d25314978d524,02f237708fc67b29f6f4e2ba98f2ef5af248d48b979e000a2091a742ef3fa0df,a7253d33bf8c1c6df5e2238eb8f16cc429bda3f519bf39f8881cea989b171f6b,4873492cb3855b713f236a79dea581dc3be320cd1613187eacddffd4bb179c70,TRUE
T125,Electricity,2025,GRU_CONTROLLED_ALTERNATIVE,VALID_COMPLETE,26,0.05467713251709938,experiment://TP2M5B/outputs/gru_receiver_bank/seed_2025/electricity/t125/w05/checkpoint.weights.h5,1dc369facaccfffb878ba6e29662cb1e628c233981a86d0be50afb82f5f39d23,34cae8792638f077816bacb10ef3ae8743702e1aad909e99aaef7211ed6a76d2,02f237708fc67b29f6f4e2ba98f2ef5af248d48b979e000a2091a742ef3fa0df,a7253d33bf8c1c6df5e2238eb8f16cc429bda3f519bf39f8881cea989b171f6b,4873492cb3855b713f236a79dea581dc3be320cd1613187eacddffd4bb179c70,TRUE
T26,Electricity,2025,GRU_CONTROLLED_ALTERNATIVE,VALID_COMPLETE,20,0.05442060902714729,experiment://TP2M5B/outputs/gru_receiver_bank/seed_2025/electricity/t26/w05/checkpoint.weights.h5,6a61a03c04c7b749c5da3aaa48f23b3ecbc46247cce6e8a81511a522ab387b4f,51694dcf2057af6aed4f59480c8de7bb4345a1417cdfad5b58448a68d85c86d3,02f237708fc67b29f6f4e2ba98f2ef5af248d48b979e000a2091a742ef3fa0df,a7253d33bf8c1c6df5e2238eb8f16cc429bda3f519bf39f8881cea989b171f6b,4873492cb3855b713f236a79dea581dc3be320cd1613187eacddffd4bb179c70,TRUE
T2,Electricity,2025,GRU_CONTROLLED_ALTERNATIVE,VALID_COMPLETE,6,5.683785438537598,experiment://TP2M5B/outputs/gru_receiver_bank/seed_2025/electricity/t2/w05/checkpoint.weights.h5,902c3bc2f69272a03eb62c57ec3ab62759cb58b0df88aea100a36bd5adf065db,0f18391bcf2197200e63009fcef2299d6656f735b94eabf7eb01422029390201,02f237708fc67b29f6f4e2ba98f2ef5af248d48b979e000a2091a742ef3fa0df,a7253d33bf8c1c6df5e2238eb8f16cc429bda3f519bf39f8881cea989b171f6b,4873492cb3855b713f236a79dea581dc3be320cd1613187eacddffd4bb179c70,TRUE
T95,Electricity,2025,GRU_CONTROLLED_ALTERNATIVE,VALID_COMPLETE,5,1.2826071977615356,experiment://TP2M5B/outputs/gru_receiver_bank/seed_2025/electricity/t95/w05/checkpoint.weights.h5,f9c75316c5a2f3f872c6cd2fffae63c8a80a8581d04d93d1a2bf4198f52d30ab,7f4bbea7d50eb4c892ee1f460ffeab2bff273e1c2de3306951edc75fd91a190d,02f237708fc67b29f6f4e2ba98f2ef5af248d48b979e000a2091a742ef3fa0df,a7253d33bf8c1c6df5e2238eb8f16cc429bda3f519bf39f8881cea989b171f6b,4873492cb3855b713f236a79dea581dc3be320cd1613187eacddffd4bb179c70,TRUE
T100,Electricity,2025,GRU_CONTROLLED_ALTERNATIVE,VALID_COMPLETE,12,0.6530703902244568,experiment://TP2M5B/outputs/gru_receiver_bank/seed_2025/electricity/t100/w05/checkpoint.weights.h5,20d2b7b2e4ac817834c5faa752212254854b6ce618c74e68b0a8852c42be1ea6,dc960223e89cbb04d85d08e4fb2f62abb1f60594c17ce3577160c4f15b319620,02f237708fc67b29f6f4e2ba98f2ef5af248d48b979e000a2091a742ef3fa0df,a7253d33bf8c1c6df5e2238eb8f16cc429bda3f519bf39f8881cea989b171f6b,4873492cb3855b713f236a79dea581dc3be320cd1613187eacddffd4bb179c70,TRUE
T107,Electricity,2025,GRU_CONTROLLED_ALTERNATIVE,VALID_COMPLETE,31,0.39539244771003723,experiment://TP2M5B/outputs/gru_receiver_bank/seed_2025/electricity/t107/w05/checkpoint.weights.h5,22f78b2608680b5f40fd0e9a500c903a6afd1f757feac88cd91b3122be3dc73e,848448276aa54ebd0350363b540afe14d936fb42dc923660c341d8a92913f507,02f237708fc67b29f6f4e2ba98f2ef5af248d48b979e000a2091a742ef3fa0df,a7253d33bf8c1c6df5e2238eb8f16cc429bda3f519bf39f8881cea989b171f6b,4873492cb3855b713f236a79dea581dc3be320cd1613187eacddffd4bb179c70,TRUE
T1,Electricity,2025,GRU_CONTROLLED_ALTERNATIVE,VALID_COMPLETE,1,2.4704439640045166,experiment://TP2M5B/outputs/gru_receiver_bank/seed_2025/electricity/t1/w05/checkpoint.weights.h5,c6309b610c1f4ea7a4277c737c83a047444ea77477f7b1068212dbb2002ebe9c,aae24473744a9ac9f3bd0dafc5630c1b5904abb54e35ed94cfb2c277fcfdc064,02f237708fc67b29f6f4e2ba98f2ef5af248d48b979e000a2091a742ef3fa0df,a7253d33bf8c1c6df5e2238eb8f16cc429bda3f519bf39f8881cea989b171f6b,4873492cb3855b713f236a79dea581dc3be320cd1613187eacddffd4bb179c70,TRUE
T60,Electricity,2025,GRU_CONTROLLED_ALTERNATIVE,VALID_COMPLETE,30,0.42415115237236023,experiment://TP2M5B/outputs/gru_receiver_bank/seed_2025/electricity/t60/w05/checkpoint.weights.h5,e134467f9b9f0c3b812e941b1edc0ea8e3e4835eb0a82aae10552f4344e66f04,6be275d1b01130fd87679de862b5368dd581123dfd7bda188cc1f3d1721fae11,02f237708fc67b29f6f4e2ba98f2ef5af248d48b979e000a2091a742ef3fa0df,a7253d33bf8c1c6df5e2238eb8f16cc429bda3f519bf39f8881cea989b171f6b,4873492cb3855b713f236a79dea581dc3be320cd1613187eacddffd4bb179c70,TRUE
T321,Electricity,2025,GRU_CONTROLLED_ALTERNATIVE,VALID_COMPLETE,13,0.4598827362060547,experiment://TP2M5B/outputs/gru_receiver_bank/seed_2025/electricity/t321/w05/checkpoint.weights.h5,243dc332a8fee5e488936059c092f5e60e889956a56fd90d0e1b8dd95ded1f86,9bc822a4bd63c09577006e91dfe145fe099f906e29e04de0a45c93a170a81a24,02f237708fc67b29f6f4e2ba98f2ef5af248d48b979e000a2091a742ef3fa0df,a7253d33bf8c1c6df5e2238eb8f16cc429bda3f519bf39f8881cea989b171f6b,4873492cb3855b713f236a79dea581dc3be320cd1613187eacddffd4bb179c70,TRUE
T237,Electricity,2025,GRU_CONTROLLED_ALTERNATIVE,VALID_COMPLETE,20,1.1083760261535645,experiment://TP2M5B/outputs/gru_receiver_bank/seed_2025/electricity/t237/w05/checkpoint.weights.h5,d9c13d0e25a140a2072a4c90c715ac3077370d025ffd316cba3833f5ceea2887,93fa38f5146de38ff4b667a3eb0abcfb9b45369ff828c5330bc11f2d4824a1c1,02f237708fc67b29f6f4e2ba98f2ef5af248d48b979e000a2091a742ef3fa0df,a7253d33bf8c1c6df5e2238eb8f16cc429bda3f519bf39f8881cea989b171f6b,4873492cb3855b713f236a79dea581dc3be320cd1613187eacddffd4bb179c70,TRUE
T134,Electricity,2025,GRU_CONTROLLED_ALTERNATIVE,VALID_COMPLETE,12,0.15824007987976074,experiment://TP2M5B/outputs/gru_receiver_bank/seed_2025/electricity/t134/w05/checkpoint.weights.h5,882e1776599728b4c72586db584cb46050634619616a0fe58785b4eda626dfdd,9e3fc0a4578474e2bd1af90c9d78c6a24890d6fb50aac0eca9348ad06a0b546b,02f237708fc67b29f6f4e2ba98f2ef5af248d48b979e000a2091a742ef3fa0df,a7253d33bf8c1c6df5e2238eb8f16cc429bda3f519bf39f8881cea989b171f6b,4873492cb3855b713f236a79dea581dc3be320cd1613187eacddffd4bb179c70,TRUE
Kaohsiung City,Dengue,2025,GRU_CONTROLLED_ALTERNATIVE,VALID_COMPLETE,2,3.2002601623535156,experiment://TP2M5B/outputs/gru_receiver_bank/seed_2025/dengue/kaohsiung_city/w05/checkpoint.weights.h5,5bfbc604e03afd50f232d46d4e96170852cab13364a9110d3fecd50711540227,507a2aa08b615e7a75d11501d9cfa77fb3134a9554e4146139a01e657c418dd7,02f237708fc67b29f6f4e2ba98f2ef5af248d48b979e000a2091a742ef3fa0df,a7253d33bf8c1c6df5e2238eb8f16cc429bda3f519bf39f8881cea989b171f6b,24f09a7ac8f32f9eb5213d809bf1b30c1e0621aaac183337b1c86dc80f5a4a1b,TRUE
New Taipei City,Dengue,2025,GRU_CONTROLLED_ALTERNATIVE,VALID_COMPLETE,9,4.156245231628418,experiment://TP2M5B/outputs/gru_receiver_bank/seed_2025/dengue/new_taipei_city/w05/checkpoint.weights.h5,7cd28eab274384bd88d09e6ccf291baef2f400d4369660f84aecbb52e8fc72a6,8a0db0ea17c5998ba85fc50ceb08dcbe1e452984245d4940b231766c0371afc3,02f237708fc67b29f6f4e2ba98f2ef5af248d48b979e000a2091a742ef3fa0df,a7253d33bf8c1c6df5e2238eb8f16cc429bda3f519bf39f8881cea989b171f6b,24f09a7ac8f32f9eb5213d809bf1b30c1e0621aaac183337b1c86dc80f5a4a1b,TRUE
Pingtung County,Dengue,2025,GRU_CONTROLLED_ALTERNATIVE,VALID_COMPLETE,2,1.643463134765625,experiment://TP2M5B/outputs/gru_receiver_bank/seed_2025/dengue/pingtung_county/w05/checkpoint.weights.h5,db58e19ba8dd56113a17f2ebb49bdc63cb846d5b5693d4fbde9601c3ba811e5c,1f438acccc1fec556f71281c7008c9a1aa12f63762b11dbde6b4934b6faa1770,02f237708fc67b29f6f4e2ba98f2ef5af248d48b979e000a2091a742ef3fa0df,a7253d33bf8c1c6df5e2238eb8f16cc429bda3f519bf39f8881cea989b171f6b,24f09a7ac8f32f9eb5213d809bf1b30c1e0621aaac183337b1c86dc80f5a4a1b,TRUE
Taichung City,Dengue,2025,GRU_CONTROLLED_ALTERNATIVE,VALID_COMPLETE,1,2.4418556690216064,experiment://TP2M5B/outputs/gru_receiver_bank/seed_2025/dengue/taichung_city/w05/checkpoint.weights.h5,880f321f1ea03d87f9a18349b37bb9f4fe1751c2d9a086d2cc73107b5d958aeb,8b3832a412576e53610d38570304abad3fcb89fc3510b0f92350103dde774b77,02f237708fc67b29f6f4e2ba98f2ef5af248d48b979e000a2091a742ef3fa0df,a7253d33bf8c1c6df5e2238eb8f16cc429bda3f519bf39f8881cea989b171f6b,24f09a7ac8f32f9eb5213d809bf1b30c1e0621aaac183337b1c86dc80f5a4a1b,TRUE
Tainan City,Dengue,2025,GRU_CONTROLLED_ALTERNATIVE,VALID_COMPLETE,1,1.3196779489517212,experiment://TP2M5B/outputs/gru_receiver_bank/seed_2025/dengue/tainan_city/w05/checkpoint.weights.h5,84069906f8b3ed003ed4b6be9b88aa822d1b631e705e43ca27ddd6e0ae3c317a,fed125bf8c3d0696b5abe98646f9462b988efd812d53600ec10a978fc451d87f,02f237708fc67b29f6f4e2ba98f2ef5af248d48b979e000a2091a742ef3fa0df,a7253d33bf8c1c6df5e2238eb8f16cc429bda3f519bf39f8881cea989b171f6b,24f09a7ac8f32f9eb5213d809bf1b30c1e0621aaac183337b1c86dc80f5a4a1b,TRUE
Taipei City,Dengue,2025,GRU_CONTROLLED_ALTERNATIVE,VALID_COMPLETE,16,2.8644673824310303,experiment://TP2M5B/outputs/gru_receiver_bank/seed_2025/dengue/taipei_city/w05/checkpoint.weights.h5,a708bfc56f44d5fe8dba8bafd203f8c8941076e67e1b527aa8619350811aa4bc,1fc70efe718711790b2190a681155b3db31bb33567a6df9fe32733003fc92b35,02f237708fc67b29f6f4e2ba98f2ef5af248d48b979e000a2091a742ef3fa0df,a7253d33bf8c1c6df5e2238eb8f16cc429bda3f519bf39f8881cea989b171f6b,24f09a7ac8f32f9eb5213d809bf1b30c1e0621aaac183337b1c86dc80f5a4a1b,TRUE
Yunlin County,Dengue,2025,GRU_CONTROLLED_ALTERNATIVE,VALID_COMPLETE,11,1.2547088861465454,experiment://TP2M5B/outputs/gru_receiver_bank/seed_2025/dengue/yunlin_county/w05/checkpoint.weights.h5,011d11591ae43de83e65adcb30084b2b32b6ccee7b9cce7f9f6857af2128d662,7aa098c569b74963a87818744c6bd51e80256e889aac12b6fbbe5cc2375d316b,02f237708fc67b29f6f4e2ba98f2ef5af248d48b979e000a2091a742ef3fa0df,a7253d33bf8c1c6df5e2238eb8f16cc429bda3f519bf39f8881cea989b171f6b,24f09a7ac8f32f9eb5213d809bf1b30c1e0621aaac183337b1c86dc80f5a4a1b,TRUE

