series_id,stratum,seed,receiver_family,status,best_epoch,best_validation_MSE,checkpoint_path,checkpoint_SHA256,Transformer_configuration_SHA256,TP2M5A_protocol_SHA256,TP2M5C_pretraining_freeze_SHA256,dataset_SHA256,weights_frozen
Australia,WHO,42,TRANSFORMER_CONTROLLED_ALTERNATIVE,VALID_COMPLETE,28,0.01989593729376793,experiment://TP2M5C/outputs/transformer_receiver_bank/seed_42/who/australia/w05/checkpoint.weights.h5,c9531252e3153eca03e1d0e8c05075d613718529c9de4b70c19e408b1ab7294b,62387f1c67a1d1ff3887925e93602677ed71e227b014fd292a5d611cb98eb3d0,02f237708fc67b29f6f4e2ba98f2ef5af248d48b979e000a2091a742ef3fa0df,e6a6745c900c4a16b5bb90db2b61aa9e16c99ab7cf6346b59ffbe60641cf652d,f9f6af1c1217a118b14ac76eddf5bae4080e461eba43ad350d0bb98f2695eeee,TRUE
Austria,WHO,42,TRANSFORMER_CONTROLLED_ALTERNATIVE,VALID_COMPLETE,3,2.1642749309539795,experiment://TP2M5C/outputs/transformer_receiver_bank/seed_42/who/austria/w05/checkpoint.weights.h5,c8491059fc4c7d3a2c93abccf2cdc51aa79e3741aa10aabc0734bffc9a77dfa6,39933fa581a1b8238cd59c66ff2b98a76ddfb4beb750c8dd55370b3fdb5d9319,02f237708fc67b29f6f4e2ba98f2ef5af248d48b979e000a2091a742ef3fa0df,e6a6745c900c4a16b5bb90db2b61aa9e16c99ab7cf6346b59ffbe60641cf652d,f9f6af1c1217a118b14ac76eddf5bae4080e461eba43ad350d0bb98f2695eeee,TRUE
Bangladesh,WHO,42,TRANSFORMER_CONTROLLED_ALTERNATIVE,VALID_COMPLETE,14,0.8508755564689636,experiment://TP2M5C/outputs/transformer_receiver_bank/seed_42/who/bangladesh/w05/checkpoint.weights.h5,ea65173e1a58a841d708fd53ef6d38a6be98cbcd11c753bb3d4119ec91cebd02,37ceffe534e31af56caa1fd5d095095a7842d1fc41cbbacac26eeb9a4d23d20a,02f237708fc67b29f6f4e2ba98f2ef5af248d48b979e000a2091a742ef3fa0df,e6a6745c900c4a16b5bb90db2b61aa9e16c99ab7cf6346b59ffbe60641cf652d,f9f6af1c1217a118b14ac76eddf5bae4080e461eba43ad350d0bb98f2695eeee,TRUE
Bhutan,WHO,42,TRANSFORMER_CONTROLLED_ALTERNATIVE,VALID_COMPLETE,4,8.002047538757324,experiment://TP2M5C/outputs/transformer_receiver_bank/seed_42/who/bhutan/w05/checkpoint.weights.h5,1c21b5cc4bba6db3c303106f1ce829ddaf65c5abed6fec7ed85a12344540cd93,708e90309620c17f10789231d37a1df1057052c187f08022d172cbb477fcc473,02f237708fc67b29f6f4e2ba98f2ef5af248d48b979e000a2091a742ef3fa0df,e6a6745c900c4a16b5bb90db2b61aa9e16c99ab7cf6346b59ffbe60641cf652d,f9f6af1c1217a118b14ac76eddf5bae4080e461eba43ad350d0bb98f2695eeee,TRUE
Brunei Darussalam,WHO,42,TRANSFORMER_CONTROLLED_ALTERNATIVE,VALID_COMPLETE,25,2.3678641319274902,experiment://TP2M5C/outputs/transformer_receiver_bank/seed_42/who/brunei_darussalam/w05/checkpoint.weights.h5,2a70b30738fc14c0c6a83076b2a2a7da53ef057bd9285bc121541eff8c5a8416,6f9e416fe8932d75104e915cc2e583bbe13f138220a620f084578e29a4384aa4,02f237708fc67b29f6f4e2ba98f2ef5af248d48b979e000a2091a742ef3fa0df,e6a6745c900c4a16b5bb90db2b61aa9e16c99ab7cf6346b59ffbe60641cf652d,f9f6af1c1217a118b14ac76eddf5bae4080e461eba43ad350d0bb98f2695eeee,TRUE
Cambodia,WHO,42,TRANSFORMER_CONTROLLED_ALTERNATIVE,VALID_COMPLETE,7,2.6602096557617188,experiment://TP2M5C/outputs/transformer_receiver_bank/seed_42/who/cambodia/w05/checkpoint.weights.h5,11958bdf919157318131ae2ea4b652ab7ac9ddd2f0a229a8e331a1b09945ba79,4b6eb54448aedc224ddc49a424c03361cff89dd4c359be01f647fc743a3e9aff,02f237708fc67b29f6f4e2ba98f2ef5af248d48b979e000a2091a742ef3fa0df,e6a6745c900c4a16b5bb90db2b61aa9e16c99ab7cf6346b59ffbe60641cf652d,f9f6af1c1217a118b14ac76eddf5bae4080e461eba43ad350d0bb98f2695eeee,TRUE
China,WHO,42,TRANSFORMER_CONTROLLED_ALTERNATIVE,VALID_COMPLETE,15,3.486274242401123,experiment://TP2M5C/outputs/transformer_receiver_bank/seed_42/who/china/w05/checkpoint.weights.h5,3c1c842994e985b00302690c1c66f5614238db199d89ea6bbfd863f4e5ab05ed,b1f9668aaae0ded3290d10cd7b6e15dbc37c2f96f5aaf8a6d0b7d48c5d613ec8,02f237708fc67b29f6f4e2ba98f2ef5af248d48b979e000a2091a742ef3fa0df,e6a6745c900c4a16b5bb90db2b61aa9e16c99ab7cf6346b59ffbe60641cf652d,f9f6af1c1217a118b14ac76eddf5bae4080e461eba43ad350d0bb98f2695eeee,TRUE
Fiji,WHO,42,TRANSFORMER_CONTROLLED_ALTERNATIVE,VALID_COMPLETE,3,1.3358856439590454,experiment://TP2M5C/outputs/transformer_receiver_bank/seed_42/who/fiji/w05/checkpoint.weights.h5,21aa9244c3138a2ff695e987183dafd500b8544b4faf506a6076c007c02db1a2,76137765d0cc20ea45bc97f07b2ec7c1eb0e1c03c675e1b5894e83dfbce91286,02f237708fc67b29f6f4e2ba98f2ef5af248d48b979e000a2091a742ef3fa0df,e6a6745c900c4a16b5bb90db2b61aa9e16c99ab7cf6346b59ffbe60641cf652d,f9f6af1c1217a118b14ac76eddf5bae4080e461eba43ad350d0bb98f2695eeee,TRUE
French Polynesia,WHO,42,TRANSFORMER_CONTROLLED_ALTERNATIVE,VALID_COMPLETE,15,2111.152587890625,experiment://TP2M5C/outputs/transformer_receiver_bank/seed_42/who/french_polynesia/w05/checkpoint.weights.h5,33d163a4f8cdde176f725f2d0fbd38657db21732f9191aa0ea4de5af20febec8,b19ab998178e930d142fdf5fa56bfd2c38bd8ec591a8223189598a9b0a19402c,02f237708fc67b29f6f4e2ba98f2ef5af248d48b979e000a2091a742ef3fa0df,e6a6745c900c4a16b5bb90db2b61aa9e16c99ab7cf6346b59ffbe60641cf652d,f9f6af1c1217a118b14ac76eddf5bae4080e461eba43ad350d0bb98f2695eeee,TRUE
Guam,WHO,42,TRANSFORMER_CONTROLLED_ALTERNATIVE,VALID_COMPLETE,10,1.07686448097229,experiment://TP2M5C/outputs/transformer_receiver_bank/seed_42/who/guam/w05/checkpoint.weights.h5,537e8671b669dad648c2dc5c79eab8b7d89bfeec2fdd7f3745445c77a4da73a7,99c3ffd945d3aa35b12ba0324efd3aeea799fef72b84f303566c5a42a7b90cda,02f237708fc67b29f6f4e2ba98f2ef5af248d48b979e000a2091a742ef3fa0df,e6a6745c900c4a16b5bb90db2b61aa9e16c99ab7cf6346b59ffbe60641cf652d,f9f6af1c1217a118b14ac76eddf5bae4080e461eba43ad350d0bb98f2695eeee,TRUE
Lao People's Democratic Republic,WHO,42,TRANSFORMER_CONTROLLED_ALTERNATIVE,VALID_COMPLETE,3,1.7903597354888916,experiment://TP2M5C/outputs/transformer_receiver_bank/seed_42/who/lao_people_s_democratic_republic/w05/checkpoint.weights.h5,35cb9741bf01bfc44e838a5a9cf5164b7a503197d38fa846ce8efc09145520b4,5f622a085dcd5170ef25499200e842f6c5ceaa2fd069b15f0015d00f73706d73,02f237708fc67b29f6f4e2ba98f2ef5af248d48b979e000a2091a742ef3fa0df,e6a6745c900c4a16b5bb90db2b61aa9e16c99ab7cf6346b59ffbe60641cf652d,f9f6af1c1217a118b14ac76eddf5bae4080e461eba43ad350d0bb98f2695eeee,TRUE
Malaysia,WHO,42,TRANSFORMER_CONTROLLED_ALTERNATIVE,VALID_COMPLETE,2,1.2448747158050537,experiment://TP2M5C/outputs/transformer_receiver_bank/seed_42/who/malaysia/w05/checkpoint.weights.h5,81d92ce45ba3cc1f51ac7f610772a2fe66de397a437de43fd3c29bf1ea248763,c2a240c67df83e20645796ac864c7e0fe1a73a303e1298f9ad7f0d70fe8078f3,02f237708fc67b29f6f4e2ba98f2ef5af248d48b979e000a2091a742ef3fa0df,e6a6745c900c4a16b5bb90db2b61aa9e16c99ab7cf6346b59ffbe60641cf652d,f9f6af1c1217a118b14ac76eddf5bae4080e461eba43ad350d0bb98f2695eeee,TRUE
Maldives,WHO,42,TRANSFORMER_CONTROLLED_ALTERNATIVE,VALID_COMPLETE,19,2.230236291885376,experiment://TP2M5C/outputs/transformer_receiver_bank/seed_42/who/maldives/w05/checkpoint.weights.h5,9442ea113e09d09c53e7524a318b58e371b8b8a7015b43b2e7077a65ca9b7687,8b78e150df1ad21e20b84e4cb291a42823f95346546fddae9469591e04dd051c,02f237708fc67b29f6f4e2ba98f2ef5af248d48b979e000a2091a742ef3fa0df,e6a6745c900c4a16b5bb90db2b61aa9e16c99ab7cf6346b59ffbe60641cf652d,f9f6af1c1217a118b14ac76eddf5bae4080e461eba43ad350d0bb98f2695eeee,TRUE
Mexico,WHO,42,TRANSFORMER_CONTROLLED_ALTERNATIVE,VALID_COMPLETE,15,0.2509021759033203,experiment://TP2M5C/outputs/transformer_receiver_bank/seed_42/who/mexico/w05/checkpoint.weights.h5,23077c36bf2ee80f419df8eaaada32ced8b3ca3ef0f298ce1c47f2a9af17392a,3ae6a4c279a89c740af495d5913d9c904817a5193a3410f12643a2c2b88d9a9a,02f237708fc67b29f6f4e2ba98f2ef5af248d48b979e000a2091a742ef3fa0df,e6a6745c900c4a16b5bb90db2b61aa9e16c99ab7cf6346b59ffbe60641cf652d,f9f6af1c1217a118b14ac76eddf5bae4080e461eba43ad350d0bb98f2695eeee,TRUE
Mongolia,WHO,42,TRANSFORMER_CONTROLLED_ALTERNATIVE,VALID_COMPLETE,1,1.7235562801361084,experiment://TP2M5C/outputs/transformer_receiver_bank/seed_42/who/mongolia/w05/checkpoint.weights.h5,e09544cb1d76f3b2c49c7d9598e12e984cf629c59bebb093ac8107452ae30ea2,1f4d64aee35b852591e6019eb9e47a58e20d38ec270cb7d59dd8e37e60bc3b7b,02f237708fc67b29f6f4e2ba98f2ef5af248d48b979e000a2091a742ef3fa0df,e6a6745c900c4a16b5bb90db2b61aa9e16c99ab7cf6346b59ffbe60641cf652d,f9f6af1c1217a118b14ac76eddf5bae4080e461eba43ad350d0bb98f2695eeee,TRUE
Myanmar,WHO,42,TRANSFORMER_CONTROLLED_ALTERNATIVE,VALID_COMPLETE,3,1.3419536352157593,experiment://TP2M5C/outputs/transformer_receiver_bank/seed_42/who/myanmar/w05/checkpoint.weights.h5,acab3d08bbc1943e966a867c0ed3a07abf50dc53d89f6690040c9d149a78fa9c,a55e869f94f5b1b37b7cbace9a3ef11ddf9c85ce3fbcc127539a185f12a65f11,02f237708fc67b29f6f4e2ba98f2ef5af248d48b979e000a2091a742ef3fa0df,e6a6745c900c4a16b5bb90db2b61aa9e16c99ab7cf6346b59ffbe60641cf652d,f9f6af1c1217a118b14ac76eddf5bae4080e461eba43ad350d0bb98f2695eeee,TRUE
Nepal,WHO,42,TRANSFORMER_CONTROLLED_ALTERNATIVE,VALID_COMPLETE,13,1.1512788534164429,experiment://TP2M5C/outputs/transformer_receiver_bank/seed_42/who/nepal/w05/checkpoint.weights.h5,16706861d68ad49fbd83e7802e13c1c0653b2a4ec345864abcaa17d5eede8360,56eee1d0f3705004097aea93b86b90735c2758f30683ede8f7b925ba6a8b7cfa,02f237708fc67b29f6f4e2ba98f2ef5af248d48b979e000a2091a742ef3fa0df,e6a6745c900c4a16b5bb90db2b61aa9e16c99ab7cf6346b59ffbe60641cf652d,f9f6af1c1217a118b14ac76eddf5bae4080e461eba43ad350d0bb98f2695eeee,TRUE
New Caledonia,WHO,42,TRANSFORMER_CONTROLLED_ALTERNATIVE,VALID_COMPLETE,2,5.765538692474365,experiment://TP2M5C/outputs/transformer_receiver_bank/seed_42/who/new_caledonia/w05/checkpoint.weights.h5,95eb85291902ee557a2b0e6a11a9ed090171f098cce95fd62db9353980d09907,89fafea4c5f5300fe44dd38b1ec09899240128d96dabb73fd09a4b76f383cb23,02f237708fc67b29f6f4e2ba98f2ef5af248d48b979e000a2091a742ef3fa0df,e6a6745c900c4a16b5bb90db2b61aa9e16c99ab7cf6346b59ffbe60641cf652d,f9f6af1c1217a118b14ac76eddf5bae4080e461eba43ad350d0bb98f2695eeee,TRUE
New Zealand,WHO,42,TRANSFORMER_CONTROLLED_ALTERNATIVE,VALID_COMPLETE,1,1.6161984205245972,experiment://TP2M5C/outputs/transformer_receiver_bank/seed_42/who/new_zealand/w05/checkpoint.weights.h5,e75771b466fcf286edae17927efd85bc9716770eed7db36e1327ca820eb31fdf,2d91cc1101c47f02d725993cd5cc9d7869b6dd0e8e39eb3c7412cebde9ec0822,02f237708fc67b29f6f4e2ba98f2ef5af248d48b979e000a2091a742ef3fa0df,e6a6745c900c4a16b5bb90db2b61aa9e16c99ab7cf6346b59ffbe60641cf652d,f9f6af1c1217a118b14ac76eddf5bae4080e461eba43ad350d0bb98f2695eeee,TRUE
Northern Mariana Islands,WHO,42,TRANSFORMER_CONTROLLED_ALTERNATIVE,VALID_COMPLETE,1,11.435639381408691,experiment://TP2M5C/outputs/transformer_receiver_bank/seed_42/who/northern_mariana_islands/w05/checkpoint.weights.h5,4bb1ec67493d1bf53e9078a957745710710d77bea27d0c0fb14886ad2ee8b37a,3234af67daf8e92d75cbbbee346ff6c646de2112bd8b982a730a50622f7e47b6,02f237708fc67b29f6f4e2ba98f2ef5af248d48b979e000a2091a742ef3fa0df,e6a6745c900c4a16b5bb90db2b61aa9e16c99ab7cf6346b59ffbe60641cf652d,f9f6af1c1217a118b14ac76eddf5bae4080e461eba43ad350d0bb98f2695eeee,TRUE
Palau,WHO,42,TRANSFORMER_CONTROLLED_ALTERNATIVE,VALID_COMPLETE,4,0.00201248237863183,experiment://TP2M5C/outputs/transformer_receiver_bank/seed_42/who/palau/w05/checkpoint.weights.h5,938ad515c6290905b0275cfef8eb21506487fa6adeba8d96d3f75a7dad7e6d3a,997755f8f2a0207c22a4f5e9728338d29b57441644b28bf6e826ddd8e3fe8ada,02f237708fc67b29f6f4e2ba98f2ef5af248d48b979e000a2091a742ef3fa0df,e6a6745c900c4a16b5bb90db2b61aa9e16c99ab7cf6346b59ffbe60641cf652d,f9f6af1c1217a118b14ac76eddf5bae4080e461eba43ad350d0bb98f2695eeee,TRUE
Papua New Guinea,WHO,42,TRANSFORMER_CONTROLLED_ALTERNATIVE,VALID_COMPLETE,3,2.0981786251068115,experiment://TP2M5C/outputs/transformer_receiver_bank/seed_42/who/papua_new_guinea/w05/checkpoint.weights.h5,450d83aefec87b803d7ddc4bb5520f320b7e123d7970529f5ab576e2a5fdc681,253f0c5381165e2e615b9563f4ad42568e50c0ac089953e1251547c1db4a6be0,02f237708fc67b29f6f4e2ba98f2ef5af248d48b979e000a2091a742ef3fa0df,e6a6745c900c4a16b5bb90db2b61aa9e16c99ab7cf6346b59ffbe60641cf652d,f9f6af1c1217a118b14ac76eddf5bae4080e461eba43ad350d0bb98f2695eeee,TRUE
Philippines,WHO,42,TRANSFORMER_CONTROLLED_ALTERNATIVE,VALID_COMPLETE,1,3.0857067108154297,experiment://TP2M5C/outputs/transformer_receiver_bank/seed_42/who/philippines/w05/checkpoint.weights.h5,bb6254c48ae960192b3fab7b160b04710aa6cbade22570d8f5789762bb61bbf2,18272e1b65a54e88d72311daf0fe4229df5a6de36493867c143bdb022384e87c,02f237708fc67b29f6f4e2ba98f2ef5af248d48b979e000a2091a742ef3fa0df,e6a6745c900c4a16b5bb90db2b61aa9e16c99ab7cf6346b59ffbe60641cf652d,f9f6af1c1217a118b14ac76eddf5bae4080e461eba43ad350d0bb98f2695eeee,TRUE
Singapore,WHO,42,TRANSFORMER_CONTROLLED_ALTERNATIVE,VALID_COMPLETE,1,1.4972573518753052,experiment://TP2M5C/outputs/transformer_receiver_bank/seed_42/who/singapore/w05/checkpoint.weights.h5,b4ae0f9e1e0c239a350a22d6907ad9e70d91b070f5588c091e73a150c3a83b63,04e5dce376773cec922e160e393f5253eb89e5c960cde5ddd5f1118a53476ba4,02f237708fc67b29f6f4e2ba98f2ef5af248d48b979e000a2091a742ef3fa0df,e6a6745c900c4a16b5bb90db2b61aa9e16c99ab7cf6346b59ffbe60641cf652d,f9f6af1c1217a118b14ac76eddf5bae4080e461eba43ad350d0bb98f2695eeee,TRUE
Sri Lanka,WHO,42,TRANSFORMER_CONTROLLED_ALTERNATIVE,VALID_COMPLETE,30,92.036376953125,experiment://TP2M5C/outputs/transformer_receiver_bank/seed_42/who/sri_lanka/w05/checkpoint.weights.h5,77ed24eeb97e17286fae7d13e7dcd471362864901450eba43feb8fe79610ea52,5bb01a6deea8d6b6a03d23a67150752de732ac7334730625d1ed8d4dadb0b869,02f237708fc67b29f6f4e2ba98f2ef5af248d48b979e000a2091a742ef3fa0df,e6a6745c900c4a16b5bb90db2b61aa9e16c99ab7cf6346b59ffbe60641cf652d,f9f6af1c1217a118b14ac76eddf5bae4080e461eba43ad350d0bb98f2695eeee,TRUE
Switzerland,WHO,42,TRANSFORMER_CONTROLLED_ALTERNATIVE,VALID_COMPLETE,26,0.1838831901550293,experiment://TP2M5C/outputs/transformer_receiver_bank/seed_42/who/switzerland/w05/checkpoint.weights.h5,df994c208070e7931a116186504602f5fb713f6684aa7ae0cd4de1665cb4f4f7,ee5cf5f36f7f8b9066016e4eb40a87b1de8476f800b3b62fa00e1e8515aa74f9,02f237708fc67b29f6f4e2ba98f2ef5af248d48b979e000a2091a742ef3fa0df,e6a6745c900c4a16b5bb90db2b61aa9e16c99ab7cf6346b59ffbe60641cf652d,f9f6af1c1217a118b14ac76eddf5bae4080e461eba43ad350d0bb98f2695eeee,TRUE
Thailand,WHO,42,TRANSFORMER_CONTROLLED_ALTERNATIVE,VALID_COMPLETE,30,1.9382374286651611,experiment://TP2M5C/outputs/transformer_receiver_bank/seed_42/who/thailand/w05/checkpoint.weights.h5,3ef85acb2fb05c50eda8c803654e956e49c7c515e8b8f3f42ff4b6bbee52e666,1731520ed49cba11914dcfb3302a11a4e836fd805eebbc712ac17d7797afd740,02f237708fc67b29f6f4e2ba98f2ef5af248d48b979e000a2091a742ef3fa0df,e6a6745c900c4a16b5bb90db2b61aa9e16c99ab7cf6346b59ffbe60641cf652d,f9f6af1c1217a118b14ac76eddf5bae4080e461eba43ad350d0bb98f2695eeee,TRUE
Timor-Leste,WHO,42,TRANSFORMER_CONTROLLED_ALTERNATIVE,VALID_COMPLETE,1,1.5112171173095703,experiment://TP2M5C/outputs/transformer_receiver_bank/seed_42/who/timor_leste/w05/checkpoint.weights.h5,b7c9ab1cdfd0df9366361c3401becf005bbe7be5506af58de9d85d8b44bbea2d,e138d4ce6fd535957c7a91f3ec483dfaa98e8ca09699d7c4298bc4406f2edd84,02f237708fc67b29f6f4e2ba98f2ef5af248d48b979e000a2091a742ef3fa0df,e6a6745c900c4a16b5bb90db2b61aa9e16c99ab7cf6346b59ffbe60641cf652d,f9f6af1c1217a118b14ac76eddf5bae4080e461eba43ad350d0bb98f2695eeee,TRUE
United Kingdom of Great Britain and Northern Ireland,WHO,42,TRANSFORMER_CONTROLLED_ALTERNATIVE,VALID_COMPLETE,30,0.07800180464982986,experiment://TP2M5C/outputs/transformer_receiver_bank/seed_42/who/united_kingdom_of_great_britain_and_northern_ireland/w05/checkpoint.weights.h5,e6aff4b2765e832cd78933945429cd332080738a45a448532b9ab5c1754b862a,cf2dd5e7e1521e4cf43cb1f2f534862e3b3cd91498923bafcaa5c419a4c889b5,02f237708fc67b29f6f4e2ba98f2ef5af248d48b979e000a2091a742ef3fa0df,e6a6745c900c4a16b5bb90db2b61aa9e16c99ab7cf6346b59ffbe60641cf652d,f9f6af1c1217a118b14ac76eddf5bae4080e461eba43ad350d0bb98f2695eeee,TRUE
Vanuatu,WHO,42,TRANSFORMER_CONTROLLED_ALTERNATIVE,VALID_COMPLETE,1,0.31065312027931213,experiment://TP2M5C/outputs/transformer_receiver_bank/seed_42/who/vanuatu/w05/checkpoint.weights.h5,3bb0b94607b2e4950aa8f849a6a16c3af6d333414bf842413cd34deac45b7e4a,90ec966c6c6bb938177d607eb9662c45679c84b2f4694a62cb71f2dea381dbe6,02f237708fc67b29f6f4e2ba98f2ef5af248d48b979e000a2091a742ef3fa0df,e6a6745c900c4a16b5bb90db2b61aa9e16c99ab7cf6346b59ffbe60641cf652d,f9f6af1c1217a118b14ac76eddf5bae4080e461eba43ad350d0bb98f2695eeee,TRUE
Viet Nam,WHO,42,TRANSFORMER_CONTROLLED_ALTERNATIVE,VALID_COMPLETE,17,338.7339782714844,experiment://TP2M5C/outputs/transformer_receiver_bank/seed_42/who/viet_nam/w05/checkpoint.weights.h5,e7674545d26ce7c9459beb388fa867d9b610f299adb746544886abf5d9fd7363,c04a044a587b32b41c8cbe61fac46cee6284f611af328df3099424cacfe687c1,02f237708fc67b29f6f4e2ba98f2ef5af248d48b979e000a2091a742ef3fa0df,e6a6745c900c4a16b5bb90db2b61aa9e16c99ab7cf6346b59ffbe60641cf652d,f9f6af1c1217a118b14ac76eddf5bae4080e461eba43ad350d0bb98f2695eeee,TRUE
T7,Electricity,42,TRANSFORMER_CONTROLLED_ALTERNATIVE,VALID_COMPLETE,19,0.5531852841377258,experiment://TP2M5C/outputs/transformer_receiver_bank/seed_42/electricity/t7/w05/checkpoint.weights.h5,066a8ec296d5ab8a0ac6c6be8df372d326d17965158c28276061db7eabe638d2,f21f04100aad505f0408f0455b7d88ae935b9ae86257eb4c15eee7f8047e3b4c,02f237708fc67b29f6f4e2ba98f2ef5af248d48b979e000a2091a742ef3fa0df,e6a6745c900c4a16b5bb90db2b61aa9e16c99ab7cf6346b59ffbe60641cf652d,4873492cb3855b713f236a79dea581dc3be320cd1613187eacddffd4bb179c70,TRUE
T314,Electricity,42,TRANSFORMER_CONTROLLED_ALTERNATIVE,VALID_COMPLETE,10,2.6135239601135254,experiment://TP2M5C/outputs/transformer_receiver_bank/seed_42/electricity/t314/w05/checkpoint.weights.h5,24974c48e85a134d5bb6730f7972331639947279d3a9989263a2d9497fc147bd,d35168c013daef6415d096bc0c23abbb29196f771d1328aa17f3e7eb7d89c956,02f237708fc67b29f6f4e2ba98f2ef5af248d48b979e000a2091a742ef3fa0df,e6a6745c900c4a16b5bb90db2b61aa9e16c99ab7cf6346b59ffbe60641cf652d,4873492cb3855b713f236a79dea581dc3be320cd1613187eacddffd4bb179c70,TRUE
T118,Electricity,42,TRANSFORMER_CONTROLLED_ALTERNATIVE,VALID_COMPLETE,6,0.7157425284385681,experiment://TP2M5C/outputs/transformer_receiver_bank/seed_42/electricity/t118/w05/checkpoint.weights.h5,2f5c44749015379f1b81a5377fe6168f1d991b1e125d45337d4c35bdd5a8d9c5,c11a6c80f89fcbe634c44889bf7c17968965e8b6afcada7a656b6bfff35f8f4c,02f237708fc67b29f6f4e2ba98f2ef5af248d48b979e000a2091a742ef3fa0df,e6a6745c900c4a16b5bb90db2b61aa9e16c99ab7cf6346b59ffbe60641cf652d,4873492cb3855b713f236a79dea581dc3be320cd1613187eacddffd4bb179c70,TRUE
T108,Electricity,42,TRANSFORMER_CONTROLLED_ALTERNATIVE,VALID_COMPLETE,12,0.17608360946178436,experiment://TP2M5C/outputs/transformer_receiver_bank/seed_42/electricity/t108/w05/checkpoint.weights.h5,58debe171e446431b7ce0039ad803f7adff4a5275f7a016373140f4bfb89dd56,726773270e5b2d11fc48fc6c281a5eed205b96356df0abbf84ad7b15b3c79411,02f237708fc67b29f6f4e2ba98f2ef5af248d48b979e000a2091a742ef3fa0df,e6a6745c900c4a16b5bb90db2b61aa9e16c99ab7cf6346b59ffbe60641cf652d,4873492cb3855b713f236a79dea581dc3be320cd1613187eacddffd4bb179c70,TRUE
T84,Electricity,42,TRANSFORMER_CONTROLLED_ALTERNATIVE,VALID_COMPLETE,20,0.35843896865844727,experiment://TP2M5C/outputs/transformer_receiver_bank/seed_42/electricity/t84/w05/checkpoint.weights.h5,538292905ec154e016d6ff25b06491f601e1ee826e27b57491c3477d45b31d74,7233db1f4104f0eed290068fd202aa59ffba4739da4621a7548c5bfdfd8e5800,02f237708fc67b29f6f4e2ba98f2ef5af248d48b979e000a2091a742ef3fa0df,e6a6745c900c4a16b5bb90db2b61aa9e16c99ab7cf6346b59ffbe60641cf652d,4873492cb3855b713f236a79dea581dc3be320cd1613187eacddffd4bb179c70,TRUE
T106,Electricity,42,TRANSFORMER_CONTROLLED_ALTERNATIVE,VALID_COMPLETE,23,0.5711720585823059,experiment://TP2M5C/outputs/transformer_receiver_bank/seed_42/electricity/t106/w05/checkpoint.weights.h5,33d75137d391b05b68991b1df1448821d1e1ffe4dd49aae8e137d4f3fc6fe799,31b66b489e7f7c5f3f5d616736a4367d3a8bec3425ad375e8b9aa82d55b0466b,02f237708fc67b29f6f4e2ba98f2ef5af248d48b979e000a2091a742ef3fa0df,e6a6745c900c4a16b5bb90db2b61aa9e16c99ab7cf6346b59ffbe60641cf652d,4873492cb3855b713f236a79dea581dc3be320cd1613187eacddffd4bb179c70,TRUE
T318,Electricity,42,TRANSFORMER_CONTROLLED_ALTERNATIVE,VALID_COMPLETE,15,0.27365079522132874,experiment://TP2M5C/outputs/transformer_receiver_bank/seed_42/electricity/t318/w05/checkpoint.weights.h5,369967e67ad70a54e11656243214e313ba879291fbab51f40ae9f10ddf84c379,90384105052bb4e1f20bd569ecef23e53943f8f0690b3eeca96d19b21f56b17f,02f237708fc67b29f6f4e2ba98f2ef5af248d48b979e000a2091a742ef3fa0df,e6a6745c900c4a16b5bb90db2b61aa9e16c99ab7cf6346b59ffbe60641cf652d,4873492cb3855b713f236a79dea581dc3be320cd1613187eacddffd4bb179c70,TRUE
T82,Electricity,42,TRANSFORMER_CONTROLLED_ALTERNATIVE,VALID_COMPLETE,10,0.19200153648853302,experiment://TP2M5C/outputs/transformer_receiver_bank/seed_42/electricity/t82/w05/checkpoint.weights.h5,f40b9701558d8c8ef88bd7b11ce02e7b7fc39ddf51b311c9e4c3687aa5367fc2,6366550bfa3f5ce15d44e850a25ce5786a079b1eece5bc32f0e87f72a98187e2,02f237708fc67b29f6f4e2ba98f2ef5af248d48b979e000a2091a742ef3fa0df,e6a6745c900c4a16b5bb90db2b61aa9e16c99ab7cf6346b59ffbe60641cf652d,4873492cb3855b713f236a79dea581dc3be320cd1613187eacddffd4bb179c70,TRUE
T128,Electricity,42,TRANSFORMER_CONTROLLED_ALTERNATIVE,VALID_COMPLETE,42,0.12274173647165298,experiment://TP2M5C/outputs/transformer_receiver_bank/seed_42/electricity/t128/w05/checkpoint.weights.h5,b6483c6191cdf331805c3daa0b8ec2785191ccd9de540e30f63ebfc1f5b6b348,43fdc89e7835812cfdf80df0d48a5e668370f3949b70a4df80c604c061f9a3ca,02f237708fc67b29f6f4e2ba98f2ef5af248d48b979e000a2091a742ef3fa0df,e6a6745c900c4a16b5bb90db2b61aa9e16c99ab7cf6346b59ffbe60641cf652d,4873492cb3855b713f236a79dea581dc3be320cd1613187eacddffd4bb179c70,TRUE
T129,Electricity,42,TRANSFORMER_CONTROLLED_ALTERNATIVE,VALID_COMPLETE,7,0.3729429543018341,experiment://TP2M5C/outputs/transformer_receiver_bank/seed_42/electricity/t129/w05/checkpoint.weights.h5,2214a81045631116d959b2386dacb8b042cfb66f677fc934258c047003dd3945,66041b8c093755335f09050c25f1c1c7718817668cd41aa6dda0c8109901069d,02f237708fc67b29f6f4e2ba98f2ef5af248d48b979e000a2091a742ef3fa0df,e6a6745c900c4a16b5bb90db2b61aa9e16c99ab7cf6346b59ffbe60641cf652d,4873492cb3855b713f236a79dea581dc3be320cd1613187eacddffd4bb179c70,TRUE
T104,Electricity,42,TRANSFORMER_CONTROLLED_ALTERNATIVE,VALID_COMPLETE,6,0.052851397544145584,experiment://TP2M5C/outputs/transformer_receiver_bank/seed_42/electricity/t104/w05/checkpoint.weights.h5,f0c3b61fc99536af70a93574b8f702f619737d898fe37a7246b7e9e9055a321b,47e9b36587e8ad171ddea3c461bef1f373e844e7c1b8547f8847ee187d8edcda,02f237708fc67b29f6f4e2ba98f2ef5af248d48b979e000a2091a742ef3fa0df,e6a6745c900c4a16b5bb90db2b61aa9e16c99ab7cf6346b59ffbe60641cf652d,4873492cb3855b713f236a79dea581dc3be320cd1613187eacddffd4bb179c70,TRUE
T85,Electricity,42,TRANSFORMER_CONTROLLED_ALTERNATIVE,VALID_COMPLETE,14,0.7034006118774414,experiment://TP2M5C/outputs/transformer_receiver_bank/seed_42/electricity/t85/w05/checkpoint.weights.h5,5de0b9f787902759beeb5157b65679bcb0a85444c9d4692c80ca784d46defc48,3899afe5f4ccc57d3a3378cf53094479eb673035073eb1d9c43313ecb0ac0253,02f237708fc67b29f6f4e2ba98f2ef5af248d48b979e000a2091a742ef3fa0df,e6a6745c900c4a16b5bb90db2b61aa9e16c99ab7cf6346b59ffbe60641cf652d,4873492cb3855b713f236a79dea581dc3be320cd1613187eacddffd4bb179c70,TRUE
T86,Electricity,42,TRANSFORMER_CONTROLLED_ALTERNATIVE,VALID_COMPLETE,7,0.060974009335041046,experiment://TP2M5C/outputs/transformer_receiver_bank/seed_42/electricity/t86/w05/checkpoint.weights.h5,fc2da556d021b7ea21cc221465d5e8cc191d2b7fe276a671928468e0b6d0a78f,52dcd1ea6c87da44f601e3ae1fb8022b36b4ab942c2050a303fb74bc4cc45d7b,02f237708fc67b29f6f4e2ba98f2ef5af248d48b979e000a2091a742ef3fa0df,e6a6745c900c4a16b5bb90db2b61aa9e16c99ab7cf6346b59ffbe60641cf652d,4873492cb3855b713f236a79dea581dc3be320cd1613187eacddffd4bb179c70,TRUE
T135,Electricity,42,TRANSFORMER_CONTROLLED_ALTERNATIVE,VALID_COMPLETE,25,0.06570412218570709,experiment://TP2M5C/outputs/transformer_receiver_bank/seed_42/electricity/t135/w05/checkpoint.weights.h5,82681f44b12592ad03c41fb8e43dce4a61123d620b0e3521f1f8b86281e483b5,fc2a073f44abdfb5fdf23628fed91448145ab1ed2874422a578909283ecbfac2,02f237708fc67b29f6f4e2ba98f2ef5af248d48b979e000a2091a742ef3fa0df,e6a6745c900c4a16b5bb90db2b61aa9e16c99ab7cf6346b59ffbe60641cf652d,4873492cb3855b713f236a79dea581dc3be320cd1613187eacddffd4bb179c70,TRUE
T144,Electricity,42,TRANSFORMER_CONTROLLED_ALTERNATIVE,VALID_COMPLETE,9,0.9683613181114197,experiment://TP2M5C/outputs/transformer_receiver_bank/seed_42/electricity/t144/w05/checkpoint.weights.h5,1159862a53d2de2c2066b3461056d1b641c49f03781592d8b064b1b394d97ea4,7fafb3a1011aaf107e7ce920a0c4fd337b28db12333ca60398122390b0ccc20a,02f237708fc67b29f6f4e2ba98f2ef5af248d48b979e000a2091a742ef3fa0df,e6a6745c900c4a16b5bb90db2b61aa9e16c99ab7cf6346b59ffbe60641cf652d,4873492cb3855b713f236a79dea581dc3be320cd1613187eacddffd4bb179c70,TRUE
T20,Electricity,42,TRANSFORMER_CONTROLLED_ALTERNATIVE,VALID_COMPLETE,37,0.30346617102622986,experiment://TP2M5C/outputs/transformer_receiver_bank/seed_42/electricity/t20/w05/checkpoint.weights.h5,4f3bca03e6e687dfcf6d8d2fbf0dfc4ce577c4c4d1f7c0c7f378c22a02b90ba7,e763272ecf1610a5f3794a2bad8c7efc5eb4e568b60bf4aaaf44bdb6678aabbd,02f237708fc67b29f6f4e2ba98f2ef5af248d48b979e000a2091a742ef3fa0df,e6a6745c900c4a16b5bb90db2b61aa9e16c99ab7cf6346b59ffbe60641cf652d,4873492cb3855b713f236a79dea581dc3be320cd1613187eacddffd4bb179c70,TRUE
T234,Electricity,42,TRANSFORMER_CONTROLLED_ALTERNATIVE,VALID_COMPLETE,12,1.5146301984786987,experiment://TP2M5C/outputs/transformer_receiver_bank/seed_42/electricity/t234/w05/checkpoint.weights.h5,0bb23ace33a7122bdf3b4a3180836c2bdf94da3e0c560a779c564644cc2710c6,c0d10eb719db4b13d761b388cc68835af1b2d98acdccc9334a2bfafbb69e73e0,02f237708fc67b29f6f4e2ba98f2ef5af248d48b979e000a2091a742ef3fa0df,e6a6745c900c4a16b5bb90db2b61aa9e16c99ab7cf6346b59ffbe60641cf652d,4873492cb3855b713f236a79dea581dc3be320cd1613187eacddffd4bb179c70,TRUE
T115,Electricity,42,TRANSFORMER_CONTROLLED_ALTERNATIVE,VALID_COMPLETE,26,39.789222717285156,experiment://TP2M5C/outputs/transformer_receiver_bank/seed_42/electricity/t115/w05/checkpoint.weights.h5,8d5c01dfbf2ef20d3b0c749c4a1c8e28b9f0e54115c6354190299d31f2d192c9,c51b334acde8b85666566eeddbe3062db619762c6716b1b99a777318050647e5,02f237708fc67b29f6f4e2ba98f2ef5af248d48b979e000a2091a742ef3fa0df,e6a6745c900c4a16b5bb90db2b61aa9e16c99ab7cf6346b59ffbe60641cf652d,4873492cb3855b713f236a79dea581dc3be320cd1613187eacddffd4bb179c70,TRUE
T3,Electricity,42,TRANSFORMER_CONTROLLED_ALTERNATIVE,VALID_COMPLETE,8,2.9474728107452393,experiment://TP2M5C/outputs/transformer_receiver_bank/seed_42/electricity/t3/w05/checkpoint.weights.h5,ddb429a9eb25a7046091bb36e8627a392c33f1207cdb8aa5ca663680b65b9c5e,1be17652ac8c5fdcec6df97c5ec3889d84edc46ed02ed60d04c3a318be249aeb,02f237708fc67b29f6f4e2ba98f2ef5af248d48b979e000a2091a742ef3fa0df,e6a6745c900c4a16b5bb90db2b61aa9e16c99ab7cf6346b59ffbe60641cf652d,4873492cb3855b713f236a79dea581dc3be320cd1613187eacddffd4bb179c70,TRUE
T30,Electricity,42,TRANSFORMER_CONTROLLED_ALTERNATIVE,VALID_COMPLETE,14,0.46901935338974,experiment://TP2M5C/outputs/transformer_receiver_bank/seed_42/electricity/t30/w05/checkpoint.weights.h5,6add070212337dca08ce469c248947a282ff3a761f338ac517f60d617f9c9248,e7e7eb58a8a1ecc30d6f64d141f3340021bb89d1653a05dbe8e0e203b2a9a784,02f237708fc67b29f6f4e2ba98f2ef5af248d48b979e000a2091a742ef3fa0df,e6a6745c900c4a16b5bb90db2b61aa9e16c99ab7cf6346b59ffbe60641cf652d,4873492cb3855b713f236a79dea581dc3be320cd1613187eacddffd4bb179c70,TRUE
T208,Electricity,42,TRANSFORMER_CONTROLLED_ALTERNATIVE,VALID_COMPLETE,6,4.173557758331299,experiment://TP2M5C/outputs/transformer_receiver_bank/seed_42/electricity/t208/w05/checkpoint.weights.h5,1163511c6cad7293fd0cc66cb1735c9ac97daa449fd91a2792025abced95c45b,2cc7630e5b528cc720ccaf82bea0cf40becd20a24b1ae8fbce482b049b3123e3,02f237708fc67b29f6f4e2ba98f2ef5af248d48b979e000a2091a742ef3fa0df,e6a6745c900c4a16b5bb90db2b61aa9e16c99ab7cf6346b59ffbe60641cf652d,4873492cb3855b713f236a79dea581dc3be320cd1613187eacddffd4bb179c70,TRUE
T316,Electricity,42,TRANSFORMER_CONTROLLED_ALTERNATIVE,VALID_COMPLETE,2,1.8246097564697266,experiment://TP2M5C/outputs/transformer_receiver_bank/seed_42/electricity/t316/w05/checkpoint.weights.h5,c5b4aad870bf8a3552d04f46344e535178429a8d259680b102d25d7c75d9b800,770b688b7bab35a29f0ab1c73791003a2bdde452f27440791135aa83afd74827,02f237708fc67b29f6f4e2ba98f2ef5af248d48b979e000a2091a742ef3fa0df,e6a6745c900c4a16b5bb90db2b61aa9e16c99ab7cf6346b59ffbe60641cf652d,4873492cb3855b713f236a79dea581dc3be320cd1613187eacddffd4bb179c70,TRUE
T249,Electricity,42,TRANSFORMER_CONTROLLED_ALTERNATIVE,VALID_COMPLETE,9,0.5727230906486511,experiment://TP2M5C/outputs/transformer_receiver_bank/seed_42/electricity/t249/w05/checkpoint.weights.h5,f4acae9a6915880c80fbdd1ac9c00cbd89dd81827513239432b14701270b03c1,9148cfda327497b67d7a72c6243ea122669d8c221e766a446cb9303d1c93ea39,02f237708fc67b29f6f4e2ba98f2ef5af248d48b979e000a2091a742ef3fa0df,e6a6745c900c4a16b5bb90db2b61aa9e16c99ab7cf6346b59ffbe60641cf652d,4873492cb3855b713f236a79dea581dc3be320cd1613187eacddffd4bb179c70,TRUE
T133,Electricity,42,TRANSFORMER_CONTROLLED_ALTERNATIVE,VALID_COMPLETE,22,0.07010193169116974,experiment://TP2M5C/outputs/transformer_receiver_bank/seed_42/electricity/t133/w05/checkpoint.weights.h5,d76c2ce40ca1e7f4ef3488ac535381482c4f7425b31be6c46ee88154469bc484,bfd39b57ac905a18ca10e7cb515703e997b80562d015ea250edbec2f9f1e7e70,02f237708fc67b29f6f4e2ba98f2ef5af248d48b979e000a2091a742ef3fa0df,e6a6745c900c4a16b5bb90db2b61aa9e16c99ab7cf6346b59ffbe60641cf652d,4873492cb3855b713f236a79dea581dc3be320cd1613187eacddffd4bb179c70,TRUE
T224,Electricity,42,TRANSFORMER_CONTROLLED_ALTERNATIVE,VALID_COMPLETE,13,1.6502225399017334,experiment://TP2M5C/outputs/transformer_receiver_bank/seed_42/electricity/t224/w05/checkpoint.weights.h5,62cd40bd3d9ee83e14a008a1a350588369a9c2fe43275c551027aa33a69a56a7,9f948b9ed0d7773b92aed428fe1cfa282d34c51a8cecf437bbf15a9338157fd6,02f237708fc67b29f6f4e2ba98f2ef5af248d48b979e000a2091a742ef3fa0df,e6a6745c900c4a16b5bb90db2b61aa9e16c99ab7cf6346b59ffbe60641cf652d,4873492cb3855b713f236a79dea581dc3be320cd1613187eacddffd4bb179c70,TRUE
T11,Electricity,42,TRANSFORMER_CONTROLLED_ALTERNATIVE,VALID_COMPLETE,16,1.0433833599090576,experiment://TP2M5C/outputs/transformer_receiver_bank/seed_42/electricity/t11/w05/checkpoint.weights.h5,880b9d5292b45c9e3dd4fa619ffbc77316aa97a749c8743d9efaebfe8e41241e,f52ce84f8e511f0c3065d7b86745ce8796981b00c9edf2ed10f1c6d42cbf77c3,02f237708fc67b29f6f4e2ba98f2ef5af248d48b979e000a2091a742ef3fa0df,e6a6745c900c4a16b5bb90db2b61aa9e16c99ab7cf6346b59ffbe60641cf652d,4873492cb3855b713f236a79dea581dc3be320cd1613187eacddffd4bb179c70,TRUE
T125,Electricity,42,TRANSFORMER_CONTROLLED_ALTERNATIVE,VALID_COMPLETE,10,0.03921810910105705,experiment://TP2M5C/outputs/transformer_receiver_bank/seed_42/electricity/t125/w05/checkpoint.weights.h5,661e66be97b9c036e1f90ea316e6e51de80f69c38dc78e38eb5d537a9cc55b00,2bcdbe1f16bb15cd0d736586721f6d8c3db69fc059092bc4c850185a103dede5,02f237708fc67b29f6f4e2ba98f2ef5af248d48b979e000a2091a742ef3fa0df,e6a6745c900c4a16b5bb90db2b61aa9e16c99ab7cf6346b59ffbe60641cf652d,4873492cb3855b713f236a79dea581dc3be320cd1613187eacddffd4bb179c70,TRUE
T26,Electricity,42,TRANSFORMER_CONTROLLED_ALTERNATIVE,VALID_COMPLETE,31,0.05337674170732498,experiment://TP2M5C/outputs/transformer_receiver_bank/seed_42/electricity/t26/w05/checkpoint.weights.h5,8e066e16f42cbbe9ebc7d4e38b1ea8b3fb273e2299ee759bc6478f7772017357,323238bb8a424369e2bd5975224bd02a6668f113b806ef319e7155be9ce9fcdc,02f237708fc67b29f6f4e2ba98f2ef5af248d48b979e000a2091a742ef3fa0df,e6a6745c900c4a16b5bb90db2b61aa9e16c99ab7cf6346b59ffbe60641cf652d,4873492cb3855b713f236a79dea581dc3be320cd1613187eacddffd4bb179c70,TRUE
T2,Electricity,42,TRANSFORMER_CONTROLLED_ALTERNATIVE,VALID_COMPLETE,3,5.580798149108887,experiment://TP2M5C/outputs/transformer_receiver_bank/seed_42/electricity/t2/w05/checkpoint.weights.h5,8f22d879362356b40e5bb3161e08b60769223fed8990667b4f8a2c13c9861e19,e7c471b42fa9d3d2061b6cedcd7be5506788dc7b782cb76de37d47126552019f,02f237708fc67b29f6f4e2ba98f2ef5af248d48b979e000a2091a742ef3fa0df,e6a6745c900c4a16b5bb90db2b61aa9e16c99ab7cf6346b59ffbe60641cf652d,4873492cb3855b713f236a79dea581dc3be320cd1613187eacddffd4bb179c70,TRUE
T95,Electricity,42,TRANSFORMER_CONTROLLED_ALTERNATIVE,VALID_COMPLETE,2,1.336809515953064,experiment://TP2M5C/outputs/transformer_receiver_bank/seed_42/electricity/t95/w05/checkpoint.weights.h5,49b5bc125dd1ed5d905daba6b28ce2502ab75393c23b465013cd91e364f72ee1,1641752c5e08fb5b587b5e7e972d3a8be889f64cf67c4a8b61014925cc1b5b66,02f237708fc67b29f6f4e2ba98f2ef5af248d48b979e000a2091a742ef3fa0df,e6a6745c900c4a16b5bb90db2b61aa9e16c99ab7cf6346b59ffbe60641cf652d,4873492cb3855b713f236a79dea581dc3be320cd1613187eacddffd4bb179c70,TRUE
T100,Electricity,42,TRANSFORMER_CONTROLLED_ALTERNATIVE,VALID_COMPLETE,5,0.7565735578536987,experiment://TP2M5C/outputs/transformer_receiver_bank/seed_42/electricity/t100/w05/checkpoint.weights.h5,42665580a3433c7f96597e0971a438347fc555e31b3c5499c083bb5184ad691f,57bad822457949e9e638d18e954971cc44decdf839dbd5769ef674bff106431d,02f237708fc67b29f6f4e2ba98f2ef5af248d48b979e000a2091a742ef3fa0df,e6a6745c900c4a16b5bb90db2b61aa9e16c99ab7cf6346b59ffbe60641cf652d,4873492cb3855b713f236a79dea581dc3be320cd1613187eacddffd4bb179c70,TRUE
T107,Electricity,42,TRANSFORMER_CONTROLLED_ALTERNATIVE,VALID_COMPLETE,28,0.35617655515670776,experiment://TP2M5C/outputs/transformer_receiver_bank/seed_42/electricity/t107/w05/checkpoint.weights.h5,d060e612e592152bff7e96ba11fa952f80c7bf22d4376af446437355f0e555c2,1b419c2def9ca32806b3465f10aa7486b4b2f58fbdae84d614f3828c9dff30ee,02f237708fc67b29f6f4e2ba98f2ef5af248d48b979e000a2091a742ef3fa0df,e6a6745c900c4a16b5bb90db2b61aa9e16c99ab7cf6346b59ffbe60641cf652d,4873492cb3855b713f236a79dea581dc3be320cd1613187eacddffd4bb179c70,TRUE
T1,Electricity,42,TRANSFORMER_CONTROLLED_ALTERNATIVE,VALID_COMPLETE,16,2.1755259037017822,experiment://TP2M5C/outputs/transformer_receiver_bank/seed_42/electricity/t1/w05/checkpoint.weights.h5,264f1980d50ad233b95fb02af7202df3505037b78f72b0c169612261aa671cc2,ba3c2108eb44c926d00fbb9d15a33a1ecce7c5e150c78d4fe6ce2ab9e736ee52,02f237708fc67b29f6f4e2ba98f2ef5af248d48b979e000a2091a742ef3fa0df,e6a6745c900c4a16b5bb90db2b61aa9e16c99ab7cf6346b59ffbe60641cf652d,4873492cb3855b713f236a79dea581dc3be320cd1613187eacddffd4bb179c70,TRUE
T60,Electricity,42,TRANSFORMER_CONTROLLED_ALTERNATIVE,VALID_COMPLETE,24,0.42241817712783813,experiment://TP2M5C/outputs/transformer_receiver_bank/seed_42/electricity/t60/w05/checkpoint.weights.h5,3f796b8c4e48f9a4f25bf123b24702b4095f0cf8f6cafad3ed1b4932176206d7,0579c4b914483ea6145f165c15aa47fb9e8830131ef9262ece5ce1c1176264be,02f237708fc67b29f6f4e2ba98f2ef5af248d48b979e000a2091a742ef3fa0df,e6a6745c900c4a16b5bb90db2b61aa9e16c99ab7cf6346b59ffbe60641cf652d,4873492cb3855b713f236a79dea581dc3be320cd1613187eacddffd4bb179c70,TRUE
T321,Electricity,42,TRANSFORMER_CONTROLLED_ALTERNATIVE,VALID_COMPLETE,33,0.3218103051185608,experiment://TP2M5C/outputs/transformer_receiver_bank/seed_42/electricity/t321/w05/checkpoint.weights.h5,6d9cedc19ba8869610511470d435c797ba16b283783ba44d936fedcb2119caf8,7410748fd001d01d4c269cf4b83eb3a389ee0239bea3ff63956dcfc184322361,02f237708fc67b29f6f4e2ba98f2ef5af248d48b979e000a2091a742ef3fa0df,e6a6745c900c4a16b5bb90db2b61aa9e16c99ab7cf6346b59ffbe60641cf652d,4873492cb3855b713f236a79dea581dc3be320cd1613187eacddffd4bb179c70,TRUE
T237,Electricity,42,TRANSFORMER_CONTROLLED_ALTERNATIVE,VALID_COMPLETE,4,1.2895957231521606,experiment://TP2M5C/outputs/transformer_receiver_bank/seed_42/electricity/t237/w05/checkpoint.weights.h5,a184f5bd7be4916abeef20902e9eae7ad7fb342c72be5ec2d01c02f2ef9dd991,e817950eee2bda67e7a389bc76ce54eca67cf24031226d88dc7f6e6deeeef568,02f237708fc67b29f6f4e2ba98f2ef5af248d48b979e000a2091a742ef3fa0df,e6a6745c900c4a16b5bb90db2b61aa9e16c99ab7cf6346b59ffbe60641cf652d,4873492cb3855b713f236a79dea581dc3be320cd1613187eacddffd4bb179c70,TRUE
T134,Electricity,42,TRANSFORMER_CONTROLLED_ALTERNATIVE,VALID_COMPLETE,5,0.2430983930826187,experiment://TP2M5C/outputs/transformer_receiver_bank/seed_42/electricity/t134/w05/checkpoint.weights.h5,3e5e245f7102a50e5d2ac95679387468f2a891e529605e3b5bdaa72cea017496,398d64b0ce3fb1c18c4eba48d92f36e2790958f6cda5e6e37510d6e58b3b4a4a,02f237708fc67b29f6f4e2ba98f2ef5af248d48b979e000a2091a742ef3fa0df,e6a6745c900c4a16b5bb90db2b61aa9e16c99ab7cf6346b59ffbe60641cf652d,4873492cb3855b713f236a79dea581dc3be320cd1613187eacddffd4bb179c70,TRUE
Kaohsiung City,Dengue,42,TRANSFORMER_CONTROLLED_ALTERNATIVE,VALID_COMPLETE,23,3.020975112915039,experiment://TP2M5C/outputs/transformer_receiver_bank/seed_42/dengue/kaohsiung_city/w05/checkpoint.weights.h5,0c9acae7b74fe3b83e623feeeb3e5e810f4d8030364dc0df3f606f2e315ae4ad,28217a241ad60110048be6ad94e59cf474dfe5040efa529c3062adbb2938103f,02f237708fc67b29f6f4e2ba98f2ef5af248d48b979e000a2091a742ef3fa0df,e6a6745c900c4a16b5bb90db2b61aa9e16c99ab7cf6346b59ffbe60641cf652d,24f09a7ac8f32f9eb5213d809bf1b30c1e0621aaac183337b1c86dc80f5a4a1b,TRUE
New Taipei City,Dengue,42,TRANSFORMER_CONTROLLED_ALTERNATIVE,VALID_COMPLETE,3,4.230518817901611,experiment://TP2M5C/outputs/transformer_receiver_bank/seed_42/dengue/new_taipei_city/w05/checkpoint.weights.h5,190f31e0b431daa86e8e22697ecef98b3ea0b5cbeb1820f0bf3c9d83197dafbb,2d5f44ab9585c4c4e072e9db6e4c2e77c1b59153e68efb07e4b6bee79006520b,02f237708fc67b29f6f4e2ba98f2ef5af248d48b979e000a2091a742ef3fa0df,e6a6745c900c4a16b5bb90db2b61aa9e16c99ab7cf6346b59ffbe60641cf652d,24f09a7ac8f32f9eb5213d809bf1b30c1e0621aaac183337b1c86dc80f5a4a1b,TRUE
Pingtung County,Dengue,42,TRANSFORMER_CONTROLLED_ALTERNATIVE,VALID_COMPLETE,4,1.6371309757232666,experiment://TP2M5C/outputs/transformer_receiver_bank/seed_42/dengue/pingtung_county/w05/checkpoint.weights.h5,9a3ea100c5377a21c9c37e909409b3944c489f9cb30526ad372bc341bcbea125,92050d5ac272875e5a5574efca94a5141058cce57f81b8f54ebbc5942cbb898b,02f237708fc67b29f6f4e2ba98f2ef5af248d48b979e000a2091a742ef3fa0df,e6a6745c900c4a16b5bb90db2b61aa9e16c99ab7cf6346b59ffbe60641cf652d,24f09a7ac8f32f9eb5213d809bf1b30c1e0621aaac183337b1c86dc80f5a4a1b,TRUE
Taichung City,Dengue,42,TRANSFORMER_CONTROLLED_ALTERNATIVE,VALID_COMPLETE,66,1.720610499382019,experiment://TP2M5C/outputs/transformer_receiver_bank/seed_42/dengue/taichung_city/w05/checkpoint.weights.h5,7b63ff91f256d9e8e09b4acb408ce1b182bbfd45bb49672ed5c2fcfb846fe094,f3de1f29604c1df94f128bdcc44d4156cde0bfd75fa0c7a60c23baef8f919460,02f237708fc67b29f6f4e2ba98f2ef5af248d48b979e000a2091a742ef3fa0df,e6a6745c900c4a16b5bb90db2b61aa9e16c99ab7cf6346b59ffbe60641cf652d,24f09a7ac8f32f9eb5213d809bf1b30c1e0621aaac183337b1c86dc80f5a4a1b,TRUE
Tainan City,Dengue,42,TRANSFORMER_CONTROLLED_ALTERNATIVE,VALID_COMPLETE,22,1.0220297574996948,experiment://TP2M5C/outputs/transformer_receiver_bank/seed_42/dengue/tainan_city/w05/checkpoint.weights.h5,e0d7c1a8fbee6db5b869c02a4da2645734b2e1eec451a63731a72be0f3f0df45,2d64d2125bafd1847bce1537dc8f8891c48070b103c79d0a1440a0571bfdbde5,02f237708fc67b29f6f4e2ba98f2ef5af248d48b979e000a2091a742ef3fa0df,e6a6745c900c4a16b5bb90db2b61aa9e16c99ab7cf6346b59ffbe60641cf652d,24f09a7ac8f32f9eb5213d809bf1b30c1e0621aaac183337b1c86dc80f5a4a1b,TRUE
Taipei City,Dengue,42,TRANSFORMER_CONTROLLED_ALTERNATIVE,VALID_COMPLETE,1,2.924365758895874,experiment://TP2M5C/outputs/transformer_receiver_bank/seed_42/dengue/taipei_city/w05/checkpoint.weights.h5,6bd6cd1c8bb714f1774ec790bedb47b4eea5bda2f791e0f586f1d4731090b01b,ffc0deed2afc8cc8b6983d13546eb6b5025e8bfe6a991a911da1bcabf9d0c59a,02f237708fc67b29f6f4e2ba98f2ef5af248d48b979e000a2091a742ef3fa0df,e6a6745c900c4a16b5bb90db2b61aa9e16c99ab7cf6346b59ffbe60641cf652d,24f09a7ac8f32f9eb5213d809bf1b30c1e0621aaac183337b1c86dc80f5a4a1b,TRUE
Yunlin County,Dengue,42,TRANSFORMER_CONTROLLED_ALTERNATIVE,VALID_COMPLETE,9,1.2430784702301025,experiment://TP2M5C/outputs/transformer_receiver_bank/seed_42/dengue/yunlin_county/w05/checkpoint.weights.h5,696bf1eb2edae26a7c1a73ffc2dd4fa47980a0c07ab9608edda8310c9121fd3b,ae9c14a2593453f1f14af9be34733b0f57d3b468cf688c5f95535686336dd61e,02f237708fc67b29f6f4e2ba98f2ef5af248d48b979e000a2091a742ef3fa0df,e6a6745c900c4a16b5bb90db2b61aa9e16c99ab7cf6346b59ffbe60641cf652d,24f09a7ac8f32f9eb5213d809bf1b30c1e0621aaac183337b1c86dc80f5a4a1b,TRUE
Australia,WHO,123,TRANSFORMER_CONTROLLED_ALTERNATIVE,VALID_COMPLETE,34,0.012689891271293163,experiment://TP2M5C/outputs/transformer_receiver_bank/seed_123/who/australia/w05/checkpoint.weights.h5,81c42fc9e2fd98e1574c62afbba3b70fa99c8f6326f11a64a5f9fa65dabc3e89,db7f785d623127975bd76d90e54c13a7cf516e91bb93b4b94441d22a397108b0,02f237708fc67b29f6f4e2ba98f2ef5af248d48b979e000a2091a742ef3fa0df,e6a6745c900c4a16b5bb90db2b61aa9e16c99ab7cf6346b59ffbe60641cf652d,f9f6af1c1217a118b14ac76eddf5bae4080e461eba43ad350d0bb98f2695eeee,TRUE
Austria,WHO,123,TRANSFORMER_CONTROLLED_ALTERNATIVE,VALID_COMPLETE,18,1.5378472805023193,experiment://TP2M5C/outputs/transformer_receiver_bank/seed_123/who/austria/w05/checkpoint.weights.h5,17e7c718bffc8d22208a96951ee079afab7f6f6abac74f88172b8a3c0c98be2f,3f42c3b0a89c0f6769cdabe8283a590845320b1e01a93eabb86df9294816cc4a,02f237708fc67b29f6f4e2ba98f2ef5af248d48b979e000a2091a742ef3fa0df,e6a6745c900c4a16b5bb90db2b61aa9e16c99ab7cf6346b59ffbe60641cf652d,f9f6af1c1217a118b14ac76eddf5bae4080e461eba43ad350d0bb98f2695eeee,TRUE
Bangladesh,WHO,123,TRANSFORMER_CONTROLLED_ALTERNATIVE,VALID_COMPLETE,25,0.910250723361969,experiment://TP2M5C/outputs/transformer_receiver_bank/seed_123/who/bangladesh/w05/checkpoint.weights.h5,4af278ba2fba32056d234f0fc9fa25adae069bc7a79fa9c533540eba9c2b6fa4,1e12c6f7ec875a424356dd7841c4d3c3a041d6fa1ebdc804a0632c21d2bb1854,02f237708fc67b29f6f4e2ba98f2ef5af248d48b979e000a2091a742ef3fa0df,e6a6745c900c4a16b5bb90db2b61aa9e16c99ab7cf6346b59ffbe60641cf652d,f9f6af1c1217a118b14ac76eddf5bae4080e461eba43ad350d0bb98f2695eeee,TRUE
Bhutan,WHO,123,TRANSFORMER_CONTROLLED_ALTERNATIVE,VALID_COMPLETE,5,7.903414726257324,experiment://TP2M5C/outputs/transformer_receiver_bank/seed_123/who/bhutan/w05/checkpoint.weights.h5,41ca991bc5215983aa893ef8ea77da61755486cda26eb867fa7fe271a55fef8f,81fdd345eacdddfbba7f187f84a75beb9f8ea053612f75719d2a4b24bcbb75d1,02f237708fc67b29f6f4e2ba98f2ef5af248d48b979e000a2091a742ef3fa0df,e6a6745c900c4a16b5bb90db2b61aa9e16c99ab7cf6346b59ffbe60641cf652d,f9f6af1c1217a118b14ac76eddf5bae4080e461eba43ad350d0bb98f2695eeee,TRUE
Brunei Darussalam,WHO,123,TRANSFORMER_CONTROLLED_ALTERNATIVE,VALID_COMPLETE,9,2.4501953125,experiment://TP2M5C/outputs/transformer_receiver_bank/seed_123/who/brunei_darussalam/w05/checkpoint.weights.h5,a8ed35b16752ec79f1285df12a03695ad7a8db0bf78851ad8ff5d2e25945dd15,3f55284e7055b47e808df0b16c049868900f3b63b436066b0fc07fffee7413c1,02f237708fc67b29f6f4e2ba98f2ef5af248d48b979e000a2091a742ef3fa0df,e6a6745c900c4a16b5bb90db2b61aa9e16c99ab7cf6346b59ffbe60641cf652d,f9f6af1c1217a118b14ac76eddf5bae4080e461eba43ad350d0bb98f2695eeee,TRUE
Cambodia,WHO,123,TRANSFORMER_CONTROLLED_ALTERNATIVE,VALID_COMPLETE,1,1.8976763486862183,experiment://TP2M5C/outputs/transformer_receiver_bank/seed_123/who/cambodia/w05/checkpoint.weights.h5,bedb6cfcb0af04a8e9c980cb1eceb0f3e58e9054b2a444c6e445e42d8d32d5b8,38d3fd68ae846504c04c18040b2d48cec0175d793a9f31148bdd504dc4abe380,02f237708fc67b29f6f4e2ba98f2ef5af248d48b979e000a2091a742ef3fa0df,e6a6745c900c4a16b5bb90db2b61aa9e16c99ab7cf6346b59ffbe60641cf652d,f9f6af1c1217a118b14ac76eddf5bae4080e461eba43ad350d0bb98f2695eeee,TRUE
China,WHO,123,TRANSFORMER_CONTROLLED_ALTERNATIVE,VALID_COMPLETE,23,2.6069552898406982,experiment://TP2M5C/outputs/transformer_receiver_bank/seed_123/who/china/w05/checkpoint.weights.h5,8786d22993082b0ae69c0b040fd4f14287df408bd3da952bc6de9af09b97928d,502ed92e0228d9b56d625c0e1e6ffae77bff3dcc977e3b3e9458cc320d616cb6,02f237708fc67b29f6f4e2ba98f2ef5af248d48b979e000a2091a742ef3fa0df,e6a6745c900c4a16b5bb90db2b61aa9e16c99ab7cf6346b59ffbe60641cf652d,f9f6af1c1217a118b14ac76eddf5bae4080e461eba43ad350d0bb98f2695eeee,TRUE
Fiji,WHO,123,TRANSFORMER_CONTROLLED_ALTERNATIVE,VALID_COMPLETE,3,1.445739984512329,experiment://TP2M5C/outputs/transformer_receiver_bank/seed_123/who/fiji/w05/checkpoint.weights.h5,04668c2c0cf65d3ab0a36a38f2d5b279a9791e3529c2b61c234bf33e40adc886,08fcf3eee6145bcbe013a56ee7f377e2143fd0adbab796be9c4741d29789b5d7,02f237708fc67b29f6f4e2ba98f2ef5af248d48b979e000a2091a742ef3fa0df,e6a6745c900c4a16b5bb90db2b61aa9e16c99ab7cf6346b59ffbe60641cf652d,f9f6af1c1217a118b14ac76eddf5bae4080e461eba43ad350d0bb98f2695eeee,TRUE
French Polynesia,WHO,123,TRANSFORMER_CONTROLLED_ALTERNATIVE,VALID_COMPLETE,7,2109.567626953125,experiment://TP2M5C/outputs/transformer_receiver_bank/seed_123/who/french_polynesia/w05/checkpoint.weights.h5,5be255f7feba83f1b0ef229ab2b156403e9ec928b0b770b335d505ef1d48b70c,efc43af0683f5ffcd7eff660587c7bab46368586aa19acdb0eb8392e58e322c3,02f237708fc67b29f6f4e2ba98f2ef5af248d48b979e000a2091a742ef3fa0df,e6a6745c900c4a16b5bb90db2b61aa9e16c99ab7cf6346b59ffbe60641cf652d,f9f6af1c1217a118b14ac76eddf5bae4080e461eba43ad350d0bb98f2695eeee,TRUE
Guam,WHO,123,TRANSFORMER_CONTROLLED_ALTERNATIVE,VALID_COMPLETE,11,1.0819568634033203,experiment://TP2M5C/outputs/transformer_receiver_bank/seed_123/who/guam/w05/checkpoint.weights.h5,3e766504c3203621b349d560dc31893f089c2d4fa4e62ad6c0ded341201c1080,3cbc1c1494991ba024c73a74dbca3592a6a6a35f49d2e49730d02ba2227302cd,02f237708fc67b29f6f4e2ba98f2ef5af248d48b979e000a2091a742ef3fa0df,e6a6745c900c4a16b5bb90db2b61aa9e16c99ab7cf6346b59ffbe60641cf652d,f9f6af1c1217a118b14ac76eddf5bae4080e461eba43ad350d0bb98f2695eeee,TRUE
Lao People's Democratic Republic,WHO,123,TRANSFORMER_CONTROLLED_ALTERNATIVE,VALID_COMPLETE,4,1.7753772735595703,experiment://TP2M5C/outputs/transformer_receiver_bank/seed_123/who/lao_people_s_democratic_republic/w05/checkpoint.weights.h5,e6afffa39d4c338af793800fc610e2cec3f985ffc23f7438d95fc70624b16936,ee29ff667849128be0c3f5536a40c9ff83b0adcf3be0fd8f299de62fa464fc29,02f237708fc67b29f6f4e2ba98f2ef5af248d48b979e000a2091a742ef3fa0df,e6a6745c900c4a16b5bb90db2b61aa9e16c99ab7cf6346b59ffbe60641cf652d,f9f6af1c1217a118b14ac76eddf5bae4080e461eba43ad350d0bb98f2695eeee,TRUE
Malaysia,WHO,123,TRANSFORMER_CONTROLLED_ALTERNATIVE,VALID_COMPLETE,27,0.6186776757240295,experiment://TP2M5C/outputs/transformer_receiver_bank/seed_123/who/malaysia/w05/checkpoint.weights.h5,6b54b53f2a6edf0dae9b56f6baf48d8bb5aa19bc1262f529e1bb4bc8d0474959,cf912d778b318568ec006250b2868f9d15be03fb40c32053c113bab662912c59,02f237708fc67b29f6f4e2ba98f2ef5af248d48b979e000a2091a742ef3fa0df,e6a6745c900c4a16b5bb90db2b61aa9e16c99ab7cf6346b59ffbe60641cf652d,f9f6af1c1217a118b14ac76eddf5bae4080e461eba43ad350d0bb98f2695eeee,TRUE
Maldives,WHO,123,TRANSFORMER_CONTROLLED_ALTERNATIVE,VALID_COMPLETE,11,2.5672755241394043,experiment://TP2M5C/outputs/transformer_receiver_bank/seed_123/who/maldives/w05/checkpoint.weights.h5,c3e50db1bcb17e5830faaa4a69a877202e0f37e679817bbd1feb401679e0cace,579e6c001ea966a474904762d739a477f0db451a81194603a1a066cdf614ca80,02f237708fc67b29f6f4e2ba98f2ef5af248d48b979e000a2091a742ef3fa0df,e6a6745c900c4a16b5bb90db2b61aa9e16c99ab7cf6346b59ffbe60641cf652d,f9f6af1c1217a118b14ac76eddf5bae4080e461eba43ad350d0bb98f2695eeee,TRUE
Mexico,WHO,123,TRANSFORMER_CONTROLLED_ALTERNATIVE,VALID_COMPLETE,17,0.33573025465011597,experiment://TP2M5C/outputs/transformer_receiver_bank/seed_123/who/mexico/w05/checkpoint.weights.h5,2d0f29a5937a91802541129532ab351fe22f05d225258796a0107b4ab8afc850,714ac558340eb70fe6e87894351dcca5251ecdfb1601969bb290d2268ed189fa,02f237708fc67b29f6f4e2ba98f2ef5af248d48b979e000a2091a742ef3fa0df,e6a6745c900c4a16b5bb90db2b61aa9e16c99ab7cf6346b59ffbe60641cf652d,f9f6af1c1217a118b14ac76eddf5bae4080e461eba43ad350d0bb98f2695eeee,TRUE
Mongolia,WHO,123,TRANSFORMER_CONTROLLED_ALTERNATIVE,VALID_COMPLETE,24,0.9979208111763,experiment://TP2M5C/outputs/transformer_receiver_bank/seed_123/who/mongolia/w05/checkpoint.weights.h5,23774ffff1ba11a8ff99637d82be76d3a101017444f3c2a8330502f0df5e43aa,fb4aaff35502d21f869dca40803d8977c48dbaada9e4c2782a980bec97edc34f,02f237708fc67b29f6f4e2ba98f2ef5af248d48b979e000a2091a742ef3fa0df,e6a6745c900c4a16b5bb90db2b61aa9e16c99ab7cf6346b59ffbe60641cf652d,f9f6af1c1217a118b14ac76eddf5bae4080e461eba43ad350d0bb98f2695eeee,TRUE
Myanmar,WHO,123,TRANSFORMER_CONTROLLED_ALTERNATIVE,VALID_COMPLETE,10,1.3317095041275024,experiment://TP2M5C/outputs/transformer_receiver_bank/seed_123/who/myanmar/w05/checkpoint.weights.h5,7781d5853b164818a7b49ce440eef252f169d34a5df49e284cf10fc053d14f50,79c6cc4685756d1d67567bca6a54dde47a8b4b56df9fcfbb3b143f1edd1e04ab,02f237708fc67b29f6f4e2ba98f2ef5af248d48b979e000a2091a742ef3fa0df,e6a6745c900c4a16b5bb90db2b61aa9e16c99ab7cf6346b59ffbe60641cf652d,f9f6af1c1217a118b14ac76eddf5bae4080e461eba43ad350d0bb98f2695eeee,TRUE
Nepal,WHO,123,TRANSFORMER_CONTROLLED_ALTERNATIVE,VALID_COMPLETE,18,0.8505544662475586,experiment://TP2M5C/outputs/transformer_receiver_bank/seed_123/who/nepal/w05/checkpoint.weights.h5,ead7d5d0c950014378663f670f225ca4363f44d9d9e67afc477bb19ec38c68fe,48a3859a619c3aaab601a00fab6dfb1b7b6011f0a8d0e07f5875d94c6f808bbb,02f237708fc67b29f6f4e2ba98f2ef5af248d48b979e000a2091a742ef3fa0df,e6a6745c900c4a16b5bb90db2b61aa9e16c99ab7cf6346b59ffbe60641cf652d,f9f6af1c1217a118b14ac76eddf5bae4080e461eba43ad350d0bb98f2695eeee,TRUE
New Caledonia,WHO,123,TRANSFORMER_CONTROLLED_ALTERNATIVE,VALID_COMPLETE,5,6.039067268371582,experiment://TP2M5C/outputs/transformer_receiver_bank/seed_123/who/new_caledonia/w05/checkpoint.weights.h5,a82c6626daab88861987e444621880a873858ca904a2dd3821f3081246ec5b46,84004bcdfd1ffca95f244e2818b13874d49b21e2301ae64c5766b8faf59ed4ae,02f237708fc67b29f6f4e2ba98f2ef5af248d48b979e000a2091a742ef3fa0df,e6a6745c900c4a16b5bb90db2b61aa9e16c99ab7cf6346b59ffbe60641cf652d,f9f6af1c1217a118b14ac76eddf5bae4080e461eba43ad350d0bb98f2695eeee,TRUE
New Zealand,WHO,123,TRANSFORMER_CONTROLLED_ALTERNATIVE,VALID_COMPLETE,1,2.1237521171569824,experiment://TP2M5C/outputs/transformer_receiver_bank/seed_123/who/new_zealand/w05/checkpoint.weights.h5,a31055f657082cd017931a1b18e163fdaab137ec0326a0d2fd6365d84f1d7ef1,745bdfdeaaf6e8772a1a01169cddbfd9e0544447166f2cb26073ce7cfd71d21d,02f237708fc67b29f6f4e2ba98f2ef5af248d48b979e000a2091a742ef3fa0df,e6a6745c900c4a16b5bb90db2b61aa9e16c99ab7cf6346b59ffbe60641cf652d,f9f6af1c1217a118b14ac76eddf5bae4080e461eba43ad350d0bb98f2695eeee,TRUE
Northern Mariana Islands,WHO,123,TRANSFORMER_CONTROLLED_ALTERNATIVE,VALID_COMPLETE,1,12.159768104553223,experiment://TP2M5C/outputs/transformer_receiver_bank/seed_123/who/northern_mariana_islands/w05/checkpoint.weights.h5,9562990b4f6ee3e0678fb87d7808a80d99b25299a18712ac7b0a7e477289d29b,9f309461dc164cf59887ff5341e78ac447c3619e2adb3e4be454b9a0af0c2b0f,02f237708fc67b29f6f4e2ba98f2ef5af248d48b979e000a2091a742ef3fa0df,e6a6745c900c4a16b5bb90db2b61aa9e16c99ab7cf6346b59ffbe60641cf652d,f9f6af1c1217a118b14ac76eddf5bae4080e461eba43ad350d0bb98f2695eeee,TRUE
Palau,WHO,123,TRANSFORMER_CONTROLLED_ALTERNATIVE,VALID_COMPLETE,3,0.010041018016636372,experiment://TP2M5C/outputs/transformer_receiver_bank/seed_123/who/palau/w05/checkpoint.weights.h5,6d9e4739b8b2ee54dff5d33434f2a222be7b66f8ba1487d3263078bbbb8d6f9b,8f3fa7c8a6e198faacc051012598e8ff4c61227c8a8e564e5b96e37d81bf0864,02f237708fc67b29f6f4e2ba98f2ef5af248d48b979e000a2091a742ef3fa0df,e6a6745c900c4a16b5bb90db2b61aa9e16c99ab7cf6346b59ffbe60641cf652d,f9f6af1c1217a118b14ac76eddf5bae4080e461eba43ad350d0bb98f2695eeee,TRUE
Papua New Guinea,WHO,123,TRANSFORMER_CONTROLLED_ALTERNATIVE,VALID_COMPLETE,2,2.1000304222106934,experiment://TP2M5C/outputs/transformer_receiver_bank/seed_123/who/papua_new_guinea/w05/checkpoint.weights.h5,d484efa2d56056301382c52c8ff9dd3209f815372bd78136993a7aed645569a6,2778592dbf1059b568ab93632c196893f55f90a93e44998ec7e10e7bdb2d4f6f,02f237708fc67b29f6f4e2ba98f2ef5af248d48b979e000a2091a742ef3fa0df,e6a6745c900c4a16b5bb90db2b61aa9e16c99ab7cf6346b59ffbe60641cf652d,f9f6af1c1217a118b14ac76eddf5bae4080e461eba43ad350d0bb98f2695eeee,TRUE
Philippines,WHO,123,TRANSFORMER_CONTROLLED_ALTERNATIVE,VALID_COMPLETE,1,1.7444368600845337,experiment://TP2M5C/outputs/transformer_receiver_bank/seed_123/who/philippines/w05/checkpoint.weights.h5,21c73e9f49892ffc5d8cfb77c93875f3892b3de0893e56ff0a1067485f7de12b,92e1360cdd69157b3ead6754479a56021a7e5f8fc241c2d269b25bf84fbf884a,02f237708fc67b29f6f4e2ba98f2ef5af248d48b979e000a2091a742ef3fa0df,e6a6745c900c4a16b5bb90db2b61aa9e16c99ab7cf6346b59ffbe60641cf652d,f9f6af1c1217a118b14ac76eddf5bae4080e461eba43ad350d0bb98f2695eeee,TRUE
Singapore,WHO,123,TRANSFORMER_CONTROLLED_ALTERNATIVE,VALID_COMPLETE,28,1.4223320484161377,experiment://TP2M5C/outputs/transformer_receiver_bank/seed_123/who/singapore/w05/checkpoint.weights.h5,e91088584db86063b85a70121a8a9a41baa27590a77fa1af25e00c2319e796ec,317411292059ac8ddb8a13f187f9dbdc1ce1432166f0004b0342eec4ca37d830,02f237708fc67b29f6f4e2ba98f2ef5af248d48b979e000a2091a742ef3fa0df,e6a6745c900c4a16b5bb90db2b61aa9e16c99ab7cf6346b59ffbe60641cf652d,f9f6af1c1217a118b14ac76eddf5bae4080e461eba43ad350d0bb98f2695eeee,TRUE
Sri Lanka,WHO,123,TRANSFORMER_CONTROLLED_ALTERNATIVE,VALID_COMPLETE,1,103.38224029541016,experiment://TP2M5C/outputs/transformer_receiver_bank/seed_123/who/sri_lanka/w05/checkpoint.weights.h5,4f7650378a72db85d667250b6befe1a572c882b7948d01e7dde43b0a58d8dcc6,61519cec70aeaa07eb1d6c64fe4a8de516a58077f9773802005a94af2b5bb093,02f237708fc67b29f6f4e2ba98f2ef5af248d48b979e000a2091a742ef3fa0df,e6a6745c900c4a16b5bb90db2b61aa9e16c99ab7cf6346b59ffbe60641cf652d,f9f6af1c1217a118b14ac76eddf5bae4080e461eba43ad350d0bb98f2695eeee,TRUE
Switzerland,WHO,123,TRANSFORMER_CONTROLLED_ALTERNATIVE,VALID_COMPLETE,28,0.1085619404911995,experiment://TP2M5C/outputs/transformer_receiver_bank/seed_123/who/switzerland/w05/checkpoint.weights.h5,db10bbda45f05efa8a7cad535308d94100d7d4cb40b6dd3c8e9f307687013eec,f27379007da33478aa56b4d2bc1b8fcd79c3db875f2f0e69f95e356b52b8bb43,02f237708fc67b29f6f4e2ba98f2ef5af248d48b979e000a2091a742ef3fa0df,e6a6745c900c4a16b5bb90db2b61aa9e16c99ab7cf6346b59ffbe60641cf652d,f9f6af1c1217a118b14ac76eddf5bae4080e461eba43ad350d0bb98f2695eeee,TRUE
Thailand,WHO,123,TRANSFORMER_CONTROLLED_ALTERNATIVE,VALID_COMPLETE,10,2.079296350479126,experiment://TP2M5C/outputs/transformer_receiver_bank/seed_123/who/thailand/w05/checkpoint.weights.h5,3530203452e3fff194ddeee534bb6c026aac4ba0e353e1aa25abd095bdef735e,0c690c484445b5d1d779fa4a3217fc70dca754a3277511459c776b29b11644e9,02f237708fc67b29f6f4e2ba98f2ef5af248d48b979e000a2091a742ef3fa0df,e6a6745c900c4a16b5bb90db2b61aa9e16c99ab7cf6346b59ffbe60641cf652d,f9f6af1c1217a118b14ac76eddf5bae4080e461eba43ad350d0bb98f2695eeee,TRUE
Timor-Leste,WHO,123,TRANSFORMER_CONTROLLED_ALTERNATIVE,VALID_COMPLETE,1,1.812502145767212,experiment://TP2M5C/outputs/transformer_receiver_bank/seed_123/who/timor_leste/w05/checkpoint.weights.h5,01d7a7ae6382494dd090a2871311453189f407fbf2af8299003148babcda6e76,79830ae85518e301644553ea42736330c35c3ffd7f785866cc58bc5e52d9ccce,02f237708fc67b29f6f4e2ba98f2ef5af248d48b979e000a2091a742ef3fa0df,e6a6745c900c4a16b5bb90db2b61aa9e16c99ab7cf6346b59ffbe60641cf652d,f9f6af1c1217a118b14ac76eddf5bae4080e461eba43ad350d0bb98f2695eeee,TRUE
United Kingdom of Great Britain and Northern Ireland,WHO,123,TRANSFORMER_CONTROLLED_ALTERNATIVE,VALID_COMPLETE,16,0.22586171329021454,experiment://TP2M5C/outputs/transformer_receiver_bank/seed_123/who/united_kingdom_of_great_britain_and_northern_ireland/w05/checkpoint.weights.h5,f54b7f6f94bc8b605c6305534085c9d98ded8be17ef089c8ea715937c4290ed1,45f8cbd73a4d81390293f12233b7a55b6625b370366f8bcadf89415173512c52,02f237708fc67b29f6f4e2ba98f2ef5af248d48b979e000a2091a742ef3fa0df,e6a6745c900c4a16b5bb90db2b61aa9e16c99ab7cf6346b59ffbe60641cf652d,f9f6af1c1217a118b14ac76eddf5bae4080e461eba43ad350d0bb98f2695eeee,TRUE
Vanuatu,WHO,123,TRANSFORMER_CONTROLLED_ALTERNATIVE,VALID_COMPLETE,1,0.1470361053943634,experiment://TP2M5C/outputs/transformer_receiver_bank/seed_123/who/vanuatu/w05/checkpoint.weights.h5,45512daf977e5100207d270e22b4e724dd6bed8f7a16b2d0265240b727d68314,2afb3ebbeeea778872221101dd11789a9e92b155e5acbeaa021e52f5a385d621,02f237708fc67b29f6f4e2ba98f2ef5af248d48b979e000a2091a742ef3fa0df,e6a6745c900c4a16b5bb90db2b61aa9e16c99ab7cf6346b59ffbe60641cf652d,f9f6af1c1217a118b14ac76eddf5bae4080e461eba43ad350d0bb98f2695eeee,TRUE
Viet Nam,WHO,123,TRANSFORMER_CONTROLLED_ALTERNATIVE,VALID_COMPLETE,2,340.0158996582031,experiment://TP2M5C/outputs/transformer_receiver_bank/seed_123/who/viet_nam/w05/checkpoint.weights.h5,3b59e69773e17b8a307342c7cdc3a0bc7bfc5e011403503e76db43e83d837769,93b54fe89bbeba75c26c8f83b0ec6be7fa78179503e82f7f64675464a9750219,02f237708fc67b29f6f4e2ba98f2ef5af248d48b979e000a2091a742ef3fa0df,e6a6745c900c4a16b5bb90db2b61aa9e16c99ab7cf6346b59ffbe60641cf652d,f9f6af1c1217a118b14ac76eddf5bae4080e461eba43ad350d0bb98f2695eeee,TRUE
T7,Electricity,123,TRANSFORMER_CONTROLLED_ALTERNATIVE,VALID_COMPLETE,6,0.7659180760383606,experiment://TP2M5C/outputs/transformer_receiver_bank/seed_123/electricity/t7/w05/checkpoint.weights.h5,42c48557c74e010322f149732e226444f0dc7df6bf6e54fb03d337e969e7453c,2ff5cc9e135e701f5b3d92189d9584823b6f52cd54a0386495807e18d5af1ee7,02f237708fc67b29f6f4e2ba98f2ef5af248d48b979e000a2091a742ef3fa0df,e6a6745c900c4a16b5bb90db2b61aa9e16c99ab7cf6346b59ffbe60641cf652d,4873492cb3855b713f236a79dea581dc3be320cd1613187eacddffd4bb179c70,TRUE
T314,Electricity,123,TRANSFORMER_CONTROLLED_ALTERNATIVE,VALID_COMPLETE,29,2.211423635482788,experiment://TP2M5C/outputs/transformer_receiver_bank/seed_123/electricity/t314/w05/checkpoint.weights.h5,bcef88c2762e9960bc05a77d629eb2bad0bf79922450313e4eb9417957704e99,ea2658f5550a128102cd18e0c9c85b6bf657acb04dbb0eff36e713c9c3c28d37,02f237708fc67b29f6f4e2ba98f2ef5af248d48b979e000a2091a742ef3fa0df,e6a6745c900c4a16b5bb90db2b61aa9e16c99ab7cf6346b59ffbe60641cf652d,4873492cb3855b713f236a79dea581dc3be320cd1613187eacddffd4bb179c70,TRUE
T118,Electricity,123,TRANSFORMER_CONTROLLED_ALTERNATIVE,VALID_COMPLETE,5,1.1577074527740479,experiment://TP2M5C/outputs/transformer_receiver_bank/seed_123/electricity/t118/w05/checkpoint.weights.h5,ab71d2d35a9ce8bca256c37e992b6c8526bad6749f08c08bee14577f3281f11b,34dbb4488b771fbd5d5f7740faaa74e0ddf72b4ec5efe72839510ffaaf50d020,02f237708fc67b29f6f4e2ba98f2ef5af248d48b979e000a2091a742ef3fa0df,e6a6745c900c4a16b5bb90db2b61aa9e16c99ab7cf6346b59ffbe60641cf652d,4873492cb3855b713f236a79dea581dc3be320cd1613187eacddffd4bb179c70,TRUE
T108,Electricity,123,TRANSFORMER_CONTROLLED_ALTERNATIVE,VALID_COMPLETE,3,0.17081011831760406,experiment://TP2M5C/outputs/transformer_receiver_bank/seed_123/electricity/t108/w05/checkpoint.weights.h5,6c6d085a27eecf61d9438eeba202a86d53d501980871373340dc4ac40694b286,2a01d9d4dbfa7eb3ea41495e39103accdd3ba9b67c53072f2b816f1cf3a4c0a5,02f237708fc67b29f6f4e2ba98f2ef5af248d48b979e000a2091a742ef3fa0df,e6a6745c900c4a16b5bb90db2b61aa9e16c99ab7cf6346b59ffbe60641cf652d,4873492cb3855b713f236a79dea581dc3be320cd1613187eacddffd4bb179c70,TRUE
T84,Electricity,123,TRANSFORMER_CONTROLLED_ALTERNATIVE,VALID_COMPLETE,8,0.5498978495597839,experiment://TP2M5C/outputs/transformer_receiver_bank/seed_123/electricity/t84/w05/checkpoint.weights.h5,1939839f74e7f4c1fe7e8759e9cc2c9e572eefe82eb019bcca2e243a9eeb8caf,07dcce54ea797c698b467906bfb26f1af88f35ccafa051f3be64681709357a41,02f237708fc67b29f6f4e2ba98f2ef5af248d48b979e000a2091a742ef3fa0df,e6a6745c900c4a16b5bb90db2b61aa9e16c99ab7cf6346b59ffbe60641cf652d,4873492cb3855b713f236a79dea581dc3be320cd1613187eacddffd4bb179c70,TRUE
T106,Electricity,123,TRANSFORMER_CONTROLLED_ALTERNATIVE,VALID_COMPLETE,32,0.25899210572242737,experiment://TP2M5C/outputs/transformer_receiver_bank/seed_123/electricity/t106/w05/checkpoint.weights.h5,85745627fc4598e69f15be59fc2442e79e99741176050fcbd36ce803e12e41c6,170f442a5ddd9bf01d3756ec7b9baebc03d1aeb49f974bfddd38910c276df619,02f237708fc67b29f6f4e2ba98f2ef5af248d48b979e000a2091a742ef3fa0df,e6a6745c900c4a16b5bb90db2b61aa9e16c99ab7cf6346b59ffbe60641cf652d,4873492cb3855b713f236a79dea581dc3be320cd1613187eacddffd4bb179c70,TRUE
T318,Electricity,123,TRANSFORMER_CONTROLLED_ALTERNATIVE,VALID_COMPLETE,19,0.2673303484916687,experiment://TP2M5C/outputs/transformer_receiver_bank/seed_123/electricity/t318/w05/checkpoint.weights.h5,518bed96f06c4c4eb8c5c0fd2ebecb78192d480258098f3df9403619175ee492,547ca37acaa8ffe90881d7ab05d794316efe362cff674e91fa4adb17de080f7b,02f237708fc67b29f6f4e2ba98f2ef5af248d48b979e000a2091a742ef3fa0df,e6a6745c900c4a16b5bb90db2b61aa9e16c99ab7cf6346b59ffbe60641cf652d,4873492cb3855b713f236a79dea581dc3be320cd1613187eacddffd4bb179c70,TRUE
T82,Electricity,123,TRANSFORMER_CONTROLLED_ALTERNATIVE,VALID_COMPLETE,5,0.3720380365848541,experiment://TP2M5C/outputs/transformer_receiver_bank/seed_123/electricity/t82/w05/checkpoint.weights.h5,e4725edfffba8378d849eef63269c98a3e84ab655ec2d1ab7584da515a506a2f,0cd92236c1f4876d22a4f0393339b1c56277d138d367b54bc74c2f812298ed54,02f237708fc67b29f6f4e2ba98f2ef5af248d48b979e000a2091a742ef3fa0df,e6a6745c900c4a16b5bb90db2b61aa9e16c99ab7cf6346b59ffbe60641cf652d,4873492cb3855b713f236a79dea581dc3be320cd1613187eacddffd4bb179c70,TRUE
T128,Electricity,123,TRANSFORMER_CONTROLLED_ALTERNATIVE,VALID_COMPLETE,8,0.21791256964206696,experiment://TP2M5C/outputs/transformer_receiver_bank/seed_123/electricity/t128/w05/checkpoint.weights.h5,20d80ef02f9db7d9555b9094b090871840fea416a0d3800013623fc68b1f49a8,67dce04e92c97bba15b6f1dbfaae85733400caf458f744c77da3c102b528079d,02f237708fc67b29f6f4e2ba98f2ef5af248d48b979e000a2091a742ef3fa0df,e6a6745c900c4a16b5bb90db2b61aa9e16c99ab7cf6346b59ffbe60641cf652d,4873492cb3855b713f236a79dea581dc3be320cd1613187eacddffd4bb179c70,TRUE
T129,Electricity,123,TRANSFORMER_CONTROLLED_ALTERNATIVE,VALID_COMPLETE,38,0.2864570617675781,experiment://TP2M5C/outputs/transformer_receiver_bank/seed_123/electricity/t129/w05/checkpoint.weights.h5,fc50334a944ede236fec0c384599d1939410e1944ed3d16089d49277543ad014,27a04fd8559ccc7e06acad676fe03fc4e8fcb11b8d57adc86c8c39f689c04e25,02f237708fc67b29f6f4e2ba98f2ef5af248d48b979e000a2091a742ef3fa0df,e6a6745c900c4a16b5bb90db2b61aa9e16c99ab7cf6346b59ffbe60641cf652d,4873492cb3855b713f236a79dea581dc3be320cd1613187eacddffd4bb179c70,TRUE
T104,Electricity,123,TRANSFORMER_CONTROLLED_ALTERNATIVE,VALID_COMPLETE,23,0.029662106186151505,experiment://TP2M5C/outputs/transformer_receiver_bank/seed_123/electricity/t104/w05/checkpoint.weights.h5,d96e848329309b256ba9a3480ad7ae6ef7c6c31bb0536c06e7be521dc68aea1c,78c36fa6d13b1c421e027958884cdfda2314268904ff6082a881ebd1ff93d602,02f237708fc67b29f6f4e2ba98f2ef5af248d48b979e000a2091a742ef3fa0df,e6a6745c900c4a16b5bb90db2b61aa9e16c99ab7cf6346b59ffbe60641cf652d,4873492cb3855b713f236a79dea581dc3be320cd1613187eacddffd4bb179c70,TRUE
T85,Electricity,123,TRANSFORMER_CONTROLLED_ALTERNATIVE,VALID_COMPLETE,7,0.9504729509353638,experiment://TP2M5C/outputs/transformer_receiver_bank/seed_123/electricity/t85/w05/checkpoint.weights.h5,4f8dbd88a9ff5b9312c88d320cad3210293aa80e68cb292b5660ed62dc04898d,5eb6f06e6b7441a701306e631259aea3c332188f23e61b378edb3c067bdcd5c1,02f237708fc67b29f6f4e2ba98f2ef5af248d48b979e000a2091a742ef3fa0df,e6a6745c900c4a16b5bb90db2b61aa9e16c99ab7cf6346b59ffbe60641cf652d,4873492cb3855b713f236a79dea581dc3be320cd1613187eacddffd4bb179c70,TRUE
T86,Electricity,123,TRANSFORMER_CONTROLLED_ALTERNATIVE,VALID_COMPLETE,18,0.05557161569595337,experiment://TP2M5C/outputs/transformer_receiver_bank/seed_123/electricity/t86/w05/checkpoint.weights.h5,f4e551b8e6fa88f71d1f85b5c691ea2ceccd869992a5933612ab32b4a6d79551,142243b4f9f7d0459e933a4a1bff3bb0a16f2e628801078675eea94452a698bb,02f237708fc67b29f6f4e2ba98f2ef5af248d48b979e000a2091a742ef3fa0df,e6a6745c900c4a16b5bb90db2b61aa9e16c99ab7cf6346b59ffbe60641cf652d,4873492cb3855b713f236a79dea581dc3be320cd1613187eacddffd4bb179c70,TRUE
T135,Electricity,123,TRANSFORMER_CONTROLLED_ALTERNATIVE,VALID_COMPLETE,32,0.06396470963954926,experiment://TP2M5C/outputs/transformer_receiver_bank/seed_123/electricity/t135/w05/checkpoint.weights.h5,16f9149bb8e9b66980b9c47abb4964e71ed5636e0189e863468f6f070c14b899,7adf63b4a758d046863f4925411955ae0ee6a18d87ae7f6dfc53fc0ada3d4352,02f237708fc67b29f6f4e2ba98f2ef5af248d48b979e000a2091a742ef3fa0df,e6a6745c900c4a16b5bb90db2b61aa9e16c99ab7cf6346b59ffbe60641cf652d,4873492cb3855b713f236a79dea581dc3be320cd1613187eacddffd4bb179c70,TRUE
T144,Electricity,123,TRANSFORMER_CONTROLLED_ALTERNATIVE,VALID_COMPLETE,2,1.1242091655731201,experiment://TP2M5C/outputs/transformer_receiver_bank/seed_123/electricity/t144/w05/checkpoint.weights.h5,b9fefc3a90a25489e028df8e81c5dc956f728db5ad908d1ea2ec14a710778819,fe372fc1d52e0fabb78b518e9554300f11603c53f57b66aa6b5cdca032a82aa3,02f237708fc67b29f6f4e2ba98f2ef5af248d48b979e000a2091a742ef3fa0df,e6a6745c900c4a16b5bb90db2b61aa9e16c99ab7cf6346b59ffbe60641cf652d,4873492cb3855b713f236a79dea581dc3be320cd1613187eacddffd4bb179c70,TRUE
T20,Electricity,123,TRANSFORMER_CONTROLLED_ALTERNATIVE,VALID_COMPLETE,8,0.4955374300479889,experiment://TP2M5C/outputs/transformer_receiver_bank/seed_123/electricity/t20/w05/checkpoint.weights.h5,d8a009dc9f83b5329fecb0567f68fe10d5369bb9e91992008789c4791771cf5b,a0cb134cc75e90a8190b94f58bbef39b4a879d74c494ba040f39e087843f27e4,02f237708fc67b29f6f4e2ba98f2ef5af248d48b979e000a2091a742ef3fa0df,e6a6745c900c4a16b5bb90db2b61aa9e16c99ab7cf6346b59ffbe60641cf652d,4873492cb3855b713f236a79dea581dc3be320cd1613187eacddffd4bb179c70,TRUE
T234,Electricity,123,TRANSFORMER_CONTROLLED_ALTERNATIVE,VALID_COMPLETE,21,1.266131043434143,experiment://TP2M5C/outputs/transformer_receiver_bank/seed_123/electricity/t234/w05/checkpoint.weights.h5,b14830e8bff6945f053168c8a97866183a6e882702da873b34c555e78b7a2a1a,755d1809c126a52204761a6845ec21d88ba944d6a511fa93e914486d488c0da2,02f237708fc67b29f6f4e2ba98f2ef5af248d48b979e000a2091a742ef3fa0df,e6a6745c900c4a16b5bb90db2b61aa9e16c99ab7cf6346b59ffbe60641cf652d,4873492cb3855b713f236a79dea581dc3be320cd1613187eacddffd4bb179c70,TRUE
T115,Electricity,123,TRANSFORMER_CONTROLLED_ALTERNATIVE,VALID_COMPLETE,16,42.299659729003906,experiment://TP2M5C/outputs/transformer_receiver_bank/seed_123/electricity/t115/w05/checkpoint.weights.h5,8c8583eb64d8a379701354fc95542881f0ad2d9fdcf4d808da1e18bd1fb32e37,7d217842394c7530276f1c5b264c33c180a0d3f505534943d0f58e00ac5f77b3,02f237708fc67b29f6f4e2ba98f2ef5af248d48b979e000a2091a742ef3fa0df,e6a6745c900c4a16b5bb90db2b61aa9e16c99ab7cf6346b59ffbe60641cf652d,4873492cb3855b713f236a79dea581dc3be320cd1613187eacddffd4bb179c70,TRUE
T3,Electricity,123,TRANSFORMER_CONTROLLED_ALTERNATIVE,VALID_COMPLETE,18,2.9219970703125,experiment://TP2M5C/outputs/transformer_receiver_bank/seed_123/electricity/t3/w05/checkpoint.weights.h5,b9f1a6c10bef2d087ff10d62c60100e97c06327820feec0334bb494979eba8f9,a6379726ed70036b55f91371bfd7c32a692e542154b51b38c0935a0d1f03a7b8,02f237708fc67b29f6f4e2ba98f2ef5af248d48b979e000a2091a742ef3fa0df,e6a6745c900c4a16b5bb90db2b61aa9e16c99ab7cf6346b59ffbe60641cf652d,4873492cb3855b713f236a79dea581dc3be320cd1613187eacddffd4bb179c70,TRUE
T30,Electricity,123,TRANSFORMER_CONTROLLED_ALTERNATIVE,VALID_COMPLETE,10,0.5814884305000305,experiment://TP2M5C/outputs/transformer_receiver_bank/seed_123/electricity/t30/w05/checkpoint.weights.h5,569f5b14b66ddfa1b4672f8382fbd9e391c22fde97d7d164dac9d47a3a8b7fdb,3ff8342abdad23249e5c0930d140140ed715f5447bbd6bfcad33ac4cac075918,02f237708fc67b29f6f4e2ba98f2ef5af248d48b979e000a2091a742ef3fa0df,e6a6745c900c4a16b5bb90db2b61aa9e16c99ab7cf6346b59ffbe60641cf652d,4873492cb3855b713f236a79dea581dc3be320cd1613187eacddffd4bb179c70,TRUE
T208,Electricity,123,TRANSFORMER_CONTROLLED_ALTERNATIVE,VALID_COMPLETE,13,4.173099994659424,experiment://TP2M5C/outputs/transformer_receiver_bank/seed_123/electricity/t208/w05/checkpoint.weights.h5,b17ff6e662161f9b97e9bf1a90d0bc4a56675a603b32a8d37c1a123adfa6cda4,3f96dd8ad769b9893fe13a1caf28cb38edea931f83812c85572cd2e73fa0bd77,02f237708fc67b29f6f4e2ba98f2ef5af248d48b979e000a2091a742ef3fa0df,e6a6745c900c4a16b5bb90db2b61aa9e16c99ab7cf6346b59ffbe60641cf652d,4873492cb3855b713f236a79dea581dc3be320cd1613187eacddffd4bb179c70,TRUE
T316,Electricity,123,TRANSFORMER_CONTROLLED_ALTERNATIVE,VALID_COMPLETE,1,1.7007454633712769,experiment://TP2M5C/outputs/transformer_receiver_bank/seed_123/electricity/t316/w05/checkpoint.weights.h5,6276e7fc96f58b071acbf980d6c104d52909a1ec278d28a20252effc1667134c,c4795240e7ab95bddf4a076f59342a8c6746309734832a29b22f910d9deb4300,02f237708fc67b29f6f4e2ba98f2ef5af248d48b979e000a2091a742ef3fa0df,e6a6745c900c4a16b5bb90db2b61aa9e16c99ab7cf6346b59ffbe60641cf652d,4873492cb3855b713f236a79dea581dc3be320cd1613187eacddffd4bb179c70,TRUE
T249,Electricity,123,TRANSFORMER_CONTROLLED_ALTERNATIVE,VALID_COMPLETE,3,0.5626286864280701,experiment://TP2M5C/outputs/transformer_receiver_bank/seed_123/electricity/t249/w05/checkpoint.weights.h5,2f056e431d047df19e5ac63010d481f45c8681dcd3b88cb6676e3d74f1eb2368,abfd2b7d8c787f3cadc7e6e68aab458d91a75ea8225dcaf722974d18443e0f1f,02f237708fc67b29f6f4e2ba98f2ef5af248d48b979e000a2091a742ef3fa0df,e6a6745c900c4a16b5bb90db2b61aa9e16c99ab7cf6346b59ffbe60641cf652d,4873492cb3855b713f236a79dea581dc3be320cd1613187eacddffd4bb179c70,TRUE
T133,Electricity,123,TRANSFORMER_CONTROLLED_ALTERNATIVE,VALID_COMPLETE,6,0.09074851125478745,experiment://TP2M5C/outputs/transformer_receiver_bank/seed_123/electricity/t133/w05/checkpoint.weights.h5,bcdc95edbe1825c3eb832603993214169c7804fe2d15764aae7b4cf5e2b6daa8,be0263a27c78500daa291fc4c4460b3339a895919cf89e5c17b6378122f73b10,02f237708fc67b29f6f4e2ba98f2ef5af248d48b979e000a2091a742ef3fa0df,e6a6745c900c4a16b5bb90db2b61aa9e16c99ab7cf6346b59ffbe60641cf652d,4873492cb3855b713f236a79dea581dc3be320cd1613187eacddffd4bb179c70,TRUE
T224,Electricity,123,TRANSFORMER_CONTROLLED_ALTERNATIVE,VALID_COMPLETE,19,1.6461420059204102,experiment://TP2M5C/outputs/transformer_receiver_bank/seed_123/electricity/t224/w05/checkpoint.weights.h5,9049d6919f04be537ef1792deac03f76cc63c26edb6a502130fb8e61bab1540f,fcbb00c3a0f09da814242542f88b1f91e857c745b1be8b380635f6f3e46b264a,02f237708fc67b29f6f4e2ba98f2ef5af248d48b979e000a2091a742ef3fa0df,e6a6745c900c4a16b5bb90db2b61aa9e16c99ab7cf6346b59ffbe60641cf652d,4873492cb3855b713f236a79dea581dc3be320cd1613187eacddffd4bb179c70,TRUE
T11,Electricity,123,TRANSFORMER_CONTROLLED_ALTERNATIVE,VALID_COMPLETE,11,1.2106783390045166,experiment://TP2M5C/outputs/transformer_receiver_bank/seed_123/electricity/t11/w05/checkpoint.weights.h5,468a22dd18dcfa74789ae42a0a382d9c475f2966fd2ededea11c35ce04c26e07,cfc61e8fca7cf79047c0392967fa9ec5ddbe16a5125e595c588a6ec93148c972,02f237708fc67b29f6f4e2ba98f2ef5af248d48b979e000a2091a742ef3fa0df,e6a6745c900c4a16b5bb90db2b61aa9e16c99ab7cf6346b59ffbe60641cf652d,4873492cb3855b713f236a79dea581dc3be320cd1613187eacddffd4bb179c70,TRUE
T125,Electricity,123,TRANSFORMER_CONTROLLED_ALTERNATIVE,VALID_COMPLETE,38,0.0399499237537384,experiment://TP2M5C/outputs/transformer_receiver_bank/seed_123/electricity/t125/w05/checkpoint.weights.h5,640f891bfc40ef0ce7527d7a2ea79c65629c7952a79b6b2e517fe6f6218a7024,41648a5f0cafd858b699a834d4712d5c2d02d0136e1354bcc555455f0914e233,02f237708fc67b29f6f4e2ba98f2ef5af248d48b979e000a2091a742ef3fa0df,e6a6745c900c4a16b5bb90db2b61aa9e16c99ab7cf6346b59ffbe60641cf652d,4873492cb3855b713f236a79dea581dc3be320cd1613187eacddffd4bb179c70,TRUE
T26,Electricity,123,TRANSFORMER_CONTROLLED_ALTERNATIVE,VALID_COMPLETE,14,0.06920035928487778,experiment://TP2M5C/outputs/transformer_receiver_bank/seed_123/electricity/t26/w05/checkpoint.weights.h5,be3070fdddcc95dc1bae16ff7a3dba71c328bb0f44bc2fa2f9b5b42a90fa3896,71f28d410e4d97bab7636aebd1a13dc52a2588059e2abeb2aefd1a61732e6956,02f237708fc67b29f6f4e2ba98f2ef5af248d48b979e000a2091a742ef3fa0df,e6a6745c900c4a16b5bb90db2b61aa9e16c99ab7cf6346b59ffbe60641cf652d,4873492cb3855b713f236a79dea581dc3be320cd1613187eacddffd4bb179c70,TRUE
T2,Electricity,123,TRANSFORMER_CONTROLLED_ALTERNATIVE,VALID_COMPLETE,15,5.545880317687988,experiment://TP2M5C/outputs/transformer_receiver_bank/seed_123/electricity/t2/w05/checkpoint.weights.h5,11f6bed81c6abbb2a8509622f21be1748a92c0e09c824e32ac9ac123c53b7888,45d7ea2559670bb75bf3985e7fe7cf260c69517ea46b44d1f94503979cdc616f,02f237708fc67b29f6f4e2ba98f2ef5af248d48b979e000a2091a742ef3fa0df,e6a6745c900c4a16b5bb90db2b61aa9e16c99ab7cf6346b59ffbe60641cf652d,4873492cb3855b713f236a79dea581dc3be320cd1613187eacddffd4bb179c70,TRUE
T95,Electricity,123,TRANSFORMER_CONTROLLED_ALTERNATIVE,VALID_COMPLETE,12,1.3689162731170654,experiment://TP2M5C/outputs/transformer_receiver_bank/seed_123/electricity/t95/w05/checkpoint.weights.h5,082d5636c4c4018f4c45d6fafac8d6da2e1435affb3964fb36fd855ee8092bd7,933f5d24b26a6c593eed6ecb0fb03985f00baadb393e2b7a202916530f15072a,02f237708fc67b29f6f4e2ba98f2ef5af248d48b979e000a2091a742ef3fa0df,e6a6745c900c4a16b5bb90db2b61aa9e16c99ab7cf6346b59ffbe60641cf652d,4873492cb3855b713f236a79dea581dc3be320cd1613187eacddffd4bb179c70,TRUE
T100,Electricity,123,TRANSFORMER_CONTROLLED_ALTERNATIVE,VALID_COMPLETE,2,0.6698981523513794,experiment://TP2M5C/outputs/transformer_receiver_bank/seed_123/electricity/t100/w05/checkpoint.weights.h5,7edd4b5699ec6a0cbaec7cc8d829fb2eb1d23a85919f0ad04d5b94632977b70f,ef27d6137cd5255bc5c1f7474d6dba756fad4251700a76b57fcaa0572cad004d,02f237708fc67b29f6f4e2ba98f2ef5af248d48b979e000a2091a742ef3fa0df,e6a6745c900c4a16b5bb90db2b61aa9e16c99ab7cf6346b59ffbe60641cf652d,4873492cb3855b713f236a79dea581dc3be320cd1613187eacddffd4bb179c70,TRUE
T107,Electricity,123,TRANSFORMER_CONTROLLED_ALTERNATIVE,VALID_COMPLETE,19,0.36105698347091675,experiment://TP2M5C/outputs/transformer_receiver_bank/seed_123/electricity/t107/w05/checkpoint.weights.h5,d4320aa26e68943556921d3e938050a0862328227cb8a40e6fba0639b14f57b6,f2ad80c8f73a3f4f015fd69931442e75dad9205329f9c30797474a77876898d4,02f237708fc67b29f6f4e2ba98f2ef5af248d48b979e000a2091a742ef3fa0df,e6a6745c900c4a16b5bb90db2b61aa9e16c99ab7cf6346b59ffbe60641cf652d,4873492cb3855b713f236a79dea581dc3be320cd1613187eacddffd4bb179c70,TRUE
T1,Electricity,123,TRANSFORMER_CONTROLLED_ALTERNATIVE,VALID_COMPLETE,1,2.5148658752441406,experiment://TP2M5C/outputs/transformer_receiver_bank/seed_123/electricity/t1/w05/checkpoint.weights.h5,d0a4e4507ef1e090d1c74c689b8b43e8b3b00fe8b213521f5c117b0274a9bb90,edc7c65dff55d11f01ad7f5972c594acbcfc72ff83d8ccdbfc83edf88617ced3,02f237708fc67b29f6f4e2ba98f2ef5af248d48b979e000a2091a742ef3fa0df,e6a6745c900c4a16b5bb90db2b61aa9e16c99ab7cf6346b59ffbe60641cf652d,4873492cb3855b713f236a79dea581dc3be320cd1613187eacddffd4bb179c70,TRUE
T60,Electricity,123,TRANSFORMER_CONTROLLED_ALTERNATIVE,VALID_COMPLETE,15,0.5115189552307129,experiment://TP2M5C/outputs/transformer_receiver_bank/seed_123/electricity/t60/w05/checkpoint.weights.h5,847031655825addbe5b1c789fa32d774ab9a0c618f3dc94f16bc11dbf251cdb4,5ebde47f5acaf26a541919e53901867fd73e4aca4c062c09ad2a3d8521152168,02f237708fc67b29f6f4e2ba98f2ef5af248d48b979e000a2091a742ef3fa0df,e6a6745c900c4a16b5bb90db2b61aa9e16c99ab7cf6346b59ffbe60641cf652d,4873492cb3855b713f236a79dea581dc3be320cd1613187eacddffd4bb179c70,TRUE
T321,Electricity,123,TRANSFORMER_CONTROLLED_ALTERNATIVE,VALID_COMPLETE,9,0.5108116269111633,experiment://TP2M5C/outputs/transformer_receiver_bank/seed_123/electricity/t321/w05/checkpoint.weights.h5,44b45991da55f82c9f13cb696080c100c3ddf4b20ecf88c197871e3e893ebfe6,8f267e48234fe9249a3b450ff2e6b3022b66644b8ae563886881996b5b831e38,02f237708fc67b29f6f4e2ba98f2ef5af248d48b979e000a2091a742ef3fa0df,e6a6745c900c4a16b5bb90db2b61aa9e16c99ab7cf6346b59ffbe60641cf652d,4873492cb3855b713f236a79dea581dc3be320cd1613187eacddffd4bb179c70,TRUE
T237,Electricity,123,TRANSFORMER_CONTROLLED_ALTERNATIVE,VALID_COMPLETE,6,1.306895136833191,experiment://TP2M5C/outputs/transformer_receiver_bank/seed_123/electricity/t237/w05/checkpoint.weights.h5,d4112df0e1f8c103eb43a80fa7bd9bb1924977a0a160ff2212632245fdfefcf1,0106c83366d8d81db14af46a076ffb93edaca808fdf7bd34dadf589605f51ba0,02f237708fc67b29f6f4e2ba98f2ef5af248d48b979e000a2091a742ef3fa0df,e6a6745c900c4a16b5bb90db2b61aa9e16c99ab7cf6346b59ffbe60641cf652d,4873492cb3855b713f236a79dea581dc3be320cd1613187eacddffd4bb179c70,TRUE
T134,Electricity,123,TRANSFORMER_CONTROLLED_ALTERNATIVE,VALID_COMPLETE,5,0.36636993288993835,experiment://TP2M5C/outputs/transformer_receiver_bank/seed_123/electricity/t134/w05/checkpoint.weights.h5,f3663d9cb8d04dfefc21f12db960e385fdd3d4bb8facaa521ae9bbe0517110f0,5566c2306f4cb1a2946681ae34dcab2b0272d2fa10e050a3dbdce7265b08602e,02f237708fc67b29f6f4e2ba98f2ef5af248d48b979e000a2091a742ef3fa0df,e6a6745c900c4a16b5bb90db2b61aa9e16c99ab7cf6346b59ffbe60641cf652d,4873492cb3855b713f236a79dea581dc3be320cd1613187eacddffd4bb179c70,TRUE
Kaohsiung City,Dengue,123,TRANSFORMER_CONTROLLED_ALTERNATIVE,VALID_COMPLETE,4,3.077312707901001,experiment://TP2M5C/outputs/transformer_receiver_bank/seed_123/dengue/kaohsiung_city/w05/checkpoint.weights.h5,6f920fcf3a7698857bf2eb106092d7f7d599f85eca46a37172d255e07fcecb24,b1aa157deb0f54c3f1cf7575bd35d54b8d59ff22e7a4f1eca19d65335e6e3b69,02f237708fc67b29f6f4e2ba98f2ef5af248d48b979e000a2091a742ef3fa0df,e6a6745c900c4a16b5bb90db2b61aa9e16c99ab7cf6346b59ffbe60641cf652d,24f09a7ac8f32f9eb5213d809bf1b30c1e0621aaac183337b1c86dc80f5a4a1b,TRUE
New Taipei City,Dengue,123,TRANSFORMER_CONTROLLED_ALTERNATIVE,VALID_COMPLETE,3,4.1613874435424805,experiment://TP2M5C/outputs/transformer_receiver_bank/seed_123/dengue/new_taipei_city/w05/checkpoint.weights.h5,de034332e754bc1ef5f43a793a9a797bb3a807f9c8bf13dc6fc98d1d9a042596,3f5de05d2f491bda489446e1c21caa02043b95461630fdb10015ed71dc132d25,02f237708fc67b29f6f4e2ba98f2ef5af248d48b979e000a2091a742ef3fa0df,e6a6745c900c4a16b5bb90db2b61aa9e16c99ab7cf6346b59ffbe60641cf652d,24f09a7ac8f32f9eb5213d809bf1b30c1e0621aaac183337b1c86dc80f5a4a1b,TRUE
Pingtung County,Dengue,123,TRANSFORMER_CONTROLLED_ALTERNATIVE,VALID_COMPLETE,1,1.6014049053192139,experiment://TP2M5C/outputs/transformer_receiver_bank/seed_123/dengue/pingtung_county/w05/checkpoint.weights.h5,788ec80200ba19ae1329866d89063ab78a4b1e7819d9d15f7ccd7ac9e56ee8a7,92da5faecf63794d57919220fa5feaf138409b3617aee23a113fe8b34314784c,02f237708fc67b29f6f4e2ba98f2ef5af248d48b979e000a2091a742ef3fa0df,e6a6745c900c4a16b5bb90db2b61aa9e16c99ab7cf6346b59ffbe60641cf652d,24f09a7ac8f32f9eb5213d809bf1b30c1e0621aaac183337b1c86dc80f5a4a1b,TRUE
Taichung City,Dengue,123,TRANSFORMER_CONTROLLED_ALTERNATIVE,VALID_COMPLETE,7,2.303858518600464,experiment://TP2M5C/outputs/transformer_receiver_bank/seed_123/dengue/taichung_city/w05/checkpoint.weights.h5,2d4fd0f96809803dcb579008212741c32e58a68c33ed76557e17d1313ac9627f,744ae4f9a2ea66f52fe2af67d8ba592935fa3031672c99e63f2f3191022bc341,02f237708fc67b29f6f4e2ba98f2ef5af248d48b979e000a2091a742ef3fa0df,e6a6745c900c4a16b5bb90db2b61aa9e16c99ab7cf6346b59ffbe60641cf652d,24f09a7ac8f32f9eb5213d809bf1b30c1e0621aaac183337b1c86dc80f5a4a1b,TRUE
Tainan City,Dengue,123,TRANSFORMER_CONTROLLED_ALTERNATIVE,VALID_COMPLETE,16,1.115249752998352,experiment://TP2M5C/outputs/transformer_receiver_bank/seed_123/dengue/tainan_city/w05/checkpoint.weights.h5,6988b491c6b7d3bc0c05d9e115b9a2d2d855d0ae2572d2622b58628a34628164,6c9bec06db3d0621cc832b56e0d8b36f4a053cd61681e5462da7adde79c3d3b3,02f237708fc67b29f6f4e2ba98f2ef5af248d48b979e000a2091a742ef3fa0df,e6a6745c900c4a16b5bb90db2b61aa9e16c99ab7cf6346b59ffbe60641cf652d,24f09a7ac8f32f9eb5213d809bf1b30c1e0621aaac183337b1c86dc80f5a4a1b,TRUE
Taipei City,Dengue,123,TRANSFORMER_CONTROLLED_ALTERNATIVE,VALID_COMPLETE,1,2.80297589302063,experiment://TP2M5C/outputs/transformer_receiver_bank/seed_123/dengue/taipei_city/w05/checkpoint.weights.h5,f0333c78c31ed3d3f17caf4087937f123e17335de8fdb1b7e58e5bc08f60999b,9062ceac3c50056d7cdf28b732ad90334207173b1fbd2b3317a8de3dede0c1c7,02f237708fc67b29f6f4e2ba98f2ef5af248d48b979e000a2091a742ef3fa0df,e6a6745c900c4a16b5bb90db2b61aa9e16c99ab7cf6346b59ffbe60641cf652d,24f09a7ac8f32f9eb5213d809bf1b30c1e0621aaac183337b1c86dc80f5a4a1b,TRUE
Yunlin County,Dengue,123,TRANSFORMER_CONTROLLED_ALTERNATIVE,VALID_COMPLETE,14,1.2437694072723389,experiment://TP2M5C/outputs/transformer_receiver_bank/seed_123/dengue/yunlin_county/w05/checkpoint.weights.h5,3fd53efa22dfae15e777d8277ab43a8606d6b577d1504b1881bf3613886d42cc,23dd38a2dea261a28442c8e841372409b2355dfd0caf98ca17f1a4a048174565,02f237708fc67b29f6f4e2ba98f2ef5af248d48b979e000a2091a742ef3fa0df,e6a6745c900c4a16b5bb90db2b61aa9e16c99ab7cf6346b59ffbe60641cf652d,24f09a7ac8f32f9eb5213d809bf1b30c1e0621aaac183337b1c86dc80f5a4a1b,TRUE
Australia,WHO,2025,TRANSFORMER_CONTROLLED_ALTERNATIVE,VALID_COMPLETE,29,0.012351208366453648,experiment://TP2M5C/outputs/transformer_receiver_bank/seed_2025/who/australia/w05/checkpoint.weights.h5,b25e1be78f60763b80b332f7c097d9e65dd21ed951f6c7c3454cfbd380310561,575ec36b9437472e267fea03227027a2ed82fe06f0c361590d0857b7559d237c,02f237708fc67b29f6f4e2ba98f2ef5af248d48b979e000a2091a742ef3fa0df,e6a6745c900c4a16b5bb90db2b61aa9e16c99ab7cf6346b59ffbe60641cf652d,f9f6af1c1217a118b14ac76eddf5bae4080e461eba43ad350d0bb98f2695eeee,TRUE
Austria,WHO,2025,TRANSFORMER_CONTROLLED_ALTERNATIVE,VALID_COMPLETE,38,1.314717173576355,experiment://TP2M5C/outputs/transformer_receiver_bank/seed_2025/who/austria/w05/checkpoint.weights.h5,e2f78617788dba47b493478e8b4e9613daead7034150c25929a7981e1dabba07,b3c40cc231635fbd5c86352826e9190865014be794fda4e3f17232c97442b812,02f237708fc67b29f6f4e2ba98f2ef5af248d48b979e000a2091a742ef3fa0df,e6a6745c900c4a16b5bb90db2b61aa9e16c99ab7cf6346b59ffbe60641cf652d,f9f6af1c1217a118b14ac76eddf5bae4080e461eba43ad350d0bb98f2695eeee,TRUE
Bangladesh,WHO,2025,TRANSFORMER_CONTROLLED_ALTERNATIVE,VALID_COMPLETE,11,0.8881198763847351,experiment://TP2M5C/outputs/transformer_receiver_bank/seed_2025/who/bangladesh/w05/checkpoint.weights.h5,94d5d5841a8c50e405662f98e27cf7e616e8e22fbf8022953ac74d19e8592f68,ec85e22949d75ad0aa471159f487a6089f2887758500bffe7e2abc7b2b1865ca,02f237708fc67b29f6f4e2ba98f2ef5af248d48b979e000a2091a742ef3fa0df,e6a6745c900c4a16b5bb90db2b61aa9e16c99ab7cf6346b59ffbe60641cf652d,f9f6af1c1217a118b14ac76eddf5bae4080e461eba43ad350d0bb98f2695eeee,TRUE
Bhutan,WHO,2025,TRANSFORMER_CONTROLLED_ALTERNATIVE,VALID_COMPLETE,3,7.8508524894714355,experiment://TP2M5C/outputs/transformer_receiver_bank/seed_2025/who/bhutan/w05/checkpoint.weights.h5,5e24a7c7f69cd2e9a53eea276a5d094a0470cae1dfa34c5355c4529066a151d5,5cf30a7eb3cbc3ef610b7371bbb6ab43c87f159a1b95878c1602afb634e546ba,02f237708fc67b29f6f4e2ba98f2ef5af248d48b979e000a2091a742ef3fa0df,e6a6745c900c4a16b5bb90db2b61aa9e16c99ab7cf6346b59ffbe60641cf652d,f9f6af1c1217a118b14ac76eddf5bae4080e461eba43ad350d0bb98f2695eeee,TRUE
Brunei Darussalam,WHO,2025,TRANSFORMER_CONTROLLED_ALTERNATIVE,VALID_COMPLETE,1,2.374096632003784,experiment://TP2M5C/outputs/transformer_receiver_bank/seed_2025/who/brunei_darussalam/w05/checkpoint.weights.h5,6ede0cbed355b22e0d39a8c0148968c41d7191f370ca7399f1172ae4b5a489de,77f69e8445fe8a8e9f3a01089fbd65172487623c8fc486a02bb8cb25d324a602,02f237708fc67b29f6f4e2ba98f2ef5af248d48b979e000a2091a742ef3fa0df,e6a6745c900c4a16b5bb90db2b61aa9e16c99ab7cf6346b59ffbe60641cf652d,f9f6af1c1217a118b14ac76eddf5bae4080e461eba43ad350d0bb98f2695eeee,TRUE
Cambodia,WHO,2025,TRANSFORMER_CONTROLLED_ALTERNATIVE,VALID_COMPLETE,1,1.792732834815979,experiment://TP2M5C/outputs/transformer_receiver_bank/seed_2025/who/cambodia/w05/checkpoint.weights.h5,92a267b4a7db86f8a68317646a38736c2b8a7776872133c3e7c56a26f78a56b6,748fe05da9bf3e202b9b9f2a5feb88d69bb25f29a0c319b9e767ec3545ced551,02f237708fc67b29f6f4e2ba98f2ef5af248d48b979e000a2091a742ef3fa0df,e6a6745c900c4a16b5bb90db2b61aa9e16c99ab7cf6346b59ffbe60641cf652d,f9f6af1c1217a118b14ac76eddf5bae4080e461eba43ad350d0bb98f2695eeee,TRUE
China,WHO,2025,TRANSFORMER_CONTROLLED_ALTERNATIVE,VALID_COMPLETE,17,2.710063934326172,experiment://TP2M5C/outputs/transformer_receiver_bank/seed_2025/who/china/w05/checkpoint.weights.h5,8564af39eca800cd6e98d0bc83dd8ca58fd02c2355ae1ac88fb9c63a56ae516b,122f12750af75a1e035785a1b3a30b8ccac6d16039ce71631c7c76ea024ec879,02f237708fc67b29f6f4e2ba98f2ef5af248d48b979e000a2091a742ef3fa0df,e6a6745c900c4a16b5bb90db2b61aa9e16c99ab7cf6346b59ffbe60641cf652d,f9f6af1c1217a118b14ac76eddf5bae4080e461eba43ad350d0bb98f2695eeee,TRUE
Fiji,WHO,2025,TRANSFORMER_CONTROLLED_ALTERNATIVE,VALID_COMPLETE,4,1.3324639797210693,experiment://TP2M5C/outputs/transformer_receiver_bank/seed_2025/who/fiji/w05/checkpoint.weights.h5,901320919af57442d812941a72aaa1880a561d82b9dc6eb4c74fdeb2bf32c47d,07d95095e169a5d6242cc495b120a43c1f3a8dd46dffb4d1604fefc7a032a2ca,02f237708fc67b29f6f4e2ba98f2ef5af248d48b979e000a2091a742ef3fa0df,e6a6745c900c4a16b5bb90db2b61aa9e16c99ab7cf6346b59ffbe60641cf652d,f9f6af1c1217a118b14ac76eddf5bae4080e461eba43ad350d0bb98f2695eeee,TRUE
French Polynesia,WHO,2025,TRANSFORMER_CONTROLLED_ALTERNATIVE,VALID_COMPLETE,10,2120.724365234375,experiment://TP2M5C/outputs/transformer_receiver_bank/seed_2025/who/french_polynesia/w05/checkpoint.weights.h5,e7f4a01593a6c6c1c8ce226bc968ae2428c0c783c46dedb40c7bf08af68a27fe,f1af0167cfc1e48c3e1e6b0d257e891ff6d3cd09a8e34d775ae6d4910b4234cb,02f237708fc67b29f6f4e2ba98f2ef5af248d48b979e000a2091a742ef3fa0df,e6a6745c900c4a16b5bb90db2b61aa9e16c99ab7cf6346b59ffbe60641cf652d,f9f6af1c1217a118b14ac76eddf5bae4080e461eba43ad350d0bb98f2695eeee,TRUE
Guam,WHO,2025,TRANSFORMER_CONTROLLED_ALTERNATIVE,VALID_COMPLETE,30,0.5205918550491333,experiment://TP2M5C/outputs/transformer_receiver_bank/seed_2025/who/guam/w05/checkpoint.weights.h5,ef4eb01c99e53286fe447b20052ec0516d0ca2b4aaf571b684840d2e8bf5858f,021a1c551943920b7c13cad79098813464972f6d78c481c71707a8a12d96ea3e,02f237708fc67b29f6f4e2ba98f2ef5af248d48b979e000a2091a742ef3fa0df,e6a6745c900c4a16b5bb90db2b61aa9e16c99ab7cf6346b59ffbe60641cf652d,f9f6af1c1217a118b14ac76eddf5bae4080e461eba43ad350d0bb98f2695eeee,TRUE
Lao People's Democratic Republic,WHO,2025,TRANSFORMER_CONTROLLED_ALTERNATIVE,VALID_COMPLETE,25,1.5289884805679321,experiment://TP2M5C/outputs/transformer_receiver_bank/seed_2025/who/lao_people_s_democratic_republic/w05/checkpoint.weights.h5,86dc15410df7952f6ad6776bcaabb3d83bc0140bf000c9e521c9684a2c7a1803,945b433f494c565db1ca62ea18d30f4f4622a49f9f5df652ccab1689797b7436,02f237708fc67b29f6f4e2ba98f2ef5af248d48b979e000a2091a742ef3fa0df,e6a6745c900c4a16b5bb90db2b61aa9e16c99ab7cf6346b59ffbe60641cf652d,f9f6af1c1217a118b14ac76eddf5bae4080e461eba43ad350d0bb98f2695eeee,TRUE
Malaysia,WHO,2025,TRANSFORMER_CONTROLLED_ALTERNATIVE,VALID_COMPLETE,1,1.1110937595367432,experiment://TP2M5C/outputs/transformer_receiver_bank/seed_2025/who/malaysia/w05/checkpoint.weights.h5,e2c5217c52fa5b10980d055f221e0f98ceb5430ee99ea6a2e677414f2994dbc5,e101a5c30134773d2d5fa5780deb3c519a73c0531f22e5b951be4960481d4abe,02f237708fc67b29f6f4e2ba98f2ef5af248d48b979e000a2091a742ef3fa0df,e6a6745c900c4a16b5bb90db2b61aa9e16c99ab7cf6346b59ffbe60641cf652d,f9f6af1c1217a118b14ac76eddf5bae4080e461eba43ad350d0bb98f2695eeee,TRUE
Maldives,WHO,2025,TRANSFORMER_CONTROLLED_ALTERNATIVE,VALID_COMPLETE,10,2.418325662612915,experiment://TP2M5C/outputs/transformer_receiver_bank/seed_2025/who/maldives/w05/checkpoint.weights.h5,0045c6ade508f6f40cb8696a255de187946d83313aa05be49e68f0092957cfed,905e52f2fd048259b0b6a6a27172e59955c67aa131696c02b7e196b893bbcf4d,02f237708fc67b29f6f4e2ba98f2ef5af248d48b979e000a2091a742ef3fa0df,e6a6745c900c4a16b5bb90db2b61aa9e16c99ab7cf6346b59ffbe60641cf652d,f9f6af1c1217a118b14ac76eddf5bae4080e461eba43ad350d0bb98f2695eeee,TRUE
Mexico,WHO,2025,TRANSFORMER_CONTROLLED_ALTERNATIVE,VALID_COMPLETE,6,0.2835599482059479,experiment://TP2M5C/outputs/transformer_receiver_bank/seed_2025/who/mexico/w05/checkpoint.weights.h5,eeb9d4fb088c651d1d8cd71413a0a4e274e8f8f6785aed7525d42ad542aa122d,4e79e6e0542f478d1044019ad37e66c5646286290055ace474ea5e9130316c25,02f237708fc67b29f6f4e2ba98f2ef5af248d48b979e000a2091a742ef3fa0df,e6a6745c900c4a16b5bb90db2b61aa9e16c99ab7cf6346b59ffbe60641cf652d,f9f6af1c1217a118b14ac76eddf5bae4080e461eba43ad350d0bb98f2695eeee,TRUE
Mongolia,WHO,2025,TRANSFORMER_CONTROLLED_ALTERNATIVE,VALID_COMPLETE,35,0.8420210480690002,experiment://TP2M5C/outputs/transformer_receiver_bank/seed_2025/who/mongolia/w05/checkpoint.weights.h5,c031135182957d69866e98b8750268f2feac3e473337ab106f14a35f333667c3,0d6fb88415794351cd06f6c1a2ba07ced664f23398ddd71bb315956721da6524,02f237708fc67b29f6f4e2ba98f2ef5af248d48b979e000a2091a742ef3fa0df,e6a6745c900c4a16b5bb90db2b61aa9e16c99ab7cf6346b59ffbe60641cf652d,f9f6af1c1217a118b14ac76eddf5bae4080e461eba43ad350d0bb98f2695eeee,TRUE
Myanmar,WHO,2025,TRANSFORMER_CONTROLLED_ALTERNATIVE,VALID_COMPLETE,3,1.1784776449203491,experiment://TP2M5C/outputs/transformer_receiver_bank/seed_2025/who/myanmar/w05/checkpoint.weights.h5,3e0fec9047b2a85503812cf4c9a0c4b4d7f9bda7f1997433ffe70e9cbdcb6bc8,97e60fc4a5bd016c7ff5ad32a0dfe29f40945eb0f801e85e2a0765e5400fd25e,02f237708fc67b29f6f4e2ba98f2ef5af248d48b979e000a2091a742ef3fa0df,e6a6745c900c4a16b5bb90db2b61aa9e16c99ab7cf6346b59ffbe60641cf652d,f9f6af1c1217a118b14ac76eddf5bae4080e461eba43ad350d0bb98f2695eeee,TRUE
Nepal,WHO,2025,TRANSFORMER_CONTROLLED_ALTERNATIVE,VALID_COMPLETE,20,0.9123696684837341,experiment://TP2M5C/outputs/transformer_receiver_bank/seed_2025/who/nepal/w05/checkpoint.weights.h5,6549566d89240be1a16feb745aa298bca363d8087285c3fb66e7b90de29a01ce,ad9128cc5fd4f20c6f40469491869f8f4c4460047a8741babb3c7ff55f9a54ce,02f237708fc67b29f6f4e2ba98f2ef5af248d48b979e000a2091a742ef3fa0df,e6a6745c900c4a16b5bb90db2b61aa9e16c99ab7cf6346b59ffbe60641cf652d,f9f6af1c1217a118b14ac76eddf5bae4080e461eba43ad350d0bb98f2695eeee,TRUE
New Caledonia,WHO,2025,TRANSFORMER_CONTROLLED_ALTERNATIVE,VALID_COMPLETE,5,5.845076560974121,experiment://TP2M5C/outputs/transformer_receiver_bank/seed_2025/who/new_caledonia/w05/checkpoint.weights.h5,912681b07f699f2d10590f3749b2752e8c06073ad4a2e8276a71e52e7ef3b544,e4888b8a0c05af2988bb377d29c1d5742d3b97ff7dcb16d628080401ae256007,02f237708fc67b29f6f4e2ba98f2ef5af248d48b979e000a2091a742ef3fa0df,e6a6745c900c4a16b5bb90db2b61aa9e16c99ab7cf6346b59ffbe60641cf652d,f9f6af1c1217a118b14ac76eddf5bae4080e461eba43ad350d0bb98f2695eeee,TRUE
New Zealand,WHO,2025,TRANSFORMER_CONTROLLED_ALTERNATIVE,VALID_COMPLETE,2,2.396069049835205,experiment://TP2M5C/outputs/transformer_receiver_bank/seed_2025/who/new_zealand/w05/checkpoint.weights.h5,95bdbf83ba25a40405cf0483a70fcd35a10fdd45356353f3d8ea7fb45f306a27,a4e770eaf7cbbd78b0f19f6bece6aad6ad11418f59a551e9ac971fc104288100,02f237708fc67b29f6f4e2ba98f2ef5af248d48b979e000a2091a742ef3fa0df,e6a6745c900c4a16b5bb90db2b61aa9e16c99ab7cf6346b59ffbe60641cf652d,f9f6af1c1217a118b14ac76eddf5bae4080e461eba43ad350d0bb98f2695eeee,TRUE
Northern Mariana Islands,WHO,2025,TRANSFORMER_CONTROLLED_ALTERNATIVE,VALID_COMPLETE,1,10.836800575256348,experiment://TP2M5C/outputs/transformer_receiver_bank/seed_2025/who/northern_mariana_islands/w05/checkpoint.weights.h5,09bef8b9683c43969566abc7ad65c761ee86876da755fb0cf2e0f13f43edebf7,5585882a9667ddc21b2cad0c032a51e04f3743985475c9dad986de0a9060833f,02f237708fc67b29f6f4e2ba98f2ef5af248d48b979e000a2091a742ef3fa0df,e6a6745c900c4a16b5bb90db2b61aa9e16c99ab7cf6346b59ffbe60641cf652d,f9f6af1c1217a118b14ac76eddf5bae4080e461eba43ad350d0bb98f2695eeee,TRUE
Palau,WHO,2025,TRANSFORMER_CONTROLLED_ALTERNATIVE,VALID_COMPLETE,2,0.00019540474750101566,experiment://TP2M5C/outputs/transformer_receiver_bank/seed_2025/who/palau/w05/checkpoint.weights.h5,2c75cf7492189f81a62fc84b932a158672d9e94f91e34603481c6be57c664590,61c466eb25675ca68c5c58938b9815390e376f47db56082b90a14a549ff185b2,02f237708fc67b29f6f4e2ba98f2ef5af248d48b979e000a2091a742ef3fa0df,e6a6745c900c4a16b5bb90db2b61aa9e16c99ab7cf6346b59ffbe60641cf652d,f9f6af1c1217a118b14ac76eddf5bae4080e461eba43ad350d0bb98f2695eeee,TRUE
Papua New Guinea,WHO,2025,TRANSFORMER_CONTROLLED_ALTERNATIVE,VALID_COMPLETE,3,2.0217463970184326,experiment://TP2M5C/outputs/transformer_receiver_bank/seed_2025/who/papua_new_guinea/w05/checkpoint.weights.h5,75d7e6e3bb22a950972cd3842863380139c7526906e044efa29c88d484e4b401,8a82f8ca90d4e36be110436343eb646ab87518db89f5ff04923d41636b41c27b,02f237708fc67b29f6f4e2ba98f2ef5af248d48b979e000a2091a742ef3fa0df,e6a6745c900c4a16b5bb90db2b61aa9e16c99ab7cf6346b59ffbe60641cf652d,f9f6af1c1217a118b14ac76eddf5bae4080e461eba43ad350d0bb98f2695eeee,TRUE
Philippines,WHO,2025,TRANSFORMER_CONTROLLED_ALTERNATIVE,VALID_COMPLETE,1,1.7452199459075928,experiment://TP2M5C/outputs/transformer_receiver_bank/seed_2025/who/philippines/w05/checkpoint.weights.h5,1c9b4ec0cfc13175481b8a06c5494d2cc246dc5ae50f4c2105fe84dc75b56063,7d3a8ec1bf7bf3b519035272106f1aeb30b77c0e10e24db8bd0964a4cfd76572,02f237708fc67b29f6f4e2ba98f2ef5af248d48b979e000a2091a742ef3fa0df,e6a6745c900c4a16b5bb90db2b61aa9e16c99ab7cf6346b59ffbe60641cf652d,f9f6af1c1217a118b14ac76eddf5bae4080e461eba43ad350d0bb98f2695eeee,TRUE
Singapore,WHO,2025,TRANSFORMER_CONTROLLED_ALTERNATIVE,VALID_COMPLETE,19,1.216238260269165,experiment://TP2M5C/outputs/transformer_receiver_bank/seed_2025/who/singapore/w05/checkpoint.weights.h5,bd42d30a3c92564a8bdfee973cd6c9490fb722b598a41bd3acef4b590a9cb49b,02c1264e4beb4554abc21a62147f6f51c38d2d79787aac81d96afd13c1a50d3d,02f237708fc67b29f6f4e2ba98f2ef5af248d48b979e000a2091a742ef3fa0df,e6a6745c900c4a16b5bb90db2b61aa9e16c99ab7cf6346b59ffbe60641cf652d,f9f6af1c1217a118b14ac76eddf5bae4080e461eba43ad350d0bb98f2695eeee,TRUE
Sri Lanka,WHO,2025,TRANSFORMER_CONTROLLED_ALTERNATIVE,VALID_COMPLETE,1,101.82022857666016,experiment://TP2M5C/outputs/transformer_receiver_bank/seed_2025/who/sri_lanka/w05/checkpoint.weights.h5,8684a4e25805d787af496a6b6a4fcb9fa1741ab4189d2931d4f5e6df02cdd47a,b20c9f45f8c8db202e5380d32fba152470f0f03f6557f5336096a40d88292428,02f237708fc67b29f6f4e2ba98f2ef5af248d48b979e000a2091a742ef3fa0df,e6a6745c900c4a16b5bb90db2b61aa9e16c99ab7cf6346b59ffbe60641cf652d,f9f6af1c1217a118b14ac76eddf5bae4080e461eba43ad350d0bb98f2695eeee,TRUE
Switzerland,WHO,2025,TRANSFORMER_CONTROLLED_ALTERNATIVE,VALID_COMPLETE,19,0.13836602866649628,experiment://TP2M5C/outputs/transformer_receiver_bank/seed_2025/who/switzerland/w05/checkpoint.weights.h5,23bfce9a3422e5b14958ee892c0ee8a36c1874981af32c0bac73a47cfe22d655,1442e84ed1f25331f86475858ba9416111afa20f869739dff58e6786f0db4357,02f237708fc67b29f6f4e2ba98f2ef5af248d48b979e000a2091a742ef3fa0df,e6a6745c900c4a16b5bb90db2b61aa9e16c99ab7cf6346b59ffbe60641cf652d,f9f6af1c1217a118b14ac76eddf5bae4080e461eba43ad350d0bb98f2695eeee,TRUE
Thailand,WHO,2025,TRANSFORMER_CONTROLLED_ALTERNATIVE,VALID_COMPLETE,1,1.551084280014038,experiment://TP2M5C/outputs/transformer_receiver_bank/seed_2025/who/thailand/w05/checkpoint.weights.h5,6d17e792a3163a48f354cdcfbeaee313342dc49b1fa3719ea6f737ca65c17392,922d904dacac8914bb8509efb28301ade27f7b5a13a7d2fd1a272afd78b6f9cd,02f237708fc67b29f6f4e2ba98f2ef5af248d48b979e000a2091a742ef3fa0df,e6a6745c900c4a16b5bb90db2b61aa9e16c99ab7cf6346b59ffbe60641cf652d,f9f6af1c1217a118b14ac76eddf5bae4080e461eba43ad350d0bb98f2695eeee,TRUE
Timor-Leste,WHO,2025,TRANSFORMER_CONTROLLED_ALTERNATIVE,VALID_COMPLETE,1,1.5309340953826904,experiment://TP2M5C/outputs/transformer_receiver_bank/seed_2025/who/timor_leste/w05/checkpoint.weights.h5,2803153ae57a62ddd35845773b34a9282bf414e4fea075846831570f0dc5babb,e1ebb3ef45c38ae2783c5139e9f525f41daa72ac0743556a6ff791a18e79ab84,02f237708fc67b29f6f4e2ba98f2ef5af248d48b979e000a2091a742ef3fa0df,e6a6745c900c4a16b5bb90db2b61aa9e16c99ab7cf6346b59ffbe60641cf652d,f9f6af1c1217a118b14ac76eddf5bae4080e461eba43ad350d0bb98f2695eeee,TRUE
United Kingdom of Great Britain and Northern Ireland,WHO,2025,TRANSFORMER_CONTROLLED_ALTERNATIVE,VALID_COMPLETE,28,0.10957984626293182,experiment://TP2M5C/outputs/transformer_receiver_bank/seed_2025/who/united_kingdom_of_great_britain_and_northern_ireland/w05/checkpoint.weights.h5,95914b0cbd2d5a441676d02325746f661347e4728ce958209ded3fee093267ba,461adf0226e51df067498761e5833007397ef7b332b03df2c3310f7157b29189,02f237708fc67b29f6f4e2ba98f2ef5af248d48b979e000a2091a742ef3fa0df,e6a6745c900c4a16b5bb90db2b61aa9e16c99ab7cf6346b59ffbe60641cf652d,f9f6af1c1217a118b14ac76eddf5bae4080e461eba43ad350d0bb98f2695eeee,TRUE
Vanuatu,WHO,2025,TRANSFORMER_CONTROLLED_ALTERNATIVE,VALID_COMPLETE,2,0.3179545998573303,experiment://TP2M5C/outputs/transformer_receiver_bank/seed_2025/who/vanuatu/w05/checkpoint.weights.h5,1acc353e93cb693f1551994af791a00eb9fabb67003cf87986954c65d46afb21,e91829b50eaf42be00061043597b67bc0b99a3b1368ab0b47a92401359534101,02f237708fc67b29f6f4e2ba98f2ef5af248d48b979e000a2091a742ef3fa0df,e6a6745c900c4a16b5bb90db2b61aa9e16c99ab7cf6346b59ffbe60641cf652d,f9f6af1c1217a118b14ac76eddf5bae4080e461eba43ad350d0bb98f2695eeee,TRUE
Viet Nam,WHO,2025,TRANSFORMER_CONTROLLED_ALTERNATIVE,VALID_COMPLETE,2,342.939208984375,experiment://TP2M5C/outputs/transformer_receiver_bank/seed_2025/who/viet_nam/w05/checkpoint.weights.h5,eb4a3e0d5979bd4360ead132c299e0f25619c969dbf9dd62eac1eda1543059d7,ed34bf5726b10e0c79bd02dd7142bb5e6da4f96e5b88f77836e2fdae11c65eb2,02f237708fc67b29f6f4e2ba98f2ef5af248d48b979e000a2091a742ef3fa0df,e6a6745c900c4a16b5bb90db2b61aa9e16c99ab7cf6346b59ffbe60641cf652d,f9f6af1c1217a118b14ac76eddf5bae4080e461eba43ad350d0bb98f2695eeee,TRUE
T7,Electricity,2025,TRANSFORMER_CONTROLLED_ALTERNATIVE,VALID_COMPLETE,20,0.49578148126602173,experiment://TP2M5C/outputs/transformer_receiver_bank/seed_2025/electricity/t7/w05/checkpoint.weights.h5,916f6eebb331d4ce0b3c4b34d9f77c45e0239ba560ba6b4ccae59e56c9f59e13,aa0ba5318752ff6f164b5d548ec2f42a666166cbd6d13a2b11604855cab576d9,02f237708fc67b29f6f4e2ba98f2ef5af248d48b979e000a2091a742ef3fa0df,e6a6745c900c4a16b5bb90db2b61aa9e16c99ab7cf6346b59ffbe60641cf652d,4873492cb3855b713f236a79dea581dc3be320cd1613187eacddffd4bb179c70,TRUE
T314,Electricity,2025,TRANSFORMER_CONTROLLED_ALTERNATIVE,VALID_COMPLETE,2,2.9139609336853027,experiment://TP2M5C/outputs/transformer_receiver_bank/seed_2025/electricity/t314/w05/checkpoint.weights.h5,fe297cf200caef01f5bdc82af32f087b70848b5e3c5e0f772766ad2fac500f6d,5e67f4a2cd69830b75d77d696da3a0186c1dfff4f304b8b6880fd6e08dbfc53f,02f237708fc67b29f6f4e2ba98f2ef5af248d48b979e000a2091a742ef3fa0df,e6a6745c900c4a16b5bb90db2b61aa9e16c99ab7cf6346b59ffbe60641cf652d,4873492cb3855b713f236a79dea581dc3be320cd1613187eacddffd4bb179c70,TRUE
T118,Electricity,2025,TRANSFORMER_CONTROLLED_ALTERNATIVE,VALID_COMPLETE,3,1.0610066652297974,experiment://TP2M5C/outputs/transformer_receiver_bank/seed_2025/electricity/t118/w05/checkpoint.weights.h5,aee196f7efc3397764bee8ecb50a23e1a8b09016a932277dab91fd0d8c99c997,9156f3dafd05707eafa119e7fffbcb93d82980a1c2734286729f46e82348e192,02f237708fc67b29f6f4e2ba98f2ef5af248d48b979e000a2091a742ef3fa0df,e6a6745c900c4a16b5bb90db2b61aa9e16c99ab7cf6346b59ffbe60641cf652d,4873492cb3855b713f236a79dea581dc3be320cd1613187eacddffd4bb179c70,TRUE
T108,Electricity,2025,TRANSFORMER_CONTROLLED_ALTERNATIVE,VALID_COMPLETE,9,0.18339140713214874,experiment://TP2M5C/outputs/transformer_receiver_bank/seed_2025/electricity/t108/w05/checkpoint.weights.h5,02da51e288fe9e7e19a0f1adf7f94bd2437d68c2f106193b8a950b372c245d29,d66f5e485a481b7722fb0e25e16786f0eba1ac86e8589f3166f3e8403fd32564,02f237708fc67b29f6f4e2ba98f2ef5af248d48b979e000a2091a742ef3fa0df,e6a6745c900c4a16b5bb90db2b61aa9e16c99ab7cf6346b59ffbe60641cf652d,4873492cb3855b713f236a79dea581dc3be320cd1613187eacddffd4bb179c70,TRUE
T84,Electricity,2025,TRANSFORMER_CONTROLLED_ALTERNATIVE,VALID_COMPLETE,6,0.47086572647094727,experiment://TP2M5C/outputs/transformer_receiver_bank/seed_2025/electricity/t84/w05/checkpoint.weights.h5,c6f32b10dd0dfb4a1350fca3bc2d29dded82bda923a696a765430253c7002a6d,e49e6aa9332c1a51842af33dc7c9c314f696e805835055793e12374cca46a3e5,02f237708fc67b29f6f4e2ba98f2ef5af248d48b979e000a2091a742ef3fa0df,e6a6745c900c4a16b5bb90db2b61aa9e16c99ab7cf6346b59ffbe60641cf652d,4873492cb3855b713f236a79dea581dc3be320cd1613187eacddffd4bb179c70,TRUE
T106,Electricity,2025,TRANSFORMER_CONTROLLED_ALTERNATIVE,VALID_COMPLETE,22,0.19562916457653046,experiment://TP2M5C/outputs/transformer_receiver_bank/seed_2025/electricity/t106/w05/checkpoint.weights.h5,f114e6def0fc66d6bd6c550f325bdf9186ee285b4b6257d330fc2e446f1d8d2f,bdb40cae07efa7a60fbe6773b32a89f45df4bd246bc8cedf737dc275f3e0678c,02f237708fc67b29f6f4e2ba98f2ef5af248d48b979e000a2091a742ef3fa0df,e6a6745c900c4a16b5bb90db2b61aa9e16c99ab7cf6346b59ffbe60641cf652d,4873492cb3855b713f236a79dea581dc3be320cd1613187eacddffd4bb179c70,TRUE
T318,Electricity,2025,TRANSFORMER_CONTROLLED_ALTERNATIVE,VALID_COMPLETE,40,0.2378397434949875,experiment://TP2M5C/outputs/transformer_receiver_bank/seed_2025/electricity/t318/w05/checkpoint.weights.h5,a5e66ae54a5abffc7829e58d42fee50226595a622b1e2c5772da3415838f1bcb,95d885d61583d527ba212014d3ece877663ebd4042d9803296cff9eaa5774f57,02f237708fc67b29f6f4e2ba98f2ef5af248d48b979e000a2091a742ef3fa0df,e6a6745c900c4a16b5bb90db2b61aa9e16c99ab7cf6346b59ffbe60641cf652d,4873492cb3855b713f236a79dea581dc3be320cd1613187eacddffd4bb179c70,TRUE
T82,Electricity,2025,TRANSFORMER_CONTROLLED_ALTERNATIVE,VALID_COMPLETE,7,0.23987606167793274,experiment://TP2M5C/outputs/transformer_receiver_bank/seed_2025/electricity/t82/w05/checkpoint.weights.h5,e5d3e6e05e25be04be3da50fac231f4a07d914e8fc3f95b41e93b1f7d1bc94ad,a673ad5b9fcbfb11bba15b2a5f7b2f5a35c697c27a2a19843c33b63e1a57791f,02f237708fc67b29f6f4e2ba98f2ef5af248d48b979e000a2091a742ef3fa0df,e6a6745c900c4a16b5bb90db2b61aa9e16c99ab7cf6346b59ffbe60641cf652d,4873492cb3855b713f236a79dea581dc3be320cd1613187eacddffd4bb179c70,TRUE
T128,Electricity,2025,TRANSFORMER_CONTROLLED_ALTERNATIVE,VALID_COMPLETE,15,0.19260017573833466,experiment://TP2M5C/outputs/transformer_receiver_bank/seed_2025/electricity/t128/w05/checkpoint.weights.h5,aa6229c757f76f5ab39c7a6e458f556834de3086926b400de705cd0c3897ea23,f9edb09bd81498e8bc2dcd90525d5fd583c37d4b442f46c56beb8c9774d76555,02f237708fc67b29f6f4e2ba98f2ef5af248d48b979e000a2091a742ef3fa0df,e6a6745c900c4a16b5bb90db2b61aa9e16c99ab7cf6346b59ffbe60641cf652d,4873492cb3855b713f236a79dea581dc3be320cd1613187eacddffd4bb179c70,TRUE
T129,Electricity,2025,TRANSFORMER_CONTROLLED_ALTERNATIVE,VALID_COMPLETE,26,0.31334036588668823,experiment://TP2M5C/outputs/transformer_receiver_bank/seed_2025/electricity/t129/w05/checkpoint.weights.h5,617cf8e467d2f6e742ceb17c67f0911aad65fc0aeda373e1899913ee87bd9067,6e67cceb2b0119c1faf1ba1499f84bc552f7e8e90cfb45829c7a94b3a285e39c,02f237708fc67b29f6f4e2ba98f2ef5af248d48b979e000a2091a742ef3fa0df,e6a6745c900c4a16b5bb90db2b61aa9e16c99ab7cf6346b59ffbe60641cf652d,4873492cb3855b713f236a79dea581dc3be320cd1613187eacddffd4bb179c70,TRUE
T104,Electricity,2025,TRANSFORMER_CONTROLLED_ALTERNATIVE,VALID_COMPLETE,20,0.03328758105635643,experiment://TP2M5C/outputs/transformer_receiver_bank/seed_2025/electricity/t104/w05/checkpoint.weights.h5,303ae657c3b25f7464e36d5b0328553f97506dcf6e17aa1f29b7d86162832b71,30f4299c0aa7fb11e9d8c8d4eaf8925eae8528bbf561ec1f99bff9363d865d04,02f237708fc67b29f6f4e2ba98f2ef5af248d48b979e000a2091a742ef3fa0df,e6a6745c900c4a16b5bb90db2b61aa9e16c99ab7cf6346b59ffbe60641cf652d,4873492cb3855b713f236a79dea581dc3be320cd1613187eacddffd4bb179c70,TRUE
T85,Electricity,2025,TRANSFORMER_CONTROLLED_ALTERNATIVE,VALID_COMPLETE,5,0.6813746690750122,experiment://TP2M5C/outputs/transformer_receiver_bank/seed_2025/electricity/t85/w05/checkpoint.weights.h5,79ca68d41f4b2592d2f4390f7c1db6b9d8e64fcb933072074fec3993350f3a7a,71aca9f8d870ca9d60ff4df4e0f933dc2e3ed251b06edbcc10fc2b95d126a2f6,02f237708fc67b29f6f4e2ba98f2ef5af248d48b979e000a2091a742ef3fa0df,e6a6745c900c4a16b5bb90db2b61aa9e16c99ab7cf6346b59ffbe60641cf652d,4873492cb3855b713f236a79dea581dc3be320cd1613187eacddffd4bb179c70,TRUE
T86,Electricity,2025,TRANSFORMER_CONTROLLED_ALTERNATIVE,VALID_COMPLETE,41,0.0449180006980896,experiment://TP2M5C/outputs/transformer_receiver_bank/seed_2025/electricity/t86/w05/checkpoint.weights.h5,3921bc1ce0ce8c9157177497436c2371464ab9f78b29594d5992f806a49883af,36094dc4ea1515a1505ab810c3088c3729c44f92a51ba504087f8d82f3d4ec25,02f237708fc67b29f6f4e2ba98f2ef5af248d48b979e000a2091a742ef3fa0df,e6a6745c900c4a16b5bb90db2b61aa9e16c99ab7cf6346b59ffbe60641cf652d,4873492cb3855b713f236a79dea581dc3be320cd1613187eacddffd4bb179c70,TRUE
T135,Electricity,2025,TRANSFORMER_CONTROLLED_ALTERNATIVE,VALID_COMPLETE,34,0.05915677919983864,experiment://TP2M5C/outputs/transformer_receiver_bank/seed_2025/electricity/t135/w05/checkpoint.weights.h5,a88de2f797a0bed4300142423f79e96c77a13de26309da87a38db8ea3b20378a,1ed619637c78d13f50e74d866721061acf93f51cc42913d4fa68ed46eb6f728d,02f237708fc67b29f6f4e2ba98f2ef5af248d48b979e000a2091a742ef3fa0df,e6a6745c900c4a16b5bb90db2b61aa9e16c99ab7cf6346b59ffbe60641cf652d,4873492cb3855b713f236a79dea581dc3be320cd1613187eacddffd4bb179c70,TRUE
T144,Electricity,2025,TRANSFORMER_CONTROLLED_ALTERNATIVE,VALID_COMPLETE,5,0.9986406564712524,experiment://TP2M5C/outputs/transformer_receiver_bank/seed_2025/electricity/t144/w05/checkpoint.weights.h5,9940843af6bcc69f6d2e33fc78c12f75d7fd96510c7797252774d15e4823b486,6ce97af938be78dd97bf723fe1127133b282b728a7cf6d4718052b608c46c549,02f237708fc67b29f6f4e2ba98f2ef5af248d48b979e000a2091a742ef3fa0df,e6a6745c900c4a16b5bb90db2b61aa9e16c99ab7cf6346b59ffbe60641cf652d,4873492cb3855b713f236a79dea581dc3be320cd1613187eacddffd4bb179c70,TRUE
T20,Electricity,2025,TRANSFORMER_CONTROLLED_ALTERNATIVE,VALID_COMPLETE,8,0.3285899758338928,experiment://TP2M5C/outputs/transformer_receiver_bank/seed_2025/electricity/t20/w05/checkpoint.weights.h5,2946db210653a72c61650b2df4311ece28a84b17a1dcad06ea457853a7c21406,029387979bbaa35cc1dd5ee2f1a0984b9f9c1918ce18df76eeff1b4fc172cd7f,02f237708fc67b29f6f4e2ba98f2ef5af248d48b979e000a2091a742ef3fa0df,e6a6745c900c4a16b5bb90db2b61aa9e16c99ab7cf6346b59ffbe60641cf652d,4873492cb3855b713f236a79dea581dc3be320cd1613187eacddffd4bb179c70,TRUE
T234,Electricity,2025,TRANSFORMER_CONTROLLED_ALTERNATIVE,VALID_COMPLETE,24,1.13326096534729,experiment://TP2M5C/outputs/transformer_receiver_bank/seed_2025/electricity/t234/w05/checkpoint.weights.h5,e84b3e1e765e5895dc600b0b5159f841c0bbd70e7b7f6fc02c82bdbde8c275b1,7d8cebaecf146b97d8b9a957356248d8282991fd5303096a49a3dd1a8baf16e7,02f237708fc67b29f6f4e2ba98f2ef5af248d48b979e000a2091a742ef3fa0df,e6a6745c900c4a16b5bb90db2b61aa9e16c99ab7cf6346b59ffbe60641cf652d,4873492cb3855b713f236a79dea581dc3be320cd1613187eacddffd4bb179c70,TRUE
T115,Electricity,2025,TRANSFORMER_CONTROLLED_ALTERNATIVE,VALID_COMPLETE,1,43.14490509033203,experiment://TP2M5C/outputs/transformer_receiver_bank/seed_2025/electricity/t115/w05/checkpoint.weights.h5,04bfeb9a1b5662a2e636870bb3d6874b0eb24e173b952c259844504b8e1ea558,f36259c3756c319eae974cc9ebfe979f8e677328210d197c1556b82287e4c936,02f237708fc67b29f6f4e2ba98f2ef5af248d48b979e000a2091a742ef3fa0df,e6a6745c900c4a16b5bb90db2b61aa9e16c99ab7cf6346b59ffbe60641cf652d,4873492cb3855b713f236a79dea581dc3be320cd1613187eacddffd4bb179c70,TRUE
T3,Electricity,2025,TRANSFORMER_CONTROLLED_ALTERNATIVE,VALID_COMPLETE,10,2.863585948944092,experiment://TP2M5C/outputs/transformer_receiver_bank/seed_2025/electricity/t3/w05/checkpoint.weights.h5,1cdfacc4453e17407e64e797128c298127a813ec35ee5195b0f902a5f6fd43e9,328eb698686b4f02d4e40657b9db52c77236e990e5c87ffed0e99232a0627c12,02f237708fc67b29f6f4e2ba98f2ef5af248d48b979e000a2091a742ef3fa0df,e6a6745c900c4a16b5bb90db2b61aa9e16c99ab7cf6346b59ffbe60641cf652d,4873492cb3855b713f236a79dea581dc3be320cd1613187eacddffd4bb179c70,TRUE
T30,Electricity,2025,TRANSFORMER_CONTROLLED_ALTERNATIVE,VALID_COMPLETE,7,0.3918997347354889,experiment://TP2M5C/outputs/transformer_receiver_bank/seed_2025/electricity/t30/w05/checkpoint.weights.h5,b0771c9ad4bc45428704965c363da994abeb856ba87ffcf8af26847d51951d24,a3bfbdfc69d3fd27dfc3af7e990bbd7bd5f4b9b7e30dc9cacccc561b1ae13d41,02f237708fc67b29f6f4e2ba98f2ef5af248d48b979e000a2091a742ef3fa0df,e6a6745c900c4a16b5bb90db2b61aa9e16c99ab7cf6346b59ffbe60641cf652d,4873492cb3855b713f236a79dea581dc3be320cd1613187eacddffd4bb179c70,TRUE
T208,Electricity,2025,TRANSFORMER_CONTROLLED_ALTERNATIVE,VALID_COMPLETE,2,4.101000785827637,experiment://TP2M5C/outputs/transformer_receiver_bank/seed_2025/electricity/t208/w05/checkpoint.weights.h5,59a5671c5e55be98f6f16d3eefb16148f3e8e3cc90d77e8d233eec41183844b5,54936da2a32aa4aebc38ec4e3ac268667350c8daf87422de63431a9821989c4a,02f237708fc67b29f6f4e2ba98f2ef5af248d48b979e000a2091a742ef3fa0df,e6a6745c900c4a16b5bb90db2b61aa9e16c99ab7cf6346b59ffbe60641cf652d,4873492cb3855b713f236a79dea581dc3be320cd1613187eacddffd4bb179c70,TRUE
T316,Electricity,2025,TRANSFORMER_CONTROLLED_ALTERNATIVE,VALID_COMPLETE,2,1.571814775466919,experiment://TP2M5C/outputs/transformer_receiver_bank/seed_2025/electricity/t316/w05/checkpoint.weights.h5,cfa0b272dca0ed0bb60127e9d38078ce3638c4650be68db35845ecba7bc83350,bcf1cf17ebdc853ec3d44fd7b1f275910e02bfd69ae95d436032260d37090d10,02f237708fc67b29f6f4e2ba98f2ef5af248d48b979e000a2091a742ef3fa0df,e6a6745c900c4a16b5bb90db2b61aa9e16c99ab7cf6346b59ffbe60641cf652d,4873492cb3855b713f236a79dea581dc3be320cd1613187eacddffd4bb179c70,TRUE
T249,Electricity,2025,TRANSFORMER_CONTROLLED_ALTERNATIVE,VALID_COMPLETE,4,0.5922580361366272,experiment://TP2M5C/outputs/transformer_receiver_bank/seed_2025/electricity/t249/w05/checkpoint.weights.h5,74d933cca70a3a1059cbfecff10f824236664f80683b3e48a139931028429b63,4ba6f72f77b02dadba392fa38fb7f627bacf1c7ce1705db1984a943c142dcca2,02f237708fc67b29f6f4e2ba98f2ef5af248d48b979e000a2091a742ef3fa0df,e6a6745c900c4a16b5bb90db2b61aa9e16c99ab7cf6346b59ffbe60641cf652d,4873492cb3855b713f236a79dea581dc3be320cd1613187eacddffd4bb179c70,TRUE
T133,Electricity,2025,TRANSFORMER_CONTROLLED_ALTERNATIVE,VALID_COMPLETE,31,0.07058878242969513,experiment://TP2M5C/outputs/transformer_receiver_bank/seed_2025/electricity/t133/w05/checkpoint.weights.h5,33edf331a2494c413c6b457e4b17b2751755549a2e097093332371f48f8b8e83,6315485d1d77c59e44228efb3196501ef913e8c5e5ca9ed69ff7f5000038186d,02f237708fc67b29f6f4e2ba98f2ef5af248d48b979e000a2091a742ef3fa0df,e6a6745c900c4a16b5bb90db2b61aa9e16c99ab7cf6346b59ffbe60641cf652d,4873492cb3855b713f236a79dea581dc3be320cd1613187eacddffd4bb179c70,TRUE
T224,Electricity,2025,TRANSFORMER_CONTROLLED_ALTERNATIVE,VALID_COMPLETE,2,1.6362924575805664,experiment://TP2M5C/outputs/transformer_receiver_bank/seed_2025/electricity/t224/w05/checkpoint.weights.h5,5b16d3543aeffc2a66e57f238dec626d4f412b8c00e7ffcc5fb07470de7cfdeb,8a56523a5f6a564e770b27a3490a868469b78e1380be494536fb026b825b238f,02f237708fc67b29f6f4e2ba98f2ef5af248d48b979e000a2091a742ef3fa0df,e6a6745c900c4a16b5bb90db2b61aa9e16c99ab7cf6346b59ffbe60641cf652d,4873492cb3855b713f236a79dea581dc3be320cd1613187eacddffd4bb179c70,TRUE
T11,Electricity,2025,TRANSFORMER_CONTROLLED_ALTERNATIVE,VALID_COMPLETE,18,0.8344168066978455,experiment://TP2M5C/outputs/transformer_receiver_bank/seed_2025/electricity/t11/w05/checkpoint.weights.h5,0e504d44a92d2a441cc2a565fe15ce5731612febbf3a9fc43d573f71ef8361d8,2ef53b57fdd11de1ed23b92fd643c5a2f5b0e197f94e41ee2962e1dcfbc9bcd0,02f237708fc67b29f6f4e2ba98f2ef5af248d48b979e000a2091a742ef3fa0df,e6a6745c900c4a16b5bb90db2b61aa9e16c99ab7cf6346b59ffbe60641cf652d,4873492cb3855b713f236a79dea581dc3be320cd1613187eacddffd4bb179c70,TRUE
T125,Electricity,2025,TRANSFORMER_CONTROLLED_ALTERNATIVE,VALID_COMPLETE,8,0.07821343094110489,experiment://TP2M5C/outputs/transformer_receiver_bank/seed_2025/electricity/t125/w05/checkpoint.weights.h5,749ff1bd5e7738c921b87a73ea19d99043109a6ab2e3a27d1c0bca0d375365c4,ff16f3032a1aa3939989600ab0f8650c1d68ebe73598798ad634b474a04de423,02f237708fc67b29f6f4e2ba98f2ef5af248d48b979e000a2091a742ef3fa0df,e6a6745c900c4a16b5bb90db2b61aa9e16c99ab7cf6346b59ffbe60641cf652d,4873492cb3855b713f236a79dea581dc3be320cd1613187eacddffd4bb179c70,TRUE
T26,Electricity,2025,TRANSFORMER_CONTROLLED_ALTERNATIVE,VALID_COMPLETE,12,0.06959088146686554,experiment://TP2M5C/outputs/transformer_receiver_bank/seed_2025/electricity/t26/w05/checkpoint.weights.h5,9ae37f59ee2b1b8d09ef3c2534bda96c2b9fe35afa57ffe7aee326827c4acb1c,0ee854d31416aa632a79dbf81994f57f4e70aaea9f6f971459c1f0141f86bbc0,02f237708fc67b29f6f4e2ba98f2ef5af248d48b979e000a2091a742ef3fa0df,e6a6745c900c4a16b5bb90db2b61aa9e16c99ab7cf6346b59ffbe60641cf652d,4873492cb3855b713f236a79dea581dc3be320cd1613187eacddffd4bb179c70,TRUE
T2,Electricity,2025,TRANSFORMER_CONTROLLED_ALTERNATIVE,VALID_COMPLETE,3,5.60113525390625,experiment://TP2M5C/outputs/transformer_receiver_bank/seed_2025/electricity/t2/w05/checkpoint.weights.h5,ee2ffc4e456fe89f652b105f1a7817d6254c295aa60d10480773dc8af6d3e395,efab756263e90585f2563c2b073f8014b2aef5ebb44f30cc0641ff456e733e1b,02f237708fc67b29f6f4e2ba98f2ef5af248d48b979e000a2091a742ef3fa0df,e6a6745c900c4a16b5bb90db2b61aa9e16c99ab7cf6346b59ffbe60641cf652d,4873492cb3855b713f236a79dea581dc3be320cd1613187eacddffd4bb179c70,TRUE
T95,Electricity,2025,TRANSFORMER_CONTROLLED_ALTERNATIVE,VALID_COMPLETE,3,1.302492380142212,experiment://TP2M5C/outputs/transformer_receiver_bank/seed_2025/electricity/t95/w05/checkpoint.weights.h5,052794161090243f57eee77f8288a3dd24ce5563e92ec28c5015d6a5943e9c45,21442788021125785fbd846346c773f5b063d6f04eade65333d10d0a1fe51ef0,02f237708fc67b29f6f4e2ba98f2ef5af248d48b979e000a2091a742ef3fa0df,e6a6745c900c4a16b5bb90db2b61aa9e16c99ab7cf6346b59ffbe60641cf652d,4873492cb3855b713f236a79dea581dc3be320cd1613187eacddffd4bb179c70,TRUE
T100,Electricity,2025,TRANSFORMER_CONTROLLED_ALTERNATIVE,VALID_COMPLETE,19,0.60489422082901,experiment://TP2M5C/outputs/transformer_receiver_bank/seed_2025/electricity/t100/w05/checkpoint.weights.h5,88a51a788fe796c5073763bd06ac2a8bfc04ce7c1678f4071f817e37808509c3,9a29f4167a958a2ca8408478320aefe42a98914c4574235d695c647a947335d2,02f237708fc67b29f6f4e2ba98f2ef5af248d48b979e000a2091a742ef3fa0df,e6a6745c900c4a16b5bb90db2b61aa9e16c99ab7cf6346b59ffbe60641cf652d,4873492cb3855b713f236a79dea581dc3be320cd1613187eacddffd4bb179c70,TRUE
T107,Electricity,2025,TRANSFORMER_CONTROLLED_ALTERNATIVE,VALID_COMPLETE,28,0.27035611867904663,experiment://TP2M5C/outputs/transformer_receiver_bank/seed_2025/electricity/t107/w05/checkpoint.weights.h5,4ac4e3b66289c8ce26979cbd00ffc51e4645d0b8abe72add4d24980e9d225fe0,2d412ef0ae53eacc5420a054e5464b8a6a719a4913d2d9b91c0338635866650f,02f237708fc67b29f6f4e2ba98f2ef5af248d48b979e000a2091a742ef3fa0df,e6a6745c900c4a16b5bb90db2b61aa9e16c99ab7cf6346b59ffbe60641cf652d,4873492cb3855b713f236a79dea581dc3be320cd1613187eacddffd4bb179c70,TRUE
T1,Electricity,2025,TRANSFORMER_CONTROLLED_ALTERNATIVE,VALID_COMPLETE,1,2.660522699356079,experiment://TP2M5C/outputs/transformer_receiver_bank/seed_2025/electricity/t1/w05/checkpoint.weights.h5,0761315f95ae978724fbf9d5be152f6b6630f3811e498cabf26a2eb7d2476043,99cf0c8ddca674f726b19b02f44ea9887980c0175a162dec29923d8d50dd4a11,02f237708fc67b29f6f4e2ba98f2ef5af248d48b979e000a2091a742ef3fa0df,e6a6745c900c4a16b5bb90db2b61aa9e16c99ab7cf6346b59ffbe60641cf652d,4873492cb3855b713f236a79dea581dc3be320cd1613187eacddffd4bb179c70,TRUE
T60,Electricity,2025,TRANSFORMER_CONTROLLED_ALTERNATIVE,VALID_COMPLETE,20,0.4455997049808502,experiment://TP2M5C/outputs/transformer_receiver_bank/seed_2025/electricity/t60/w05/checkpoint.weights.h5,efd2eec906eb7da68c9dffbc8f6c59c990bfad7a127db6105e89e073a52b2695,d606b7a41ebb00c7f097e6132d395b76d88d8083901205b5975360dc1ea95932,02f237708fc67b29f6f4e2ba98f2ef5af248d48b979e000a2091a742ef3fa0df,e6a6745c900c4a16b5bb90db2b61aa9e16c99ab7cf6346b59ffbe60641cf652d,4873492cb3855b713f236a79dea581dc3be320cd1613187eacddffd4bb179c70,TRUE
T321,Electricity,2025,TRANSFORMER_CONTROLLED_ALTERNATIVE,VALID_COMPLETE,6,0.40834692120552063,experiment://TP2M5C/outputs/transformer_receiver_bank/seed_2025/electricity/t321/w05/checkpoint.weights.h5,489f685d73fe5a68fc4b520a6341642d4501c3b6e2bb1c074434f8c823d9d074,eef7f8edf5d1653f1f831318589ea22824b1ca3f4f6b0e1c4689ad76d1d0d93c,02f237708fc67b29f6f4e2ba98f2ef5af248d48b979e000a2091a742ef3fa0df,e6a6745c900c4a16b5bb90db2b61aa9e16c99ab7cf6346b59ffbe60641cf652d,4873492cb3855b713f236a79dea581dc3be320cd1613187eacddffd4bb179c70,TRUE
T237,Electricity,2025,TRANSFORMER_CONTROLLED_ALTERNATIVE,VALID_COMPLETE,17,1.1509615182876587,experiment://TP2M5C/outputs/transformer_receiver_bank/seed_2025/electricity/t237/w05/checkpoint.weights.h5,9d7495212acd3083089c30443f86c238bb7d6abdc35c529fdccc445df1d8fb67,949d50ef042826e454bb185de84f8c52afa9a4c1d69018a91c5658f0a227f057,02f237708fc67b29f6f4e2ba98f2ef5af248d48b979e000a2091a742ef3fa0df,e6a6745c900c4a16b5bb90db2b61aa9e16c99ab7cf6346b59ffbe60641cf652d,4873492cb3855b713f236a79dea581dc3be320cd1613187eacddffd4bb179c70,TRUE
T134,Electricity,2025,TRANSFORMER_CONTROLLED_ALTERNATIVE,VALID_COMPLETE,16,0.20868709683418274,experiment://TP2M5C/outputs/transformer_receiver_bank/seed_2025/electricity/t134/w05/checkpoint.weights.h5,e45df70d954b58b6eb8733a50b6897bfe329183ab9cb41a8fa3c0fad8a63c476,17b123f16f2b7a1af76e1a4843666d436c291d123918c17bcc817e67f17a3dff,02f237708fc67b29f6f4e2ba98f2ef5af248d48b979e000a2091a742ef3fa0df,e6a6745c900c4a16b5bb90db2b61aa9e16c99ab7cf6346b59ffbe60641cf652d,4873492cb3855b713f236a79dea581dc3be320cd1613187eacddffd4bb179c70,TRUE
Kaohsiung City,Dengue,2025,TRANSFORMER_CONTROLLED_ALTERNATIVE,VALID_COMPLETE,6,3.1701316833496094,experiment://TP2M5C/outputs/transformer_receiver_bank/seed_2025/dengue/kaohsiung_city/w05/checkpoint.weights.h5,ddf0667e2b7ccdc81acd477f74e9138c4c546d0206a389cede525f86f116fdd4,ec8a9857798112d7f3e62ec2f85ec49d05f8d1ed3af10cacfe27e4e4363cb168,02f237708fc67b29f6f4e2ba98f2ef5af248d48b979e000a2091a742ef3fa0df,e6a6745c900c4a16b5bb90db2b61aa9e16c99ab7cf6346b59ffbe60641cf652d,24f09a7ac8f32f9eb5213d809bf1b30c1e0621aaac183337b1c86dc80f5a4a1b,TRUE
New Taipei City,Dengue,2025,TRANSFORMER_CONTROLLED_ALTERNATIVE,VALID_COMPLETE,2,4.115973949432373,experiment://TP2M5C/outputs/transformer_receiver_bank/seed_2025/dengue/new_taipei_city/w05/checkpoint.weights.h5,9064826d68e689c4fbf2ab80ce2b74739a9d1592ef00505638cc22631053d41c,e672c526d1f85699c25aa51eb5f0359a5d11b49aa2d5cc7fbae033ce60d2bc62,02f237708fc67b29f6f4e2ba98f2ef5af248d48b979e000a2091a742ef3fa0df,e6a6745c900c4a16b5bb90db2b61aa9e16c99ab7cf6346b59ffbe60641cf652d,24f09a7ac8f32f9eb5213d809bf1b30c1e0621aaac183337b1c86dc80f5a4a1b,TRUE
Pingtung County,Dengue,2025,TRANSFORMER_CONTROLLED_ALTERNATIVE,VALID_COMPLETE,7,1.8569592237472534,experiment://TP2M5C/outputs/transformer_receiver_bank/seed_2025/dengue/pingtung_county/w05/checkpoint.weights.h5,d6dcf4bc6f0e81599dcfb3969d83df4144df9a0ebc4e6047d88b17d2b1a69cf2,40a99ba29e0b0a499ff8938b4d1ef6de5b840e1e4cc76c1c10403236694d70d9,02f237708fc67b29f6f4e2ba98f2ef5af248d48b979e000a2091a742ef3fa0df,e6a6745c900c4a16b5bb90db2b61aa9e16c99ab7cf6346b59ffbe60641cf652d,24f09a7ac8f32f9eb5213d809bf1b30c1e0621aaac183337b1c86dc80f5a4a1b,TRUE
Taichung City,Dengue,2025,TRANSFORMER_CONTROLLED_ALTERNATIVE,VALID_COMPLETE,32,2.1788089275360107,experiment://TP2M5C/outputs/transformer_receiver_bank/seed_2025/dengue/taichung_city/w05/checkpoint.weights.h5,ed0267af008ab899c46923a7ca819a008cef55d208eb0557be276159b1517f0e,164f4a3b6d83827ea85b8ff6bd48556d403ee3a1436dd794e434a6376e19da0b,02f237708fc67b29f6f4e2ba98f2ef5af248d48b979e000a2091a742ef3fa0df,e6a6745c900c4a16b5bb90db2b61aa9e16c99ab7cf6346b59ffbe60641cf652d,24f09a7ac8f32f9eb5213d809bf1b30c1e0621aaac183337b1c86dc80f5a4a1b,TRUE
Tainan City,Dengue,2025,TRANSFORMER_CONTROLLED_ALTERNATIVE,VALID_COMPLETE,2,1.9740159511566162,experiment://TP2M5C/outputs/transformer_receiver_bank/seed_2025/dengue/tainan_city/w05/checkpoint.weights.h5,5c13247eb7221a33969822ea3a4a71d042422abd3217570239e34860f012c65d,8c3e1ada4c40945bdf40c1f9dcffe89b60ba2119e853bb3a5259940a8c436638,02f237708fc67b29f6f4e2ba98f2ef5af248d48b979e000a2091a742ef3fa0df,e6a6745c900c4a16b5bb90db2b61aa9e16c99ab7cf6346b59ffbe60641cf652d,24f09a7ac8f32f9eb5213d809bf1b30c1e0621aaac183337b1c86dc80f5a4a1b,TRUE
Taipei City,Dengue,2025,TRANSFORMER_CONTROLLED_ALTERNATIVE,VALID_COMPLETE,1,2.5642387866973877,experiment://TP2M5C/outputs/transformer_receiver_bank/seed_2025/dengue/taipei_city/w05/checkpoint.weights.h5,9cd7659335b1e3b1f266c2a9daed06ddf7b08148b514fa783bd28580dbe18027,8acea6eda986aea704d7481af685835029baeef4b4d1aac641cf1c0b677c78ca,02f237708fc67b29f6f4e2ba98f2ef5af248d48b979e000a2091a742ef3fa0df,e6a6745c900c4a16b5bb90db2b61aa9e16c99ab7cf6346b59ffbe60641cf652d,24f09a7ac8f32f9eb5213d809bf1b30c1e0621aaac183337b1c86dc80f5a4a1b,TRUE
Yunlin County,Dengue,2025,TRANSFORMER_CONTROLLED_ALTERNATIVE,VALID_COMPLETE,18,1.224169373512268,experiment://TP2M5C/outputs/transformer_receiver_bank/seed_2025/dengue/yunlin_county/w05/checkpoint.weights.h5,18f0a99efad79c9c84df46644fc546143605c2745e3339341328a0d566050417,857e527dae944a52ae2e99b1c3feda332c842f121cb83adeb79516ce4c3c46fa,02f237708fc67b29f6f4e2ba98f2ef5af248d48b979e000a2091a742ef3fa0df,e6a6745c900c4a16b5bb90db2b61aa9e16c99ab7cf6346b59ffbe60641cf652d,24f09a7ac8f32f9eb5213d809bf1b30c1e0621aaac183337b1c86dc80f5a4a1b,TRUE

