Date_reported,New_cases,Country
2020-03-02,4,Australia
2020-03-03,0,Australia
2020-03-04,4,Australia
2020-03-05,10,Australia
2020-03-06,14,Australia
2020-03-07,6,Australia
2020-03-08,7,Australia
2020-03-09,7,Australia
2020-03-10,15,Australia
2020-03-11,8,Australia
2020-03-12,22,Australia
2020-03-13,18,Australia
2020-03-14,57,Australia
2020-03-15,52,Australia
2020-03-16,49,Australia
2020-03-17,38,Australia
2020-03-18,78,Australia
2020-03-19,151,Australia
2020-03-20,126,Australia
2020-03-21,182,Australia
2020-03-22,208,Australia
2020-03-23,315,Australia
2020-03-24,313,Australia
2020-03-25,543,Australia
2020-03-26,171,Australia
2020-03-27,562,Australia
2020-03-28,393,Australia
2020-03-29,431,Australia
2020-03-30,284,Australia
2020-03-31,266,Australia
2020-04-01,348,Australia
2020-04-02,269,Australia
2020-04-03,248,Australia
2020-04-04,230,Australia
2020-04-05,181,Australia
2020-04-06,109,Australia
2020-04-07,100,Australia
2020-04-08,112,Australia
2020-04-09,96,Australia
2020-04-10,100,Australia
2020-04-11,86,Australia
2020-04-12,51,Australia
2020-04-13,33,Australia
2020-04-14,44,Australia
2020-04-15,50,Australia
2020-04-16,42,Australia
2020-04-17,10,Australia
2020-04-18,65,Australia
2020-04-19,53,Australia
2020-04-20,26,Australia
2020-04-21,13,Australia
2020-04-22,22,Australia
2020-04-23,7,Australia
2020-04-24,13,Australia
2020-04-25,20,Australia
2020-04-26,16,Australia
2020-04-27,10,Australia
2020-04-28,12,Australia
2020-04-29,13,Australia
2020-04-30,8,Australia
2020-05-01,16,Australia
2020-05-02,5,Australia
2020-05-03,16,Australia
2020-05-04,18,Australia
2020-05-05,24,Australia
2020-05-06,24,Australia
2020-05-07,26,Australia
2020-05-08,21,Australia
2020-05-09,18,Australia
2020-05-10,15,Australia
2020-05-11,12,Australia
2020-05-12,7,Australia
2020-05-13,16,Australia
2020-05-14,11,Australia
2020-05-15,14,Australia
2020-05-16,30,Australia
2020-05-17,17,Australia
2020-05-18,9,Australia
2020-05-19,15,Australia
2020-05-20,8,Australia
2020-05-21,11,Australia
2020-05-22,2,Australia
2020-05-23,14,Australia
2020-05-24,11,Australia
2020-05-25,3,Australia
2020-05-26,9,Australia
2020-05-27,15,Australia
2020-05-28,6,Australia
2020-05-29,11,Australia
2020-05-30,23,Australia
2020-05-31,12,Australia
2020-06-01,10,Australia
2020-06-02,9,Australia
2020-06-03,17,Australia
2020-06-04,8,Australia
2020-06-05,11,Australia
2020-06-06,11,Australia
2020-06-07,4,Australia
2020-06-08,5,Australia
2020-06-09,5,Australia
2020-06-10,2,Australia
2020-06-11,0,Australia
2020-06-12,18,Australia
2020-06-13,5,Australia
2020-06-14,12,Australia
2020-06-15,18,Australia
2020-06-16,15,Australia
2020-06-17,12,Australia
2020-06-18,23,Australia
2020-06-19,21,Australia
2020-06-20,18,Australia
2020-06-21,27,Australia
2020-06-22,25,Australia
2020-06-23,13,Australia
2020-06-24,18,Australia
2020-06-25,29,Australia
2020-06-26,37,Australia
2020-06-27,37,Australia
2020-06-28,46,Australia
2020-06-29,45,Australia
2020-06-30,81,Australia
2020-07-01,67,Australia
2020-07-02,86,Australia
2020-07-03,81,Australia
2020-07-04,254,Australia
2020-07-05,107,Australia
2020-07-06,87,Australia
2020-07-07,137,Australia
2020-07-08,169,Australia
2020-07-09,131,Australia
2020-07-10,173,Australia
2020-07-11,300,Australia
2020-07-12,194,Australia
2020-07-13,244,Australia
2020-07-14,183,Australia
2020-07-15,271,Australia
2020-07-16,244,Australia
2020-07-17,315,Australia
2020-07-18,425,Australia
2020-07-19,206,Australia
2020-07-20,361,Australia
2020-07-21,267,Australia
2020-07-22,359,Australia
2020-07-23,468,Australia
2020-07-24,410,Australia
2020-07-25,289,Australia
2020-07-26,355,Australia
2020-07-27,453,Australia
2020-07-28,532,Australia
2020-07-29,369,Australia
2020-07-30,278,Australia
2020-07-31,721,Australia
2020-08-01,602,Australia
2020-08-02,377,Australia
2020-08-03,641,Australia
2020-08-04,395,Australia
2020-08-05,411,Australia
2020-08-06,715,Australia
2020-08-07,418,Australia
2020-08-08,410,Australia
2020-08-09,426,Australia
2020-08-10,386,Australia
2020-08-11,313,Australia
2020-08-12,316,Australia
2020-08-13,414,Australia
2020-08-14,231,Australia
2020-08-15,385,Australia
2020-08-16,292,Australia
2020-08-17,253,Australia
2020-08-18,271,Australia
2020-08-19,214,Australia
2020-08-20,220,Australia
2020-08-21,243,Australia
2020-08-22,171,Australia
2020-08-23,195,Australia
2020-08-24,210,Australia
2020-08-25,104,Australia
2020-08-26,137,Australia
2020-08-27,152,Australia
2020-08-28,117,Australia
2020-08-29,126,Australia
2020-08-30,99,Australia
2020-08-31,123,Australia
2020-09-01,76,Australia
2020-09-02,73,Australia
2020-09-03,104,Australia
2020-09-04,126,Australia
2020-09-05,87,Australia
2020-09-06,71,Australia
2020-09-07,72,Australia
2020-09-08,43,Australia
2020-09-09,52,Australia
2020-09-10,91,Australia
2020-09-11,48,Australia
2020-09-12,52,Australia
2020-09-13,42,Australia
2020-09-14,44,Australia
2020-09-15,41,Australia
2020-09-16,46,Australia
2020-09-17,41,Australia
2020-09-18,34,Australia
2020-09-19,48,Australia
2020-09-20,24,Australia
2020-09-21,13,Australia
2020-09-22,14,Australia
2020-09-23,30,Australia
2020-09-24,31,Australia
2020-09-25,10,Australia
2020-09-26,17,Australia
2020-09-27,16,Australia
2020-09-28,24,Australia
2020-09-29,4,Australia
2020-09-30,19,Australia
2020-10-01,15,Australia
2020-10-02,18,Australia
2020-10-03,17,Australia
2020-10-04,8,Australia
2020-10-05,15,Australia
2020-10-06,13,Australia
2020-10-07,25,Australia
2020-10-08,8,Australia
2020-10-09,24,Australia
2020-10-10,23,Australia
2020-10-11,15,Australia
2020-10-12,20,Australia
2020-10-13,22,Australia
2020-10-14,31,Australia
2020-10-15,24,Australia
2020-10-16,21,Australia
2020-10-17,9,Australia
2020-10-18,12,Australia
2020-10-19,7,Australia
2020-10-20,9,Australia
2020-10-21,31,Australia
2020-10-22,14,Australia
2020-10-23,22,Australia
2020-10-24,18,Australia
2020-10-25,15,Australia
2020-10-26,21,Australia
2020-10-27,7,Australia
2020-10-28,14,Australia
2020-10-29,13,Australia
2020-10-30,15,Australia
2020-10-31,13,Australia
2020-11-01,8,Australia
2020-11-02,5,Australia
2020-11-03,7,Australia
2020-11-04,8,Australia
2020-11-05,12,Australia
2020-11-06,11,Australia
2020-11-07,12,Australia
2020-11-08,7,Australia
2020-11-09,6,Australia
2020-11-10,10,Australia
2020-11-11,10,Australia
2020-11-12,8,Australia
2020-11-13,12,Australia
2020-11-14,5,Australia
2020-11-15,8,Australia
2020-11-16,14,Australia
2020-11-17,25,Australia
2020-11-18,6,Australia
2020-11-19,21,Australia
2020-11-20,7,Australia
2020-11-21,5,Australia
2020-11-22,18,Australia
2020-11-23,14,Australia
2020-11-24,14,Australia
2020-11-25,13,Australia
2020-11-26,6,Australia
2020-11-27,13,Australia
2020-11-28,7,Australia
2020-11-29,11,Australia
2020-11-30,8,Australia
2020-12-01,11,Australia
2020-12-02,8,Australia
2020-12-03,11,Australia
2020-12-04,16,Australia
2020-12-05,10,Australia
2020-12-06,7,Australia
2020-12-07,9,Australia
2020-12-08,7,Australia
2020-12-09,15,Australia
2020-12-10,6,Australia
2020-12-11,7,Australia
2020-12-12,12,Australia
2020-12-13,13,Australia
2020-12-14,6,Australia
2020-12-15,8,Australia
2020-12-16,8,Australia
2020-12-17,12,Australia
2020-12-18,13,Australia
2020-12-19,22,Australia
2020-12-20,34,Australia
2020-12-21,43,Australia
2020-12-22,27,Australia
2020-12-23,21,Australia
2020-12-24,19,Australia
2020-12-25,24,Australia
2020-12-26,0,Australia
2020-12-27,34,Australia
2020-12-28,16,Australia
2020-12-29,25,Australia
2020-12-30,13,Australia
2020-12-31,31,Australia
2021-01-01,46,Australia
2021-01-02,35,Australia
2021-01-03,21,Australia
2021-01-04,21,Australia
2021-01-05,15,Australia
2021-01-06,17,Australia
2021-01-07,11,Australia
2021-01-08,24,Australia
2021-01-09,11,Australia
2021-01-10,13,Australia
2021-01-11,19,Australia
2021-01-12,20,Australia
2021-01-13,16,Australia
2021-01-14,8,Australia
2021-01-15,11,Australia
2021-01-16,20,Australia
2021-01-17,19,Australia
2021-01-18,13,Australia
2021-01-19,9,Australia
2021-01-20,10,Australia
2021-01-21,10,Australia
2021-01-22,5,Australia
2021-01-23,6,Australia
2021-01-24,5,Australia
2021-01-25,11,Australia
2021-01-26,3,Australia
2021-01-27,6,Australia
2021-01-28,8,Australia
2021-01-29,6,Australia
2021-01-30,6,Australia
2021-01-31,5,Australia
2021-02-01,7,Australia
2021-02-02,6,Australia
2021-02-03,5,Australia
2021-02-04,9,Australia
2021-02-05,4,Australia
2021-02-06,6,Australia
2021-02-07,2,Australia
2021-02-08,7,Australia
2021-02-09,3,Australia
2021-02-10,11,Australia
2021-02-11,8,Australia
2021-02-12,7,Australia
2021-02-13,6,Australia
2021-02-14,6,Australia
2021-02-15,2,Australia
2021-02-16,5,Australia
2021-02-17,6,Australia
2021-02-18,1,Australia
2021-02-19,6,Australia
2021-02-20,2,Australia
2021-02-21,6,Australia
2021-02-22,4,Australia
2021-02-23,7,Australia
2021-02-24,2,Australia
2021-02-25,8,Australia
2021-02-26,11,Australia
2021-02-27,7,Australia
2021-02-28,5,Australia
2021-03-01,8,Australia
2021-03-02,8,Australia
2021-03-03,10,Australia
2021-03-04,6,Australia
2021-03-05,18,Australia
2021-03-06,10,Australia
2021-03-07,7,Australia
2021-03-08,9,Australia
2021-03-09,15,Australia
2021-03-10,14,Australia
2021-03-11,15,Australia
2021-03-12,12,Australia
2021-03-13,10,Australia
2021-03-14,5,Australia
2021-03-15,13,Australia
2021-03-16,7,Australia
2021-03-17,16,Australia
2021-03-18,13,Australia
2021-03-19,17,Australia
2021-03-20,9,Australia
2021-03-21,4,Australia
2021-03-22,10,Australia
2021-03-23,5,Australia
2021-03-24,9,Australia
2021-03-25,8,Australia
2021-03-26,12,Australia
2021-03-27,12,Australia
2021-03-28,8,Australia
2021-03-29,18,Australia
2021-03-30,18,Australia
2021-03-31,8,Australia
2021-04-01,18,Australia
2021-04-02,13,Australia
2021-04-03,6,Australia
2021-04-04,7,Australia
2021-04-05,9,Australia
2021-04-06,8,Australia
2021-04-07,14,Australia
2021-04-08,6,Australia
2021-04-09,5,Australia
2021-04-10,6,Australia
2021-04-11,9,Australia
2021-04-12,14,Australia
2021-04-13,18,Australia
2021-04-14,14,Australia
2021-04-15,18,Australia
2021-04-16,15,Australia
2021-04-17,21,Australia
2021-04-18,14,Australia
2021-04-19,24,Australia
2021-04-20,16,Australia
2021-04-21,19,Australia
2021-04-22,24,Australia
2021-04-23,37,Australia
2021-04-24,19,Australia
2021-04-25,8,Australia
2021-04-26,29,Australia
2021-04-27,30,Australia
2021-04-28,24,Australia
2021-04-29,30,Australia
2021-04-30,22,Australia
2021-05-01,11,Australia
2021-05-02,14,Australia
2021-05-03,15,Australia
2021-05-04,11,Australia
2021-05-05,13,Australia
2021-05-06,21,Australia
2021-05-07,11,Australia
2021-05-08,9,Australia
2021-05-09,17,Australia
2021-05-10,8,Australia
2021-05-11,8,Australia
2021-05-12,8,Australia
2021-05-13,8,Australia
2021-05-14,2,Australia
2021-05-15,10,Australia
2021-05-16,8,Australia
2021-05-17,3,Australia
2021-05-18,10,Australia
2021-05-19,3,Australia
2021-05-20,6,Australia
2021-05-21,3,Australia
2021-05-22,4,Australia
2021-05-23,7,Australia
2021-05-24,10,Australia
2021-05-25,9,Australia
2021-05-26,18,Australia
2021-05-27,15,Australia
2021-05-28,10,Australia
2021-05-29,10,Australia
2021-05-30,15,Australia
2021-05-31,8,Australia
2021-06-01,12,Australia
2021-06-02,12,Australia
2021-06-03,7,Australia
2021-06-04,13,Australia
2021-06-05,8,Australia
2021-06-06,297,Australia
2021-06-07,0,Australia
2021-06-08,0,Australia
2021-06-09,0,Australia
2021-06-10,0,Australia
2021-06-11,0,Australia
2021-06-12,0,Australia
2021-06-13,58,Australia
2021-06-14,0,Australia
2021-06-15,0,Australia
2021-06-16,0,Australia
2021-06-17,0,Australia
2021-06-18,0,Australia
2021-06-19,0,Australia
2021-06-20,87,Australia
2021-06-21,0,Australia
2021-06-22,0,Australia
2021-06-23,0,Australia
2021-06-24,0,Australia
2021-06-25,0,Australia
2021-06-26,0,Australia
2021-06-27,235,Australia
2021-06-28,0,Australia
2021-06-29,0,Australia
2021-06-30,0,Australia
2021-07-01,0,Australia
2021-07-02,0,Australia
2021-07-03,0,Australia
2021-07-04,276,Australia
2021-07-05,0,Australia
2021-07-06,0,Australia
2021-07-07,0,Australia
2021-07-08,0,Australia
2021-07-09,0,Australia
2021-07-10,0,Australia
2021-07-11,549,Australia
2021-07-12,0,Australia
2021-07-13,0,Australia
2021-07-14,0,Australia
2021-07-15,0,Australia
2021-07-16,0,Australia
2021-07-17,0,Australia
2021-07-18,875,Australia
2021-07-19,0,Australia
2021-07-20,0,Australia
2021-07-21,0,Australia
2021-07-22,0,Australia
2021-07-23,0,Australia
2021-07-24,0,Australia
2021-07-25,1260,Australia
2021-07-26,0,Australia
2021-07-27,0,Australia
2021-07-28,0,Australia
2021-07-29,0,Australia
2021-07-30,0,Australia
2021-07-31,0,Australia
2021-08-01,1667,Australia
2021-08-02,0,Australia
2021-08-03,0,Australia
2021-08-04,0,Australia
2021-08-05,0,Australia
2021-08-06,0,Australia
2021-08-07,0,Australia
2021-08-08,2313,Australia
2021-08-09,0,Australia
2021-08-10,0,Australia
2021-08-11,0,Australia
2021-08-12,0,Australia
2021-08-13,0,Australia
2021-08-14,0,Australia
2021-08-15,3613,Australia
2021-08-16,0,Australia
2021-08-17,0,Australia
2021-08-18,0,Australia
2021-08-19,0,Australia
2021-08-20,0,Australia
2021-08-21,0,Australia
2021-08-22,6133,Australia
2021-08-23,0,Australia
2021-08-24,0,Australia
2021-08-25,0,Australia
2021-08-26,0,Australia
2021-08-27,0,Australia
2021-08-28,0,Australia
2021-08-29,8140,Australia
2021-08-30,0,Australia
2021-08-31,0,Australia
2021-09-01,0,Australia
2021-09-02,0,Australia
2021-09-03,0,Australia
2021-09-04,0,Australia
2021-09-05,11094,Australia
2021-09-06,0,Australia
2021-09-07,0,Australia
2021-09-08,0,Australia
2021-09-09,0,Australia
2021-09-10,0,Australia
2021-09-11,0,Australia
2021-09-12,12596,Australia
2021-09-13,0,Australia
2021-09-14,0,Australia
2021-09-15,0,Australia
2021-09-16,0,Australia
2021-09-17,0,Australia
2021-09-18,0,Australia
2021-09-19,12301,Australia
2021-09-20,0,Australia
2021-09-21,0,Australia
2021-09-22,0,Australia
2021-09-23,0,Australia
2021-09-24,0,Australia
2021-09-25,0,Australia
2021-09-26,12498,Australia
2021-09-27,0,Australia
2021-09-28,0,Australia
2021-09-29,0,Australia
2021-09-30,0,Australia
2021-10-01,0,Australia
2021-10-02,0,Australia
2021-10-03,15401,Australia
2021-10-04,0,Australia
2021-10-05,0,Australia
2021-10-06,0,Australia
2021-10-07,0,Australia
2021-10-08,0,Australia
2021-10-09,0,Australia
2021-10-10,15281,Australia
2021-10-11,0,Australia
2021-10-12,0,Australia
2021-10-13,0,Australia
2021-10-14,0,Australia
2021-10-15,0,Australia
2021-10-16,0,Australia
2021-10-17,15347,Australia
2021-10-18,0,Australia
2021-10-19,0,Australia
2021-10-20,0,Australia
2021-10-21,0,Australia
2021-10-22,0,Australia
2021-10-23,0,Australia
2021-10-24,13759,Australia
2021-10-25,0,Australia
2021-10-26,0,Australia
2021-10-27,0,Australia
2021-10-28,0,Australia
2021-10-29,0,Australia
2021-10-30,0,Australia
2021-10-31,10046,Australia
2021-11-01,0,Australia
2021-11-02,0,Australia
2021-11-03,0,Australia
2021-11-04,0,Australia
2021-11-05,0,Australia
2021-11-06,0,Australia
2021-11-07,9666,Australia
2021-11-08,0,Australia
2021-11-09,0,Australia
2021-11-10,0,Australia
2021-11-11,0,Australia
2021-11-12,0,Australia
2021-11-13,0,Australia
2021-11-14,8701,Australia
2021-11-15,0,Australia
2021-11-16,0,Australia
2021-11-17,0,Australia
2021-11-18,0,Australia
2021-11-19,0,Australia
2021-11-20,0,Australia
2021-11-21,9330,Australia
2021-11-22,0,Australia
2021-11-23,0,Australia
2021-11-24,0,Australia
2021-11-25,0,Australia
2021-11-26,0,Australia
2021-11-27,0,Australia
2021-11-28,9744,Australia
2021-11-29,0,Australia
2021-11-30,0,Australia
2021-12-01,0,Australia
2021-12-02,0,Australia
2021-12-03,0,Australia
2021-12-04,0,Australia
2021-12-05,10526,Australia
2021-12-06,0,Australia
2021-12-07,0,Australia
2021-12-08,0,Australia
2021-12-09,0,Australia
2021-12-10,0,Australia
2021-12-11,0,Australia
2021-12-12,13403,Australia
2021-12-13,0,Australia
2021-12-14,0,Australia
2021-12-15,0,Australia
2021-12-16,0,Australia
2021-12-17,0,Australia
2021-12-18,0,Australia
2021-12-19,31489,Australia
2021-12-20,0,Australia
2021-12-21,0,Australia
2021-12-22,0,Australia
2021-12-23,0,Australia
2021-12-24,0,Australia
2021-12-25,0,Australia
2021-12-26,99764,Australia
2021-12-27,0,Australia
2021-12-28,0,Australia
2021-12-29,0,Australia
2021-12-30,0,Australia
2021-12-31,0,Australia
2022-01-01,0,Australia
2022-01-02,289614,Australia
2022-01-03,0,Australia
2022-01-04,0,Australia
2022-01-05,0,Australia
2022-01-06,0,Australia
2022-01-07,0,Australia
2022-01-08,0,Australia
2022-01-09,588813,Australia
2022-01-10,0,Australia
2022-01-11,0,Australia
2022-01-12,0,Australia
2022-01-13,0,Australia
2022-01-14,0,Australia
2022-01-15,0,Australia
2022-01-16,462325,Australia
2022-01-17,0,Australia
2022-01-18,0,Australia
2022-01-19,0,Australia
2022-01-20,0,Australia
2022-01-21,0,Australia
2022-01-22,0,Australia
2022-01-23,347960,Australia
2022-01-24,0,Australia
2022-01-25,0,Australia
2022-01-26,0,Australia
2022-01-27,0,Australia
2022-01-28,0,Australia
2022-01-29,0,Australia
2022-01-30,267817,Australia
2022-01-31,0,Australia
2022-02-01,0,Australia
2022-02-02,0,Australia
2022-02-03,0,Australia
2022-02-04,0,Australia
2022-02-05,0,Australia
2022-02-06,201112,Australia
2022-02-07,0,Australia
2022-02-08,0,Australia
2022-02-09,0,Australia
2022-02-10,0,Australia
2022-02-11,0,Australia
2022-02-12,0,Australia
2022-02-13,171754,Australia
2022-02-14,0,Australia
2022-02-15,0,Australia
2022-02-16,0,Australia
2022-02-17,0,Australia
2022-02-18,0,Australia
2022-02-19,0,Australia
2022-02-20,160429,Australia
2022-02-21,0,Australia
2022-02-22,0,Australia
2022-02-23,0,Australia
2022-02-24,0,Australia
2022-02-25,0,Australia
2022-02-26,0,Australia
2022-02-27,160402,Australia
2022-02-28,0,Australia
2022-03-01,0,Australia
2022-03-02,0,Australia
2022-03-03,0,Australia
2022-03-04,0,Australia
2022-03-05,0,Australia
2022-03-06,195717,Australia
2022-03-07,0,Australia
2022-03-08,0,Australia
2022-03-09,0,Australia
2022-03-10,0,Australia
2022-03-11,0,Australia
2022-03-12,0,Australia
2022-03-13,241848,Australia
2022-03-14,0,Australia
2022-03-15,0,Australia
2022-03-16,0,Australia
2022-03-17,0,Australia
2022-03-18,0,Australia
2022-03-19,0,Australia
2022-03-20,327240,Australia
2022-03-21,0,Australia
2022-03-22,0,Australia
2022-03-23,0,Australia
2022-03-24,0,Australia
2022-03-25,0,Australia
2022-03-26,0,Australia
2022-03-27,385762,Australia
2022-03-28,0,Australia
2022-03-29,0,Australia
2022-03-30,0,Australia
2022-03-31,0,Australia
2022-04-01,0,Australia
2022-04-02,0,Australia
2022-04-03,395982,Australia
2022-04-04,0,Australia
2022-04-05,0,Australia
2022-04-06,0,Australia
2022-04-07,0,Australia
2022-04-08,0,Australia
2022-04-09,0,Australia
2022-04-10,359765,Australia
2022-04-11,0,Australia
2022-04-12,0,Australia
2022-04-13,0,Australia
2022-04-14,0,Australia
2022-04-15,0,Australia
2022-04-16,0,Australia
2022-04-17,306184,Australia
2022-04-18,0,Australia
2022-04-19,0,Australia
2022-04-20,0,Australia
2022-04-21,0,Australia
2022-04-22,0,Australia
2022-04-23,0,Australia
2022-04-24,289282,Australia
2022-04-25,0,Australia
2022-04-26,0,Australia
2022-04-27,0,Australia
2022-04-28,0,Australia
2022-04-29,0,Australia
2022-04-30,0,Australia
2022-05-01,272054,Australia
2022-05-02,0,Australia
2022-05-03,0,Australia
2022-05-04,0,Australia
2022-05-05,0,Australia
2022-05-06,0,Australia
2022-05-07,0,Australia
2022-05-08,304061,Australia
2022-05-09,0,Australia
2022-05-10,0,Australia
2022-05-11,0,Australia
2022-05-12,0,Australia
2022-05-13,0,Australia
2022-05-14,0,Australia
2022-05-15,350375,Australia
2022-05-16,0,Australia
2022-05-17,0,Australia
2022-05-18,0,Australia
2022-05-19,0,Australia
2022-05-20,0,Australia
2022-05-21,0,Australia
2022-05-22,311716,Australia
2022-05-23,0,Australia
2022-05-24,0,Australia
2022-05-25,0,Australia
2022-05-26,0,Australia
2022-05-27,0,Australia
2022-05-28,0,Australia
2022-05-29,240429,Australia
2022-05-30,0,Australia
2022-05-31,0,Australia
2022-06-01,0,Australia
2022-06-02,0,Australia
2022-06-03,0,Australia
2022-06-04,0,Australia
2022-06-05,199964,Australia
2022-06-06,0,Australia
2022-06-07,0,Australia
2022-06-08,0,Australia
2022-06-09,0,Australia
2022-06-10,0,Australia
2022-06-11,0,Australia
2022-06-12,184472,Australia
2022-06-13,0,Australia
2022-06-14,0,Australia
2022-06-15,0,Australia
2022-06-16,0,Australia
2022-06-17,0,Australia
2022-06-18,0,Australia
2022-06-19,191043,Australia
2022-06-20,0,Australia
2022-06-21,0,Australia
2022-06-22,0,Australia
2022-06-23,0,Australia
2022-06-24,0,Australia
2022-06-25,0,Australia
2022-06-26,204308,Australia
2022-06-27,0,Australia
2022-06-28,0,Australia
2022-06-29,0,Australia
2022-06-30,0,Australia
2022-07-01,0,Australia
2022-07-02,0,Australia
2022-07-03,0,Australia
2022-07-04,243697,Australia
2022-07-05,0,Australia
2022-07-06,0,Australia
2022-07-07,0,Australia
2022-07-08,0,Australia
2022-07-09,0,Australia
2022-07-10,0,Australia
2022-07-11,271605,Australia
2022-07-12,0,Australia
2022-07-13,0,Australia
2022-07-14,0,Australia
2022-07-15,0,Australia
2022-07-16,0,Australia
2022-07-17,0,Australia
2022-07-18,303029,Australia
2022-07-19,0,Australia
2022-07-20,0,Australia
2022-07-21,0,Australia
2022-07-22,0,Australia
2022-07-23,0,Australia
2022-07-24,0,Australia
2022-07-25,319779,Australia
2022-07-26,0,Australia
2022-07-27,0,Australia
2022-07-28,0,Australia
2022-07-29,0,Australia
2022-07-30,0,Australia
2022-07-31,0,Australia
2022-08-01,259334,Australia
2022-08-02,0,Australia
2022-08-03,0,Australia
2022-08-04,0,Australia
2022-08-05,0,Australia
2022-08-06,0,Australia
2022-08-07,0,Australia
2022-08-08,200397,Australia
2022-08-09,0,Australia
2022-08-10,0,Australia
2022-08-11,0,Australia
2022-08-12,0,Australia
2022-08-13,0,Australia
2022-08-14,0,Australia
2022-08-15,139178,Australia
2022-08-16,0,Australia
2022-08-17,0,Australia
2022-08-18,0,Australia
2022-08-19,0,Australia
2022-08-20,0,Australia
2022-08-21,0,Australia
2022-08-22,103184,Australia
2022-08-23,0,Australia
2022-08-24,0,Australia
2022-08-25,0,Australia
2022-08-26,0,Australia
2022-08-27,0,Australia
2022-08-28,0,Australia
2022-08-29,79985,Australia
2022-08-30,0,Australia
2022-08-31,0,Australia
2022-09-01,0,Australia
2022-09-02,0,Australia
2022-09-03,0,Australia
2022-09-04,0,Australia
2022-09-05,63392,Australia
2022-09-06,0,Australia
2022-09-07,0,Australia
2022-09-08,0,Australia
2022-09-09,0,Australia
2022-09-10,0,Australia
2022-09-11,0,Australia
2022-09-12,51273,Australia
2022-09-13,0,Australia
2022-09-14,0,Australia
2022-09-15,0,Australia
2022-09-16,0,Australia
2022-09-17,0,Australia
2022-09-18,0,Australia
2022-09-19,43401,Australia
2022-09-20,0,Australia
2022-09-21,0,Australia
2022-09-22,0,Australia
2022-09-23,0,Australia
2022-09-24,0,Australia
2022-09-25,0,Australia
2022-09-26,37578,Australia
2022-09-27,0,Australia
2022-09-28,0,Australia
2022-09-29,0,Australia
2022-09-30,0,Australia
2022-10-01,0,Australia
2022-10-02,0,Australia
2022-10-03,38674,Australia
2022-10-04,0,Australia
2022-10-05,0,Australia
2022-10-06,0,Australia
2022-10-07,0,Australia
2022-10-08,0,Australia
2022-10-09,0,Australia
2022-10-10,31327,Australia
2022-10-11,0,Australia
2022-10-12,0,Australia
2022-10-13,0,Australia
2022-10-14,0,Australia
2022-10-15,0,Australia
2022-10-16,0,Australia
2022-10-17,29620,Australia
2022-10-18,0,Australia
2022-10-19,0,Australia
2022-10-20,0,Australia
2020-03-02,1,Austria
2020-03-03,4,Austria
2020-03-04,5,Austria
2020-03-05,6,Austria
2020-03-06,14,Austria
2020-03-07,9,Austria
2020-03-08,29,Austria
2020-03-09,23,Austria
2020-03-10,28,Austria
2020-03-11,22,Austria
2020-03-12,55,Austria
2020-03-13,108,Austria
2020-03-14,96,Austria
2020-03-15,181,Austria
2020-03-16,183,Austria
2020-03-17,170,Austria
2020-03-18,35,Austria
2020-03-19,40,Austria
2020-03-20,29,Austria
2020-03-21,34,Austria
2020-03-22,53,Austria
2020-03-23,82,Austria
2020-03-24,74,Austria
2020-03-25,553,Austria
2020-03-26,645,Austria
2020-03-27,668,Austria
2020-03-28,1008,Austria
2020-03-29,784,Austria
2020-03-30,610,Austria
2020-03-31,544,Austria
2020-04-01,664,Austria
2020-04-02,547,Austria
2020-04-03,546,Austria
2020-04-04,433,Austria
2020-04-05,409,Austria
2020-04-06,248,Austria
2020-04-07,183,Austria
2020-04-08,303,Austria
2020-04-09,288,Austria
2020-04-10,287,Austria
2020-04-11,276,Austria
2020-04-12,357,Austria
2020-04-13,203,Austria
2020-04-14,111,Austria
2020-04-15,87,Austria
2020-04-16,149,Austria
2020-04-17,128,Austria
2020-04-18,112,Austria
2020-04-19,99,Austria
2020-04-20,59,Austria
2020-04-21,47,Austria
2020-04-22,65,Austria
2020-04-23,70,Austria
2020-04-24,70,Austria
2020-04-25,60,Austria
2020-04-26,79,Austria
2020-04-27,62,Austria
2020-04-28,36,Austria
2020-04-29,68,Austria
2020-04-30,49,Austria
2020-05-01,60,Austria
2020-05-02,54,Austria
2020-05-03,37,Austria
2020-05-04,28,Austria
2020-05-05,12,Austria
2020-05-06,30,Austria
2020-05-07,54,Austria
2020-05-08,46,Austria
2020-05-09,40,Austria
2020-05-10,49,Austria
2020-05-11,30,Austria
2020-05-12,15,Austria
2020-05-13,65,Austria
2020-05-14,38,Austria
2020-05-15,52,Austria
2020-05-16,54,Austria
2020-05-17,75,Austria
2020-05-18,15,Austria
2020-05-19,26,Austria
2020-05-20,58,Austria
2020-05-21,61,Austria
2020-05-22,30,Austria
2020-05-23,31,Austria
2020-05-24,28,Austria
2020-05-25,24,Austria
2020-05-26,31,Austria
2020-05-27,25,Austria
2020-05-28,22,Austria
2020-05-29,50,Austria
2020-05-30,19,Austria
2020-05-31,42,Austria
2020-06-01,32,Austria
2020-06-02,5,Austria
2020-06-03,19,Austria
2020-06-04,16,Austria
2020-06-05,53,Austria
2020-06-06,17,Austria
2020-06-07,66,Austria
2020-06-08,31,Austria
2020-06-09,25,Austria
2020-06-10,24,Austria
2020-06-11,15,Austria
2020-06-12,34,Austria
2020-06-13,22,Austria
2020-06-14,37,Austria
2020-06-15,22,Austria
2020-06-16,18,Austria
2020-06-17,53,Austria
2020-06-18,19,Austria
2020-06-19,31,Austria
2020-06-20,32,Austria
2020-06-21,52,Austria
2020-06-22,32,Austria
2020-06-23,29,Austria
2020-06-24,31,Austria
2020-06-25,43,Austria
2020-06-26,35,Austria
2020-06-27,44,Austria
2020-06-28,74,Austria
2020-06-29,45,Austria
2020-06-30,62,Austria
2020-07-01,49,Austria
2020-07-02,101,Austria
2020-07-03,95,Austria
2020-07-04,79,Austria
2020-07-05,134,Austria
2020-07-06,106,Austria
2020-07-07,76,Austria
2020-07-08,68,Austria
2020-07-09,91,Austria
2020-07-10,118,Austria
2020-07-11,72,Austria
2020-07-12,105,Austria
2020-07-13,90,Austria
2020-07-14,52,Austria
2020-07-15,99,Austria
2020-07-16,123,Austria
2020-07-17,129,Austria
2020-07-18,141,Austria
2020-07-19,124,Austria
2020-07-20,81,Austria
2020-07-21,87,Austria
2020-07-22,90,Austria
2020-07-23,137,Austria
2020-07-24,162,Austria
2020-07-25,117,Austria
2020-07-26,153,Austria
2020-07-27,112,Austria
2020-07-28,101,Austria
2020-07-29,95,Austria
2020-07-30,153,Austria
2020-07-31,102,Austria
2020-08-01,190,Austria
2020-08-02,123,Austria
2020-08-03,62,Austria
2020-08-04,70,Austria
2020-08-05,93,Austria
2020-08-06,83,Austria
2020-08-07,159,Austria
2020-08-08,119,Austria
2020-08-09,90,Austria
2020-08-10,104,Austria
2020-08-11,72,Austria
2020-08-12,158,Austria
2020-08-13,187,Austria
2020-08-14,190,Austria
2020-08-15,251,Austria
2020-08-16,348,Austria
2020-08-17,156,Austria
2020-08-18,169,Austria
2020-08-19,257,Austria
2020-08-20,252,Austria
2020-08-21,347,Austria
2020-08-22,331,Austria
2020-08-23,300,Austria
2020-08-24,229,Austria
2020-08-25,193,Austria
2020-08-26,243,Austria
2020-08-27,301,Austria
2020-08-28,319,Austria
2020-08-29,224,Austria
2020-08-30,395,Austria
2020-08-31,237,Austria
2020-09-01,224,Austria
2020-09-02,219,Austria
2020-09-03,286,Austria
2020-09-04,429,Austria
2020-09-05,366,Austria
2020-09-06,380,Austria
2020-09-07,217,Austria
2020-09-08,367,Austria
2020-09-09,396,Austria
2020-09-10,552,Austria
2020-09-11,692,Austria
2020-09-12,597,Austria
2020-09-13,929,Austria
2020-09-14,414,Austria
2020-09-15,414,Austria
2020-09-16,820,Austria
2020-09-17,723,Austria
2020-09-18,854,Austria
2020-09-19,806,Austria
2020-09-20,875,Austria
2020-09-21,666,Austria
2020-09-22,471,Austria
2020-09-23,581,Austria
2020-09-24,719,Austria
2020-09-25,804,Austria
2020-09-26,658,Austria
2020-09-27,762,Austria
2020-09-28,591,Austria
2020-09-29,546,Austria
2020-09-30,738,Austria
2020-10-01,759,Austria
2020-10-02,853,Austria
2020-10-03,790,Austria
2020-10-04,1014,Austria
2020-10-05,719,Austria
2020-10-06,738,Austria
2020-10-07,926,Austria
2020-10-08,1076,Austria
2020-10-09,1274,Austria
2020-10-10,1109,Austria
2020-10-11,1260,Austria
2020-10-12,1014,Austria
2020-10-13,831,Austria
2020-10-14,1142,Austria
2020-10-15,1321,Austria
2020-10-16,1436,Austria
2020-10-17,1521,Austria
2020-10-18,1794,Austria
2020-10-19,1486,Austria
2020-10-20,1197,Austria
2020-10-21,1647,Austria
2020-10-22,1976,Austria
2020-10-23,2653,Austria
2020-10-24,3231,Austria
2020-10-25,3343,Austria
2020-10-26,2970,Austria
2020-10-27,2472,Austria
2020-10-28,2780,Austria
2020-10-29,4370,Austria
2020-10-30,4465,Austria
2020-10-31,5046,Austria
2020-11-01,5715,Austria
2020-11-02,4789,Austria
2020-11-03,4474,Austria
2020-11-04,5188,Austria
2020-11-05,6361,Austria
2020-11-06,7110,Austria
2020-11-07,6951,Austria
2020-11-08,8089,Austria
2020-11-09,5323,Austria
2020-11-10,5745,Austria
2020-11-11,6246,Austria
2020-11-12,7436,Austria
2020-11-13,9170,Austria
2020-11-14,8256,Austria
2020-11-15,7015,Austria
2020-11-16,5094,Austria
2020-11-17,4611,Austria
2020-11-18,6072,Austria
2020-11-19,7520,Austria
2020-11-20,6434,Austria
2020-11-21,6603,Austria
2020-11-22,6463,Austria
2020-11-23,5151,Austria
2020-11-24,2437,Austria
2020-11-25,4607,Austria
2020-11-26,5737,Austria
2020-11-27,5388,Austria
2020-11-28,5017,Austria
2020-11-29,4237,Austria
2020-11-30,3735,Austria
2020-12-01,2390,Austria
2020-12-02,3374,Austria
2020-12-03,3937,Austria
2020-12-04,3567,Austria
2020-12-05,3654,Austria
2020-12-06,3592,Austria
2020-12-07,2866,Austria
2020-12-08,2066,Austria
2020-12-09,2510,Austria
2020-12-10,2631,Austria
2020-12-11,2480,Austria
2020-12-12,3089,Austria
2020-12-13,2834,Austria
2020-12-14,2638,Austria
2020-12-15,2505,Austria
2020-12-16,2741,Austria
2020-12-17,2758,Austria
2020-12-18,2389,Austria
2020-12-19,1949,Austria
2020-12-20,2150,Austria
2020-12-21,1504,Austria
2020-12-22,1353,Austria
2020-12-23,2096,Austria
2020-12-24,2541,Austria
2020-12-25,2843,Austria
2020-12-26,1801,Austria
2020-12-27,1283,Austria
2020-12-28,1157,Austria
2020-12-29,1696,Austria
2020-12-30,2107,Austria
2020-12-31,2965,Austria
2021-01-01,2701,Austria
2021-01-02,2001,Austria
2021-01-03,1585,Austria
2021-01-04,1632,Austria
2021-01-05,1885,Austria
2021-01-06,2285,Austria
2021-01-07,2950,Austria
2021-01-08,2082,Austria
2021-01-09,1986,Austria
2021-01-10,2284,Austria
2021-01-11,1542,Austria
2021-01-12,1385,Austria
2021-01-13,1686,Austria
2021-01-14,2137,Austria
2021-01-15,1646,Austria
2021-01-16,1531,Austria
2021-01-17,1543,Austria
2021-01-18,1317,Austria
2021-01-19,1008,Austria
2021-01-20,1614,Austria
2021-01-21,1646,Austria
2021-01-22,1733,Austria
2021-01-23,1777,Austria
2021-01-24,1433,Austria
2021-01-25,1256,Austria
2021-01-26,938,Austria
2021-01-27,1410,Austria
2021-01-28,1566,Austria
2021-01-29,1460,Austria
2021-01-30,1406,Austria
2021-01-31,1476,Austria
2021-02-01,1089,Austria
2021-02-02,1130,Austria
2021-02-03,1210,Austria
2021-02-04,1628,Austria
2021-02-05,1507,Austria
2021-02-06,1260,Austria
2021-02-07,1357,Austria
2021-02-08,1145,Austria
2021-02-09,993,Austria
2021-02-10,1221,Austria
2021-02-11,1454,Austria
2021-02-12,1652,Austria
2021-02-13,1551,Austria
2021-02-14,1257,Austria
2021-02-15,1161,Austria
2021-02-16,1166,Austria
2021-02-17,1483,Austria
2021-02-18,1640,Austria
2021-02-19,1882,Austria
2021-02-20,1689,Austria
2021-02-21,2084,Austria
2021-02-22,1642,Austria
2021-02-23,1216,Austria
2021-02-24,1879,Austria
2021-02-25,1950,Austria
2021-02-26,2436,Austria
2021-02-27,1873,Austria
2021-02-28,2485,Austria
2021-03-01,2208,Austria
2021-03-02,1396,Austria
2021-03-03,2169,Austria
2021-03-04,2439,Austria
2021-03-05,2383,Austria
2021-03-06,2342,Austria
2021-03-07,2742,Austria
2021-03-08,2237,Austria
2021-03-09,1944,Austria
2021-03-10,2502,Austria
2021-03-11,2395,Austria
2021-03-12,2856,Austria
2021-03-13,3040,Austria
2021-03-14,3006,Austria
2021-03-15,2523,Austria
2021-03-16,1906,Austria
2021-03-17,2747,Austria
2021-03-18,2852,Austria
2021-03-19,3509,Austria
2021-03-20,3209,Austria
2021-03-21,3634,Austria
2021-03-22,2685,Austria
2021-03-23,2429,Austria
2021-03-24,3008,Austria
2021-03-25,3521,Austria
2021-03-26,3424,Austria
2021-03-27,3197,Austria
2021-03-28,3280,Austria
2021-03-29,2636,Austria
2021-03-30,3227,Austria
2021-03-31,2780,Austria
2021-04-01,3116,Austria
2021-04-02,3375,Austria
2021-04-03,3074,Austria
2021-04-04,3293,Austria
2021-04-05,2812,Austria
2021-04-06,2325,Austria
2021-04-07,2003,Austria
2021-04-08,2828,Austria
2021-04-09,2845,Austria
2021-04-10,2480,Austria
2021-04-11,3437,Austria
2021-04-12,1958,Austria
2021-04-13,2051,Austria
2021-04-14,2222,Austria
2021-04-15,3160,Austria
2021-04-16,2713,Austria
2021-04-17,2330,Austria
2021-04-18,2349,Austria
2021-04-19,2027,Austria
2021-04-20,2007,Austria
2021-04-21,2074,Austria
2021-04-22,2514,Austria
2021-04-23,2608,Austria
2021-04-24,2470,Austria
2021-04-25,1955,Austria
2021-04-26,1888,Austria
2021-04-27,1575,Austria
2021-04-28,1900,Austria
2021-04-29,2258,Austria
2021-04-30,2142,Austria
2021-05-01,2105,Austria
2021-05-02,1644,Austria
2021-05-03,1532,Austria
2021-05-04,1099,Austria
2021-05-05,1421,Austria
2021-05-06,1702,Austria
2021-05-07,1379,Austria
2021-05-08,1377,Austria
2021-05-09,1141,Austria
2021-05-10,1053,Austria
2021-05-11,738,Austria
2021-05-12,915,Austria
2021-05-13,1153,Austria
2021-05-14,981,Austria
2021-05-15,849,Austria
2021-05-16,632,Austria
2021-05-17,683,Austria
2021-05-18,519,Austria
2021-05-19,633,Austria
2021-05-20,841,Austria
2021-05-21,605,Austria
2021-05-22,657,Austria
2021-05-23,564,Austria
2021-05-24,507,Austria
2021-05-25,346,Austria
2021-05-26,406,Austria
2021-05-27,473,Austria
2021-05-28,606,Austria
2021-05-29,537,Austria
2021-05-30,424,Austria
2021-05-31,385,Austria
2021-06-01,326,Austria
2021-06-02,359,Austria
2021-06-03,489,Austria
2021-06-04,305,Austria
2021-06-05,351,Austria
2021-06-06,284,Austria
2021-06-07,326,Austria
2021-06-08,311,Austria
2021-06-09,307,Austria
2021-06-10,356,Austria
2021-06-11,287,Austria
2021-06-12,226,Austria
2021-06-13,198,Austria
2021-06-14,207,Austria
2021-06-15,103,Austria
2021-06-16,147,Austria
2021-06-17,180,Austria
2021-06-18,171,Austria
2021-06-19,131,Austria
2021-06-20,149,Austria
2021-06-21,108,Austria
2021-06-22,115,Austria
2021-06-23,102,Austria
2021-06-24,116,Austria
2021-06-25,99,Austria
2021-06-26,108,Austria
2021-06-27,117,Austria
2021-06-28,66,Austria
2021-06-29,73,Austria
2021-06-30,93,Austria
2021-07-01,106,Austria
2021-07-02,80,Austria
2021-07-03,108,Austria
2021-07-04,104,Austria
2021-07-05,68,Austria
2021-07-06,73,Austria
2021-07-07,103,Austria
2021-07-08,127,Austria
2021-07-09,148,Austria
2021-07-10,198,Austria
2021-07-11,178,Austria
2021-07-12,154,Austria
2021-07-13,184,Austria
2021-07-14,245,Austria
2021-07-15,273,Austria
2021-07-16,302,Austria
2021-07-17,352,Austria
2021-07-18,430,Austria
2021-07-19,336,Austria
2021-07-20,265,Austria
2021-07-21,335,Austria
2021-07-22,363,Austria
2021-07-23,419,Austria
2021-07-24,421,Austria
2021-07-25,342,Austria
2021-07-26,325,Austria
2021-07-27,316,Austria
2021-07-28,365,Austria
2021-07-29,547,Austria
2021-07-30,506,Austria
2021-07-31,532,Austria
2021-08-01,543,Austria
2021-08-02,420,Austria
2021-08-03,346,Austria
2021-08-04,402,Austria
2021-08-05,595,Austria
2021-08-06,497,Austria
2021-08-07,601,Austria
2021-08-08,572,Austria
2021-08-09,563,Austria
2021-08-10,436,Austria
2021-08-11,617,Austria
2021-08-12,874,Austria
2021-08-13,859,Austria
2021-08-14,968,Austria
2021-08-15,952,Austria
2021-08-16,832,Austria
2021-08-17,797,Austria
2021-08-18,877,Austria
2021-08-19,1213,Austria
2021-08-20,1292,Austria
2021-08-21,1311,Austria
2021-08-22,1287,Austria
2021-08-23,1105,Austria
2021-08-24,983,Austria
2021-08-25,1155,Austria
2021-08-26,1620,Austria
2021-08-27,1450,Austria
2021-08-28,1404,Austria
2021-08-29,1378,Austria
2021-08-30,1345,Austria
2021-08-31,1081,Austria
2021-09-01,1281,Austria
2021-09-02,1852,Austria
2021-09-03,1555,Austria
2021-09-04,1691,Austria
2021-09-05,1931,Austria
2021-09-06,1576,Austria
2021-09-07,1391,Austria
2021-09-08,1801,Austria
2021-09-09,2301,Austria
2021-09-10,2168,Austria
2021-09-11,2338,Austria
2021-09-12,2247,Austria
2021-09-13,1838,Austria
2021-09-14,1390,Austria
2021-09-15,1848,Austria
2021-09-16,2599,Austria
2021-09-17,2319,Austria
2021-09-18,2211,Austria
2021-09-19,2028,Austria
2021-09-20,1428,Austria
2021-09-21,1340,Austria
2021-09-22,1379,Austria
2021-09-23,2108,Austria
2021-09-24,1837,Austria
2021-09-25,1816,Austria
2021-09-26,1829,Austria
2021-09-27,1385,Austria
2021-09-28,1386,Austria
2021-09-29,1590,Austria
2021-09-30,2611,Austria
2021-10-01,1924,Austria
2021-10-02,1738,Austria
2021-10-03,1807,Austria
2021-10-04,1556,Austria
2021-10-05,1371,Austria
2021-10-06,1460,Austria
2021-10-07,2671,Austria
2021-10-08,2034,Austria
2021-10-09,1853,Austria
2021-10-10,1875,Austria
2021-10-11,1585,Austria
2021-10-12,1298,Austria
2021-10-13,1597,Austria
2021-10-14,2717,Austria
2021-10-15,2112,Austria
2021-10-16,2389,Austria
2021-10-17,2380,Austria
2021-10-18,2145,Austria
2021-10-19,1997,Austria
2021-10-20,2727,Austria
2021-10-21,3970,Austria
2021-10-22,3617,Austria
2021-10-23,3484,Austria
2021-10-24,3706,Austria
2021-10-25,3528,Austria
2021-10-26,2795,Austria
2021-10-27,3446,Austria
2021-10-28,4483,Austria
2021-10-29,4302,Austria
2021-10-30,5933,Austria
2021-10-31,5978,Austria
2021-11-01,5628,Austria
2021-11-02,4793,Austria
2021-11-03,5284,Austria
2021-11-04,6582,Austria
2021-11-05,8972,Austria
2021-11-06,9766,Austria
2021-11-07,9695,Austria
2021-11-08,8107,Austria
2021-11-09,8008,Austria
2021-11-10,7751,Austria
2021-11-11,11958,Austria
2021-11-12,13206,Austria
2021-11-13,10562,Austria
2021-11-14,12628,Austria
2021-11-15,11421,Austria
2021-11-16,11179,Austria
2021-11-17,10983,Austria
2021-11-18,16443,Austria
2021-11-19,15000,Austria
2021-11-20,14862,Austria
2021-11-21,14040,Austria
2021-11-22,14071,Austria
2021-11-23,11627,Austria
2021-11-24,11953,Austria
2021-11-25,14492,Austria
2021-11-26,14426,Austria
2021-11-27,12093,Austria
2021-11-28,12017,Austria
2021-11-29,9594,Austria
2021-11-30,7968,Austria
2021-12-01,8096,Austria
2021-12-02,10935,Austria
2021-12-03,8752,Austria
2021-12-04,7213,Austria
2021-12-05,6239,Austria
2021-12-06,5305,Austria
2021-12-07,4243,Austria
2021-12-08,4391,Austria
2021-12-09,6041,Austria
2021-12-10,4304,Austria
2021-12-11,3106,Austria
2021-12-12,4797,Austria
2021-12-13,3245,Austria
2021-12-14,3255,Austria
2021-12-15,2916,Austria
2021-12-16,4113,Austria
2021-12-17,2920,Austria
2021-12-18,2690,Austria
2021-12-19,2342,Austria
2021-12-20,1982,Austria
2021-12-21,1879,Austria
2021-12-22,1940,Austria
2021-12-23,2797,Austria
2021-12-24,2155,Austria
2021-12-25,2258,Austria
2021-12-26,2103,Austria
2021-12-27,1622,Austria
2021-12-28,1732,Austria
2021-12-29,2590,Austria
2021-12-30,3329,Austria
2021-12-31,3168,Austria
2022-01-01,3801,Austria
2022-01-02,3683,Austria
2022-01-03,3000,Austria
2022-01-04,3469,Austria
2022-01-05,5982,Austria
2022-01-06,10045,Austria
2022-01-07,8763,Austria
2022-01-08,8864,Austria
2022-01-09,7019,Austria
2022-01-10,10683,Austria
2022-01-11,10870,Austria
2022-01-12,12584,Austria
2022-01-13,16477,Austria
2022-01-14,16756,Austria
2022-01-15,16903,Austria
2022-01-16,16996,Austria
2022-01-17,14815,Austria
2022-01-18,16087,Austria
2022-01-19,18281,Austria
2022-01-20,28082,Austria
2022-01-21,25128,Austria
2022-01-22,29593,Austria
2022-01-23,26649,Austria
2022-01-24,23322,Austria
2022-01-25,25109,Austria
2022-01-26,26660,Austria
2022-01-27,38123,Austria
2022-01-28,35712,Austria
2022-01-29,37891,Austria
2022-01-30,33667,Austria
2022-01-31,29165,Austria
2022-02-01,26315,Austria
2022-02-02,27849,Austria
2022-02-03,44188,Austria
2022-02-04,33853,Austria
2022-02-05,36930,Austria
2022-02-06,33414,Austria
2022-02-07,30045,Austria
2022-02-08,25896,Austria
2022-02-09,29027,Austria
2022-02-10,40130,Austria
2022-02-11,35096,Austria
2022-02-12,33197,Austria
2022-02-13,29697,Austria
2022-02-14,24909,Austria
2022-02-15,23969,Austria
2022-02-16,26423,Austria
2022-02-17,38678,Austria
2022-02-18,30801,Austria
2022-02-19,30460,Austria
2022-02-20,25693,Austria
2022-02-21,21744,Austria
2022-02-22,21329,Austria
2022-02-23,23636,Austria
2022-02-24,35199,Austria
2022-02-25,28485,Austria
2022-02-26,29730,Austria
2022-02-27,25015,Austria
2022-02-28,22049,Austria
2022-03-01,21187,Austria
2022-03-02,27293,Austria
2022-03-03,40830,Austria
2022-03-04,31618,Austria
2022-03-05,31821,Austria
2022-03-06,31450,Austria
2022-03-07,27522,Austria
2022-03-08,26475,Austria
2022-03-09,34023,Austria
2022-03-10,50960,Austria
2022-03-11,49903,Austria
2022-03-12,49290,Austria
2022-03-13,43424,Austria
2022-03-14,37375,Austria
2022-03-15,34229,Austria
2022-03-16,40003,Austria
2022-03-17,63507,Austria
2022-03-18,51536,Austria
2022-03-19,50500,Austria
2022-03-20,41958,Austria
2022-03-21,37331,Austria
2022-03-22,31067,Austria
2022-03-23,36817,Austria
2022-03-24,54381,Austria
2022-03-25,40831,Austria
2022-03-26,36916,Austria
2022-03-27,32889,Austria
2022-03-28,25364,Austria
2022-03-29,20814,Austria
2022-03-30,25923,Austria
2022-03-31,33831,Austria
2022-04-01,25908,Austria
2022-04-02,22022,Austria
2022-04-03,18727,Austria
2022-04-04,13856,Austria
2022-04-05,11404,Austria
2022-04-06,15126,Austria
2022-04-07,20772,Austria
2022-04-08,16201,Austria
2022-04-09,13743,Austria
2022-04-10,12888,Austria
2022-04-11,10525,Austria
2022-04-12,7268,Austria
2022-04-13,9405,Austria
2022-04-14,12364,Austria
2022-04-15,10226,Austria
2022-04-16,9747,Austria
2022-04-17,8638,Austria
2022-04-18,7334,Austria
2022-04-19,5555,Austria
2022-04-20,5700,Austria
2022-04-21,8388,Austria
2022-04-22,10834,Austria
2022-04-23,7952,Austria
2022-04-24,6434,Austria
2022-04-25,5432,Austria
2022-04-26,4288,Austria
2022-04-27,6115,Austria
2022-04-28,8140,Austria
2022-04-29,6443,Austria
2022-04-30,6047,Austria
2022-05-01,5225,Austria
2022-05-02,4445,Austria
2022-05-03,3908,Austria
2022-05-04,5541,Austria
2022-05-05,7072,Austria
2022-05-06,5920,Austria
2022-05-07,6028,Austria
2022-05-08,5074,Austria
2022-05-09,3429,Austria
2022-05-10,3882,Austria
2022-05-11,4680,Austria
2022-05-12,5893,Austria
2022-05-13,5001,Austria
2022-05-14,4724,Austria
2022-05-15,3681,Austria
2022-05-16,3293,Austria
2022-05-17,2477,Austria
2022-05-18,3247,Austria
2022-05-19,4375,Austria
2022-05-20,3363,Austria
2022-05-21,3117,Austria
2022-05-22,2693,Austria
2022-05-23,1733,Austria
2022-05-24,1743,Austria
2022-05-25,2402,Austria
2022-05-26,3131,Austria
2022-05-27,2593,Austria
2022-05-28,1737,Austria
2022-05-29,1812,Austria
2022-05-30,1879,Austria
2022-05-31,1737,Austria
2022-06-01,2389,Austria
2022-06-02,3569,Austria
2022-06-03,3176,Austria
2022-06-04,3240,Austria
2022-06-05,2688,Austria
2022-06-06,2372,Austria
2022-06-07,2071,Austria
2022-06-08,2371,Austria
2022-06-09,3701,Austria
2022-06-10,5178,Austria
2022-06-11,4269,Austria
2022-06-12,4006,Austria
2022-06-13,3037,Austria
2022-06-14,2844,Austria
2022-06-15,4795,Austria
2022-06-16,6958,Austria
2022-06-17,7239,Austria
2022-06-18,4808,Austria
2022-06-19,5735,Austria
2022-06-20,6122,Austria
2022-06-21,5143,Austria
2022-06-22,8379,Austria
2022-06-23,10989,Austria
2022-06-24,9601,Austria
2022-06-25,8972,Austria
2022-06-26,8831,Austria
2022-06-27,6987,Austria
2022-06-28,6442,Austria
2022-06-29,9648,Austria
2022-06-30,12425,Austria
2022-07-01,12684,Austria
2022-07-02,10363,Austria
2022-07-03,10013,Austria
2022-07-04,8349,Austria
2022-07-05,7809,Austria
2022-07-06,10964,Austria
2022-07-07,13238,Austria
2022-07-08,12260,Austria
2022-07-09,11092,Austria
2022-07-10,10511,Austria
2022-07-11,8371,Austria
2022-07-12,7326,Austria
2022-07-13,11636,Austria
2022-07-14,14957,Austria
2022-07-15,13016,Austria
2022-07-16,13089,Austria
2022-07-17,12162,Austria
2022-07-18,10267,Austria
2022-07-19,8288,Austria
2022-07-20,13108,Austria
2022-07-21,14996,Austria
2022-07-22,13511,Austria
2022-07-23,11516,Austria
2022-07-24,10868,Austria
2022-07-25,8504,Austria
2022-07-26,7248,Austria
2022-07-27,10041,Austria
2022-07-28,11428,Austria
2022-07-29,9021,Austria
2022-07-30,7439,Austria
2022-07-31,6699,Austria
2022-08-01,5674,Austria
2022-08-02,4314,Austria
2022-08-03,7565,Austria
2022-08-04,8459,Austria
2022-08-05,6834,Austria
2022-08-06,5857,Austria
2022-08-07,5629,Austria
2022-08-08,4688,Austria
2022-08-09,3805,Austria
2022-08-10,6316,Austria
2022-08-11,7185,Austria
2022-08-12,5936,Austria
2022-08-13,5881,Austria
2022-08-14,5473,Austria
2022-08-15,4754,Austria
2022-08-16,3067,Austria
2022-08-17,3931,Austria
2022-08-18,6699,Austria
2022-08-19,7754,Austria
2022-08-20,5832,Austria
2022-08-21,5574,Austria
2022-08-22,4712,Austria
2022-08-23,3129,Austria
2022-08-24,5513,Austria
2022-08-25,5919,Austria
2022-08-26,5441,Austria
2022-08-27,5059,Austria
2022-08-28,5046,Austria
2022-08-29,3948,Austria
2022-08-30,2758,Austria
2022-08-31,5003,Austria
2022-09-01,5570,Austria
2022-09-02,4773,Austria
2022-09-03,4157,Austria
2022-09-04,3945,Austria
2022-09-05,3366,Austria
2022-09-06,2832,Austria
2022-09-07,4569,Austria
2022-09-08,5309,Austria
2022-09-09,4444,Austria
2022-09-10,4286,Austria
2022-09-11,4140,Austria
2022-09-12,3399,Austria
2022-09-13,2793,Austria
2022-09-14,5127,Austria
2022-09-15,6249,Austria
2022-09-16,5621,Austria
2022-09-17,5369,Austria
2022-09-18,5362,Austria
2022-09-19,4795,Austria
2022-09-20,3697,Austria
2022-09-21,6232,Austria
2022-09-22,8458,Austria
2022-09-23,8080,Austria
2022-09-24,7939,Austria
2022-09-25,8558,Austria
2022-09-26,6932,Austria
2022-09-27,6090,Austria
2022-09-28,10931,Austria
2022-09-29,15313,Austria
2022-09-30,12747,Austria
2022-10-01,13068,Austria
2022-10-02,12574,Austria
2022-10-03,10344,Austria
2022-10-04,8523,Austria
2022-10-05,14193,Austria
2022-10-06,18531,Austria
2022-10-07,15288,Austria
2022-10-08,15555,Austria
2022-10-09,14387,Austria
2022-10-10,11227,Austria
2022-10-11,8681,Austria
2022-10-12,13361,Austria
2022-10-13,18486,Austria
2022-10-14,14284,Austria
2022-10-15,13061,Austria
2022-10-16,11735,Austria
2022-10-17,8808,Austria
2022-10-18,6593,Austria
2022-10-19,9957,Austria
2022-10-20,13191,Austria
2020-03-02,0,Bangladesh
2020-03-03,0,Bangladesh
2020-03-04,0,Bangladesh
2020-03-05,0,Bangladesh
2020-03-06,0,Bangladesh
2020-03-07,0,Bangladesh
2020-03-08,3,Bangladesh
2020-03-09,0,Bangladesh
2020-03-10,0,Bangladesh
2020-03-11,0,Bangladesh
2020-03-12,0,Bangladesh
2020-03-13,0,Bangladesh
2020-03-14,0,Bangladesh
2020-03-15,0,Bangladesh
2020-03-16,5,Bangladesh
2020-03-17,0,Bangladesh
2020-03-18,2,Bangladesh
2020-03-19,7,Bangladesh
2020-03-20,0,Bangladesh
2020-03-21,7,Bangladesh
2020-03-22,0,Bangladesh
2020-03-23,9,Bangladesh
2020-03-24,6,Bangladesh
2020-03-25,0,Bangladesh
2020-03-26,5,Bangladesh
2020-03-27,4,Bangladesh
2020-03-28,0,Bangladesh
2020-03-29,0,Bangladesh
2020-03-30,1,Bangladesh
2020-03-31,2,Bangladesh
2020-04-01,3,Bangladesh
2020-04-02,2,Bangladesh
2020-04-03,5,Bangladesh
2020-04-04,9,Bangladesh
2020-04-05,18,Bangladesh
2020-04-06,35,Bangladesh
2020-04-07,41,Bangladesh
2020-04-08,54,Bangladesh
2020-04-09,112,Bangladesh
2020-04-10,94,Bangladesh
2020-04-11,58,Bangladesh
2020-04-12,139,Bangladesh
2020-04-13,182,Bangladesh
2020-04-14,209,Bangladesh
2020-04-15,219,Bangladesh
2020-04-16,341,Bangladesh
2020-04-17,266,Bangladesh
2020-04-18,306,Bangladesh
2020-04-19,312,Bangladesh
2020-04-20,492,Bangladesh
2020-04-21,434,Bangladesh
2020-04-22,390,Bangladesh
2020-04-23,414,Bangladesh
2020-04-24,503,Bangladesh
2020-04-25,309,Bangladesh
2020-04-26,418,Bangladesh
2020-04-27,497,Bangladesh
2020-04-28,549,Bangladesh
2020-04-29,641,Bangladesh
2020-04-30,564,Bangladesh
2020-05-01,571,Bangladesh
2020-05-02,552,Bangladesh
2020-05-03,665,Bangladesh
2020-05-04,688,Bangladesh
2020-05-05,786,Bangladesh
2020-05-06,790,Bangladesh
2020-05-07,706,Bangladesh
2020-05-08,709,Bangladesh
2020-05-09,636,Bangladesh
2020-05-10,887,Bangladesh
2020-05-11,1034,Bangladesh
2020-05-12,969,Bangladesh
2020-05-13,1162,Bangladesh
2020-05-14,1041,Bangladesh
2020-05-15,1202,Bangladesh
2020-05-16,930,Bangladesh
2020-05-17,1273,Bangladesh
2020-05-18,1602,Bangladesh
2020-05-19,1251,Bangladesh
2020-05-20,1617,Bangladesh
2020-05-21,1773,Bangladesh
2020-05-22,1694,Bangladesh
2020-05-23,1873,Bangladesh
2020-05-24,1532,Bangladesh
2020-05-25,1975,Bangladesh
2020-05-26,1166,Bangladesh
2020-05-27,1541,Bangladesh
2020-05-28,2029,Bangladesh
2020-05-29,2523,Bangladesh
2020-05-30,1764,Bangladesh
2020-05-31,2545,Bangladesh
2020-06-01,2381,Bangladesh
2020-06-02,2911,Bangladesh
2020-06-03,2695,Bangladesh
2020-06-04,2423,Bangladesh
2020-06-05,2828,Bangladesh
2020-06-06,2635,Bangladesh
2020-06-07,2743,Bangladesh
2020-06-08,2735,Bangladesh
2020-06-09,3171,Bangladesh
2020-06-10,3190,Bangladesh
2020-06-11,3187,Bangladesh
2020-06-12,3471,Bangladesh
2020-06-13,2856,Bangladesh
2020-06-14,3141,Bangladesh
2020-06-15,3099,Bangladesh
2020-06-16,3862,Bangladesh
2020-06-17,4008,Bangladesh
2020-06-18,3803,Bangladesh
2020-06-19,3243,Bangladesh
2020-06-20,3240,Bangladesh
2020-06-21,3531,Bangladesh
2020-06-22,3480,Bangladesh
2020-06-23,3412,Bangladesh
2020-06-24,3462,Bangladesh
2020-06-25,3946,Bangladesh
2020-06-26,3868,Bangladesh
2020-06-27,3504,Bangladesh
2020-06-28,3809,Bangladesh
2020-06-29,4014,Bangladesh
2020-06-30,3682,Bangladesh
2020-07-01,3775,Bangladesh
2020-07-02,4019,Bangladesh
2020-07-03,3114,Bangladesh
2020-07-04,3288,Bangladesh
2020-07-05,2738,Bangladesh
2020-07-06,3201,Bangladesh
2020-07-07,3027,Bangladesh
2020-07-08,3489,Bangladesh
2020-07-09,3360,Bangladesh
2020-07-10,2949,Bangladesh
2020-07-11,2686,Bangladesh
2020-07-12,2666,Bangladesh
2020-07-13,3099,Bangladesh
2020-07-14,3163,Bangladesh
2020-07-15,3533,Bangladesh
2020-07-16,2733,Bangladesh
2020-07-17,3034,Bangladesh
2020-07-18,2709,Bangladesh
2020-07-19,2459,Bangladesh
2020-07-20,2928,Bangladesh
2020-07-21,3057,Bangladesh
2020-07-22,2744,Bangladesh
2020-07-23,2856,Bangladesh
2020-07-24,2548,Bangladesh
2020-07-25,2520,Bangladesh
2020-07-26,2275,Bangladesh
2020-07-27,2772,Bangladesh
2020-07-28,2960,Bangladesh
2020-07-29,3009,Bangladesh
2020-07-30,2695,Bangladesh
2020-07-31,2772,Bangladesh
2020-08-01,2199,Bangladesh
2020-08-02,886,Bangladesh
2020-08-03,1356,Bangladesh
2020-08-04,1918,Bangladesh
2020-08-05,2654,Bangladesh
2020-08-06,2977,Bangladesh
2020-08-07,2851,Bangladesh
2020-08-08,2611,Bangladesh
2020-08-09,2487,Bangladesh
2020-08-10,2907,Bangladesh
2020-08-11,2996,Bangladesh
2020-08-12,2995,Bangladesh
2020-08-13,2617,Bangladesh
2020-08-14,2766,Bangladesh
2020-08-15,2644,Bangladesh
2020-08-16,2024,Bangladesh
2020-08-17,2595,Bangladesh
2020-08-18,3200,Bangladesh
2020-08-19,2747,Bangladesh
2020-08-20,2868,Bangladesh
2020-08-21,2401,Bangladesh
2020-08-22,2265,Bangladesh
2020-08-23,1973,Bangladesh
2020-08-24,2485,Bangladesh
2020-08-25,2545,Bangladesh
2020-08-26,2519,Bangladesh
2020-08-27,2436,Bangladesh
2020-08-28,2211,Bangladesh
2020-08-29,2131,Bangladesh
2020-08-30,1897,Bangladesh
2020-08-31,2174,Bangladesh
2020-09-01,1950,Bangladesh
2020-09-02,2582,Bangladesh
2020-09-03,2158,Bangladesh
2020-09-04,1929,Bangladesh
2020-09-05,1950,Bangladesh
2020-09-06,1592,Bangladesh
2020-09-07,2202,Bangladesh
2020-09-08,1892,Bangladesh
2020-09-09,1827,Bangladesh
2020-09-10,1892,Bangladesh
2020-09-11,1792,Bangladesh
2020-09-12,1282,Bangladesh
2020-09-13,1476,Bangladesh
2020-09-14,1812,Bangladesh
2020-09-15,1724,Bangladesh
2020-09-16,1615,Bangladesh
2020-09-17,1593,Bangladesh
2020-09-18,1541,Bangladesh
2020-09-19,1567,Bangladesh
2020-09-20,1544,Bangladesh
2020-09-21,1705,Bangladesh
2020-09-22,1557,Bangladesh
2020-09-23,1666,Bangladesh
2020-09-24,1540,Bangladesh
2020-09-25,1383,Bangladesh
2020-09-26,1106,Bangladesh
2020-09-27,1275,Bangladesh
2020-09-28,1407,Bangladesh
2020-09-29,1488,Bangladesh
2020-09-30,1436,Bangladesh
2020-10-01,1508,Bangladesh
2020-10-02,1396,Bangladesh
2020-10-03,1182,Bangladesh
2020-10-04,1125,Bangladesh
2020-10-05,1442,Bangladesh
2020-10-06,1499,Bangladesh
2020-10-07,1520,Bangladesh
2020-10-08,1441,Bangladesh
2020-10-09,1278,Bangladesh
2020-10-10,1203,Bangladesh
2020-10-11,1193,Bangladesh
2020-10-12,1472,Bangladesh
2020-10-13,1537,Bangladesh
2020-10-14,1684,Bangladesh
2020-10-15,1600,Bangladesh
2020-10-16,1527,Bangladesh
2020-10-17,1209,Bangladesh
2020-10-18,1274,Bangladesh
2020-10-19,1637,Bangladesh
2020-10-20,1380,Bangladesh
2020-10-21,1545,Bangladesh
2020-10-22,1696,Bangladesh
2020-10-23,1586,Bangladesh
2020-10-24,1094,Bangladesh
2020-10-25,1308,Bangladesh
2020-10-26,1436,Bangladesh
2020-10-27,1335,Bangladesh
2020-10-28,1493,Bangladesh
2020-10-29,1681,Bangladesh
2020-10-30,1604,Bangladesh
2020-10-31,1320,Bangladesh
2020-11-01,1568,Bangladesh
2020-11-02,1736,Bangladesh
2020-11-03,1659,Bangladesh
2020-11-04,1517,Bangladesh
2020-11-05,1842,Bangladesh
2020-11-06,1469,Bangladesh
2020-11-07,1289,Bangladesh
2020-11-08,1474,Bangladesh
2020-11-09,1683,Bangladesh
2020-11-10,1699,Bangladesh
2020-11-11,1733,Bangladesh
2020-11-12,1845,Bangladesh
2020-11-13,1767,Bangladesh
2020-11-14,1531,Bangladesh
2020-11-15,1837,Bangladesh
2020-11-16,2139,Bangladesh
2020-11-17,2212,Bangladesh
2020-11-18,2111,Bangladesh
2020-11-19,2364,Bangladesh
2020-11-20,2275,Bangladesh
2020-11-21,1847,Bangladesh
2020-11-22,2060,Bangladesh
2020-11-23,2419,Bangladesh
2020-11-24,2230,Bangladesh
2020-11-25,2156,Bangladesh
2020-11-26,2292,Bangladesh
2020-11-27,2273,Bangladesh
2020-11-28,1908,Bangladesh
2020-11-29,1788,Bangladesh
2020-11-30,2525,Bangladesh
2020-12-01,2293,Bangladesh
2020-12-02,2198,Bangladesh
2020-12-03,2316,Bangladesh
2020-12-04,2252,Bangladesh
2020-12-05,1888,Bangladesh
2020-12-06,1666,Bangladesh
2020-12-07,2198,Bangladesh
2020-12-08,2202,Bangladesh
2020-12-09,2159,Bangladesh
2020-12-10,1861,Bangladesh
2020-12-11,1884,Bangladesh
2020-12-12,1329,Bangladesh
2020-12-13,1355,Bangladesh
2020-12-14,1799,Bangladesh
2020-12-15,1877,Bangladesh
2020-12-16,1632,Bangladesh
2020-12-17,1134,Bangladesh
2020-12-18,1318,Bangladesh
2020-12-19,1267,Bangladesh
2020-12-20,1153,Bangladesh
2020-12-21,1470,Bangladesh
2020-12-22,1318,Bangladesh
2020-12-23,1367,Bangladesh
2020-12-24,1234,Bangladesh
2020-12-25,1163,Bangladesh
2020-12-26,834,Bangladesh
2020-12-27,1049,Bangladesh
2020-12-28,932,Bangladesh
2020-12-29,1181,Bangladesh
2020-12-30,1235,Bangladesh
2020-12-31,1014,Bangladesh
2021-01-01,990,Bangladesh
2021-01-02,684,Bangladesh
2021-01-03,835,Bangladesh
2021-01-04,910,Bangladesh
2021-01-05,991,Bangladesh
2021-01-06,978,Bangladesh
2021-01-07,1007,Bangladesh
2021-01-08,785,Bangladesh
2021-01-09,692,Bangladesh
2021-01-10,1071,Bangladesh
2021-01-11,849,Bangladesh
2021-01-12,718,Bangladesh
2021-01-13,890,Bangladesh
2021-01-14,813,Bangladesh
2021-01-15,762,Bangladesh
2021-01-16,578,Bangladesh
2021-01-17,569,Bangladesh
2021-01-18,697,Bangladesh
2021-01-19,702,Bangladesh
2021-01-20,656,Bangladesh
2021-01-21,584,Bangladesh
2021-01-22,619,Bangladesh
2021-01-23,436,Bangladesh
2021-01-24,473,Bangladesh
2021-01-25,602,Bangladesh
2021-01-26,515,Bangladesh
2021-01-27,528,Bangladesh
2021-01-28,509,Bangladesh
2021-01-29,454,Bangladesh
2021-01-30,363,Bangladesh
2021-01-31,369,Bangladesh
2021-02-01,443,Bangladesh
2021-02-02,525,Bangladesh
2021-02-03,438,Bangladesh
2021-02-04,485,Bangladesh
2021-02-05,435,Bangladesh
2021-02-06,305,Bangladesh
2021-02-07,292,Bangladesh
2021-02-08,316,Bangladesh
2021-02-09,387,Bangladesh
2021-02-10,388,Bangladesh
2021-02-11,418,Bangladesh
2021-02-12,404,Bangladesh
2021-02-13,291,Bangladesh
2021-02-14,326,Bangladesh
2021-02-15,446,Bangladesh
2021-02-16,396,Bangladesh
2021-02-17,443,Bangladesh
2021-02-18,391,Bangladesh
2021-02-19,406,Bangladesh
2021-02-20,350,Bangladesh
2021-02-21,327,Bangladesh
2021-02-22,366,Bangladesh
2021-02-23,399,Bangladesh
2021-02-24,428,Bangladesh
2021-02-25,410,Bangladesh
2021-02-26,470,Bangladesh
2021-02-27,407,Bangladesh
2021-02-28,385,Bangladesh
2021-03-01,585,Bangladesh
2021-03-02,515,Bangladesh
2021-03-03,614,Bangladesh
2021-03-04,619,Bangladesh
2021-03-05,635,Bangladesh
2021-03-06,540,Bangladesh
2021-03-07,606,Bangladesh
2021-03-08,845,Bangladesh
2021-03-09,912,Bangladesh
2021-03-10,1018,Bangladesh
2021-03-11,1051,Bangladesh
2021-03-12,1066,Bangladesh
2021-03-13,1014,Bangladesh
2021-03-14,1159,Bangladesh
2021-03-15,1773,Bangladesh
2021-03-16,1719,Bangladesh
2021-03-17,1865,Bangladesh
2021-03-18,2187,Bangladesh
2021-03-19,1899,Bangladesh
2021-03-20,1868,Bangladesh
2021-03-21,2172,Bangladesh
2021-03-22,2809,Bangladesh
2021-03-23,3554,Bangladesh
2021-03-24,3567,Bangladesh
2021-03-25,3587,Bangladesh
2021-03-26,3737,Bangladesh
2021-03-27,3674,Bangladesh
2021-03-28,3908,Bangladesh
2021-03-29,5181,Bangladesh
2021-03-30,5042,Bangladesh
2021-03-31,5358,Bangladesh
2021-04-01,6469,Bangladesh
2021-04-02,6830,Bangladesh
2021-04-03,5683,Bangladesh
2021-04-04,7087,Bangladesh
2021-04-05,7075,Bangladesh
2021-04-06,7213,Bangladesh
2021-04-07,7626,Bangladesh
2021-04-08,6854,Bangladesh
2021-04-09,7462,Bangladesh
2021-04-10,5343,Bangladesh
2021-04-11,5819,Bangladesh
2021-04-12,7201,Bangladesh
2021-04-13,6028,Bangladesh
2021-04-14,5185,Bangladesh
2021-04-15,4192,Bangladesh
2021-04-16,4417,Bangladesh
2021-04-17,3473,Bangladesh
2021-04-18,3698,Bangladesh
2021-04-19,4271,Bangladesh
2021-04-20,4559,Bangladesh
2021-04-21,4280,Bangladesh
2021-04-22,4014,Bangladesh
2021-04-23,3629,Bangladesh
2021-04-24,2697,Bangladesh
2021-04-25,2922,Bangladesh
2021-04-26,3306,Bangladesh
2021-04-27,3031,Bangladesh
2021-04-28,2955,Bangladesh
2021-04-29,2341,Bangladesh
2021-04-30,2177,Bangladesh
2021-05-01,1452,Bangladesh
2021-05-02,1359,Bangladesh
2021-05-03,1739,Bangladesh
2021-05-04,1914,Bangladesh
2021-05-05,1742,Bangladesh
2021-05-06,1822,Bangladesh
2021-05-07,1682,Bangladesh
2021-05-08,1285,Bangladesh
2021-05-09,1386,Bangladesh
2021-05-10,1514,Bangladesh
2021-05-11,1230,Bangladesh
2021-05-12,1140,Bangladesh
2021-05-13,1290,Bangladesh
2021-05-14,848,Bangladesh
2021-05-15,261,Bangladesh
2021-05-16,363,Bangladesh
2021-05-17,698,Bangladesh
2021-05-18,1272,Bangladesh
2021-05-19,1608,Bangladesh
2021-05-20,1457,Bangladesh
2021-05-21,1504,Bangladesh
2021-05-22,1028,Bangladesh
2021-05-23,1354,Bangladesh
2021-05-24,1441,Bangladesh
2021-05-25,1675,Bangladesh
2021-05-26,1497,Bangladesh
2021-05-27,1292,Bangladesh
2021-05-28,1358,Bangladesh
2021-05-29,1043,Bangladesh
2021-05-30,1444,Bangladesh
2021-05-31,1710,Bangladesh
2021-06-01,1765,Bangladesh
2021-06-02,1988,Bangladesh
2021-06-03,1687,Bangladesh
2021-06-04,1887,Bangladesh
2021-06-05,1447,Bangladesh
2021-06-06,1676,Bangladesh
2021-06-07,1970,Bangladesh
2021-06-08,2322,Bangladesh
2021-06-09,2537,Bangladesh
2021-06-10,2576,Bangladesh
2021-06-11,2454,Bangladesh
2021-06-12,1637,Bangladesh
2021-06-13,2436,Bangladesh
2021-06-14,3050,Bangladesh
2021-06-15,3319,Bangladesh
2021-06-16,3956,Bangladesh
2021-06-17,3840,Bangladesh
2021-06-18,3883,Bangladesh
2021-06-19,3057,Bangladesh
2021-06-20,3641,Bangladesh
2021-06-21,4636,Bangladesh
2021-06-22,4846,Bangladesh
2021-06-23,5727,Bangladesh
2021-06-24,6058,Bangladesh
2021-06-25,5869,Bangladesh
2021-06-26,4334,Bangladesh
2021-06-27,5268,Bangladesh
2021-06-28,8364,Bangladesh
2021-06-29,7666,Bangladesh
2021-06-30,8822,Bangladesh
2021-07-01,8301,Bangladesh
2021-07-02,8483,Bangladesh
2021-07-03,6214,Bangladesh
2021-07-04,8661,Bangladesh
2021-07-05,9964,Bangladesh
2021-07-06,11525,Bangladesh
2021-07-07,11162,Bangladesh
2021-07-08,11651,Bangladesh
2021-07-09,11324,Bangladesh
2021-07-10,8772,Bangladesh
2021-07-11,11874,Bangladesh
2021-07-12,13768,Bangladesh
2021-07-13,12198,Bangladesh
2021-07-14,12383,Bangladesh
2021-07-15,12236,Bangladesh
2021-07-16,12148,Bangladesh
2021-07-17,8489,Bangladesh
2021-07-18,11578,Bangladesh
2021-07-19,13321,Bangladesh
2021-07-20,11579,Bangladesh
2021-07-21,7614,Bangladesh
2021-07-22,3697,Bangladesh
2021-07-23,6364,Bangladesh
2021-07-24,6780,Bangladesh
2021-07-25,11291,Bangladesh
2021-07-26,15192,Bangladesh
2021-07-27,14925,Bangladesh
2021-07-28,16230,Bangladesh
2021-07-29,15271,Bangladesh
2021-07-30,13862,Bangladesh
2021-07-31,9369,Bangladesh
2021-08-01,14844,Bangladesh
2021-08-02,15989,Bangladesh
2021-08-03,15776,Bangladesh
2021-08-04,13817,Bangladesh
2021-08-05,12744,Bangladesh
2021-08-06,12606,Bangladesh
2021-08-07,8136,Bangladesh
2021-08-08,10299,Bangladesh
2021-08-09,11463,Bangladesh
2021-08-10,11164,Bangladesh
2021-08-11,10420,Bangladesh
2021-08-12,10126,Bangladesh
2021-08-13,8465,Bangladesh
2021-08-14,6885,Bangladesh
2021-08-15,6684,Bangladesh
2021-08-16,6959,Bangladesh
2021-08-17,7535,Bangladesh
2021-08-18,7248,Bangladesh
2021-08-19,6566,Bangladesh
2021-08-20,5993,Bangladesh
2021-08-21,3991,Bangladesh
2021-08-22,4804,Bangladesh
2021-08-23,5717,Bangladesh
2021-08-24,5249,Bangladesh
2021-08-25,4966,Bangladesh
2021-08-26,4698,Bangladesh
2021-08-27,3525,Bangladesh
2021-08-28,3436,Bangladesh
2021-08-29,3948,Bangladesh
2021-08-30,3724,Bangladesh
2021-08-31,3357,Bangladesh
2021-09-01,3062,Bangladesh
2021-09-02,3436,Bangladesh
2021-09-03,3167,Bangladesh
2021-09-04,1743,Bangladesh
2021-09-05,2430,Bangladesh
2021-09-06,2710,Bangladesh
2021-09-07,2639,Bangladesh
2021-09-08,2497,Bangladesh
2021-09-09,2588,Bangladesh
2021-09-10,2325,Bangladesh
2021-09-11,1327,Bangladesh
2021-09-12,1871,Bangladesh
2021-09-13,1953,Bangladesh
2021-09-14,2074,Bangladesh
2021-09-15,1901,Bangladesh
2021-09-16,1862,Bangladesh
2021-09-17,1907,Bangladesh
2021-09-18,1190,Bangladesh
2021-09-19,1383,Bangladesh
2021-09-20,1555,Bangladesh
2021-09-21,1562,Bangladesh
2021-09-22,1376,Bangladesh
2021-09-23,1144,Bangladesh
2021-09-24,1233,Bangladesh
2021-09-25,818,Bangladesh
2021-09-26,980,Bangladesh
2021-09-27,1212,Bangladesh
2021-09-28,1310,Bangladesh
2021-09-29,1178,Bangladesh
2021-09-30,860,Bangladesh
2021-10-01,847,Bangladesh
2021-10-02,589,Bangladesh
2021-10-03,617,Bangladesh
2021-10-04,794,Bangladesh
2021-10-05,694,Bangladesh
2021-10-06,703,Bangladesh
2021-10-07,663,Bangladesh
2021-10-08,645,Bangladesh
2021-10-09,415,Bangladesh
2021-10-10,481,Bangladesh
2021-10-11,599,Bangladesh
2021-10-12,543,Bangladesh
2021-10-13,518,Bangladesh
2021-10-14,466,Bangladesh
2021-10-15,396,Bangladesh
2021-10-16,293,Bangladesh
2021-10-17,314,Bangladesh
2021-10-18,339,Bangladesh
2021-10-19,469,Bangladesh
2021-10-20,368,Bangladesh
2021-10-21,243,Bangladesh
2021-10-22,232,Bangladesh
2021-10-23,278,Bangladesh
2021-10-24,275,Bangladesh
2021-10-25,289,Bangladesh
2021-10-26,276,Bangladesh
2021-10-27,306,Bangladesh
2021-10-28,294,Bangladesh
2021-10-29,305,Bangladesh
2021-10-30,166,Bangladesh
2021-10-31,211,Bangladesh
2021-11-01,214,Bangladesh
2021-11-02,229,Bangladesh
2021-11-03,256,Bangladesh
2021-11-04,247,Bangladesh
2021-11-05,0,Bangladesh
2021-11-06,350,Bangladesh
2021-11-07,178,Bangladesh
2021-11-08,215,Bangladesh
2021-11-09,206,Bangladesh
2021-11-10,235,Bangladesh
2021-11-11,237,Bangladesh
2021-11-12,221,Bangladesh
2021-11-13,151,Bangladesh
2021-11-14,223,Bangladesh
2021-11-15,234,Bangladesh
2021-11-16,213,Bangladesh
2021-11-17,266,Bangladesh
2021-11-18,253,Bangladesh
2021-11-19,244,Bangladesh
2021-11-20,178,Bangladesh
2021-11-21,199,Bangladesh
2021-11-22,264,Bangladesh
2021-11-23,284,Bangladesh
2021-11-24,312,Bangladesh
2021-11-25,237,Bangladesh
2021-11-26,239,Bangladesh
2021-11-27,155,Bangladesh
2021-11-28,205,Bangladesh
2021-11-29,227,Bangladesh
2021-11-30,273,Bangladesh
2021-12-01,282,Bangladesh
2021-12-02,261,Bangladesh
2021-12-03,243,Bangladesh
2021-12-04,176,Bangladesh
2021-12-05,197,Bangladesh
2021-12-06,277,Bangladesh
2021-12-07,291,Bangladesh
2021-12-08,277,Bangladesh
2021-12-09,262,Bangladesh
2021-12-10,269,Bangladesh
2021-12-11,177,Bangladesh
2021-12-12,329,Bangladesh
2021-12-13,385,Bangladesh
2021-12-14,295,Bangladesh
2021-12-15,297,Bangladesh
2021-12-16,257,Bangladesh
2021-12-17,191,Bangladesh
2021-12-18,122,Bangladesh
2021-12-19,211,Bangladesh
2021-12-20,260,Bangladesh
2021-12-21,291,Bangladesh
2021-12-22,352,Bangladesh
2021-12-23,382,Bangladesh
2021-12-24,342,Bangladesh
2021-12-25,275,Bangladesh
2021-12-26,268,Bangladesh
2021-12-27,373,Bangladesh
2021-12-28,397,Bangladesh
2021-12-29,495,Bangladesh
2021-12-30,509,Bangladesh
2021-12-31,512,Bangladesh
2022-01-01,370,Bangladesh
2022-01-02,557,Bangladesh
2022-01-03,674,Bangladesh
2022-01-04,775,Bangladesh
2022-01-05,892,Bangladesh
2022-01-06,1140,Bangladesh
2022-01-07,1146,Bangladesh
2022-01-08,1116,Bangladesh
2022-01-09,1491,Bangladesh
2022-01-10,2231,Bangladesh
2022-01-11,2458,Bangladesh
2022-01-12,2916,Bangladesh
2022-01-13,3359,Bangladesh
2022-01-14,4378,Bangladesh
2022-01-15,3447,Bangladesh
2022-01-16,5222,Bangladesh
2022-01-17,6676,Bangladesh
2022-01-18,8407,Bangladesh
2022-01-19,9500,Bangladesh
2022-01-20,10888,Bangladesh
2022-01-21,11434,Bangladesh
2022-01-22,9614,Bangladesh
2022-01-23,10906,Bangladesh
2022-01-24,14828,Bangladesh
2022-01-25,16033,Bangladesh
2022-01-26,15527,Bangladesh
2022-01-27,15807,Bangladesh
2022-01-28,15440,Bangladesh
2022-01-29,10378,Bangladesh
2022-01-30,12183,Bangladesh
2022-01-31,13501,Bangladesh
2022-02-01,13154,Bangladesh
2022-02-02,12193,Bangladesh
2022-02-03,11596,Bangladesh
2022-02-04,9052,Bangladesh
2022-02-05,8359,Bangladesh
2022-02-06,8345,Bangladesh
2022-02-07,9369,Bangladesh
2022-02-08,8354,Bangladesh
2022-02-09,8016,Bangladesh
2022-02-10,7264,Bangladesh
2022-02-11,5268,Bangladesh
2022-02-12,5023,Bangladesh
2022-02-13,4838,Bangladesh
2022-02-14,4692,Bangladesh
2022-02-15,4746,Bangladesh
2022-02-16,3929,Bangladesh
2022-02-17,3539,Bangladesh
2022-02-18,2584,Bangladesh
2022-02-19,2150,Bangladesh
2022-02-20,1987,Bangladesh
2022-02-21,1951,Bangladesh
2022-02-22,1595,Bangladesh
2022-02-23,1298,Bangladesh
2022-02-24,1516,Bangladesh
2022-02-25,1406,Bangladesh
2022-02-26,759,Bangladesh
2022-02-27,864,Bangladesh
2022-02-28,897,Bangladesh
2022-03-01,799,Bangladesh
2022-03-02,732,Bangladesh
2022-03-03,657,Bangladesh
2022-03-04,604,Bangladesh
2022-03-05,368,Bangladesh
2022-03-06,529,Bangladesh
2022-03-07,436,Bangladesh
2022-03-08,446,Bangladesh
2022-03-09,323,Bangladesh
2022-03-10,327,Bangladesh
2022-03-11,257,Bangladesh
2022-03-12,198,Bangladesh
2022-03-13,233,Bangladesh
2022-03-14,239,Bangladesh
2022-03-15,217,Bangladesh
2022-03-16,182,Bangladesh
2022-03-17,233,Bangladesh
2022-03-18,108,Bangladesh
2022-03-19,62,Bangladesh
2022-03-20,82,Bangladesh
2022-03-21,116,Bangladesh
2022-03-22,121,Bangladesh
2022-03-23,134,Bangladesh
2022-03-24,92,Bangladesh
2022-03-25,102,Bangladesh
2022-03-26,65,Bangladesh
2022-03-27,43,Bangladesh
2022-03-28,81,Bangladesh
2022-03-29,69,Bangladesh
2022-03-30,72,Bangladesh
2022-03-31,73,Bangladesh
2022-04-01,81,Bangladesh
2022-04-02,56,Bangladesh
2022-04-03,56,Bangladesh
2022-04-04,61,Bangladesh
2022-04-05,0,Bangladesh
2022-04-06,36,Bangladesh
2022-04-07,44,Bangladesh
2022-04-08,84,Bangladesh
2022-04-09,28,Bangladesh
2022-04-10,42,Bangladesh
2022-04-11,44,Bangladesh
2022-04-12,22,Bangladesh
2022-04-13,31,Bangladesh
2022-04-14,35,Bangladesh
2022-04-15,27,Bangladesh
2022-04-16,51,Bangladesh
2022-04-17,51,Bangladesh
2022-04-18,36,Bangladesh
2022-04-19,50,Bangladesh
2022-04-20,28,Bangladesh
2022-04-21,45,Bangladesh
2022-04-22,21,Bangladesh
2022-04-23,26,Bangladesh
2022-04-24,24,Bangladesh
2022-04-25,27,Bangladesh
2022-04-26,19,Bangladesh
2022-04-27,23,Bangladesh
2022-04-28,19,Bangladesh
2022-04-29,30,Bangladesh
2022-04-30,17,Bangladesh
2022-05-01,25,Bangladesh
2022-05-02,10,Bangladesh
2022-05-03,7,Bangladesh
2022-05-04,10,Bangladesh
2022-05-05,4,Bangladesh
2022-05-06,19,Bangladesh
2022-05-07,10,Bangladesh
2022-05-08,23,Bangladesh
2022-05-09,30,Bangladesh
2022-05-10,26,Bangladesh
2022-05-11,33,Bangladesh
2022-05-12,51,Bangladesh
2022-05-13,18,Bangladesh
2022-05-14,22,Bangladesh
2022-05-15,33,Bangladesh
2022-05-16,37,Bangladesh
2022-05-17,32,Bangladesh
2022-05-18,22,Bangladesh
2022-05-19,35,Bangladesh
2022-05-20,50,Bangladesh
2022-05-21,0,Bangladesh
2022-05-22,16,Bangladesh
2022-05-23,29,Bangladesh
2022-05-24,31,Bangladesh
2022-05-25,34,Bangladesh
2022-05-26,30,Bangladesh
2022-05-27,28,Bangladesh
2022-05-28,23,Bangladesh
2022-05-29,28,Bangladesh
2022-05-30,40,Bangladesh
2022-05-31,34,Bangladesh
2022-06-01,26,Bangladesh
2022-06-02,34,Bangladesh
2022-06-03,22,Bangladesh
2022-06-04,29,Bangladesh
2022-06-05,31,Bangladesh
2022-06-06,34,Bangladesh
2022-06-07,43,Bangladesh
2022-06-08,54,Bangladesh
2022-06-09,58,Bangladesh
2022-06-10,123,Bangladesh
2022-06-11,71,Bangladesh
2022-06-12,109,Bangladesh
2022-06-13,128,Bangladesh
2022-06-14,162,Bangladesh
2022-06-15,232,Bangladesh
2022-06-16,357,Bangladesh
2022-06-17,433,Bangladesh
2022-06-18,304,Bangladesh
2022-06-19,596,Bangladesh
2022-06-20,873,Bangladesh
2022-06-21,874,Bangladesh
2022-06-22,1135,Bangladesh
2022-06-23,1319,Bangladesh
2022-06-24,1685,Bangladesh
2022-06-25,1280,Bangladesh
2022-06-26,1680,Bangladesh
2022-06-27,2101,Bangladesh
2022-06-28,2087,Bangladesh
2022-06-29,2241,Bangladesh
2022-06-30,2183,Bangladesh
2022-07-01,1897,Bangladesh
2022-07-02,1105,Bangladesh
2022-07-03,1902,Bangladesh
2022-07-04,2285,Bangladesh
2022-07-05,1998,Bangladesh
2022-07-06,1728,Bangladesh
2022-07-07,1790,Bangladesh
2022-07-08,1611,Bangladesh
2022-07-09,939,Bangladesh
2022-07-10,814,Bangladesh
2022-07-11,521,Bangladesh
2022-07-12,656,Bangladesh
2022-07-13,1027,Bangladesh
2022-07-14,1324,Bangladesh
2022-07-15,1051,Bangladesh
2022-07-16,1007,Bangladesh
2022-07-17,900,Bangladesh
2022-07-18,1072,Bangladesh
2022-07-19,879,Bangladesh
2022-07-20,1104,Bangladesh
2022-07-21,884,Bangladesh
2022-07-22,620,Bangladesh
2022-07-23,446,Bangladesh
2022-07-24,430,Bangladesh
2022-07-25,548,Bangladesh
2022-07-26,621,Bangladesh
2022-07-27,626,Bangladesh
2022-07-28,618,Bangladesh
2022-07-29,355,Bangladesh
2022-07-30,349,Bangladesh
2022-07-31,365,Bangladesh
2022-08-01,349,Bangladesh
2022-08-02,387,Bangladesh
2022-08-03,375,Bangladesh
2022-08-04,278,Bangladesh
2022-08-05,253,Bangladesh
2022-08-06,220,Bangladesh
2022-08-07,216,Bangladesh
2022-08-08,296,Bangladesh
2022-08-09,239,Bangladesh
2022-08-10,198,Bangladesh
2022-08-11,214,Bangladesh
2022-08-12,218,Bangladesh
2022-08-13,144,Bangladesh
2022-08-14,226,Bangladesh
2022-08-15,259,Bangladesh
2022-08-16,93,Bangladesh
2022-08-17,212,Bangladesh
2022-08-18,170,Bangladesh
2022-08-19,93,Bangladesh
2022-08-20,100,Bangladesh
2022-08-21,173,Bangladesh
2022-08-22,178,Bangladesh
2022-08-23,175,Bangladesh
2022-08-24,167,Bangladesh
2022-08-25,258,Bangladesh
2022-08-26,196,Bangladesh
2022-08-27,156,Bangladesh
2022-08-28,217,Bangladesh
2022-08-29,243,Bangladesh
2022-08-30,172,Bangladesh
2022-08-31,214,Bangladesh
2022-09-01,216,Bangladesh
2022-09-02,214,Bangladesh
2022-09-03,155,Bangladesh
2022-09-04,230,Bangladesh
2022-09-05,333,Bangladesh
2022-09-06,313,Bangladesh
2022-09-07,282,Bangladesh
2022-09-08,388,Bangladesh
2022-09-09,278,Bangladesh
2022-09-10,222,Bangladesh
2022-09-11,310,Bangladesh
2022-09-12,421,Bangladesh
2022-09-13,435,Bangladesh
2022-09-14,402,Bangladesh
2022-09-15,438,Bangladesh
2022-09-16,363,Bangladesh
2022-09-17,141,Bangladesh
2022-09-18,527,Bangladesh
2022-09-19,601,Bangladesh
2022-09-20,614,Bangladesh
2022-09-21,641,Bangladesh
2022-09-22,678,Bangladesh
2022-09-23,620,Bangladesh
2022-09-24,350,Bangladesh
2022-09-25,572,Bangladesh
2022-09-26,718,Bangladesh
2022-09-27,737,Bangladesh
2022-09-28,665,Bangladesh
2022-09-29,679,Bangladesh
2022-09-30,708,Bangladesh
2022-10-01,480,Bangladesh
2022-10-02,535,Bangladesh
2022-10-03,696,Bangladesh
2022-10-04,657,Bangladesh
2022-10-05,549,Bangladesh
2022-10-06,410,Bangladesh
2022-10-07,491,Bangladesh
2022-10-08,299,Bangladesh
2022-10-09,409,Bangladesh
2022-10-10,367,Bangladesh
2022-10-11,460,Bangladesh
2022-10-12,456,Bangladesh
2022-10-13,445,Bangladesh
2022-10-14,346,Bangladesh
2022-10-15,295,Bangladesh
2022-10-16,351,Bangladesh
2022-10-17,389,Bangladesh
2022-10-18,287,Bangladesh
2022-10-19,300,Bangladesh
2022-10-20,243,Bangladesh
2020-03-02,0,Bhutan
2020-03-03,0,Bhutan
2020-03-04,0,Bhutan
2020-03-05,0,Bhutan
2020-03-06,0,Bhutan
2020-03-07,0,Bhutan
2020-03-08,0,Bhutan
2020-03-09,0,Bhutan
2020-03-10,0,Bhutan
2020-03-11,0,Bhutan
2020-03-12,0,Bhutan
2020-03-13,0,Bhutan
2020-03-14,0,Bhutan
2020-03-15,0,Bhutan
2020-03-16,0,Bhutan
2020-03-17,0,Bhutan
2020-03-18,0,Bhutan
2020-03-19,0,Bhutan
2020-03-20,1,Bhutan
2020-03-21,1,Bhutan
2020-03-22,0,Bhutan
2020-03-23,0,Bhutan
2020-03-24,0,Bhutan
2020-03-25,0,Bhutan
2020-03-26,1,Bhutan
2020-03-27,0,Bhutan
2020-03-28,0,Bhutan
2020-03-29,0,Bhutan
2020-03-30,1,Bhutan
2020-03-31,0,Bhutan
2020-04-01,0,Bhutan
2020-04-02,1,Bhutan
2020-04-03,0,Bhutan
2020-04-04,0,Bhutan
2020-04-05,0,Bhutan
2020-04-06,0,Bhutan
2020-04-07,0,Bhutan
2020-04-08,0,Bhutan
2020-04-09,0,Bhutan
2020-04-10,0,Bhutan
2020-04-11,0,Bhutan
2020-04-12,0,Bhutan
2020-04-13,0,Bhutan
2020-04-14,0,Bhutan
2020-04-15,0,Bhutan
2020-04-16,0,Bhutan
2020-04-17,0,Bhutan
2020-04-18,0,Bhutan
2020-04-19,0,Bhutan
2020-04-20,0,Bhutan
2020-04-21,1,Bhutan
2020-04-22,0,Bhutan
2020-04-23,1,Bhutan
2020-04-24,0,Bhutan
2020-04-25,0,Bhutan
2020-04-26,0,Bhutan
2020-04-27,0,Bhutan
2020-04-28,0,Bhutan
2020-04-29,0,Bhutan
2020-04-30,0,Bhutan
2020-05-01,0,Bhutan
2020-05-02,0,Bhutan
2020-05-03,0,Bhutan
2020-05-04,0,Bhutan
2020-05-05,0,Bhutan
2020-05-06,0,Bhutan
2020-05-07,0,Bhutan
2020-05-08,0,Bhutan
2020-05-09,0,Bhutan
2020-05-10,0,Bhutan
2020-05-11,2,Bhutan
2020-05-12,2,Bhutan
2020-05-13,4,Bhutan
2020-05-14,5,Bhutan
2020-05-15,1,Bhutan
2020-05-16,0,Bhutan
2020-05-17,0,Bhutan
2020-05-18,0,Bhutan
2020-05-19,0,Bhutan
2020-05-20,0,Bhutan
2020-05-21,3,Bhutan
2020-05-22,0,Bhutan
2020-05-23,3,Bhutan
2020-05-24,0,Bhutan
2020-05-25,0,Bhutan
2020-05-26,0,Bhutan
2020-05-27,1,Bhutan
2020-05-28,3,Bhutan
2020-05-29,2,Bhutan
2020-05-30,10,Bhutan
2020-05-31,0,Bhutan
2020-06-01,4,Bhutan
2020-06-02,0,Bhutan
2020-06-03,0,Bhutan
2020-06-04,1,Bhutan
2020-06-05,0,Bhutan
2020-06-06,0,Bhutan
2020-06-07,11,Bhutan
2020-06-08,0,Bhutan
2020-06-09,0,Bhutan
2020-06-10,3,Bhutan
2020-06-11,0,Bhutan
2020-06-12,0,Bhutan
2020-06-13,4,Bhutan
2020-06-14,0,Bhutan
2020-06-15,1,Bhutan
2020-06-16,0,Bhutan
2020-06-17,0,Bhutan
2020-06-18,0,Bhutan
2020-06-19,0,Bhutan
2020-06-20,1,Bhutan
2020-06-21,0,Bhutan
2020-06-22,1,Bhutan
2020-06-23,1,Bhutan
2020-06-24,0,Bhutan
2020-06-25,0,Bhutan
2020-06-26,0,Bhutan
2020-06-27,5,Bhutan
2020-06-28,1,Bhutan
2020-06-29,0,Bhutan
2020-06-30,1,Bhutan
2020-07-01,0,Bhutan
2020-07-02,0,Bhutan
2020-07-03,1,Bhutan
2020-07-04,0,Bhutan
2020-07-05,2,Bhutan
2020-07-06,0,Bhutan
2020-07-07,0,Bhutan
2020-07-08,0,Bhutan
2020-07-09,0,Bhutan
2020-07-10,2,Bhutan
2020-07-11,0,Bhutan
2020-07-12,2,Bhutan
2020-07-13,0,Bhutan
2020-07-14,0,Bhutan
2020-07-15,0,Bhutan
2020-07-16,2,Bhutan
2020-07-17,1,Bhutan
2020-07-18,0,Bhutan
2020-07-19,2,Bhutan
2020-07-20,1,Bhutan
2020-07-21,2,Bhutan
2020-07-22,0,Bhutan
2020-07-23,0,Bhutan
2020-07-24,0,Bhutan
2020-07-25,1,Bhutan
2020-07-26,2,Bhutan
2020-07-27,4,Bhutan
2020-07-28,0,Bhutan
2020-07-29,3,Bhutan
2020-07-30,0,Bhutan
2020-07-31,0,Bhutan
2020-08-01,0,Bhutan
2020-08-02,1,Bhutan
2020-08-03,0,Bhutan
2020-08-04,2,Bhutan
2020-08-05,0,Bhutan
2020-08-06,3,Bhutan
2020-08-07,0,Bhutan
2020-08-08,0,Bhutan
2020-08-09,2,Bhutan
2020-08-10,0,Bhutan
2020-08-11,3,Bhutan
2020-08-12,3,Bhutan
2020-08-13,12,Bhutan
2020-08-14,3,Bhutan
2020-08-15,2,Bhutan
2020-08-16,5,Bhutan
2020-08-17,3,Bhutan
2020-08-18,5,Bhutan
2020-08-19,1,Bhutan
2020-08-20,3,Bhutan
2020-08-21,3,Bhutan
2020-08-22,1,Bhutan
2020-08-23,1,Bhutan
2020-08-24,0,Bhutan
2020-08-25,1,Bhutan
2020-08-26,17,Bhutan
2020-08-27,10,Bhutan
2020-08-28,1,Bhutan
2020-08-29,11,Bhutan
2020-08-30,29,Bhutan
2020-08-31,1,Bhutan
2020-09-01,2,Bhutan
2020-09-02,0,Bhutan
2020-09-03,0,Bhutan
2020-09-04,1,Bhutan
2020-09-05,0,Bhutan
2020-09-06,2,Bhutan
2020-09-07,3,Bhutan
2020-09-08,1,Bhutan
2020-09-09,0,Bhutan
2020-09-10,4,Bhutan
2020-09-11,3,Bhutan
2020-09-12,3,Bhutan
2020-09-13,1,Bhutan
2020-09-14,1,Bhutan
2020-09-15,0,Bhutan
2020-09-16,0,Bhutan
2020-09-17,6,Bhutan
2020-09-18,6,Bhutan
2020-09-19,1,Bhutan
2020-09-20,2,Bhutan
2020-09-21,0,Bhutan
2020-09-22,0,Bhutan
2020-09-23,0,Bhutan
2020-09-24,2,Bhutan
2020-09-25,0,Bhutan
2020-09-26,8,Bhutan
2020-09-27,2,Bhutan
2020-09-28,7,Bhutan
2020-09-29,1,Bhutan
2020-09-30,1,Bhutan
2020-10-01,0,Bhutan
2020-10-02,1,Bhutan
2020-10-03,0,Bhutan
2020-10-04,15,Bhutan
2020-10-05,1,Bhutan
2020-10-06,1,Bhutan
2020-10-07,4,Bhutan
2020-10-08,0,Bhutan
2020-10-09,2,Bhutan
2020-10-10,0,Bhutan
2020-10-11,3,Bhutan
2020-10-12,0,Bhutan
2020-10-13,4,Bhutan
2020-10-14,3,Bhutan
2020-10-15,0,Bhutan
2020-10-16,0,Bhutan
2020-10-17,0,Bhutan
2020-10-18,9,Bhutan
2020-10-19,2,Bhutan
2020-10-20,3,Bhutan
2020-10-21,1,Bhutan
2020-10-22,1,Bhutan
2020-10-23,4,Bhutan
2020-10-24,0,Bhutan
2020-10-25,4,Bhutan
2020-10-26,2,Bhutan
2020-10-27,0,Bhutan
2020-10-28,3,Bhutan
2020-10-29,1,Bhutan
2020-10-30,0,Bhutan
2020-10-31,2,Bhutan
2020-11-01,1,Bhutan
2020-11-02,5,Bhutan
2020-11-03,2,Bhutan
2020-11-04,2,Bhutan
2020-11-05,0,Bhutan
2020-11-06,0,Bhutan
2020-11-07,0,Bhutan
2020-11-08,1,Bhutan
2020-11-09,0,Bhutan
2020-11-10,5,Bhutan
2020-11-11,0,Bhutan
2020-11-12,0,Bhutan
2020-11-13,5,Bhutan
2020-11-14,0,Bhutan
2020-11-15,6,Bhutan
2020-11-16,0,Bhutan
2020-11-17,2,Bhutan
2020-11-18,1,Bhutan
2020-11-19,0,Bhutan
2020-11-20,0,Bhutan
2020-11-21,0,Bhutan
2020-11-22,1,Bhutan
2020-11-23,3,Bhutan
2020-11-24,4,Bhutan
2020-11-25,0,Bhutan
2020-11-26,0,Bhutan
2020-11-27,3,Bhutan
2020-11-28,6,Bhutan
2020-11-29,1,Bhutan
2020-11-30,0,Bhutan
2020-12-01,14,Bhutan
2020-12-02,4,Bhutan
2020-12-03,1,Bhutan
2020-12-04,3,Bhutan
2020-12-05,6,Bhutan
2020-12-06,2,Bhutan
2020-12-07,4,Bhutan
2020-12-08,2,Bhutan
2020-12-09,1,Bhutan
2020-12-10,0,Bhutan
2020-12-11,1,Bhutan
2020-12-12,2,Bhutan
2020-12-13,1,Bhutan
2020-12-14,1,Bhutan
2020-12-15,0,Bhutan
2020-12-16,1,Bhutan
2020-12-17,1,Bhutan
2020-12-18,2,Bhutan
2020-12-19,1,Bhutan
2020-12-20,3,Bhutan
2020-12-21,21,Bhutan
2020-12-22,12,Bhutan
2020-12-23,3,Bhutan
2020-12-24,37,Bhutan
2020-12-25,22,Bhutan
2020-12-26,35,Bhutan
2020-12-27,21,Bhutan
2020-12-28,26,Bhutan
2020-12-29,13,Bhutan
2020-12-30,19,Bhutan
2020-12-31,15,Bhutan
2021-01-01,19,Bhutan
2021-01-02,21,Bhutan
2021-01-03,6,Bhutan
2021-01-04,18,Bhutan
2021-01-05,0,Bhutan
2021-01-06,21,Bhutan
2021-01-07,12,Bhutan
2021-01-08,4,Bhutan
2021-01-09,39,Bhutan
2021-01-10,3,Bhutan
2021-01-11,12,Bhutan
2021-01-12,6,Bhutan
2021-01-13,2,Bhutan
2021-01-14,1,Bhutan
2021-01-15,3,Bhutan
2021-01-16,5,Bhutan
2021-01-17,0,Bhutan
2021-01-18,1,Bhutan
2021-01-19,5,Bhutan
2021-01-20,2,Bhutan
2021-01-21,1,Bhutan
2021-01-22,0,Bhutan
2021-01-23,3,Bhutan
2021-01-24,1,Bhutan
2021-01-25,1,Bhutan
2021-01-26,0,Bhutan
2021-01-27,0,Bhutan
2021-01-28,1,Bhutan
2021-01-29,1,Bhutan
2021-01-30,0,Bhutan
2021-01-31,1,Bhutan
2021-02-01,0,Bhutan
2021-02-02,0,Bhutan
2021-02-03,0,Bhutan
2021-02-04,0,Bhutan
2021-02-05,2,Bhutan
2021-02-06,0,Bhutan
2021-02-07,0,Bhutan
2021-02-08,0,Bhutan
2021-02-09,0,Bhutan
2021-02-10,0,Bhutan
2021-02-11,0,Bhutan
2021-02-12,2,Bhutan
2021-02-13,0,Bhutan
2021-02-14,1,Bhutan
2021-02-15,2,Bhutan
2021-02-16,0,Bhutan
2021-02-17,0,Bhutan
2021-02-18,0,Bhutan
2021-02-19,0,Bhutan
2021-02-20,0,Bhutan
2021-02-21,0,Bhutan
2021-02-22,0,Bhutan
2021-02-23,1,Bhutan
2021-02-24,0,Bhutan
2021-02-25,0,Bhutan
2021-02-26,0,Bhutan
2021-02-27,0,Bhutan
2021-02-28,0,Bhutan
2021-03-01,0,Bhutan
2021-03-02,0,Bhutan
2021-03-03,0,Bhutan
2021-03-04,0,Bhutan
2021-03-05,0,Bhutan
2021-03-06,1,Bhutan
2021-03-07,0,Bhutan
2021-03-08,0,Bhutan
2021-03-09,0,Bhutan
2021-03-10,0,Bhutan
2021-03-11,0,Bhutan
2021-03-12,0,Bhutan
2021-03-13,0,Bhutan
2021-03-14,0,Bhutan
2021-03-15,0,Bhutan
2021-03-16,0,Bhutan
2021-03-17,0,Bhutan
2021-03-18,0,Bhutan
2021-03-19,0,Bhutan
2021-03-20,1,Bhutan
2021-03-21,0,Bhutan
2021-03-22,0,Bhutan
2021-03-23,0,Bhutan
2021-03-24,1,Bhutan
2021-03-25,0,Bhutan
2021-03-26,0,Bhutan
2021-03-27,1,Bhutan
2021-03-28,1,Bhutan
2021-03-29,0,Bhutan
2021-03-30,0,Bhutan
2021-03-31,1,Bhutan
2021-04-01,13,Bhutan
2021-04-02,3,Bhutan
2021-04-03,2,Bhutan
2021-04-04,0,Bhutan
2021-04-05,0,Bhutan
2021-04-06,5,Bhutan
2021-04-07,4,Bhutan
2021-04-08,0,Bhutan
2021-04-09,6,Bhutan
2021-04-10,4,Bhutan
2021-04-11,8,Bhutan
2021-04-12,3,Bhutan
2021-04-13,6,Bhutan
2021-04-14,2,Bhutan
2021-04-15,5,Bhutan
2021-04-16,7,Bhutan
2021-04-17,11,Bhutan
2021-04-18,5,Bhutan
2021-04-19,4,Bhutan
2021-04-20,5,Bhutan
2021-04-21,20,Bhutan
2021-04-22,6,Bhutan
2021-04-23,16,Bhutan
2021-04-24,10,Bhutan
2021-04-25,4,Bhutan
2021-04-26,4,Bhutan
2021-04-27,27,Bhutan
2021-04-28,6,Bhutan
2021-04-29,7,Bhutan
2021-04-30,8,Bhutan
2021-05-01,32,Bhutan
2021-05-02,5,Bhutan
2021-05-03,8,Bhutan
2021-05-04,16,Bhutan
2021-05-05,9,Bhutan
2021-05-06,17,Bhutan
2021-05-07,29,Bhutan
2021-05-08,12,Bhutan
2021-05-09,19,Bhutan
2021-05-10,20,Bhutan
2021-05-11,6,Bhutan
2021-05-12,10,Bhutan
2021-05-13,6,Bhutan
2021-05-14,13,Bhutan
2021-05-15,3,Bhutan
2021-05-16,7,Bhutan
2021-05-17,10,Bhutan
2021-05-18,13,Bhutan
2021-05-19,13,Bhutan
2021-05-20,16,Bhutan
2021-05-21,36,Bhutan
2021-05-22,18,Bhutan
2021-05-23,2,Bhutan
2021-05-24,17,Bhutan
2021-05-25,12,Bhutan
2021-05-26,41,Bhutan
2021-05-27,27,Bhutan
2021-05-28,12,Bhutan
2021-05-29,100,Bhutan
2021-05-30,9,Bhutan
2021-05-31,8,Bhutan
2021-06-01,12,Bhutan
2021-06-02,7,Bhutan
2021-06-03,15,Bhutan
2021-06-04,15,Bhutan
2021-06-05,13,Bhutan
2021-06-06,5,Bhutan
2021-06-07,16,Bhutan
2021-06-08,21,Bhutan
2021-06-09,15,Bhutan
2021-06-10,30,Bhutan
2021-06-11,20,Bhutan
2021-06-12,19,Bhutan
2021-06-13,5,Bhutan
2021-06-14,13,Bhutan
2021-06-15,16,Bhutan
2021-06-16,12,Bhutan
2021-06-17,28,Bhutan
2021-06-18,7,Bhutan
2021-06-19,14,Bhutan
2021-06-20,21,Bhutan
2021-06-21,15,Bhutan
2021-06-22,24,Bhutan
2021-06-23,7,Bhutan
2021-06-24,36,Bhutan
2021-06-25,7,Bhutan
2021-06-26,14,Bhutan
2021-06-27,25,Bhutan
2021-06-28,10,Bhutan
2021-06-29,14,Bhutan
2021-06-30,24,Bhutan
2021-07-01,4,Bhutan
2021-07-02,18,Bhutan
2021-07-03,11,Bhutan
2021-07-04,26,Bhutan
2021-07-05,10,Bhutan
2021-07-06,41,Bhutan
2021-07-07,39,Bhutan
2021-07-08,3,Bhutan
2021-07-09,6,Bhutan
2021-07-10,8,Bhutan
2021-07-11,9,Bhutan
2021-07-12,15,Bhutan
2021-07-13,34,Bhutan
2021-07-14,46,Bhutan
2021-07-15,10,Bhutan
2021-07-16,18,Bhutan
2021-07-17,13,Bhutan
2021-07-18,10,Bhutan
2021-07-19,6,Bhutan
2021-07-20,28,Bhutan
2021-07-21,1,Bhutan
2021-07-22,2,Bhutan
2021-07-23,12,Bhutan
2021-07-24,12,Bhutan
2021-07-25,4,Bhutan
2021-07-26,3,Bhutan
2021-07-27,11,Bhutan
2021-07-28,1,Bhutan
2021-07-29,5,Bhutan
2021-07-30,2,Bhutan
2021-07-31,7,Bhutan
2021-08-01,3,Bhutan
2021-08-02,6,Bhutan
2021-08-03,8,Bhutan
2021-08-04,8,Bhutan
2021-08-05,3,Bhutan
2021-08-06,1,Bhutan
2021-08-07,0,Bhutan
2021-08-08,0,Bhutan
2021-08-09,2,Bhutan
2021-08-10,4,Bhutan
2021-08-11,1,Bhutan
2021-08-12,2,Bhutan
2021-08-13,13,Bhutan
2021-08-14,4,Bhutan
2021-08-15,1,Bhutan
2021-08-16,6,Bhutan
2021-08-17,0,Bhutan
2021-08-18,0,Bhutan
2021-08-19,3,Bhutan
2021-08-20,0,Bhutan
2021-08-21,5,Bhutan
2021-08-22,0,Bhutan
2021-08-23,0,Bhutan
2021-08-24,6,Bhutan
2021-08-25,0,Bhutan
2021-08-26,0,Bhutan
2021-08-27,1,Bhutan
2021-08-28,2,Bhutan
2021-08-29,0,Bhutan
2021-08-30,1,Bhutan
2021-08-31,1,Bhutan
2021-09-01,0,Bhutan
2021-09-02,0,Bhutan
2021-09-03,0,Bhutan
2021-09-04,0,Bhutan
2021-09-05,0,Bhutan
2021-09-06,0,Bhutan
2021-09-07,0,Bhutan
2021-09-08,0,Bhutan
2021-09-09,0,Bhutan
2021-09-10,0,Bhutan
2021-09-11,0,Bhutan
2021-09-12,0,Bhutan
2021-09-13,0,Bhutan
2021-09-14,0,Bhutan
2021-09-15,0,Bhutan
2021-09-16,0,Bhutan
2021-09-17,0,Bhutan
2021-09-18,1,Bhutan
2021-09-19,0,Bhutan
2021-09-20,0,Bhutan
2021-09-21,2,Bhutan
2021-09-22,0,Bhutan
2021-09-23,0,Bhutan
2021-09-24,0,Bhutan
2021-09-25,0,Bhutan
2021-09-26,0,Bhutan
2021-09-27,0,Bhutan
2021-09-28,1,Bhutan
2021-09-29,1,Bhutan
2021-09-30,0,Bhutan
2021-10-01,0,Bhutan
2021-10-02,0,Bhutan
2021-10-03,7,Bhutan
2021-10-04,0,Bhutan
2021-10-05,5,Bhutan
2021-10-06,0,Bhutan
2021-10-07,0,Bhutan
2021-10-08,0,Bhutan
2021-10-09,0,Bhutan
2021-10-10,0,Bhutan
2021-10-11,0,Bhutan
2021-10-12,0,Bhutan
2021-10-13,2,Bhutan
2021-10-14,1,Bhutan
2021-10-15,1,Bhutan
2021-10-16,0,Bhutan
2021-10-17,0,Bhutan
2021-10-18,0,Bhutan
2021-10-19,0,Bhutan
2021-10-20,0,Bhutan
2021-10-21,0,Bhutan
2021-10-22,0,Bhutan
2021-10-23,0,Bhutan
2021-10-24,0,Bhutan
2021-10-25,0,Bhutan
2021-10-26,0,Bhutan
2021-10-27,3,Bhutan
2021-10-28,1,Bhutan
2021-10-29,0,Bhutan
2021-10-30,0,Bhutan
2021-10-31,0,Bhutan
2021-11-01,0,Bhutan
2021-11-02,0,Bhutan
2021-11-03,1,Bhutan
2021-11-04,0,Bhutan
2021-11-05,1,Bhutan
2021-11-06,0,Bhutan
2021-11-07,0,Bhutan
2021-11-08,0,Bhutan
2021-11-09,0,Bhutan
2021-11-10,0,Bhutan
2021-11-11,0,Bhutan
2021-11-12,0,Bhutan
2021-11-13,2,Bhutan
2021-11-14,0,Bhutan
2021-11-15,0,Bhutan
2021-11-16,0,Bhutan
2021-11-17,4,Bhutan
2021-11-18,0,Bhutan
2021-11-19,3,Bhutan
2021-11-20,0,Bhutan
2021-11-21,0,Bhutan
2021-11-22,0,Bhutan
2021-11-23,1,Bhutan
2021-11-24,0,Bhutan
2021-11-25,0,Bhutan
2021-11-26,1,Bhutan
2021-11-27,2,Bhutan
2021-11-28,4,Bhutan
2021-11-29,0,Bhutan
2021-11-30,0,Bhutan
2021-12-01,0,Bhutan
2021-12-02,0,Bhutan
2021-12-03,0,Bhutan
2021-12-04,1,Bhutan
2021-12-05,0,Bhutan
2021-12-06,0,Bhutan
2021-12-07,0,Bhutan
2021-12-08,1,Bhutan
2021-12-09,6,Bhutan
2021-12-10,1,Bhutan
2021-12-11,0,Bhutan
2021-12-12,0,Bhutan
2021-12-13,0,Bhutan
2021-12-14,3,Bhutan
2021-12-15,0,Bhutan
2021-12-16,0,Bhutan
2021-12-17,4,Bhutan
2021-12-18,0,Bhutan
2021-12-19,1,Bhutan
2021-12-20,0,Bhutan
2021-12-21,1,Bhutan
2021-12-22,1,Bhutan
2021-12-23,0,Bhutan
2021-12-24,0,Bhutan
2021-12-25,0,Bhutan
2021-12-26,1,Bhutan
2021-12-27,0,Bhutan
2021-12-28,0,Bhutan
2021-12-29,0,Bhutan
2021-12-30,0,Bhutan
2021-12-31,0,Bhutan
2022-01-01,0,Bhutan
2022-01-02,0,Bhutan
2022-01-03,4,Bhutan
2022-01-04,2,Bhutan
2022-01-05,3,Bhutan
2022-01-06,2,Bhutan
2022-01-07,82,Bhutan
2022-01-08,7,Bhutan
2022-01-09,21,Bhutan
2022-01-10,21,Bhutan
2022-01-11,28,Bhutan
2022-01-12,7,Bhutan
2022-01-13,36,Bhutan
2022-01-14,13,Bhutan
2022-01-15,18,Bhutan
2022-01-16,24,Bhutan
2022-01-17,141,Bhutan
2022-01-18,101,Bhutan
2022-01-19,59,Bhutan
2022-01-20,88,Bhutan
2022-01-21,141,Bhutan
2022-01-22,99,Bhutan
2022-01-23,92,Bhutan
2022-01-24,162,Bhutan
2022-01-25,140,Bhutan
2022-01-26,138,Bhutan
2022-01-27,136,Bhutan
2022-01-28,205,Bhutan
2022-01-29,136,Bhutan
2022-01-30,119,Bhutan
2022-01-31,206,Bhutan
2022-02-01,312,Bhutan
2022-02-02,190,Bhutan
2022-02-03,139,Bhutan
2022-02-04,188,Bhutan
2022-02-05,214,Bhutan
2022-02-06,158,Bhutan
2022-02-07,208,Bhutan
2022-02-08,159,Bhutan
2022-02-09,189,Bhutan
2022-02-10,131,Bhutan
2022-02-11,185,Bhutan
2022-02-12,235,Bhutan
2022-02-13,230,Bhutan
2022-02-14,237,Bhutan
2022-02-15,250,Bhutan
2022-02-16,381,Bhutan
2022-02-17,386,Bhutan
2022-02-18,527,Bhutan
2022-02-19,347,Bhutan
2022-02-20,521,Bhutan
2022-02-21,34,Bhutan
2022-02-22,84,Bhutan
2022-02-23,318,Bhutan
2022-02-24,496,Bhutan
2022-02-25,359,Bhutan
2022-02-26,451,Bhutan
2022-02-27,374,Bhutan
2022-02-28,508,Bhutan
2022-03-01,435,Bhutan
2022-03-02,398,Bhutan
2022-03-03,311,Bhutan
2022-03-04,274,Bhutan
2022-03-05,331,Bhutan
2022-03-06,347,Bhutan
2022-03-07,321,Bhutan
2022-03-08,441,Bhutan
2022-03-09,386,Bhutan
2022-03-10,331,Bhutan
2022-03-11,389,Bhutan
2022-03-12,484,Bhutan
2022-03-13,470,Bhutan
2022-03-14,1032,Bhutan
2022-03-15,783,Bhutan
2022-03-16,681,Bhutan
2022-03-17,606,Bhutan
2022-03-18,588,Bhutan
2022-03-19,350,Bhutan
2022-03-20,344,Bhutan
2022-03-21,381,Bhutan
2022-03-22,240,Bhutan
2022-03-23,530,Bhutan
2022-03-24,659,Bhutan
2022-03-25,502,Bhutan
2022-03-26,445,Bhutan
2022-03-27,319,Bhutan
2022-03-28,780,Bhutan
2022-03-29,16,Bhutan
2022-03-30,1087,Bhutan
2022-03-31,1138,Bhutan
2022-04-01,1038,Bhutan
2022-04-02,914,Bhutan
2022-04-03,1384,Bhutan
2022-04-04,490,Bhutan
2022-04-05,1219,Bhutan
2022-04-06,2291,Bhutan
2022-04-07,1612,Bhutan
2022-04-08,1872,Bhutan
2022-04-09,1708,Bhutan
2022-04-10,1593,Bhutan
2022-04-11,634,Bhutan
2022-04-12,2200,Bhutan
2022-04-13,2131,Bhutan
2022-04-14,1879,Bhutan
2022-04-15,1367,Bhutan
2022-04-16,1367,Bhutan
2022-04-17,996,Bhutan
2022-04-18,308,Bhutan
2022-04-19,1488,Bhutan
2022-04-20,1014,Bhutan
2022-04-21,695,Bhutan
2022-04-22,302,Bhutan
2022-04-23,737,Bhutan
2022-04-24,431,Bhutan
2022-04-25,138,Bhutan
2022-04-26,464,Bhutan
2022-04-27,270,Bhutan
2022-04-28,233,Bhutan
2022-04-29,178,Bhutan
2022-04-30,109,Bhutan
2022-05-01,56,Bhutan
2022-05-02,28,Bhutan
2022-05-03,27,Bhutan
2022-05-04,84,Bhutan
2022-05-05,64,Bhutan
2022-05-06,28,Bhutan
2022-05-07,33,Bhutan
2022-05-08,14,Bhutan
2022-05-09,15,Bhutan
2022-05-10,18,Bhutan
2022-05-11,10,Bhutan
2022-05-12,12,Bhutan
2022-05-13,12,Bhutan
2022-05-14,2,Bhutan
2022-05-15,4,Bhutan
2022-05-16,4,Bhutan
2022-05-17,11,Bhutan
2022-05-18,8,Bhutan
2022-05-19,10,Bhutan
2022-05-20,3,Bhutan
2022-05-21,2,Bhutan
2022-05-22,4,Bhutan
2022-05-23,2,Bhutan
2022-05-24,3,Bhutan
2022-05-25,2,Bhutan
2022-05-26,0,Bhutan
2022-05-27,2,Bhutan
2022-05-28,3,Bhutan
2022-05-29,1,Bhutan
2022-05-30,3,Bhutan
2022-05-31,0,Bhutan
2022-06-01,2,Bhutan
2022-06-02,0,Bhutan
2022-06-03,1,Bhutan
2022-06-04,2,Bhutan
2022-06-05,3,Bhutan
2022-06-06,0,Bhutan
2022-06-07,1,Bhutan
2022-06-08,2,Bhutan
2022-06-09,0,Bhutan
2022-06-10,3,Bhutan
2022-06-11,1,Bhutan
2022-06-12,0,Bhutan
2022-06-13,1,Bhutan
2022-06-14,4,Bhutan
2022-06-15,0,Bhutan
2022-06-16,2,Bhutan
2022-06-17,5,Bhutan
2022-06-18,0,Bhutan
2022-06-19,6,Bhutan
2022-06-20,13,Bhutan
2022-06-21,4,Bhutan
2022-06-22,7,Bhutan
2022-06-23,5,Bhutan
2022-06-24,6,Bhutan
2022-06-25,3,Bhutan
2022-06-26,10,Bhutan
2022-06-27,20,Bhutan
2022-06-28,22,Bhutan
2022-06-29,8,Bhutan
2022-06-30,12,Bhutan
2022-07-01,16,Bhutan
2022-07-02,14,Bhutan
2022-07-03,11,Bhutan
2022-07-04,12,Bhutan
2022-07-05,12,Bhutan
2022-07-06,8,Bhutan
2022-07-07,22,Bhutan
2022-07-08,24,Bhutan
2022-07-09,23,Bhutan
2022-07-10,27,Bhutan
2022-07-11,16,Bhutan
2022-07-12,9,Bhutan
2022-07-13,17,Bhutan
2022-07-14,14,Bhutan
2022-07-15,38,Bhutan
2022-07-16,28,Bhutan
2022-07-17,45,Bhutan
2022-07-18,19,Bhutan
2022-07-19,35,Bhutan
2022-07-20,29,Bhutan
2022-07-21,61,Bhutan
2022-07-22,41,Bhutan
2022-07-23,43,Bhutan
2022-07-24,33,Bhutan
2022-07-25,17,Bhutan
2022-07-26,24,Bhutan
2022-07-27,34,Bhutan
2022-07-28,29,Bhutan
2022-07-29,28,Bhutan
2022-07-30,28,Bhutan
2022-07-31,2,Bhutan
2022-08-01,17,Bhutan
2022-08-02,12,Bhutan
2022-08-03,13,Bhutan
2022-08-04,18,Bhutan
2022-08-05,38,Bhutan
2022-08-06,19,Bhutan
2022-08-07,16,Bhutan
2022-08-08,15,Bhutan
2022-08-09,8,Bhutan
2022-08-10,16,Bhutan
2022-08-11,33,Bhutan
2022-08-12,24,Bhutan
2022-08-13,16,Bhutan
2022-08-14,4,Bhutan
2022-08-15,12,Bhutan
2022-08-16,21,Bhutan
2022-08-17,15,Bhutan
2022-08-18,24,Bhutan
2022-08-19,22,Bhutan
2022-08-20,14,Bhutan
2022-08-21,11,Bhutan
2022-08-22,10,Bhutan
2022-08-23,31,Bhutan
2022-08-24,35,Bhutan
2022-08-25,18,Bhutan
2022-08-26,33,Bhutan
2022-08-27,34,Bhutan
2022-08-28,17,Bhutan
2022-08-29,10,Bhutan
2022-08-30,29,Bhutan
2022-08-31,28,Bhutan
2022-09-01,33,Bhutan
2022-09-02,13,Bhutan
2022-09-03,20,Bhutan
2022-09-04,24,Bhutan
2022-09-05,15,Bhutan
2022-09-06,24,Bhutan
2022-09-07,48,Bhutan
2022-09-08,29,Bhutan
2022-09-09,23,Bhutan
2022-09-10,28,Bhutan
2022-09-11,19,Bhutan
2022-09-12,10,Bhutan
2022-09-13,44,Bhutan
2022-09-14,46,Bhutan
2022-09-15,76,Bhutan
2022-09-16,54,Bhutan
2022-09-17,43,Bhutan
2022-09-18,38,Bhutan
2022-09-19,18,Bhutan
2022-09-20,62,Bhutan
2022-09-21,45,Bhutan
2022-09-22,55,Bhutan
2022-09-23,36,Bhutan
2022-09-24,4,Bhutan
2022-09-25,19,Bhutan
2022-09-26,0,Bhutan
2022-09-27,34,Bhutan
2022-09-28,26,Bhutan
2022-09-29,20,Bhutan
2022-09-30,26,Bhutan
2022-10-01,11,Bhutan
2022-10-02,9,Bhutan
2022-10-03,4,Bhutan
2022-10-04,34,Bhutan
2022-10-05,7,Bhutan
2022-10-06,1,Bhutan
2022-10-07,21,Bhutan
2022-10-08,31,Bhutan
2022-10-09,7,Bhutan
2022-10-10,2,Bhutan
2022-10-11,17,Bhutan
2022-10-12,29,Bhutan
2022-10-13,0,Bhutan
2022-10-14,0,Bhutan
2022-10-15,0,Bhutan
2022-10-16,0,Bhutan
2022-10-17,0,Bhutan
2022-10-18,0,Bhutan
2022-10-19,0,Bhutan
2022-10-20,0,Bhutan
2020-03-02,0,Brunei Darussalam
2020-03-03,0,Brunei Darussalam
2020-03-04,0,Brunei Darussalam
2020-03-05,0,Brunei Darussalam
2020-03-06,0,Brunei Darussalam
2020-03-07,0,Brunei Darussalam
2020-03-08,0,Brunei Darussalam
2020-03-09,0,Brunei Darussalam
2020-03-10,1,Brunei Darussalam
2020-03-11,5,Brunei Darussalam
2020-03-12,5,Brunei Darussalam
2020-03-13,14,Brunei Darussalam
2020-03-14,12,Brunei Darussalam
2020-03-15,3,Brunei Darussalam
2020-03-16,10,Brunei Darussalam
2020-03-17,4,Brunei Darussalam
2020-03-18,2,Brunei Darussalam
2020-03-19,12,Brunei Darussalam
2020-03-20,5,Brunei Darussalam
2020-03-21,5,Brunei Darussalam
2020-03-22,5,Brunei Darussalam
2020-03-23,5,Brunei Darussalam
2020-03-24,3,Brunei Darussalam
2020-03-25,13,Brunei Darussalam
2020-03-26,5,Brunei Darussalam
2020-03-27,5,Brunei Darussalam
2020-03-28,1,Brunei Darussalam
2020-03-29,5,Brunei Darussalam
2020-03-30,6,Brunei Darussalam
2020-03-31,1,Brunei Darussalam
2020-04-01,2,Brunei Darussalam
2020-04-02,2,Brunei Darussalam
2020-04-03,2,Brunei Darussalam
2020-04-04,1,Brunei Darussalam
2020-04-05,1,Brunei Darussalam
2020-04-06,0,Brunei Darussalam
2020-04-07,0,Brunei Darussalam
2020-04-08,0,Brunei Darussalam
2020-04-09,0,Brunei Darussalam
2020-04-10,0,Brunei Darussalam
2020-04-11,1,Brunei Darussalam
2020-04-12,0,Brunei Darussalam
2020-04-13,0,Brunei Darussalam
2020-04-14,0,Brunei Darussalam
2020-04-15,0,Brunei Darussalam
2020-04-16,0,Brunei Darussalam
2020-04-17,0,Brunei Darussalam
2020-04-18,0,Brunei Darussalam
2020-04-19,1,Brunei Darussalam
2020-04-20,1,Brunei Darussalam
2020-04-21,0,Brunei Darussalam
2020-04-22,0,Brunei Darussalam
2020-04-23,0,Brunei Darussalam
2020-04-24,0,Brunei Darussalam
2020-04-25,0,Brunei Darussalam
2020-04-26,0,Brunei Darussalam
2020-04-27,0,Brunei Darussalam
2020-04-28,0,Brunei Darussalam
2020-04-29,0,Brunei Darussalam
2020-04-30,0,Brunei Darussalam
2020-05-01,0,Brunei Darussalam
2020-05-02,0,Brunei Darussalam
2020-05-03,0,Brunei Darussalam
2020-05-04,0,Brunei Darussalam
2020-05-05,0,Brunei Darussalam
2020-05-06,0,Brunei Darussalam
2020-05-07,1,Brunei Darussalam
2020-05-08,2,Brunei Darussalam
2020-05-09,0,Brunei Darussalam
2020-05-10,0,Brunei Darussalam
2020-05-11,0,Brunei Darussalam
2020-05-12,0,Brunei Darussalam
2020-05-13,0,Brunei Darussalam
2020-05-14,0,Brunei Darussalam
2020-05-15,0,Brunei Darussalam
2020-05-16,0,Brunei Darussalam
2020-05-17,0,Brunei Darussalam
2020-05-18,0,Brunei Darussalam
2020-05-19,0,Brunei Darussalam
2020-05-20,0,Brunei Darussalam
2020-05-21,0,Brunei Darussalam
2020-05-22,0,Brunei Darussalam
2020-05-23,0,Brunei Darussalam
2020-05-24,0,Brunei Darussalam
2020-05-25,0,Brunei Darussalam
2020-05-26,0,Brunei Darussalam
2020-05-27,0,Brunei Darussalam
2020-05-28,0,Brunei Darussalam
2020-05-29,0,Brunei Darussalam
2020-05-30,0,Brunei Darussalam
2020-05-31,0,Brunei Darussalam
2020-06-01,0,Brunei Darussalam
2020-06-02,0,Brunei Darussalam
2020-06-03,0,Brunei Darussalam
2020-06-04,0,Brunei Darussalam
2020-06-05,0,Brunei Darussalam
2020-06-06,0,Brunei Darussalam
2020-06-07,0,Brunei Darussalam
2020-06-08,0,Brunei Darussalam
2020-06-09,0,Brunei Darussalam
2020-06-10,0,Brunei Darussalam
2020-06-11,0,Brunei Darussalam
2020-06-12,0,Brunei Darussalam
2020-06-13,0,Brunei Darussalam
2020-06-14,0,Brunei Darussalam
2020-06-15,0,Brunei Darussalam
2020-06-16,0,Brunei Darussalam
2020-06-17,0,Brunei Darussalam
2020-06-18,0,Brunei Darussalam
2020-06-19,0,Brunei Darussalam
2020-06-20,0,Brunei Darussalam
2020-06-21,0,Brunei Darussalam
2020-06-22,0,Brunei Darussalam
2020-06-23,0,Brunei Darussalam
2020-06-24,0,Brunei Darussalam
2020-06-25,0,Brunei Darussalam
2020-06-26,0,Brunei Darussalam
2020-06-27,0,Brunei Darussalam
2020-06-28,0,Brunei Darussalam
2020-06-29,0,Brunei Darussalam
2020-06-30,0,Brunei Darussalam
2020-07-01,0,Brunei Darussalam
2020-07-02,0,Brunei Darussalam
2020-07-03,0,Brunei Darussalam
2020-07-04,0,Brunei Darussalam
2020-07-05,0,Brunei Darussalam
2020-07-06,0,Brunei Darussalam
2020-07-07,0,Brunei Darussalam
2020-07-08,0,Brunei Darussalam
2020-07-09,0,Brunei Darussalam
2020-07-10,0,Brunei Darussalam
2020-07-11,0,Brunei Darussalam
2020-07-12,0,Brunei Darussalam
2020-07-13,0,Brunei Darussalam
2020-07-14,0,Brunei Darussalam
2020-07-15,0,Brunei Darussalam
2020-07-16,0,Brunei Darussalam
2020-07-17,0,Brunei Darussalam
2020-07-18,0,Brunei Darussalam
2020-07-19,0,Brunei Darussalam
2020-07-20,0,Brunei Darussalam
2020-07-21,0,Brunei Darussalam
2020-07-22,0,Brunei Darussalam
2020-07-23,0,Brunei Darussalam
2020-07-24,0,Brunei Darussalam
2020-07-25,0,Brunei Darussalam
2020-07-26,0,Brunei Darussalam
2020-07-27,0,Brunei Darussalam
2020-07-28,0,Brunei Darussalam
2020-07-29,0,Brunei Darussalam
2020-07-30,0,Brunei Darussalam
2020-07-31,0,Brunei Darussalam
2020-08-01,0,Brunei Darussalam
2020-08-02,0,Brunei Darussalam
2020-08-03,0,Brunei Darussalam
2020-08-04,0,Brunei Darussalam
2020-08-05,0,Brunei Darussalam
2020-08-06,0,Brunei Darussalam
2020-08-07,0,Brunei Darussalam
2020-08-08,1,Brunei Darussalam
2020-08-09,0,Brunei Darussalam
2020-08-10,0,Brunei Darussalam
2020-08-11,0,Brunei Darussalam
2020-08-12,0,Brunei Darussalam
2020-08-13,0,Brunei Darussalam
2020-08-14,0,Brunei Darussalam
2020-08-15,0,Brunei Darussalam
2020-08-16,0,Brunei Darussalam
2020-08-17,0,Brunei Darussalam
2020-08-18,0,Brunei Darussalam
2020-08-19,0,Brunei Darussalam
2020-08-20,1,Brunei Darussalam
2020-08-21,0,Brunei Darussalam
2020-08-22,0,Brunei Darussalam
2020-08-23,0,Brunei Darussalam
2020-08-24,0,Brunei Darussalam
2020-08-25,0,Brunei Darussalam
2020-08-26,1,Brunei Darussalam
2020-08-27,0,Brunei Darussalam
2020-08-28,0,Brunei Darussalam
2020-08-29,0,Brunei Darussalam
2020-08-30,0,Brunei Darussalam
2020-08-31,0,Brunei Darussalam
2020-09-01,0,Brunei Darussalam
2020-09-02,0,Brunei Darussalam
2020-09-03,0,Brunei Darussalam
2020-09-04,1,Brunei Darussalam
2020-09-05,0,Brunei Darussalam
2020-09-06,0,Brunei Darussalam
2020-09-07,0,Brunei Darussalam
2020-09-08,0,Brunei Darussalam
2020-09-09,0,Brunei Darussalam
2020-09-10,0,Brunei Darussalam
2020-09-11,0,Brunei Darussalam
2020-09-12,0,Brunei Darussalam
2020-09-13,0,Brunei Darussalam
2020-09-14,0,Brunei Darussalam
2020-09-15,0,Brunei Darussalam
2020-09-16,0,Brunei Darussalam
2020-09-17,0,Brunei Darussalam
2020-09-18,0,Brunei Darussalam
2020-09-19,0,Brunei Darussalam
2020-09-20,0,Brunei Darussalam
2020-09-21,0,Brunei Darussalam
2020-09-22,0,Brunei Darussalam
2020-09-23,0,Brunei Darussalam
2020-09-24,0,Brunei Darussalam
2020-09-25,1,Brunei Darussalam
2020-09-26,0,Brunei Darussalam
2020-09-27,0,Brunei Darussalam
2020-09-28,0,Brunei Darussalam
2020-09-29,0,Brunei Darussalam
2020-09-30,0,Brunei Darussalam
2020-10-01,0,Brunei Darussalam
2020-10-02,0,Brunei Darussalam
2020-10-03,0,Brunei Darussalam
2020-10-04,0,Brunei Darussalam
2020-10-05,0,Brunei Darussalam
2020-10-06,0,Brunei Darussalam
2020-10-07,0,Brunei Darussalam
2020-10-08,0,Brunei Darussalam
2020-10-09,0,Brunei Darussalam
2020-10-10,0,Brunei Darussalam
2020-10-11,0,Brunei Darussalam
2020-10-12,0,Brunei Darussalam
2020-10-13,0,Brunei Darussalam
2020-10-14,0,Brunei Darussalam
2020-10-15,1,Brunei Darussalam
2020-10-16,0,Brunei Darussalam
2020-10-17,0,Brunei Darussalam
2020-10-18,0,Brunei Darussalam
2020-10-19,0,Brunei Darussalam
2020-10-20,0,Brunei Darussalam
2020-10-21,0,Brunei Darussalam
2020-10-22,0,Brunei Darussalam
2020-10-23,1,Brunei Darussalam
2020-10-24,0,Brunei Darussalam
2020-10-25,0,Brunei Darussalam
2020-10-26,0,Brunei Darussalam
2020-10-27,0,Brunei Darussalam
2020-10-28,0,Brunei Darussalam
2020-10-29,0,Brunei Darussalam
2020-10-30,0,Brunei Darussalam
2020-10-31,0,Brunei Darussalam
2020-11-01,0,Brunei Darussalam
2020-11-02,0,Brunei Darussalam
2020-11-03,0,Brunei Darussalam
2020-11-04,0,Brunei Darussalam
2020-11-05,0,Brunei Darussalam
2020-11-06,0,Brunei Darussalam
2020-11-07,0,Brunei Darussalam
2020-11-08,0,Brunei Darussalam
2020-11-09,0,Brunei Darussalam
2020-11-10,0,Brunei Darussalam
2020-11-11,0,Brunei Darussalam
2020-11-12,0,Brunei Darussalam
2020-11-13,0,Brunei Darussalam
2020-11-14,0,Brunei Darussalam
2020-11-15,0,Brunei Darussalam
2020-11-16,0,Brunei Darussalam
2020-11-17,0,Brunei Darussalam
2020-11-18,0,Brunei Darussalam
2020-11-19,0,Brunei Darussalam
2020-11-20,0,Brunei Darussalam
2020-11-21,0,Brunei Darussalam
2020-11-22,0,Brunei Darussalam
2020-11-23,0,Brunei Darussalam
2020-11-24,1,Brunei Darussalam
2020-11-25,1,Brunei Darussalam
2020-11-26,0,Brunei Darussalam
2020-11-27,0,Brunei Darussalam
2020-11-28,0,Brunei Darussalam
2020-11-29,0,Brunei Darussalam
2020-11-30,0,Brunei Darussalam
2020-12-01,0,Brunei Darussalam
2020-12-02,1,Brunei Darussalam
2020-12-03,0,Brunei Darussalam
2020-12-04,0,Brunei Darussalam
2020-12-05,0,Brunei Darussalam
2020-12-06,0,Brunei Darussalam
2020-12-07,0,Brunei Darussalam
2020-12-08,0,Brunei Darussalam
2020-12-09,1,Brunei Darussalam
2020-12-10,0,Brunei Darussalam
2020-12-11,0,Brunei Darussalam
2020-12-12,0,Brunei Darussalam
2020-12-13,0,Brunei Darussalam
2020-12-14,0,Brunei Darussalam
2020-12-15,0,Brunei Darussalam
2020-12-16,0,Brunei Darussalam
2020-12-17,0,Brunei Darussalam
2020-12-18,0,Brunei Darussalam
2020-12-19,0,Brunei Darussalam
2020-12-20,0,Brunei Darussalam
2020-12-21,0,Brunei Darussalam
2020-12-22,0,Brunei Darussalam
2020-12-23,0,Brunei Darussalam
2020-12-24,0,Brunei Darussalam
2020-12-25,0,Brunei Darussalam
2020-12-26,0,Brunei Darussalam
2020-12-27,0,Brunei Darussalam
2020-12-28,0,Brunei Darussalam
2020-12-29,0,Brunei Darussalam
2020-12-30,0,Brunei Darussalam
2020-12-31,5,Brunei Darussalam
2021-01-01,0,Brunei Darussalam
2021-01-02,0,Brunei Darussalam
2021-01-03,15,Brunei Darussalam
2021-01-04,0,Brunei Darussalam
2021-01-05,0,Brunei Darussalam
2021-01-06,0,Brunei Darussalam
2021-01-07,1,Brunei Darussalam
2021-01-08,0,Brunei Darussalam
2021-01-09,0,Brunei Darussalam
2021-01-10,0,Brunei Darussalam
2021-01-11,0,Brunei Darussalam
2021-01-12,1,Brunei Darussalam
2021-01-13,0,Brunei Darussalam
2021-01-14,0,Brunei Darussalam
2021-01-15,0,Brunei Darussalam
2021-01-16,0,Brunei Darussalam
2021-01-17,0,Brunei Darussalam
2021-01-18,0,Brunei Darussalam
2021-01-19,0,Brunei Darussalam
2021-01-20,0,Brunei Darussalam
2021-01-21,0,Brunei Darussalam
2021-01-22,1,Brunei Darussalam
2021-01-23,0,Brunei Darussalam
2021-01-24,0,Brunei Darussalam
2021-01-25,0,Brunei Darussalam
2021-01-26,1,Brunei Darussalam
2021-01-27,0,Brunei Darussalam
2021-01-28,4,Brunei Darussalam
2021-01-29,0,Brunei Darussalam
2021-01-30,0,Brunei Darussalam
2021-01-31,0,Brunei Darussalam
2021-02-01,0,Brunei Darussalam
2021-02-02,0,Brunei Darussalam
2021-02-03,0,Brunei Darussalam
2021-02-04,0,Brunei Darussalam
2021-02-05,1,Brunei Darussalam
2021-02-06,0,Brunei Darussalam
2021-02-07,0,Brunei Darussalam
2021-02-08,1,Brunei Darussalam
2021-02-09,0,Brunei Darussalam
2021-02-10,1,Brunei Darussalam
2021-02-11,1,Brunei Darussalam
2021-02-12,0,Brunei Darussalam
2021-02-13,0,Brunei Darussalam
2021-02-14,0,Brunei Darussalam
2021-02-15,0,Brunei Darussalam
2021-02-16,0,Brunei Darussalam
2021-02-17,1,Brunei Darussalam
2021-02-18,0,Brunei Darussalam
2021-02-19,0,Brunei Darussalam
2021-02-20,0,Brunei Darussalam
2021-02-21,0,Brunei Darussalam
2021-02-22,0,Brunei Darussalam
2021-02-23,0,Brunei Darussalam
2021-02-24,0,Brunei Darussalam
2021-02-25,0,Brunei Darussalam
2021-02-26,1,Brunei Darussalam
2021-02-27,0,Brunei Darussalam
2021-02-28,0,Brunei Darussalam
2021-03-01,1,Brunei Darussalam
2021-03-02,0,Brunei Darussalam
2021-03-03,0,Brunei Darussalam
2021-03-04,1,Brunei Darussalam
2021-03-05,0,Brunei Darussalam
2021-03-06,1,Brunei Darussalam
2021-03-07,1,Brunei Darussalam
2021-03-08,0,Brunei Darussalam
2021-03-09,1,Brunei Darussalam
2021-03-10,1,Brunei Darussalam
2021-03-11,0,Brunei Darussalam
2021-03-12,0,Brunei Darussalam
2021-03-13,0,Brunei Darussalam
2021-03-14,7,Brunei Darussalam
2021-03-15,0,Brunei Darussalam
2021-03-16,3,Brunei Darussalam
2021-03-17,1,Brunei Darussalam
2021-03-18,0,Brunei Darussalam
2021-03-19,0,Brunei Darussalam
2021-03-20,2,Brunei Darussalam
2021-03-21,1,Brunei Darussalam
2021-03-22,0,Brunei Darussalam
2021-03-23,0,Brunei Darussalam
2021-03-24,0,Brunei Darussalam
2021-03-25,0,Brunei Darussalam
2021-03-26,0,Brunei Darussalam
2021-03-27,0,Brunei Darussalam
2021-03-28,1,Brunei Darussalam
2021-03-29,0,Brunei Darussalam
2021-03-30,3,Brunei Darussalam
2021-03-31,2,Brunei Darussalam
2021-04-01,1,Brunei Darussalam
2021-04-02,0,Brunei Darussalam
2021-04-03,1,Brunei Darussalam
2021-04-04,0,Brunei Darussalam
2021-04-05,0,Brunei Darussalam
2021-04-06,0,Brunei Darussalam
2021-04-07,1,Brunei Darussalam
2021-04-08,1,Brunei Darussalam
2021-04-09,3,Brunei Darussalam
2021-04-10,0,Brunei Darussalam
2021-04-11,0,Brunei Darussalam
2021-04-12,0,Brunei Darussalam
2021-04-13,0,Brunei Darussalam
2021-04-14,2,Brunei Darussalam
2021-04-15,0,Brunei Darussalam
2021-04-16,0,Brunei Darussalam
2021-04-17,0,Brunei Darussalam
2021-04-18,0,Brunei Darussalam
2021-04-19,0,Brunei Darussalam
2021-04-20,2,Brunei Darussalam
2021-04-21,0,Brunei Darussalam
2021-04-22,0,Brunei Darussalam
2021-04-23,0,Brunei Darussalam
2021-04-24,0,Brunei Darussalam
2021-04-25,0,Brunei Darussalam
2021-04-26,0,Brunei Darussalam
2021-04-27,0,Brunei Darussalam
2021-04-28,1,Brunei Darussalam
2021-04-29,0,Brunei Darussalam
2021-04-30,1,Brunei Darussalam
2021-05-01,2,Brunei Darussalam
2021-05-02,0,Brunei Darussalam
2021-05-03,0,Brunei Darussalam
2021-05-04,1,Brunei Darussalam
2021-05-05,0,Brunei Darussalam
2021-05-06,1,Brunei Darussalam
2021-05-07,1,Brunei Darussalam
2021-05-08,0,Brunei Darussalam
2021-05-09,0,Brunei Darussalam
2021-05-10,0,Brunei Darussalam
2021-05-11,0,Brunei Darussalam
2021-05-12,1,Brunei Darussalam
2021-05-13,1,Brunei Darussalam
2021-05-14,0,Brunei Darussalam
2021-05-15,0,Brunei Darussalam
2021-05-16,0,Brunei Darussalam
2021-05-17,0,Brunei Darussalam
2021-05-18,3,Brunei Darussalam
2021-05-19,0,Brunei Darussalam
2021-05-20,0,Brunei Darussalam
2021-05-21,1,Brunei Darussalam
2021-05-22,0,Brunei Darussalam
2021-05-23,0,Brunei Darussalam
2021-05-24,0,Brunei Darussalam
2021-05-25,0,Brunei Darussalam
2021-05-26,4,Brunei Darussalam
2021-05-27,1,Brunei Darussalam
2021-05-28,0,Brunei Darussalam
2021-05-29,0,Brunei Darussalam
2021-05-30,1,Brunei Darussalam
2021-05-31,1,Brunei Darussalam
2021-06-01,1,Brunei Darussalam
2021-06-02,0,Brunei Darussalam
2021-06-03,0,Brunei Darussalam
2021-06-04,0,Brunei Darussalam
2021-06-05,0,Brunei Darussalam
2021-06-06,0,Brunei Darussalam
2021-06-07,0,Brunei Darussalam
2021-06-08,2,Brunei Darussalam
2021-06-09,0,Brunei Darussalam
2021-06-10,2,Brunei Darussalam
2021-06-11,0,Brunei Darussalam
2021-06-12,1,Brunei Darussalam
2021-06-13,1,Brunei Darussalam
2021-06-14,0,Brunei Darussalam
2021-06-15,0,Brunei Darussalam
2021-06-16,0,Brunei Darussalam
2021-06-17,1,Brunei Darussalam
2021-06-18,1,Brunei Darussalam
2021-06-19,1,Brunei Darussalam
2021-06-20,2,Brunei Darussalam
2021-06-21,0,Brunei Darussalam
2021-06-22,1,Brunei Darussalam
2021-06-23,0,Brunei Darussalam
2021-06-24,0,Brunei Darussalam
2021-06-25,1,Brunei Darussalam
2021-06-26,2,Brunei Darussalam
2021-06-27,0,Brunei Darussalam
2021-06-28,0,Brunei Darussalam
2021-06-29,1,Brunei Darussalam
2021-06-30,0,Brunei Darussalam
2021-07-01,1,Brunei Darussalam
2021-07-02,0,Brunei Darussalam
2021-07-03,1,Brunei Darussalam
2021-07-04,0,Brunei Darussalam
2021-07-05,0,Brunei Darussalam
2021-07-06,4,Brunei Darussalam
2021-07-07,0,Brunei Darussalam
2021-07-08,0,Brunei Darussalam
2021-07-09,0,Brunei Darussalam
2021-07-10,2,Brunei Darussalam
2021-07-11,7,Brunei Darussalam
2021-07-12,2,Brunei Darussalam
2021-07-13,5,Brunei Darussalam
2021-07-14,0,Brunei Darussalam
2021-07-15,0,Brunei Darussalam
2021-07-16,1,Brunei Darussalam
2021-07-17,0,Brunei Darussalam
2021-07-18,8,Brunei Darussalam
2021-07-19,14,Brunei Darussalam
2021-07-20,4,Brunei Darussalam
2021-07-21,0,Brunei Darussalam
2021-07-22,2,Brunei Darussalam
2021-07-23,2,Brunei Darussalam
2021-07-24,8,Brunei Darussalam
2021-07-25,0,Brunei Darussalam
2021-07-26,12,Brunei Darussalam
2021-07-27,0,Brunei Darussalam
2021-07-28,0,Brunei Darussalam
2021-07-29,0,Brunei Darussalam
2021-07-30,3,Brunei Darussalam
2021-07-31,1,Brunei Darussalam
2021-08-01,1,Brunei Darussalam
2021-08-02,0,Brunei Darussalam
2021-08-03,1,Brunei Darussalam
2021-08-04,0,Brunei Darussalam
2021-08-05,0,Brunei Darussalam
2021-08-06,0,Brunei Darussalam
2021-08-07,8,Brunei Darussalam
2021-08-08,17,Brunei Darussalam
2021-08-09,42,Brunei Darussalam
2021-08-10,34,Brunei Darussalam
2021-08-11,54,Brunei Darussalam
2021-08-12,49,Brunei Darussalam
2021-08-13,55,Brunei Darussalam
2021-08-14,42,Brunei Darussalam
2021-08-15,83,Brunei Darussalam
2021-08-16,64,Brunei Darussalam
2021-08-17,65,Brunei Darussalam
2021-08-18,94,Brunei Darussalam
2021-08-19,190,Brunei Darussalam
2021-08-20,197,Brunei Darussalam
2021-08-21,122,Brunei Darussalam
2021-08-22,314,Brunei Darussalam
2021-08-23,104,Brunei Darussalam
2021-08-24,110,Brunei Darussalam
2021-08-25,176,Brunei Darussalam
2021-08-26,106,Brunei Darussalam
2021-08-27,115,Brunei Darussalam
2021-08-28,82,Brunei Darussalam
2021-08-29,103,Brunei Darussalam
2021-08-30,76,Brunei Darussalam
2021-08-31,71,Brunei Darussalam
2021-09-01,146,Brunei Darussalam
2021-09-02,102,Brunei Darussalam
2021-09-03,133,Brunei Darussalam
2021-09-04,126,Brunei Darussalam
2021-09-05,110,Brunei Darussalam
2021-09-06,135,Brunei Darussalam
2021-09-07,103,Brunei Darussalam
2021-09-08,116,Brunei Darussalam
2021-09-09,148,Brunei Darussalam
2021-09-10,63,Brunei Darussalam
2021-09-11,141,Brunei Darussalam
2021-09-12,128,Brunei Darussalam
2021-09-13,160,Brunei Darussalam
2021-09-14,108,Brunei Darussalam
2021-09-15,135,Brunei Darussalam
2021-09-16,109,Brunei Darussalam
2021-09-17,139,Brunei Darussalam
2021-09-18,143,Brunei Darussalam
2021-09-19,90,Brunei Darussalam
2021-09-20,214,Brunei Darussalam
2021-09-21,124,Brunei Darussalam
2021-09-22,201,Brunei Darussalam
2021-09-23,111,Brunei Darussalam
2021-09-24,263,Brunei Darussalam
2021-09-25,326,Brunei Darussalam
2021-09-26,254,Brunei Darussalam
2021-09-27,160,Brunei Darussalam
2021-09-28,113,Brunei Darussalam
2021-09-29,137,Brunei Darussalam
2021-09-30,166,Brunei Darussalam
2021-10-01,210,Brunei Darussalam
2021-10-02,242,Brunei Darussalam
2021-10-03,148,Brunei Darussalam
2021-10-04,188,Brunei Darussalam
2021-10-05,140,Brunei Darussalam
2021-10-06,106,Brunei Darussalam
2021-10-07,112,Brunei Darussalam
2021-10-08,202,Brunei Darussalam
2021-10-09,135,Brunei Darussalam
2021-10-10,381,Brunei Darussalam
2021-10-11,187,Brunei Darussalam
2021-10-12,305,Brunei Darussalam
2021-10-13,193,Brunei Darussalam
2021-10-14,163,Brunei Darussalam
2021-10-15,423,Brunei Darussalam
2021-10-16,105,Brunei Darussalam
2021-10-17,504,Brunei Darussalam
2021-10-18,187,Brunei Darussalam
2021-10-19,173,Brunei Darussalam
2021-10-20,166,Brunei Darussalam
2021-10-21,156,Brunei Darussalam
2021-10-22,130,Brunei Darussalam
2021-10-23,229,Brunei Darussalam
2021-10-24,212,Brunei Darussalam
2021-10-25,271,Brunei Darussalam
2021-10-26,211,Brunei Darussalam
2021-10-27,115,Brunei Darussalam
2021-10-28,113,Brunei Darussalam
2021-10-29,132,Brunei Darussalam
2021-10-30,110,Brunei Darussalam
2021-10-31,65,Brunei Darussalam
2021-11-01,116,Brunei Darussalam
2021-11-02,75,Brunei Darussalam
2021-11-03,125,Brunei Darussalam
2021-11-04,99,Brunei Darussalam
2021-11-05,128,Brunei Darussalam
2021-11-06,69,Brunei Darussalam
2021-11-07,40,Brunei Darussalam
2021-11-08,82,Brunei Darussalam
2021-11-09,41,Brunei Darussalam
2021-11-10,57,Brunei Darussalam
2021-11-11,96,Brunei Darussalam
2021-11-12,63,Brunei Darussalam
2021-11-13,51,Brunei Darussalam
2021-11-14,43,Brunei Darussalam
2021-11-15,54,Brunei Darussalam
2021-11-16,22,Brunei Darussalam
2021-11-17,87,Brunei Darussalam
2021-11-18,21,Brunei Darussalam
2021-11-19,45,Brunei Darussalam
2021-11-20,70,Brunei Darussalam
2021-11-21,77,Brunei Darussalam
2021-11-22,39,Brunei Darussalam
2021-11-23,71,Brunei Darussalam
2021-11-24,70,Brunei Darussalam
2021-11-25,69,Brunei Darussalam
2021-11-26,78,Brunei Darussalam
2021-11-27,74,Brunei Darussalam
2021-11-28,44,Brunei Darussalam
2021-11-29,22,Brunei Darussalam
2021-11-30,35,Brunei Darussalam
2021-12-01,18,Brunei Darussalam
2021-12-02,21,Brunei Darussalam
2021-12-03,10,Brunei Darussalam
2021-12-04,22,Brunei Darussalam
2021-12-05,22,Brunei Darussalam
2021-12-06,16,Brunei Darussalam
2021-12-07,27,Brunei Darussalam
2021-12-08,15,Brunei Darussalam
2021-12-09,39,Brunei Darussalam
2021-12-10,25,Brunei Darussalam
2021-12-11,35,Brunei Darussalam
2021-12-12,5,Brunei Darussalam
2021-12-13,14,Brunei Darussalam
2021-12-14,1,Brunei Darussalam
2021-12-15,9,Brunei Darussalam
2021-12-16,4,Brunei Darussalam
2021-12-17,9,Brunei Darussalam
2021-12-18,1,Brunei Darussalam
2021-12-19,16,Brunei Darussalam
2021-12-20,10,Brunei Darussalam
2021-12-21,6,Brunei Darussalam
2021-12-22,8,Brunei Darussalam
2021-12-23,3,Brunei Darussalam
2021-12-24,5,Brunei Darussalam
2021-12-25,10,Brunei Darussalam
2021-12-26,3,Brunei Darussalam
2021-12-27,11,Brunei Darussalam
2021-12-28,3,Brunei Darussalam
2021-12-29,4,Brunei Darussalam
2021-12-30,5,Brunei Darussalam
2021-12-31,4,Brunei Darussalam
2022-01-01,17,Brunei Darussalam
2022-01-02,8,Brunei Darussalam
2022-01-03,7,Brunei Darussalam
2022-01-04,10,Brunei Darussalam
2022-01-05,16,Brunei Darussalam
2022-01-06,18,Brunei Darussalam
2022-01-07,27,Brunei Darussalam
2022-01-08,20,Brunei Darussalam
2022-01-09,37,Brunei Darussalam
2022-01-10,44,Brunei Darussalam
2022-01-11,34,Brunei Darussalam
2022-01-12,38,Brunei Darussalam
2022-01-13,47,Brunei Darussalam
2022-01-14,28,Brunei Darussalam
2022-01-15,35,Brunei Darussalam
2022-01-16,21,Brunei Darussalam
2022-01-17,20,Brunei Darussalam
2022-01-18,56,Brunei Darussalam
2022-01-19,29,Brunei Darussalam
2022-01-20,36,Brunei Darussalam
2022-01-21,44,Brunei Darussalam
2022-01-22,18,Brunei Darussalam
2022-01-23,48,Brunei Darussalam
2022-01-24,16,Brunei Darussalam
2022-01-25,31,Brunei Darussalam
2022-01-26,27,Brunei Darussalam
2022-01-27,46,Brunei Darussalam
2022-01-28,41,Brunei Darussalam
2022-01-29,52,Brunei Darussalam
2022-01-30,68,Brunei Darussalam
2022-01-31,63,Brunei Darussalam
2022-02-01,82,Brunei Darussalam
2022-02-02,133,Brunei Darussalam
2022-02-03,200,Brunei Darussalam
2022-02-04,140,Brunei Darussalam
2022-02-05,373,Brunei Darussalam
2022-02-06,380,Brunei Darussalam
2022-02-07,368,Brunei Darussalam
2022-02-08,252,Brunei Darussalam
2022-02-09,441,Brunei Darussalam
2022-02-10,628,Brunei Darussalam
2022-02-11,981,Brunei Darussalam
2022-02-12,1125,Brunei Darussalam
2022-02-13,936,Brunei Darussalam
2022-02-14,1477,Brunei Darussalam
2022-02-15,667,Brunei Darussalam
2022-02-16,925,Brunei Darussalam
2022-02-17,2015,Brunei Darussalam
2022-02-18,2988,Brunei Darussalam
2022-02-19,1926,Brunei Darussalam
2022-02-20,2466,Brunei Darussalam
2022-02-21,2819,Brunei Darussalam
2022-02-22,3251,Brunei Darussalam
2022-02-23,3285,Brunei Darussalam
2022-02-24,3721,Brunei Darussalam
2022-02-25,3461,Brunei Darussalam
2022-02-26,3969,Brunei Darussalam
2022-02-27,3962,Brunei Darussalam
2022-02-28,4095,Brunei Darussalam
2022-03-01,4220,Brunei Darussalam
2022-03-02,3887,Brunei Darussalam
2022-03-03,4885,Brunei Darussalam
2022-03-04,4215,Brunei Darussalam
2022-03-05,4095,Brunei Darussalam
2022-03-06,4005,Brunei Darussalam
2022-03-07,4185,Brunei Darussalam
2022-03-08,3984,Brunei Darussalam
2022-03-09,3155,Brunei Darussalam
2022-03-10,3849,Brunei Darussalam
2022-03-11,2914,Brunei Darussalam
2022-03-12,2602,Brunei Darussalam
2022-03-13,2555,Brunei Darussalam
2022-03-14,2278,Brunei Darussalam
2022-03-15,2511,Brunei Darussalam
2022-03-16,2052,Brunei Darussalam
2022-03-17,1666,Brunei Darussalam
2022-03-18,1357,Brunei Darussalam
2022-03-19,1465,Brunei Darussalam
2022-03-20,1294,Brunei Darussalam
2022-03-21,1393,Brunei Darussalam
2022-03-22,1191,Brunei Darussalam
2022-03-23,1006,Brunei Darussalam
2022-03-24,775,Brunei Darussalam
2022-03-25,756,Brunei Darussalam
2022-03-26,774,Brunei Darussalam
2022-03-27,792,Brunei Darussalam
2022-03-28,791,Brunei Darussalam
2022-03-29,787,Brunei Darussalam
2022-03-30,745,Brunei Darussalam
2022-03-31,686,Brunei Darussalam
2022-04-01,503,Brunei Darussalam
2022-04-02,515,Brunei Darussalam
2022-04-03,544,Brunei Darussalam
2022-04-04,400,Brunei Darussalam
2022-04-05,447,Brunei Darussalam
2022-04-06,418,Brunei Darussalam
2022-04-07,346,Brunei Darussalam
2022-04-08,362,Brunei Darussalam
2022-04-09,314,Brunei Darussalam
2022-04-10,269,Brunei Darussalam
2022-04-11,281,Brunei Darussalam
2022-04-12,250,Brunei Darussalam
2022-04-13,217,Brunei Darussalam
2022-04-14,187,Brunei Darussalam
2022-04-15,172,Brunei Darussalam
2022-04-16,210,Brunei Darussalam
2022-04-17,176,Brunei Darussalam
2022-04-18,159,Brunei Darussalam
2022-04-19,182,Brunei Darussalam
2022-04-20,178,Brunei Darussalam
2022-04-21,181,Brunei Darussalam
2022-04-22,150,Brunei Darussalam
2022-04-23,141,Brunei Darussalam
2022-04-24,105,Brunei Darussalam
2022-04-25,150,Brunei Darussalam
2022-04-26,136,Brunei Darussalam
2022-04-27,126,Brunei Darussalam
2022-04-28,98,Brunei Darussalam
2022-04-29,119,Brunei Darussalam
2022-04-30,102,Brunei Darussalam
2022-05-01,61,Brunei Darussalam
2022-05-02,65,Brunei Darussalam
2022-05-03,103,Brunei Darussalam
2022-05-04,87,Brunei Darussalam
2022-05-05,146,Brunei Darussalam
2022-05-06,153,Brunei Darussalam
2022-05-07,162,Brunei Darussalam
2022-05-08,231,Brunei Darussalam
2022-05-09,249,Brunei Darussalam
2022-05-10,265,Brunei Darussalam
2022-05-11,244,Brunei Darussalam
2022-05-12,250,Brunei Darussalam
2022-05-13,270,Brunei Darussalam
2022-05-14,275,Brunei Darussalam
2022-05-15,248,Brunei Darussalam
2022-05-16,297,Brunei Darussalam
2022-05-17,265,Brunei Darussalam
2022-05-18,300,Brunei Darussalam
2022-05-19,262,Brunei Darussalam
2022-05-20,261,Brunei Darussalam
2022-05-21,271,Brunei Darussalam
2022-05-22,171,Brunei Darussalam
2022-05-23,269,Brunei Darussalam
2022-05-24,266,Brunei Darussalam
2022-05-25,250,Brunei Darussalam
2022-05-26,222,Brunei Darussalam
2022-05-27,174,Brunei Darussalam
2022-05-28,205,Brunei Darussalam
2022-05-29,217,Brunei Darussalam
2022-05-30,306,Brunei Darussalam
2022-05-31,279,Brunei Darussalam
2022-06-01,296,Brunei Darussalam
2022-06-02,367,Brunei Darussalam
2022-06-03,342,Brunei Darussalam
2022-06-04,379,Brunei Darussalam
2022-06-05,344,Brunei Darussalam
2022-06-06,379,Brunei Darussalam
2022-06-07,380,Brunei Darussalam
2022-06-08,399,Brunei Darussalam
2022-06-09,390,Brunei Darussalam
2022-06-10,370,Brunei Darussalam
2022-06-11,392,Brunei Darussalam
2022-06-12,381,Brunei Darussalam
2022-06-13,518,Brunei Darussalam
2022-06-14,522,Brunei Darussalam
2022-06-15,595,Brunei Darussalam
2022-06-16,546,Brunei Darussalam
2022-06-17,519,Brunei Darussalam
2022-06-18,659,Brunei Darussalam
2022-06-19,571,Brunei Darussalam
2022-06-20,0,Brunei Darussalam
2022-06-21,0,Brunei Darussalam
2022-06-22,0,Brunei Darussalam
2022-06-23,0,Brunei Darussalam
2022-06-24,0,Brunei Darussalam
2022-06-25,0,Brunei Darussalam
2022-06-26,0,Brunei Darussalam
2022-06-27,6504,Brunei Darussalam
2022-06-28,0,Brunei Darussalam
2022-06-29,0,Brunei Darussalam
2022-06-30,0,Brunei Darussalam
2022-07-01,0,Brunei Darussalam
2022-07-02,0,Brunei Darussalam
2022-07-03,0,Brunei Darussalam
2022-07-04,0,Brunei Darussalam
2022-07-05,9610,Brunei Darussalam
2022-07-06,0,Brunei Darussalam
2022-07-07,0,Brunei Darussalam
2022-07-08,0,Brunei Darussalam
2022-07-09,0,Brunei Darussalam
2022-07-10,0,Brunei Darussalam
2022-07-11,0,Brunei Darussalam
2022-07-12,11858,Brunei Darussalam
2022-07-13,0,Brunei Darussalam
2022-07-14,0,Brunei Darussalam
2022-07-15,0,Brunei Darussalam
2022-07-16,0,Brunei Darussalam
2022-07-17,0,Brunei Darussalam
2022-07-18,0,Brunei Darussalam
2022-07-19,12420,Brunei Darussalam
2022-07-20,0,Brunei Darussalam
2022-07-21,0,Brunei Darussalam
2022-07-22,0,Brunei Darussalam
2022-07-23,0,Brunei Darussalam
2022-07-24,0,Brunei Darussalam
2022-07-25,0,Brunei Darussalam
2022-07-26,8745,Brunei Darussalam
2022-07-27,0,Brunei Darussalam
2022-07-28,0,Brunei Darussalam
2022-07-29,0,Brunei Darussalam
2022-07-30,0,Brunei Darussalam
2022-07-31,0,Brunei Darussalam
2022-08-01,9123,Brunei Darussalam
2022-08-02,0,Brunei Darussalam
2022-08-03,0,Brunei Darussalam
2022-08-04,0,Brunei Darussalam
2022-08-05,0,Brunei Darussalam
2022-08-06,0,Brunei Darussalam
2022-08-07,0,Brunei Darussalam
2022-08-08,0,Brunei Darussalam
2022-08-09,2976,Brunei Darussalam
2022-08-10,0,Brunei Darussalam
2022-08-11,0,Brunei Darussalam
2022-08-12,0,Brunei Darussalam
2022-08-13,0,Brunei Darussalam
2022-08-14,0,Brunei Darussalam
2022-08-15,0,Brunei Darussalam
2022-08-16,1986,Brunei Darussalam
2022-08-17,0,Brunei Darussalam
2022-08-18,0,Brunei Darussalam
2022-08-19,0,Brunei Darussalam
2022-08-20,0,Brunei Darussalam
2022-08-21,0,Brunei Darussalam
2022-08-22,0,Brunei Darussalam
2022-08-23,1454,Brunei Darussalam
2022-08-24,0,Brunei Darussalam
2022-08-25,0,Brunei Darussalam
2022-08-26,0,Brunei Darussalam
2022-08-27,0,Brunei Darussalam
2022-08-28,0,Brunei Darussalam
2022-08-29,0,Brunei Darussalam
2022-08-30,1360,Brunei Darussalam
2022-08-31,0,Brunei Darussalam
2022-09-01,0,Brunei Darussalam
2022-09-02,0,Brunei Darussalam
2022-09-03,0,Brunei Darussalam
2022-09-04,0,Brunei Darussalam
2022-09-05,0,Brunei Darussalam
2022-09-06,1551,Brunei Darussalam
2022-09-07,0,Brunei Darussalam
2022-09-08,0,Brunei Darussalam
2022-09-09,0,Brunei Darussalam
2022-09-10,0,Brunei Darussalam
2022-09-11,0,Brunei Darussalam
2022-09-12,0,Brunei Darussalam
2022-09-13,1627,Brunei Darussalam
2022-09-14,0,Brunei Darussalam
2022-09-15,0,Brunei Darussalam
2022-09-16,0,Brunei Darussalam
2022-09-17,0,Brunei Darussalam
2022-09-18,0,Brunei Darussalam
2022-09-19,0,Brunei Darussalam
2022-09-20,1519,Brunei Darussalam
2022-09-21,0,Brunei Darussalam
2022-09-22,0,Brunei Darussalam
2022-09-23,0,Brunei Darussalam
2022-09-24,0,Brunei Darussalam
2022-09-25,0,Brunei Darussalam
2022-09-26,0,Brunei Darussalam
2022-09-27,1909,Brunei Darussalam
2022-09-28,0,Brunei Darussalam
2022-09-29,0,Brunei Darussalam
2022-09-30,0,Brunei Darussalam
2022-10-01,0,Brunei Darussalam
2022-10-02,0,Brunei Darussalam
2022-10-03,0,Brunei Darussalam
2022-10-04,2168,Brunei Darussalam
2022-10-05,0,Brunei Darussalam
2022-10-06,0,Brunei Darussalam
2022-10-07,0,Brunei Darussalam
2022-10-08,0,Brunei Darussalam
2022-10-09,0,Brunei Darussalam
2022-10-10,0,Brunei Darussalam
2022-10-11,2749,Brunei Darussalam
2022-10-12,0,Brunei Darussalam
2022-10-13,0,Brunei Darussalam
2022-10-14,0,Brunei Darussalam
2022-10-15,0,Brunei Darussalam
2022-10-16,0,Brunei Darussalam
2022-10-17,3074,Brunei Darussalam
2022-10-18,0,Brunei Darussalam
2022-10-19,0,Brunei Darussalam
2022-10-20,0,Brunei Darussalam
2020-03-02,0,Cambodia
2020-03-03,0,Cambodia
2020-03-04,0,Cambodia
2020-03-05,0,Cambodia
2020-03-06,0,Cambodia
2020-03-07,0,Cambodia
2020-03-08,1,Cambodia
2020-03-09,0,Cambodia
2020-03-10,0,Cambodia
2020-03-11,1,Cambodia
2020-03-12,0,Cambodia
2020-03-13,2,Cambodia
2020-03-14,2,Cambodia
2020-03-15,0,Cambodia
2020-03-16,5,Cambodia
2020-03-17,0,Cambodia
2020-03-18,21,Cambodia
2020-03-19,4,Cambodia
2020-03-20,10,Cambodia
2020-03-21,4,Cambodia
2020-03-22,2,Cambodia
2020-03-23,31,Cambodia
2020-03-24,3,Cambodia
2020-03-25,4,Cambodia
2020-03-26,5,Cambodia
2020-03-27,2,Cambodia
2020-03-28,0,Cambodia
2020-03-29,4,Cambodia
2020-03-30,1,Cambodia
2020-03-31,4,Cambodia
2020-04-01,2,Cambodia
2020-04-02,0,Cambodia
2020-04-03,1,Cambodia
2020-04-04,4,Cambodia
2020-04-05,0,Cambodia
2020-04-06,0,Cambodia
2020-04-07,1,Cambodia
2020-04-08,0,Cambodia
2020-04-09,2,Cambodia
2020-04-10,1,Cambodia
2020-04-11,2,Cambodia
2020-04-12,2,Cambodia
2020-04-13,0,Cambodia
2020-04-14,0,Cambodia
2020-04-15,0,Cambodia
2020-04-16,0,Cambodia
2020-04-17,0,Cambodia
2020-04-18,0,Cambodia
2020-04-19,0,Cambodia
2020-04-20,0,Cambodia
2020-04-21,0,Cambodia
2020-04-22,0,Cambodia
2020-04-23,0,Cambodia
2020-04-24,0,Cambodia
2020-04-25,0,Cambodia
2020-04-26,0,Cambodia
2020-04-27,0,Cambodia
2020-04-28,0,Cambodia
2020-04-29,0,Cambodia
2020-04-30,0,Cambodia
2020-05-01,0,Cambodia
2020-05-02,0,Cambodia
2020-05-03,0,Cambodia
2020-05-04,0,Cambodia
2020-05-05,0,Cambodia
2020-05-06,0,Cambodia
2020-05-07,0,Cambodia
2020-05-08,0,Cambodia
2020-05-09,0,Cambodia
2020-05-10,0,Cambodia
2020-05-11,0,Cambodia
2020-05-12,0,Cambodia
2020-05-13,0,Cambodia
2020-05-14,0,Cambodia
2020-05-15,0,Cambodia
2020-05-16,0,Cambodia
2020-05-17,0,Cambodia
2020-05-18,0,Cambodia
2020-05-19,0,Cambodia
2020-05-20,0,Cambodia
2020-05-21,0,Cambodia
2020-05-22,1,Cambodia
2020-05-23,1,Cambodia
2020-05-24,0,Cambodia
2020-05-25,0,Cambodia
2020-05-26,0,Cambodia
2020-05-27,0,Cambodia
2020-05-28,0,Cambodia
2020-05-29,0,Cambodia
2020-05-30,1,Cambodia
2020-05-31,0,Cambodia
2020-06-01,0,Cambodia
2020-06-02,0,Cambodia
2020-06-03,0,Cambodia
2020-06-04,0,Cambodia
2020-06-05,0,Cambodia
2020-06-06,0,Cambodia
2020-06-07,1,Cambodia
2020-06-08,0,Cambodia
2020-06-09,0,Cambodia
2020-06-10,0,Cambodia
2020-06-11,0,Cambodia
2020-06-12,0,Cambodia
2020-06-13,0,Cambodia
2020-06-14,0,Cambodia
2020-06-15,2,Cambodia
2020-06-16,0,Cambodia
2020-06-17,0,Cambodia
2020-06-18,1,Cambodia
2020-06-19,0,Cambodia
2020-06-20,0,Cambodia
2020-06-21,0,Cambodia
2020-06-22,0,Cambodia
2020-06-23,0,Cambodia
2020-06-24,1,Cambodia
2020-06-25,0,Cambodia
2020-06-26,0,Cambodia
2020-06-27,9,Cambodia
2020-06-28,0,Cambodia
2020-06-29,2,Cambodia
2020-06-30,0,Cambodia
2020-07-01,0,Cambodia
2020-07-02,0,Cambodia
2020-07-03,0,Cambodia
2020-07-04,0,Cambodia
2020-07-05,0,Cambodia
2020-07-06,0,Cambodia
2020-07-07,0,Cambodia
2020-07-08,0,Cambodia
2020-07-09,0,Cambodia
2020-07-10,0,Cambodia
2020-07-11,0,Cambodia
2020-07-12,15,Cambodia
2020-07-13,0,Cambodia
2020-07-14,9,Cambodia
2020-07-15,0,Cambodia
2020-07-16,1,Cambodia
2020-07-17,0,Cambodia
2020-07-18,5,Cambodia
2020-07-19,0,Cambodia
2020-07-20,0,Cambodia
2020-07-21,0,Cambodia
2020-07-22,26,Cambodia
2020-07-23,1,Cambodia
2020-07-24,4,Cambodia
2020-07-25,0,Cambodia
2020-07-26,23,Cambodia
2020-07-27,0,Cambodia
2020-07-28,1,Cambodia
2020-07-29,7,Cambodia
2020-07-30,1,Cambodia
2020-07-31,0,Cambodia
2020-08-01,5,Cambodia
2020-08-02,1,Cambodia
2020-08-03,0,Cambodia
2020-08-04,1,Cambodia
2020-08-05,2,Cambodia
2020-08-06,0,Cambodia
2020-08-07,0,Cambodia
2020-08-08,3,Cambodia
2020-08-09,2,Cambodia
2020-08-10,3,Cambodia
2020-08-11,15,Cambodia
2020-08-12,2,Cambodia
2020-08-13,4,Cambodia
2020-08-14,1,Cambodia
2020-08-15,0,Cambodia
2020-08-16,0,Cambodia
2020-08-17,0,Cambodia
2020-08-18,0,Cambodia
2020-08-19,0,Cambodia
2020-08-20,0,Cambodia
2020-08-21,0,Cambodia
2020-08-22,0,Cambodia
2020-08-23,0,Cambodia
2020-08-24,0,Cambodia
2020-08-25,0,Cambodia
2020-08-26,0,Cambodia
2020-08-27,0,Cambodia
2020-08-28,0,Cambodia
2020-08-29,0,Cambodia
2020-08-30,0,Cambodia
2020-08-31,1,Cambodia
2020-09-01,0,Cambodia
2020-09-02,0,Cambodia
2020-09-03,0,Cambodia
2020-09-04,0,Cambodia
2020-09-05,0,Cambodia
2020-09-06,0,Cambodia
2020-09-07,0,Cambodia
2020-09-08,0,Cambodia
2020-09-09,0,Cambodia
2020-09-10,0,Cambodia
2020-09-11,0,Cambodia
2020-09-12,0,Cambodia
2020-09-13,1,Cambodia
2020-09-14,0,Cambodia
2020-09-15,0,Cambodia
2020-09-16,0,Cambodia
2020-09-17,0,Cambodia
2020-09-18,0,Cambodia
2020-09-19,0,Cambodia
2020-09-20,0,Cambodia
2020-09-21,0,Cambodia
2020-09-22,0,Cambodia
2020-09-23,0,Cambodia
2020-09-24,0,Cambodia
2020-09-25,0,Cambodia
2020-09-26,0,Cambodia
2020-09-27,1,Cambodia
2020-09-28,0,Cambodia
2020-09-29,1,Cambodia
2020-09-30,0,Cambodia
2020-10-01,0,Cambodia
2020-10-02,1,Cambodia
2020-10-03,0,Cambodia
2020-10-04,0,Cambodia
2020-10-05,2,Cambodia
2020-10-06,0,Cambodia
2020-10-07,0,Cambodia
2020-10-08,1,Cambodia
2020-10-09,1,Cambodia
2020-10-10,1,Cambodia
2020-10-11,0,Cambodia
2020-10-12,0,Cambodia
2020-10-13,0,Cambodia
2020-10-14,0,Cambodia
2020-10-15,0,Cambodia
2020-10-16,0,Cambodia
2020-10-17,0,Cambodia
2020-10-18,0,Cambodia
2020-10-19,0,Cambodia
2020-10-20,2,Cambodia
2020-10-21,1,Cambodia
2020-10-22,0,Cambodia
2020-10-23,0,Cambodia
2020-10-24,1,Cambodia
2020-10-25,0,Cambodia
2020-10-26,0,Cambodia
2020-10-27,1,Cambodia
2020-10-28,2,Cambodia
2020-10-29,0,Cambodia
2020-10-30,1,Cambodia
2020-10-31,0,Cambodia
2020-11-01,0,Cambodia
2020-11-02,1,Cambodia
2020-11-03,0,Cambodia
2020-11-04,0,Cambodia
2020-11-05,0,Cambodia
2020-11-06,0,Cambodia
2020-11-07,2,Cambodia
2020-11-08,1,Cambodia
2020-11-09,2,Cambodia
2020-11-10,3,Cambodia
2020-11-11,1,Cambodia
2020-11-12,0,Cambodia
2020-11-13,0,Cambodia
2020-11-14,1,Cambodia
2020-11-15,0,Cambodia
2020-11-16,0,Cambodia
2020-11-17,1,Cambodia
2020-11-18,1,Cambodia
2020-11-19,0,Cambodia
2020-11-20,0,Cambodia
2020-11-21,1,Cambodia
2020-11-22,1,Cambodia
2020-11-23,0,Cambodia
2020-11-24,0,Cambodia
2020-11-25,1,Cambodia
2020-11-26,0,Cambodia
2020-11-27,0,Cambodia
2020-11-28,1,Cambodia
2020-11-29,7,Cambodia
2020-11-30,8,Cambodia
2020-12-01,3,Cambodia
2020-12-02,3,Cambodia
2020-12-03,2,Cambodia
2020-12-04,4,Cambodia
2020-12-05,10,Cambodia
2020-12-06,1,Cambodia
2020-12-07,2,Cambodia
2020-12-08,2,Cambodia
2020-12-09,4,Cambodia
2020-12-10,2,Cambodia
2020-12-11,1,Cambodia
2020-12-12,0,Cambodia
2020-12-13,2,Cambodia
2020-12-14,0,Cambodia
2020-12-15,3,Cambodia
2020-12-16,0,Cambodia
2020-12-17,0,Cambodia
2020-12-18,0,Cambodia
2020-12-19,0,Cambodia
2020-12-20,0,Cambodia
2020-12-21,1,Cambodia
2020-12-22,0,Cambodia
2020-12-23,0,Cambodia
2020-12-24,0,Cambodia
2020-12-25,0,Cambodia
2020-12-26,0,Cambodia
2020-12-27,1,Cambodia
2020-12-28,0,Cambodia
2020-12-29,0,Cambodia
2020-12-30,0,Cambodia
2020-12-31,2,Cambodia
2021-01-01,13,Cambodia
2021-01-02,2,Cambodia
2021-01-03,1,Cambodia
2021-01-04,0,Cambodia
2021-01-05,1,Cambodia
2021-01-06,2,Cambodia
2021-01-07,1,Cambodia
2021-01-08,1,Cambodia
2021-01-09,4,Cambodia
2021-01-10,1,Cambodia
2021-01-11,0,Cambodia
2021-01-12,6,Cambodia
2021-01-13,13,Cambodia
2021-01-14,15,Cambodia
2021-01-15,10,Cambodia
2021-01-16,3,Cambodia
2021-01-17,0,Cambodia
2021-01-18,2,Cambodia
2021-01-19,7,Cambodia
2021-01-20,5,Cambodia
2021-01-21,3,Cambodia
2021-01-22,0,Cambodia
2021-01-23,2,Cambodia
2021-01-24,0,Cambodia
2021-01-25,2,Cambodia
2021-01-26,0,Cambodia
2021-01-27,1,Cambodia
2021-01-28,2,Cambodia
2021-01-29,1,Cambodia
2021-01-30,1,Cambodia
2021-01-31,1,Cambodia
2021-02-01,0,Cambodia
2021-02-02,0,Cambodia
2021-02-03,1,Cambodia
2021-02-04,3,Cambodia
2021-02-05,2,Cambodia
2021-02-06,2,Cambodia
2021-02-07,0,Cambodia
2021-02-08,2,Cambodia
2021-02-09,2,Cambodia
2021-02-10,0,Cambodia
2021-02-11,1,Cambodia
2021-02-12,0,Cambodia
2021-02-13,0,Cambodia
2021-02-14,0,Cambodia
2021-02-15,0,Cambodia
2021-02-16,0,Cambodia
2021-02-17,4,Cambodia
2021-02-18,1,Cambodia
2021-02-19,32,Cambodia
2021-02-20,17,Cambodia
2021-02-21,35,Cambodia
2021-02-22,25,Cambodia
2021-02-23,40,Cambodia
2021-02-24,64,Cambodia
2021-02-25,43,Cambodia
2021-02-26,26,Cambodia
2021-02-27,39,Cambodia
2021-02-28,15,Cambodia
2021-03-01,24,Cambodia
2021-03-02,34,Cambodia
2021-03-03,31,Cambodia
2021-03-04,23,Cambodia
2021-03-05,21,Cambodia
2021-03-06,34,Cambodia
2021-03-07,24,Cambodia
2021-03-08,49,Cambodia
2021-03-09,64,Cambodia
2021-03-10,39,Cambodia
2021-03-11,62,Cambodia
2021-03-12,39,Cambodia
2021-03-13,41,Cambodia
2021-03-14,20,Cambodia
2021-03-15,105,Cambodia
2021-03-16,75,Cambodia
2021-03-17,36,Cambodia
2021-03-18,37,Cambodia
2021-03-19,54,Cambodia
2021-03-20,48,Cambodia
2021-03-21,73,Cambodia
2021-03-22,35,Cambodia
2021-03-23,29,Cambodia
2021-03-24,55,Cambodia
2021-03-25,96,Cambodia
2021-03-26,179,Cambodia
2021-03-27,86,Cambodia
2021-03-28,40,Cambodia
2021-03-29,104,Cambodia
2021-03-30,63,Cambodia
2021-03-31,37,Cambodia
2021-04-01,69,Cambodia
2021-04-02,99,Cambodia
2021-04-03,44,Cambodia
2021-04-04,63,Cambodia
2021-04-05,72,Cambodia
2021-04-06,91,Cambodia
2021-04-07,113,Cambodia
2021-04-08,576,Cambodia
2021-04-09,477,Cambodia
2021-04-10,157,Cambodia
2021-04-11,277,Cambodia
2021-04-12,181,Cambodia
2021-04-13,178,Cambodia
2021-04-14,344,Cambodia
2021-04-15,262,Cambodia
2021-04-16,291,Cambodia
2021-04-17,618,Cambodia
2021-04-18,624,Cambodia
2021-04-19,431,Cambodia
2021-04-20,303,Cambodia
2021-04-21,446,Cambodia
2021-04-22,655,Cambodia
2021-04-23,511,Cambodia
2021-04-24,616,Cambodia
2021-04-25,580,Cambodia
2021-04-26,508,Cambodia
2021-04-27,698,Cambodia
2021-04-28,880,Cambodia
2021-04-29,761,Cambodia
2021-04-30,388,Cambodia
2021-05-01,730,Cambodia
2021-05-02,841,Cambodia
2021-05-03,938,Cambodia
2021-05-04,672,Cambodia
2021-05-05,650,Cambodia
2021-05-06,558,Cambodia
2021-05-07,538,Cambodia
2021-05-08,520,Cambodia
2021-05-09,506,Cambodia
2021-05-10,480,Cambodia
2021-05-11,472,Cambodia
2021-05-12,446,Cambodia
2021-05-13,358,Cambodia
2021-05-14,335,Cambodia
2021-05-15,350,Cambodia
2021-05-16,360,Cambodia
2021-05-17,345,Cambodia
2021-05-18,393,Cambodia
2021-05-19,415,Cambodia
2021-05-20,460,Cambodia
2021-05-21,488,Cambodia
2021-05-22,560,Cambodia
2021-05-23,556,Cambodia
2021-05-24,568,Cambodia
2021-05-25,660,Cambodia
2021-05-26,649,Cambodia
2021-05-27,599,Cambodia
2021-05-28,588,Cambodia
2021-05-29,579,Cambodia
2021-05-30,690,Cambodia
2021-05-31,616,Cambodia
2021-06-01,750,Cambodia
2021-06-02,0,Cambodia
2021-06-03,729,Cambodia
2021-06-04,886,Cambodia
2021-06-05,538,Cambodia
2021-06-06,631,Cambodia
2021-06-07,589,Cambodia
2021-06-08,678,Cambodia
2021-06-09,729,Cambodia
2021-06-10,426,Cambodia
2021-06-11,655,Cambodia
2021-06-12,638,Cambodia
2021-06-13,468,Cambodia
2021-06-14,542,Cambodia
2021-06-15,495,Cambodia
2021-06-16,693,Cambodia
2021-06-17,625,Cambodia
2021-06-18,799,Cambodia
2021-06-19,471,Cambodia
2021-06-20,659,Cambodia
2021-06-21,735,Cambodia
2021-06-22,678,Cambodia
2021-06-23,587,Cambodia
2021-06-24,655,Cambodia
2021-06-25,699,Cambodia
2021-06-26,745,Cambodia
2021-06-27,839,Cambodia
2021-06-28,883,Cambodia
2021-06-29,723,Cambodia
2021-06-30,1130,Cambodia
2021-07-01,999,Cambodia
2021-07-02,966,Cambodia
2021-07-03,948,Cambodia
2021-07-04,993,Cambodia
2021-07-05,896,Cambodia
2021-07-06,935,Cambodia
2021-07-07,981,Cambodia
2021-07-08,954,Cambodia
2021-07-09,988,Cambodia
2021-07-10,933,Cambodia
2021-07-11,981,Cambodia
2021-07-12,911,Cambodia
2021-07-13,830,Cambodia
2021-07-14,915,Cambodia
2021-07-15,996,Cambodia
2021-07-16,889,Cambodia
2021-07-17,836,Cambodia
2021-07-18,845,Cambodia
2021-07-19,790,Cambodia
2021-07-20,825,Cambodia
2021-07-21,812,Cambodia
2021-07-22,811,Cambodia
2021-07-23,825,Cambodia
2021-07-24,860,Cambodia
2021-07-25,819,Cambodia
2021-07-26,778,Cambodia
2021-07-27,685,Cambodia
2021-07-28,766,Cambodia
2021-07-29,765,Cambodia
2021-07-30,668,Cambodia
2021-07-31,658,Cambodia
2021-08-01,671,Cambodia
2021-08-02,560,Cambodia
2021-08-03,577,Cambodia
2021-08-04,583,Cambodia
2021-08-05,591,Cambodia
2021-08-06,588,Cambodia
2021-08-07,522,Cambodia
2021-08-08,556,Cambodia
2021-08-09,508,Cambodia
2021-08-10,499,Cambodia
2021-08-11,486,Cambodia
2021-08-12,455,Cambodia
2021-08-13,423,Cambodia
2021-08-14,598,Cambodia
2021-08-15,588,Cambodia
2021-08-16,593,Cambodia
2021-08-17,556,Cambodia
2021-08-18,593,Cambodia
2021-08-19,533,Cambodia
2021-08-20,519,Cambodia
2021-08-21,493,Cambodia
2021-08-22,496,Cambodia
2021-08-23,410,Cambodia
2021-08-24,466,Cambodia
2021-08-25,428,Cambodia
2021-08-26,423,Cambodia
2021-08-27,411,Cambodia
2021-08-28,401,Cambodia
2021-08-29,438,Cambodia
2021-08-30,408,Cambodia
2021-08-31,439,Cambodia
2021-09-01,455,Cambodia
2021-09-02,416,Cambodia
2021-09-03,491,Cambodia
2021-09-04,422,Cambodia
2021-09-05,461,Cambodia
2021-09-06,528,Cambodia
2021-09-07,511,Cambodia
2021-09-08,596,Cambodia
2021-09-09,589,Cambodia
2021-09-10,660,Cambodia
2021-09-11,658,Cambodia
2021-09-12,662,Cambodia
2021-09-13,629,Cambodia
2021-09-14,657,Cambodia
2021-09-15,653,Cambodia
2021-09-16,693,Cambodia
2021-09-17,698,Cambodia
2021-09-18,648,Cambodia
2021-09-19,612,Cambodia
2021-09-20,622,Cambodia
2021-09-21,628,Cambodia
2021-09-22,637,Cambodia
2021-09-23,638,Cambodia
2021-09-24,822,Cambodia
2021-09-25,816,Cambodia
2021-09-26,830,Cambodia
2021-09-27,839,Cambodia
2021-09-28,866,Cambodia
2021-09-29,881,Cambodia
2021-09-30,978,Cambodia
2021-10-01,232,Cambodia
2021-10-02,174,Cambodia
2021-10-03,199,Cambodia
2021-10-04,219,Cambodia
2021-10-05,228,Cambodia
2021-10-06,221,Cambodia
2021-10-07,224,Cambodia
2021-10-08,203,Cambodia
2021-10-09,220,Cambodia
2021-10-10,239,Cambodia
2021-10-11,258,Cambodia
2021-10-12,267,Cambodia
2021-10-13,272,Cambodia
2021-10-14,268,Cambodia
2021-10-15,265,Cambodia
2021-10-16,267,Cambodia
2021-10-17,258,Cambodia
2021-10-18,195,Cambodia
2021-10-19,175,Cambodia
2021-10-20,166,Cambodia
2021-10-21,151,Cambodia
2021-10-22,148,Cambodia
2021-10-23,144,Cambodia
2021-10-24,128,Cambodia
2021-10-25,116,Cambodia
2021-10-26,112,Cambodia
2021-10-27,111,Cambodia
2021-10-28,109,Cambodia
2021-10-29,101,Cambodia
2021-10-30,106,Cambodia
2021-10-31,95,Cambodia
2021-11-01,91,Cambodia
2021-11-02,89,Cambodia
2021-11-03,85,Cambodia
2021-11-04,83,Cambodia
2021-11-05,78,Cambodia
2021-11-06,73,Cambodia
2021-11-07,71,Cambodia
2021-11-08,68,Cambodia
2021-11-09,67,Cambodia
2021-11-10,65,Cambodia
2021-11-11,66,Cambodia
2021-11-12,63,Cambodia
2021-11-13,60,Cambodia
2021-11-14,55,Cambodia
2021-11-15,52,Cambodia
2021-11-16,48,Cambodia
2021-11-17,51,Cambodia
2021-11-18,54,Cambodia
2021-11-19,45,Cambodia
2021-11-20,40,Cambodia
2021-11-21,41,Cambodia
2021-11-22,37,Cambodia
2021-11-23,39,Cambodia
2021-11-24,34,Cambodia
2021-11-25,32,Cambodia
2021-11-26,29,Cambodia
2021-11-27,26,Cambodia
2021-11-28,23,Cambodia
2021-11-29,25,Cambodia
2021-11-30,22,Cambodia
2021-12-01,26,Cambodia
2021-12-02,23,Cambodia
2021-12-03,24,Cambodia
2021-12-04,25,Cambodia
2021-12-05,24,Cambodia
2021-12-06,16,Cambodia
2021-12-07,14,Cambodia
2021-12-08,14,Cambodia
2021-12-09,12,Cambodia
2021-12-10,15,Cambodia
2021-12-11,16,Cambodia
2021-12-12,12,Cambodia
2021-12-13,15,Cambodia
2021-12-14,12,Cambodia
2021-12-15,8,Cambodia
2021-12-16,7,Cambodia
2021-12-17,8,Cambodia
2021-12-18,5,Cambodia
2021-12-19,6,Cambodia
2021-12-20,7,Cambodia
2021-12-21,4,Cambodia
2021-12-22,3,Cambodia
2021-12-23,4,Cambodia
2021-12-24,6,Cambodia
2021-12-25,5,Cambodia
2021-12-26,4,Cambodia
2021-12-27,15,Cambodia
2021-12-28,5,Cambodia
2021-12-29,4,Cambodia
2021-12-30,14,Cambodia
2021-12-31,6,Cambodia
2022-01-01,14,Cambodia
2022-01-02,3,Cambodia
2022-01-03,6,Cambodia
2022-01-04,10,Cambodia
2022-01-05,9,Cambodia
2022-01-06,18,Cambodia
2022-01-07,11,Cambodia
2022-01-08,27,Cambodia
2022-01-09,30,Cambodia
2022-01-10,15,Cambodia
2022-01-11,34,Cambodia
2022-01-12,14,Cambodia
2022-01-13,34,Cambodia
2022-01-14,10,Cambodia
2022-01-15,45,Cambodia
2022-01-16,23,Cambodia
2022-01-17,29,Cambodia
2022-01-18,22,Cambodia
2022-01-19,30,Cambodia
2022-01-20,37,Cambodia
2022-01-21,42,Cambodia
2022-01-22,44,Cambodia
2022-01-23,26,Cambodia
2022-01-24,40,Cambodia
2022-01-25,28,Cambodia
2022-01-26,22,Cambodia
2022-01-27,34,Cambodia
2022-01-28,38,Cambodia
2022-01-29,54,Cambodia
2022-01-30,57,Cambodia
2022-01-31,56,Cambodia
2022-02-01,35,Cambodia
2022-02-02,48,Cambodia
2022-02-03,46,Cambodia
2022-02-04,66,Cambodia
2022-02-05,112,Cambodia
2022-02-06,111,Cambodia
2022-02-07,108,Cambodia
2022-02-08,102,Cambodia
2022-02-09,223,Cambodia
2022-02-10,262,Cambodia
2022-02-11,274,Cambodia
2022-02-12,300,Cambodia
2022-02-13,401,Cambodia
2022-02-14,512,Cambodia
2022-02-15,184,Cambodia
2022-02-16,204,Cambodia
2022-02-17,444,Cambodia
2022-02-18,414,Cambodia
2022-02-19,552,Cambodia
2022-02-20,736,Cambodia
2022-02-21,488,Cambodia
2022-02-22,598,Cambodia
2022-02-23,558,Cambodia
2022-02-24,466,Cambodia
2022-02-25,479,Cambodia
2022-02-26,470,Cambodia
2022-02-27,372,Cambodia
2022-02-28,356,Cambodia
2022-03-01,313,Cambodia
2022-03-02,415,Cambodia
2022-03-03,368,Cambodia
2022-03-04,366,Cambodia
2022-03-05,334,Cambodia
2022-03-06,330,Cambodia
2022-03-07,306,Cambodia
2022-03-08,357,Cambodia
2022-03-09,198,Cambodia
2022-03-10,238,Cambodia
2022-03-11,237,Cambodia
2022-03-12,205,Cambodia
2022-03-13,125,Cambodia
2022-03-14,145,Cambodia
2022-03-15,139,Cambodia
2022-03-16,140,Cambodia
2022-03-17,132,Cambodia
2022-03-18,148,Cambodia
2022-03-19,117,Cambodia
2022-03-20,97,Cambodia
2022-03-21,99,Cambodia
2022-03-22,73,Cambodia
2022-03-23,64,Cambodia
2022-03-24,63,Cambodia
2022-03-25,59,Cambodia
2022-03-26,58,Cambodia
2022-03-27,59,Cambodia
2022-03-28,52,Cambodia
2022-03-29,39,Cambodia
2022-03-30,33,Cambodia
2022-03-31,40,Cambodia
2022-04-01,57,Cambodia
2022-04-02,32,Cambodia
2022-04-03,33,Cambodia
2022-04-04,35,Cambodia
2022-04-05,30,Cambodia
2022-04-06,22,Cambodia
2022-04-07,27,Cambodia
2022-04-08,28,Cambodia
2022-04-09,25,Cambodia
2022-04-10,33,Cambodia
2022-04-11,16,Cambodia
2022-04-12,17,Cambodia
2022-04-13,18,Cambodia
2022-04-14,15,Cambodia
2022-04-15,19,Cambodia
2022-04-16,12,Cambodia
2022-04-17,16,Cambodia
2022-04-18,16,Cambodia
2022-04-19,14,Cambodia
2022-04-20,27,Cambodia
2022-04-21,29,Cambodia
2022-04-22,26,Cambodia
2022-04-23,28,Cambodia
2022-04-24,16,Cambodia
2022-04-25,12,Cambodia
2022-04-26,2,Cambodia
2022-04-27,5,Cambodia
2022-04-28,11,Cambodia
2022-04-29,5,Cambodia
2022-04-30,0,Cambodia
2022-05-01,1,Cambodia
2022-05-02,2,Cambodia
2022-05-03,3,Cambodia
2022-05-04,1,Cambodia
2022-05-05,1,Cambodia
2022-05-06,1,Cambodia
2022-05-07,2,Cambodia
2022-05-08,0,Cambodia
2022-05-09,0,Cambodia
2022-05-10,0,Cambodia
2022-05-11,0,Cambodia
2022-05-12,0,Cambodia
2022-05-13,0,Cambodia
2022-05-14,0,Cambodia
2022-05-15,0,Cambodia
2022-05-16,0,Cambodia
2022-05-17,0,Cambodia
2022-05-18,0,Cambodia
2022-05-19,0,Cambodia
2022-05-20,0,Cambodia
2022-05-21,0,Cambodia
2022-05-22,0,Cambodia
2022-05-23,0,Cambodia
2022-05-24,0,Cambodia
2022-05-25,0,Cambodia
2022-05-26,0,Cambodia
2022-05-27,0,Cambodia
2022-05-28,0,Cambodia
2022-05-29,0,Cambodia
2022-05-30,0,Cambodia
2022-05-31,0,Cambodia
2022-06-01,0,Cambodia
2022-06-02,0,Cambodia
2022-06-03,0,Cambodia
2022-06-04,0,Cambodia
2022-06-05,0,Cambodia
2022-06-06,0,Cambodia
2022-06-07,0,Cambodia
2022-06-08,0,Cambodia
2022-06-09,0,Cambodia
2022-06-10,0,Cambodia
2022-06-11,0,Cambodia
2022-06-12,0,Cambodia
2022-06-13,0,Cambodia
2022-06-14,0,Cambodia
2022-06-15,0,Cambodia
2022-06-16,0,Cambodia
2022-06-17,0,Cambodia
2022-06-18,0,Cambodia
2022-06-19,0,Cambodia
2022-06-20,0,Cambodia
2022-06-21,0,Cambodia
2022-06-22,0,Cambodia
2022-06-23,0,Cambodia
2022-06-24,0,Cambodia
2022-06-25,0,Cambodia
2022-06-26,0,Cambodia
2022-06-27,0,Cambodia
2022-06-28,0,Cambodia
2022-06-29,10,Cambodia
2022-06-30,7,Cambodia
2022-07-01,3,Cambodia
2022-07-02,8,Cambodia
2022-07-03,0,Cambodia
2022-07-04,6,Cambodia
2022-07-05,2,Cambodia
2022-07-06,3,Cambodia
2022-07-07,7,Cambodia
2022-07-08,6,Cambodia
2022-07-09,12,Cambodia
2022-07-10,17,Cambodia
2022-07-11,16,Cambodia
2022-07-12,3,Cambodia
2022-07-13,12,Cambodia
2022-07-14,16,Cambodia
2022-07-15,17,Cambodia
2022-07-16,14,Cambodia
2022-07-17,16,Cambodia
2022-07-18,18,Cambodia
2022-07-19,22,Cambodia
2022-07-20,22,Cambodia
2022-07-21,13,Cambodia
2022-07-22,20,Cambodia
2022-07-23,13,Cambodia
2022-07-24,20,Cambodia
2022-07-25,23,Cambodia
2022-07-26,24,Cambodia
2022-07-27,19,Cambodia
2022-07-28,20,Cambodia
2022-07-29,29,Cambodia
2022-07-30,26,Cambodia
2022-07-31,47,Cambodia
2022-08-01,36,Cambodia
2022-08-02,40,Cambodia
2022-08-03,39,Cambodia
2022-08-04,40,Cambodia
2022-08-05,29,Cambodia
2022-08-06,22,Cambodia
2022-08-07,18,Cambodia
2022-08-08,44,Cambodia
2022-08-09,35,Cambodia
2022-08-10,25,Cambodia
2022-08-11,36,Cambodia
2022-08-12,21,Cambodia
2022-08-13,41,Cambodia
2022-08-14,28,Cambodia
2022-08-15,29,Cambodia
2022-08-16,28,Cambodia
2022-08-17,36,Cambodia
2022-08-18,26,Cambodia
2022-08-19,23,Cambodia
2022-08-20,28,Cambodia
2022-08-21,17,Cambodia
2022-08-22,32,Cambodia
2022-08-23,22,Cambodia
2022-08-24,28,Cambodia
2022-08-25,6,Cambodia
2022-08-26,15,Cambodia
2022-08-27,22,Cambodia
2022-08-28,19,Cambodia
2022-08-29,17,Cambodia
2022-08-30,26,Cambodia
2022-08-31,15,Cambodia
2022-09-01,24,Cambodia
2022-09-02,9,Cambodia
2022-09-03,8,Cambodia
2022-09-04,13,Cambodia
2022-09-05,11,Cambodia
2022-09-06,7,Cambodia
2022-09-07,11,Cambodia
2022-09-08,8,Cambodia
2022-09-09,2,Cambodia
2022-09-10,7,Cambodia
2022-09-11,9,Cambodia
2022-09-12,5,Cambodia
2022-09-13,9,Cambodia
2022-09-14,16,Cambodia
2022-09-15,4,Cambodia
2022-09-16,6,Cambodia
2022-09-17,7,Cambodia
2022-09-18,3,Cambodia
2022-09-19,12,Cambodia
2022-09-20,4,Cambodia
2022-09-21,7,Cambodia
2022-09-22,35,Cambodia
2022-09-23,11,Cambodia
2022-09-24,3,Cambodia
2022-09-25,6,Cambodia
2022-09-26,7,Cambodia
2022-09-27,9,Cambodia
2022-09-28,7,Cambodia
2022-09-29,5,Cambodia
2022-09-30,9,Cambodia
2022-10-01,7,Cambodia
2022-10-02,4,Cambodia
2022-10-03,4,Cambodia
2022-10-04,8,Cambodia
2022-10-05,4,Cambodia
2022-10-06,2,Cambodia
2022-10-07,7,Cambodia
2022-10-08,6,Cambodia
2022-10-09,9,Cambodia
2022-10-10,6,Cambodia
2022-10-11,9,Cambodia
2022-10-12,1,Cambodia
2022-10-13,4,Cambodia
2022-10-14,11,Cambodia
2022-10-15,5,Cambodia
2022-10-16,6,Cambodia
2022-10-17,2,Cambodia
2022-10-18,5,Cambodia
2022-10-19,5,Cambodia
2022-10-20,1,Cambodia
2020-03-02,206,China
2020-03-03,128,China
2020-03-04,120,China
2020-03-05,143,China
2020-03-06,145,China
2020-03-07,103,China
2020-03-08,46,China
2020-03-09,45,China
2020-03-10,20,China
2020-03-11,31,China
2020-03-12,25,China
2020-03-13,11,China
2020-03-14,30,China
2020-03-15,27,China
2020-03-16,29,China
2020-03-17,40,China
2020-03-18,34,China
2020-03-19,86,China
2020-03-20,63,China
2020-03-21,116,China
2020-03-22,82,China
2020-03-23,103,China
2020-03-24,146,China
2020-03-25,101,China
2020-03-26,113,China
2020-03-27,117,China
2020-03-28,135,China
2020-03-29,128,China
2020-03-30,106,China
2020-03-31,98,China
2020-04-01,86,China
2020-04-02,93,China
2020-04-03,78,China
2020-04-04,73,China
2020-04-05,55,China
2020-04-06,75,China
2020-04-07,67,China
2020-04-08,85,China
2020-04-09,92,China
2020-04-10,56,China
2020-04-11,64,China
2020-04-12,113,China
2020-04-13,115,China
2020-04-14,99,China
2020-04-15,49,China
2020-04-16,52,China
2020-04-17,27,China
2020-04-18,356,China
2020-04-19,21,China
2020-04-20,36,China
2020-04-21,13,China
2020-04-22,37,China
2020-04-23,15,China
2020-04-24,9,China
2020-04-25,13,China
2020-04-26,14,China
2020-04-27,3,China
2020-04-28,6,China
2020-04-29,22,China
2020-04-30,4,China
2020-05-01,12,China
2020-05-02,3,China
2020-05-03,5,China
2020-05-04,7,China
2020-05-05,4,China
2020-05-06,2,China
2020-05-07,3,China
2020-05-08,6,China
2020-05-09,1,China
2020-05-10,14,China
2020-05-11,20,China
2020-05-12,1,China
2020-05-13,7,China
2020-05-14,6,China
2020-05-15,5,China
2020-05-16,9,China
2020-05-17,6,China
2020-05-18,10,China
2020-05-19,6,China
2020-05-20,5,China
2020-05-21,2,China
2020-05-22,13,China
2020-05-23,2,China
2020-05-24,3,China
2020-05-25,11,China
2020-05-26,7,China
2020-05-27,1,China
2020-05-28,3,China
2020-05-29,0,China
2020-05-30,18,China
2020-05-31,5,China
2020-06-01,18,China
2020-06-02,9,China
2020-06-03,5,China
2020-06-04,1,China
2020-06-05,11,China
2020-06-06,6,China
2020-06-07,9,China
2020-06-08,5,China
2020-06-09,4,China
2020-06-10,3,China
2020-06-11,11,China
2020-06-12,7,China
2020-06-13,12,China
2020-06-14,58,China
2020-06-15,49,China
2020-06-16,45,China
2020-06-17,44,China
2020-06-18,36,China
2020-06-19,37,China
2020-06-20,30,China
2020-06-21,27,China
2020-06-22,21,China
2020-06-23,52,China
2020-06-24,28,China
2020-06-25,21,China
2020-06-26,29,China
2020-06-27,24,China
2020-06-28,18,China
2020-06-29,14,China
2020-06-30,23,China
2020-07-01,5,China
2020-07-02,31,China
2020-07-03,15,China
2020-07-04,9,China
2020-07-05,19,China
2020-07-06,14,China
2020-07-07,25,China
2020-07-08,21,China
2020-07-09,33,China
2020-07-10,46,China
2020-07-11,42,China
2020-07-12,35,China
2020-07-13,46,China
2020-07-14,55,China
2020-07-15,54,China
2020-07-16,20,China
2020-07-17,78,China
2020-07-18,82,China
2020-07-19,80,China
2020-07-20,131,China
2020-07-21,84,China
2020-07-22,74,China
2020-07-23,135,China
2020-07-24,139,China
2020-07-25,160,China
2020-07-26,179,China
2020-07-27,189,China
2020-07-28,217,China
2020-07-29,212,China
2020-07-30,223,China
2020-07-31,276,China
2020-08-01,166,China
2020-08-02,180,China
2020-08-03,158,China
2020-08-04,114,China
2020-08-05,108,China
2020-08-06,122,China
2020-08-07,133,China
2020-08-08,120,China
2020-08-09,92,China
2020-08-10,121,China
2020-08-11,113,China
2020-08-12,61,China
2020-08-13,82,China
2020-08-14,99,China
2020-08-15,70,China
2020-08-16,66,China
2020-08-17,98,China
2020-08-18,67,China
2020-08-19,54,China
2020-08-20,33,China
2020-08-21,40,China
2020-08-22,50,China
2020-08-23,38,China
2020-08-24,41,China
2020-08-25,23,China
2020-08-26,34,China
2020-08-27,32,China
2020-08-28,30,China
2020-08-29,22,China
2020-08-30,28,China
2020-08-31,32,China
2020-09-01,19,China
2020-09-02,20,China
2020-09-03,20,China
2020-09-04,33,China
2020-09-05,23,China
2020-09-06,19,China
2020-09-07,34,China
2020-09-08,22,China
2020-09-09,9,China
2020-09-10,13,China
2020-09-11,28,China
2020-09-12,20,China
2020-09-13,23,China
2020-09-14,29,China
2020-09-15,23,China
2020-09-16,16,China
2020-09-17,19,China
2020-09-18,44,China
2020-09-19,17,China
2020-09-20,26,China
2020-09-21,36,China
2020-09-22,14,China
2020-09-23,18,China
2020-09-24,10,China
2020-09-25,15,China
2020-09-26,18,China
2020-09-27,15,China
2020-09-28,27,China
2020-09-29,25,China
2020-09-30,23,China
2020-10-01,20,China
2020-10-02,21,China
2020-10-03,19,China
2020-10-04,20,China
2020-10-05,25,China
2020-10-06,24,China
2020-10-07,18,China
2020-10-08,24,China
2020-10-09,40,China
2020-10-10,26,China
2020-10-11,27,China
2020-10-12,28,China
2020-10-13,26,China
2020-10-14,28,China
2020-10-15,11,China
2020-10-16,37,China
2020-10-17,24,China
2020-10-18,30,China
2020-10-19,17,China
2020-10-20,39,China
2020-10-21,19,China
2020-10-22,23,China
2020-10-23,33,China
2020-10-24,32,China
2020-10-25,22,China
2020-10-26,26,China
2020-10-27,24,China
2020-10-28,47,China
2020-10-29,50,China
2020-10-30,31,China
2020-10-31,41,China
2020-11-01,28,China
2020-11-02,34,China
2020-11-03,60,China
2020-11-04,30,China
2020-11-05,32,China
2020-11-06,44,China
2020-11-07,43,China
2020-11-08,31,China
2020-11-09,47,China
2020-11-10,29,China
2020-11-11,28,China
2020-11-12,37,China
2020-11-13,36,China
2020-11-14,32,China
2020-11-15,24,China
2020-11-16,24,China
2020-11-17,24,China
2020-11-18,14,China
2020-11-19,23,China
2020-11-20,31,China
2020-11-21,44,China
2020-11-22,60,China
2020-11-23,85,China
2020-11-24,96,China
2020-11-25,85,China
2020-11-26,111,China
2020-11-27,88,China
2020-11-28,112,China
2020-11-29,104,China
2020-11-30,136,China
2020-12-01,112,China
2020-12-02,91,China
2020-12-03,129,China
2020-12-04,108,China
2020-12-05,133,China
2020-12-06,122,China
2020-12-07,133,China
2020-12-08,90,China
2020-12-09,117,China
2020-12-10,118,China
2020-12-11,131,China
2020-12-12,100,China
2020-12-13,101,China
2020-12-14,114,China
2020-12-15,103,China
2020-12-16,112,China
2020-12-17,96,China
2020-12-18,116,China
2020-12-19,89,China
2020-12-20,136,China
2020-12-21,100,China
2020-12-22,100,China
2020-12-23,82,China
2020-12-24,76,China
2020-12-25,85,China
2020-12-26,81,China
2020-12-27,84,China
2020-12-28,93,China
2020-12-29,96,China
2020-12-30,79,China
2020-12-31,81,China
2021-01-01,156,China
2021-01-02,65,China
2021-01-03,78,China
2021-01-04,89,China
2021-01-05,66,China
2021-01-06,90,China
2021-01-07,89,China
2021-01-08,81,China
2021-01-09,131,China
2021-01-10,134,China
2021-01-11,102,China
2021-01-12,179,China
2021-01-13,184,China
2021-01-14,173,China
2021-01-15,169,China
2021-01-16,166,China
2021-01-17,169,China
2021-01-18,232,China
2021-01-19,165,China
2021-01-20,223,China
2021-01-21,175,China
2021-01-22,178,China
2021-01-23,164,China
2021-01-24,205,China
2021-01-25,155,China
2021-01-26,140,China
2021-01-27,117,China
2021-01-28,93,China
2021-01-29,106,China
2021-01-30,130,China
2021-01-31,97,China
2021-02-01,65,China
2021-02-02,53,China
2021-02-03,51,China
2021-02-04,44,China
2021-02-05,54,China
2021-02-06,31,China
2021-02-07,44,China
2021-02-08,47,China
2021-02-09,45,China
2021-02-10,21,China
2021-02-11,34,China
2021-02-12,33,China
2021-02-13,19,China
2021-02-14,21,China
2021-02-15,25,China
2021-02-16,15,China
2021-02-17,28,China
2021-02-18,20,China
2021-02-19,22,China
2021-02-20,23,China
2021-02-21,31,China
2021-02-22,26,China
2021-02-23,24,China
2021-02-24,28,China
2021-02-25,24,China
2021-02-26,34,China
2021-02-27,42,China
2021-02-28,42,China
2021-03-01,25,China
2021-03-02,23,China
2021-03-03,27,China
2021-03-04,20,China
2021-03-05,21,China
2021-03-06,28,China
2021-03-07,37,China
2021-03-08,24,China
2021-03-09,27,China
2021-03-10,20,China
2021-03-11,31,China
2021-03-12,73,China
2021-03-13,57,China
2021-03-14,30,China
2021-03-15,48,China
2021-03-16,22,China
2021-03-17,17,China
2021-03-18,29,China
2021-03-19,23,China
2021-03-20,21,China
2021-03-21,16,China
2021-03-22,27,China
2021-03-23,23,China
2021-03-24,23,China
2021-03-25,23,China
2021-03-26,24,China
2021-03-27,21,China
2021-03-28,18,China
2021-03-29,17,China
2021-03-30,19,China
2021-03-31,28,China
2021-04-01,28,China
2021-04-02,48,China
2021-04-03,29,China
2021-04-04,41,China
2021-04-05,41,China
2021-04-06,21,China
2021-04-07,33,China
2021-04-08,31,China
2021-04-09,32,China
2021-04-10,17,China
2021-04-11,30,China
2021-04-12,23,China
2021-04-13,29,China
2021-04-14,20,China
2021-04-15,18,China
2021-04-16,34,China
2021-04-17,36,China
2021-04-18,42,China
2021-04-19,25,China
2021-04-20,31,China
2021-04-21,11,China
2021-04-22,37,China
2021-04-23,22,China
2021-04-24,23,China
2021-04-25,20,China
2021-04-26,19,China
2021-04-27,26,China
2021-04-28,33,China
2021-04-29,33,China
2021-04-30,27,China
2021-05-01,27,China
2021-05-02,18,China
2021-05-03,27,China
2021-05-04,19,China
2021-05-05,18,China
2021-05-06,28,China
2021-05-07,14,China
2021-05-08,22,China
2021-05-09,13,China
2021-05-10,33,China
2021-05-11,28,China
2021-05-12,32,China
2021-05-13,35,China
2021-05-14,49,China
2021-05-15,206,China
2021-05-16,234,China
2021-05-17,357,China
2021-05-18,258,China
2021-05-19,286,China
2021-05-20,319,China
2021-05-21,326,China
2021-05-22,742,China
2021-05-23,474,China
2021-05-24,611,China
2021-05-25,558,China
2021-05-26,654,China
2021-05-27,678,China
2021-05-28,572,China
2021-05-29,504,China
2021-05-30,382,China
2021-05-31,377,China
2021-06-01,361,China
2021-06-02,573,China
2021-06-03,609,China
2021-06-04,498,China
2021-06-05,541,China
2021-06-06,562,China
2021-06-07,24,China
2021-06-08,237,China
2021-06-09,289,China
2021-06-10,281,China
2021-06-11,317,China
2021-06-12,288,China
2021-06-13,198,China
2021-06-14,206,China
2021-06-15,156,China
2021-06-16,190,China
2021-06-17,197,China
2021-06-18,219,China
2021-06-19,152,China
2021-06-20,127,China
2021-06-21,101,China
2021-06-22,109,China
2021-06-23,121,China
2021-06-24,161,China
2021-06-25,105,China
2021-06-26,96,China
2021-06-27,117,China
2021-06-28,81,China
2021-06-29,64,China
2021-06-30,69,China
2021-07-01,72,China
2021-07-02,92,China
2021-07-03,96,China
2021-07-04,64,China
2021-07-05,53,China
2021-07-06,87,China
2021-07-07,58,China
2021-07-08,47,China
2021-07-09,63,China
2021-07-10,58,China
2021-07-11,59,China
2021-07-12,53,China
2021-07-13,53,China
2021-07-14,58,China
2021-07-15,54,China
2021-07-16,63,China
2021-07-17,45,China
2021-07-18,51,China
2021-07-19,86,China
2021-07-20,53,China
2021-07-21,81,China
2021-07-22,82,China
2021-07-23,61,China
2021-07-24,59,China
2021-07-25,93,China
2021-07-26,82,China
2021-07-27,104,China
2021-07-28,70,China
2021-07-29,84,China
2021-07-30,82,China
2021-07-31,87,China
2021-08-01,115,China
2021-08-02,107,China
2021-08-03,123,China
2021-08-04,108,China
2021-08-05,141,China
2021-08-06,121,China
2021-08-07,113,China
2021-08-08,134,China
2021-08-09,153,China
2021-08-10,123,China
2021-08-11,98,China
2021-08-12,110,China
2021-08-13,87,China
2021-08-14,62,China
2021-08-15,61,China
2021-08-16,55,China
2021-08-17,49,China
2021-08-18,60,China
2021-08-19,44,China
2021-08-20,31,China
2021-08-21,45,China
2021-08-22,36,China
2021-08-23,46,China
2021-08-24,33,China
2021-08-25,32,China
2021-08-26,43,China
2021-08-27,45,China
2021-08-28,45,China
2021-08-29,53,China
2021-08-30,48,China
2021-08-31,25,China
2021-09-01,35,China
2021-09-02,28,China
2021-09-03,38,China
2021-09-04,30,China
2021-09-05,32,China
2021-09-06,54,China
2021-09-07,37,China
2021-09-08,39,China
2021-09-09,25,China
2021-09-10,37,China
2021-09-11,55,China
2021-09-12,66,China
2021-09-13,98,China
2021-09-14,80,China
2021-09-15,86,China
2021-09-16,96,China
2021-09-17,57,China
2021-09-18,77,China
2021-09-19,64,China
2021-09-20,83,China
2021-09-21,47,China
2021-09-22,51,China
2021-09-23,65,China
2021-09-24,53,China
2021-09-25,43,China
2021-09-26,51,China
2021-09-27,43,China
2021-09-28,53,China
2021-09-29,38,China
2021-09-30,44,China
2021-10-01,56,China
2021-10-02,43,China
2021-10-03,33,China
2021-10-04,38,China
2021-10-05,41,China
2021-10-06,36,China
2021-10-07,34,China
2021-10-08,33,China
2021-10-09,36,China
2021-10-10,32,China
2021-10-11,30,China
2021-10-12,30,China
2021-10-13,28,China
2021-10-14,19,China
2021-10-15,27,China
2021-10-16,37,China
2021-10-17,28,China
2021-10-18,30,China
2021-10-19,38,China
2021-10-20,29,China
2021-10-21,51,China
2021-10-22,60,China
2021-10-23,56,China
2021-10-24,47,China
2021-10-25,55,China
2021-10-26,66,China
2021-10-27,52,China
2021-10-28,72,China
2021-10-29,88,China
2021-10-30,81,China
2021-10-31,99,China
2021-11-01,77,China
2021-11-02,115,China
2021-11-03,114,China
2021-11-04,87,China
2021-11-05,63,China
2021-11-06,82,China
2021-11-07,94,China
2021-11-08,65,China
2021-11-09,61,China
2021-11-10,72,China
2021-11-11,110,China
2021-11-12,86,China
2021-11-13,95,China
2021-11-14,61,China
2021-11-15,37,China
2021-11-16,34,China
2021-11-17,43,China
2021-11-18,31,China
2021-11-19,34,China
2021-11-20,24,China
2021-11-21,49,China
2021-11-22,25,China
2021-11-23,35,China
2021-11-24,30,China
2021-11-25,29,China
2021-11-26,41,China
2021-11-27,38,China
2021-11-28,54,China
2021-11-29,50,China
2021-11-30,124,China
2021-12-01,84,China
2021-12-02,119,China
2021-12-03,104,China
2021-12-04,74,China
2021-12-05,74,China
2021-12-06,109,China
2021-12-07,100,China
2021-12-08,88,China
2021-12-09,87,China
2021-12-10,107,China
2021-12-11,86,China
2021-12-12,112,China
2021-12-13,83,China
2021-12-14,82,China
2021-12-15,85,China
2021-12-16,98,China
2021-12-17,147,China
2021-12-18,101,China
2021-12-19,116,China
2021-12-20,99,China
2021-12-21,95,China
2021-12-22,121,China
2021-12-23,102,China
2021-12-24,165,China
2021-12-25,249,China
2021-12-26,233,China
2021-12-27,235,China
2021-12-28,222,China
2021-12-29,233,China
2021-12-30,232,China
2021-12-31,291,China
2022-01-01,230,China
2022-01-02,207,China
2022-01-03,229,China
2022-01-04,164,China
2022-01-05,253,China
2022-01-06,250,China
2022-01-07,252,China
2022-01-08,246,China
2022-01-09,249,China
2022-01-10,248,China
2022-01-11,312,China
2022-01-12,308,China
2022-01-13,280,China
2022-01-14,241,China
2022-01-15,202,China
2022-01-16,285,China
2022-01-17,243,China
2022-01-18,171,China
2022-01-19,135,China
2022-01-20,124,China
2022-01-21,154,China
2022-01-22,210,China
2022-01-23,286,China
2022-01-24,232,China
2022-01-25,175,China
2022-01-26,261,China
2022-01-27,295,China
2022-01-28,238,China
2022-01-29,248,China
2022-01-30,193,China
2022-01-31,213,China
2022-02-01,252,China
2022-02-02,207,China
2022-02-03,227,China
2022-02-04,229,China
2022-02-05,466,China
2022-02-06,463,China
2022-02-07,767,China
2022-02-08,783,China
2022-02-09,1244,China
2022-02-10,1170,China
2022-02-11,1503,China
2022-02-12,1641,China
2022-02-13,1483,China
2022-02-14,2205,China
2022-02-15,1765,China
2022-02-16,4441,China
2022-02-17,6271,China
2022-02-18,3833,China
2022-02-19,6331,China
2022-02-20,6281,China
2022-02-21,7720,China
2022-02-22,6460,China
2022-02-23,8916,China
2022-02-24,9103,China
2022-02-25,38163,China
2022-02-26,23704,China
2022-02-27,26321,China
2022-02-28,34722,China
2022-03-01,32865,China
2022-03-02,55617,China
2022-03-03,57192,China
2022-03-04,52868,China
2022-03-05,37938,China
2022-03-06,31378,China
2022-03-07,25504,China
2022-03-08,28865,China
2022-03-09,26596,China
2022-03-10,25027,China
2022-03-11,19558,China
2022-03-12,17788,China
2022-03-13,14835,China
2022-03-14,15717,China
2022-03-15,13947,China
2022-03-16,15861,China
2022-03-17,11180,China
2022-03-18,10269,China
2022-03-19,9391,China
2022-03-20,8024,China
2022-03-21,6958,China
2022-03-22,7052,China
2022-03-23,6401,China
2022-03-24,7237,China
2022-03-25,6049,China
2022-03-26,5241,China
2022-03-27,5033,China
2022-03-28,4647,China
2022-03-29,4889,China
2022-03-30,4995,China
2022-03-31,4925,China
2022-04-01,5108,China
2022-04-02,4195,China
2022-04-03,3517,China
2022-04-04,3097,China
2022-04-05,3354,China
2022-04-06,3171,China
2022-04-07,3475,China
2022-04-08,3079,China
2022-04-09,2826,China
2022-04-10,2646,China
2022-04-11,2600,China
2022-04-12,2868,China
2022-04-13,4687,China
2022-04-14,5046,China
2022-04-15,5650,China
2022-04-16,5326,China
2022-04-17,4490,China
2022-04-18,5108,China
2022-04-19,4803,China
2022-04-20,5651,China
2022-04-21,5508,China
2022-04-22,7129,China
2022-04-23,6034,China
2022-04-24,8070,China
2022-04-25,7383,China
2022-04-26,8361,China
2022-04-27,10639,China
2022-04-28,17382,China
2022-04-29,13927,China
2022-04-30,16227,China
2022-05-01,18064,China
2022-05-02,18357,China
2022-05-03,23622,China
2022-05-04,28850,China
2022-05-05,30628,China
2022-05-06,36540,China
2022-05-07,44907,China
2022-05-08,44817,China
2022-05-09,40772,China
2022-05-10,51206,China
2022-05-11,57553,China
2022-05-12,65881,China
2022-05-13,65326,China
2022-05-14,64346,China
2022-05-15,68993,China
2022-05-16,62011,China
2022-05-17,65965,China
2022-05-18,84737,China
2022-05-19,90656,China
2022-05-20,86063,China
2022-05-21,84865,China
2022-05-22,79754,China
2022-05-23,66477,China
2022-05-24,82613,China
2022-05-25,89607,China
2022-05-26,82120,China
2022-05-27,94753,China
2022-05-28,81043,China
2022-05-29,76727,China
2022-05-30,60201,China
2022-05-31,80809,China
2022-06-01,88425,China
2022-06-02,77134,China
2022-06-03,76786,China
2022-06-04,68350,China
2022-06-05,62264,China
2022-06-06,53254,China
2022-06-07,83172,China
2022-06-08,80429,China
2022-06-09,73344,China
2022-06-10,68663,China
2022-06-11,80020,China
2022-06-12,51100,China
2022-06-13,45459,China
2022-06-14,66651,China
2022-06-15,69470,China
2022-06-16,63761,China
2022-06-17,55742,China
2022-06-18,54218,China
2022-06-19,51168,China
2022-06-20,36182,China
2022-06-21,56939,China
2022-06-22,52951,China
2022-06-23,49053,China
2022-06-24,46513,China
2022-06-25,41120,China
2022-06-26,40425,China
2022-06-27,29337,China
2022-06-28,45012,China
2022-06-29,43135,China
2022-06-30,39947,China
2022-07-01,36825,China
2022-07-02,35765,China
2022-07-03,0,China
2022-07-04,33327,China
2022-07-05,23676,China
2022-07-06,37114,China
2022-07-07,35862,China
2022-07-08,32694,China
2022-07-09,31728,China
2022-07-10,29514,China
2022-07-11,29355,China
2022-07-12,20500,China
2022-07-13,32669,China
2022-07-14,31582,China
2022-07-15,29359,China
2022-07-16,27035,China
2022-07-17,27055,China
2022-07-18,25967,China
2022-07-19,19637,China
2022-07-20,28719,China
2022-07-21,29052,China
2022-07-22,27138,China
2022-07-23,25909,China
2022-07-24,24268,China
2022-07-25,23618,China
2022-07-26,18896,China
2022-07-27,27038,China
2022-07-28,27755,China
2022-07-29,26089,China
2022-07-30,25285,China
2022-07-31,23322,China
2022-08-01,22895,China
2022-08-02,18367,China
2022-08-03,25279,China
2022-08-04,25929,China
2022-08-05,25115,China
2022-08-06,23802,China
2022-08-07,21953,China
2022-08-08,24043,China
2022-08-09,17411,China
2022-08-10,25747,China
2022-08-11,26401,China
2022-08-12,25082,China
2022-08-13,24111,China
2022-08-14,23901,China
2022-08-15,23581,China
2022-08-16,18103,China
2022-08-17,25733,China
2022-08-18,27870,China
2022-08-19,26424,China
2022-08-20,25756,China
2022-08-21,24957,China
2022-08-22,25251,China
2022-08-23,19693,China
2022-08-24,29168,China
2022-08-25,32027,China
2022-08-26,30805,China
2022-08-27,29364,China
2022-08-28,28156,China
2022-08-29,30209,China
2022-08-30,23517,China
2022-08-31,34704,China
2022-09-01,38197,China
2022-09-02,37797,China
2022-09-03,37264,China
2022-09-04,36356,China
2022-09-05,37783,China
2022-09-06,27188,China
2022-09-07,39627,China
2022-09-08,44567,China
2022-09-09,38417,China
2022-09-10,37255,China
2022-09-11,38451,China
2022-09-12,34676,China
2022-09-13,27790,China
2022-09-14,49311,China
2022-09-15,52089,China
2022-09-16,48102,China
2022-09-17,44057,China
2022-09-18,41668,China
2022-09-19,41563,China
2022-09-20,30166,China
2022-09-21,46312,China
2022-09-22,48725,China
2022-09-23,44260,China
2022-09-24,41620,China
2022-09-25,39830,China
2022-09-26,40424,China
2022-09-27,30124,China
2022-09-28,47084,China
2022-09-29,50009,China
2022-09-30,46290,China
2022-10-01,44858,China
2022-10-02,44303,China
2022-10-03,44594,China
2022-10-04,34860,China
2022-10-05,50924,China
2022-10-06,56487,China
2022-10-07,48152,China
2022-10-08,52624,China
2022-10-09,46189,China
2022-10-10,46450,China
2022-10-11,34107,China
2022-10-12,43157,China
2022-10-13,54449,China
2022-10-14,55362,China
2022-10-15,50142,China
2022-10-16,45243,China
2022-10-17,43568,China
2022-10-18,30778,China
2022-10-19,46590,China
2022-10-20,46430,China
2020-03-02,0,Fiji
2020-03-03,0,Fiji
2020-03-04,0,Fiji
2020-03-05,0,Fiji
2020-03-06,0,Fiji
2020-03-07,0,Fiji
2020-03-08,0,Fiji
2020-03-09,0,Fiji
2020-03-10,0,Fiji
2020-03-11,0,Fiji
2020-03-12,0,Fiji
2020-03-13,0,Fiji
2020-03-14,0,Fiji
2020-03-15,0,Fiji
2020-03-16,0,Fiji
2020-03-17,0,Fiji
2020-03-18,0,Fiji
2020-03-19,1,Fiji
2020-03-20,0,Fiji
2020-03-21,1,Fiji
2020-03-22,0,Fiji
2020-03-23,0,Fiji
2020-03-24,2,Fiji
2020-03-25,1,Fiji
2020-03-26,0,Fiji
2020-03-27,0,Fiji
2020-03-28,0,Fiji
2020-03-29,0,Fiji
2020-03-30,0,Fiji
2020-03-31,0,Fiji
2020-04-01,0,Fiji
2020-04-02,0,Fiji
2020-04-03,2,Fiji
2020-04-04,0,Fiji
2020-04-05,5,Fiji
2020-04-06,0,Fiji
2020-04-07,3,Fiji
2020-04-08,0,Fiji
2020-04-09,0,Fiji
2020-04-10,0,Fiji
2020-04-11,1,Fiji
2020-04-12,0,Fiji
2020-04-13,0,Fiji
2020-04-14,0,Fiji
2020-04-15,0,Fiji
2020-04-16,0,Fiji
2020-04-17,1,Fiji
2020-04-18,0,Fiji
2020-04-19,0,Fiji
2020-04-20,0,Fiji
2020-04-21,1,Fiji
2020-04-22,0,Fiji
2020-04-23,0,Fiji
2020-04-24,0,Fiji
2020-04-25,0,Fiji
2020-04-26,0,Fiji
2020-04-27,0,Fiji
2020-04-28,0,Fiji
2020-04-29,0,Fiji
2020-04-30,0,Fiji
2020-05-01,0,Fiji
2020-05-02,0,Fiji
2020-05-03,0,Fiji
2020-05-04,0,Fiji
2020-05-05,0,Fiji
2020-05-06,0,Fiji
2020-05-07,0,Fiji
2020-05-08,0,Fiji
2020-05-09,0,Fiji
2020-05-10,0,Fiji
2020-05-11,0,Fiji
2020-05-12,0,Fiji
2020-05-13,0,Fiji
2020-05-14,0,Fiji
2020-05-15,0,Fiji
2020-05-16,0,Fiji
2020-05-17,0,Fiji
2020-05-18,0,Fiji
2020-05-19,0,Fiji
2020-05-20,0,Fiji
2020-05-21,0,Fiji
2020-05-22,0,Fiji
2020-05-23,0,Fiji
2020-05-24,0,Fiji
2020-05-25,0,Fiji
2020-05-26,0,Fiji
2020-05-27,0,Fiji
2020-05-28,0,Fiji
2020-05-29,0,Fiji
2020-05-30,0,Fiji
2020-05-31,0,Fiji
2020-06-01,0,Fiji
2020-06-02,0,Fiji
2020-06-03,0,Fiji
2020-06-04,0,Fiji
2020-06-05,0,Fiji
2020-06-06,0,Fiji
2020-06-07,0,Fiji
2020-06-08,0,Fiji
2020-06-09,0,Fiji
2020-06-10,0,Fiji
2020-06-11,0,Fiji
2020-06-12,0,Fiji
2020-06-13,0,Fiji
2020-06-14,0,Fiji
2020-06-15,0,Fiji
2020-06-16,0,Fiji
2020-06-17,0,Fiji
2020-06-18,0,Fiji
2020-06-19,0,Fiji
2020-06-20,0,Fiji
2020-06-21,0,Fiji
2020-06-22,0,Fiji
2020-06-23,0,Fiji
2020-06-24,0,Fiji
2020-06-25,0,Fiji
2020-06-26,0,Fiji
2020-06-27,0,Fiji
2020-06-28,0,Fiji
2020-06-29,0,Fiji
2020-06-30,0,Fiji
2020-07-01,0,Fiji
2020-07-02,0,Fiji
2020-07-03,0,Fiji
2020-07-04,0,Fiji
2020-07-05,0,Fiji
2020-07-06,1,Fiji
2020-07-07,0,Fiji
2020-07-08,2,Fiji
2020-07-09,0,Fiji
2020-07-10,0,Fiji
2020-07-11,0,Fiji
2020-07-12,5,Fiji
2020-07-13,0,Fiji
2020-07-14,0,Fiji
2020-07-15,0,Fiji
2020-07-16,0,Fiji
2020-07-17,0,Fiji
2020-07-18,0,Fiji
2020-07-19,0,Fiji
2020-07-20,0,Fiji
2020-07-21,1,Fiji
2020-07-22,0,Fiji
2020-07-23,0,Fiji
2020-07-24,0,Fiji
2020-07-25,0,Fiji
2020-07-26,0,Fiji
2020-07-27,0,Fiji
2020-07-28,0,Fiji
2020-07-29,0,Fiji
2020-07-30,0,Fiji
2020-07-31,0,Fiji
2020-08-01,0,Fiji
2020-08-02,0,Fiji
2020-08-03,0,Fiji
2020-08-04,0,Fiji
2020-08-05,0,Fiji
2020-08-06,0,Fiji
2020-08-07,0,Fiji
2020-08-08,0,Fiji
2020-08-09,0,Fiji
2020-08-10,0,Fiji
2020-08-11,0,Fiji
2020-08-12,0,Fiji
2020-08-13,0,Fiji
2020-08-14,1,Fiji
2020-08-15,0,Fiji
2020-08-16,0,Fiji
2020-08-17,0,Fiji
2020-08-18,0,Fiji
2020-08-19,0,Fiji
2020-08-20,0,Fiji
2020-08-21,0,Fiji
2020-08-22,0,Fiji
2020-08-23,0,Fiji
2020-08-24,0,Fiji
2020-08-25,0,Fiji
2020-08-26,0,Fiji
2020-08-27,0,Fiji
2020-08-28,0,Fiji
2020-08-29,0,Fiji
2020-08-30,0,Fiji
2020-08-31,0,Fiji
2020-09-01,0,Fiji
2020-09-02,1,Fiji
2020-09-03,0,Fiji
2020-09-04,2,Fiji
2020-09-05,0,Fiji
2020-09-06,0,Fiji
2020-09-07,0,Fiji
2020-09-08,0,Fiji
2020-09-09,1,Fiji
2020-09-10,0,Fiji
2020-09-11,0,Fiji
2020-09-12,0,Fiji
2020-09-13,0,Fiji
2020-09-14,0,Fiji
2020-09-15,0,Fiji
2020-09-16,0,Fiji
2020-09-17,0,Fiji
2020-09-18,0,Fiji
2020-09-19,0,Fiji
2020-09-20,0,Fiji
2020-09-21,0,Fiji
2020-09-22,0,Fiji
2020-09-23,0,Fiji
2020-09-24,0,Fiji
2020-09-25,0,Fiji
2020-09-26,0,Fiji
2020-09-27,0,Fiji
2020-09-28,0,Fiji
2020-09-29,0,Fiji
2020-09-30,0,Fiji
2020-10-01,0,Fiji
2020-10-02,0,Fiji
2020-10-03,0,Fiji
2020-10-04,0,Fiji
2020-10-05,0,Fiji
2020-10-06,0,Fiji
2020-10-07,0,Fiji
2020-10-08,0,Fiji
2020-10-09,0,Fiji
2020-10-10,0,Fiji
2020-10-11,0,Fiji
2020-10-12,0,Fiji
2020-10-13,0,Fiji
2020-10-14,0,Fiji
2020-10-15,0,Fiji
2020-10-16,0,Fiji
2020-10-17,0,Fiji
2020-10-18,0,Fiji
2020-10-19,0,Fiji
2020-10-20,0,Fiji
2020-10-21,1,Fiji
2020-10-22,0,Fiji
2020-10-23,0,Fiji
2020-10-24,0,Fiji
2020-10-25,0,Fiji
2020-10-26,0,Fiji
2020-10-27,0,Fiji
2020-10-28,0,Fiji
2020-10-29,0,Fiji
2020-10-30,0,Fiji
2020-10-31,1,Fiji
2020-11-01,0,Fiji
2020-11-02,0,Fiji
2020-11-03,0,Fiji
2020-11-04,0,Fiji
2020-11-05,0,Fiji
2020-11-06,0,Fiji
2020-11-07,0,Fiji
2020-11-08,0,Fiji
2020-11-09,0,Fiji
2020-11-10,0,Fiji
2020-11-11,0,Fiji
2020-11-12,1,Fiji
2020-11-13,0,Fiji
2020-11-14,0,Fiji
2020-11-15,0,Fiji
2020-11-16,0,Fiji
2020-11-17,0,Fiji
2020-11-18,0,Fiji
2020-11-19,0,Fiji
2020-11-20,0,Fiji
2020-11-21,0,Fiji
2020-11-22,0,Fiji
2020-11-23,0,Fiji
2020-11-24,0,Fiji
2020-11-25,0,Fiji
2020-11-26,3,Fiji
2020-11-27,0,Fiji
2020-11-28,0,Fiji
2020-11-29,0,Fiji
2020-11-30,0,Fiji
2020-12-01,4,Fiji
2020-12-02,0,Fiji
2020-12-03,0,Fiji
2020-12-04,2,Fiji
2020-12-05,0,Fiji
2020-12-06,0,Fiji
2020-12-07,0,Fiji
2020-12-08,0,Fiji
2020-12-09,0,Fiji
2020-12-10,0,Fiji
2020-12-11,0,Fiji
2020-12-12,0,Fiji
2020-12-13,0,Fiji
2020-12-14,2,Fiji
2020-12-15,0,Fiji
2020-12-16,0,Fiji
2020-12-17,0,Fiji
2020-12-18,0,Fiji
2020-12-19,0,Fiji
2020-12-20,0,Fiji
2020-12-21,0,Fiji
2020-12-22,0,Fiji
2020-12-23,0,Fiji
2020-12-24,0,Fiji
2020-12-25,0,Fiji
2020-12-26,0,Fiji
2020-12-27,0,Fiji
2020-12-28,0,Fiji
2020-12-29,0,Fiji
2020-12-30,3,Fiji
2020-12-31,0,Fiji
2021-01-01,0,Fiji
2021-01-02,0,Fiji
2021-01-03,0,Fiji
2021-01-04,0,Fiji
2021-01-05,0,Fiji
2021-01-06,4,Fiji
2021-01-07,0,Fiji
2021-01-08,0,Fiji
2021-01-09,0,Fiji
2021-01-10,0,Fiji
2021-01-11,0,Fiji
2021-01-12,0,Fiji
2021-01-13,0,Fiji
2021-01-14,0,Fiji
2021-01-15,0,Fiji
2021-01-16,2,Fiji
2021-01-17,0,Fiji
2021-01-18,0,Fiji
2021-01-19,0,Fiji
2021-01-20,0,Fiji
2021-01-21,0,Fiji
2021-01-22,0,Fiji
2021-01-23,0,Fiji
2021-01-24,0,Fiji
2021-01-25,0,Fiji
2021-01-26,0,Fiji
2021-01-27,0,Fiji
2021-01-28,0,Fiji
2021-01-29,0,Fiji
2021-01-30,0,Fiji
2021-01-31,0,Fiji
2021-02-01,0,Fiji
2021-02-02,0,Fiji
2021-02-03,1,Fiji
2021-02-04,0,Fiji
2021-02-05,0,Fiji
2021-02-06,0,Fiji
2021-02-07,0,Fiji
2021-02-08,0,Fiji
2021-02-09,0,Fiji
2021-02-10,0,Fiji
2021-02-11,0,Fiji
2021-02-12,0,Fiji
2021-02-13,0,Fiji
2021-02-14,0,Fiji
2021-02-15,0,Fiji
2021-02-16,0,Fiji
2021-02-17,0,Fiji
2021-02-18,0,Fiji
2021-02-19,0,Fiji
2021-02-20,0,Fiji
2021-02-21,0,Fiji
2021-02-22,0,Fiji
2021-02-23,0,Fiji
2021-02-24,1,Fiji
2021-02-25,0,Fiji
2021-02-26,2,Fiji
2021-02-27,0,Fiji
2021-02-28,0,Fiji
2021-03-01,0,Fiji
2021-03-02,0,Fiji
2021-03-03,4,Fiji
2021-03-04,0,Fiji
2021-03-05,0,Fiji
2021-03-06,0,Fiji
2021-03-07,0,Fiji
2021-03-08,3,Fiji
2021-03-09,0,Fiji
2021-03-10,0,Fiji
2021-03-11,0,Fiji
2021-03-12,0,Fiji
2021-03-13,0,Fiji
2021-03-14,0,Fiji
2021-03-15,0,Fiji
2021-03-16,0,Fiji
2021-03-17,0,Fiji
2021-03-18,0,Fiji
2021-03-19,1,Fiji
2021-03-20,0,Fiji
2021-03-21,0,Fiji
2021-03-22,0,Fiji
2021-03-23,0,Fiji
2021-03-24,0,Fiji
2021-03-25,0,Fiji
2021-03-26,0,Fiji
2021-03-27,0,Fiji
2021-03-28,0,Fiji
2021-03-29,0,Fiji
2021-03-30,0,Fiji
2021-03-31,0,Fiji
2021-04-01,0,Fiji
2021-04-02,0,Fiji
2021-04-03,0,Fiji
2021-04-04,0,Fiji
2021-04-05,0,Fiji
2021-04-06,0,Fiji
2021-04-07,0,Fiji
2021-04-08,0,Fiji
2021-04-09,1,Fiji
2021-04-10,0,Fiji
2021-04-11,0,Fiji
2021-04-12,0,Fiji
2021-04-13,0,Fiji
2021-04-14,0,Fiji
2021-04-15,0,Fiji
2021-04-16,0,Fiji
2021-04-17,4,Fiji
2021-04-18,2,Fiji
2021-04-19,0,Fiji
2021-04-20,3,Fiji
2021-04-21,1,Fiji
2021-04-22,8,Fiji
2021-04-23,0,Fiji
2021-04-24,1,Fiji
2021-04-25,4,Fiji
2021-04-26,12,Fiji
2021-04-27,6,Fiji
2021-04-28,2,Fiji
2021-04-29,5,Fiji
2021-04-30,1,Fiji
2021-05-01,2,Fiji
2021-05-02,0,Fiji
2021-05-03,2,Fiji
2021-05-04,0,Fiji
2021-05-05,4,Fiji
2021-05-06,4,Fiji
2021-05-07,7,Fiji
2021-05-08,0,Fiji
2021-05-09,3,Fiji
2021-05-10,1,Fiji
2021-05-11,12,Fiji
2021-05-12,9,Fiji
2021-05-13,4,Fiji
2021-05-14,1,Fiji
2021-05-15,2,Fiji
2021-05-16,4,Fiji
2021-05-17,2,Fiji
2021-05-18,4,Fiji
2021-05-19,11,Fiji
2021-05-20,1,Fiji
2021-05-21,5,Fiji
2021-05-22,11,Fiji
2021-05-23,24,Fiji
2021-05-24,8,Fiji
2021-05-25,21,Fiji
2021-05-26,27,Fiji
2021-05-27,28,Fiji
2021-05-28,46,Fiji
2021-05-29,0,Fiji
2021-05-30,41,Fiji
2021-05-31,37,Fiji
2021-06-01,35,Fiji
2021-06-02,35,Fiji
2021-06-03,28,Fiji
2021-06-04,35,Fiji
2021-06-05,33,Fiji
2021-06-06,83,Fiji
2021-06-07,64,Fiji
2021-06-08,94,Fiji
2021-06-09,35,Fiji
2021-06-10,39,Fiji
2021-06-11,48,Fiji
2021-06-12,46,Fiji
2021-06-13,104,Fiji
2021-06-14,89,Fiji
2021-06-15,116,Fiji
2021-06-16,120,Fiji
2021-06-17,91,Fiji
2021-06-18,115,Fiji
2021-06-19,150,Fiji
2021-06-20,166,Fiji
2021-06-21,126,Fiji
2021-06-22,180,Fiji
2021-06-23,270,Fiji
2021-06-24,308,Fiji
2021-06-25,215,Fiji
2021-06-26,266,Fiji
2021-06-27,262,Fiji
2021-06-28,241,Fiji
2021-06-29,312,Fiji
2021-06-30,274,Fiji
2021-07-01,431,Fiji
2021-07-02,404,Fiji
2021-07-03,386,Fiji
2021-07-04,522,Fiji
2021-07-05,352,Fiji
2021-07-06,636,Fiji
2021-07-07,791,Fiji
2021-07-08,721,Fiji
2021-07-09,860,Fiji
2021-07-10,506,Fiji
2021-07-11,485,Fiji
2021-07-12,873,Fiji
2021-07-13,647,Fiji
2021-07-14,634,Fiji
2021-07-15,1220,Fiji
2021-07-16,1405,Fiji
2021-07-17,1180,Fiji
2021-07-18,1043,Fiji
2021-07-19,784,Fiji
2021-07-20,1054,Fiji
2021-07-21,1091,Fiji
2021-07-22,918,Fiji
2021-07-23,468,Fiji
2021-07-24,684,Fiji
2021-07-25,626,Fiji
2021-07-26,1285,Fiji
2021-07-27,715,Fiji
2021-07-28,1057,Fiji
2021-07-29,1301,Fiji
2021-07-30,1163,Fiji
2021-07-31,1121,Fiji
2021-08-01,632,Fiji
2021-08-02,1100,Fiji
2021-08-03,1220,Fiji
2021-08-04,1187,Fiji
2021-08-05,968,Fiji
2021-08-06,752,Fiji
2021-08-07,682,Fiji
2021-08-08,657,Fiji
2021-08-09,603,Fiji
2021-08-10,264,Fiji
2021-08-11,568,Fiji
2021-08-12,398,Fiji
2021-08-13,644,Fiji
2021-08-14,314,Fiji
2021-08-15,467,Fiji
2021-08-16,350,Fiji
2021-08-17,590,Fiji
2021-08-18,653,Fiji
2021-08-19,781,Fiji
2021-08-20,485,Fiji
2021-08-21,198,Fiji
2021-08-22,303,Fiji
2021-08-23,591,Fiji
2021-08-24,302,Fiji
2021-08-25,255,Fiji
2021-08-26,423,Fiji
2021-08-27,205,Fiji
2021-08-28,258,Fiji
2021-08-29,396,Fiji
2021-08-30,184,Fiji
2021-08-31,505,Fiji
2021-09-01,290,Fiji
2021-09-02,250,Fiji
2021-09-03,253,Fiji
2021-09-04,200,Fiji
2021-09-05,156,Fiji
2021-09-06,128,Fiji
2021-09-07,160,Fiji
2021-09-08,240,Fiji
2021-09-09,179,Fiji
2021-09-10,143,Fiji
2021-09-11,143,Fiji
2021-09-12,128,Fiji
2021-09-13,127,Fiji
2021-09-14,131,Fiji
2021-09-15,146,Fiji
2021-09-16,197,Fiji
2021-09-17,132,Fiji
2021-09-18,161,Fiji
2021-09-19,79,Fiji
2021-09-20,121,Fiji
2021-09-21,118,Fiji
2021-09-22,72,Fiji
2021-09-23,177,Fiji
2021-09-24,93,Fiji
2021-09-25,161,Fiji
2021-09-26,54,Fiji
2021-09-27,52,Fiji
2021-09-28,65,Fiji
2021-09-29,81,Fiji
2021-09-30,70,Fiji
2021-10-01,107,Fiji
2021-10-02,38,Fiji
2021-10-03,34,Fiji
2021-10-04,22,Fiji
2021-10-05,49,Fiji
2021-10-06,55,Fiji
2021-10-07,58,Fiji
2021-10-08,40,Fiji
2021-10-09,57,Fiji
2021-10-10,16,Fiji
2021-10-11,36,Fiji
2021-10-12,63,Fiji
2021-10-13,50,Fiji
2021-10-14,0,Fiji
2021-10-15,53,Fiji
2021-10-16,0,Fiji
2021-10-17,0,Fiji
2021-10-18,145,Fiji
2021-10-19,0,Fiji
2021-10-20,63,Fiji
2021-10-21,0,Fiji
2021-10-22,68,Fiji
2021-10-23,0,Fiji
2021-10-24,37,Fiji
2021-10-25,14,Fiji
2021-10-26,35,Fiji
2021-10-27,16,Fiji
2021-10-28,0,Fiji
2021-10-29,62,Fiji
2021-10-30,0,Fiji
2021-10-31,30,Fiji
2021-11-01,9,Fiji
2021-11-02,17,Fiji
2021-11-03,12,Fiji
2021-11-04,0,Fiji
2021-11-05,38,Fiji
2021-11-06,0,Fiji
2021-11-07,29,Fiji
2021-11-08,22,Fiji
2021-11-09,27,Fiji
2021-11-10,31,Fiji
2021-11-11,16,Fiji
2021-11-12,25,Fiji
2021-11-13,7,Fiji
2021-11-14,5,Fiji
2021-11-15,20,Fiji
2021-11-16,7,Fiji
2021-11-17,8,Fiji
2021-11-18,0,Fiji
2021-11-19,9,Fiji
2021-11-20,0,Fiji
2021-11-21,7,Fiji
2021-11-22,8,Fiji
2021-11-23,0,Fiji
2021-11-24,6,Fiji
2021-11-25,0,Fiji
2021-11-26,20,Fiji
2021-11-27,0,Fiji
2021-11-28,0,Fiji
2021-11-29,12,Fiji
2021-11-30,14,Fiji
2021-12-01,12,Fiji
2021-12-02,9,Fiji
2021-12-03,2,Fiji
2021-12-04,0,Fiji
2021-12-05,9,Fiji
2021-12-06,10,Fiji
2021-12-07,3,Fiji
2021-12-08,2,Fiji
2021-12-09,5,Fiji
2021-12-10,5,Fiji
2021-12-11,7,Fiji
2021-12-12,5,Fiji
2021-12-13,4,Fiji
2021-12-14,5,Fiji
2021-12-15,6,Fiji
2021-12-16,7,Fiji
2021-12-17,12,Fiji
2021-12-18,0,Fiji
2021-12-19,23,Fiji
2021-12-20,5,Fiji
2021-12-21,7,Fiji
2021-12-22,48,Fiji
2021-12-23,40,Fiji
2021-12-24,69,Fiji
2021-12-25,0,Fiji
2021-12-26,129,Fiji
2021-12-27,79,Fiji
2021-12-28,115,Fiji
2021-12-29,194,Fiji
2021-12-30,0,Fiji
2021-12-31,559,Fiji
2022-01-01,538,Fiji
2022-01-02,405,Fiji
2022-01-03,219,Fiji
2022-01-04,224,Fiji
2022-01-05,372,Fiji
2022-01-06,0,Fiji
2022-01-07,996,Fiji
2022-01-08,743,Fiji
2022-01-09,368,Fiji
2022-01-10,93,Fiji
2022-01-11,438,Fiji
2022-01-12,204,Fiji
2022-01-13,0,Fiji
2022-01-14,734,Fiji
2022-01-15,193,Fiji
2022-01-16,38,Fiji
2022-01-17,329,Fiji
2022-01-18,377,Fiji
2022-01-19,347,Fiji
2022-01-20,203,Fiji
2022-01-21,219,Fiji
2022-01-22,0,Fiji
2022-01-23,50,Fiji
2022-01-24,987,Fiji
2022-01-25,0,Fiji
2022-01-26,235,Fiji
2022-01-27,126,Fiji
2022-01-28,44,Fiji
2022-01-29,0,Fiji
2022-01-30,22,Fiji
2022-01-31,460,Fiji
2022-02-01,280,Fiji
2022-02-02,12,Fiji
2022-02-03,59,Fiji
2022-02-04,68,Fiji
2022-02-05,0,Fiji
2022-02-06,7,Fiji
2022-02-07,75,Fiji
2022-02-08,6,Fiji
2022-02-09,36,Fiji
2022-02-10,61,Fiji
2022-02-11,17,Fiji
2022-02-12,0,Fiji
2022-02-13,25,Fiji
2022-02-14,8,Fiji
2022-02-15,6,Fiji
2022-02-16,28,Fiji
2022-02-17,57,Fiji
2022-02-18,24,Fiji
2022-02-19,0,Fiji
2022-02-20,0,Fiji
2022-02-21,26,Fiji
2022-02-22,2,Fiji
2022-02-23,35,Fiji
2022-02-24,0,Fiji
2022-02-25,69,Fiji
2022-02-26,0,Fiji
2022-02-27,71,Fiji
2022-02-28,103,Fiji
2022-03-01,7,Fiji
2022-03-02,62,Fiji
2022-03-03,0,Fiji
2022-03-04,0,Fiji
2022-03-05,5,Fiji
2022-03-06,15,Fiji
2022-03-07,15,Fiji
2022-03-08,0,Fiji
2022-03-09,26,Fiji
2022-03-10,2,Fiji
2022-03-11,5,Fiji
2022-03-12,0,Fiji
2022-03-13,0,Fiji
2022-03-14,14,Fiji
2022-03-15,60,Fiji
2022-03-16,13,Fiji
2022-03-17,0,Fiji
2022-03-18,0,Fiji
2022-03-19,61,Fiji
2022-03-20,94,Fiji
2022-03-21,13,Fiji
2022-03-22,0,Fiji
2022-03-23,13,Fiji
2022-03-24,0,Fiji
2022-03-25,0,Fiji
2022-03-26,30,Fiji
2022-03-27,11,Fiji
2022-03-28,18,Fiji
2022-03-29,0,Fiji
2022-03-30,10,Fiji
2022-03-31,0,Fiji
2022-04-01,0,Fiji
2022-04-02,0,Fiji
2022-04-03,13,Fiji
2022-04-04,8,Fiji
2022-04-05,36,Fiji
2022-04-06,10,Fiji
2022-04-07,0,Fiji
2022-04-08,0,Fiji
2022-04-09,0,Fiji
2022-04-10,21,Fiji
2022-04-11,7,Fiji
2022-04-12,0,Fiji
2022-04-13,3,Fiji
2022-04-14,0,Fiji
2022-04-15,0,Fiji
2022-04-16,0,Fiji
2022-04-17,0,Fiji
2022-04-18,11,Fiji
2022-04-19,0,Fiji
2022-04-20,11,Fiji
2022-04-21,0,Fiji
2022-04-22,0,Fiji
2022-04-23,0,Fiji
2022-04-24,0,Fiji
2022-04-25,11,Fiji
2022-04-26,0,Fiji
2022-04-27,78,Fiji
2022-04-28,21,Fiji
2022-04-29,0,Fiji
2022-04-30,0,Fiji
2022-05-01,0,Fiji
2022-05-02,12,Fiji
2022-05-03,0,Fiji
2022-05-04,19,Fiji
2022-05-05,34,Fiji
2022-05-06,0,Fiji
2022-05-07,0,Fiji
2022-05-08,0,Fiji
2022-05-09,26,Fiji
2022-05-10,0,Fiji
2022-05-11,0,Fiji
2022-05-12,0,Fiji
2022-05-13,0,Fiji
2022-05-14,0,Fiji
2022-05-15,48,Fiji
2022-05-16,39,Fiji
2022-05-17,0,Fiji
2022-05-18,0,Fiji
2022-05-19,29,Fiji
2022-05-20,0,Fiji
2022-05-21,0,Fiji
2022-05-22,0,Fiji
2022-05-23,57,Fiji
2022-05-24,0,Fiji
2022-05-25,0,Fiji
2022-05-26,43,Fiji
2022-05-27,0,Fiji
2022-05-28,0,Fiji
2022-05-29,0,Fiji
2022-05-30,66,Fiji
2022-05-31,0,Fiji
2022-06-01,0,Fiji
2022-06-02,55,Fiji
2022-06-03,0,Fiji
2022-06-04,0,Fiji
2022-06-05,0,Fiji
2022-06-06,41,Fiji
2022-06-07,0,Fiji
2022-06-08,0,Fiji
2022-06-09,0,Fiji
2022-06-10,0,Fiji
2022-06-11,0,Fiji
2022-06-12,54,Fiji
2022-06-13,60,Fiji
2022-06-14,0,Fiji
2022-06-15,0,Fiji
2022-06-16,49,Fiji
2022-06-17,0,Fiji
2022-06-18,0,Fiji
2022-06-19,0,Fiji
2022-06-20,95,Fiji
2022-06-21,0,Fiji
2022-06-22,0,Fiji
2022-06-23,102,Fiji
2022-06-24,0,Fiji
2022-06-25,0,Fiji
2022-06-26,0,Fiji
2022-06-27,92,Fiji
2022-06-28,0,Fiji
2022-06-29,0,Fiji
2022-06-30,158,Fiji
2022-07-01,0,Fiji
2022-07-02,0,Fiji
2022-07-03,0,Fiji
2022-07-04,0,Fiji
2022-07-05,176,Fiji
2022-07-06,0,Fiji
2022-07-07,227,Fiji
2022-07-08,0,Fiji
2022-07-09,0,Fiji
2022-07-10,0,Fiji
2022-07-11,0,Fiji
2022-07-12,271,Fiji
2022-07-13,0,Fiji
2022-07-14,0,Fiji
2022-07-15,320,Fiji
2022-07-16,0,Fiji
2022-07-17,0,Fiji
2022-07-18,0,Fiji
2022-07-19,256,Fiji
2022-07-20,0,Fiji
2022-07-21,0,Fiji
2022-07-22,224,Fiji
2022-07-23,0,Fiji
2022-07-24,0,Fiji
2022-07-25,0,Fiji
2022-07-26,157,Fiji
2022-07-27,0,Fiji
2022-07-28,0,Fiji
2022-07-29,205,Fiji
2022-07-30,0,Fiji
2022-07-31,0,Fiji
2022-08-01,5,Fiji
2022-08-02,110,Fiji
2022-08-03,0,Fiji
2022-08-04,0,Fiji
2022-08-05,139,Fiji
2022-08-06,0,Fiji
2022-08-07,0,Fiji
2022-08-08,0,Fiji
2022-08-09,63,Fiji
2022-08-10,0,Fiji
2022-08-11,0,Fiji
2022-08-12,56,Fiji
2022-08-13,0,Fiji
2022-08-14,0,Fiji
2022-08-15,0,Fiji
2022-08-16,45,Fiji
2022-08-17,0,Fiji
2022-08-18,0,Fiji
2022-08-19,61,Fiji
2022-08-20,0,Fiji
2022-08-21,0,Fiji
2022-08-22,0,Fiji
2022-08-23,52,Fiji
2022-08-24,0,Fiji
2022-08-25,0,Fiji
2022-08-26,36,Fiji
2022-08-27,0,Fiji
2022-08-28,0,Fiji
2022-08-29,0,Fiji
2022-08-30,37,Fiji
2022-08-31,0,Fiji
2022-09-01,18,Fiji
2022-09-02,6,Fiji
2022-09-03,0,Fiji
2022-09-04,0,Fiji
2022-09-05,14,Fiji
2022-09-06,3,Fiji
2022-09-07,0,Fiji
2022-09-08,0,Fiji
2022-09-09,12,Fiji
2022-09-10,0,Fiji
2022-09-11,0,Fiji
2022-09-12,0,Fiji
2022-09-13,0,Fiji
2022-09-14,0,Fiji
2022-09-15,0,Fiji
2022-09-16,15,Fiji
2022-09-17,0,Fiji
2022-09-18,0,Fiji
2022-09-19,0,Fiji
2022-09-20,0,Fiji
2022-09-21,0,Fiji
2022-09-22,0,Fiji
2022-09-23,21,Fiji
2022-09-24,0,Fiji
2022-09-25,0,Fiji
2022-09-26,0,Fiji
2022-09-27,0,Fiji
2022-09-28,0,Fiji
2022-09-29,0,Fiji
2022-09-30,3,Fiji
2022-10-01,0,Fiji
2022-10-02,0,Fiji
2022-10-03,0,Fiji
2022-10-04,0,Fiji
2022-10-05,0,Fiji
2022-10-06,0,Fiji
2022-10-07,0,Fiji
2022-10-08,0,Fiji
2022-10-09,0,Fiji
2022-10-10,0,Fiji
2022-10-11,0,Fiji
2022-10-12,0,Fiji
2022-10-13,0,Fiji
2022-10-14,3,Fiji
2022-10-15,0,Fiji
2022-10-16,0,Fiji
2022-10-17,0,Fiji
2022-10-18,0,Fiji
2022-10-19,0,Fiji
2022-10-20,0,Fiji
2020-03-02,0,French Polynesia
2020-03-03,0,French Polynesia
2020-03-04,0,French Polynesia
2020-03-05,0,French Polynesia
2020-03-06,0,French Polynesia
2020-03-07,0,French Polynesia
2020-03-08,0,French Polynesia
2020-03-09,0,French Polynesia
2020-03-10,1,French Polynesia
2020-03-11,0,French Polynesia
2020-03-12,2,French Polynesia
2020-03-13,0,French Polynesia
2020-03-14,0,French Polynesia
2020-03-15,0,French Polynesia
2020-03-16,0,French Polynesia
2020-03-17,0,French Polynesia
2020-03-18,3,French Polynesia
2020-03-19,5,French Polynesia
2020-03-20,4,French Polynesia
2020-03-21,2,French Polynesia
2020-03-22,1,French Polynesia
2020-03-23,5,French Polynesia
2020-03-24,2,French Polynesia
2020-03-25,0,French Polynesia
2020-03-26,5,French Polynesia
2020-03-27,0,French Polynesia
2020-03-28,4,French Polynesia
2020-03-29,1,French Polynesia
2020-03-30,0,French Polynesia
2020-03-31,1,French Polynesia
2020-04-01,1,French Polynesia
2020-04-02,0,French Polynesia
2020-04-03,0,French Polynesia
2020-04-04,2,French Polynesia
2020-04-05,1,French Polynesia
2020-04-06,1,French Polynesia
2020-04-07,1,French Polynesia
2020-04-08,5,French Polynesia
2020-04-09,4,French Polynesia
2020-04-10,0,French Polynesia
2020-04-11,0,French Polynesia
2020-04-12,0,French Polynesia
2020-04-13,2,French Polynesia
2020-04-14,2,French Polynesia
2020-04-15,0,French Polynesia
2020-04-16,0,French Polynesia
2020-04-17,0,French Polynesia
2020-04-18,0,French Polynesia
2020-04-19,0,French Polynesia
2020-04-20,0,French Polynesia
2020-04-21,1,French Polynesia
2020-04-22,1,French Polynesia
2020-04-23,0,French Polynesia
2020-04-24,0,French Polynesia
2020-04-25,0,French Polynesia
2020-04-26,0,French Polynesia
2020-04-27,0,French Polynesia
2020-04-28,1,French Polynesia
2020-04-29,0,French Polynesia
2020-04-30,0,French Polynesia
2020-05-01,0,French Polynesia
2020-05-02,0,French Polynesia
2020-05-03,0,French Polynesia
2020-05-04,0,French Polynesia
2020-05-05,0,French Polynesia
2020-05-06,2,French Polynesia
2020-05-07,0,French Polynesia
2020-05-08,0,French Polynesia
2020-05-09,0,French Polynesia
2020-05-10,0,French Polynesia
2020-05-11,0,French Polynesia
2020-05-12,0,French Polynesia
2020-05-13,0,French Polynesia
2020-05-14,0,French Polynesia
2020-05-15,0,French Polynesia
2020-05-16,0,French Polynesia
2020-05-17,0,French Polynesia
2020-05-18,0,French Polynesia
2020-05-19,0,French Polynesia
2020-05-20,0,French Polynesia
2020-05-21,0,French Polynesia
2020-05-22,0,French Polynesia
2020-05-23,0,French Polynesia
2020-05-24,0,French Polynesia
2020-05-25,0,French Polynesia
2020-05-26,0,French Polynesia
2020-05-27,0,French Polynesia
2020-05-28,0,French Polynesia
2020-05-29,0,French Polynesia
2020-05-30,0,French Polynesia
2020-05-31,0,French Polynesia
2020-06-01,0,French Polynesia
2020-06-02,0,French Polynesia
2020-06-03,0,French Polynesia
2020-06-04,0,French Polynesia
2020-06-05,0,French Polynesia
2020-06-06,0,French Polynesia
2020-06-07,0,French Polynesia
2020-06-08,0,French Polynesia
2020-06-09,0,French Polynesia
2020-06-10,0,French Polynesia
2020-06-11,0,French Polynesia
2020-06-12,0,French Polynesia
2020-06-13,0,French Polynesia
2020-06-14,0,French Polynesia
2020-06-15,0,French Polynesia
2020-06-16,0,French Polynesia
2020-06-17,0,French Polynesia
2020-06-18,0,French Polynesia
2020-06-19,0,French Polynesia
2020-06-20,0,French Polynesia
2020-06-21,0,French Polynesia
2020-06-22,0,French Polynesia
2020-06-23,0,French Polynesia
2020-06-24,0,French Polynesia
2020-06-25,0,French Polynesia
2020-06-26,0,French Polynesia
2020-06-27,0,French Polynesia
2020-06-28,2,French Polynesia
2020-06-29,0,French Polynesia
2020-06-30,0,French Polynesia
2020-07-01,0,French Polynesia
2020-07-02,0,French Polynesia
2020-07-03,0,French Polynesia
2020-07-04,0,French Polynesia
2020-07-05,0,French Polynesia
2020-07-06,0,French Polynesia
2020-07-07,0,French Polynesia
2020-07-08,0,French Polynesia
2020-07-09,0,French Polynesia
2020-07-10,0,French Polynesia
2020-07-11,0,French Polynesia
2020-07-12,0,French Polynesia
2020-07-13,0,French Polynesia
2020-07-14,0,French Polynesia
2020-07-15,0,French Polynesia
2020-07-16,0,French Polynesia
2020-07-17,0,French Polynesia
2020-07-18,0,French Polynesia
2020-07-19,0,French Polynesia
2020-07-20,0,French Polynesia
2020-07-21,0,French Polynesia
2020-07-22,0,French Polynesia
2020-07-23,0,French Polynesia
2020-07-24,0,French Polynesia
2020-07-25,0,French Polynesia
2020-07-26,0,French Polynesia
2020-07-27,0,French Polynesia
2020-07-28,0,French Polynesia
2020-07-29,0,French Polynesia
2020-07-30,0,French Polynesia
2020-07-31,0,French Polynesia
2020-08-01,0,French Polynesia
2020-08-02,0,French Polynesia
2020-08-03,0,French Polynesia
2020-08-04,0,French Polynesia
2020-08-05,2,French Polynesia
2020-08-06,0,French Polynesia
2020-08-07,0,French Polynesia
2020-08-08,5,French Polynesia
2020-08-09,0,French Polynesia
2020-08-10,0,French Polynesia
2020-08-11,0,French Polynesia
2020-08-12,43,French Polynesia
2020-08-13,27,French Polynesia
2020-08-14,0,French Polynesia
2020-08-15,27,French Polynesia
2020-08-16,0,French Polynesia
2020-08-17,0,French Polynesia
2020-08-18,45,French Polynesia
2020-08-19,0,French Polynesia
2020-08-20,21,French Polynesia
2020-08-21,20,French Polynesia
2020-08-22,46,French Polynesia
2020-08-23,0,French Polynesia
2020-08-24,51,French Polynesia
2020-08-25,23,French Polynesia
2020-08-26,25,French Polynesia
2020-08-27,18,French Polynesia
2020-08-28,32,French Polynesia
2020-08-29,35,French Polynesia
2020-08-30,0,French Polynesia
2020-08-31,45,French Polynesia
2020-09-01,46,French Polynesia
2020-09-02,23,French Polynesia
2020-09-03,26,French Polynesia
2020-09-04,36,French Polynesia
2020-09-05,36,French Polynesia
2020-09-06,26,French Polynesia
2020-09-07,18,French Polynesia
2020-09-08,35,French Polynesia
2020-09-09,47,French Polynesia
2020-09-10,37,French Polynesia
2020-09-11,74,French Polynesia
2020-09-12,22,French Polynesia
2020-09-13,67,French Polynesia
2020-09-14,35,French Polynesia
2020-09-15,44,French Polynesia
2020-09-16,36,French Polynesia
2020-09-17,55,French Polynesia
2020-09-18,34,French Polynesia
2020-09-19,47,French Polynesia
2020-09-20,47,French Polynesia
2020-09-21,35,French Polynesia
2020-09-22,41,French Polynesia
2020-09-23,0,French Polynesia
2020-09-24,75,French Polynesia
2020-09-25,0,French Polynesia
2020-09-26,110,French Polynesia
2020-09-27,0,French Polynesia
2020-09-28,0,French Polynesia
2020-09-29,0,French Polynesia
2020-09-30,149,French Polynesia
2020-10-01,124,French Polynesia
2020-10-02,0,French Polynesia
2020-10-03,174,French Polynesia
2020-10-04,0,French Polynesia
2020-10-05,0,French Polynesia
2020-10-06,264,French Polynesia
2020-10-07,0,French Polynesia
2020-10-08,130,French Polynesia
2020-10-09,0,French Polynesia
2020-10-10,334,French Polynesia
2020-10-11,0,French Polynesia
2020-10-12,0,French Polynesia
2020-10-13,497,French Polynesia
2020-10-14,0,French Polynesia
2020-10-15,322,French Polynesia
2020-10-16,0,French Polynesia
2020-10-17,224,French Polynesia
2020-10-18,0,French Polynesia
2020-10-19,0,French Polynesia
2020-10-20,813,French Polynesia
2020-10-21,0,French Polynesia
2020-10-22,551,French Polynesia
2020-10-23,0,French Polynesia
2020-10-24,698,French Polynesia
2020-10-25,0,French Polynesia
2020-10-26,0,French Polynesia
2020-10-27,634,French Polynesia
2020-10-28,0,French Polynesia
2020-10-29,769,French Polynesia
2020-10-30,0,French Polynesia
2020-10-31,0,French Polynesia
2020-11-01,0,French Polynesia
2020-11-02,0,French Polynesia
2020-11-03,1384,French Polynesia
2020-11-04,303,French Polynesia
2020-11-05,338,French Polynesia
2020-11-06,467,French Polynesia
2020-11-07,241,French Polynesia
2020-11-08,0,French Polynesia
2020-11-09,0,French Polynesia
2020-11-10,685,French Polynesia
2020-11-11,291,French Polynesia
2020-11-12,345,French Polynesia
2020-11-13,169,French Polynesia
2020-11-14,221,French Polynesia
2020-11-15,0,French Polynesia
2020-11-16,0,French Polynesia
2020-11-17,415,French Polynesia
2020-11-18,241,French Polynesia
2020-11-19,225,French Polynesia
2020-11-20,229,French Polynesia
2020-11-21,162,French Polynesia
2020-11-22,0,French Polynesia
2020-11-23,0,French Polynesia
2020-11-24,308,French Polynesia
2020-11-25,231,French Polynesia
2020-11-26,266,French Polynesia
2020-11-27,100,French Polynesia
2020-11-28,213,French Polynesia
2020-11-29,0,French Polynesia
2020-11-30,0,French Polynesia
2020-12-01,276,French Polynesia
2020-12-02,187,French Polynesia
2020-12-03,157,French Polynesia
2020-12-04,181,French Polynesia
2020-12-05,210,French Polynesia
2020-12-06,0,French Polynesia
2020-12-07,0,French Polynesia
2020-12-08,0,French Polynesia
2020-12-09,225,French Polynesia
2020-12-10,79,French Polynesia
2020-12-11,124,French Polynesia
2020-12-12,83,French Polynesia
2020-12-13,0,French Polynesia
2020-12-14,0,French Polynesia
2020-12-15,129,French Polynesia
2020-12-16,123,French Polynesia
2020-12-17,104,French Polynesia
2020-12-18,144,French Polynesia
2020-12-19,64,French Polynesia
2020-12-20,0,French Polynesia
2020-12-21,0,French Polynesia
2020-12-22,163,French Polynesia
2020-12-23,65,French Polynesia
2020-12-24,56,French Polynesia
2020-12-25,84,French Polynesia
2020-12-26,0,French Polynesia
2020-12-27,0,French Polynesia
2020-12-28,0,French Polynesia
2020-12-29,146,French Polynesia
2020-12-30,99,French Polynesia
2020-12-31,56,French Polynesia
2021-01-01,75,French Polynesia
2021-01-02,0,French Polynesia
2021-01-03,0,French Polynesia
2021-01-04,62,French Polynesia
2021-01-05,100,French Polynesia
2021-01-06,43,French Polynesia
2021-01-07,64,French Polynesia
2021-01-08,46,French Polynesia
2021-01-09,0,French Polynesia
2021-01-10,0,French Polynesia
2021-01-11,99,French Polynesia
2021-01-12,63,French Polynesia
2021-01-13,80,French Polynesia
2021-01-14,107,French Polynesia
2021-01-15,45,French Polynesia
2021-01-16,0,French Polynesia
2021-01-17,0,French Polynesia
2021-01-18,62,French Polynesia
2021-01-19,0,French Polynesia
2021-01-20,111,French Polynesia
2021-01-21,12,French Polynesia
2021-01-22,32,French Polynesia
2021-01-23,0,French Polynesia
2021-01-24,0,French Polynesia
2021-01-25,60,French Polynesia
2021-01-26,49,French Polynesia
2021-01-27,35,French Polynesia
2021-01-28,37,French Polynesia
2021-01-29,27,French Polynesia
2021-01-30,0,French Polynesia
2021-01-31,0,French Polynesia
2021-02-01,41,French Polynesia
2021-02-02,20,French Polynesia
2021-02-03,24,French Polynesia
2021-02-04,20,French Polynesia
2021-02-05,20,French Polynesia
2021-02-06,0,French Polynesia
2021-02-07,0,French Polynesia
2021-02-08,21,French Polynesia
2021-02-09,16,French Polynesia
2021-02-10,22,French Polynesia
2021-02-11,13,French Polynesia
2021-02-12,6,French Polynesia
2021-02-13,0,French Polynesia
2021-02-14,0,French Polynesia
2021-02-15,30,French Polynesia
2021-02-16,6,French Polynesia
2021-02-17,22,French Polynesia
2021-02-18,14,French Polynesia
2021-02-19,11,French Polynesia
2021-02-20,0,French Polynesia
2021-02-21,0,French Polynesia
2021-02-22,8,French Polynesia
2021-02-23,8,French Polynesia
2021-02-24,8,French Polynesia
2021-02-25,9,French Polynesia
2021-02-26,8,French Polynesia
2021-02-27,0,French Polynesia
2021-02-28,0,French Polynesia
2021-03-01,27,French Polynesia
2021-03-02,15,French Polynesia
2021-03-03,23,French Polynesia
2021-03-04,7,French Polynesia
2021-03-05,0,French Polynesia
2021-03-06,0,French Polynesia
2021-03-07,0,French Polynesia
2021-03-08,23,French Polynesia
2021-03-09,13,French Polynesia
2021-03-10,14,French Polynesia
2021-03-11,8,French Polynesia
2021-03-12,10,French Polynesia
2021-03-13,0,French Polynesia
2021-03-14,0,French Polynesia
2021-03-15,19,French Polynesia
2021-03-16,15,French Polynesia
2021-03-17,5,French Polynesia
2021-03-18,4,French Polynesia
2021-03-19,6,French Polynesia
2021-03-20,0,French Polynesia
2021-03-21,0,French Polynesia
2021-03-22,11,French Polynesia
2021-03-23,8,French Polynesia
2021-03-24,3,French Polynesia
2021-03-25,7,French Polynesia
2021-03-26,2,French Polynesia
2021-03-27,0,French Polynesia
2021-03-28,0,French Polynesia
2021-03-29,5,French Polynesia
2021-03-30,10,French Polynesia
2021-03-31,5,French Polynesia
2021-04-01,6,French Polynesia
2021-04-02,0,French Polynesia
2021-04-03,0,French Polynesia
2021-04-04,0,French Polynesia
2021-04-05,0,French Polynesia
2021-04-06,7,French Polynesia
2021-04-07,3,French Polynesia
2021-04-08,4,French Polynesia
2021-04-09,5,French Polynesia
2021-04-10,0,French Polynesia
2021-04-11,0,French Polynesia
2021-04-12,14,French Polynesia
2021-04-13,12,French Polynesia
2021-04-14,2,French Polynesia
2021-04-15,8,French Polynesia
2021-04-16,8,French Polynesia
2021-04-17,0,French Polynesia
2021-04-18,0,French Polynesia
2021-04-19,12,French Polynesia
2021-04-20,12,French Polynesia
2021-04-21,2,French Polynesia
2021-04-22,3,French Polynesia
2021-04-23,9,French Polynesia
2021-04-24,0,French Polynesia
2021-04-25,0,French Polynesia
2021-04-26,5,French Polynesia
2021-04-27,5,French Polynesia
2021-04-28,2,French Polynesia
2021-04-29,9,French Polynesia
2021-04-30,3,French Polynesia
2021-05-01,0,French Polynesia
2021-05-02,0,French Polynesia
2021-05-03,7,French Polynesia
2021-05-04,6,French Polynesia
2021-05-05,4,French Polynesia
2021-05-06,1,French Polynesia
2021-05-07,14,French Polynesia
2021-05-08,0,French Polynesia
2021-05-09,0,French Polynesia
2021-05-10,7,French Polynesia
2021-05-11,0,French Polynesia
2021-05-12,0,French Polynesia
2021-05-13,0,French Polynesia
2021-05-14,18,French Polynesia
2021-05-15,0,French Polynesia
2021-05-16,0,French Polynesia
2021-05-17,1,French Polynesia
2021-05-18,12,French Polynesia
2021-05-19,7,French Polynesia
2021-05-20,6,French Polynesia
2021-05-21,3,French Polynesia
2021-05-22,0,French Polynesia
2021-05-23,0,French Polynesia
2021-05-24,0,French Polynesia
2021-05-25,9,French Polynesia
2021-05-26,2,French Polynesia
2021-05-27,4,French Polynesia
2021-05-28,1,French Polynesia
2021-05-29,0,French Polynesia
2021-05-30,0,French Polynesia
2021-05-31,10,French Polynesia
2021-06-01,5,French Polynesia
2021-06-02,4,French Polynesia
2021-06-03,5,French Polynesia
2021-06-04,5,French Polynesia
2021-06-05,0,French Polynesia
2021-06-06,0,French Polynesia
2021-06-07,10,French Polynesia
2021-06-08,3,French Polynesia
2021-06-09,12,French Polynesia
2021-06-10,8,French Polynesia
2021-06-11,8,French Polynesia
2021-06-12,0,French Polynesia
2021-06-13,0,French Polynesia
2021-06-14,9,French Polynesia
2021-06-15,8,French Polynesia
2021-06-16,5,French Polynesia
2021-06-17,5,French Polynesia
2021-06-18,6,French Polynesia
2021-06-19,0,French Polynesia
2021-06-20,0,French Polynesia
2021-06-21,9,French Polynesia
2021-06-22,9,French Polynesia
2021-06-23,10,French Polynesia
2021-06-24,1,French Polynesia
2021-06-25,2,French Polynesia
2021-06-26,0,French Polynesia
2021-06-27,0,French Polynesia
2021-06-28,9,French Polynesia
2021-06-29,0,French Polynesia
2021-06-30,4,French Polynesia
2021-07-01,0,French Polynesia
2021-07-02,4,French Polynesia
2021-07-03,0,French Polynesia
2021-07-04,0,French Polynesia
2021-07-05,6,French Polynesia
2021-07-06,3,French Polynesia
2021-07-07,2,French Polynesia
2021-07-08,4,French Polynesia
2021-07-09,0,French Polynesia
2021-07-10,0,French Polynesia
2021-07-11,0,French Polynesia
2021-07-12,8,French Polynesia
2021-07-13,8,French Polynesia
2021-07-14,0,French Polynesia
2021-07-15,16,French Polynesia
2021-07-16,27,French Polynesia
2021-07-17,0,French Polynesia
2021-07-18,0,French Polynesia
2021-07-19,42,French Polynesia
2021-07-20,36,French Polynesia
2021-07-21,32,French Polynesia
2021-07-22,39,French Polynesia
2021-07-23,51,French Polynesia
2021-07-24,0,French Polynesia
2021-07-25,0,French Polynesia
2021-07-26,107,French Polynesia
2021-07-27,102,French Polynesia
2021-07-28,142,French Polynesia
2021-07-29,239,French Polynesia
2021-07-30,173,French Polynesia
2021-07-31,0,French Polynesia
2021-08-01,0,French Polynesia
2021-08-02,432,French Polynesia
2021-08-03,379,French Polynesia
2021-08-04,457,French Polynesia
2021-08-05,489,French Polynesia
2021-08-06,654,French Polynesia
2021-08-07,0,French Polynesia
2021-08-08,0,French Polynesia
2021-08-09,1443,French Polynesia
2021-08-10,1075,French Polynesia
2021-08-11,942,French Polynesia
2021-08-12,1117,French Polynesia
2021-08-13,1294,French Polynesia
2021-08-14,0,French Polynesia
2021-08-15,0,French Polynesia
2021-08-16,2211,French Polynesia
2021-08-17,2164,French Polynesia
2021-08-18,1622,French Polynesia
2021-08-19,1416,French Polynesia
2021-08-20,629,French Polynesia
2021-08-21,0,French Polynesia
2021-08-22,0,French Polynesia
2021-08-23,2745,French Polynesia
2021-08-24,1061,French Polynesia
2021-08-25,0,French Polynesia
2021-08-26,0,French Polynesia
2021-08-27,0,French Polynesia
2021-08-28,0,French Polynesia
2021-08-29,0,French Polynesia
2021-08-30,0,French Polynesia
2021-08-31,0,French Polynesia
2021-09-01,1931,French Polynesia
2021-09-02,0,French Polynesia
2021-09-03,0,French Polynesia
2021-09-04,0,French Polynesia
2021-09-05,0,French Polynesia
2021-09-06,0,French Polynesia
2021-09-07,0,French Polynesia
2021-09-08,1602,French Polynesia
2021-09-09,0,French Polynesia
2021-09-10,0,French Polynesia
2021-09-11,0,French Polynesia
2021-09-12,0,French Polynesia
2021-09-13,0,French Polynesia
2021-09-14,0,French Polynesia
2021-09-15,901,French Polynesia
2021-09-16,0,French Polynesia
2021-09-17,0,French Polynesia
2021-09-18,0,French Polynesia
2021-09-19,0,French Polynesia
2021-09-20,0,French Polynesia
2021-09-21,0,French Polynesia
2021-09-22,330,French Polynesia
2021-09-23,0,French Polynesia
2021-09-24,0,French Polynesia
2021-09-25,0,French Polynesia
2021-09-26,0,French Polynesia
2021-09-27,0,French Polynesia
2021-09-28,0,French Polynesia
2021-09-29,239,French Polynesia
2021-09-30,0,French Polynesia
2021-10-01,0,French Polynesia
2021-10-02,0,French Polynesia
2021-10-03,0,French Polynesia
2021-10-04,0,French Polynesia
2021-10-05,0,French Polynesia
2021-10-06,178,French Polynesia
2021-10-07,0,French Polynesia
2021-10-08,0,French Polynesia
2021-10-09,0,French Polynesia
2021-10-10,0,French Polynesia
2021-10-11,0,French Polynesia
2021-10-12,0,French Polynesia
2021-10-13,80,French Polynesia
2021-10-14,0,French Polynesia
2021-10-15,0,French Polynesia
2021-10-16,0,French Polynesia
2021-10-17,0,French Polynesia
2021-10-18,0,French Polynesia
2021-10-19,0,French Polynesia
2021-10-20,67,French Polynesia
2021-10-21,0,French Polynesia
2021-10-22,0,French Polynesia
2021-10-23,0,French Polynesia
2021-10-24,0,French Polynesia
2021-10-25,0,French Polynesia
2021-10-26,0,French Polynesia
2021-10-27,35,French Polynesia
2021-10-28,0,French Polynesia
2021-10-29,0,French Polynesia
2021-10-30,0,French Polynesia
2021-10-31,0,French Polynesia
2021-11-01,0,French Polynesia
2021-11-02,0,French Polynesia
2021-11-03,32,French Polynesia
2021-11-04,0,French Polynesia
2021-11-05,0,French Polynesia
2021-11-06,0,French Polynesia
2021-11-07,0,French Polynesia
2021-11-08,0,French Polynesia
2021-11-09,0,French Polynesia
2021-11-10,28,French Polynesia
2021-11-11,0,French Polynesia
2021-11-12,0,French Polynesia
2021-11-13,0,French Polynesia
2021-11-14,0,French Polynesia
2021-11-15,0,French Polynesia
2021-11-16,0,French Polynesia
2021-11-17,8,French Polynesia
2021-11-18,1,French Polynesia
2021-11-19,4,French Polynesia
2021-11-20,0,French Polynesia
2021-11-21,0,French Polynesia
2021-11-22,8,French Polynesia
2021-11-23,1,French Polynesia
2021-11-24,1,French Polynesia
2021-11-25,2,French Polynesia
2021-11-26,5,French Polynesia
2021-11-27,0,French Polynesia
2021-11-28,0,French Polynesia
2021-11-29,683,French Polynesia
2021-11-30,5,French Polynesia
2021-12-01,2,French Polynesia
2021-12-02,2,French Polynesia
2021-12-03,1,French Polynesia
2021-12-04,0,French Polynesia
2021-12-05,0,French Polynesia
2021-12-06,8,French Polynesia
2021-12-07,0,French Polynesia
2021-12-08,2,French Polynesia
2021-12-09,0,French Polynesia
2021-12-10,0,French Polynesia
2021-12-11,0,French Polynesia
2021-12-12,0,French Polynesia
2021-12-13,0,French Polynesia
2021-12-14,1,French Polynesia
2021-12-15,7,French Polynesia
2021-12-16,0,French Polynesia
2021-12-17,0,French Polynesia
2021-12-18,0,French Polynesia
2021-12-19,0,French Polynesia
2021-12-20,8,French Polynesia
2021-12-21,25,French Polynesia
2021-12-22,1,French Polynesia
2021-12-23,6,French Polynesia
2021-12-24,0,French Polynesia
2021-12-25,0,French Polynesia
2021-12-26,0,French Polynesia
2021-12-27,0,French Polynesia
2021-12-28,0,French Polynesia
2021-12-29,0,French Polynesia
2021-12-30,43,French Polynesia
2021-12-31,0,French Polynesia
2022-01-01,0,French Polynesia
2022-01-02,0,French Polynesia
2022-01-03,49,French Polynesia
2022-01-04,0,French Polynesia
2022-01-05,60,French Polynesia
2022-01-06,0,French Polynesia
2022-01-07,0,French Polynesia
2022-01-08,0,French Polynesia
2022-01-09,0,French Polynesia
2022-01-10,234,French Polynesia
2022-01-11,0,French Polynesia
2022-01-12,0,French Polynesia
2022-01-13,241,French Polynesia
2022-01-14,0,French Polynesia
2022-01-15,0,French Polynesia
2022-01-16,123,French Polynesia
2022-01-17,143,French Polynesia
2022-01-18,0,French Polynesia
2022-01-19,0,French Polynesia
2022-01-20,195,French Polynesia
2022-01-21,186,French Polynesia
2022-01-22,0,French Polynesia
2022-01-23,0,French Polynesia
2022-01-24,138,French Polynesia
2022-01-25,0,French Polynesia
2022-01-26,250,French Polynesia
2022-01-27,0,French Polynesia
2022-01-28,222,French Polynesia
2022-01-29,0,French Polynesia
2022-01-30,0,French Polynesia
2022-01-31,0,French Polynesia
2022-02-01,465,French Polynesia
2022-02-02,790,French Polynesia
2022-02-03,0,French Polynesia
2022-02-04,0,French Polynesia
2022-02-05,0,French Polynesia
2022-02-06,0,French Polynesia
2022-02-07,1058,French Polynesia
2022-02-08,1144,French Polynesia
2022-02-09,0,French Polynesia
2022-02-10,2130,French Polynesia
2022-02-11,0,French Polynesia
2022-02-12,0,French Polynesia
2022-02-13,2805,French Polynesia
2022-02-14,0,French Polynesia
2022-02-15,1602,French Polynesia
2022-02-16,0,French Polynesia
2022-02-17,2456,French Polynesia
2022-02-18,1855,French Polynesia
2022-02-19,0,French Polynesia
2022-02-20,0,French Polynesia
2022-02-21,0,French Polynesia
2022-02-22,1778,French Polynesia
2022-02-23,1234,French Polynesia
2022-02-24,0,French Polynesia
2022-02-25,1116,French Polynesia
2022-02-26,0,French Polynesia
2022-02-27,0,French Polynesia
2022-02-28,952,French Polynesia
2022-03-01,0,French Polynesia
2022-03-02,774,French Polynesia
2022-03-03,0,French Polynesia
2022-03-04,0,French Polynesia
2022-03-05,0,French Polynesia
2022-03-06,550,French Polynesia
2022-03-07,0,French Polynesia
2022-03-08,611,French Polynesia
2022-03-09,572,French Polynesia
2022-03-10,0,French Polynesia
2022-03-11,278,French Polynesia
2022-03-12,0,French Polynesia
2022-03-13,0,French Polynesia
2022-03-14,390,French Polynesia
2022-03-15,0,French Polynesia
2022-03-16,417,French Polynesia
2022-03-17,0,French Polynesia
2022-03-18,0,French Polynesia
2022-03-19,0,French Polynesia
2022-03-20,226,French Polynesia
2022-03-21,204,French Polynesia
2022-03-22,0,French Polynesia
2022-03-23,195,French Polynesia
2022-03-24,0,French Polynesia
2022-03-25,0,French Polynesia
2022-03-26,0,French Polynesia
2022-03-27,190,French Polynesia
2022-03-28,137,French Polynesia
2022-03-29,0,French Polynesia
2022-03-30,123,French Polynesia
2022-03-31,0,French Polynesia
2022-04-01,0,French Polynesia
2022-04-02,0,French Polynesia
2022-04-03,68,French Polynesia
2022-04-04,87,French Polynesia
2022-04-05,0,French Polynesia
2022-04-06,0,French Polynesia
2022-04-07,55,French Polynesia
2022-04-08,0,French Polynesia
2022-04-09,0,French Polynesia
2022-04-10,42,French Polynesia
2022-04-11,0,French Polynesia
2022-04-12,26,French Polynesia
2022-04-13,0,French Polynesia
2022-04-14,0,French Polynesia
2022-04-15,0,French Polynesia
2022-04-16,0,French Polynesia
2022-04-17,0,French Polynesia
2022-04-18,25,French Polynesia
2022-04-19,0,French Polynesia
2022-04-20,0,French Polynesia
2022-04-21,27,French Polynesia
2022-04-22,0,French Polynesia
2022-04-23,0,French Polynesia
2022-04-24,30,French Polynesia
2022-04-25,0,French Polynesia
2022-04-26,26,French Polynesia
2022-04-27,16,French Polynesia
2022-04-28,0,French Polynesia
2022-04-29,0,French Polynesia
2022-04-30,0,French Polynesia
2022-05-01,26,French Polynesia
2022-05-02,0,French Polynesia
2022-05-03,19,French Polynesia
2022-05-04,0,French Polynesia
2022-05-05,11,French Polynesia
2022-05-06,0,French Polynesia
2022-05-07,0,French Polynesia
2022-05-08,10,French Polynesia
2022-05-09,0,French Polynesia
2022-05-10,0,French Polynesia
2022-05-11,35,French Polynesia
2022-05-12,0,French Polynesia
2022-05-13,0,French Polynesia
2022-05-14,0,French Polynesia
2022-05-15,15,French Polynesia
2022-05-16,0,French Polynesia
2022-05-17,11,French Polynesia
2022-05-18,0,French Polynesia
2022-05-19,11,French Polynesia
2022-05-20,0,French Polynesia
2022-05-21,0,French Polynesia
2022-05-22,18,French Polynesia
2022-05-23,22,French Polynesia
2022-05-24,0,French Polynesia
2022-05-25,0,French Polynesia
2022-05-26,13,French Polynesia
2022-05-27,0,French Polynesia
2022-05-28,0,French Polynesia
2022-05-29,11,French Polynesia
2022-05-30,9,French Polynesia
2022-05-31,0,French Polynesia
2022-06-01,15,French Polynesia
2022-06-02,0,French Polynesia
2022-06-03,0,French Polynesia
2022-06-04,0,French Polynesia
2022-06-05,68,French Polynesia
2022-06-06,0,French Polynesia
2022-06-07,48,French Polynesia
2022-06-08,0,French Polynesia
2022-06-09,0,French Polynesia
2022-06-10,44,French Polynesia
2022-06-11,0,French Polynesia
2022-06-12,0,French Polynesia
2022-06-13,18,French Polynesia
2022-06-14,0,French Polynesia
2022-06-15,18,French Polynesia
2022-06-16,0,French Polynesia
2022-06-17,24,French Polynesia
2022-06-18,0,French Polynesia
2022-06-19,0,French Polynesia
2022-06-20,20,French Polynesia
2022-06-21,0,French Polynesia
2022-06-22,48,French Polynesia
2022-06-23,0,French Polynesia
2022-06-24,34,French Polynesia
2022-06-25,0,French Polynesia
2022-06-26,0,French Polynesia
2022-06-27,0,French Polynesia
2022-06-28,0,French Polynesia
2022-06-29,0,French Polynesia
2022-06-30,0,French Polynesia
2022-07-01,118,French Polynesia
2022-07-02,0,French Polynesia
2022-07-03,0,French Polynesia
2022-07-04,0,French Polynesia
2022-07-05,65,French Polynesia
2022-07-06,0,French Polynesia
2022-07-07,123,French Polynesia
2022-07-08,0,French Polynesia
2022-07-09,114,French Polynesia
2022-07-10,0,French Polynesia
2022-07-11,0,French Polynesia
2022-07-12,334,French Polynesia
2022-07-13,0,French Polynesia
2022-07-14,0,French Polynesia
2022-07-15,0,French Polynesia
2022-07-16,91,French Polynesia
2022-07-17,0,French Polynesia
2022-07-18,0,French Polynesia
2022-07-19,192,French Polynesia
2022-07-20,0,French Polynesia
2022-07-21,334,French Polynesia
2022-07-22,0,French Polynesia
2022-07-23,170,French Polynesia
2022-07-24,0,French Polynesia
2022-07-25,0,French Polynesia
2022-07-26,189,French Polynesia
2022-07-27,0,French Polynesia
2022-07-28,259,French Polynesia
2022-07-29,0,French Polynesia
2022-07-30,183,French Polynesia
2022-07-31,0,French Polynesia
2022-08-01,0,French Polynesia
2022-08-02,214,French Polynesia
2022-08-03,0,French Polynesia
2022-08-04,165,French Polynesia
2022-08-05,0,French Polynesia
2022-08-06,139,French Polynesia
2022-08-07,0,French Polynesia
2022-08-08,0,French Polynesia
2022-08-09,0,French Polynesia
2022-08-10,71,French Polynesia
2022-08-11,0,French Polynesia
2022-08-12,110,French Polynesia
2022-08-13,58,French Polynesia
2022-08-14,0,French Polynesia
2022-08-15,0,French Polynesia
2022-08-16,0,French Polynesia
2022-08-17,55,French Polynesia
2022-08-18,33,French Polynesia
2022-08-19,0,French Polynesia
2022-08-20,35,French Polynesia
2022-08-21,0,French Polynesia
2022-08-22,0,French Polynesia
2022-08-23,39,French Polynesia
2022-08-24,0,French Polynesia
2022-08-25,56,French Polynesia
2022-08-26,0,French Polynesia
2022-08-27,24,French Polynesia
2022-08-28,0,French Polynesia
2022-08-29,0,French Polynesia
2022-08-30,20,French Polynesia
2022-08-31,0,French Polynesia
2022-09-01,25,French Polynesia
2022-09-02,0,French Polynesia
2022-09-03,16,French Polynesia
2022-09-04,0,French Polynesia
2022-09-05,0,French Polynesia
2022-09-06,20,French Polynesia
2022-09-07,0,French Polynesia
2022-09-08,22,French Polynesia
2022-09-09,0,French Polynesia
2022-09-10,0,French Polynesia
2022-09-11,0,French Polynesia
2022-09-12,0,French Polynesia
2022-09-13,18,French Polynesia
2022-09-14,0,French Polynesia
2022-09-15,18,French Polynesia
2022-09-16,0,French Polynesia
2022-09-17,0,French Polynesia
2022-09-18,0,French Polynesia
2022-09-19,0,French Polynesia
2022-09-20,10,French Polynesia
2022-09-21,0,French Polynesia
2022-09-22,0,French Polynesia
2022-09-23,0,French Polynesia
2022-09-24,0,French Polynesia
2022-09-25,0,French Polynesia
2022-09-26,0,French Polynesia
2022-09-27,0,French Polynesia
2022-09-28,115,French Polynesia
2022-09-29,0,French Polynesia
2022-09-30,0,French Polynesia
2022-10-01,0,French Polynesia
2022-10-02,0,French Polynesia
2022-10-03,0,French Polynesia
2022-10-04,0,French Polynesia
2022-10-05,0,French Polynesia
2022-10-06,0,French Polynesia
2022-10-07,0,French Polynesia
2022-10-08,3,French Polynesia
2022-10-09,0,French Polynesia
2022-10-10,0,French Polynesia
2022-10-11,0,French Polynesia
2022-10-12,25,French Polynesia
2022-10-13,0,French Polynesia
2022-10-14,0,French Polynesia
2022-10-15,0,French Polynesia
2022-10-16,0,French Polynesia
2022-10-17,0,French Polynesia
2022-10-18,0,French Polynesia
2022-10-19,0,French Polynesia
2022-10-20,0,French Polynesia
2020-03-02,0,Guam
2020-03-03,0,Guam
2020-03-04,0,Guam
2020-03-05,0,Guam
2020-03-06,0,Guam
2020-03-07,0,Guam
2020-03-08,0,Guam
2020-03-09,0,Guam
2020-03-10,0,Guam
2020-03-11,0,Guam
2020-03-12,0,Guam
2020-03-13,0,Guam
2020-03-14,0,Guam
2020-03-15,0,Guam
2020-03-16,0,Guam
2020-03-17,3,Guam
2020-03-18,2,Guam
2020-03-19,3,Guam
2020-03-20,4,Guam
2020-03-21,2,Guam
2020-03-22,1,Guam
2020-03-23,12,Guam
2020-03-24,2,Guam
2020-03-25,3,Guam
2020-03-26,5,Guam
2020-03-27,8,Guam
2020-03-28,6,Guam
2020-03-29,4,Guam
2020-03-30,1,Guam
2020-03-31,2,Guam
2020-04-01,11,Guam
2020-04-02,8,Guam
2020-04-03,5,Guam
2020-04-04,2,Guam
2020-04-05,9,Guam
2020-04-06,19,Guam
2020-04-07,1,Guam
2020-04-08,8,Guam
2020-04-09,4,Guam
2020-04-10,3,Guam
2020-04-11,2,Guam
2020-04-12,3,Guam
2020-04-13,0,Guam
2020-04-14,0,Guam
2020-04-15,0,Guam
2020-04-16,0,Guam
2020-04-17,0,Guam
2020-04-18,0,Guam
2020-04-19,0,Guam
2020-04-20,0,Guam
2020-04-21,0,Guam
2020-04-22,0,Guam
2020-04-23,1,Guam
2020-04-24,1,Guam
2020-04-25,2,Guam
2020-04-26,0,Guam
2020-04-27,0,Guam
2020-04-28,1,Guam
2020-04-29,2,Guam
2020-04-30,1,Guam
2020-05-01,1,Guam
2020-05-02,0,Guam
2020-05-03,2,Guam
2020-05-04,1,Guam
2020-05-05,0,Guam
2020-05-06,0,Guam
2020-05-07,2,Guam
2020-05-08,0,Guam
2020-05-09,0,Guam
2020-05-10,0,Guam
2020-05-11,0,Guam
2020-05-12,0,Guam
2020-05-13,1,Guam
2020-05-14,0,Guam
2020-05-15,1,Guam
2020-05-16,0,Guam
2020-05-17,0,Guam
2020-05-18,0,Guam
2020-05-19,0,Guam
2020-05-20,0,Guam
2020-05-21,11,Guam
2020-05-22,0,Guam
2020-05-23,0,Guam
2020-05-24,1,Guam
2020-05-25,0,Guam
2020-05-26,0,Guam
2020-05-27,2,Guam
2020-05-28,1,Guam
2020-05-29,1,Guam
2020-05-30,0,Guam
2020-05-31,1,Guam
2020-06-01,0,Guam
2020-06-02,1,Guam
2020-06-03,2,Guam
2020-06-04,1,Guam
2020-06-05,1,Guam
2020-06-06,0,Guam
2020-06-07,0,Guam
2020-06-08,0,Guam
2020-06-09,0,Guam
2020-06-10,1,Guam
2020-06-11,2,Guam
2020-06-12,0,Guam
2020-06-13,2,Guam
2020-06-14,1,Guam
2020-06-15,0,Guam
2020-06-16,1,Guam
2020-06-17,0,Guam
2020-06-18,2,Guam
2020-06-19,5,Guam
2020-06-20,7,Guam
2020-06-21,22,Guam
2020-06-22,0,Guam
2020-06-23,2,Guam
2020-06-24,1,Guam
2020-06-25,6,Guam
2020-06-26,14,Guam
2020-06-27,3,Guam
2020-06-28,0,Guam
2020-06-29,0,Guam
2020-06-30,7,Guam
2020-07-01,4,Guam
2020-07-02,21,Guam
2020-07-03,0,Guam
2020-07-04,6,Guam
2020-07-05,2,Guam
2020-07-06,0,Guam
2020-07-07,13,Guam
2020-07-08,2,Guam
2020-07-09,4,Guam
2020-07-10,3,Guam
2020-07-11,0,Guam
2020-07-12,2,Guam
2020-07-13,0,Guam
2020-07-14,0,Guam
2020-07-15,1,Guam
2020-07-16,1,Guam
2020-07-17,0,Guam
2020-07-18,0,Guam
2020-07-19,1,Guam
2020-07-20,4,Guam
2020-07-21,0,Guam
2020-07-22,8,Guam
2020-07-23,5,Guam
2020-07-24,5,Guam
2020-07-25,0,Guam
2020-07-26,0,Guam
2020-07-27,0,Guam
2020-07-28,12,Guam
2020-07-29,2,Guam
2020-07-30,3,Guam
2020-07-31,2,Guam
2020-08-01,3,Guam
2020-08-02,0,Guam
2020-08-03,0,Guam
2020-08-04,16,Guam
2020-08-05,0,Guam
2020-08-06,14,Guam
2020-08-07,8,Guam
2020-08-08,14,Guam
2020-08-09,1,Guam
2020-08-10,0,Guam
2020-08-11,6,Guam
2020-08-12,16,Guam
2020-08-13,15,Guam
2020-08-14,28,Guam
2020-08-15,25,Guam
2020-08-16,14,Guam
2020-08-17,0,Guam
2020-08-18,42,Guam
2020-08-19,19,Guam
2020-08-20,22,Guam
2020-08-21,105,Guam
2020-08-22,63,Guam
2020-08-23,53,Guam
2020-08-24,0,Guam
2020-08-25,87,Guam
2020-08-26,77,Guam
2020-08-27,136,Guam
2020-08-28,112,Guam
2020-08-29,55,Guam
2020-08-30,60,Guam
2020-08-31,0,Guam
2020-09-01,48,Guam
2020-09-02,52,Guam
2020-09-03,47,Guam
2020-09-04,74,Guam
2020-09-05,59,Guam
2020-09-06,52,Guam
2020-09-07,0,Guam
2020-09-08,1,Guam
2020-09-09,41,Guam
2020-09-10,45,Guam
2020-09-11,88,Guam
2020-09-12,17,Guam
2020-09-13,28,Guam
2020-09-14,0,Guam
2020-09-15,36,Guam
2020-09-16,39,Guam
2020-09-17,47,Guam
2020-09-18,32,Guam
2020-09-19,29,Guam
2020-09-20,43,Guam
2020-09-21,0,Guam
2020-09-22,30,Guam
2020-09-23,43,Guam
2020-09-24,45,Guam
2020-09-25,28,Guam
2020-09-26,23,Guam
2020-09-27,68,Guam
2020-09-28,1,Guam
2020-09-29,35,Guam
2020-09-30,53,Guam
2020-10-01,43,Guam
2020-10-02,62,Guam
2020-10-03,67,Guam
2020-10-04,82,Guam
2020-10-05,1,Guam
2020-10-06,53,Guam
2020-10-07,63,Guam
2020-10-08,50,Guam
2020-10-09,65,Guam
2020-10-10,53,Guam
2020-10-11,67,Guam
2020-10-12,22,Guam
2020-10-13,90,Guam
2020-10-14,96,Guam
2020-10-15,74,Guam
2020-10-16,86,Guam
2020-10-17,110,Guam
2020-10-18,79,Guam
2020-10-19,58,Guam
2020-10-20,78,Guam
2020-10-21,127,Guam
2020-10-22,81,Guam
2020-10-23,87,Guam
2020-10-24,84,Guam
2020-10-25,34,Guam
2020-10-26,41,Guam
2020-10-27,112,Guam
2020-10-28,76,Guam
2020-10-29,48,Guam
2020-10-30,72,Guam
2020-10-31,75,Guam
2020-11-01,53,Guam
2020-11-02,9,Guam
2020-11-03,3,Guam
2020-11-04,104,Guam
2020-11-05,82,Guam
2020-11-06,101,Guam
2020-11-07,67,Guam
2020-11-08,36,Guam
2020-11-09,120,Guam
2020-11-10,221,Guam
2020-11-11,177,Guam
2020-11-12,101,Guam
2020-11-13,87,Guam
2020-11-14,73,Guam
2020-11-15,41,Guam
2020-11-16,156,Guam
2020-11-17,52,Guam
2020-11-18,59,Guam
2020-11-19,104,Guam
2020-11-20,70,Guam
2020-11-21,36,Guam
2020-11-22,24,Guam
2020-11-23,73,Guam
2020-11-24,53,Guam
2020-11-25,52,Guam
2020-11-26,47,Guam
2020-11-27,43,Guam
2020-11-28,18,Guam
2020-11-29,14,Guam
2020-11-30,36,Guam
2020-12-01,31,Guam
2020-12-02,35,Guam
2020-12-03,25,Guam
2020-12-04,20,Guam
2020-12-05,25,Guam
2020-12-06,18,Guam
2020-12-07,27,Guam
2020-12-08,11,Guam
2020-12-09,7,Guam
2020-12-10,12,Guam
2020-12-11,13,Guam
2020-12-12,27,Guam
2020-12-13,11,Guam
2020-12-14,16,Guam
2020-12-15,9,Guam
2020-12-16,10,Guam
2020-12-17,16,Guam
2020-12-18,13,Guam
2020-12-19,9,Guam
2020-12-20,5,Guam
2020-12-21,4,Guam
2020-12-22,6,Guam
2020-12-23,25,Guam
2020-12-24,18,Guam
2020-12-25,7,Guam
2020-12-26,2,Guam
2020-12-27,1,Guam
2020-12-28,1,Guam
2020-12-29,7,Guam
2020-12-30,12,Guam
2020-12-31,15,Guam
2021-01-01,19,Guam
2021-01-02,0,Guam
2021-01-03,1,Guam
2021-01-04,14,Guam
2021-01-05,10,Guam
2021-01-06,19,Guam
2021-01-07,8,Guam
2021-01-08,13,Guam
2021-01-09,5,Guam
2021-01-10,8,Guam
2021-01-11,8,Guam
2021-01-12,5,Guam
2021-01-13,11,Guam
2021-01-14,13,Guam
2021-01-15,13,Guam
2021-01-16,7,Guam
2021-01-17,3,Guam
2021-01-18,1,Guam
2021-01-19,22,Guam
2021-01-20,5,Guam
2021-01-21,7,Guam
2021-01-22,19,Guam
2021-01-23,0,Guam
2021-01-24,0,Guam
2021-01-25,7,Guam
2021-01-26,12,Guam
2021-01-27,2,Guam
2021-01-28,4,Guam
2021-01-29,7,Guam
2021-01-30,7,Guam
2021-01-31,1,Guam
2021-02-01,21,Guam
2021-02-02,2,Guam
2021-02-03,8,Guam
2021-02-04,4,Guam
2021-02-05,14,Guam
2021-02-06,7,Guam
2021-02-07,6,Guam
2021-02-08,15,Guam
2021-02-09,9,Guam
2021-02-10,10,Guam
2021-02-11,2,Guam
2021-02-12,3,Guam
2021-02-13,3,Guam
2021-02-14,3,Guam
2021-02-15,4,Guam
2021-02-16,2,Guam
2021-02-17,2,Guam
2021-02-18,2,Guam
2021-02-19,9,Guam
2021-02-20,1,Guam
2021-02-21,4,Guam
2021-02-22,7,Guam
2021-02-23,0,Guam
2021-02-24,2,Guam
2021-02-25,1,Guam
2021-02-26,4,Guam
2021-02-27,1,Guam
2021-02-28,1,Guam
2021-03-01,1,Guam
2021-03-02,5,Guam
2021-03-03,3,Guam
2021-03-04,2,Guam
2021-03-05,1,Guam
2021-03-06,1,Guam
2021-03-07,0,Guam
2021-03-08,2,Guam
2021-03-09,1,Guam
2021-03-10,3,Guam
2021-03-11,2,Guam
2021-03-12,9,Guam
2021-03-13,1,Guam
2021-03-14,0,Guam
2021-03-15,5,Guam
2021-03-16,0,Guam
2021-03-17,3,Guam
2021-03-18,4,Guam
2021-03-19,0,Guam
2021-03-20,0,Guam
2021-03-21,0,Guam
2021-03-22,4,Guam
2021-03-23,2,Guam
2021-03-24,3,Guam
2021-03-25,5,Guam
2021-03-26,2,Guam
2021-03-27,1,Guam
2021-03-28,3,Guam
2021-03-29,4,Guam
2021-03-30,1,Guam
2021-03-31,2,Guam
2021-04-01,3,Guam
2021-04-02,2,Guam
2021-04-03,4,Guam
2021-04-04,0,Guam
2021-04-05,7,Guam
2021-04-06,2,Guam
2021-04-07,3,Guam
2021-04-08,2,Guam
2021-04-09,3,Guam
2021-04-10,2,Guam
2021-04-11,2,Guam
2021-04-12,4,Guam
2021-04-13,5,Guam
2021-04-14,4,Guam
2021-04-15,5,Guam
2021-04-16,3,Guam
2021-04-17,6,Guam
2021-04-18,4,Guam
2021-04-19,10,Guam
2021-04-20,5,Guam
2021-04-21,6,Guam
2021-04-22,12,Guam
2021-04-23,2,Guam
2021-04-24,4,Guam
2021-04-25,0,Guam
2021-04-26,8,Guam
2021-04-27,16,Guam
2021-04-28,12,Guam
2021-04-29,8,Guam
2021-04-30,5,Guam
2021-05-01,11,Guam
2021-05-02,6,Guam
2021-05-03,7,Guam
2021-05-04,14,Guam
2021-05-05,11,Guam
2021-05-06,4,Guam
2021-05-07,3,Guam
2021-05-08,11,Guam
2021-05-09,2,Guam
2021-05-10,3,Guam
2021-05-11,1,Guam
2021-05-12,15,Guam
2021-05-13,1,Guam
2021-05-14,9,Guam
2021-05-15,11,Guam
2021-05-16,1,Guam
2021-05-17,12,Guam
2021-05-18,5,Guam
2021-05-19,9,Guam
2021-05-20,6,Guam
2021-05-21,7,Guam
2021-05-22,1,Guam
2021-05-23,2,Guam
2021-05-24,1,Guam
2021-05-25,5,Guam
2021-05-26,2,Guam
2021-05-27,10,Guam
2021-05-28,2,Guam
2021-05-29,0,Guam
2021-05-30,0,Guam
2021-05-31,0,Guam
2021-06-01,17,Guam
2021-06-02,7,Guam
2021-06-03,4,Guam
2021-06-04,11,Guam
2021-06-05,0,Guam
2021-06-06,0,Guam
2021-06-07,6,Guam
2021-06-08,4,Guam
2021-06-09,6,Guam
2021-06-10,5,Guam
2021-06-11,6,Guam
2021-06-12,0,Guam
2021-06-13,0,Guam
2021-06-14,8,Guam
2021-06-15,7,Guam
2021-06-16,10,Guam
2021-06-17,4,Guam
2021-06-18,1,Guam
2021-06-19,0,Guam
2021-06-20,0,Guam
2021-06-21,15,Guam
2021-06-22,20,Guam
2021-06-23,5,Guam
2021-06-24,6,Guam
2021-06-25,12,Guam
2021-06-26,0,Guam
2021-06-27,0,Guam
2021-06-28,16,Guam
2021-06-29,4,Guam
2021-06-30,4,Guam
2021-07-01,5,Guam
2021-07-02,6,Guam
2021-07-03,0,Guam
2021-07-04,0,Guam
2021-07-05,0,Guam
2021-07-06,21,Guam
2021-07-07,14,Guam
2021-07-08,14,Guam
2021-07-09,8,Guam
2021-07-10,0,Guam
2021-07-11,0,Guam
2021-07-12,22,Guam
2021-07-13,13,Guam
2021-07-14,4,Guam
2021-07-15,2,Guam
2021-07-16,4,Guam
2021-07-17,0,Guam
2021-07-18,0,Guam
2021-07-19,1,Guam
2021-07-20,7,Guam
2021-07-21,0,Guam
2021-07-22,14,Guam
2021-07-23,1,Guam
2021-07-24,0,Guam
2021-07-25,0,Guam
2021-07-26,5,Guam
2021-07-27,8,Guam
2021-07-28,7,Guam
2021-07-29,7,Guam
2021-07-30,12,Guam
2021-07-31,0,Guam
2021-08-01,0,Guam
2021-08-02,22,Guam
2021-08-03,29,Guam
2021-08-04,19,Guam
2021-08-05,28,Guam
2021-08-06,20,Guam
2021-08-07,0,Guam
2021-08-08,0,Guam
2021-08-09,50,Guam
2021-08-10,34,Guam
2021-08-11,37,Guam
2021-08-12,41,Guam
2021-08-13,33,Guam
2021-08-14,0,Guam
2021-08-15,0,Guam
2021-08-16,106,Guam
2021-08-17,60,Guam
2021-08-18,30,Guam
2021-08-19,82,Guam
2021-08-20,93,Guam
2021-08-21,0,Guam
2021-08-22,0,Guam
2021-08-23,183,Guam
2021-08-24,115,Guam
2021-08-25,146,Guam
2021-08-26,104,Guam
2021-08-27,173,Guam
2021-08-28,0,Guam
2021-08-29,0,Guam
2021-08-30,284,Guam
2021-08-31,160,Guam
2021-09-01,147,Guam
2021-09-02,146,Guam
2021-09-03,153,Guam
2021-09-04,0,Guam
2021-09-05,0,Guam
2021-09-06,289,Guam
2021-09-07,232,Guam
2021-09-08,156,Guam
2021-09-09,135,Guam
2021-09-10,0,Guam
2021-09-11,0,Guam
2021-09-12,237,Guam
2021-09-13,140,Guam
2021-09-14,0,Guam
2021-09-15,117,Guam
2021-09-16,83,Guam
2021-09-17,130,Guam
2021-09-18,0,Guam
2021-09-19,146,Guam
2021-09-20,15,Guam
2021-09-21,80,Guam
2021-09-22,86,Guam
2021-09-23,58,Guam
2021-09-24,90,Guam
2021-09-25,0,Guam
2021-09-26,0,Guam
2021-09-27,216,Guam
2021-09-28,0,Guam
2021-09-29,0,Guam
2021-09-30,306,Guam
2021-10-01,75,Guam
2021-10-02,0,Guam
2021-10-03,0,Guam
2021-10-04,0,Guam
2021-10-05,0,Guam
2021-10-06,362,Guam
2021-10-07,79,Guam
2021-10-08,0,Guam
2021-10-09,0,Guam
2021-10-10,83,Guam
2021-10-11,97,Guam
2021-10-12,86,Guam
2021-10-13,82,Guam
2021-10-14,37,Guam
2021-10-15,47,Guam
2021-10-16,0,Guam
2021-10-17,0,Guam
2021-10-18,0,Guam
2021-10-19,166,Guam
2021-10-20,60,Guam
2021-10-21,89,Guam
2021-10-22,0,Guam
2021-10-23,0,Guam
2021-10-24,0,Guam
2021-10-25,104,Guam
2021-10-26,70,Guam
2021-10-27,58,Guam
2021-10-28,46,Guam
2021-10-29,43,Guam
2021-10-30,0,Guam
2021-10-31,48,Guam
2021-11-01,8,Guam
2021-11-02,36,Guam
2021-11-03,22,Guam
2021-11-04,26,Guam
2021-11-05,36,Guam
2021-11-06,0,Guam
2021-11-07,65,Guam
2021-11-08,4,Guam
2021-11-09,31,Guam
2021-11-10,35,Guam
2021-11-11,0,Guam
2021-11-12,2,Guam
2021-11-13,0,Guam
2021-11-14,0,Guam
2021-11-15,0,Guam
2021-11-16,49,Guam
2021-11-17,21,Guam
2021-11-18,9,Guam
2021-11-19,4,Guam
2021-11-20,0,Guam
2021-11-21,0,Guam
2021-11-22,18,Guam
2021-11-23,10,Guam
2021-11-24,12,Guam
2021-11-25,7,Guam
2021-11-26,0,Guam
2021-11-27,0,Guam
2021-11-28,12,Guam
2021-11-29,2,Guam
2021-11-30,9,Guam
2021-12-01,12,Guam
2021-12-02,8,Guam
2021-12-03,5,Guam
2021-12-04,0,Guam
2021-12-05,21,Guam
2021-12-06,2,Guam
2021-12-07,6,Guam
2021-12-08,0,Guam
2021-12-09,7,Guam
2021-12-10,2,Guam
2021-12-11,0,Guam
2021-12-12,0,Guam
2021-12-13,0,Guam
2021-12-14,23,Guam
2021-12-15,5,Guam
2021-12-16,4,Guam
2021-12-17,0,Guam
2021-12-18,0,Guam
2021-12-19,13,Guam
2021-12-20,3,Guam
2021-12-21,8,Guam
2021-12-22,4,Guam
2021-12-23,5,Guam
2021-12-24,0,Guam
2021-12-25,0,Guam
2021-12-26,0,Guam
2021-12-27,20,Guam
2021-12-28,21,Guam
2021-12-29,0,Guam
2021-12-30,51,Guam
2021-12-31,0,Guam
2022-01-01,0,Guam
2022-01-02,54,Guam
2022-01-03,5,Guam
2022-01-04,97,Guam
2022-01-05,138,Guam
2022-01-06,200,Guam
2022-01-07,172,Guam
2022-01-08,0,Guam
2022-01-09,0,Guam
2022-01-10,0,Guam
2022-01-11,0,Guam
2022-01-12,1182,Guam
2022-01-13,384,Guam
2022-01-14,383,Guam
2022-01-15,0,Guam
2022-01-16,0,Guam
2022-01-17,0,Guam
2022-01-18,1181,Guam
2022-01-19,729,Guam
2022-01-20,690,Guam
2022-01-21,0,Guam
2022-01-22,0,Guam
2022-01-23,0,Guam
2022-01-24,1876,Guam
2022-01-25,140,Guam
2022-01-26,1550,Guam
2022-01-27,723,Guam
2022-01-28,761,Guam
2022-01-29,0,Guam
2022-01-30,0,Guam
2022-01-31,0,Guam
2022-02-01,1907,Guam
2022-02-02,713,Guam
2022-02-03,0,Guam
2022-02-04,0,Guam
2022-02-05,0,Guam
2022-02-06,0,Guam
2022-02-07,2632,Guam
2022-02-08,45,Guam
2022-02-09,1253,Guam
2022-02-10,568,Guam
2022-02-11,0,Guam
2022-02-12,0,Guam
2022-02-13,1405,Guam
2022-02-14,49,Guam
2022-02-15,572,Guam
2022-02-16,0,Guam
2022-02-17,699,Guam
2022-02-18,334,Guam
2022-02-19,0,Guam
2022-02-20,424,Guam
2022-02-21,51,Guam
2022-02-22,319,Guam
2022-02-23,0,Guam
2022-02-24,0,Guam
2022-02-25,0,Guam
2022-02-26,507,Guam
2022-02-27,205,Guam
2022-02-28,0,Guam
2022-03-01,0,Guam
2022-03-02,0,Guam
2022-03-03,0,Guam
2022-03-04,0,Guam
2022-03-05,910,Guam
2022-03-06,152,Guam
2022-03-07,0,Guam
2022-03-08,0,Guam
2022-03-09,0,Guam
2022-03-10,555,Guam
2022-03-11,98,Guam
2022-03-12,0,Guam
2022-03-13,0,Guam
2022-03-14,0,Guam
2022-03-15,142,Guam
2022-03-16,0,Guam
2022-03-17,0,Guam
2022-03-18,0,Guam
2022-03-19,0,Guam
2022-03-20,214,Guam
2022-03-21,0,Guam
2022-03-22,0,Guam
2022-03-23,149,Guam
2022-03-24,90,Guam
2022-03-25,34,Guam
2022-03-26,0,Guam
2022-03-27,0,Guam
2022-03-28,0,Guam
2022-03-29,110,Guam
2022-03-30,39,Guam
2022-03-31,45,Guam
2022-04-01,0,Guam
2022-04-02,29,Guam
2022-04-03,43,Guam
2022-04-04,0,Guam
2022-04-05,15,Guam
2022-04-06,0,Guam
2022-04-07,0,Guam
2022-04-08,0,Guam
2022-04-09,0,Guam
2022-04-10,128,Guam
2022-04-11,0,Guam
2022-04-12,0,Guam
2022-04-13,0,Guam
2022-04-14,0,Guam
2022-04-15,0,Guam
2022-04-16,0,Guam
2022-04-17,0,Guam
2022-04-18,136,Guam
2022-04-19,0,Guam
2022-04-20,36,Guam
2022-04-21,0,Guam
2022-04-22,0,Guam
2022-04-23,0,Guam
2022-04-24,146,Guam
2022-04-25,0,Guam
2022-04-26,0,Guam
2022-04-27,0,Guam
2022-04-28,162,Guam
2022-04-29,24,Guam
2022-04-30,0,Guam
2022-05-01,0,Guam
2022-05-02,0,Guam
2022-05-03,0,Guam
2022-05-04,130,Guam
2022-05-05,0,Guam
2022-05-06,0,Guam
2022-05-07,0,Guam
2022-05-08,36,Guam
2022-05-09,0,Guam
2022-05-10,0,Guam
2022-05-11,0,Guam
2022-05-12,0,Guam
2022-05-13,0,Guam
2022-05-14,0,Guam
2022-05-15,151,Guam
2022-05-16,0,Guam
2022-05-17,0,Guam
2022-05-18,0,Guam
2022-05-19,87,Guam
2022-05-20,0,Guam
2022-05-21,0,Guam
2022-05-22,66,Guam
2022-05-23,0,Guam
2022-05-24,124,Guam
2022-05-25,0,Guam
2022-05-26,64,Guam
2022-05-27,0,Guam
2022-05-28,0,Guam
2022-05-29,52,Guam
2022-05-30,0,Guam
2022-05-31,0,Guam
2022-06-01,74,Guam
2022-06-02,0,Guam
2022-06-03,0,Guam
2022-06-04,0,Guam
2022-06-05,209,Guam
2022-06-06,0,Guam
2022-06-07,0,Guam
2022-06-08,0,Guam
2022-06-09,0,Guam
2022-06-10,479,Guam
2022-06-11,0,Guam
2022-06-12,0,Guam
2022-06-13,0,Guam
2022-06-14,0,Guam
2022-06-15,0,Guam
2022-06-16,0,Guam
2022-06-17,534,Guam
2022-06-18,0,Guam
2022-06-19,0,Guam
2022-06-20,134,Guam
2022-06-21,0,Guam
2022-06-22,0,Guam
2022-06-23,0,Guam
2022-06-24,376,Guam
2022-06-25,0,Guam
2022-06-26,0,Guam
2022-06-27,0,Guam
2022-06-28,0,Guam
2022-06-29,417,Guam
2022-06-30,0,Guam
2022-07-01,239,Guam
2022-07-02,0,Guam
2022-07-03,0,Guam
2022-07-04,0,Guam
2022-07-05,0,Guam
2022-07-06,241,Guam
2022-07-07,0,Guam
2022-07-08,207,Guam
2022-07-09,155,Guam
2022-07-10,0,Guam
2022-07-11,0,Guam
2022-07-12,0,Guam
2022-07-13,0,Guam
2022-07-14,410,Guam
2022-07-15,56,Guam
2022-07-16,116,Guam
2022-07-17,0,Guam
2022-07-18,0,Guam
2022-07-19,0,Guam
2022-07-20,0,Guam
2022-07-21,448,Guam
2022-07-22,0,Guam
2022-07-23,0,Guam
2022-07-24,0,Guam
2022-07-25,0,Guam
2022-07-26,0,Guam
2022-07-27,0,Guam
2022-07-28,0,Guam
2022-07-29,693,Guam
2022-07-30,126,Guam
2022-07-31,0,Guam
2022-08-01,0,Guam
2022-08-02,0,Guam
2022-08-03,0,Guam
2022-08-04,0,Guam
2022-08-05,0,Guam
2022-08-06,618,Guam
2022-08-07,0,Guam
2022-08-08,0,Guam
2022-08-09,167,Guam
2022-08-10,0,Guam
2022-08-11,0,Guam
2022-08-12,266,Guam
2022-08-13,139,Guam
2022-08-14,0,Guam
2022-08-15,0,Guam
2022-08-16,141,Guam
2022-08-17,78,Guam
2022-08-18,112,Guam
2022-08-19,0,Guam
2022-08-20,117,Guam
2022-08-21,0,Guam
2022-08-22,0,Guam
2022-08-23,110,Guam
2022-08-24,0,Guam
2022-08-25,0,Guam
2022-08-26,0,Guam
2022-08-27,257,Guam
2022-08-28,0,Guam
2022-08-29,0,Guam
2022-08-30,0,Guam
2022-08-31,137,Guam
2022-09-01,65,Guam
2022-09-02,0,Guam
2022-09-03,0,Guam
2022-09-04,0,Guam
2022-09-05,0,Guam
2022-09-06,0,Guam
2022-09-07,0,Guam
2022-09-08,183,Guam
2022-09-09,18,Guam
2022-09-10,35,Guam
2022-09-11,0,Guam
2022-09-12,0,Guam
2022-09-13,45,Guam
2022-09-14,0,Guam
2022-09-15,53,Guam
2022-09-16,11,Guam
2022-09-17,109,Guam
2022-09-18,0,Guam
2022-09-19,0,Guam
2022-09-20,0,Guam
2022-09-21,0,Guam
2022-09-22,0,Guam
2022-09-23,0,Guam
2022-09-24,28,Guam
2022-09-25,0,Guam
2022-09-26,0,Guam
2022-09-27,0,Guam
2022-09-28,0,Guam
2022-09-29,21,Guam
2022-09-30,0,Guam
2022-10-01,64,Guam
2022-10-02,0,Guam
2022-10-03,0,Guam
2022-10-04,0,Guam
2022-10-05,0,Guam
2022-10-06,0,Guam
2022-10-07,0,Guam
2022-10-08,54,Guam
2022-10-09,0,Guam
2022-10-10,0,Guam
2022-10-11,0,Guam
2022-10-12,0,Guam
2022-10-13,0,Guam
2022-10-14,0,Guam
2022-10-15,0,Guam
2022-10-16,0,Guam
2022-10-17,0,Guam
2022-10-18,0,Guam
2022-10-19,0,Guam
2022-10-20,0,Guam
2020-03-02,0,Lao People's Democratic Republic
2020-03-03,0,Lao People's Democratic Republic
2020-03-04,0,Lao People's Democratic Republic
2020-03-05,0,Lao People's Democratic Republic
2020-03-06,0,Lao People's Democratic Republic
2020-03-07,0,Lao People's Democratic Republic
2020-03-08,0,Lao People's Democratic Republic
2020-03-09,0,Lao People's Democratic Republic
2020-03-10,0,Lao People's Democratic Republic
2020-03-11,0,Lao People's Democratic Republic
2020-03-12,0,Lao People's Democratic Republic
2020-03-13,0,Lao People's Democratic Republic
2020-03-14,0,Lao People's Democratic Republic
2020-03-15,0,Lao People's Democratic Republic
2020-03-16,0,Lao People's Democratic Republic
2020-03-17,0,Lao People's Democratic Republic
2020-03-18,0,Lao People's Democratic Republic
2020-03-19,0,Lao People's Democratic Republic
2020-03-20,0,Lao People's Democratic Republic
2020-03-21,0,Lao People's Democratic Republic
2020-03-22,0,Lao People's Democratic Republic
2020-03-23,0,Lao People's Democratic Republic
2020-03-24,0,Lao People's Democratic Republic
2020-03-25,2,Lao People's Democratic Republic
2020-03-26,1,Lao People's Democratic Republic
2020-03-27,3,Lao People's Democratic Republic
2020-03-28,0,Lao People's Democratic Republic
2020-03-29,0,Lao People's Democratic Republic
2020-03-30,2,Lao People's Democratic Republic
2020-03-31,1,Lao People's Democratic Republic
2020-04-01,0,Lao People's Democratic Republic
2020-04-02,1,Lao People's Democratic Republic
2020-04-03,0,Lao People's Democratic Republic
2020-04-04,0,Lao People's Democratic Republic
2020-04-05,0,Lao People's Democratic Republic
2020-04-06,1,Lao People's Democratic Republic
2020-04-07,1,Lao People's Democratic Republic
2020-04-08,0,Lao People's Democratic Republic
2020-04-09,3,Lao People's Democratic Republic
2020-04-10,0,Lao People's Democratic Republic
2020-04-11,1,Lao People's Democratic Republic
2020-04-12,0,Lao People's Democratic Republic
2020-04-13,3,Lao People's Democratic Republic
2020-04-14,0,Lao People's Democratic Republic
2020-04-15,0,Lao People's Democratic Republic
2020-04-16,0,Lao People's Democratic Republic
2020-04-17,0,Lao People's Democratic Republic
2020-04-18,0,Lao People's Democratic Republic
2020-04-19,0,Lao People's Democratic Republic
2020-04-20,0,Lao People's Democratic Republic
2020-04-21,0,Lao People's Democratic Republic
2020-04-22,0,Lao People's Democratic Republic
2020-04-23,0,Lao People's Democratic Republic
2020-04-24,0,Lao People's Democratic Republic
2020-04-25,0,Lao People's Democratic Republic
2020-04-26,0,Lao People's Democratic Republic
2020-04-27,0,Lao People's Democratic Republic
2020-04-28,0,Lao People's Democratic Republic
2020-04-29,0,Lao People's Democratic Republic
2020-04-30,0,Lao People's Democratic Republic
2020-05-01,0,Lao People's Democratic Republic
2020-05-02,0,Lao People's Democratic Republic
2020-05-03,0,Lao People's Democratic Republic
2020-05-04,0,Lao People's Democratic Republic
2020-05-05,0,Lao People's Democratic Republic
2020-05-06,0,Lao People's Democratic Republic
2020-05-07,0,Lao People's Democratic Republic
2020-05-08,0,Lao People's Democratic Republic
2020-05-09,0,Lao People's Democratic Republic
2020-05-10,0,Lao People's Democratic Republic
2020-05-11,0,Lao People's Democratic Republic
2020-05-12,0,Lao People's Democratic Republic
2020-05-13,0,Lao People's Democratic Republic
2020-05-14,0,Lao People's Democratic Republic
2020-05-15,0,Lao People's Democratic Republic
2020-05-16,0,Lao People's Democratic Republic
2020-05-17,0,Lao People's Democratic Republic
2020-05-18,0,Lao People's Democratic Republic
2020-05-19,0,Lao People's Democratic Republic
2020-05-20,0,Lao People's Democratic Republic
2020-05-21,0,Lao People's Democratic Republic
2020-05-22,0,Lao People's Democratic Republic
2020-05-23,0,Lao People's Democratic Republic
2020-05-24,0,Lao People's Democratic Republic
2020-05-25,0,Lao People's Democratic Republic
2020-05-26,0,Lao People's Democratic Republic
2020-05-27,0,Lao People's Democratic Republic
2020-05-28,0,Lao People's Democratic Republic
2020-05-29,0,Lao People's Democratic Republic
2020-05-30,0,Lao People's Democratic Republic
2020-05-31,0,Lao People's Democratic Republic
2020-06-01,0,Lao People's Democratic Republic
2020-06-02,0,Lao People's Democratic Republic
2020-06-03,0,Lao People's Democratic Republic
2020-06-04,0,Lao People's Democratic Republic
2020-06-05,0,Lao People's Democratic Republic
2020-06-06,0,Lao People's Democratic Republic
2020-06-07,0,Lao People's Democratic Republic
2020-06-08,0,Lao People's Democratic Republic
2020-06-09,0,Lao People's Democratic Republic
2020-06-10,0,Lao People's Democratic Republic
2020-06-11,0,Lao People's Democratic Republic
2020-06-12,0,Lao People's Democratic Republic
2020-06-13,0,Lao People's Democratic Republic
2020-06-14,0,Lao People's Democratic Republic
2020-06-15,0,Lao People's Democratic Republic
2020-06-16,0,Lao People's Democratic Republic
2020-06-17,0,Lao People's Democratic Republic
2020-06-18,0,Lao People's Democratic Republic
2020-06-19,0,Lao People's Democratic Republic
2020-06-20,0,Lao People's Democratic Republic
2020-06-21,0,Lao People's Democratic Republic
2020-06-22,0,Lao People's Democratic Republic
2020-06-23,0,Lao People's Democratic Republic
2020-06-24,0,Lao People's Democratic Republic
2020-06-25,0,Lao People's Democratic Republic
2020-06-26,0,Lao People's Democratic Republic
2020-06-27,0,Lao People's Democratic Republic
2020-06-28,0,Lao People's Democratic Republic
2020-06-29,0,Lao People's Democratic Republic
2020-06-30,0,Lao People's Democratic Republic
2020-07-01,0,Lao People's Democratic Republic
2020-07-02,0,Lao People's Democratic Republic
2020-07-03,0,Lao People's Democratic Republic
2020-07-04,0,Lao People's Democratic Republic
2020-07-05,0,Lao People's Democratic Republic
2020-07-06,0,Lao People's Democratic Republic
2020-07-07,0,Lao People's Democratic Republic
2020-07-08,0,Lao People's Democratic Republic
2020-07-09,0,Lao People's Democratic Republic
2020-07-10,0,Lao People's Democratic Republic
2020-07-11,0,Lao People's Democratic Republic
2020-07-12,0,Lao People's Democratic Republic
2020-07-13,0,Lao People's Democratic Republic
2020-07-14,0,Lao People's Democratic Republic
2020-07-15,0,Lao People's Democratic Republic
2020-07-16,0,Lao People's Democratic Republic
2020-07-17,0,Lao People's Democratic Republic
2020-07-18,0,Lao People's Democratic Republic
2020-07-19,0,Lao People's Democratic Republic
2020-07-20,0,Lao People's Democratic Republic
2020-07-21,0,Lao People's Democratic Republic
2020-07-22,0,Lao People's Democratic Republic
2020-07-23,0,Lao People's Democratic Republic
2020-07-24,0,Lao People's Democratic Republic
2020-07-25,1,Lao People's Democratic Republic
2020-07-26,0,Lao People's Democratic Republic
2020-07-27,0,Lao People's Democratic Republic
2020-07-28,0,Lao People's Democratic Republic
2020-07-29,0,Lao People's Democratic Republic
2020-07-30,0,Lao People's Democratic Republic
2020-07-31,0,Lao People's Democratic Republic
2020-08-01,0,Lao People's Democratic Republic
2020-08-02,0,Lao People's Democratic Republic
2020-08-03,0,Lao People's Democratic Republic
2020-08-04,0,Lao People's Democratic Republic
2020-08-05,0,Lao People's Democratic Republic
2020-08-06,0,Lao People's Democratic Republic
2020-08-07,0,Lao People's Democratic Republic
2020-08-08,0,Lao People's Democratic Republic
2020-08-09,0,Lao People's Democratic Republic
2020-08-10,0,Lao People's Democratic Republic
2020-08-11,0,Lao People's Democratic Republic
2020-08-12,0,Lao People's Democratic Republic
2020-08-13,0,Lao People's Democratic Republic
2020-08-14,0,Lao People's Democratic Republic
2020-08-15,0,Lao People's Democratic Republic
2020-08-16,2,Lao People's Democratic Republic
2020-08-17,0,Lao People's Democratic Republic
2020-08-18,0,Lao People's Democratic Republic
2020-08-19,0,Lao People's Democratic Republic
2020-08-20,0,Lao People's Democratic Republic
2020-08-21,0,Lao People's Democratic Republic
2020-08-22,0,Lao People's Democratic Republic
2020-08-23,0,Lao People's Democratic Republic
2020-08-24,0,Lao People's Democratic Republic
2020-08-25,0,Lao People's Democratic Republic
2020-08-26,0,Lao People's Democratic Republic
2020-08-27,0,Lao People's Democratic Republic
2020-08-28,0,Lao People's Democratic Republic
2020-08-29,0,Lao People's Democratic Republic
2020-08-30,0,Lao People's Democratic Republic
2020-08-31,0,Lao People's Democratic Republic
2020-09-01,0,Lao People's Democratic Republic
2020-09-02,0,Lao People's Democratic Republic
2020-09-03,0,Lao People's Democratic Republic
2020-09-04,0,Lao People's Democratic Republic
2020-09-05,0,Lao People's Democratic Republic
2020-09-06,0,Lao People's Democratic Republic
2020-09-07,0,Lao People's Democratic Republic
2020-09-08,0,Lao People's Democratic Republic
2020-09-09,0,Lao People's Democratic Republic
2020-09-10,0,Lao People's Democratic Republic
2020-09-11,0,Lao People's Democratic Republic
2020-09-12,1,Lao People's Democratic Republic
2020-09-13,0,Lao People's Democratic Republic
2020-09-14,0,Lao People's Democratic Republic
2020-09-15,0,Lao People's Democratic Republic
2020-09-16,0,Lao People's Democratic Republic
2020-09-17,0,Lao People's Democratic Republic
2020-09-18,0,Lao People's Democratic Republic
2020-09-19,0,Lao People's Democratic Republic
2020-09-20,0,Lao People's Democratic Republic
2020-09-21,0,Lao People's Democratic Republic
2020-09-22,0,Lao People's Democratic Republic
2020-09-23,0,Lao People's Democratic Republic
2020-09-24,0,Lao People's Democratic Republic
2020-09-25,0,Lao People's Democratic Republic
2020-09-26,0,Lao People's Democratic Republic
2020-09-27,0,Lao People's Democratic Republic
2020-09-28,0,Lao People's Democratic Republic
2020-09-29,0,Lao People's Democratic Republic
2020-09-30,0,Lao People's Democratic Republic
2020-10-01,0,Lao People's Democratic Republic
2020-10-02,0,Lao People's Democratic Republic
2020-10-03,0,Lao People's Democratic Republic
2020-10-04,0,Lao People's Democratic Republic
2020-10-05,0,Lao People's Democratic Republic
2020-10-06,0,Lao People's Democratic Republic
2020-10-07,0,Lao People's Democratic Republic
2020-10-08,0,Lao People's Democratic Republic
2020-10-09,0,Lao People's Democratic Republic
2020-10-10,0,Lao People's Democratic Republic
2020-10-11,0,Lao People's Democratic Republic
2020-10-12,0,Lao People's Democratic Republic
2020-10-13,0,Lao People's Democratic Republic
2020-10-14,0,Lao People's Democratic Republic
2020-10-15,0,Lao People's Democratic Republic
2020-10-16,0,Lao People's Democratic Republic
2020-10-17,0,Lao People's Democratic Republic
2020-10-18,0,Lao People's Democratic Republic
2020-10-19,0,Lao People's Democratic Republic
2020-10-20,0,Lao People's Democratic Republic
2020-10-21,0,Lao People's Democratic Republic
2020-10-22,1,Lao People's Democratic Republic
2020-10-23,0,Lao People's Democratic Republic
2020-10-24,0,Lao People's Democratic Republic
2020-10-25,0,Lao People's Democratic Republic
2020-10-26,0,Lao People's Democratic Republic
2020-10-27,0,Lao People's Democratic Republic
2020-10-28,0,Lao People's Democratic Republic
2020-10-29,0,Lao People's Democratic Republic
2020-10-30,0,Lao People's Democratic Republic
2020-10-31,0,Lao People's Democratic Republic
2020-11-01,0,Lao People's Democratic Republic
2020-11-02,0,Lao People's Democratic Republic
2020-11-03,0,Lao People's Democratic Republic
2020-11-04,0,Lao People's Democratic Republic
2020-11-05,0,Lao People's Democratic Republic
2020-11-06,0,Lao People's Democratic Republic
2020-11-07,0,Lao People's Democratic Republic
2020-11-08,0,Lao People's Democratic Republic
2020-11-09,0,Lao People's Democratic Republic
2020-11-10,0,Lao People's Democratic Republic
2020-11-11,0,Lao People's Democratic Republic
2020-11-12,0,Lao People's Democratic Republic
2020-11-13,0,Lao People's Democratic Republic
2020-11-14,0,Lao People's Democratic Republic
2020-11-15,0,Lao People's Democratic Republic
2020-11-16,0,Lao People's Democratic Republic
2020-11-17,0,Lao People's Democratic Republic
2020-11-18,1,Lao People's Democratic Republic
2020-11-19,0,Lao People's Democratic Republic
2020-11-20,0,Lao People's Democratic Republic
2020-11-21,0,Lao People's Democratic Republic
2020-11-22,0,Lao People's Democratic Republic
2020-11-23,0,Lao People's Democratic Republic
2020-11-24,14,Lao People's Democratic Republic
2020-11-25,0,Lao People's Democratic Republic
2020-11-26,0,Lao People's Democratic Republic
2020-11-27,0,Lao People's Democratic Republic
2020-11-28,0,Lao People's Democratic Republic
2020-11-29,0,Lao People's Democratic Republic
2020-11-30,0,Lao People's Democratic Republic
2020-12-01,0,Lao People's Democratic Republic
2020-12-02,0,Lao People's Democratic Republic
2020-12-03,0,Lao People's Democratic Republic
2020-12-04,0,Lao People's Democratic Republic
2020-12-05,0,Lao People's Democratic Republic
2020-12-06,0,Lao People's Democratic Republic
2020-12-07,0,Lao People's Democratic Republic
2020-12-08,2,Lao People's Democratic Republic
2020-12-09,0,Lao People's Democratic Republic
2020-12-10,0,Lao People's Democratic Republic
2020-12-11,0,Lao People's Democratic Republic
2020-12-12,0,Lao People's Democratic Republic
2020-12-13,0,Lao People's Democratic Republic
2020-12-14,0,Lao People's Democratic Republic
2020-12-15,0,Lao People's Democratic Republic
2020-12-16,0,Lao People's Democratic Republic
2020-12-17,0,Lao People's Democratic Republic
2020-12-18,0,Lao People's Democratic Republic
2020-12-19,0,Lao People's Democratic Republic
2020-12-20,0,Lao People's Democratic Republic
2020-12-21,0,Lao People's Democratic Republic
2020-12-22,0,Lao People's Democratic Republic
2020-12-23,0,Lao People's Democratic Republic
2020-12-24,0,Lao People's Democratic Republic
2020-12-25,0,Lao People's Democratic Republic
2020-12-26,0,Lao People's Democratic Republic
2020-12-27,0,Lao People's Democratic Republic
2020-12-28,0,Lao People's Democratic Republic
2020-12-29,0,Lao People's Democratic Republic
2020-12-30,0,Lao People's Democratic Republic
2020-12-31,0,Lao People's Democratic Republic
2021-01-01,0,Lao People's Democratic Republic
2021-01-02,0,Lao People's Democratic Republic
2021-01-03,0,Lao People's Democratic Republic
2021-01-04,0,Lao People's Democratic Republic
2021-01-05,0,Lao People's Democratic Republic
2021-01-06,0,Lao People's Democratic Republic
2021-01-07,0,Lao People's Democratic Republic
2021-01-08,0,Lao People's Democratic Republic
2021-01-09,0,Lao People's Democratic Republic
2021-01-10,0,Lao People's Democratic Republic
2021-01-11,0,Lao People's Democratic Republic
2021-01-12,0,Lao People's Democratic Republic
2021-01-13,0,Lao People's Democratic Republic
2021-01-14,0,Lao People's Democratic Republic
2021-01-15,0,Lao People's Democratic Republic
2021-01-16,0,Lao People's Democratic Republic
2021-01-17,0,Lao People's Democratic Republic
2021-01-18,0,Lao People's Democratic Republic
2021-01-19,0,Lao People's Democratic Republic
2021-01-20,0,Lao People's Democratic Republic
2021-01-21,0,Lao People's Democratic Republic
2021-01-22,2,Lao People's Democratic Republic
2021-01-23,0,Lao People's Democratic Republic
2021-01-24,0,Lao People's Democratic Republic
2021-01-25,1,Lao People's Democratic Republic
2021-01-26,0,Lao People's Democratic Republic
2021-01-27,0,Lao People's Democratic Republic
2021-01-28,0,Lao People's Democratic Republic
2021-01-29,0,Lao People's Democratic Republic
2021-01-30,0,Lao People's Democratic Republic
2021-01-31,0,Lao People's Democratic Republic
2021-02-01,0,Lao People's Democratic Republic
2021-02-02,0,Lao People's Democratic Republic
2021-02-03,1,Lao People's Democratic Republic
2021-02-04,0,Lao People's Democratic Republic
2021-02-05,0,Lao People's Democratic Republic
2021-02-06,0,Lao People's Democratic Republic
2021-02-07,0,Lao People's Democratic Republic
2021-02-08,0,Lao People's Democratic Republic
2021-02-09,0,Lao People's Democratic Republic
2021-02-10,0,Lao People's Democratic Republic
2021-02-11,0,Lao People's Democratic Republic
2021-02-12,0,Lao People's Democratic Republic
2021-02-13,0,Lao People's Democratic Republic
2021-02-14,0,Lao People's Democratic Republic
2021-02-15,0,Lao People's Democratic Republic
2021-02-16,0,Lao People's Democratic Republic
2021-02-17,0,Lao People's Democratic Republic
2021-02-18,0,Lao People's Democratic Republic
2021-02-19,0,Lao People's Democratic Republic
2021-02-20,0,Lao People's Democratic Republic
2021-02-21,0,Lao People's Democratic Republic
2021-02-22,0,Lao People's Democratic Republic
2021-02-23,0,Lao People's Democratic Republic
2021-02-24,0,Lao People's Democratic Republic
2021-02-25,0,Lao People's Democratic Republic
2021-02-26,0,Lao People's Democratic Republic
2021-02-27,0,Lao People's Democratic Republic
2021-02-28,0,Lao People's Democratic Republic
2021-03-01,0,Lao People's Democratic Republic
2021-03-02,0,Lao People's Democratic Republic
2021-03-03,0,Lao People's Democratic Republic
2021-03-04,0,Lao People's Democratic Republic
2021-03-05,2,Lao People's Democratic Republic
2021-03-06,0,Lao People's Democratic Republic
2021-03-07,0,Lao People's Democratic Republic
2021-03-08,0,Lao People's Democratic Republic
2021-03-09,0,Lao People's Democratic Republic
2021-03-10,1,Lao People's Democratic Republic
2021-03-11,0,Lao People's Democratic Republic
2021-03-12,0,Lao People's Democratic Republic
2021-03-13,1,Lao People's Democratic Republic
2021-03-14,0,Lao People's Democratic Republic
2021-03-15,0,Lao People's Democratic Republic
2021-03-16,0,Lao People's Democratic Republic
2021-03-17,0,Lao People's Democratic Republic
2021-03-18,0,Lao People's Democratic Republic
2021-03-19,0,Lao People's Democratic Republic
2021-03-20,0,Lao People's Democratic Republic
2021-03-21,0,Lao People's Democratic Republic
2021-03-22,0,Lao People's Democratic Republic
2021-03-23,0,Lao People's Democratic Republic
2021-03-24,0,Lao People's Democratic Republic
2021-03-25,0,Lao People's Democratic Republic
2021-03-26,0,Lao People's Democratic Republic
2021-03-27,0,Lao People's Democratic Republic
2021-03-28,0,Lao People's Democratic Republic
2021-03-29,0,Lao People's Democratic Republic
2021-03-30,0,Lao People's Democratic Republic
2021-03-31,0,Lao People's Democratic Republic
2021-04-01,0,Lao People's Democratic Republic
2021-04-02,0,Lao People's Democratic Republic
2021-04-03,0,Lao People's Democratic Republic
2021-04-04,0,Lao People's Democratic Republic
2021-04-05,0,Lao People's Democratic Republic
2021-04-06,0,Lao People's Democratic Republic
2021-04-07,0,Lao People's Democratic Republic
2021-04-08,0,Lao People's Democratic Republic
2021-04-09,0,Lao People's Democratic Republic
2021-04-10,0,Lao People's Democratic Republic
2021-04-11,2,Lao People's Democratic Republic
2021-04-12,1,Lao People's Democratic Republic
2021-04-13,0,Lao People's Democratic Republic
2021-04-14,1,Lao People's Democratic Republic
2021-04-15,0,Lao People's Democratic Republic
2021-04-16,1,Lao People's Democratic Republic
2021-04-17,4,Lao People's Democratic Republic
2021-04-18,0,Lao People's Democratic Republic
2021-04-19,0,Lao People's Democratic Republic
2021-04-20,2,Lao People's Democratic Republic
2021-04-21,28,Lao People's Democratic Republic
2021-04-22,6,Lao People's Democratic Republic
2021-04-23,64,Lao People's Democratic Republic
2021-04-24,87,Lao People's Democratic Republic
2021-04-25,67,Lao People's Democratic Republic
2021-04-26,113,Lao People's Democratic Republic
2021-04-27,75,Lao People's Democratic Republic
2021-04-28,82,Lao People's Democratic Republic
2021-04-29,60,Lao People's Democratic Republic
2021-04-30,72,Lao People's Democratic Republic
2021-05-01,64,Lao People's Democratic Republic
2021-05-02,102,Lao People's Democratic Republic
2021-05-03,33,Lao People's Democratic Republic
2021-05-04,53,Lao People's Democratic Republic
2021-05-05,46,Lao People's Democratic Republic
2021-05-06,105,Lao People's Democratic Republic
2021-05-07,28,Lao People's Democratic Republic
2021-05-08,28,Lao People's Democratic Republic
2021-05-09,69,Lao People's Democratic Republic
2021-05-10,25,Lao People's Democratic Republic
2021-05-11,35,Lao People's Democratic Republic
2021-05-12,55,Lao People's Democratic Republic
2021-05-13,65,Lao People's Democratic Republic
2021-05-14,16,Lao People's Democratic Republic
2021-05-15,72,Lao People's Democratic Republic
2021-05-16,21,Lao People's Democratic Republic
2021-05-17,47,Lao People's Democratic Republic
2021-05-18,49,Lao People's Democratic Republic
2021-05-19,50,Lao People's Democratic Republic
2021-05-20,14,Lao People's Democratic Republic
2021-05-21,12,Lao People's Democratic Republic
2021-05-22,19,Lao People's Democratic Republic
2021-05-23,19,Lao People's Democratic Republic
2021-05-24,21,Lao People's Democratic Republic
2021-05-25,56,Lao People's Democratic Republic
2021-05-26,5,Lao People's Democratic Republic
2021-05-27,12,Lao People's Democratic Republic
2021-05-28,10,Lao People's Democratic Republic
2021-05-29,3,Lao People's Democratic Republic
2021-05-30,3,Lao People's Democratic Republic
2021-05-31,1,Lao People's Democratic Republic
2021-06-01,17,Lao People's Democratic Republic
2021-06-02,5,Lao People's Democratic Republic
2021-06-03,9,Lao People's Democratic Republic
2021-06-04,9,Lao People's Democratic Republic
2021-06-05,5,Lao People's Democratic Republic
2021-06-06,6,Lao People's Democratic Republic
2021-06-07,5,Lao People's Democratic Republic
2021-06-08,2,Lao People's Democratic Republic
2021-06-09,1,Lao People's Democratic Republic
2021-06-10,4,Lao People's Democratic Republic
2021-06-11,4,Lao People's Democratic Republic
2021-06-12,11,Lao People's Democratic Republic
2021-06-13,6,Lao People's Democratic Republic
2021-06-14,14,Lao People's Democratic Republic
2021-06-15,15,Lao People's Democratic Republic
2021-06-16,8,Lao People's Democratic Republic
2021-06-17,1,Lao People's Democratic Republic
2021-06-18,13,Lao People's Democratic Republic
2021-06-19,3,Lao People's Democratic Republic
2021-06-20,3,Lao People's Democratic Republic
2021-06-21,1,Lao People's Democratic Republic
2021-06-22,13,Lao People's Democratic Republic
2021-06-23,9,Lao People's Democratic Republic
2021-06-24,4,Lao People's Democratic Republic
2021-06-25,14,Lao People's Democratic Republic
2021-06-26,6,Lao People's Democratic Republic
2021-06-27,10,Lao People's Democratic Republic
2021-06-28,26,Lao People's Democratic Republic
2021-06-29,25,Lao People's Democratic Republic
2021-06-30,20,Lao People's Democratic Republic
2021-07-01,23,Lao People's Democratic Republic
2021-07-02,32,Lao People's Democratic Republic
2021-07-03,36,Lao People's Democratic Republic
2021-07-04,32,Lao People's Democratic Republic
2021-07-05,56,Lao People's Democratic Republic
2021-07-06,56,Lao People's Democratic Republic
2021-07-07,44,Lao People's Democratic Republic
2021-07-08,69,Lao People's Democratic Republic
2021-07-09,68,Lao People's Democratic Republic
2021-07-10,93,Lao People's Democratic Republic
2021-07-11,89,Lao People's Democratic Republic
2021-07-12,106,Lao People's Democratic Republic
2021-07-13,76,Lao People's Democratic Republic
2021-07-14,75,Lao People's Democratic Republic
2021-07-15,116,Lao People's Democratic Republic
2021-07-16,95,Lao People's Democratic Republic
2021-07-17,108,Lao People's Democratic Republic
2021-07-18,131,Lao People's Democratic Republic
2021-07-19,114,Lao People's Democratic Republic
2021-07-20,170,Lao People's Democratic Republic
2021-07-21,153,Lao People's Democratic Republic
2021-07-22,256,Lao People's Democratic Republic
2021-07-23,223,Lao People's Democratic Republic
2021-07-24,278,Lao People's Democratic Republic
2021-07-25,142,Lao People's Democratic Republic
2021-07-26,223,Lao People's Democratic Republic
2021-07-27,169,Lao People's Democratic Republic
2021-07-28,280,Lao People's Democratic Republic
2021-07-29,241,Lao People's Democratic Republic
2021-07-30,244,Lao People's Democratic Republic
2021-07-31,380,Lao People's Democratic Republic
2021-08-01,267,Lao People's Democratic Republic
2021-08-02,199,Lao People's Democratic Republic
2021-08-03,250,Lao People's Democratic Republic
2021-08-04,290,Lao People's Democratic Republic
2021-08-05,206,Lao People's Democratic Republic
2021-08-06,267,Lao People's Democratic Republic
2021-08-07,354,Lao People's Democratic Republic
2021-08-08,259,Lao People's Democratic Republic
2021-08-09,170,Lao People's Democratic Republic
2021-08-10,315,Lao People's Democratic Republic
2021-08-11,285,Lao People's Democratic Republic
2021-08-12,202,Lao People's Democratic Republic
2021-08-13,305,Lao People's Democratic Republic
2021-08-14,226,Lao People's Democratic Republic
2021-08-15,198,Lao People's Democratic Republic
2021-08-16,349,Lao People's Democratic Republic
2021-08-17,207,Lao People's Democratic Republic
2021-08-18,381,Lao People's Democratic Republic
2021-08-19,284,Lao People's Democratic Republic
2021-08-20,440,Lao People's Democratic Republic
2021-08-21,411,Lao People's Democratic Republic
2021-08-22,305,Lao People's Democratic Republic
2021-08-23,152,Lao People's Democratic Republic
2021-08-24,336,Lao People's Democratic Republic
2021-08-25,952,Lao People's Democratic Republic
2021-08-26,195,Lao People's Democratic Republic
2021-08-27,247,Lao People's Democratic Republic
2021-08-28,115,Lao People's Democratic Republic
2021-08-29,175,Lao People's Democratic Republic
2021-08-30,175,Lao People's Democratic Republic
2021-08-31,199,Lao People's Democratic Republic
2021-09-01,274,Lao People's Democratic Republic
2021-09-02,170,Lao People's Democratic Republic
2021-09-03,146,Lao People's Democratic Republic
2021-09-04,156,Lao People's Democratic Republic
2021-09-05,172,Lao People's Democratic Republic
2021-09-06,125,Lao People's Democratic Republic
2021-09-07,307,Lao People's Democratic Republic
2021-09-08,211,Lao People's Democratic Republic
2021-09-09,166,Lao People's Democratic Republic
2021-09-10,194,Lao People's Democratic Republic
2021-09-11,204,Lao People's Democratic Republic
2021-09-12,217,Lao People's Democratic Republic
2021-09-13,198,Lao People's Democratic Republic
2021-09-14,127,Lao People's Democratic Republic
2021-09-15,223,Lao People's Democratic Republic
2021-09-16,154,Lao People's Democratic Republic
2021-09-17,288,Lao People's Democratic Republic
2021-09-18,467,Lao People's Democratic Republic
2021-09-19,371,Lao People's Democratic Republic
2021-09-20,214,Lao People's Democratic Republic
2021-09-21,331,Lao People's Democratic Republic
2021-09-22,222,Lao People's Democratic Republic
2021-09-23,694,Lao People's Democratic Republic
2021-09-24,434,Lao People's Democratic Republic
2021-09-25,447,Lao People's Democratic Republic
2021-09-26,292,Lao People's Democratic Republic
2021-09-27,622,Lao People's Democratic Republic
2021-09-28,500,Lao People's Democratic Republic
2021-09-29,547,Lao People's Democratic Republic
2021-09-30,358,Lao People's Democratic Republic
2021-10-01,464,Lao People's Democratic Republic
2021-10-02,606,Lao People's Democratic Republic
2021-10-03,301,Lao People's Democratic Republic
2021-10-04,307,Lao People's Democratic Republic
2021-10-05,454,Lao People's Democratic Republic
2021-10-06,484,Lao People's Democratic Republic
2021-10-07,414,Lao People's Democratic Republic
2021-10-08,731,Lao People's Democratic Republic
2021-10-09,425,Lao People's Democratic Republic
2021-10-10,508,Lao People's Democratic Republic
2021-10-11,309,Lao People's Democratic Republic
2021-10-12,549,Lao People's Democratic Republic
2021-10-13,566,Lao People's Democratic Republic
2021-10-14,651,Lao People's Democratic Republic
2021-10-15,573,Lao People's Democratic Republic
2021-10-16,545,Lao People's Democratic Republic
2021-10-17,296,Lao People's Democratic Republic
2021-10-18,285,Lao People's Democratic Republic
2021-10-19,657,Lao People's Democratic Republic
2021-10-20,635,Lao People's Democratic Republic
2021-10-21,392,Lao People's Democratic Republic
2021-10-22,520,Lao People's Democratic Republic
2021-10-23,467,Lao People's Democratic Republic
2021-10-24,648,Lao People's Democratic Republic
2021-10-25,615,Lao People's Democratic Republic
2021-10-26,770,Lao People's Democratic Republic
2021-10-27,733,Lao People's Democratic Republic
2021-10-28,530,Lao People's Democratic Republic
2021-10-29,447,Lao People's Democratic Republic
2021-10-30,858,Lao People's Democratic Republic
2021-10-31,685,Lao People's Democratic Republic
2021-11-01,685,Lao People's Democratic Republic
2021-11-02,873,Lao People's Democratic Republic
2021-11-03,1062,Lao People's Democratic Republic
2021-11-04,1170,Lao People's Democratic Republic
2021-11-05,959,Lao People's Democratic Republic
2021-11-06,960,Lao People's Democratic Republic
2021-11-07,1076,Lao People's Democratic Republic
2021-11-08,786,Lao People's Democratic Republic
2021-11-09,1050,Lao People's Democratic Republic
2021-11-10,1140,Lao People's Democratic Republic
2021-11-11,945,Lao People's Democratic Republic
2021-11-12,1198,Lao People's Democratic Republic
2021-11-13,1032,Lao People's Democratic Republic
2021-11-14,985,Lao People's Democratic Republic
2021-11-15,826,Lao People's Democratic Republic
2021-11-16,1306,Lao People's Democratic Republic
2021-11-17,1073,Lao People's Democratic Republic
2021-11-18,1401,Lao People's Democratic Republic
2021-11-19,1097,Lao People's Democratic Republic
2021-11-20,1344,Lao People's Democratic Republic
2021-11-21,921,Lao People's Democratic Republic
2021-11-22,999,Lao People's Democratic Republic
2021-11-23,1323,Lao People's Democratic Republic
2021-11-24,1336,Lao People's Democratic Republic
2021-11-25,1504,Lao People's Democratic Republic
2021-11-26,1510,Lao People's Democratic Republic
2021-11-27,1491,Lao People's Democratic Republic
2021-11-28,1195,Lao People's Democratic Republic
2021-11-29,929,Lao People's Democratic Republic
2021-11-30,1291,Lao People's Democratic Republic
2021-12-01,1425,Lao People's Democratic Republic
2021-12-02,1333,Lao People's Democratic Republic
2021-12-03,1004,Lao People's Democratic Republic
2021-12-04,969,Lao People's Democratic Republic
2021-12-05,1364,Lao People's Democratic Republic
2021-12-06,871,Lao People's Democratic Republic
2021-12-07,1378,Lao People's Democratic Republic
2021-12-08,1209,Lao People's Democratic Republic
2021-12-09,1212,Lao People's Democratic Republic
2021-12-10,1645,Lao People's Democratic Republic
2021-12-11,1898,Lao People's Democratic Republic
2021-12-12,1274,Lao People's Democratic Republic
2021-12-13,1138,Lao People's Democratic Republic
2021-12-14,1358,Lao People's Democratic Republic
2021-12-15,1245,Lao People's Democratic Republic
2021-12-16,1493,Lao People's Democratic Republic
2021-12-17,1702,Lao People's Democratic Republic
2021-12-18,1249,Lao People's Democratic Republic
2021-12-19,1067,Lao People's Democratic Republic
2021-12-20,824,Lao People's Democratic Republic
2021-12-21,1128,Lao People's Democratic Republic
2021-12-22,1341,Lao People's Democratic Republic
2021-12-23,1471,Lao People's Democratic Republic
2021-12-24,1037,Lao People's Democratic Republic
2021-12-25,1007,Lao People's Democratic Republic
2021-12-26,851,Lao People's Democratic Republic
2021-12-27,547,Lao People's Democratic Republic
2021-12-28,962,Lao People's Democratic Republic
2021-12-29,1042,Lao People's Democratic Republic
2021-12-30,1272,Lao People's Democratic Republic
2021-12-31,1006,Lao People's Democratic Republic
2022-01-01,1023,Lao People's Democratic Republic
2022-01-02,684,Lao People's Democratic Republic
2022-01-03,665,Lao People's Democratic Republic
2022-01-04,519,Lao People's Democratic Republic
2022-01-05,836,Lao People's Democratic Republic
2022-01-06,1083,Lao People's Democratic Republic
2022-01-07,1020,Lao People's Democratic Republic
2022-01-08,1066,Lao People's Democratic Republic
2022-01-09,924,Lao People's Democratic Republic
2022-01-10,641,Lao People's Democratic Republic
2022-01-11,999,Lao People's Democratic Republic
2022-01-12,916,Lao People's Democratic Republic
2022-01-13,805,Lao People's Democratic Republic
2022-01-14,1052,Lao People's Democratic Republic
2022-01-15,900,Lao People's Democratic Republic
2022-01-16,538,Lao People's Democratic Republic
2022-01-17,602,Lao People's Democratic Republic
2022-01-18,733,Lao People's Democratic Republic
2022-01-19,1281,Lao People's Democratic Republic
2022-01-20,901,Lao People's Democratic Republic
2022-01-21,676,Lao People's Democratic Republic
2022-01-22,612,Lao People's Democratic Republic
2022-01-23,417,Lao People's Democratic Republic
2022-01-24,340,Lao People's Democratic Republic
2022-01-25,560,Lao People's Democratic Republic
2022-01-26,582,Lao People's Democratic Republic
2022-01-27,695,Lao People's Democratic Republic
2022-01-28,551,Lao People's Democratic Republic
2022-01-29,537,Lao People's Democratic Republic
2022-01-30,306,Lao People's Democratic Republic
2022-01-31,329,Lao People's Democratic Republic
2022-02-01,585,Lao People's Democratic Republic
2022-02-02,463,Lao People's Democratic Republic
2022-02-03,400,Lao People's Democratic Republic
2022-02-04,359,Lao People's Democratic Republic
2022-02-05,488,Lao People's Democratic Republic
2022-02-06,290,Lao People's Democratic Republic
2022-02-07,341,Lao People's Democratic Republic
2022-02-08,324,Lao People's Democratic Republic
2022-02-09,454,Lao People's Democratic Republic
2022-02-10,450,Lao People's Democratic Republic
2022-02-11,424,Lao People's Democratic Republic
2022-02-12,334,Lao People's Democratic Republic
2022-02-13,263,Lao People's Democratic Republic
2022-02-14,214,Lao People's Democratic Republic
2022-02-15,443,Lao People's Democratic Republic
2022-02-16,345,Lao People's Democratic Republic
2022-02-17,323,Lao People's Democratic Republic
2022-02-18,251,Lao People's Democratic Republic
2022-02-19,285,Lao People's Democratic Republic
2022-02-20,194,Lao People's Democratic Republic
2022-02-21,218,Lao People's Democratic Republic
2022-02-22,140,Lao People's Democratic Republic
2022-02-23,253,Lao People's Democratic Republic
2022-02-24,239,Lao People's Democratic Republic
2022-02-25,304,Lao People's Democratic Republic
2022-02-26,237,Lao People's Democratic Republic
2022-02-27,135,Lao People's Democratic Republic
2022-02-28,134,Lao People's Democratic Republic
2022-03-01,224,Lao People's Democratic Republic
2022-03-02,273,Lao People's Democratic Republic
2022-03-03,246,Lao People's Democratic Republic
2022-03-04,224,Lao People's Democratic Republic
2022-03-05,259,Lao People's Democratic Republic
2022-03-06,186,Lao People's Democratic Republic
2022-03-07,165,Lao People's Democratic Republic
2022-03-08,231,Lao People's Democratic Republic
2022-03-09,208,Lao People's Democratic Republic
2022-03-10,335,Lao People's Democratic Republic
2022-03-11,413,Lao People's Democratic Republic
2022-03-12,0,Lao People's Democratic Republic
2022-03-13,821,Lao People's Democratic Republic
2022-03-14,359,Lao People's Democratic Republic
2022-03-15,722,Lao People's Democratic Republic
2022-03-16,848,Lao People's Democratic Republic
2022-03-17,874,Lao People's Democratic Republic
2022-03-18,1508,Lao People's Democratic Republic
2022-03-19,1317,Lao People's Democratic Republic
2022-03-20,1001,Lao People's Democratic Republic
2022-03-21,1137,Lao People's Democratic Republic
2022-03-22,2328,Lao People's Democratic Republic
2022-03-23,2625,Lao People's Democratic Republic
2022-03-24,2819,Lao People's Democratic Republic
2022-03-25,2212,Lao People's Democratic Republic
2022-03-26,0,Lao People's Democratic Republic
2022-03-27,3915,Lao People's Democratic Republic
2022-03-28,1263,Lao People's Democratic Republic
2022-03-29,2183,Lao People's Democratic Republic
2022-03-30,2697,Lao People's Democratic Republic
2022-03-31,2762,Lao People's Democratic Republic
2022-04-01,2665,Lao People's Democratic Republic
2022-04-02,2404,Lao People's Democratic Republic
2022-04-03,1593,Lao People's Democratic Republic
2022-04-04,1038,Lao People's Democratic Republic
2022-04-05,2272,Lao People's Democratic Republic
2022-04-06,2115,Lao People's Democratic Republic
2022-04-07,2033,Lao People's Democratic Republic
2022-04-08,1842,Lao People's Democratic Republic
2022-04-09,1681,Lao People's Democratic Republic
2022-04-10,924,Lao People's Democratic Republic
2022-04-11,662,Lao People's Democratic Republic
2022-04-12,1290,Lao People's Democratic Republic
2022-04-13,929,Lao People's Democratic Republic
2022-04-14,662,Lao People's Democratic Republic
2022-04-15,454,Lao People's Democratic Republic
2022-04-16,406,Lao People's Democratic Republic
2022-04-17,322,Lao People's Democratic Republic
2022-04-18,312,Lao People's Democratic Republic
2022-04-19,958,Lao People's Democratic Republic
2022-04-20,1082,Lao People's Democratic Republic
2022-04-21,1003,Lao People's Democratic Republic
2022-04-22,729,Lao People's Democratic Republic
2022-04-23,619,Lao People's Democratic Republic
2022-04-24,377,Lao People's Democratic Republic
2022-04-25,229,Lao People's Democratic Republic
2022-04-26,543,Lao People's Democratic Republic
2022-04-27,470,Lao People's Democratic Republic
2022-04-28,369,Lao People's Democratic Republic
2022-04-29,315,Lao People's Democratic Republic
2022-04-30,273,Lao People's Democratic Republic
2022-05-01,139,Lao People's Democratic Republic
2022-05-02,114,Lao People's Democratic Republic
2022-05-03,126,Lao People's Democratic Republic
2022-05-04,290,Lao People's Democratic Republic
2022-05-05,230,Lao People's Democratic Republic
2022-05-06,0,Lao People's Democratic Republic
2022-05-07,167,Lao People's Democratic Republic
2022-05-08,294,Lao People's Democratic Republic
2022-05-09,110,Lao People's Democratic Republic
2022-05-10,89,Lao People's Democratic Republic
2022-05-11,121,Lao People's Democratic Republic
2022-05-12,94,Lao People's Democratic Republic
2022-05-13,78,Lao People's Democratic Republic
2022-05-14,65,Lao People's Democratic Republic
2022-05-15,48,Lao People's Democratic Republic
2022-05-16,0,Lao People's Democratic Republic
2022-05-17,119,Lao People's Democratic Republic
2022-05-18,54,Lao People's Democratic Republic
2022-05-19,51,Lao People's Democratic Republic
2022-05-20,41,Lao People's Democratic Republic
2022-05-21,0,Lao People's Democratic Republic
2022-05-22,29,Lao People's Democratic Republic
2022-05-23,56,Lao People's Democratic Republic
2022-05-24,39,Lao People's Democratic Republic
2022-05-25,38,Lao People's Democratic Republic
2022-05-26,27,Lao People's Democratic Republic
2022-05-27,34,Lao People's Democratic Republic
2022-05-28,28,Lao People's Democratic Republic
2022-05-29,15,Lao People's Democratic Republic
2022-05-30,10,Lao People's Democratic Republic
2022-05-31,14,Lao People's Democratic Republic
2022-06-01,37,Lao People's Democratic Republic
2022-06-02,19,Lao People's Democratic Republic
2022-06-03,16,Lao People's Democratic Republic
2022-06-04,8,Lao People's Democratic Republic
2022-06-05,12,Lao People's Democratic Republic
2022-06-06,2,Lao People's Democratic Republic
2022-06-07,15,Lao People's Democratic Republic
2022-06-08,10,Lao People's Democratic Republic
2022-06-09,21,Lao People's Democratic Republic
2022-06-10,0,Lao People's Democratic Republic
2022-06-11,7,Lao People's Democratic Republic
2022-06-12,11,Lao People's Democratic Republic
2022-06-13,11,Lao People's Democratic Republic
2022-06-14,6,Lao People's Democratic Republic
2022-06-15,9,Lao People's Democratic Republic
2022-06-16,7,Lao People's Democratic Republic
2022-06-17,8,Lao People's Democratic Republic
2022-06-18,0,Lao People's Democratic Republic
2022-06-19,15,Lao People's Democratic Republic
2022-06-20,5,Lao People's Democratic Republic
2022-06-21,6,Lao People's Democratic Republic
2022-06-22,7,Lao People's Democratic Republic
2022-06-23,1,Lao People's Democratic Republic
2022-06-24,11,Lao People's Democratic Republic
2022-06-25,5,Lao People's Democratic Republic
2022-06-26,9,Lao People's Democratic Republic
2022-06-27,4,Lao People's Democratic Republic
2022-06-28,7,Lao People's Democratic Republic
2022-06-29,20,Lao People's Democratic Republic
2022-06-30,0,Lao People's Democratic Republic
2022-07-01,19,Lao People's Democratic Republic
2022-07-02,9,Lao People's Democratic Republic
2022-07-03,0,Lao People's Democratic Republic
2022-07-04,1,Lao People's Democratic Republic
2022-07-05,6,Lao People's Democratic Republic
2022-07-06,11,Lao People's Democratic Republic
2022-07-07,7,Lao People's Democratic Republic
2022-07-08,10,Lao People's Democratic Republic
2022-07-09,7,Lao People's Democratic Republic
2022-07-10,13,Lao People's Democratic Republic
2022-07-11,5,Lao People's Democratic Republic
2022-07-12,9,Lao People's Democratic Republic
2022-07-13,11,Lao People's Democratic Republic
2022-07-14,15,Lao People's Democratic Republic
2022-07-15,32,Lao People's Democratic Republic
2022-07-16,29,Lao People's Democratic Republic
2022-07-17,48,Lao People's Democratic Republic
2022-07-18,18,Lao People's Democratic Republic
2022-07-19,18,Lao People's Democratic Republic
2022-07-20,46,Lao People's Democratic Republic
2022-07-21,46,Lao People's Democratic Republic
2022-07-22,38,Lao People's Democratic Republic
2022-07-23,43,Lao People's Democratic Republic
2022-07-24,47,Lao People's Democratic Republic
2022-07-25,23,Lao People's Democratic Republic
2022-07-26,26,Lao People's Democratic Republic
2022-07-27,62,Lao People's Democratic Republic
2022-07-28,86,Lao People's Democratic Republic
2022-07-29,89,Lao People's Democratic Republic
2022-07-30,83,Lao People's Democratic Republic
2022-07-31,57,Lao People's Democratic Republic
2022-08-01,47,Lao People's Democratic Republic
2022-08-02,32,Lao People's Democratic Republic
2022-08-03,104,Lao People's Democratic Republic
2022-08-04,66,Lao People's Democratic Republic
2022-08-05,96,Lao People's Democratic Republic
2022-08-06,106,Lao People's Democratic Republic
2022-08-07,128,Lao People's Democratic Republic
2022-08-08,39,Lao People's Democratic Republic
2022-08-09,32,Lao People's Democratic Republic
2022-08-10,100,Lao People's Democratic Republic
2022-08-11,85,Lao People's Democratic Republic
2022-08-12,97,Lao People's Democratic Republic
2022-08-13,90,Lao People's Democratic Republic
2022-08-14,109,Lao People's Democratic Republic
2022-08-15,33,Lao People's Democratic Republic
2022-08-16,87,Lao People's Democratic Republic
2022-08-17,128,Lao People's Democratic Republic
2022-08-18,190,Lao People's Democratic Republic
2022-08-19,159,Lao People's Democratic Republic
2022-08-20,152,Lao People's Democratic Republic
2022-08-21,85,Lao People's Democratic Republic
2022-08-22,52,Lao People's Democratic Republic
2022-08-23,55,Lao People's Democratic Republic
2022-08-24,106,Lao People's Democratic Republic
2022-08-25,132,Lao People's Democratic Republic
2022-08-26,89,Lao People's Democratic Republic
2022-08-27,100,Lao People's Democratic Republic
2022-08-28,47,Lao People's Democratic Republic
2022-08-29,50,Lao People's Democratic Republic
2022-08-30,36,Lao People's Democratic Republic
2022-08-31,101,Lao People's Democratic Republic
2022-09-01,114,Lao People's Democratic Republic
2022-09-02,130,Lao People's Democratic Republic
2022-09-03,104,Lao People's Democratic Republic
2022-09-04,84,Lao People's Democratic Republic
2022-09-05,50,Lao People's Democratic Republic
2022-09-06,48,Lao People's Democratic Republic
2022-09-07,108,Lao People's Democratic Republic
2022-09-08,86,Lao People's Democratic Republic
2022-09-09,92,Lao People's Democratic Republic
2022-09-10,94,Lao People's Democratic Republic
2022-09-11,62,Lao People's Democratic Republic
2022-09-12,51,Lao People's Democratic Republic
2022-09-13,34,Lao People's Democratic Republic
2022-09-14,82,Lao People's Democratic Republic
2022-09-15,93,Lao People's Democratic Republic
2022-09-16,115,Lao People's Democratic Republic
2022-09-17,50,Lao People's Democratic Republic
2022-09-18,69,Lao People's Democratic Republic
2022-09-19,35,Lao People's Democratic Republic
2022-09-20,22,Lao People's Democratic Republic
2022-09-21,57,Lao People's Democratic Republic
2022-09-22,50,Lao People's Democratic Republic
2022-09-23,60,Lao People's Democratic Republic
2022-09-24,39,Lao People's Democratic Republic
2022-09-25,37,Lao People's Democratic Republic
2022-09-26,23,Lao People's Democratic Republic
2022-09-27,37,Lao People's Democratic Republic
2022-09-28,48,Lao People's Democratic Republic
2022-09-29,22,Lao People's Democratic Republic
2022-09-30,0,Lao People's Democratic Republic
2022-10-01,22,Lao People's Democratic Republic
2022-10-02,17,Lao People's Democratic Republic
2022-10-03,16,Lao People's Democratic Republic
2022-10-04,4,Lao People's Democratic Republic
2022-10-05,29,Lao People's Democratic Republic
2022-10-06,17,Lao People's Democratic Republic
2022-10-07,26,Lao People's Democratic Republic
2022-10-08,19,Lao People's Democratic Republic
2022-10-09,22,Lao People's Democratic Republic
2022-10-10,2,Lao People's Democratic Republic
2022-10-11,7,Lao People's Democratic Republic
2022-10-12,6,Lao People's Democratic Republic
2022-10-13,19,Lao People's Democratic Republic
2022-10-14,20,Lao People's Democratic Republic
2022-10-15,21,Lao People's Democratic Republic
2022-10-16,20,Lao People's Democratic Republic
2022-10-17,10,Lao People's Democratic Republic
2022-10-18,3,Lao People's Democratic Republic
2022-10-19,15,Lao People's Democratic Republic
2022-10-20,29,Lao People's Democratic Republic
2020-03-02,0,Malaysia
2020-03-03,4,Malaysia
2020-03-04,7,Malaysia
2020-03-05,14,Malaysia
2020-03-06,5,Malaysia
2020-03-07,28,Malaysia
2020-03-08,10,Malaysia
2020-03-09,6,Malaysia
2020-03-10,18,Malaysia
2020-03-11,0,Malaysia
2020-03-12,32,Malaysia
2020-03-13,9,Malaysia
2020-03-14,39,Malaysia
2020-03-15,41,Malaysia
2020-03-16,190,Malaysia
2020-03-17,125,Malaysia
2020-03-18,120,Malaysia
2020-03-19,117,Malaysia
2020-03-20,110,Malaysia
2020-03-21,130,Malaysia
2020-03-22,153,Malaysia
2020-03-23,123,Malaysia
2020-03-24,212,Malaysia
2020-03-25,106,Malaysia
2020-03-26,172,Malaysia
2020-03-27,235,Malaysia
2020-03-28,130,Malaysia
2020-03-29,159,Malaysia
2020-03-30,150,Malaysia
2020-03-31,156,Malaysia
2020-04-01,140,Malaysia
2020-04-02,142,Malaysia
2020-04-03,208,Malaysia
2020-04-04,217,Malaysia
2020-04-05,150,Malaysia
2020-04-06,179,Malaysia
2020-04-07,131,Malaysia
2020-04-08,170,Malaysia
2020-04-09,156,Malaysia
2020-04-10,109,Malaysia
2020-04-11,118,Malaysia
2020-04-12,184,Malaysia
2020-04-13,153,Malaysia
2020-04-14,134,Malaysia
2020-04-15,170,Malaysia
2020-04-16,85,Malaysia
2020-04-17,110,Malaysia
2020-04-18,69,Malaysia
2020-04-19,54,Malaysia
2020-04-20,84,Malaysia
2020-04-21,35,Malaysia
2020-04-22,58,Malaysia
2020-04-23,50,Malaysia
2020-04-24,71,Malaysia
2020-04-25,88,Malaysia
2020-04-26,51,Malaysia
2020-04-27,38,Malaysia
2020-04-28,40,Malaysia
2020-04-29,31,Malaysia
2020-04-30,94,Malaysia
2020-05-01,57,Malaysia
2020-05-02,69,Malaysia
2020-05-03,105,Malaysia
2020-05-04,122,Malaysia
2020-05-05,55,Malaysia
2020-05-06,30,Malaysia
2020-05-07,45,Malaysia
2020-05-08,39,Malaysia
2020-05-09,68,Malaysia
2020-05-10,54,Malaysia
2020-05-11,67,Malaysia
2020-05-12,70,Malaysia
2020-05-13,16,Malaysia
2020-05-14,37,Malaysia
2020-05-15,40,Malaysia
2020-05-16,36,Malaysia
2020-05-17,17,Malaysia
2020-05-18,22,Malaysia
2020-05-19,47,Malaysia
2020-05-20,37,Malaysia
2020-05-21,31,Malaysia
2020-05-22,50,Malaysia
2020-05-23,78,Malaysia
2020-05-24,48,Malaysia
2020-05-25,60,Malaysia
2020-05-26,172,Malaysia
2020-05-27,187,Malaysia
2020-05-28,15,Malaysia
2020-05-29,10,Malaysia
2020-05-30,103,Malaysia
2020-05-31,30,Malaysia
2020-06-01,57,Malaysia
2020-06-02,38,Malaysia
2020-06-03,20,Malaysia
2020-06-04,93,Malaysia
2020-06-05,277,Malaysia
2020-06-06,19,Malaysia
2020-06-07,37,Malaysia
2020-06-08,19,Malaysia
2020-06-09,7,Malaysia
2020-06-10,7,Malaysia
2020-06-11,2,Malaysia
2020-06-12,31,Malaysia
2020-06-13,33,Malaysia
2020-06-14,43,Malaysia
2020-06-15,8,Malaysia
2020-06-16,41,Malaysia
2020-06-17,11,Malaysia
2020-06-18,10,Malaysia
2020-06-19,14,Malaysia
2020-06-20,6,Malaysia
2020-06-21,21,Malaysia
2020-06-22,16,Malaysia
2020-06-23,15,Malaysia
2020-06-24,3,Malaysia
2020-06-25,6,Malaysia
2020-06-26,4,Malaysia
2020-06-27,6,Malaysia
2020-06-28,10,Malaysia
2020-06-29,18,Malaysia
2020-06-30,3,Malaysia
2020-07-01,2,Malaysia
2020-07-02,1,Malaysia
2020-07-03,3,Malaysia
2020-07-04,5,Malaysia
2020-07-05,10,Malaysia
2020-07-06,5,Malaysia
2020-07-07,5,Malaysia
2020-07-08,6,Malaysia
2020-07-09,3,Malaysia
2020-07-10,6,Malaysia
2020-07-11,13,Malaysia
2020-07-12,8,Malaysia
2020-07-13,14,Malaysia
2020-07-14,7,Malaysia
2020-07-15,4,Malaysia
2020-07-16,5,Malaysia
2020-07-17,3,Malaysia
2020-07-18,18,Malaysia
2020-07-19,9,Malaysia
2020-07-20,15,Malaysia
2020-07-21,21,Malaysia
2020-07-22,15,Malaysia
2020-07-23,16,Malaysia
2020-07-24,9,Malaysia
2020-07-25,21,Malaysia
2020-07-26,23,Malaysia
2020-07-27,13,Malaysia
2020-07-28,7,Malaysia
2020-07-29,39,Malaysia
2020-07-30,13,Malaysia
2020-07-31,8,Malaysia
2020-08-01,12,Malaysia
2020-08-02,9,Malaysia
2020-08-03,14,Malaysia
2020-08-04,2,Malaysia
2020-08-05,1,Malaysia
2020-08-06,21,Malaysia
2020-08-07,15,Malaysia
2020-08-08,25,Malaysia
2020-08-09,7,Malaysia
2020-08-10,13,Malaysia
2020-08-11,11,Malaysia
2020-08-12,9,Malaysia
2020-08-13,11,Malaysia
2020-08-14,15,Malaysia
2020-08-15,20,Malaysia
2020-08-16,26,Malaysia
2020-08-17,25,Malaysia
2020-08-18,12,Malaysia
2020-08-19,7,Malaysia
2020-08-20,16,Malaysia
2020-08-21,5,Malaysia
2020-08-22,9,Malaysia
2020-08-23,8,Malaysia
2020-08-24,10,Malaysia
2020-08-25,7,Malaysia
2020-08-26,11,Malaysia
2020-08-27,6,Malaysia
2020-08-28,5,Malaysia
2020-08-29,10,Malaysia
2020-08-30,11,Malaysia
2020-08-31,17,Malaysia
2020-09-01,6,Malaysia
2020-09-02,14,Malaysia
2020-09-03,6,Malaysia
2020-09-04,14,Malaysia
2020-09-05,11,Malaysia
2020-09-06,6,Malaysia
2020-09-07,6,Malaysia
2020-09-08,62,Malaysia
2020-09-09,100,Malaysia
2020-09-10,24,Malaysia
2020-09-11,45,Malaysia
2020-09-12,182,Malaysia
2020-09-13,58,Malaysia
2020-09-14,47,Malaysia
2020-09-15,31,Malaysia
2020-09-16,23,Malaysia
2020-09-17,62,Malaysia
2020-09-18,21,Malaysia
2020-09-19,95,Malaysia
2020-09-20,20,Malaysia
2020-09-21,52,Malaysia
2020-09-22,57,Malaysia
2020-09-23,82,Malaysia
2020-09-24,147,Malaysia
2020-09-25,71,Malaysia
2020-09-26,111,Malaysia
2020-09-27,82,Malaysia
2020-09-28,150,Malaysia
2020-09-29,115,Malaysia
2020-09-30,101,Malaysia
2020-10-01,89,Malaysia
2020-10-02,260,Malaysia
2020-10-03,287,Malaysia
2020-10-04,317,Malaysia
2020-10-05,293,Malaysia
2020-10-06,432,Malaysia
2020-10-07,691,Malaysia
2020-10-08,489,Malaysia
2020-10-09,375,Malaysia
2020-10-10,354,Malaysia
2020-10-11,374,Malaysia
2020-10-12,561,Malaysia
2020-10-13,563,Malaysia
2020-10-14,660,Malaysia
2020-10-15,660,Malaysia
2020-10-16,589,Malaysia
2020-10-17,629,Malaysia
2020-10-18,869,Malaysia
2020-10-19,871,Malaysia
2020-10-20,865,Malaysia
2020-10-21,862,Malaysia
2020-10-22,732,Malaysia
2020-10-23,847,Malaysia
2020-10-24,710,Malaysia
2020-10-25,1228,Malaysia
2020-10-26,823,Malaysia
2020-10-27,1240,Malaysia
2020-10-28,835,Malaysia
2020-10-29,801,Malaysia
2020-10-30,649,Malaysia
2020-10-31,799,Malaysia
2020-11-01,659,Malaysia
2020-11-02,957,Malaysia
2020-11-03,834,Malaysia
2020-11-04,1054,Malaysia
2020-11-05,1032,Malaysia
2020-11-06,1009,Malaysia
2020-11-07,1755,Malaysia
2020-11-08,1168,Malaysia
2020-11-09,852,Malaysia
2020-11-10,972,Malaysia
2020-11-11,869,Malaysia
2020-11-12,822,Malaysia
2020-11-13,919,Malaysia
2020-11-14,1304,Malaysia
2020-11-15,1114,Malaysia
2020-11-16,1208,Malaysia
2020-11-17,1103,Malaysia
2020-11-18,1210,Malaysia
2020-11-19,660,Malaysia
2020-11-20,1290,Malaysia
2020-11-21,958,Malaysia
2020-11-22,1041,Malaysia
2020-11-23,1096,Malaysia
2020-11-24,1884,Malaysia
2020-11-25,2188,Malaysia
2020-11-26,970,Malaysia
2020-11-27,935,Malaysia
2020-11-28,1109,Malaysia
2020-11-29,1315,Malaysia
2020-11-30,1309,Malaysia
2020-12-01,1212,Malaysia
2020-12-02,1472,Malaysia
2020-12-03,851,Malaysia
2020-12-04,1075,Malaysia
2020-12-05,1141,Malaysia
2020-12-06,1123,Malaysia
2020-12-07,1335,Malaysia
2020-12-08,1600,Malaysia
2020-12-09,1012,Malaysia
2020-12-10,959,Malaysia
2020-12-11,2234,Malaysia
2020-12-12,1810,Malaysia
2020-12-13,1937,Malaysia
2020-12-14,1229,Malaysia
2020-12-15,1371,Malaysia
2020-12-16,1772,Malaysia
2020-12-17,1295,Malaysia
2020-12-18,1220,Malaysia
2020-12-19,1683,Malaysia
2020-12-20,1153,Malaysia
2020-12-21,1340,Malaysia
2020-12-22,2018,Malaysia
2020-12-23,2062,Malaysia
2020-12-24,1348,Malaysia
2020-12-25,1581,Malaysia
2020-12-26,1247,Malaysia
2020-12-27,2335,Malaysia
2020-12-28,1196,Malaysia
2020-12-29,1594,Malaysia
2020-12-30,1925,Malaysia
2020-12-31,1870,Malaysia
2021-01-01,4593,Malaysia
2021-01-02,2295,Malaysia
2021-01-03,1704,Malaysia
2021-01-04,1741,Malaysia
2021-01-05,2027,Malaysia
2021-01-06,2593,Malaysia
2021-01-07,3027,Malaysia
2021-01-08,2643,Malaysia
2021-01-09,2451,Malaysia
2021-01-10,2433,Malaysia
2021-01-11,2232,Malaysia
2021-01-12,3309,Malaysia
2021-01-13,2985,Malaysia
2021-01-14,3337,Malaysia
2021-01-15,3211,Malaysia
2021-01-16,4029,Malaysia
2021-01-17,3339,Malaysia
2021-01-18,3306,Malaysia
2021-01-19,3631,Malaysia
2021-01-20,4008,Malaysia
2021-01-21,3170,Malaysia
2021-01-22,3631,Malaysia
2021-01-23,4275,Malaysia
2021-01-24,3346,Malaysia
2021-01-25,3048,Malaysia
2021-01-26,3585,Malaysia
2021-01-27,3680,Malaysia
2021-01-28,4094,Malaysia
2021-01-29,5725,Malaysia
2021-01-30,5728,Malaysia
2021-01-31,5298,Malaysia
2021-02-01,4214,Malaysia
2021-02-02,3455,Malaysia
2021-02-03,4284,Malaysia
2021-02-04,4571,Malaysia
2021-02-05,3391,Malaysia
2021-02-06,3847,Malaysia
2021-02-07,3731,Malaysia
2021-02-08,3100,Malaysia
2021-02-09,2764,Malaysia
2021-02-10,3288,Malaysia
2021-02-11,3384,Malaysia
2021-02-12,3318,Malaysia
2021-02-13,3499,Malaysia
2021-02-14,2464,Malaysia
2021-02-15,2186,Malaysia
2021-02-16,2710,Malaysia
2021-02-17,2998,Malaysia
2021-02-18,2712,Malaysia
2021-02-19,2936,Malaysia
2021-02-20,2461,Malaysia
2021-02-21,3297,Malaysia
2021-02-22,2192,Malaysia
2021-02-23,2468,Malaysia
2021-02-24,3545,Malaysia
2021-02-25,1924,Malaysia
2021-02-26,2253,Malaysia
2021-02-27,2364,Malaysia
2021-02-28,2437,Malaysia
2021-03-01,1828,Malaysia
2021-03-02,1555,Malaysia
2021-03-03,1745,Malaysia
2021-03-04,2063,Malaysia
2021-03-05,2154,Malaysia
2021-03-06,1680,Malaysia
2021-03-07,1683,Malaysia
2021-03-08,1529,Malaysia
2021-03-09,1280,Malaysia
2021-03-10,1448,Malaysia
2021-03-11,1647,Malaysia
2021-03-12,1575,Malaysia
2021-03-13,1470,Malaysia
2021-03-14,1354,Malaysia
2021-03-15,1208,Malaysia
2021-03-16,1063,Malaysia
2021-03-17,1219,Malaysia
2021-03-18,1213,Malaysia
2021-03-19,1576,Malaysia
2021-03-20,1671,Malaysia
2021-03-21,1327,Malaysia
2021-03-22,1116,Malaysia
2021-03-23,1384,Malaysia
2021-03-24,1268,Malaysia
2021-03-25,1360,Malaysia
2021-03-26,1275,Malaysia
2021-03-27,1199,Malaysia
2021-03-28,1302,Malaysia
2021-03-29,941,Malaysia
2021-03-30,1133,Malaysia
2021-03-31,1482,Malaysia
2021-04-01,1178,Malaysia
2021-04-02,1294,Malaysia
2021-04-03,1638,Malaysia
2021-04-04,1349,Malaysia
2021-04-05,1070,Malaysia
2021-04-06,1300,Malaysia
2021-04-07,1139,Malaysia
2021-04-08,1285,Malaysia
2021-04-09,1854,Malaysia
2021-04-10,1510,Malaysia
2021-04-11,1739,Malaysia
2021-04-12,1317,Malaysia
2021-04-13,1767,Malaysia
2021-04-14,1889,Malaysia
2021-04-15,2148,Malaysia
2021-04-16,2551,Malaysia
2021-04-17,2331,Malaysia
2021-04-18,2195,Malaysia
2021-04-19,2078,Malaysia
2021-04-20,2341,Malaysia
2021-04-21,2340,Malaysia
2021-04-22,2875,Malaysia
2021-04-23,2847,Malaysia
2021-04-24,2717,Malaysia
2021-04-25,2690,Malaysia
2021-04-26,2776,Malaysia
2021-04-27,2733,Malaysia
2021-04-28,3142,Malaysia
2021-04-29,3332,Malaysia
2021-04-30,3788,Malaysia
2021-05-01,2881,Malaysia
2021-05-02,3418,Malaysia
2021-05-03,2500,Malaysia
2021-05-04,3120,Malaysia
2021-05-05,3744,Malaysia
2021-05-06,3551,Malaysia
2021-05-07,4498,Malaysia
2021-05-08,4519,Malaysia
2021-05-09,3733,Malaysia
2021-05-10,3807,Malaysia
2021-05-11,3973,Malaysia
2021-05-12,4765,Malaysia
2021-05-13,4855,Malaysia
2021-05-14,4113,Malaysia
2021-05-15,4140,Malaysia
2021-05-16,3780,Malaysia
2021-05-17,4446,Malaysia
2021-05-18,4865,Malaysia
2021-05-19,6075,Malaysia
2021-05-20,6806,Malaysia
2021-05-21,6493,Malaysia
2021-05-22,6320,Malaysia
2021-05-23,6976,Malaysia
2021-05-24,6509,Malaysia
2021-05-25,7289,Malaysia
2021-05-26,7478,Malaysia
2021-05-27,7857,Malaysia
2021-05-28,8290,Malaysia
2021-05-29,9020,Malaysia
2021-05-30,6999,Malaysia
2021-05-31,6824,Malaysia
2021-06-01,7105,Malaysia
2021-06-02,7703,Malaysia
2021-06-03,8209,Malaysia
2021-06-04,7748,Malaysia
2021-06-05,7452,Malaysia
2021-06-06,6241,Malaysia
2021-06-07,5271,Malaysia
2021-06-08,5566,Malaysia
2021-06-09,6239,Malaysia
2021-06-10,5671,Malaysia
2021-06-11,6849,Malaysia
2021-06-12,5793,Malaysia
2021-06-13,5304,Malaysia
2021-06-14,4949,Malaysia
2021-06-15,5419,Malaysia
2021-06-16,5150,Malaysia
2021-06-17,5738,Malaysia
2021-06-18,6440,Malaysia
2021-06-19,5911,Malaysia
2021-06-20,5293,Malaysia
2021-06-21,4611,Malaysia
2021-06-22,4743,Malaysia
2021-06-23,5244,Malaysia
2021-06-24,5841,Malaysia
2021-06-25,5812,Malaysia
2021-06-26,5803,Malaysia
2021-06-27,5586,Malaysia
2021-06-28,5218,Malaysia
2021-06-29,6437,Malaysia
2021-06-30,6276,Malaysia
2021-07-01,6988,Malaysia
2021-07-02,6982,Malaysia
2021-07-03,6658,Malaysia
2021-07-04,6045,Malaysia
2021-07-05,6387,Malaysia
2021-07-06,7654,Malaysia
2021-07-07,7097,Malaysia
2021-07-08,8868,Malaysia
2021-07-09,9180,Malaysia
2021-07-10,9353,Malaysia
2021-07-11,9105,Malaysia
2021-07-12,8574,Malaysia
2021-07-13,11079,Malaysia
2021-07-14,11618,Malaysia
2021-07-15,13215,Malaysia
2021-07-16,12541,Malaysia
2021-07-17,12528,Malaysia
2021-07-18,10710,Malaysia
2021-07-19,10972,Malaysia
2021-07-20,12366,Malaysia
2021-07-21,11985,Malaysia
2021-07-22,13034,Malaysia
2021-07-23,15573,Malaysia
2021-07-24,15902,Malaysia
2021-07-25,17045,Malaysia
2021-07-26,14516,Malaysia
2021-07-27,16117,Malaysia
2021-07-28,17405,Malaysia
2021-07-29,17170,Malaysia
2021-07-30,16840,Malaysia
2021-07-31,17786,Malaysia
2021-08-01,17150,Malaysia
2021-08-02,15764,Malaysia
2021-08-03,17105,Malaysia
2021-08-04,19819,Malaysia
2021-08-05,20596,Malaysia
2021-08-06,20889,Malaysia
2021-08-07,19257,Malaysia
2021-08-08,18688,Malaysia
2021-08-09,17236,Malaysia
2021-08-10,19991,Malaysia
2021-08-11,20780,Malaysia
2021-08-12,21668,Malaysia
2021-08-13,21468,Malaysia
2021-08-14,20670,Malaysia
2021-08-15,20546,Malaysia
2021-08-16,19740,Malaysia
2021-08-17,19631,Malaysia
2021-08-18,22242,Malaysia
2021-08-19,22948,Malaysia
2021-08-20,23564,Malaysia
2021-08-21,22262,Malaysia
2021-08-22,19807,Malaysia
2021-08-23,17672,Malaysia
2021-08-24,20837,Malaysia
2021-08-25,22642,Malaysia
2021-08-26,24599,Malaysia
2021-08-27,22070,Malaysia
2021-08-28,22597,Malaysia
2021-08-29,20579,Malaysia
2021-08-30,19268,Malaysia
2021-08-31,20897,Malaysia
2021-09-01,18762,Malaysia
2021-09-02,20988,Malaysia
2021-09-03,19378,Malaysia
2021-09-04,19057,Malaysia
2021-09-05,20396,Malaysia
2021-09-06,17352,Malaysia
2021-09-07,18547,Malaysia
2021-09-08,19733,Malaysia
2021-09-09,19307,Malaysia
2021-09-10,21176,Malaysia
2021-09-11,19550,Malaysia
2021-09-12,19198,Malaysia
2021-09-13,16073,Malaysia
2021-09-14,15669,Malaysia
2021-09-15,19495,Malaysia
2021-09-16,18815,Malaysia
2021-09-17,17577,Malaysia
2021-09-18,15549,Malaysia
2021-09-19,14954,Malaysia
2021-09-20,14345,Malaysia
2021-09-21,15759,Malaysia
2021-09-22,14990,Malaysia
2021-09-23,13754,Malaysia
2021-09-24,14554,Malaysia
2021-09-25,13899,Malaysia
2021-09-26,13104,Malaysia
2021-09-27,10959,Malaysia
2021-09-28,11332,Malaysia
2021-09-29,12434,Malaysia
2021-09-30,12735,Malaysia
2021-10-01,11889,Malaysia
2021-10-02,10915,Malaysia
2021-10-03,9066,Malaysia
2021-10-04,8075,Malaysia
2021-10-05,8817,Malaysia
2021-10-06,9380,Malaysia
2021-10-07,9890,Malaysia
2021-10-08,9751,Malaysia
2021-10-09,8743,Malaysia
2021-10-10,7373,Malaysia
2021-10-11,6709,Malaysia
2021-10-12,7276,Malaysia
2021-10-13,7950,Malaysia
2021-10-14,8084,Malaysia
2021-10-15,7420,Malaysia
2021-10-16,7509,Malaysia
2021-10-17,6145,Malaysia
2021-10-18,5434,Malaysia
2021-10-19,5745,Malaysia
2021-10-20,5516,Malaysia
2021-10-21,6210,Malaysia
2021-10-22,6630,Malaysia
2021-10-23,5828,Malaysia
2021-10-24,5666,Malaysia
2021-10-25,4782,Malaysia
2021-10-26,5726,Malaysia
2021-10-27,6148,Malaysia
2021-10-28,6377,Malaysia
2021-10-29,6060,Malaysia
2021-10-30,5854,Malaysia
2021-10-31,4979,Malaysia
2021-11-01,4626,Malaysia
2021-11-02,5071,Malaysia
2021-11-03,5291,Malaysia
2021-11-04,5713,Malaysia
2021-11-05,4922,Malaysia
2021-11-06,4701,Malaysia
2021-11-07,4343,Malaysia
2021-11-08,4543,Malaysia
2021-11-09,5403,Malaysia
2021-11-10,6243,Malaysia
2021-11-11,6323,Malaysia
2021-11-12,6517,Malaysia
2021-11-13,5809,Malaysia
2021-11-14,5162,Malaysia
2021-11-15,5143,Malaysia
2021-11-16,5413,Malaysia
2021-11-17,6288,Malaysia
2021-11-18,6380,Malaysia
2021-11-19,6355,Malaysia
2021-11-20,5859,Malaysia
2021-11-21,4854,Malaysia
2021-11-22,4885,Malaysia
2021-11-23,5594,Malaysia
2021-11-24,5755,Malaysia
2021-11-25,6144,Malaysia
2021-11-26,5501,Malaysia
2021-11-27,5097,Malaysia
2021-11-28,4239,Malaysia
2021-11-29,4087,Malaysia
2021-11-30,4879,Malaysia
2021-12-01,5439,Malaysia
2021-12-02,5806,Malaysia
2021-12-03,5551,Malaysia
2021-12-04,4896,Malaysia
2021-12-05,4298,Malaysia
2021-12-06,4262,Malaysia
2021-12-07,4965,Malaysia
2021-12-08,5020,Malaysia
2021-12-09,5446,Malaysia
2021-12-10,5058,Malaysia
2021-12-11,4626,Malaysia
2021-12-12,3490,Malaysia
2021-12-13,3504,Malaysia
2021-12-14,4097,Malaysia
2021-12-15,3900,Malaysia
2021-12-16,4262,Malaysia
2021-12-17,4362,Malaysia
2021-12-18,4083,Malaysia
2021-12-19,3108,Malaysia
2021-12-20,2589,Malaysia
2021-12-21,3140,Malaysia
2021-12-22,3519,Malaysia
2021-12-23,3510,Malaysia
2021-12-24,3528,Malaysia
2021-12-25,3160,Malaysia
2021-12-26,2778,Malaysia
2021-12-27,2757,Malaysia
2021-12-28,2897,Malaysia
2021-12-29,3683,Malaysia
2021-12-30,3997,Malaysia
2021-12-31,3573,Malaysia
2022-01-01,3386,Malaysia
2022-01-02,2882,Malaysia
2022-01-03,2690,Malaysia
2022-01-04,2842,Malaysia
2022-01-05,3270,Malaysia
2022-01-06,3543,Malaysia
2022-01-07,3381,Malaysia
2022-01-08,3251,Malaysia
2022-01-09,2888,Malaysia
2022-01-10,2641,Malaysia
2022-01-11,3175,Malaysia
2022-01-12,3198,Malaysia
2022-01-13,3684,Malaysia
2022-01-14,3346,Malaysia
2022-01-15,3074,Malaysia
2022-01-16,3010,Malaysia
2022-01-17,2342,Malaysia
2022-01-18,3245,Malaysia
2022-01-19,3229,Malaysia
2022-01-20,3764,Malaysia
2022-01-21,4046,Malaysia
2022-01-22,4116,Malaysia
2022-01-23,3856,Malaysia
2022-01-24,3214,Malaysia
2022-01-25,4066,Malaysia
2022-01-26,4744,Malaysia
2022-01-27,5439,Malaysia
2022-01-28,5522,Malaysia
2022-01-29,5139,Malaysia
2022-01-30,4915,Malaysia
2022-01-31,4774,Malaysia
2022-02-01,5566,Malaysia
2022-02-02,5736,Malaysia
2022-02-03,5720,Malaysia
2022-02-04,7234,Malaysia
2022-02-05,9117,Malaysia
2022-02-06,10089,Malaysia
2022-02-07,11034,Malaysia
2022-02-08,13944,Malaysia
2022-02-09,17134,Malaysia
2022-02-10,19090,Malaysia
2022-02-11,20939,Malaysia
2022-02-12,22802,Malaysia
2022-02-13,21072,Malaysia
2022-02-14,21315,Malaysia
2022-02-15,22133,Malaysia
2022-02-16,27831,Malaysia
2022-02-17,26701,Malaysia
2022-02-18,27808,Malaysia
2022-02-19,28825,Malaysia
2022-02-20,26832,Malaysia
2022-02-21,25099,Malaysia
2022-02-22,27179,Malaysia
2022-02-23,31199,Malaysia
2022-02-24,32070,Malaysia
2022-02-25,30644,Malaysia
2022-02-26,27299,Malaysia
2022-02-27,24466,Malaysia
2022-02-28,23100,Malaysia
2022-03-01,25854,Malaysia
2022-03-02,27500,Malaysia
2022-03-03,32467,Malaysia
2022-03-04,33209,Malaysia
2022-03-05,33406,Malaysia
2022-03-06,27435,Malaysia
2022-03-07,26856,Malaysia
2022-03-08,31490,Malaysia
2022-03-09,30246,Malaysia
2022-03-10,30787,Malaysia
2022-03-11,32800,Malaysia
2022-03-12,26250,Malaysia
2022-03-13,22535,Malaysia
2022-03-14,22030,Malaysia
2022-03-15,26534,Malaysia
2022-03-16,28298,Malaysia
2022-03-17,27004,Malaysia
2022-03-18,24241,Malaysia
2022-03-19,22341,Malaysia
2022-03-20,19105,Malaysia
2022-03-21,17828,Malaysia
2022-03-22,21483,Malaysia
2022-03-23,22491,Malaysia
2022-03-24,24316,Malaysia
2022-03-25,21839,Malaysia
2022-03-26,20923,Malaysia
2022-03-27,16863,Malaysia
2022-03-28,13336,Malaysia
2022-03-29,15215,Malaysia
2022-03-30,15941,Malaysia
2022-03-31,18560,Malaysia
2022-04-01,17476,Malaysia
2022-04-02,14692,Malaysia
2022-04-03,12380,Malaysia
2022-04-04,10002,Malaysia
2022-04-05,12017,Malaysia
2022-04-06,12105,Malaysia
2022-04-07,11994,Malaysia
2022-04-08,14944,Malaysia
2022-04-09,10177,Malaysia
2022-04-10,8112,Malaysia
2022-04-11,7739,Malaysia
2022-04-12,9002,Malaysia
2022-04-13,10052,Malaysia
2022-04-14,10413,Malaysia
2022-04-15,9673,Malaysia
2022-04-16,9705,Malaysia
2022-04-17,6623,Malaysia
2022-04-18,7140,Malaysia
2022-04-19,6069,Malaysia
2022-04-20,6968,Malaysia
2022-04-21,5899,Malaysia
2022-04-22,6342,Malaysia
2022-04-23,5624,Malaysia
2022-04-24,4006,Malaysia
2022-04-25,2478,Malaysia
2022-04-26,3361,Malaysia
2022-04-27,3471,Malaysia
2022-04-28,2935,Malaysia
2022-04-29,2579,Malaysia
2022-04-30,2107,Malaysia
2022-05-01,1503,Malaysia
2022-05-02,1352,Malaysia
2022-05-03,922,Malaysia
2022-05-04,1054,Malaysia
2022-05-05,1278,Malaysia
2022-05-06,1251,Malaysia
2022-05-07,1372,Malaysia
2022-05-08,2153,Malaysia
2022-05-09,2246,Malaysia
2022-05-10,2605,Malaysia
2022-05-11,3321,Malaysia
2022-05-12,3410,Malaysia
2022-05-13,3029,Malaysia
2022-05-14,2373,Malaysia
2022-05-15,2239,Malaysia
2022-05-16,1697,Malaysia
2022-05-17,1469,Malaysia
2022-05-18,2017,Malaysia
2022-05-19,2124,Malaysia
2022-05-20,2063,Malaysia
2022-05-21,2024,Malaysia
2022-05-22,1814,Malaysia
2022-05-23,1544,Malaysia
2022-05-24,1918,Malaysia
2022-05-25,2430,Malaysia
2022-05-26,1845,Malaysia
2022-05-27,1877,Malaysia
2022-05-28,1645,Malaysia
2022-05-29,1155,Malaysia
2022-05-30,1325,Malaysia
2022-05-31,1451,Malaysia
2022-06-01,1809,Malaysia
2022-06-02,1877,Malaysia
2022-06-03,1844,Malaysia
2022-06-04,1591,Malaysia
2022-06-05,1358,Malaysia
2022-06-06,1330,Malaysia
2022-06-07,1128,Malaysia
2022-06-08,1518,Malaysia
2022-06-09,1887,Malaysia
2022-06-10,0,Malaysia
2022-06-11,3875,Malaysia
2022-06-12,1571,Malaysia
2022-06-13,2092,Malaysia
2022-06-14,1922,Malaysia
2022-06-15,2320,Malaysia
2022-06-16,2033,Malaysia
2022-06-17,2130,Malaysia
2022-06-18,2127,Malaysia
2022-06-19,1690,Malaysia
2022-06-20,2093,Malaysia
2022-06-21,1921,Malaysia
2022-06-22,2425,Malaysia
2022-06-23,2796,Malaysia
2022-06-24,2512,Malaysia
2022-06-25,2302,Malaysia
2022-06-26,2003,Malaysia
2022-06-27,1894,Malaysia
2022-06-28,2025,Malaysia
2022-06-29,2605,Malaysia
2022-06-30,2867,Malaysia
2022-07-01,2773,Malaysia
2022-07-02,2527,Malaysia
2022-07-03,0,Malaysia
2022-07-04,2536,Malaysia
2022-07-05,1918,Malaysia
2022-07-06,2932,Malaysia
2022-07-07,3561,Malaysia
2022-07-08,4020,Malaysia
2022-07-09,3589,Malaysia
2022-07-10,2799,Malaysia
2022-07-11,3264,Malaysia
2022-07-12,2417,Malaysia
2022-07-13,2345,Malaysia
2022-07-14,3934,Malaysia
2022-07-15,4098,Malaysia
2022-07-16,5210,Malaysia
2022-07-17,5047,Malaysia
2022-07-18,3956,Malaysia
2022-07-19,3080,Malaysia
2022-07-20,3902,Malaysia
2022-07-21,5685,Malaysia
2022-07-22,4587,Malaysia
2022-07-23,3880,Malaysia
2022-07-24,4816,Malaysia
2022-07-25,2720,Malaysia
2022-07-26,3300,Malaysia
2022-07-27,4759,Malaysia
2022-07-28,4503,Malaysia
2022-07-29,3926,Malaysia
2022-07-30,4860,Malaysia
2022-07-31,4271,Malaysia
2022-08-01,2783,Malaysia
2022-08-02,3213,Malaysia
2022-08-03,4204,Malaysia
2022-08-04,5330,Malaysia
2022-08-05,4413,Malaysia
2022-08-06,0,Malaysia
2022-08-07,8611,Malaysia
2022-08-08,2728,Malaysia
2022-08-09,2863,Malaysia
2022-08-10,3083,Malaysia
2022-08-11,4896,Malaysia
2022-08-12,4831,Malaysia
2022-08-13,3943,Malaysia
2022-08-14,4334,Malaysia
2022-08-15,3045,Malaysia
2022-08-16,2437,Malaysia
2022-08-17,3429,Malaysia
2022-08-18,3516,Malaysia
2022-08-19,4071,Malaysia
2022-08-20,3490,Malaysia
2022-08-21,2798,Malaysia
2022-08-22,2464,Malaysia
2022-08-23,2078,Malaysia
2022-08-24,2722,Malaysia
2022-08-25,2636,Malaysia
2022-08-26,3206,Malaysia
2022-08-27,3118,Malaysia
2022-08-28,2491,Malaysia
2022-08-29,2191,Malaysia
2022-08-30,1946,Malaysia
2022-08-31,2144,Malaysia
2022-09-01,2340,Malaysia
2022-09-02,2356,Malaysia
2022-09-03,2328,Malaysia
2022-09-04,2244,Malaysia
2022-09-05,1904,Malaysia
2022-09-06,1486,Malaysia
2022-09-07,2067,Malaysia
2022-09-08,2428,Malaysia
2022-09-09,2226,Malaysia
2022-09-10,1990,Malaysia
2022-09-11,1971,Malaysia
2022-09-12,1483,Malaysia
2022-09-13,1847,Malaysia
2022-09-14,1942,Malaysia
2022-09-15,2431,Malaysia
2022-09-16,2375,Malaysia
2022-09-17,0,Malaysia
2022-09-18,3549,Malaysia
2022-09-19,1639,Malaysia
2022-09-20,1307,Malaysia
2022-09-21,1667,Malaysia
2022-09-22,2111,Malaysia
2022-09-23,2245,Malaysia
2022-09-24,2070,Malaysia
2022-09-25,1924,Malaysia
2022-09-26,1608,Malaysia
2022-09-27,1186,Malaysia
2022-09-28,1552,Malaysia
2022-09-29,2445,Malaysia
2022-09-30,1867,Malaysia
2022-10-01,2007,Malaysia
2022-10-02,1626,Malaysia
2022-10-03,1360,Malaysia
2022-10-04,1244,Malaysia
2022-10-05,1483,Malaysia
2022-10-06,1722,Malaysia
2022-10-07,1794,Malaysia
2022-10-08,1788,Malaysia
2022-10-09,1627,Malaysia
2022-10-10,1453,Malaysia
2022-10-11,1241,Malaysia
2022-10-12,1291,Malaysia
2022-10-13,1628,Malaysia
2022-10-14,2090,Malaysia
2022-10-15,2231,Malaysia
2022-10-16,2023,Malaysia
2022-10-17,1712,Malaysia
2022-10-18,1210,Malaysia
2022-10-19,1873,Malaysia
2022-10-20,2295,Malaysia
2020-03-02,0,Maldives
2020-03-03,0,Maldives
2020-03-04,0,Maldives
2020-03-05,0,Maldives
2020-03-06,0,Maldives
2020-03-07,0,Maldives
2020-03-08,2,Maldives
2020-03-09,2,Maldives
2020-03-10,2,Maldives
2020-03-11,2,Maldives
2020-03-12,0,Maldives
2020-03-13,0,Maldives
2020-03-14,1,Maldives
2020-03-15,2,Maldives
2020-03-16,2,Maldives
2020-03-17,0,Maldives
2020-03-18,0,Maldives
2020-03-19,0,Maldives
2020-03-20,0,Maldives
2020-03-21,0,Maldives
2020-03-22,0,Maldives
2020-03-23,0,Maldives
2020-03-24,0,Maldives
2020-03-25,0,Maldives
2020-03-26,0,Maldives
2020-03-27,0,Maldives
2020-03-28,0,Maldives
2020-03-29,3,Maldives
2020-03-30,1,Maldives
2020-03-31,1,Maldives
2020-04-01,1,Maldives
2020-04-02,0,Maldives
2020-04-03,0,Maldives
2020-04-04,0,Maldives
2020-04-05,0,Maldives
2020-04-06,0,Maldives
2020-04-07,0,Maldives
2020-04-08,0,Maldives
2020-04-09,0,Maldives
2020-04-10,0,Maldives
2020-04-11,0,Maldives
2020-04-12,1,Maldives
2020-04-13,0,Maldives
2020-04-14,0,Maldives
2020-04-15,1,Maldives
2020-04-16,2,Maldives
2020-04-17,5,Maldives
2020-04-18,6,Maldives
2020-04-19,17,Maldives
2020-04-20,16,Maldives
2020-04-21,16,Maldives
2020-04-22,2,Maldives
2020-04-23,9,Maldives
2020-04-24,22,Maldives
2020-04-25,21,Maldives
2020-04-26,51,Maldives
2020-04-27,26,Maldives
2020-04-28,31,Maldives
2020-04-29,11,Maldives
2020-04-30,140,Maldives
2020-05-01,72,Maldives
2020-05-02,51,Maldives
2020-05-03,8,Maldives
2020-05-04,24,Maldives
2020-05-05,22,Maldives
2020-05-06,45,Maldives
2020-05-07,30,Maldives
2020-05-08,96,Maldives
2020-05-09,41,Maldives
2020-05-10,50,Maldives
2020-05-11,27,Maldives
2020-05-12,42,Maldives
2020-05-13,51,Maldives
2020-05-14,27,Maldives
2020-05-15,38,Maldives
2020-05-16,48,Maldives
2020-05-17,26,Maldives
2020-05-18,12,Maldives
2020-05-19,37,Maldives
2020-05-20,43,Maldives
2020-05-21,30,Maldives
2020-05-22,58,Maldives
2020-05-23,39,Maldives
2020-05-24,58,Maldives
2020-05-25,24,Maldives
2020-05-26,43,Maldives
2020-05-27,19,Maldives
2020-05-28,56,Maldives
2020-05-29,34,Maldives
2020-05-30,86,Maldives
2020-05-31,39,Maldives
2020-06-01,101,Maldives
2020-06-02,68,Maldives
2020-06-03,9,Maldives
2020-06-04,22,Maldives
2020-06-05,11,Maldives
2020-06-06,18,Maldives
2020-06-07,2,Maldives
2020-06-08,13,Maldives
2020-06-09,26,Maldives
2020-06-10,20,Maldives
2020-06-11,14,Maldives
2020-06-12,27,Maldives
2020-06-13,10,Maldives
2020-06-14,22,Maldives
2020-06-15,30,Maldives
2020-06-16,29,Maldives
2020-06-17,26,Maldives
2020-06-18,17,Maldives
2020-06-19,13,Maldives
2020-06-20,37,Maldives
2020-06-21,16,Maldives
2020-06-22,14,Maldives
2020-06-23,21,Maldives
2020-06-24,22,Maldives
2020-06-25,17,Maldives
2020-06-26,6,Maldives
2020-06-27,22,Maldives
2020-06-28,19,Maldives
2020-06-29,13,Maldives
2020-06-30,24,Maldives
2020-07-01,21,Maldives
2020-07-02,18,Maldives
2020-07-03,10,Maldives
2020-07-04,25,Maldives
2020-07-05,33,Maldives
2020-07-06,23,Maldives
2020-07-07,10,Maldives
2020-07-08,16,Maldives
2020-07-09,36,Maldives
2020-07-10,64,Maldives
2020-07-11,47,Maldives
2020-07-12,67,Maldives
2020-07-13,31,Maldives
2020-07-14,39,Maldives
2020-07-15,30,Maldives
2020-07-16,68,Maldives
2020-07-17,14,Maldives
2020-07-18,17,Maldives
2020-07-19,36,Maldives
2020-07-20,33,Maldives
2020-07-21,45,Maldives
2020-07-22,59,Maldives
2020-07-23,17,Maldives
2020-07-24,55,Maldives
2020-07-25,77,Maldives
2020-07-26,50,Maldives
2020-07-27,67,Maldives
2020-07-28,137,Maldives
2020-07-29,61,Maldives
2020-07-30,152,Maldives
2020-07-31,74,Maldives
2020-08-01,156,Maldives
2020-08-02,215,Maldives
2020-08-03,129,Maldives
2020-08-04,153,Maldives
2020-08-05,148,Maldives
2020-08-06,86,Maldives
2020-08-07,89,Maldives
2020-08-08,129,Maldives
2020-08-09,143,Maldives
2020-08-10,116,Maldives
2020-08-11,66,Maldives
2020-08-12,143,Maldives
2020-08-13,128,Maldives
2020-08-14,78,Maldives
2020-08-15,107,Maldives
2020-08-16,106,Maldives
2020-08-17,124,Maldives
2020-08-18,170,Maldives
2020-08-19,146,Maldives
2020-08-20,145,Maldives
2020-08-21,194,Maldives
2020-08-22,96,Maldives
2020-08-23,119,Maldives
2020-08-24,133,Maldives
2020-08-25,135,Maldives
2020-08-26,178,Maldives
2020-08-27,104,Maldives
2020-08-28,140,Maldives
2020-08-29,109,Maldives
2020-08-30,89,Maldives
2020-08-31,137,Maldives
2020-09-01,199,Maldives
2020-09-02,137,Maldives
2020-09-03,141,Maldives
2020-09-04,80,Maldives
2020-09-05,125,Maldives
2020-09-06,98,Maldives
2020-09-07,83,Maldives
2020-09-08,74,Maldives
2020-09-09,93,Maldives
2020-09-10,66,Maldives
2020-09-11,90,Maldives
2020-09-12,62,Maldives
2020-09-13,121,Maldives
2020-09-14,70,Maldives
2020-09-15,85,Maldives
2020-09-16,99,Maldives
2020-09-17,67,Maldives
2020-09-18,74,Maldives
2020-09-19,81,Maldives
2020-09-20,75,Maldives
2020-09-21,46,Maldives
2020-09-22,48,Maldives
2020-09-23,67,Maldives
2020-09-24,54,Maldives
2020-09-25,75,Maldives
2020-09-26,31,Maldives
2020-09-27,53,Maldives
2020-09-28,59,Maldives
2020-09-29,37,Maldives
2020-09-30,97,Maldives
2020-10-01,63,Maldives
2020-10-02,44,Maldives
2020-10-03,67,Maldives
2020-10-04,65,Maldives
2020-10-05,37,Maldives
2020-10-06,54,Maldives
2020-10-07,35,Maldives
2020-10-08,86,Maldives
2020-10-09,66,Maldives
2020-10-10,51,Maldives
2020-10-11,35,Maldives
2020-10-12,49,Maldives
2020-10-13,50,Maldives
2020-10-14,69,Maldives
2020-10-15,51,Maldives
2020-10-16,41,Maldives
2020-10-17,24,Maldives
2020-10-18,32,Maldives
2020-10-19,22,Maldives
2020-10-20,39,Maldives
2020-10-21,45,Maldives
2020-10-22,42,Maldives
2020-10-23,33,Maldives
2020-10-24,30,Maldives
2020-10-25,84,Maldives
2020-10-26,27,Maldives
2020-10-27,35,Maldives
2020-10-28,24,Maldives
2020-10-29,25,Maldives
2020-10-30,27,Maldives
2020-10-31,16,Maldives
2020-11-01,42,Maldives
2020-11-02,36,Maldives
2020-11-03,59,Maldives
2020-11-04,26,Maldives
2020-11-05,71,Maldives
2020-11-06,39,Maldives
2020-11-07,30,Maldives
2020-11-08,24,Maldives
2020-11-09,23,Maldives
2020-11-10,21,Maldives
2020-11-11,29,Maldives
2020-11-12,26,Maldives
2020-11-13,27,Maldives
2020-11-14,42,Maldives
2020-11-15,50,Maldives
2020-11-16,110,Maldives
2020-11-17,41,Maldives
2020-11-18,29,Maldives
2020-11-19,68,Maldives
2020-11-20,94,Maldives
2020-11-21,32,Maldives
2020-11-22,30,Maldives
2020-11-23,150,Maldives
2020-11-24,52,Maldives
2020-11-25,44,Maldives
2020-11-26,35,Maldives
2020-11-27,44,Maldives
2020-11-28,14,Maldives
2020-11-29,47,Maldives
2020-11-30,17,Maldives
2020-12-01,38,Maldives
2020-12-02,21,Maldives
2020-12-03,36,Maldives
2020-12-04,37,Maldives
2020-12-05,16,Maldives
2020-12-06,39,Maldives
2020-12-07,15,Maldives
2020-12-08,35,Maldives
2020-12-09,26,Maldives
2020-12-10,34,Maldives
2020-12-11,18,Maldives
2020-12-12,22,Maldives
2020-12-13,20,Maldives
2020-12-14,11,Maldives
2020-12-15,13,Maldives
2020-12-16,10,Maldives
2020-12-17,16,Maldives
2020-12-18,26,Maldives
2020-12-19,30,Maldives
2020-12-20,19,Maldives
2020-12-21,8,Maldives
2020-12-22,23,Maldives
2020-12-23,13,Maldives
2020-12-24,21,Maldives
2020-12-25,25,Maldives
2020-12-26,35,Maldives
2020-12-27,26,Maldives
2020-12-28,16,Maldives
2020-12-29,31,Maldives
2020-12-30,47,Maldives
2020-12-31,19,Maldives
2021-01-01,47,Maldives
2021-01-02,30,Maldives
2021-01-03,33,Maldives
2021-01-04,26,Maldives
2021-01-05,37,Maldives
2021-01-06,37,Maldives
2021-01-07,21,Maldives
2021-01-08,52,Maldives
2021-01-09,25,Maldives
2021-01-10,44,Maldives
2021-01-11,50,Maldives
2021-01-12,59,Maldives
2021-01-13,59,Maldives
2021-01-14,48,Maldives
2021-01-15,50,Maldives
2021-01-16,87,Maldives
2021-01-17,51,Maldives
2021-01-18,69,Maldives
2021-01-19,51,Maldives
2021-01-20,79,Maldives
2021-01-21,53,Maldives
2021-01-22,65,Maldives
2021-01-23,55,Maldives
2021-01-24,108,Maldives
2021-01-25,109,Maldives
2021-01-26,145,Maldives
2021-01-27,143,Maldives
2021-01-28,106,Maldives
2021-01-29,118,Maldives
2021-01-30,122,Maldives
2021-01-31,105,Maldives
2021-02-01,215,Maldives
2021-02-02,99,Maldives
2021-02-03,121,Maldives
2021-02-04,134,Maldives
2021-02-05,137,Maldives
2021-02-06,109,Maldives
2021-02-07,127,Maldives
2021-02-08,126,Maldives
2021-02-09,192,Maldives
2021-02-10,100,Maldives
2021-02-11,186,Maldives
2021-02-12,120,Maldives
2021-02-13,209,Maldives
2021-02-14,112,Maldives
2021-02-15,125,Maldives
2021-02-16,129,Maldives
2021-02-17,142,Maldives
2021-02-18,116,Maldives
2021-02-19,127,Maldives
2021-02-20,145,Maldives
2021-02-21,157,Maldives
2021-02-22,161,Maldives
2021-02-23,108,Maldives
2021-02-24,124,Maldives
2021-02-25,184,Maldives
2021-02-26,133,Maldives
2021-02-27,118,Maldives
2021-02-28,196,Maldives
2021-03-01,186,Maldives
2021-03-02,165,Maldives
2021-03-03,136,Maldives
2021-03-04,167,Maldives
2021-03-05,118,Maldives
2021-03-06,98,Maldives
2021-03-07,131,Maldives
2021-03-08,125,Maldives
2021-03-09,115,Maldives
2021-03-10,110,Maldives
2021-03-11,124,Maldives
2021-03-12,114,Maldives
2021-03-13,94,Maldives
2021-03-14,96,Maldives
2021-03-15,94,Maldives
2021-03-16,153,Maldives
2021-03-17,142,Maldives
2021-03-18,186,Maldives
2021-03-19,145,Maldives
2021-03-20,81,Maldives
2021-03-21,140,Maldives
2021-03-22,149,Maldives
2021-03-23,128,Maldives
2021-03-24,139,Maldives
2021-03-25,162,Maldives
2021-03-26,146,Maldives
2021-03-27,166,Maldives
2021-03-28,121,Maldives
2021-03-29,147,Maldives
2021-03-30,167,Maldives
2021-03-31,241,Maldives
2021-04-01,300,Maldives
2021-04-02,169,Maldives
2021-04-03,103,Maldives
2021-04-04,132,Maldives
2021-04-05,125,Maldives
2021-04-06,145,Maldives
2021-04-07,138,Maldives
2021-04-08,113,Maldives
2021-04-09,132,Maldives
2021-04-10,88,Maldives
2021-04-11,93,Maldives
2021-04-12,84,Maldives
2021-04-13,58,Maldives
2021-04-14,85,Maldives
2021-04-15,95,Maldives
2021-04-16,82,Maldives
2021-04-17,124,Maldives
2021-04-18,203,Maldives
2021-04-19,157,Maldives
2021-04-20,162,Maldives
2021-04-21,253,Maldives
2021-04-22,164,Maldives
2021-04-23,319,Maldives
2021-04-24,218,Maldives
2021-04-25,253,Maldives
2021-04-26,328,Maldives
2021-04-27,386,Maldives
2021-04-28,464,Maldives
2021-04-29,318,Maldives
2021-04-30,465,Maldives
2021-05-01,402,Maldives
2021-05-02,508,Maldives
2021-05-03,585,Maldives
2021-05-04,601,Maldives
2021-05-05,734,Maldives
2021-05-06,703,Maldives
2021-05-07,766,Maldives
2021-05-08,590,Maldives
2021-05-09,1091,Maldives
2021-05-10,1204,Maldives
2021-05-11,1501,Maldives
2021-05-12,1572,Maldives
2021-05-13,1216,Maldives
2021-05-14,1467,Maldives
2021-05-15,1007,Maldives
2021-05-16,741,Maldives
2021-05-17,1433,Maldives
2021-05-18,1465,Maldives
2021-05-19,1187,Maldives
2021-05-20,2194,Maldives
2021-05-21,1603,Maldives
2021-05-22,1960,Maldives
2021-05-23,1559,Maldives
2021-05-24,1417,Maldives
2021-05-25,1004,Maldives
2021-05-26,1299,Maldives
2021-05-27,1299,Maldives
2021-05-28,901,Maldives
2021-05-29,1062,Maldives
2021-05-30,780,Maldives
2021-05-31,710,Maldives
2021-06-01,768,Maldives
2021-06-02,704,Maldives
2021-06-03,648,Maldives
2021-06-04,432,Maldives
2021-06-05,590,Maldives
2021-06-06,412,Maldives
2021-06-07,552,Maldives
2021-06-08,370,Maldives
2021-06-09,341,Maldives
2021-06-10,323,Maldives
2021-06-11,295,Maldives
2021-06-12,246,Maldives
2021-06-13,224,Maldives
2021-06-14,372,Maldives
2021-06-15,224,Maldives
2021-06-16,241,Maldives
2021-06-17,218,Maldives
2021-06-18,142,Maldives
2021-06-19,211,Maldives
2021-06-20,187,Maldives
2021-06-21,253,Maldives
2021-06-22,145,Maldives
2021-06-23,172,Maldives
2021-06-24,212,Maldives
2021-06-25,266,Maldives
2021-06-26,150,Maldives
2021-06-27,233,Maldives
2021-06-28,155,Maldives
2021-06-29,178,Maldives
2021-06-30,138,Maldives
2021-07-01,133,Maldives
2021-07-02,143,Maldives
2021-07-03,150,Maldives
2021-07-04,127,Maldives
2021-07-05,129,Maldives
2021-07-06,105,Maldives
2021-07-07,139,Maldives
2021-07-08,124,Maldives
2021-07-09,55,Maldives
2021-07-10,90,Maldives
2021-07-11,78,Maldives
2021-07-12,91,Maldives
2021-07-13,170,Maldives
2021-07-14,73,Maldives
2021-07-15,217,Maldives
2021-07-16,114,Maldives
2021-07-17,80,Maldives
2021-07-18,63,Maldives
2021-07-19,140,Maldives
2021-07-20,169,Maldives
2021-07-21,144,Maldives
2021-07-22,122,Maldives
2021-07-23,92,Maldives
2021-07-24,81,Maldives
2021-07-25,123,Maldives
2021-07-26,98,Maldives
2021-07-27,105,Maldives
2021-07-28,141,Maldives
2021-07-29,108,Maldives
2021-07-30,107,Maldives
2021-07-31,123,Maldives
2021-08-01,115,Maldives
2021-08-02,86,Maldives
2021-08-03,125,Maldives
2021-08-04,137,Maldives
2021-08-05,104,Maldives
2021-08-06,131,Maldives
2021-08-07,113,Maldives
2021-08-08,113,Maldives
2021-08-09,108,Maldives
2021-08-10,114,Maldives
2021-08-11,112,Maldives
2021-08-12,125,Maldives
2021-08-13,111,Maldives
2021-08-14,74,Maldives
2021-08-15,137,Maldives
2021-08-16,152,Maldives
2021-08-17,130,Maldives
2021-08-18,106,Maldives
2021-08-19,134,Maldives
2021-08-20,95,Maldives
2021-08-21,110,Maldives
2021-08-22,95,Maldives
2021-08-23,108,Maldives
2021-08-24,151,Maldives
2021-08-25,110,Maldives
2021-08-26,108,Maldives
2021-08-27,103,Maldives
2021-08-28,139,Maldives
2021-08-29,113,Maldives
2021-08-30,169,Maldives
2021-08-31,152,Maldives
2021-09-01,189,Maldives
2021-09-02,173,Maldives
2021-09-03,179,Maldives
2021-09-04,157,Maldives
2021-09-05,169,Maldives
2021-09-06,120,Maldives
2021-09-07,165,Maldives
2021-09-08,100,Maldives
2021-09-09,111,Maldives
2021-09-10,103,Maldives
2021-09-11,106,Maldives
2021-09-12,138,Maldives
2021-09-13,128,Maldives
2021-09-14,120,Maldives
2021-09-15,92,Maldives
2021-09-16,86,Maldives
2021-09-17,84,Maldives
2021-09-18,162,Maldives
2021-09-19,82,Maldives
2021-09-20,79,Maldives
2021-09-21,220,Maldives
2021-09-22,142,Maldives
2021-09-23,86,Maldives
2021-09-24,61,Maldives
2021-09-25,126,Maldives
2021-09-26,72,Maldives
2021-09-27,122,Maldives
2021-09-28,95,Maldives
2021-09-29,141,Maldives
2021-09-30,89,Maldives
2021-10-01,57,Maldives
2021-10-02,105,Maldives
2021-10-03,71,Maldives
2021-10-04,65,Maldives
2021-10-05,91,Maldives
2021-10-06,80,Maldives
2021-10-07,70,Maldives
2021-10-08,46,Maldives
2021-10-09,71,Maldives
2021-10-10,83,Maldives
2021-10-11,74,Maldives
2021-10-12,110,Maldives
2021-10-13,106,Maldives
2021-10-14,94,Maldives
2021-10-15,45,Maldives
2021-10-16,111,Maldives
2021-10-17,77,Maldives
2021-10-18,46,Maldives
2021-10-19,113,Maldives
2021-10-20,95,Maldives
2021-10-21,131,Maldives
2021-10-22,55,Maldives
2021-10-23,225,Maldives
2021-10-24,92,Maldives
2021-10-25,149,Maldives
2021-10-26,115,Maldives
2021-10-27,173,Maldives
2021-10-28,128,Maldives
2021-10-29,98,Maldives
2021-10-30,53,Maldives
2021-10-31,146,Maldives
2021-11-01,131,Maldives
2021-11-02,143,Maldives
2021-11-03,219,Maldives
2021-11-04,109,Maldives
2021-11-05,130,Maldives
2021-11-06,119,Maldives
2021-11-07,182,Maldives
2021-11-08,149,Maldives
2021-11-09,160,Maldives
2021-11-10,129,Maldives
2021-11-11,109,Maldives
2021-11-12,165,Maldives
2021-11-13,184,Maldives
2021-11-14,127,Maldives
2021-11-15,159,Maldives
2021-11-16,118,Maldives
2021-11-17,149,Maldives
2021-11-18,74,Maldives
2021-11-19,124,Maldives
2021-11-20,137,Maldives
2021-11-21,124,Maldives
2021-11-22,96,Maldives
2021-11-23,123,Maldives
2021-11-24,102,Maldives
2021-11-25,76,Maldives
2021-11-26,152,Maldives
2021-11-27,76,Maldives
2021-11-28,114,Maldives
2021-11-29,79,Maldives
2021-11-30,107,Maldives
2021-12-01,100,Maldives
2021-12-02,143,Maldives
2021-12-03,100,Maldives
2021-12-04,102,Maldives
2021-12-05,116,Maldives
2021-12-06,157,Maldives
2021-12-07,133,Maldives
2021-12-08,128,Maldives
2021-12-09,125,Maldives
2021-12-10,92,Maldives
2021-12-11,218,Maldives
2021-12-12,55,Maldives
2021-12-13,127,Maldives
2021-12-14,124,Maldives
2021-12-15,162,Maldives
2021-12-16,97,Maldives
2021-12-17,104,Maldives
2021-12-18,131,Maldives
2021-12-19,93,Maldives
2021-12-20,100,Maldives
2021-12-21,121,Maldives
2021-12-22,121,Maldives
2021-12-23,145,Maldives
2021-12-24,120,Maldives
2021-12-25,168,Maldives
2021-12-26,132,Maldives
2021-12-27,168,Maldives
2021-12-28,190,Maldives
2021-12-29,198,Maldives
2021-12-30,120,Maldives
2021-12-31,160,Maldives
2022-01-01,191,Maldives
2022-01-02,161,Maldives
2022-01-03,242,Maldives
2022-01-04,228,Maldives
2022-01-05,224,Maldives
2022-01-06,304,Maldives
2022-01-07,281,Maldives
2022-01-08,337,Maldives
2022-01-09,384,Maldives
2022-01-10,454,Maldives
2022-01-11,593,Maldives
2022-01-12,536,Maldives
2022-01-13,816,Maldives
2022-01-14,967,Maldives
2022-01-15,954,Maldives
2022-01-16,1209,Maldives
2022-01-17,1420,Maldives
2022-01-18,1594,Maldives
2022-01-19,2137,Maldives
2022-01-20,2199,Maldives
2022-01-21,1697,Maldives
2022-01-22,2349,Maldives
2022-01-23,2484,Maldives
2022-01-24,2707,Maldives
2022-01-25,2609,Maldives
2022-01-26,2813,Maldives
2022-01-27,2499,Maldives
2022-01-28,2510,Maldives
2022-01-29,2689,Maldives
2022-01-30,2838,Maldives
2022-01-31,2754,Maldives
2022-02-01,2180,Maldives
2022-02-02,2142,Maldives
2022-02-03,1834,Maldives
2022-02-04,1955,Maldives
2022-02-05,1589,Maldives
2022-02-06,1757,Maldives
2022-02-07,1576,Maldives
2022-02-08,1502,Maldives
2022-02-09,1096,Maldives
2022-02-10,1406,Maldives
2022-02-11,986,Maldives
2022-02-12,1128,Maldives
2022-02-13,1030,Maldives
2022-02-14,1015,Maldives
2022-02-15,1037,Maldives
2022-02-16,1056,Maldives
2022-02-17,805,Maldives
2022-02-18,607,Maldives
2022-02-19,648,Maldives
2022-02-20,844,Maldives
2022-02-21,656,Maldives
2022-02-22,796,Maldives
2022-02-23,971,Maldives
2022-02-24,628,Maldives
2022-02-25,507,Maldives
2022-02-26,517,Maldives
2022-02-27,484,Maldives
2022-02-28,560,Maldives
2022-03-01,463,Maldives
2022-03-02,459,Maldives
2022-03-03,535,Maldives
2022-03-04,298,Maldives
2022-03-05,323,Maldives
2022-03-06,306,Maldives
2022-03-07,488,Maldives
2022-03-08,273,Maldives
2022-03-09,329,Maldives
2022-03-10,325,Maldives
2022-03-11,172,Maldives
2022-03-12,204,Maldives
2022-03-13,291,Maldives
2022-03-14,196,Maldives
2022-03-15,265,Maldives
2022-03-16,234,Maldives
2022-03-17,175,Maldives
2022-03-18,107,Maldives
2022-03-19,203,Maldives
2022-03-20,161,Maldives
2022-03-21,199,Maldives
2022-03-22,215,Maldives
2022-03-23,171,Maldives
2022-03-24,160,Maldives
2022-03-25,78,Maldives
2022-03-26,178,Maldives
2022-03-27,103,Maldives
2022-03-28,125,Maldives
2022-03-29,144,Maldives
2022-03-30,73,Maldives
2022-03-31,83,Maldives
2022-04-01,97,Maldives
2022-04-02,40,Maldives
2022-04-03,94,Maldives
2022-04-04,87,Maldives
2022-04-05,105,Maldives
2022-04-06,126,Maldives
2022-04-07,80,Maldives
2022-04-08,40,Maldives
2022-04-09,116,Maldives
2022-04-10,164,Maldives
2022-04-11,121,Maldives
2022-04-12,95,Maldives
2022-04-13,34,Maldives
2022-04-14,73,Maldives
2022-04-15,20,Maldives
2022-04-16,63,Maldives
2022-04-17,35,Maldives
2022-04-18,38,Maldives
2022-04-19,84,Maldives
2022-04-20,36,Maldives
2022-04-21,29,Maldives
2022-04-22,24,Maldives
2022-04-23,42,Maldives
2022-04-24,29,Maldives
2022-04-25,32,Maldives
2022-04-26,35,Maldives
2022-04-27,15,Maldives
2022-04-28,26,Maldives
2022-04-29,23,Maldives
2022-04-30,32,Maldives
2022-05-01,16,Maldives
2022-05-02,12,Maldives
2022-05-03,23,Maldives
2022-05-04,14,Maldives
2022-05-05,29,Maldives
2022-05-06,11,Maldives
2022-05-07,15,Maldives
2022-05-08,19,Maldives
2022-05-09,13,Maldives
2022-05-10,6,Maldives
2022-05-11,19,Maldives
2022-05-12,7,Maldives
2022-05-13,9,Maldives
2022-05-14,4,Maldives
2022-05-15,9,Maldives
2022-05-16,12,Maldives
2022-05-17,13,Maldives
2022-05-18,12,Maldives
2022-05-19,29,Maldives
2022-05-20,8,Maldives
2022-05-21,19,Maldives
2022-05-22,8,Maldives
2022-05-23,8,Maldives
2022-05-24,23,Maldives
2022-05-25,13,Maldives
2022-05-26,16,Maldives
2022-05-27,10,Maldives
2022-05-28,13,Maldives
2022-05-29,12,Maldives
2022-05-30,7,Maldives
2022-05-31,15,Maldives
2022-06-01,10,Maldives
2022-06-02,18,Maldives
2022-06-03,8,Maldives
2022-06-04,14,Maldives
2022-06-05,18,Maldives
2022-06-06,19,Maldives
2022-06-07,23,Maldives
2022-06-08,20,Maldives
2022-06-09,24,Maldives
2022-06-10,25,Maldives
2022-06-11,13,Maldives
2022-06-12,36,Maldives
2022-06-13,26,Maldives
2022-06-14,63,Maldives
2022-06-15,72,Maldives
2022-06-16,77,Maldives
2022-06-17,70,Maldives
2022-06-18,61,Maldives
2022-06-19,159,Maldives
2022-06-20,179,Maldives
2022-06-21,120,Maldives
2022-06-22,237,Maldives
2022-06-23,192,Maldives
2022-06-24,134,Maldives
2022-06-25,181,Maldives
2022-06-26,0,Maldives
2022-06-27,0,Maldives
2022-06-28,0,Maldives
2022-06-29,0,Maldives
2022-06-30,0,Maldives
2022-07-01,0,Maldives
2022-07-02,1134,Maldives
2022-07-03,0,Maldives
2022-07-04,0,Maldives
2022-07-05,0,Maldives
2022-07-06,0,Maldives
2022-07-07,0,Maldives
2022-07-08,0,Maldives
2022-07-09,771,Maldives
2022-07-10,0,Maldives
2022-07-11,0,Maldives
2022-07-12,0,Maldives
2022-07-13,0,Maldives
2022-07-14,0,Maldives
2022-07-15,0,Maldives
2022-07-16,417,Maldives
2022-07-17,0,Maldives
2022-07-18,0,Maldives
2022-07-19,0,Maldives
2022-07-20,0,Maldives
2022-07-21,0,Maldives
2022-07-22,0,Maldives
2022-07-23,394,Maldives
2022-07-24,0,Maldives
2022-07-25,0,Maldives
2022-07-26,0,Maldives
2022-07-27,0,Maldives
2022-07-28,0,Maldives
2022-07-29,0,Maldives
2022-07-30,183,Maldives
2022-07-31,0,Maldives
2022-08-01,0,Maldives
2022-08-02,0,Maldives
2022-08-03,0,Maldives
2022-08-04,0,Maldives
2022-08-05,0,Maldives
2022-08-06,106,Maldives
2022-08-07,0,Maldives
2022-08-08,0,Maldives
2022-08-09,0,Maldives
2022-08-10,0,Maldives
2022-08-11,0,Maldives
2022-08-12,0,Maldives
2022-08-13,98,Maldives
2022-08-14,0,Maldives
2022-08-15,0,Maldives
2022-08-16,0,Maldives
2022-08-17,0,Maldives
2022-08-18,0,Maldives
2022-08-19,0,Maldives
2022-08-20,99,Maldives
2022-08-21,0,Maldives
2022-08-22,0,Maldives
2022-08-23,0,Maldives
2022-08-24,0,Maldives
2022-08-25,0,Maldives
2022-08-26,0,Maldives
2022-08-27,68,Maldives
2022-08-28,0,Maldives
2022-08-29,0,Maldives
2022-08-30,0,Maldives
2022-08-31,0,Maldives
2022-09-01,0,Maldives
2022-09-02,0,Maldives
2022-09-03,68,Maldives
2022-09-04,0,Maldives
2022-09-05,0,Maldives
2022-09-06,0,Maldives
2022-09-07,0,Maldives
2022-09-08,0,Maldives
2022-09-09,0,Maldives
2022-09-10,42,Maldives
2022-09-11,0,Maldives
2022-09-12,0,Maldives
2022-09-13,0,Maldives
2022-09-14,0,Maldives
2022-09-15,0,Maldives
2022-09-16,0,Maldives
2022-09-17,38,Maldives
2022-09-18,0,Maldives
2022-09-19,0,Maldives
2022-09-20,0,Maldives
2022-09-21,0,Maldives
2022-09-22,0,Maldives
2022-09-23,0,Maldives
2022-09-24,38,Maldives
2022-09-25,0,Maldives
2022-09-26,0,Maldives
2022-09-27,0,Maldives
2022-09-28,0,Maldives
2022-09-29,0,Maldives
2022-09-30,0,Maldives
2022-10-01,40,Maldives
2022-10-02,0,Maldives
2022-10-03,0,Maldives
2022-10-04,0,Maldives
2022-10-05,0,Maldives
2022-10-06,0,Maldives
2022-10-07,0,Maldives
2022-10-08,43,Maldives
2022-10-09,0,Maldives
2022-10-10,0,Maldives
2022-10-11,0,Maldives
2022-10-12,0,Maldives
2022-10-13,0,Maldives
2022-10-14,0,Maldives
2022-10-15,69,Maldives
2022-10-16,0,Maldives
2022-10-17,0,Maldives
2022-10-18,0,Maldives
2022-10-19,0,Maldives
2022-10-20,0,Maldives
2020-03-02,2,Mexico
2020-03-03,2,Mexico
2020-03-04,5,Mexico
2020-03-05,9,Mexico
2020-03-06,10,Mexico
2020-03-07,11,Mexico
2020-03-08,6,Mexico
2020-03-09,7,Mexico
2020-03-10,8,Mexico
2020-03-11,5,Mexico
2020-03-12,17,Mexico
2020-03-13,39,Mexico
2020-03-14,41,Mexico
2020-03-15,66,Mexico
2020-03-16,52,Mexico
2020-03-17,37,Mexico
2020-03-18,77,Mexico
2020-03-19,104,Mexico
2020-03-20,116,Mexico
2020-03-21,151,Mexico
2020-03-22,132,Mexico
2020-03-23,85,Mexico
2020-03-24,70,Mexico
2020-03-25,168,Mexico
2020-03-26,220,Mexico
2020-03-27,185,Mexico
2020-03-28,224,Mexico
2020-03-29,262,Mexico
2020-03-30,191,Mexico
2020-03-31,166,Mexico
2020-04-01,345,Mexico
2020-04-02,311,Mexico
2020-04-03,382,Mexico
2020-04-04,347,Mexico
2020-04-05,392,Mexico
2020-04-06,250,Mexico
2020-04-07,259,Mexico
2020-04-08,631,Mexico
2020-04-09,515,Mexico
2020-04-10,581,Mexico
2020-04-11,483,Mexico
2020-04-12,572,Mexico
2020-04-13,464,Mexico
2020-04-14,479,Mexico
2020-04-15,953,Mexico
2020-04-16,936,Mexico
2020-04-17,985,Mexico
2020-04-18,996,Mexico
2020-04-19,1145,Mexico
2020-04-20,815,Mexico
2020-04-21,794,Mexico
2020-04-22,1521,Mexico
2020-04-23,1471,Mexico
2020-04-24,1423,Mexico
2020-04-25,1506,Mexico
2020-04-26,1734,Mexico
2020-04-27,1164,Mexico
2020-04-28,1117,Mexico
2020-04-29,1942,Mexico
2020-04-30,1961,Mexico
2020-05-01,1948,Mexico
2020-05-02,1884,Mexico
2020-05-03,1555,Mexico
2020-05-04,1493,Mexico
2020-05-05,1377,Mexico
2020-05-06,2642,Mexico
2020-05-07,2234,Mexico
2020-05-08,2389,Mexico
2020-05-09,2531,Mexico
2020-05-10,2530,Mexico
2020-05-11,1657,Mexico
2020-05-12,1552,Mexico
2020-05-13,3118,Mexico
2020-05-14,3070,Mexico
2020-05-15,3230,Mexico
2020-05-16,3217,Mexico
2020-05-17,3694,Mexico
2020-05-18,2270,Mexico
2020-05-19,1739,Mexico
2020-05-20,4181,Mexico
2020-05-21,3710,Mexico
2020-05-22,4052,Mexico
2020-05-23,4103,Mexico
2020-05-24,4132,Mexico
2020-05-25,2416,Mexico
2020-05-26,2002,Mexico
2020-05-27,4788,Mexico
2020-05-28,4423,Mexico
2020-05-29,4566,Mexico
2020-05-30,4310,Mexico
2020-05-31,4468,Mexico
2020-06-01,2822,Mexico
2020-06-02,2199,Mexico
2020-06-03,5453,Mexico
2020-06-04,4837,Mexico
2020-06-05,5073,Mexico
2020-06-06,5013,Mexico
2020-06-07,5159,Mexico
2020-06-08,3149,Mexico
2020-06-09,2468,Mexico
2020-06-10,6291,Mexico
2020-06-11,5873,Mexico
2020-06-12,5826,Mexico
2020-06-13,5471,Mexico
2020-06-14,5744,Mexico
2020-06-15,3231,Mexico
2020-06-16,2702,Mexico
2020-06-17,6690,Mexico
2020-06-18,6476,Mexico
2020-06-19,6180,Mexico
2020-06-20,6146,Mexico
2020-06-21,6162,Mexico
2020-06-22,3736,Mexico
2020-06-23,2610,Mexico
2020-06-24,7014,Mexico
2020-06-25,6617,Mexico
2020-06-26,6369,Mexico
2020-06-27,6342,Mexico
2020-06-28,6618,Mexico
2020-06-29,3779,Mexico
2020-06-30,3065,Mexico
2020-07-01,7563,Mexico
2020-07-02,7229,Mexico
2020-07-03,7696,Mexico
2020-07-04,7100,Mexico
2020-07-05,7121,Mexico
2020-07-06,3760,Mexico
2020-07-07,3103,Mexico
2020-07-08,7883,Mexico
2020-07-09,7927,Mexico
2020-07-10,7453,Mexico
2020-07-11,7059,Mexico
2020-07-12,7221,Mexico
2020-07-13,3927,Mexico
2020-07-14,3278,Mexico
2020-07-15,8927,Mexico
2020-07-16,8463,Mexico
2020-07-17,8864,Mexico
2020-07-18,8266,Mexico
2020-07-19,8050,Mexico
2020-07-20,4453,Mexico
2020-07-21,3501,Mexico
2020-07-22,9133,Mexico
2020-07-23,8660,Mexico
2020-07-24,8304,Mexico
2020-07-25,8097,Mexico
2020-07-26,8029,Mexico
2020-07-27,4211,Mexico
2020-07-28,3070,Mexico
2020-07-29,8527,Mexico
2020-07-30,8202,Mexico
2020-07-31,7674,Mexico
2020-08-01,7576,Mexico
2020-08-02,6739,Mexico
2020-08-03,3834,Mexico
2020-08-04,2563,Mexico
2020-08-05,7537,Mexico
2020-08-06,7393,Mexico
2020-08-07,7179,Mexico
2020-08-08,6678,Mexico
2020-08-09,6630,Mexico
2020-08-10,3682,Mexico
2020-08-11,2442,Mexico
2020-08-12,7271,Mexico
2020-08-13,6881,Mexico
2020-08-14,6501,Mexico
2020-08-15,6456,Mexico
2020-08-16,6219,Mexico
2020-08-17,3255,Mexico
2020-08-18,2340,Mexico
2020-08-19,6903,Mexico
2020-08-20,6732,Mexico
2020-08-21,6299,Mexico
2020-08-22,6031,Mexico
2020-08-23,6307,Mexico
2020-08-24,3163,Mexico
2020-08-25,2356,Mexico
2020-08-26,7099,Mexico
2020-08-27,6697,Mexico
2020-08-28,7037,Mexico
2020-08-29,6541,Mexico
2020-08-30,6337,Mexico
2020-08-31,3167,Mexico
2020-09-01,2245,Mexico
2020-09-02,7044,Mexico
2020-09-03,7155,Mexico
2020-09-04,6921,Mexico
2020-09-05,6300,Mexico
2020-09-06,6041,Mexico
2020-09-07,2906,Mexico
2020-09-08,2098,Mexico
2020-09-09,6428,Mexico
2020-09-10,6629,Mexico
2020-09-11,6065,Mexico
2020-09-12,5707,Mexico
2020-09-13,5506,Mexico
2020-09-14,2815,Mexico
2020-09-15,1918,Mexico
2020-09-16,6273,Mexico
2020-09-17,4372,Mexico
2020-09-18,2251,Mexico
2020-09-19,6416,Mexico
2020-09-20,5614,Mexico
2020-09-21,2822,Mexico
2020-09-22,1865,Mexico
2020-09-23,6323,Mexico
2020-09-24,6177,Mexico
2020-09-25,5834,Mexico
2020-09-26,5408,Mexico
2020-09-27,5287,Mexico
2020-09-28,2671,Mexico
2020-09-29,1840,Mexico
2020-09-30,6304,Mexico
2020-10-01,5964,Mexico
2020-10-02,5558,Mexico
2020-10-03,5293,Mexico
2020-10-04,5006,Mexico
2020-10-05,2458,Mexico
2020-10-06,1769,Mexico
2020-10-07,5934,Mexico
2020-10-08,5956,Mexico
2020-10-09,5775,Mexico
2020-10-10,5513,Mexico
2020-10-11,5666,Mexico
2020-10-12,3041,Mexico
2020-10-13,2218,Mexico
2020-10-14,6827,Mexico
2020-10-15,7135,Mexico
2020-10-16,6476,Mexico
2020-10-17,6466,Mexico
2020-10-18,6615,Mexico
2020-10-19,3354,Mexico
2020-10-20,2369,Mexico
2020-10-21,8233,Mexico
2020-10-22,8394,Mexico
2020-10-23,7420,Mexico
2020-10-24,7296,Mexico
2020-10-25,7235,Mexico
2020-10-26,3503,Mexico
2020-10-27,2474,Mexico
2020-10-28,8411,Mexico
2020-10-29,7949,Mexico
2020-10-30,7185,Mexico
2020-10-31,6873,Mexico
2020-11-01,6284,Mexico
2020-11-02,3019,Mexico
2020-11-03,2172,Mexico
2020-11-04,5171,Mexico
2020-11-05,8087,Mexico
2020-11-06,7637,Mexico
2020-11-07,7557,Mexico
2020-11-08,7098,Mexico
2020-11-09,3545,Mexico
2020-11-10,2652,Mexico
2020-11-11,8974,Mexico
2020-11-12,8939,Mexico
2020-11-13,8358,Mexico
2020-11-14,8151,Mexico
2020-11-15,7581,Mexico
2020-11-16,3908,Mexico
2020-11-17,2641,Mexico
2020-11-18,3313,Mexico
2020-11-19,9625,Mexico
2020-11-20,8719,Mexico
2020-11-21,8215,Mexico
2020-11-22,8395,Mexico
2020-11-23,4220,Mexico
2020-11-24,2785,Mexico
2020-11-25,10361,Mexico
2020-11-26,10287,Mexico
2020-11-27,9586,Mexico
2020-11-28,9600,Mexico
2020-11-29,9618,Mexico
2020-11-30,4896,Mexico
2020-12-01,3013,Mexico
2020-12-02,10934,Mexico
2020-12-03,11633,Mexico
2020-12-04,11466,Mexico
2020-12-05,11219,Mexico
2020-12-06,10915,Mexico
2020-12-07,5998,Mexico
2020-12-08,3178,Mexico
2020-12-09,13110,Mexico
2020-12-10,13007,Mexico
2020-12-11,12502,Mexico
2020-12-12,12756,Mexico
2020-12-13,12499,Mexico
2020-12-14,6902,Mexico
2020-12-15,3422,Mexico
2020-12-16,14381,Mexico
2020-12-17,14046,Mexico
2020-12-18,13331,Mexico
2020-12-19,12800,Mexico
2020-12-20,12551,Mexico
2020-12-21,6616,Mexico
2020-12-22,3799,Mexico
2020-12-23,14476,Mexico
2020-12-24,13887,Mexico
2020-12-25,12823,Mexico
2020-12-26,10480,Mexico
2020-12-27,2735,Mexico
2020-12-28,5933,Mexico
2020-12-29,4397,Mexico
2020-12-30,16224,Mexico
2020-12-31,16099,Mexico
2021-01-01,14728,Mexico
2021-01-02,12083,Mexico
2021-01-03,3413,Mexico
2021-01-04,6948,Mexico
2021-01-05,5274,Mexico
2021-01-06,18556,Mexico
2021-01-07,18821,Mexico
2021-01-08,18409,Mexico
2021-01-09,18766,Mexico
2021-01-10,18601,Mexico
2021-01-11,9842,Mexico
2021-01-12,5663,Mexico
2021-01-13,21044,Mexico
2021-01-14,19503,Mexico
2021-01-15,18651,Mexico
2021-01-16,18371,Mexico
2021-01-17,17514,Mexico
2021-01-18,9441,Mexico
2021-01-19,5329,Mexico
2021-01-20,19675,Mexico
2021-01-21,19046,Mexico
2021-01-22,17478,Mexico
2021-01-23,16925,Mexico
2021-01-24,16480,Mexico
2021-01-25,8803,Mexico
2021-01-26,4749,Mexico
2021-01-27,18196,Mexico
2021-01-28,17063,Mexico
2021-01-29,14919,Mexico
2021-01-30,14026,Mexico
2021-01-31,12367,Mexico
2021-02-01,6812,Mexico
2021-02-02,3709,Mexico
2021-02-03,4722,Mexico
2021-02-04,13447,Mexico
2021-02-05,11873,Mexico
2021-02-06,10835,Mexico
2021-02-07,10200,Mexico
2021-02-08,5345,Mexico
2021-02-09,2762,Mexico
2021-02-10,11671,Mexico
2021-02-11,9323,Mexico
2021-02-12,8532,Mexico
2021-02-13,7836,Mexico
2021-02-14,7723,Mexico
2021-02-15,4001,Mexico
2021-02-16,2172,Mexico
2021-02-17,8342,Mexico
2021-02-18,7802,Mexico
2021-02-19,7038,Mexico
2021-02-20,6982,Mexico
2021-02-21,6799,Mexico
2021-02-22,3433,Mexico
2021-02-23,2050,Mexico
2021-02-24,8649,Mexico
2021-02-25,7520,Mexico
2021-02-26,6878,Mexico
2021-02-27,6788,Mexico
2021-02-28,6886,Mexico
2021-03-01,3509,Mexico
2021-03-02,2116,Mexico
2021-03-03,8675,Mexico
2021-03-04,6955,Mexico
2021-03-05,6589,Mexico
2021-03-06,6334,Mexico
2021-03-07,6014,Mexico
2021-03-08,3066,Mexico
2021-03-09,2001,Mexico
2021-03-10,7093,Mexico
2021-03-11,5976,Mexico
2021-03-12,5529,Mexico
2021-03-13,5373,Mexico
2021-03-14,5267,Mexico
2021-03-15,2671,Mexico
2021-03-16,1562,Mexico
2021-03-17,2151,Mexico
2021-03-18,6785,Mexico
2021-03-19,5314,Mexico
2021-03-20,5042,Mexico
2021-03-21,4777,Mexico
2021-03-22,2441,Mexico
2021-03-23,1559,Mexico
2021-03-24,5947,Mexico
2021-03-25,5223,Mexico
2021-03-26,4670,Mexico
2021-03-27,4623,Mexico
2021-03-28,4201,Mexico
2021-03-29,2263,Mexico
2021-03-30,1328,Mexico
2021-03-31,5317,Mexico
2021-04-01,4462,Mexico
2021-04-02,4046,Mexico
2021-04-03,2096,Mexico
2021-04-04,1706,Mexico
2021-04-05,1617,Mexico
2021-04-06,1434,Mexico
2021-04-07,5561,Mexico
2021-04-08,4658,Mexico
2021-04-09,4425,Mexico
2021-04-10,4253,Mexico
2021-04-11,4063,Mexico
2021-04-12,2231,Mexico
2021-04-13,1210,Mexico
2021-04-14,5099,Mexico
2021-04-15,4257,Mexico
2021-04-16,3853,Mexico
2021-04-17,3783,Mexico
2021-04-18,3334,Mexico
2021-04-19,1690,Mexico
2021-04-20,1101,Mexico
2021-04-21,4350,Mexico
2021-04-22,3667,Mexico
2021-04-23,3639,Mexico
2021-04-24,3287,Mexico
2021-04-25,3191,Mexico
2021-04-26,1748,Mexico
2021-04-27,1072,Mexico
2021-04-28,3996,Mexico
2021-04-29,3460,Mexico
2021-04-30,3184,Mexico
2021-05-01,2981,Mexico
2021-05-02,2701,Mexico
2021-05-03,1002,Mexico
2021-05-04,956,Mexico
2021-05-05,3440,Mexico
2021-05-06,2905,Mexico
2021-05-07,2591,Mexico
2021-05-08,2779,Mexico
2021-05-09,2502,Mexico
2021-05-10,1280,Mexico
2021-05-11,782,Mexico
2021-05-12,1731,Mexico
2021-05-13,3199,Mexico
2021-05-14,2635,Mexico
2021-05-15,2374,Mexico
2021-05-16,2481,Mexico
2021-05-17,1212,Mexico
2021-05-18,773,Mexico
2021-05-19,2894,Mexico
2021-05-20,2581,Mexico
2021-05-21,2489,Mexico
2021-05-22,2413,Mexico
2021-05-23,2388,Mexico
2021-05-24,1150,Mexico
2021-05-25,799,Mexico
2021-05-26,2956,Mexico
2021-05-27,2717,Mexico
2021-05-28,2634,Mexico
2021-05-29,2558,Mexico
2021-05-30,2499,Mexico
2021-05-31,1139,Mexico
2021-06-01,932,Mexico
2021-06-02,3080,Mexico
2021-06-03,2808,Mexico
2021-06-04,2812,Mexico
2021-06-05,2655,Mexico
2021-06-06,2767,Mexico
2021-06-07,1350,Mexico
2021-06-08,843,Mexico
2021-06-09,3683,Mexico
2021-06-10,3589,Mexico
2021-06-11,3389,Mexico
2021-06-12,3308,Mexico
2021-06-13,3289,Mexico
2021-06-14,1710,Mexico
2021-06-15,1095,Mexico
2021-06-16,4217,Mexico
2021-06-17,3877,Mexico
2021-06-18,3937,Mexico
2021-06-19,3970,Mexico
2021-06-20,3973,Mexico
2021-06-21,2064,Mexico
2021-06-22,1272,Mexico
2021-06-23,5314,Mexico
2021-06-24,5178,Mexico
2021-06-25,5344,Mexico
2021-06-26,5343,Mexico
2021-06-27,5223,Mexico
2021-06-28,2749,Mexico
2021-06-29,1708,Mexico
2021-06-30,6966,Mexico
2021-07-01,6439,Mexico
2021-07-02,6263,Mexico
2021-07-03,6527,Mexico
2021-07-04,6771,Mexico
2021-07-05,3466,Mexico
2021-07-06,2268,Mexico
2021-07-07,9301,Mexico
2021-07-08,9318,Mexico
2021-07-09,10106,Mexico
2021-07-10,10118,Mexico
2021-07-11,10529,Mexico
2021-07-12,5323,Mexico
2021-07-13,3529,Mexico
2021-07-14,13965,Mexico
2021-07-15,14070,Mexico
2021-07-16,13947,Mexico
2021-07-17,13581,Mexico
2021-07-18,14100,Mexico
2021-07-19,6905,Mexico
2021-07-20,4688,Mexico
2021-07-21,18208,Mexico
2021-07-22,18365,Mexico
2021-07-23,17945,Mexico
2021-07-24,18864,Mexico
2021-07-25,18020,Mexico
2021-07-26,8730,Mexico
2021-07-27,6385,Mexico
2021-07-28,22782,Mexico
2021-07-29,22172,Mexico
2021-07-30,20708,Mexico
2021-07-31,21408,Mexico
2021-08-01,20126,Mexico
2021-08-02,9386,Mexico
2021-08-03,7336,Mexico
2021-08-04,23616,Mexico
2021-08-05,22984,Mexico
2021-08-06,21739,Mexico
2021-08-07,21976,Mexico
2021-08-08,21245,Mexico
2021-08-09,10090,Mexico
2021-08-10,7570,Mexico
2021-08-11,25605,Mexico
2021-08-12,24742,Mexico
2021-08-13,23151,Mexico
2021-08-14,22322,Mexico
2021-08-15,21661,Mexico
2021-08-16,9525,Mexico
2021-08-17,6787,Mexico
2021-08-18,24481,Mexico
2021-08-19,22004,Mexico
2021-08-20,20961,Mexico
2021-08-21,19076,Mexico
2021-08-22,18049,Mexico
2021-08-23,7668,Mexico
2021-08-24,5924,Mexico
2021-08-25,21305,Mexico
2021-08-26,18781,Mexico
2021-08-27,17319,Mexico
2021-08-28,16288,Mexico
2021-08-29,15730,Mexico
2021-08-30,7062,Mexico
2021-08-31,4814,Mexico
2021-09-01,17773,Mexico
2021-09-02,15638,Mexico
2021-09-03,14760,Mexico
2021-09-04,13942,Mexico
2021-09-05,13353,Mexico
2021-09-06,6367,Mexico
2021-09-07,4201,Mexico
2021-09-08,16005,Mexico
2021-09-09,13468,Mexico
2021-09-10,12203,Mexico
2021-09-11,12155,Mexico
2021-09-12,11885,Mexico
2021-09-13,5233,Mexico
2021-09-14,3746,Mexico
2021-09-15,13866,Mexico
2021-09-16,11765,Mexico
2021-09-17,7736,Mexico
2021-09-18,3839,Mexico
2021-09-19,11776,Mexico
2021-09-20,4722,Mexico
2021-09-21,3242,Mexico
2021-09-22,12796,Mexico
2021-09-23,10460,Mexico
2021-09-24,9954,Mexico
2021-09-25,8866,Mexico
2021-09-26,8828,Mexico
2021-09-27,3794,Mexico
2021-09-28,2744,Mexico
2021-09-29,10325,Mexico
2021-09-30,7899,Mexico
2021-10-01,7358,Mexico
2021-10-02,6486,Mexico
2021-10-03,6152,Mexico
2021-10-04,2819,Mexico
2021-10-05,2138,Mexico
2021-10-06,7853,Mexico
2021-10-07,6566,Mexico
2021-10-08,6103,Mexico
2021-10-09,5495,Mexico
2021-10-10,5220,Mexico
2021-10-11,2418,Mexico
2021-10-12,2031,Mexico
2021-10-13,6758,Mexico
2021-10-14,5426,Mexico
2021-10-15,4875,Mexico
2021-10-16,4866,Mexico
2021-10-17,4685,Mexico
2021-10-18,1870,Mexico
2021-10-19,1406,Mexico
2021-10-20,5577,Mexico
2021-10-21,4541,Mexico
2021-10-22,4268,Mexico
2021-10-23,4120,Mexico
2021-10-24,3980,Mexico
2021-10-25,1705,Mexico
2021-10-26,1296,Mexico
2021-10-27,5252,Mexico
2021-10-28,4206,Mexico
2021-10-29,3847,Mexico
2021-10-30,3654,Mexico
2021-10-31,3485,Mexico
2021-11-01,1286,Mexico
2021-11-02,966,Mexico
2021-11-03,3467,Mexico
2021-11-04,2562,Mexico
2021-11-05,3875,Mexico
2021-11-06,3520,Mexico
2021-11-07,3231,Mexico
2021-11-08,1403,Mexico
2021-11-09,1030,Mexico
2021-11-10,4213,Mexico
2021-11-11,3579,Mexico
2021-11-12,3346,Mexico
2021-11-13,3323,Mexico
2021-11-14,3107,Mexico
2021-11-15,1223,Mexico
2021-11-16,868,Mexico
2021-11-17,1381,Mexico
2021-11-18,3938,Mexico
2021-11-19,3605,Mexico
2021-11-20,3235,Mexico
2021-11-21,2978,Mexico
2021-11-22,1294,Mexico
2021-11-23,982,Mexico
2021-11-24,4391,Mexico
2021-11-25,3526,Mexico
2021-11-26,3236,Mexico
2021-11-27,3135,Mexico
2021-11-28,2785,Mexico
2021-11-29,1152,Mexico
2021-11-30,1005,Mexico
2021-12-01,3916,Mexico
2021-12-02,3190,Mexico
2021-12-03,3044,Mexico
2021-12-04,3163,Mexico
2021-12-05,2777,Mexico
2021-12-06,1061,Mexico
2021-12-07,882,Mexico
2021-12-08,3749,Mexico
2021-12-09,3255,Mexico
2021-12-10,2935,Mexico
2021-12-11,2814,Mexico
2021-12-12,2788,Mexico
2021-12-13,926,Mexico
2021-12-14,906,Mexico
2021-12-15,3322,Mexico
2021-12-16,2834,Mexico
2021-12-17,2828,Mexico
2021-12-18,2770,Mexico
2021-12-19,2542,Mexico
2021-12-20,1156,Mexico
2021-12-21,987,Mexico
2021-12-22,3820,Mexico
2021-12-23,3649,Mexico
2021-12-24,3939,Mexico
2021-12-25,4134,Mexico
2021-12-26,3318,Mexico
2021-12-27,1113,Mexico
2021-12-28,2012,Mexico
2021-12-29,8260,Mexico
2021-12-30,9831,Mexico
2021-12-31,11627,Mexico
2022-01-01,12780,Mexico
2022-01-02,11297,Mexico
2022-01-03,3757,Mexico
2022-01-04,5868,Mexico
2022-01-05,24299,Mexico
2022-01-06,32330,Mexico
2022-01-07,39146,Mexico
2022-01-08,42720,Mexico
2022-01-09,46683,Mexico
2022-01-10,22680,Mexico
2022-01-11,19065,Mexico
2022-01-12,69003,Mexico
2022-01-13,71900,Mexico
2022-01-14,75684,Mexico
2022-01-15,74978,Mexico
2022-01-16,73472,Mexico
2022-01-17,31477,Mexico
2022-01-18,23881,Mexico
2022-01-19,81302,Mexico
2022-01-20,75305,Mexico
2022-01-21,71115,Mexico
2022-01-22,65742,Mexico
2022-01-23,57993,Mexico
2022-01-24,25291,Mexico
2022-01-25,19021,Mexico
2022-01-26,62338,Mexico
2022-01-27,51378,Mexico
2022-01-28,46573,Mexico
2022-01-29,41530,Mexico
2022-01-30,36598,Mexico
2022-01-31,16659,Mexico
2022-02-01,12439,Mexico
2022-02-02,37510,Mexico
2022-02-03,29513,Mexico
2022-02-04,26920,Mexico
2022-02-05,23346,Mexico
2022-02-06,20160,Mexico
2022-02-07,8937,Mexico
2022-02-08,6593,Mexico
2022-02-09,9686,Mexico
2022-02-10,20031,Mexico
2022-02-11,14943,Mexico
2022-02-12,13691,Mexico
2022-02-13,12491,Mexico
2022-02-14,5865,Mexico
2022-02-15,4898,Mexico
2022-02-16,13381,Mexico
2022-02-17,10387,Mexico
2022-02-18,9679,Mexico
2022-02-19,9260,Mexico
2022-02-20,8106,Mexico
2022-02-21,3657,Mexico
2022-02-22,3176,Mexico
2022-02-23,8162,Mexico
2022-02-24,6422,Mexico
2022-02-25,5941,Mexico
2022-02-26,5458,Mexico
2022-02-27,4465,Mexico
2022-02-28,1762,Mexico
2022-03-01,1521,Mexico
2022-03-02,5255,Mexico
2022-03-03,3637,Mexico
2022-03-04,3148,Mexico
2022-03-05,3259,Mexico
2022-03-06,2787,Mexico
2022-03-07,1111,Mexico
2022-03-08,903,Mexico
2022-03-09,3027,Mexico
2022-03-10,2469,Mexico
2022-03-11,2413,Mexico
2022-03-12,2267,Mexico
2022-03-13,1879,Mexico
2022-03-14,743,Mexico
2022-03-15,683,Mexico
2022-03-16,2265,Mexico
2022-03-17,1926,Mexico
2022-03-18,1596,Mexico
2022-03-19,1524,Mexico
2022-03-20,1331,Mexico
2022-03-21,518,Mexico
2022-03-22,331,Mexico
2022-03-23,588,Mexico
2022-03-24,1698,Mexico
2022-03-25,1357,Mexico
2022-03-26,1267,Mexico
2022-03-27,1161,Mexico
2022-03-28,422,Mexico
2022-03-29,357,Mexico
2022-03-30,1462,Mexico
2022-03-31,1263,Mexico
2022-04-01,1188,Mexico
2022-04-02,1066,Mexico
2022-04-03,765,Mexico
2022-04-04,343,Mexico
2022-04-05,281,Mexico
2022-04-06,1029,Mexico
2022-04-07,810,Mexico
2022-04-08,798,Mexico
2022-04-09,767,Mexico
2022-04-10,729,Mexico
2022-04-11,315,Mexico
2022-04-12,261,Mexico
2022-04-13,801,Mexico
2022-04-14,674,Mexico
2022-04-15,642,Mexico
2022-04-16,276,Mexico
2022-04-17,236,Mexico
2022-04-18,212,Mexico
2022-04-19,228,Mexico
2022-04-20,886,Mexico
2022-04-21,606,Mexico
2022-04-22,756,Mexico
2022-04-23,586,Mexico
2022-04-24,572,Mexico
2022-04-25,271,Mexico
2022-04-26,329,Mexico
2022-04-27,863,Mexico
2022-04-28,688,Mexico
2022-04-29,672,Mexico
2022-04-30,623,Mexico
2022-05-01,547,Mexico
2022-05-02,243,Mexico
2022-05-03,222,Mexico
2022-05-04,857,Mexico
2022-05-05,797,Mexico
2022-05-06,756,Mexico
2022-05-07,677,Mexico
2022-05-08,772,Mexico
2022-05-09,294,Mexico
2022-05-10,283,Mexico
2022-05-11,1079,Mexico
2022-05-12,510,Mexico
2022-05-13,1144,Mexico
2022-05-14,1064,Mexico
2022-05-15,985,Mexico
2022-05-16,397,Mexico
2022-05-17,335,Mexico
2022-05-18,1412,Mexico
2022-05-19,1322,Mexico
2022-05-20,1420,Mexico
2022-05-21,1448,Mexico
2022-05-22,1416,Mexico
2022-05-23,593,Mexico
2022-05-24,579,Mexico
2022-05-25,2301,Mexico
2022-05-26,2114,Mexico
2022-05-27,2320,Mexico
2022-05-28,2171,Mexico
2022-05-29,2159,Mexico
2022-05-30,924,Mexico
2022-05-31,876,Mexico
2022-06-01,3470,Mexico
2022-06-02,3461,Mexico
2022-06-03,3665,Mexico
2022-06-04,3478,Mexico
2022-06-05,3676,Mexico
2022-06-06,1559,Mexico
2022-06-07,1356,Mexico
2022-06-08,6200,Mexico
2022-06-09,5791,Mexico
2022-06-10,6614,Mexico
2022-06-11,6369,Mexico
2022-06-12,6482,Mexico
2022-06-13,2616,Mexico
2022-06-14,2264,Mexico
2022-06-15,10039,Mexico
2022-06-16,9562,Mexico
2022-06-17,10208,Mexico
2022-06-18,10018,Mexico
2022-06-19,10606,Mexico
2022-06-20,4453,Mexico
2022-06-21,3733,Mexico
2022-06-22,16957,Mexico
2022-06-23,16735,Mexico
2022-06-24,18014,Mexico
2022-06-25,18409,Mexico
2022-06-26,18965,Mexico
2022-06-27,7782,Mexico
2022-06-28,7167,Mexico
2022-06-29,28019,Mexico
2022-06-30,26950,Mexico
2022-07-01,27564,Mexico
2022-07-02,27831,Mexico
2022-07-03,27152,Mexico
2022-07-04,11114,Mexico
2022-07-05,9632,Mexico
2022-07-06,37784,Mexico
2022-07-07,36007,Mexico
2022-07-08,36453,Mexico
2022-07-09,35711,Mexico
2022-07-10,33404,Mexico
2022-07-11,13288,Mexico
2022-07-12,11636,Mexico
2022-07-13,44550,Mexico
2022-07-14,39637,Mexico
2022-07-15,37545,Mexico
2022-07-16,35391,Mexico
2022-07-17,31826,Mexico
2022-07-18,12400,Mexico
2022-07-19,10354,Mexico
2022-07-20,38847,Mexico
2022-07-21,32969,Mexico
2022-07-22,31827,Mexico
2022-07-23,28372,Mexico
2022-07-24,25218,Mexico
2022-07-25,9627,Mexico
2022-07-26,7504,Mexico
2022-07-27,28488,Mexico
2022-07-28,22981,Mexico
2022-07-29,20538,Mexico
2022-07-30,17760,Mexico
2022-07-31,15140,Mexico
2022-08-01,5936,Mexico
2022-08-02,5023,Mexico
2022-08-03,18914,Mexico
2022-08-04,14396,Mexico
2022-08-05,13319,Mexico
2022-08-06,12068,Mexico
2022-08-07,10607,Mexico
2022-08-08,4014,Mexico
2022-08-09,3270,Mexico
2022-08-10,13093,Mexico
2022-08-11,9846,Mexico
2022-08-12,8932,Mexico
2022-08-13,7753,Mexico
2022-08-14,6746,Mexico
2022-08-15,2458,Mexico
2022-08-16,2139,Mexico
2022-08-17,8209,Mexico
2022-08-18,5876,Mexico
2022-08-19,5345,Mexico
2022-08-20,4834,Mexico
2022-08-21,4383,Mexico
2022-08-22,1708,Mexico
2022-08-23,1522,Mexico
2022-08-24,5618,Mexico
2022-08-25,4126,Mexico
2022-08-26,3755,Mexico
2022-08-27,3281,Mexico
2022-08-28,2946,Mexico
2022-08-29,1140,Mexico
2022-08-30,1108,Mexico
2022-08-31,3830,Mexico
2022-09-01,3075,Mexico
2022-09-02,2599,Mexico
2022-09-03,2437,Mexico
2022-09-04,2222,Mexico
2022-09-05,963,Mexico
2022-09-06,894,Mexico
2022-09-07,2762,Mexico
2022-09-08,2107,Mexico
2022-09-09,1865,Mexico
2022-09-10,1767,Mexico
2022-09-11,1697,Mexico
2022-09-12,632,Mexico
2022-09-13,594,Mexico
2022-09-14,2283,Mexico
2022-09-15,1638,Mexico
2022-09-16,1400,Mexico
2022-09-17,729,Mexico
2022-09-18,415,Mexico
2022-09-19,466,Mexico
2022-09-20,394,Mexico
2022-09-21,1866,Mexico
2022-09-22,1464,Mexico
2022-09-23,1307,Mexico
2022-09-24,1133,Mexico
2022-09-25,1043,Mexico
2022-09-26,422,Mexico
2022-09-27,340,Mexico
2022-09-28,1324,Mexico
2022-09-29,960,Mexico
2022-09-30,807,Mexico
2022-10-01,709,Mexico
2022-10-02,637,Mexico
2022-10-03,321,Mexico
2022-10-04,249,Mexico
2022-10-05,913,Mexico
2022-10-06,677,Mexico
2022-10-07,659,Mexico
2022-10-08,579,Mexico
2022-10-09,480,Mexico
2022-10-10,174,Mexico
2022-10-11,169,Mexico
2022-10-12,650,Mexico
2022-10-13,555,Mexico
2022-10-14,461,Mexico
2022-10-15,459,Mexico
2022-10-16,399,Mexico
2022-10-17,146,Mexico
2022-10-18,162,Mexico
2022-10-19,603,Mexico
2022-10-20,471,Mexico
2020-03-02,0,Mongolia
2020-03-03,0,Mongolia
2020-03-04,0,Mongolia
2020-03-05,0,Mongolia
2020-03-06,0,Mongolia
2020-03-07,0,Mongolia
2020-03-08,0,Mongolia
2020-03-09,0,Mongolia
2020-03-10,1,Mongolia
2020-03-11,0,Mongolia
2020-03-12,0,Mongolia
2020-03-13,0,Mongolia
2020-03-14,0,Mongolia
2020-03-15,0,Mongolia
2020-03-16,0,Mongolia
2020-03-17,3,Mongolia
2020-03-18,1,Mongolia
2020-03-19,1,Mongolia
2020-03-20,0,Mongolia
2020-03-21,4,Mongolia
2020-03-22,0,Mongolia
2020-03-23,0,Mongolia
2020-03-24,0,Mongolia
2020-03-25,0,Mongolia
2020-03-26,1,Mongolia
2020-03-27,0,Mongolia
2020-03-28,1,Mongolia
2020-03-29,0,Mongolia
2020-03-30,0,Mongolia
2020-03-31,0,Mongolia
2020-04-01,2,Mongolia
2020-04-02,0,Mongolia
2020-04-03,0,Mongolia
2020-04-04,0,Mongolia
2020-04-05,0,Mongolia
2020-04-06,0,Mongolia
2020-04-07,0,Mongolia
2020-04-08,0,Mongolia
2020-04-09,2,Mongolia
2020-04-10,0,Mongolia
2020-04-11,0,Mongolia
2020-04-12,0,Mongolia
2020-04-13,0,Mongolia
2020-04-14,14,Mongolia
2020-04-15,0,Mongolia
2020-04-16,1,Mongolia
2020-04-17,0,Mongolia
2020-04-18,0,Mongolia
2020-04-19,1,Mongolia
2020-04-20,1,Mongolia
2020-04-21,1,Mongolia
2020-04-22,1,Mongolia
2020-04-23,0,Mongolia
2020-04-24,0,Mongolia
2020-04-25,1,Mongolia
2020-04-26,2,Mongolia
2020-04-27,0,Mongolia
2020-04-28,0,Mongolia
2020-04-29,0,Mongolia
2020-04-30,0,Mongolia
2020-05-01,0,Mongolia
2020-05-02,0,Mongolia
2020-05-03,1,Mongolia
2020-05-04,1,Mongolia
2020-05-05,1,Mongolia
2020-05-06,0,Mongolia
2020-05-07,0,Mongolia
2020-05-08,1,Mongolia
2020-05-09,0,Mongolia
2020-05-10,0,Mongolia
2020-05-11,0,Mongolia
2020-05-12,0,Mongolia
2020-05-13,0,Mongolia
2020-05-14,19,Mongolia
2020-05-15,37,Mongolia
2020-05-16,37,Mongolia
2020-05-17,1,Mongolia
2020-05-18,4,Mongolia
2020-05-19,0,Mongolia
2020-05-20,0,Mongolia
2020-05-21,0,Mongolia
2020-05-22,1,Mongolia
2020-05-23,0,Mongolia
2020-05-24,0,Mongolia
2020-05-25,0,Mongolia
2020-05-26,0,Mongolia
2020-05-27,7,Mongolia
2020-05-28,13,Mongolia
2020-05-29,18,Mongolia
2020-05-30,0,Mongolia
2020-05-31,0,Mongolia
2020-06-01,6,Mongolia
2020-06-02,0,Mongolia
2020-06-03,0,Mongolia
2020-06-04,1,Mongolia
2020-06-05,0,Mongolia
2020-06-06,5,Mongolia
2020-06-07,2,Mongolia
2020-06-08,0,Mongolia
2020-06-09,1,Mongolia
2020-06-10,0,Mongolia
2020-06-11,0,Mongolia
2020-06-12,3,Mongolia
2020-06-13,0,Mongolia
2020-06-14,0,Mongolia
2020-06-15,0,Mongolia
2020-06-16,0,Mongolia
2020-06-17,0,Mongolia
2020-06-18,4,Mongolia
2020-06-19,0,Mongolia
2020-06-20,3,Mongolia
2020-06-21,0,Mongolia
2020-06-22,9,Mongolia
2020-06-23,2,Mongolia
2020-06-24,0,Mongolia
2020-06-25,1,Mongolia
2020-06-26,0,Mongolia
2020-06-27,3,Mongolia
2020-06-28,0,Mongolia
2020-06-29,1,Mongolia
2020-06-30,0,Mongolia
2020-07-01,0,Mongolia
2020-07-02,0,Mongolia
2020-07-03,0,Mongolia
2020-07-04,0,Mongolia
2020-07-05,0,Mongolia
2020-07-06,0,Mongolia
2020-07-07,0,Mongolia
2020-07-08,7,Mongolia
2020-07-09,0,Mongolia
2020-07-10,0,Mongolia
2020-07-11,0,Mongolia
2020-07-12,3,Mongolia
2020-07-13,0,Mongolia
2020-07-14,0,Mongolia
2020-07-15,31,Mongolia
2020-07-16,0,Mongolia
2020-07-17,1,Mongolia
2020-07-18,25,Mongolia
2020-07-19,0,Mongolia
2020-07-20,0,Mongolia
2020-07-21,0,Mongolia
2020-07-22,0,Mongolia
2020-07-23,0,Mongolia
2020-07-24,0,Mongolia
2020-07-25,1,Mongolia
2020-07-26,0,Mongolia
2020-07-27,0,Mongolia
2020-07-28,1,Mongolia
2020-07-29,2,Mongolia
2020-07-30,0,Mongolia
2020-07-31,0,Mongolia
2020-08-01,0,Mongolia
2020-08-02,2,Mongolia
2020-08-03,0,Mongolia
2020-08-04,0,Mongolia
2020-08-05,0,Mongolia
2020-08-06,0,Mongolia
2020-08-07,0,Mongolia
2020-08-08,0,Mongolia
2020-08-09,0,Mongolia
2020-08-10,0,Mongolia
2020-08-11,0,Mongolia
2020-08-12,0,Mongolia
2020-08-13,0,Mongolia
2020-08-14,4,Mongolia
2020-08-15,1,Mongolia
2020-08-16,0,Mongolia
2020-08-17,0,Mongolia
2020-08-18,0,Mongolia
2020-08-19,0,Mongolia
2020-08-20,0,Mongolia
2020-08-21,0,Mongolia
2020-08-22,0,Mongolia
2020-08-23,0,Mongolia
2020-08-24,0,Mongolia
2020-08-25,0,Mongolia
2020-08-26,0,Mongolia
2020-08-27,2,Mongolia
2020-08-28,1,Mongolia
2020-08-29,0,Mongolia
2020-08-30,0,Mongolia
2020-08-31,0,Mongolia
2020-09-01,0,Mongolia
2020-09-02,3,Mongolia
2020-09-03,2,Mongolia
2020-09-04,0,Mongolia
2020-09-05,4,Mongolia
2020-09-06,0,Mongolia
2020-09-07,0,Mongolia
2020-09-08,0,Mongolia
2020-09-09,0,Mongolia
2020-09-10,0,Mongolia
2020-09-11,0,Mongolia
2020-09-12,1,Mongolia
2020-09-13,0,Mongolia
2020-09-14,0,Mongolia
2020-09-15,0,Mongolia
2020-09-16,0,Mongolia
2020-09-17,0,Mongolia
2020-09-18,0,Mongolia
2020-09-19,0,Mongolia
2020-09-20,0,Mongolia
2020-09-21,1,Mongolia
2020-09-22,0,Mongolia
2020-09-23,1,Mongolia
2020-09-24,0,Mongolia
2020-09-25,0,Mongolia
2020-09-26,0,Mongolia
2020-09-27,0,Mongolia
2020-09-28,0,Mongolia
2020-09-29,0,Mongolia
2020-09-30,0,Mongolia
2020-10-01,0,Mongolia
2020-10-02,0,Mongolia
2020-10-03,0,Mongolia
2020-10-04,0,Mongolia
2020-10-05,0,Mongolia
2020-10-06,1,Mongolia
2020-10-07,1,Mongolia
2020-10-08,0,Mongolia
2020-10-09,0,Mongolia
2020-10-10,0,Mongolia
2020-10-11,0,Mongolia
2020-10-12,1,Mongolia
2020-10-13,2,Mongolia
2020-10-14,2,Mongolia
2020-10-15,0,Mongolia
2020-10-16,0,Mongolia
2020-10-17,0,Mongolia
2020-10-18,0,Mongolia
2020-10-19,4,Mongolia
2020-10-20,0,Mongolia
2020-10-21,2,Mongolia
2020-10-22,1,Mongolia
2020-10-23,1,Mongolia
2020-10-24,0,Mongolia
2020-10-25,9,Mongolia
2020-10-26,1,Mongolia
2020-10-27,1,Mongolia
2020-10-28,1,Mongolia
2020-10-29,0,Mongolia
2020-10-30,0,Mongolia
2020-10-31,0,Mongolia
2020-11-01,6,Mongolia
2020-11-02,0,Mongolia
2020-11-03,3,Mongolia
2020-11-04,1,Mongolia
2020-11-05,2,Mongolia
2020-11-06,1,Mongolia
2020-11-07,3,Mongolia
2020-11-08,1,Mongolia
2020-11-09,5,Mongolia
2020-11-10,6,Mongolia
2020-11-11,6,Mongolia
2020-11-12,8,Mongolia
2020-11-13,24,Mongolia
2020-11-14,6,Mongolia
2020-11-15,4,Mongolia
2020-11-16,12,Mongolia
2020-11-17,12,Mongolia
2020-11-18,33,Mongolia
2020-11-19,45,Mongolia
2020-11-20,39,Mongolia
2020-11-21,25,Mongolia
2020-11-22,47,Mongolia
2020-11-23,11,Mongolia
2020-11-24,32,Mongolia
2020-11-25,27,Mongolia
2020-11-26,13,Mongolia
2020-11-27,26,Mongolia
2020-11-28,22,Mongolia
2020-11-29,24,Mongolia
2020-11-30,7,Mongolia
2020-12-01,10,Mongolia
2020-12-02,11,Mongolia
2020-12-03,7,Mongolia
2020-12-04,12,Mongolia
2020-12-05,11,Mongolia
2020-12-06,7,Mongolia
2020-12-07,38,Mongolia
2020-12-08,1,Mongolia
2020-12-09,5,Mongolia
2020-12-10,5,Mongolia
2020-12-11,7,Mongolia
2020-12-12,1,Mongolia
2020-12-13,1,Mongolia
2020-12-14,5,Mongolia
2020-12-15,5,Mongolia
2020-12-16,1,Mongolia
2020-12-17,5,Mongolia
2020-12-18,18,Mongolia
2020-12-19,12,Mongolia
2020-12-20,8,Mongolia
2020-12-21,32,Mongolia
2020-12-22,13,Mongolia
2020-12-23,57,Mongolia
2020-12-24,6,Mongolia
2020-12-25,6,Mongolia
2020-12-26,7,Mongolia
2020-12-27,39,Mongolia
2020-12-28,16,Mongolia
2020-12-29,38,Mongolia
2020-12-30,20,Mongolia
2020-12-31,20,Mongolia
2021-01-01,27,Mongolia
2021-01-02,21,Mongolia
2021-01-03,23,Mongolia
2021-01-04,22,Mongolia
2021-01-05,41,Mongolia
2021-01-06,13,Mongolia
2021-01-07,33,Mongolia
2021-01-08,13,Mongolia
2021-01-09,21,Mongolia
2021-01-10,13,Mongolia
2021-01-11,14,Mongolia
2021-01-12,13,Mongolia
2021-01-13,10,Mongolia
2021-01-14,12,Mongolia
2021-01-15,21,Mongolia
2021-01-16,5,Mongolia
2021-01-17,9,Mongolia
2021-01-18,10,Mongolia
2021-01-19,32,Mongolia
2021-01-20,16,Mongolia
2021-01-21,8,Mongolia
2021-01-22,19,Mongolia
2021-01-23,16,Mongolia
2021-01-24,16,Mongolia
2021-01-25,13,Mongolia
2021-01-26,11,Mongolia
2021-01-27,25,Mongolia
2021-01-28,18,Mongolia
2021-01-29,32,Mongolia
2021-01-30,37,Mongolia
2021-01-31,35,Mongolia
2021-02-01,18,Mongolia
2021-02-02,27,Mongolia
2021-02-03,31,Mongolia
2021-02-04,38,Mongolia
2021-02-05,61,Mongolia
2021-02-06,34,Mongolia
2021-02-07,50,Mongolia
2021-02-08,47,Mongolia
2021-02-09,54,Mongolia
2021-02-10,33,Mongolia
2021-02-11,40,Mongolia
2021-02-12,46,Mongolia
2021-02-13,58,Mongolia
2021-02-14,32,Mongolia
2021-02-15,33,Mongolia
2021-02-16,28,Mongolia
2021-02-17,49,Mongolia
2021-02-18,58,Mongolia
2021-02-19,35,Mongolia
2021-02-20,52,Mongolia
2021-02-21,55,Mongolia
2021-02-22,30,Mongolia
2021-02-23,32,Mongolia
2021-02-24,46,Mongolia
2021-02-25,30,Mongolia
2021-02-26,35,Mongolia
2021-02-27,41,Mongolia
2021-02-28,45,Mongolia
2021-03-01,48,Mongolia
2021-03-02,32,Mongolia
2021-03-03,44,Mongolia
2021-03-04,77,Mongolia
2021-03-05,8,Mongolia
2021-03-06,67,Mongolia
2021-03-07,108,Mongolia
2021-03-08,36,Mongolia
2021-03-09,109,Mongolia
2021-03-10,80,Mongolia
2021-03-11,103,Mongolia
2021-03-12,169,Mongolia
2021-03-13,128,Mongolia
2021-03-14,122,Mongolia
2021-03-15,127,Mongolia
2021-03-16,130,Mongolia
2021-03-17,158,Mongolia
2021-03-18,160,Mongolia
2021-03-19,148,Mongolia
2021-03-20,170,Mongolia
2021-03-21,210,Mongolia
2021-03-22,206,Mongolia
2021-03-23,218,Mongolia
2021-03-24,285,Mongolia
2021-03-25,437,Mongolia
2021-03-26,361,Mongolia
2021-03-27,321,Mongolia
2021-03-28,575,Mongolia
2021-03-29,481,Mongolia
2021-03-30,377,Mongolia
2021-03-31,394,Mongolia
2021-04-01,486,Mongolia
2021-04-02,271,Mongolia
2021-04-03,620,Mongolia
2021-04-04,602,Mongolia
2021-04-05,831,Mongolia
2021-04-06,575,Mongolia
2021-04-07,554,Mongolia
2021-04-08,714,Mongolia
2021-04-09,689,Mongolia
2021-04-10,831,Mongolia
2021-04-11,704,Mongolia
2021-04-12,885,Mongolia
2021-04-13,1220,Mongolia
2021-04-14,742,Mongolia
2021-04-15,1107,Mongolia
2021-04-16,983,Mongolia
2021-04-17,1340,Mongolia
2021-04-18,889,Mongolia
2021-04-19,1311,Mongolia
2021-04-20,1169,Mongolia
2021-04-21,1328,Mongolia
2021-04-22,1264,Mongolia
2021-04-23,1263,Mongolia
2021-04-24,1264,Mongolia
2021-04-25,856,Mongolia
2021-04-26,1098,Mongolia
2021-04-27,1171,Mongolia
2021-04-28,1015,Mongolia
2021-04-29,1356,Mongolia
2021-04-30,1306,Mongolia
2021-05-01,1185,Mongolia
2021-05-02,911,Mongolia
2021-05-03,1015,Mongolia
2021-05-04,1128,Mongolia
2021-05-05,940,Mongolia
2021-05-06,737,Mongolia
2021-05-07,815,Mongolia
2021-05-08,804,Mongolia
2021-05-09,639,Mongolia
2021-05-10,477,Mongolia
2021-05-11,512,Mongolia
2021-05-12,585,Mongolia
2021-05-13,515,Mongolia
2021-05-14,553,Mongolia
2021-05-15,541,Mongolia
2021-05-16,533,Mongolia
2021-05-17,349,Mongolia
2021-05-18,575,Mongolia
2021-05-19,519,Mongolia
2021-05-20,629,Mongolia
2021-05-21,684,Mongolia
2021-05-22,539,Mongolia
2021-05-23,630,Mongolia
2021-05-24,634,Mongolia
2021-05-25,680,Mongolia
2021-05-26,653,Mongolia
2021-05-27,785,Mongolia
2021-05-28,769,Mongolia
2021-05-29,891,Mongolia
2021-05-30,927,Mongolia
2021-05-31,790,Mongolia
2021-06-01,1143,Mongolia
2021-06-02,1024,Mongolia
2021-06-03,1189,Mongolia
2021-06-04,1393,Mongolia
2021-06-05,1288,Mongolia
2021-06-06,1177,Mongolia
2021-06-07,1267,Mongolia
2021-06-08,1312,Mongolia
2021-06-09,1460,Mongolia
2021-06-10,1622,Mongolia
2021-06-11,1792,Mongolia
2021-06-12,2188,Mongolia
2021-06-13,2263,Mongolia
2021-06-14,2386,Mongolia
2021-06-15,2395,Mongolia
2021-06-16,2642,Mongolia
2021-06-17,2746,Mongolia
2021-06-18,2635,Mongolia
2021-06-19,2400,Mongolia
2021-06-20,2268,Mongolia
2021-06-21,2231,Mongolia
2021-06-22,2213,Mongolia
2021-06-23,2366,Mongolia
2021-06-24,2271,Mongolia
2021-06-25,2362,Mongolia
2021-06-26,2432,Mongolia
2021-06-27,1811,Mongolia
2021-06-28,1727,Mongolia
2021-06-29,2246,Mongolia
2021-06-30,2485,Mongolia
2021-07-01,2376,Mongolia
2021-07-02,2401,Mongolia
2021-07-03,2520,Mongolia
2021-07-04,1551,Mongolia
2021-07-05,1643,Mongolia
2021-07-06,1998,Mongolia
2021-07-07,1510,Mongolia
2021-07-08,2308,Mongolia
2021-07-09,1783,Mongolia
2021-07-10,1735,Mongolia
2021-07-11,1496,Mongolia
2021-07-12,1246,Mongolia
2021-07-13,1159,Mongolia
2021-07-14,1439,Mongolia
2021-07-15,1364,Mongolia
2021-07-16,1295,Mongolia
2021-07-17,1466,Mongolia
2021-07-18,2480,Mongolia
2021-07-19,1497,Mongolia
2021-07-20,1309,Mongolia
2021-07-21,0,Mongolia
2021-07-22,1243,Mongolia
2021-07-23,1442,Mongolia
2021-07-24,1501,Mongolia
2021-07-25,1249,Mongolia
2021-07-26,1127,Mongolia
2021-07-27,1243,Mongolia
2021-07-28,2525,Mongolia
2021-07-29,1286,Mongolia
2021-07-30,992,Mongolia
2021-07-31,1063,Mongolia
2021-08-01,1019,Mongolia
2021-08-02,1444,Mongolia
2021-08-03,1178,Mongolia
2021-08-04,1246,Mongolia
2021-08-05,972,Mongolia
2021-08-06,1463,Mongolia
2021-08-07,1071,Mongolia
2021-08-08,957,Mongolia
2021-08-09,1433,Mongolia
2021-08-10,1443,Mongolia
2021-08-11,0,Mongolia
2021-08-12,1453,Mongolia
2021-08-13,1402,Mongolia
2021-08-14,1300,Mongolia
2021-08-15,1061,Mongolia
2021-08-16,1298,Mongolia
2021-08-17,1582,Mongolia
2021-08-18,1875,Mongolia
2021-08-19,1841,Mongolia
2021-08-20,1651,Mongolia
2021-08-21,1780,Mongolia
2021-08-22,1566,Mongolia
2021-08-23,1596,Mongolia
2021-08-24,2433,Mongolia
2021-08-25,2467,Mongolia
2021-08-26,2489,Mongolia
2021-08-27,2422,Mongolia
2021-08-28,2414,Mongolia
2021-08-29,2209,Mongolia
2021-08-30,2740,Mongolia
2021-08-31,3726,Mongolia
2021-09-01,3805,Mongolia
2021-09-02,3638,Mongolia
2021-09-03,3696,Mongolia
2021-09-04,3628,Mongolia
2021-09-05,3766,Mongolia
2021-09-06,4664,Mongolia
2021-09-07,6203,Mongolia
2021-09-08,6273,Mongolia
2021-09-09,3393,Mongolia
2021-09-10,4405,Mongolia
2021-09-11,4366,Mongolia
2021-09-12,3405,Mongolia
2021-09-13,4370,Mongolia
2021-09-14,4976,Mongolia
2021-09-15,5166,Mongolia
2021-09-16,5239,Mongolia
2021-09-17,8127,Mongolia
2021-09-18,5508,Mongolia
2021-09-19,5509,Mongolia
2021-09-20,8777,Mongolia
2021-09-21,9255,Mongolia
2021-09-22,8084,Mongolia
2021-09-23,7380,Mongolia
2021-09-24,7925,Mongolia
2021-09-25,5084,Mongolia
2021-09-26,4284,Mongolia
2021-09-27,8400,Mongolia
2021-09-28,7797,Mongolia
2021-09-29,7633,Mongolia
2021-09-30,7490,Mongolia
2021-10-01,7224,Mongolia
2021-10-02,4732,Mongolia
2021-10-03,3422,Mongolia
2021-10-04,7589,Mongolia
2021-10-05,7696,Mongolia
2021-10-06,7549,Mongolia
2021-10-07,7870,Mongolia
2021-10-08,7345,Mongolia
2021-10-09,4927,Mongolia
2021-10-10,4012,Mongolia
2021-10-11,7720,Mongolia
2021-10-12,8002,Mongolia
2021-10-13,7183,Mongolia
2021-10-14,7009,Mongolia
2021-10-15,6076,Mongolia
2021-10-16,6867,Mongolia
2021-10-17,3693,Mongolia
2021-10-18,6634,Mongolia
2021-10-19,7332,Mongolia
2021-10-20,6390,Mongolia
2021-10-21,6186,Mongolia
2021-10-22,6580,Mongolia
2021-10-23,3921,Mongolia
2021-10-24,3251,Mongolia
2021-10-25,5597,Mongolia
2021-10-26,6151,Mongolia
2021-10-27,5388,Mongolia
2021-10-28,5190,Mongolia
2021-10-29,4721,Mongolia
2021-10-30,24556,Mongolia
2021-10-31,2194,Mongolia
2021-11-01,3744,Mongolia
2021-11-02,6293,Mongolia
2021-11-03,5926,Mongolia
2021-11-04,3944,Mongolia
2021-11-05,3372,Mongolia
2021-11-06,1781,Mongolia
2021-11-07,1969,Mongolia
2021-11-08,2183,Mongolia
2021-11-09,3862,Mongolia
2021-11-10,3204,Mongolia
2021-11-11,2888,Mongolia
2021-11-12,2477,Mongolia
2021-11-13,2457,Mongolia
2021-11-14,1423,Mongolia
2021-11-15,1747,Mongolia
2021-11-16,2968,Mongolia
2021-11-17,3588,Mongolia
2021-11-18,2911,Mongolia
2021-11-19,2220,Mongolia
2021-11-20,1714,Mongolia
2021-11-21,1162,Mongolia
2021-11-22,1685,Mongolia
2021-11-23,2585,Mongolia
2021-11-24,1788,Mongolia
2021-11-25,2389,Mongolia
2021-11-26,1830,Mongolia
2021-11-27,1189,Mongolia
2021-11-28,1068,Mongolia
2021-11-29,1041,Mongolia
2021-11-30,1979,Mongolia
2021-12-01,1803,Mongolia
2021-12-02,1845,Mongolia
2021-12-03,922,Mongolia
2021-12-04,1111,Mongolia
2021-12-05,797,Mongolia
2021-12-06,1000,Mongolia
2021-12-07,1091,Mongolia
2021-12-08,995,Mongolia
2021-12-09,946,Mongolia
2021-12-10,869,Mongolia
2021-12-11,566,Mongolia
2021-12-12,401,Mongolia
2021-12-13,606,Mongolia
2021-12-14,917,Mongolia
2021-12-15,864,Mongolia
2021-12-16,684,Mongolia
2021-12-17,702,Mongolia
2021-12-18,623,Mongolia
2021-12-19,309,Mongolia
2021-12-20,617,Mongolia
2021-12-21,818,Mongolia
2021-12-22,565,Mongolia
2021-12-23,230,Mongolia
2021-12-24,310,Mongolia
2021-12-25,705,Mongolia
2021-12-26,273,Mongolia
2021-12-27,405,Mongolia
2021-12-28,431,Mongolia
2021-12-29,242,Mongolia
2021-12-30,593,Mongolia
2021-12-31,498,Mongolia
2022-01-01,427,Mongolia
2022-01-02,303,Mongolia
2022-01-03,1347,Mongolia
2022-01-04,745,Mongolia
2022-01-05,1869,Mongolia
2022-01-06,2001,Mongolia
2022-01-07,2353,Mongolia
2022-01-08,1428,Mongolia
2022-01-09,2394,Mongolia
2022-01-10,3443,Mongolia
2022-01-11,3222,Mongolia
2022-01-12,2610,Mongolia
2022-01-13,6280,Mongolia
2022-01-14,8348,Mongolia
2022-01-15,7089,Mongolia
2022-01-16,4704,Mongolia
2022-01-17,5640,Mongolia
2022-01-18,9071,Mongolia
2022-01-19,4441,Mongolia
2022-01-20,11059,Mongolia
2022-01-21,8269,Mongolia
2022-01-22,9518,Mongolia
2022-01-23,5228,Mongolia
2022-01-24,4871,Mongolia
2022-01-25,12310,Mongolia
2022-01-26,7768,Mongolia
2022-01-27,7896,Mongolia
2022-01-28,6646,Mongolia
2022-01-29,2725,Mongolia
2022-01-30,4724,Mongolia
2022-01-31,5092,Mongolia
2022-02-01,2728,Mongolia
2022-02-02,3472,Mongolia
2022-02-03,1939,Mongolia
2022-02-04,902,Mongolia
2022-02-05,3032,Mongolia
2022-02-06,1963,Mongolia
2022-02-07,2396,Mongolia
2022-02-08,5795,Mongolia
2022-02-09,3771,Mongolia
2022-02-10,3799,Mongolia
2022-02-11,4157,Mongolia
2022-02-12,2771,Mongolia
2022-02-13,4089,Mongolia
2022-02-14,609,Mongolia
2022-02-15,2904,Mongolia
2022-02-16,2454,Mongolia
2022-02-17,2324,Mongolia
2022-02-18,1428,Mongolia
2022-02-19,1529,Mongolia
2022-02-20,704,Mongolia
2022-02-21,1798,Mongolia
2022-02-22,1646,Mongolia
2022-02-23,1081,Mongolia
2022-02-24,1737,Mongolia
2022-02-25,1152,Mongolia
2022-02-26,709,Mongolia
2022-02-27,328,Mongolia
2022-02-28,1222,Mongolia
2022-03-01,998,Mongolia
2022-03-02,806,Mongolia
2022-03-03,774,Mongolia
2022-03-04,628,Mongolia
2022-03-05,248,Mongolia
2022-03-06,422,Mongolia
2022-03-07,411,Mongolia
2022-03-08,350,Mongolia
2022-03-09,520,Mongolia
2022-03-10,539,Mongolia
2022-03-11,376,Mongolia
2022-03-12,231,Mongolia
2022-03-13,129,Mongolia
2022-03-14,218,Mongolia
2022-03-15,252,Mongolia
2022-03-16,347,Mongolia
2022-03-17,95,Mongolia
2022-03-18,451,Mongolia
2022-03-19,39,Mongolia
2022-03-20,0,Mongolia
2022-03-21,193,Mongolia
2022-03-22,173,Mongolia
2022-03-23,55,Mongolia
2022-03-24,103,Mongolia
2022-03-25,73,Mongolia
2022-03-26,25,Mongolia
2022-03-27,1069,Mongolia
2022-03-28,87,Mongolia
2022-03-29,85,Mongolia
2022-03-30,112,Mongolia
2022-03-31,127,Mongolia
2022-04-01,83,Mongolia
2022-04-02,65,Mongolia
2022-04-03,81,Mongolia
2022-04-04,81,Mongolia
2022-04-05,87,Mongolia
2022-04-06,72,Mongolia
2022-04-07,86,Mongolia
2022-04-08,67,Mongolia
2022-04-09,52,Mongolia
2022-04-10,15,Mongolia
2022-04-11,40,Mongolia
2022-04-12,45,Mongolia
2022-04-13,30,Mongolia
2022-04-14,41,Mongolia
2022-04-15,23,Mongolia
2022-04-16,23,Mongolia
2022-04-17,0,Mongolia
2022-04-18,34,Mongolia
2022-04-19,51,Mongolia
2022-04-20,41,Mongolia
2022-04-21,29,Mongolia
2022-04-22,30,Mongolia
2022-04-23,30,Mongolia
2022-04-24,15,Mongolia
2022-04-25,50,Mongolia
2022-04-26,67,Mongolia
2022-04-27,42,Mongolia
2022-04-28,76,Mongolia
2022-04-29,110,Mongolia
2022-04-30,0,Mongolia
2022-05-01,644,Mongolia
2022-05-02,0,Mongolia
2022-05-03,0,Mongolia
2022-05-04,0,Mongolia
2022-05-05,0,Mongolia
2022-05-06,0,Mongolia
2022-05-07,0,Mongolia
2022-05-08,802,Mongolia
2022-05-09,0,Mongolia
2022-05-10,0,Mongolia
2022-05-11,0,Mongolia
2022-05-12,0,Mongolia
2022-05-13,0,Mongolia
2022-05-14,0,Mongolia
2022-05-15,0,Mongolia
2022-05-16,0,Mongolia
2022-05-17,1808,Mongolia
2022-05-18,0,Mongolia
2022-05-19,0,Mongolia
2022-05-20,0,Mongolia
2022-05-21,0,Mongolia
2022-05-22,0,Mongolia
2022-05-23,0,Mongolia
2022-05-24,0,Mongolia
2022-05-25,0,Mongolia
2022-05-26,0,Mongolia
2022-05-27,0,Mongolia
2022-05-28,1038,Mongolia
2022-05-29,0,Mongolia
2022-05-30,0,Mongolia
2022-05-31,0,Mongolia
2022-06-01,76,Mongolia
2022-06-02,78,Mongolia
2022-06-03,206,Mongolia
2022-06-04,849,Mongolia
2022-06-05,990,Mongolia
2022-06-06,0,Mongolia
2022-06-07,0,Mongolia
2022-06-08,0,Mongolia
2022-06-09,0,Mongolia
2022-06-10,0,Mongolia
2022-06-11,0,Mongolia
2022-06-12,741,Mongolia
2022-06-13,0,Mongolia
2022-06-14,0,Mongolia
2022-06-15,0,Mongolia
2022-06-16,0,Mongolia
2022-06-17,0,Mongolia
2022-06-18,573,Mongolia
2022-06-19,0,Mongolia
2022-06-20,0,Mongolia
2022-06-21,0,Mongolia
2022-06-22,0,Mongolia
2022-06-23,0,Mongolia
2022-06-24,0,Mongolia
2022-06-25,0,Mongolia
2022-06-26,0,Mongolia
2022-06-27,0,Mongolia
2022-06-28,0,Mongolia
2022-06-29,0,Mongolia
2022-06-30,292,Mongolia
2022-07-01,103,Mongolia
2022-07-02,0,Mongolia
2022-07-03,0,Mongolia
2022-07-04,0,Mongolia
2022-07-05,330,Mongolia
2022-07-06,173,Mongolia
2022-07-07,59,Mongolia
2022-07-08,110,Mongolia
2022-07-09,0,Mongolia
2022-07-10,0,Mongolia
2022-07-11,496,Mongolia
2022-07-12,114,Mongolia
2022-07-13,79,Mongolia
2022-07-14,182,Mongolia
2022-07-15,153,Mongolia
2022-07-16,0,Mongolia
2022-07-17,0,Mongolia
2022-07-18,483,Mongolia
2022-07-19,898,Mongolia
2022-07-20,1976,Mongolia
2022-07-21,323,Mongolia
2022-07-22,0,Mongolia
2022-07-23,1003,Mongolia
2022-07-24,2383,Mongolia
2022-07-25,228,Mongolia
2022-07-26,692,Mongolia
2022-07-27,3190,Mongolia
2022-07-28,1462,Mongolia
2022-07-29,375,Mongolia
2022-07-30,0,Mongolia
2022-07-31,3332,Mongolia
2022-08-01,1060,Mongolia
2022-08-02,3287,Mongolia
2022-08-03,366,Mongolia
2022-08-04,2570,Mongolia
2022-08-05,0,Mongolia
2022-08-06,0,Mongolia
2022-08-07,6687,Mongolia
2022-08-08,1140,Mongolia
2022-08-09,362,Mongolia
2022-08-10,2155,Mongolia
2022-08-11,1774,Mongolia
2022-08-12,0,Mongolia
2022-08-13,0,Mongolia
2022-08-14,0,Mongolia
2022-08-15,4111,Mongolia
2022-08-16,748,Mongolia
2022-08-17,1161,Mongolia
2022-08-18,829,Mongolia
2022-08-19,961,Mongolia
2022-08-20,0,Mongolia
2022-08-21,0,Mongolia
2022-08-22,1784,Mongolia
2022-08-23,636,Mongolia
2022-08-24,98,Mongolia
2022-08-25,0,Mongolia
2022-08-26,0,Mongolia
2022-08-27,505,Mongolia
2022-08-28,0,Mongolia
2022-08-29,1493,Mongolia
2022-08-30,211,Mongolia
2022-08-31,218,Mongolia
2022-09-01,207,Mongolia
2022-09-02,259,Mongolia
2022-09-03,0,Mongolia
2022-09-04,0,Mongolia
2022-09-05,741,Mongolia
2022-09-06,57,Mongolia
2022-09-07,78,Mongolia
2022-09-08,117,Mongolia
2022-09-09,0,Mongolia
2022-09-10,0,Mongolia
2022-09-11,513,Mongolia
2022-09-12,221,Mongolia
2022-09-13,192,Mongolia
2022-09-14,358,Mongolia
2022-09-15,0,Mongolia
2022-09-16,42,Mongolia
2022-09-17,344,Mongolia
2022-09-18,0,Mongolia
2022-09-19,0,Mongolia
2022-09-20,110,Mongolia
2022-09-21,61,Mongolia
2022-09-22,36,Mongolia
2022-09-23,37,Mongolia
2022-09-24,56,Mongolia
2022-09-25,93,Mongolia
2022-09-26,26,Mongolia
2022-09-27,81,Mongolia
2022-09-28,57,Mongolia
2022-09-29,16,Mongolia
2022-09-30,75,Mongolia
2022-10-01,49,Mongolia
2022-10-02,0,Mongolia
2022-10-03,271,Mongolia
2022-10-04,59,Mongolia
2022-10-05,96,Mongolia
2022-10-06,16,Mongolia
2022-10-07,164,Mongolia
2022-10-08,0,Mongolia
2022-10-09,0,Mongolia
2022-10-10,168,Mongolia
2022-10-11,67,Mongolia
2022-10-12,51,Mongolia
2022-10-13,62,Mongolia
2022-10-14,30,Mongolia
2022-10-15,0,Mongolia
2022-10-16,0,Mongolia
2022-10-17,121,Mongolia
2022-10-18,35,Mongolia
2022-10-19,40,Mongolia
2022-10-20,69,Mongolia
2020-03-02,0,Myanmar
2020-03-03,0,Myanmar
2020-03-04,0,Myanmar
2020-03-05,0,Myanmar
2020-03-06,0,Myanmar
2020-03-07,0,Myanmar
2020-03-08,0,Myanmar
2020-03-09,0,Myanmar
2020-03-10,0,Myanmar
2020-03-11,0,Myanmar
2020-03-12,0,Myanmar
2020-03-13,0,Myanmar
2020-03-14,0,Myanmar
2020-03-15,0,Myanmar
2020-03-16,0,Myanmar
2020-03-17,0,Myanmar
2020-03-18,0,Myanmar
2020-03-19,0,Myanmar
2020-03-20,0,Myanmar
2020-03-21,0,Myanmar
2020-03-22,0,Myanmar
2020-03-23,0,Myanmar
2020-03-24,2,Myanmar
2020-03-25,1,Myanmar
2020-03-26,0,Myanmar
2020-03-27,2,Myanmar
2020-03-28,3,Myanmar
2020-03-29,0,Myanmar
2020-03-30,2,Myanmar
2020-03-31,4,Myanmar
2020-04-01,1,Myanmar
2020-04-02,1,Myanmar
2020-04-03,4,Myanmar
2020-04-04,1,Myanmar
2020-04-05,0,Myanmar
2020-04-06,0,Myanmar
2020-04-07,1,Myanmar
2020-04-08,0,Myanmar
2020-04-09,0,Myanmar
2020-04-10,5,Myanmar
2020-04-11,1,Myanmar
2020-04-12,10,Myanmar
2020-04-13,3,Myanmar
2020-04-14,21,Myanmar
2020-04-15,12,Myanmar
2020-04-16,11,Myanmar
2020-04-17,0,Myanmar
2020-04-18,9,Myanmar
2020-04-19,13,Myanmar
2020-04-20,4,Myanmar
2020-04-21,8,Myanmar
2020-04-22,2,Myanmar
2020-04-23,6,Myanmar
2020-04-24,12,Myanmar
2020-04-25,5,Myanmar
2020-04-26,2,Myanmar
2020-04-27,0,Myanmar
2020-04-28,0,Myanmar
2020-04-29,4,Myanmar
2020-04-30,0,Myanmar
2020-05-01,1,Myanmar
2020-05-02,0,Myanmar
2020-05-03,0,Myanmar
2020-05-04,10,Myanmar
2020-05-05,0,Myanmar
2020-05-06,0,Myanmar
2020-05-07,1,Myanmar
2020-05-08,14,Myanmar
2020-05-09,1,Myanmar
2020-05-10,1,Myanmar
2020-05-11,2,Myanmar
2020-05-12,0,Myanmar
2020-05-13,0,Myanmar
2020-05-14,1,Myanmar
2020-05-15,0,Myanmar
2020-05-16,1,Myanmar
2020-05-17,2,Myanmar
2020-05-18,4,Myanmar
2020-05-19,5,Myanmar
2020-05-20,6,Myanmar
2020-05-21,0,Myanmar
2020-05-22,0,Myanmar
2020-05-23,2,Myanmar
2020-05-24,0,Myanmar
2020-05-25,2,Myanmar
2020-05-26,3,Myanmar
2020-05-27,0,Myanmar
2020-05-28,0,Myanmar
2020-05-29,1,Myanmar
2020-05-30,17,Myanmar
2020-05-31,0,Myanmar
2020-06-01,4,Myanmar
2020-06-02,4,Myanmar
2020-06-03,1,Myanmar
2020-06-04,1,Myanmar
2020-06-05,2,Myanmar
2020-06-06,4,Myanmar
2020-06-07,2,Myanmar
2020-06-08,1,Myanmar
2020-06-09,3,Myanmar
2020-06-10,2,Myanmar
2020-06-11,12,Myanmar
2020-06-12,1,Myanmar
2020-06-13,0,Myanmar
2020-06-14,0,Myanmar
2020-06-15,1,Myanmar
2020-06-16,0,Myanmar
2020-06-17,0,Myanmar
2020-06-18,1,Myanmar
2020-06-19,23,Myanmar
2020-06-20,0,Myanmar
2020-06-21,4,Myanmar
2020-06-22,0,Myanmar
2020-06-23,2,Myanmar
2020-06-24,1,Myanmar
2020-06-25,0,Myanmar
2020-06-26,0,Myanmar
2020-06-27,0,Myanmar
2020-06-28,6,Myanmar
2020-06-29,0,Myanmar
2020-06-30,0,Myanmar
2020-07-01,4,Myanmar
2020-07-02,1,Myanmar
2020-07-03,2,Myanmar
2020-07-04,7,Myanmar
2020-07-05,0,Myanmar
2020-07-06,3,Myanmar
2020-07-07,0,Myanmar
2020-07-08,1,Myanmar
2020-07-09,4,Myanmar
2020-07-10,5,Myanmar
2020-07-11,4,Myanmar
2020-07-12,1,Myanmar
2020-07-13,5,Myanmar
2020-07-14,1,Myanmar
2020-07-15,0,Myanmar
2020-07-16,2,Myanmar
2020-07-17,0,Myanmar
2020-07-18,1,Myanmar
2020-07-19,1,Myanmar
2020-07-20,0,Myanmar
2020-07-21,0,Myanmar
2020-07-22,2,Myanmar
2020-07-23,0,Myanmar
2020-07-24,3,Myanmar
2020-07-25,2,Myanmar
2020-07-26,2,Myanmar
2020-07-27,0,Myanmar
2020-07-28,0,Myanmar
2020-07-29,1,Myanmar
2020-07-30,2,Myanmar
2020-07-31,0,Myanmar
2020-08-01,0,Myanmar
2020-08-02,0,Myanmar
2020-08-03,2,Myanmar
2020-08-04,0,Myanmar
2020-08-05,2,Myanmar
2020-08-06,0,Myanmar
2020-08-07,2,Myanmar
2020-08-08,0,Myanmar
2020-08-09,1,Myanmar
2020-08-10,0,Myanmar
2020-08-11,0,Myanmar
2020-08-12,0,Myanmar
2020-08-13,1,Myanmar
2020-08-14,8,Myanmar
2020-08-15,5,Myanmar
2020-08-16,0,Myanmar
2020-08-17,1,Myanmar
2020-08-18,1,Myanmar
2020-08-19,3,Myanmar
2020-08-20,17,Myanmar
2020-08-21,13,Myanmar
2020-08-22,26,Myanmar
2020-08-23,9,Myanmar
2020-08-24,19,Myanmar
2020-08-25,11,Myanmar
2020-08-26,106,Myanmar
2020-08-27,6,Myanmar
2020-08-28,42,Myanmar
2020-08-29,105,Myanmar
2020-08-30,42,Myanmar
2020-08-31,107,Myanmar
2020-09-01,37,Myanmar
2020-09-02,76,Myanmar
2020-09-03,63,Myanmar
2020-09-04,75,Myanmar
2020-09-05,120,Myanmar
2020-09-06,166,Myanmar
2020-09-07,45,Myanmar
2020-09-08,146,Myanmar
2020-09-09,197,Myanmar
2020-09-10,202,Myanmar
2020-09-11,256,Myanmar
2020-09-12,330,Myanmar
2020-09-13,337,Myanmar
2020-09-14,263,Myanmar
2020-09-15,104,Myanmar
2020-09-16,337,Myanmar
2020-09-17,258,Myanmar
2020-09-18,405,Myanmar
2020-09-19,322,Myanmar
2020-09-20,642,Myanmar
2020-09-21,542,Myanmar
2020-09-22,666,Myanmar
2020-09-23,689,Myanmar
2020-09-24,667,Myanmar
2020-09-25,688,Myanmar
2020-09-26,597,Myanmar
2020-09-27,879,Myanmar
2020-09-28,743,Myanmar
2020-09-29,897,Myanmar
2020-09-30,794,Myanmar
2020-10-01,948,Myanmar
2020-10-02,1010,Myanmar
2020-10-03,1142,Myanmar
2020-10-04,978,Myanmar
2020-10-05,1291,Myanmar
2020-10-06,987,Myanmar
2020-10-07,1252,Myanmar
2020-10-08,1400,Myanmar
2020-10-09,1012,Myanmar
2020-10-10,1461,Myanmar
2020-10-11,2158,Myanmar
2020-10-12,1910,Myanmar
2020-10-13,1340,Myanmar
2020-10-14,1123,Myanmar
2020-10-15,888,Myanmar
2020-10-16,1026,Myanmar
2020-10-17,1137,Myanmar
2020-10-18,1387,Myanmar
2020-10-19,1150,Myanmar
2020-10-20,1180,Myanmar
2020-10-21,1297,Myanmar
2020-10-22,1194,Myanmar
2020-10-23,1312,Myanmar
2020-10-24,1357,Myanmar
2020-10-25,1423,Myanmar
2020-10-26,986,Myanmar
2020-10-27,1426,Myanmar
2020-10-28,1466,Myanmar
2020-10-29,1406,Myanmar
2020-10-30,1331,Myanmar
2020-10-31,1093,Myanmar
2020-11-01,1210,Myanmar
2020-11-02,699,Myanmar
2020-11-03,1202,Myanmar
2020-11-04,1197,Myanmar
2020-11-05,1136,Myanmar
2020-11-06,995,Myanmar
2020-11-07,1342,Myanmar
2020-11-08,1071,Myanmar
2020-11-09,1029,Myanmar
2020-11-10,598,Myanmar
2020-11-11,1266,Myanmar
2020-11-12,1212,Myanmar
2020-11-13,1145,Myanmar
2020-11-14,1136,Myanmar
2020-11-15,1144,Myanmar
2020-11-16,1116,Myanmar
2020-11-17,1167,Myanmar
2020-11-18,1569,Myanmar
2020-11-19,1592,Myanmar
2020-11-20,1560,Myanmar
2020-11-21,1532,Myanmar
2020-11-22,1434,Myanmar
2020-11-23,1398,Myanmar
2020-11-24,1259,Myanmar
2020-11-25,1731,Myanmar
2020-11-26,1330,Myanmar
2020-11-27,1639,Myanmar
2020-11-28,1428,Myanmar
2020-11-29,1344,Myanmar
2020-11-30,1509,Myanmar
2020-12-01,1227,Myanmar
2020-12-02,1476,Myanmar
2020-12-03,1411,Myanmar
2020-12-04,1418,Myanmar
2020-12-05,1502,Myanmar
2020-12-06,1527,Myanmar
2020-12-07,1108,Myanmar
2020-12-08,1276,Myanmar
2020-12-09,1308,Myanmar
2020-12-10,1427,Myanmar
2020-12-11,1321,Myanmar
2020-12-12,1376,Myanmar
2020-12-13,1352,Myanmar
2020-12-14,1127,Myanmar
2020-12-15,1170,Myanmar
2020-12-16,1155,Myanmar
2020-12-17,1233,Myanmar
2020-12-18,1182,Myanmar
2020-12-19,1116,Myanmar
2020-12-20,989,Myanmar
2020-12-21,947,Myanmar
2020-12-22,848,Myanmar
2020-12-23,964,Myanmar
2020-12-24,923,Myanmar
2020-12-25,919,Myanmar
2020-12-26,1492,Myanmar
2020-12-27,606,Myanmar
2020-12-28,648,Myanmar
2020-12-29,619,Myanmar
2020-12-30,587,Myanmar
2020-12-31,890,Myanmar
2021-01-01,423,Myanmar
2021-01-02,563,Myanmar
2021-01-03,729,Myanmar
2021-01-04,590,Myanmar
2021-01-05,647,Myanmar
2021-01-06,596,Myanmar
2021-01-07,594,Myanmar
2021-01-08,711,Myanmar
2021-01-09,566,Myanmar
2021-01-10,555,Myanmar
2021-01-11,582,Myanmar
2021-01-12,551,Myanmar
2021-01-13,523,Myanmar
2021-01-14,605,Myanmar
2021-01-15,513,Myanmar
2021-01-16,491,Myanmar
2021-01-17,449,Myanmar
2021-01-18,477,Myanmar
2021-01-19,448,Myanmar
2021-01-20,478,Myanmar
2021-01-21,445,Myanmar
2021-01-22,425,Myanmar
2021-01-23,507,Myanmar
2021-01-24,476,Myanmar
2021-01-25,383,Myanmar
2021-01-26,411,Myanmar
2021-01-27,434,Myanmar
2021-01-28,350,Myanmar
2021-01-29,363,Myanmar
2021-01-30,349,Myanmar
2021-01-31,281,Myanmar
2021-02-01,209,Myanmar
2021-02-02,310,Myanmar
2021-02-03,263,Myanmar
2021-02-04,177,Myanmar
2021-02-05,200,Myanmar
2021-02-06,0,Myanmar
2021-02-07,0,Myanmar
2021-02-08,123,Myanmar
2021-02-09,21,Myanmar
2021-02-10,39,Myanmar
2021-02-11,35,Myanmar
2021-02-12,21,Myanmar
2021-02-13,42,Myanmar
2021-02-14,16,Myanmar
2021-02-15,36,Myanmar
2021-02-16,22,Myanmar
2021-02-17,31,Myanmar
2021-02-18,19,Myanmar
2021-02-19,0,Myanmar
2021-02-20,26,Myanmar
2021-02-21,15,Myanmar
2021-02-22,11,Myanmar
2021-02-23,22,Myanmar
2021-02-24,33,Myanmar
2021-02-25,25,Myanmar
2021-02-26,34,Myanmar
2021-02-27,15,Myanmar
2021-02-28,6,Myanmar
2021-03-01,20,Myanmar
2021-03-02,49,Myanmar
2021-03-03,19,Myanmar
2021-03-04,16,Myanmar
2021-03-05,0,Myanmar
2021-03-06,23,Myanmar
2021-03-07,11,Myanmar
2021-03-08,11,Myanmar
2021-03-09,14,Myanmar
2021-03-10,14,Myanmar
2021-03-11,41,Myanmar
2021-03-12,8,Myanmar
2021-03-13,14,Myanmar
2021-03-14,11,Myanmar
2021-03-15,0,Myanmar
2021-03-16,15,Myanmar
2021-03-17,28,Myanmar
2021-03-18,22,Myanmar
2021-03-19,0,Myanmar
2021-03-20,0,Myanmar
2021-03-21,0,Myanmar
2021-03-22,34,Myanmar
2021-03-23,46,Myanmar
2021-03-24,23,Myanmar
2021-03-25,25,Myanmar
2021-03-26,19,Myanmar
2021-03-27,18,Myanmar
2021-03-28,8,Myanmar
2021-03-29,8,Myanmar
2021-03-30,19,Myanmar
2021-03-31,22,Myanmar
2021-04-01,32,Myanmar
2021-04-02,13,Myanmar
2021-04-03,18,Myanmar
2021-04-04,14,Myanmar
2021-04-05,19,Myanmar
2021-04-06,11,Myanmar
2021-04-07,8,Myanmar
2021-04-08,9,Myanmar
2021-04-09,14,Myanmar
2021-04-10,4,Myanmar
2021-04-11,11,Myanmar
2021-04-12,9,Myanmar
2021-04-13,9,Myanmar
2021-04-14,5,Myanmar
2021-04-15,7,Myanmar
2021-04-16,2,Myanmar
2021-04-17,9,Myanmar
2021-04-18,16,Myanmar
2021-04-19,0,Myanmar
2021-04-20,0,Myanmar
2021-04-21,17,Myanmar
2021-04-22,13,Myanmar
2021-04-23,13,Myanmar
2021-04-24,17,Myanmar
2021-04-25,18,Myanmar
2021-04-26,18,Myanmar
2021-04-27,38,Myanmar
2021-04-28,12,Myanmar
2021-04-29,10,Myanmar
2021-04-30,17,Myanmar
2021-05-01,14,Myanmar
2021-05-02,7,Myanmar
2021-05-03,4,Myanmar
2021-05-04,16,Myanmar
2021-05-05,16,Myanmar
2021-05-06,29,Myanmar
2021-05-07,31,Myanmar
2021-05-08,13,Myanmar
2021-05-09,7,Myanmar
2021-05-10,9,Myanmar
2021-05-11,11,Myanmar
2021-05-12,23,Myanmar
2021-05-13,7,Myanmar
2021-05-14,31,Myanmar
2021-05-15,24,Myanmar
2021-05-16,6,Myanmar
2021-05-17,32,Myanmar
2021-05-18,34,Myanmar
2021-05-19,28,Myanmar
2021-05-20,24,Myanmar
2021-05-21,28,Myanmar
2021-05-22,17,Myanmar
2021-05-23,6,Myanmar
2021-05-24,28,Myanmar
2021-05-25,34,Myanmar
2021-05-26,22,Myanmar
2021-05-27,96,Myanmar
2021-05-28,72,Myanmar
2021-05-29,40,Myanmar
2021-05-30,45,Myanmar
2021-05-31,58,Myanmar
2021-06-01,122,Myanmar
2021-06-02,72,Myanmar
2021-06-03,122,Myanmar
2021-06-04,212,Myanmar
2021-06-05,96,Myanmar
2021-06-06,64,Myanmar
2021-06-07,139,Myanmar
2021-06-08,123,Myanmar
2021-06-09,136,Myanmar
2021-06-10,161,Myanmar
2021-06-11,188,Myanmar
2021-06-12,166,Myanmar
2021-06-13,373,Myanmar
2021-06-14,223,Myanmar
2021-06-15,225,Myanmar
2021-06-16,355,Myanmar
2021-06-17,362,Myanmar
2021-06-18,301,Myanmar
2021-06-19,546,Myanmar
2021-06-20,407,Myanmar
2021-06-21,595,Myanmar
2021-06-22,630,Myanmar
2021-06-23,680,Myanmar
2021-06-24,787,Myanmar
2021-06-25,859,Myanmar
2021-06-26,783,Myanmar
2021-06-27,804,Myanmar
2021-06-28,1225,Myanmar
2021-06-29,1312,Myanmar
2021-06-30,1580,Myanmar
2021-07-01,2070,Myanmar
2021-07-02,1863,Myanmar
2021-07-03,1877,Myanmar
2021-07-04,2318,Myanmar
2021-07-05,2969,Myanmar
2021-07-06,3602,Myanmar
2021-07-07,3947,Myanmar
2021-07-08,4132,Myanmar
2021-07-09,4320,Myanmar
2021-07-10,4377,Myanmar
2021-07-11,3461,Myanmar
2021-07-12,5014,Myanmar
2021-07-13,4047,Myanmar
2021-07-14,7083,Myanmar
2021-07-15,4188,Myanmar
2021-07-16,6194,Myanmar
2021-07-17,5497,Myanmar
2021-07-18,5285,Myanmar
2021-07-19,5189,Myanmar
2021-07-20,5860,Myanmar
2021-07-21,6093,Myanmar
2021-07-22,6701,Myanmar
2021-07-23,5506,Myanmar
2021-07-24,5657,Myanmar
2021-07-25,4998,Myanmar
2021-07-26,4630,Myanmar
2021-07-27,4964,Myanmar
2021-07-28,4980,Myanmar
2021-07-29,5234,Myanmar
2021-07-30,5127,Myanmar
2021-07-31,4725,Myanmar
2021-08-01,3480,Myanmar
2021-08-02,3689,Myanmar
2021-08-03,4713,Myanmar
2021-08-04,4051,Myanmar
2021-08-05,4132,Myanmar
2021-08-06,3588,Myanmar
2021-08-07,3651,Myanmar
2021-08-08,3027,Myanmar
2021-08-09,3611,Myanmar
2021-08-10,4434,Myanmar
2021-08-11,3739,Myanmar
2021-08-12,3430,Myanmar
2021-08-13,3456,Myanmar
2021-08-14,3419,Myanmar
2021-08-15,2674,Myanmar
2021-08-16,2706,Myanmar
2021-08-17,3306,Myanmar
2021-08-18,2878,Myanmar
2021-08-19,2590,Myanmar
2021-08-20,3009,Myanmar
2021-08-21,2744,Myanmar
2021-08-22,2173,Myanmar
2021-08-23,2186,Myanmar
2021-08-24,2506,Myanmar
2021-08-25,2502,Myanmar
2021-08-26,2635,Myanmar
2021-08-27,2688,Myanmar
2021-08-28,2932,Myanmar
2021-08-29,3166,Myanmar
2021-08-30,3583,Myanmar
2021-08-31,3399,Myanmar
2021-09-01,3358,Myanmar
2021-09-02,3459,Myanmar
2021-09-03,3410,Myanmar
2021-09-04,3078,Myanmar
2021-09-05,2829,Myanmar
2021-09-06,2555,Myanmar
2021-09-07,2431,Myanmar
2021-09-08,2702,Myanmar
2021-09-09,2310,Myanmar
2021-09-10,2102,Myanmar
2021-09-11,2364,Myanmar
2021-09-12,1953,Myanmar
2021-09-13,2273,Myanmar
2021-09-14,2421,Myanmar
2021-09-15,2424,Myanmar
2021-09-16,1790,Myanmar
2021-09-17,2187,Myanmar
2021-09-18,1943,Myanmar
2021-09-19,1702,Myanmar
2021-09-20,1585,Myanmar
2021-09-21,1687,Myanmar
2021-09-22,1818,Myanmar
2021-09-23,1744,Myanmar
2021-09-24,1667,Myanmar
2021-09-25,1546,Myanmar
2021-09-26,1534,Myanmar
2021-09-27,1282,Myanmar
2021-09-28,1630,Myanmar
2021-09-29,1542,Myanmar
2021-09-30,1468,Myanmar
2021-10-01,1846,Myanmar
2021-10-02,1347,Myanmar
2021-10-03,1194,Myanmar
2021-10-04,1319,Myanmar
2021-10-05,1526,Myanmar
2021-10-06,1717,Myanmar
2021-10-07,1394,Myanmar
2021-10-08,1466,Myanmar
2021-10-09,1448,Myanmar
2021-10-10,1318,Myanmar
2021-10-11,1197,Myanmar
2021-10-12,1382,Myanmar
2021-10-13,1573,Myanmar
2021-10-14,1514,Myanmar
2021-10-15,1329,Myanmar
2021-10-16,1205,Myanmar
2021-10-17,1002,Myanmar
2021-10-18,1022,Myanmar
2021-10-19,1133,Myanmar
2021-10-20,893,Myanmar
2021-10-21,683,Myanmar
2021-10-22,925,Myanmar
2021-10-23,1067,Myanmar
2021-10-24,687,Myanmar
2021-10-25,711,Myanmar
2021-10-26,924,Myanmar
2021-10-27,1003,Myanmar
2021-10-28,799,Myanmar
2021-10-29,905,Myanmar
2021-10-30,716,Myanmar
2021-10-31,752,Myanmar
2021-11-01,877,Myanmar
2021-11-02,1074,Myanmar
2021-11-03,955,Myanmar
2021-11-04,1002,Myanmar
2021-11-05,1057,Myanmar
2021-11-06,960,Myanmar
2021-11-07,818,Myanmar
2021-11-08,999,Myanmar
2021-11-09,776,Myanmar
2021-11-10,1180,Myanmar
2021-11-11,954,Myanmar
2021-11-12,992,Myanmar
2021-11-13,831,Myanmar
2021-11-14,714,Myanmar
2021-11-15,700,Myanmar
2021-11-16,754,Myanmar
2021-11-17,843,Myanmar
2021-11-18,587,Myanmar
2021-11-19,624,Myanmar
2021-11-20,625,Myanmar
2021-11-21,527,Myanmar
2021-11-22,549,Myanmar
2021-11-23,631,Myanmar
2021-11-24,629,Myanmar
2021-11-25,482,Myanmar
2021-11-26,493,Myanmar
2021-11-27,505,Myanmar
2021-11-28,350,Myanmar
2021-11-29,370,Myanmar
2021-11-30,471,Myanmar
2021-12-01,423,Myanmar
2021-12-02,521,Myanmar
2021-12-03,402,Myanmar
2021-12-04,374,Myanmar
2021-12-05,285,Myanmar
2021-12-06,231,Myanmar
2021-12-07,367,Myanmar
2021-12-08,398,Myanmar
2021-12-09,347,Myanmar
2021-12-10,274,Myanmar
2021-12-11,357,Myanmar
2021-12-12,280,Myanmar
2021-12-13,250,Myanmar
2021-12-14,363,Myanmar
2021-12-15,229,Myanmar
2021-12-16,211,Myanmar
2021-12-17,217,Myanmar
2021-12-18,170,Myanmar
2021-12-19,152,Myanmar
2021-12-20,127,Myanmar
2021-12-21,259,Myanmar
2021-12-22,199,Myanmar
2021-12-23,276,Myanmar
2021-12-24,213,Myanmar
2021-12-25,176,Myanmar
2021-12-26,110,Myanmar
2021-12-27,200,Myanmar
2021-12-28,187,Myanmar
2021-12-29,272,Myanmar
2021-12-30,373,Myanmar
2021-12-31,189,Myanmar
2022-01-01,112,Myanmar
2022-01-02,79,Myanmar
2022-01-03,130,Myanmar
2022-01-04,144,Myanmar
2022-01-05,133,Myanmar
2022-01-06,192,Myanmar
2022-01-07,177,Myanmar
2022-01-08,124,Myanmar
2022-01-09,137,Myanmar
2022-01-10,105,Myanmar
2022-01-11,235,Myanmar
2022-01-12,151,Myanmar
2022-01-13,172,Myanmar
2022-01-14,126,Myanmar
2022-01-15,170,Myanmar
2022-01-16,123,Myanmar
2022-01-17,101,Myanmar
2022-01-18,163,Myanmar
2022-01-19,196,Myanmar
2022-01-20,128,Myanmar
2022-01-21,83,Myanmar
2022-01-22,144,Myanmar
2022-01-23,112,Myanmar
2022-01-24,92,Myanmar
2022-01-25,220,Myanmar
2022-01-26,120,Myanmar
2022-01-27,168,Myanmar
2022-01-28,237,Myanmar
2022-01-29,172,Myanmar
2022-01-30,174,Myanmar
2022-01-31,278,Myanmar
2022-02-01,861,Myanmar
2022-02-02,143,Myanmar
2022-02-03,368,Myanmar
2022-02-04,319,Myanmar
2022-02-05,346,Myanmar
2022-02-06,332,Myanmar
2022-02-07,508,Myanmar
2022-02-08,1145,Myanmar
2022-02-09,1043,Myanmar
2022-02-10,1307,Myanmar
2022-02-11,1607,Myanmar
2022-02-12,1787,Myanmar
2022-02-13,1473,Myanmar
2022-02-14,1586,Myanmar
2022-02-15,2467,Myanmar
2022-02-16,2740,Myanmar
2022-02-17,2692,Myanmar
2022-02-18,3058,Myanmar
2022-02-19,3050,Myanmar
2022-02-20,3303,Myanmar
2022-02-21,2897,Myanmar
2022-02-22,3563,Myanmar
2022-02-23,3381,Myanmar
2022-02-24,2938,Myanmar
2022-02-25,3391,Myanmar
2022-02-26,2402,Myanmar
2022-02-27,1959,Myanmar
2022-02-28,1693,Myanmar
2022-03-01,2346,Myanmar
2022-03-02,1902,Myanmar
2022-03-03,1819,Myanmar
2022-03-04,1863,Myanmar
2022-03-05,1596,Myanmar
2022-03-06,1029,Myanmar
2022-03-07,1173,Myanmar
2022-03-08,1401,Myanmar
2022-03-09,1301,Myanmar
2022-03-10,942,Myanmar
2022-03-11,956,Myanmar
2022-03-12,641,Myanmar
2022-03-13,487,Myanmar
2022-03-14,880,Myanmar
2022-03-15,683,Myanmar
2022-03-16,489,Myanmar
2022-03-17,445,Myanmar
2022-03-18,540,Myanmar
2022-03-19,379,Myanmar
2022-03-20,227,Myanmar
2022-03-21,298,Myanmar
2022-03-22,360,Myanmar
2022-03-23,267,Myanmar
2022-03-24,261,Myanmar
2022-03-25,317,Myanmar
2022-03-26,235,Myanmar
2022-03-27,130,Myanmar
2022-03-28,163,Myanmar
2022-03-29,254,Myanmar
2022-03-30,173,Myanmar
2022-03-31,139,Myanmar
2022-04-01,87,Myanmar
2022-04-02,135,Myanmar
2022-04-03,66,Myanmar
2022-04-04,51,Myanmar
2022-04-05,58,Myanmar
2022-04-06,95,Myanmar
2022-04-07,53,Myanmar
2022-04-08,92,Myanmar
2022-04-09,54,Myanmar
2022-04-10,63,Myanmar
2022-04-11,42,Myanmar
2022-04-12,23,Myanmar
2022-04-13,54,Myanmar
2022-04-14,20,Myanmar
2022-04-15,47,Myanmar
2022-04-16,18,Myanmar
2022-04-17,20,Myanmar
2022-04-18,37,Myanmar
2022-04-19,56,Myanmar
2022-04-20,19,Myanmar
2022-04-21,20,Myanmar
2022-04-22,17,Myanmar
2022-04-23,19,Myanmar
2022-04-24,16,Myanmar
2022-04-25,21,Myanmar
2022-04-26,15,Myanmar
2022-04-27,17,Myanmar
2022-04-28,41,Myanmar
2022-04-29,21,Myanmar
2022-04-30,19,Myanmar
2022-05-01,17,Myanmar
2022-05-02,14,Myanmar
2022-05-03,10,Myanmar
2022-05-04,41,Myanmar
2022-05-05,0,Myanmar
2022-05-06,52,Myanmar
2022-05-07,36,Myanmar
2022-05-08,0,Myanmar
2022-05-09,3,Myanmar
2022-05-10,10,Myanmar
2022-05-11,22,Myanmar
2022-05-12,0,Myanmar
2022-05-13,28,Myanmar
2022-05-14,20,Myanmar
2022-05-15,4,Myanmar
2022-05-16,4,Myanmar
2022-05-17,24,Myanmar
2022-05-18,14,Myanmar
2022-05-19,4,Myanmar
2022-05-20,17,Myanmar
2022-05-21,16,Myanmar
2022-05-22,3,Myanmar
2022-05-23,5,Myanmar
2022-05-24,11,Myanmar
2022-05-25,18,Myanmar
2022-05-26,4,Myanmar
2022-05-27,38,Myanmar
2022-05-28,0,Myanmar
2022-05-29,17,Myanmar
2022-05-30,11,Myanmar
2022-05-31,10,Myanmar
2022-06-01,12,Myanmar
2022-06-02,7,Myanmar
2022-06-03,15,Myanmar
2022-06-04,11,Myanmar
2022-06-05,1,Myanmar
2022-06-06,5,Myanmar
2022-06-07,10,Myanmar
2022-06-08,8,Myanmar
2022-06-09,10,Myanmar
2022-06-10,12,Myanmar
2022-06-11,13,Myanmar
2022-06-12,3,Myanmar
2022-06-13,9,Myanmar
2022-06-14,8,Myanmar
2022-06-15,4,Myanmar
2022-06-16,3,Myanmar
2022-06-17,0,Myanmar
2022-06-18,18,Myanmar
2022-06-19,5,Myanmar
2022-06-20,4,Myanmar
2022-06-21,14,Myanmar
2022-06-22,13,Myanmar
2022-06-23,11,Myanmar
2022-06-24,6,Myanmar
2022-06-25,15,Myanmar
2022-06-26,3,Myanmar
2022-06-27,12,Myanmar
2022-06-28,9,Myanmar
2022-06-29,6,Myanmar
2022-06-30,13,Myanmar
2022-07-01,32,Myanmar
2022-07-02,14,Myanmar
2022-07-03,6,Myanmar
2022-07-04,11,Myanmar
2022-07-05,13,Myanmar
2022-07-06,11,Myanmar
2022-07-07,12,Myanmar
2022-07-08,16,Myanmar
2022-07-09,16,Myanmar
2022-07-10,9,Myanmar
2022-07-11,15,Myanmar
2022-07-12,9,Myanmar
2022-07-13,13,Myanmar
2022-07-14,11,Myanmar
2022-07-15,14,Myanmar
2022-07-16,11,Myanmar
2022-07-17,7,Myanmar
2022-07-18,22,Myanmar
2022-07-19,17,Myanmar
2022-07-20,16,Myanmar
2022-07-21,16,Myanmar
2022-07-22,10,Myanmar
2022-07-23,43,Myanmar
2022-07-24,11,Myanmar
2022-07-25,15,Myanmar
2022-07-26,14,Myanmar
2022-07-27,11,Myanmar
2022-07-28,18,Myanmar
2022-07-29,34,Myanmar
2022-07-30,40,Myanmar
2022-07-31,9,Myanmar
2022-08-01,21,Myanmar
2022-08-02,15,Myanmar
2022-08-03,18,Myanmar
2022-08-04,12,Myanmar
2022-08-05,12,Myanmar
2022-08-06,20,Myanmar
2022-08-07,8,Myanmar
2022-08-08,15,Myanmar
2022-08-09,27,Myanmar
2022-08-10,36,Myanmar
2022-08-11,21,Myanmar
2022-08-12,0,Myanmar
2022-08-13,38,Myanmar
2022-08-14,54,Myanmar
2022-08-15,18,Myanmar
2022-08-16,49,Myanmar
2022-08-17,54,Myanmar
2022-08-18,31,Myanmar
2022-08-19,32,Myanmar
2022-08-20,48,Myanmar
2022-08-21,33,Myanmar
2022-08-22,42,Myanmar
2022-08-23,52,Myanmar
2022-08-24,63,Myanmar
2022-08-25,33,Myanmar
2022-08-26,44,Myanmar
2022-08-27,41,Myanmar
2022-08-28,33,Myanmar
2022-08-29,68,Myanmar
2022-08-30,87,Myanmar
2022-08-31,104,Myanmar
2022-09-01,94,Myanmar
2022-09-02,84,Myanmar
2022-09-03,90,Myanmar
2022-09-04,70,Myanmar
2022-09-05,95,Myanmar
2022-09-06,146,Myanmar
2022-09-07,223,Myanmar
2022-09-08,187,Myanmar
2022-09-09,191,Myanmar
2022-09-10,262,Myanmar
2022-09-11,189,Myanmar
2022-09-12,204,Myanmar
2022-09-13,299,Myanmar
2022-09-14,384,Myanmar
2022-09-15,259,Myanmar
2022-09-16,305,Myanmar
2022-09-17,361,Myanmar
2022-09-18,234,Myanmar
2022-09-19,269,Myanmar
2022-09-20,399,Myanmar
2022-09-21,469,Myanmar
2022-09-22,409,Myanmar
2022-09-23,300,Myanmar
2022-09-24,380,Myanmar
2022-09-25,278,Myanmar
2022-09-26,284,Myanmar
2022-09-27,356,Myanmar
2022-09-28,381,Myanmar
2022-09-29,379,Myanmar
2022-09-30,364,Myanmar
2022-10-01,473,Myanmar
2022-10-02,275,Myanmar
2022-10-03,378,Myanmar
2022-10-04,390,Myanmar
2022-10-05,465,Myanmar
2022-10-06,350,Myanmar
2022-10-07,376,Myanmar
2022-10-08,389,Myanmar
2022-10-09,196,Myanmar
2022-10-10,232,Myanmar
2022-10-11,292,Myanmar
2022-10-12,346,Myanmar
2022-10-13,310,Myanmar
2022-10-14,359,Myanmar
2022-10-15,325,Myanmar
2022-10-16,255,Myanmar
2022-10-17,284,Myanmar
2022-10-18,515,Myanmar
2022-10-19,277,Myanmar
2022-10-20,273,Myanmar
2020-03-02,0,Nepal
2020-03-03,0,Nepal
2020-03-04,0,Nepal
2020-03-05,0,Nepal
2020-03-06,0,Nepal
2020-03-07,0,Nepal
2020-03-08,0,Nepal
2020-03-09,0,Nepal
2020-03-10,0,Nepal
2020-03-11,0,Nepal
2020-03-12,0,Nepal
2020-03-13,0,Nepal
2020-03-14,0,Nepal
2020-03-15,0,Nepal
2020-03-16,0,Nepal
2020-03-17,0,Nepal
2020-03-18,0,Nepal
2020-03-19,0,Nepal
2020-03-20,0,Nepal
2020-03-21,0,Nepal
2020-03-22,0,Nepal
2020-03-23,1,Nepal
2020-03-24,0,Nepal
2020-03-25,0,Nepal
2020-03-26,1,Nepal
2020-03-27,0,Nepal
2020-03-28,0,Nepal
2020-03-29,2,Nepal
2020-03-30,0,Nepal
2020-03-31,0,Nepal
2020-04-01,0,Nepal
2020-04-02,1,Nepal
2020-04-03,0,Nepal
2020-04-04,3,Nepal
2020-04-05,0,Nepal
2020-04-06,0,Nepal
2020-04-07,0,Nepal
2020-04-08,0,Nepal
2020-04-09,0,Nepal
2020-04-10,0,Nepal
2020-04-11,0,Nepal
2020-04-12,3,Nepal
2020-04-13,2,Nepal
2020-04-14,2,Nepal
2020-04-15,0,Nepal
2020-04-16,0,Nepal
2020-04-17,0,Nepal
2020-04-18,14,Nepal
2020-04-19,1,Nepal
2020-04-20,0,Nepal
2020-04-21,11,Nepal
2020-04-22,0,Nepal
2020-04-23,3,Nepal
2020-04-24,3,Nepal
2020-04-25,1,Nepal
2020-04-26,2,Nepal
2020-04-27,1,Nepal
2020-04-28,2,Nepal
2020-04-29,3,Nepal
2020-04-30,0,Nepal
2020-05-01,2,Nepal
2020-05-02,0,Nepal
2020-05-03,16,Nepal
2020-05-04,0,Nepal
2020-05-05,7,Nepal
2020-05-06,17,Nepal
2020-05-07,2,Nepal
2020-05-08,1,Nepal
2020-05-09,7,Nepal
2020-05-10,1,Nepal
2020-05-11,24,Nepal
2020-05-12,83,Nepal
2020-05-13,26,Nepal
2020-05-14,6,Nepal
2020-05-15,18,Nepal
2020-05-16,24,Nepal
2020-05-17,4,Nepal
2020-05-18,80,Nepal
2020-05-19,27,Nepal
2020-05-20,25,Nepal
2020-05-21,30,Nepal
2020-05-22,59,Nepal
2020-05-23,68,Nepal
2020-05-24,19,Nepal
2020-05-25,79,Nepal
2020-05-26,90,Nepal
2020-05-27,114,Nepal
2020-05-28,156,Nepal
2020-05-29,170,Nepal
2020-05-30,189,Nepal
2020-05-31,171,Nepal
2020-06-01,239,Nepal
2020-06-02,288,Nepal
2020-06-03,201,Nepal
2020-06-04,334,Nepal
2020-06-05,278,Nepal
2020-06-06,323,Nepal
2020-06-07,213,Nepal
2020-06-08,314,Nepal
2020-06-09,323,Nepal
2020-06-10,279,Nepal
2020-06-11,250,Nepal
2020-06-12,448,Nepal
2020-06-13,273,Nepal
2020-06-14,425,Nepal
2020-06-15,451,Nepal
2020-06-16,380,Nepal
2020-06-17,586,Nepal
2020-06-18,671,Nepal
2020-06-19,426,Nepal
2020-06-20,331,Nepal
2020-06-21,421,Nepal
2020-06-22,535,Nepal
2020-06-23,538,Nepal
2020-06-24,629,Nepal
2020-06-25,434,Nepal
2020-06-26,593,Nepal
2020-06-27,554,Nepal
2020-06-28,463,Nepal
2020-06-29,476,Nepal
2020-06-30,316,Nepal
2020-07-01,482,Nepal
2020-07-02,473,Nepal
2020-07-03,740,Nepal
2020-07-04,232,Nepal
2020-07-05,293,Nepal
2020-07-06,180,Nepal
2020-07-07,204,Nepal
2020-07-08,255,Nepal
2020-07-09,108,Nepal
2020-07-10,118,Nepal
2020-07-11,70,Nepal
2020-07-12,82,Nepal
2020-07-13,144,Nepal
2020-07-14,116,Nepal
2020-07-15,116,Nepal
2020-07-16,167,Nepal
2020-07-17,101,Nepal
2020-07-18,57,Nepal
2020-07-19,156,Nepal
2020-07-20,186,Nepal
2020-07-21,150,Nepal
2020-07-22,100,Nepal
2020-07-23,147,Nepal
2020-07-24,133,Nepal
2020-07-25,109,Nepal
2020-07-26,130,Nepal
2020-07-27,139,Nepal
2020-07-28,311,Nepal
2020-07-29,210,Nepal
2020-07-30,274,Nepal
2020-07-31,224,Nepal
2020-08-01,315,Nepal
2020-08-02,246,Nepal
2020-08-03,418,Nepal
2020-08-04,259,Nepal
2020-08-05,381,Nepal
2020-08-06,360,Nepal
2020-08-07,464,Nepal
2020-08-08,378,Nepal
2020-08-09,380,Nepal
2020-08-10,338,Nepal
2020-08-11,638,Nepal
2020-08-12,484,Nepal
2020-08-13,525,Nepal
2020-08-14,594,Nepal
2020-08-15,468,Nepal
2020-08-16,641,Nepal
2020-08-17,581,Nepal
2020-08-18,1016,Nepal
2020-08-19,681,Nepal
2020-08-20,707,Nepal
2020-08-21,838,Nepal
2020-08-22,634,Nepal
2020-08-23,818,Nepal
2020-08-24,743,Nepal
2020-08-25,855,Nepal
2020-08-26,885,Nepal
2020-08-27,1111,Nepal
2020-08-28,927,Nepal
2020-08-29,884,Nepal
2020-08-30,1221,Nepal
2020-08-31,899,Nepal
2020-09-01,1069,Nepal
2020-09-02,1120,Nepal
2020-09-03,1228,Nepal
2020-09-04,1359,Nepal
2020-09-05,1041,Nepal
2020-09-06,980,Nepal
2020-09-07,979,Nepal
2020-09-08,902,Nepal
2020-09-09,1081,Nepal
2020-09-10,1246,Nepal
2020-09-11,1454,Nepal
2020-09-12,1201,Nepal
2020-09-13,1039,Nepal
2020-09-14,1170,Nepal
2020-09-15,1459,Nepal
2020-09-16,1539,Nepal
2020-09-17,1246,Nepal
2020-09-18,2020,Nepal
2020-09-19,1204,Nepal
2020-09-20,1325,Nepal
2020-09-21,1154,Nepal
2020-09-22,1356,Nepal
2020-09-23,1172,Nepal
2020-09-24,1497,Nepal
2020-09-25,1313,Nepal
2020-09-26,1207,Nepal
2020-09-27,1573,Nepal
2020-09-28,1351,Nepal
2020-09-29,1513,Nepal
2020-09-30,1559,Nepal
2020-10-01,1911,Nepal
2020-10-02,2722,Nepal
2020-10-03,2120,Nepal
2020-10-04,2253,Nepal
2020-10-05,2440,Nepal
2020-10-06,1551,Nepal
2020-10-07,3439,Nepal
2020-10-08,4364,Nepal
2020-10-09,2059,Nepal
2020-10-10,5008,Nepal
2020-10-11,2071,Nepal
2020-10-12,4047,Nepal
2020-10-13,3556,Nepal
2020-10-14,2638,Nepal
2020-10-15,3749,Nepal
2020-10-16,4392,Nepal
2020-10-17,3167,Nepal
2020-10-18,2942,Nepal
2020-10-19,3790,Nepal
2020-10-20,3093,Nepal
2020-10-21,5743,Nepal
2020-10-22,3637,Nepal
2020-10-23,4499,Nepal
2020-10-24,2225,Nepal
2020-10-25,2856,Nepal
2020-10-26,1741,Nepal
2020-10-27,570,Nepal
2020-10-28,1954,Nepal
2020-10-29,2364,Nepal
2020-10-30,3517,Nepal
2020-10-31,2508,Nepal
2020-11-01,2824,Nepal
2020-11-02,2933,Nepal
2020-11-03,3114,Nepal
2020-11-04,3309,Nepal
2020-11-05,3051,Nepal
2020-11-06,2909,Nepal
2020-11-07,2753,Nepal
2020-11-08,2817,Nepal
2020-11-09,2571,Nepal
2020-11-10,2736,Nepal
2020-11-11,2569,Nepal
2020-11-12,1913,Nepal
2020-11-13,2111,Nepal
2020-11-14,1946,Nepal
2020-11-15,1477,Nepal
2020-11-16,1197,Nepal
2020-11-17,502,Nepal
2020-11-18,1442,Nepal
2020-11-19,2103,Nepal
2020-11-20,1945,Nepal
2020-11-21,1674,Nepal
2020-11-22,1669,Nepal
2020-11-23,1980,Nepal
2020-11-24,1790,Nepal
2020-11-25,1948,Nepal
2020-11-26,1614,Nepal
2020-11-27,1703,Nepal
2020-11-28,1380,Nepal
2020-11-29,1255,Nepal
2020-11-30,1474,Nepal
2020-12-01,1304,Nepal
2020-12-02,1490,Nepal
2020-12-03,1343,Nepal
2020-12-04,1272,Nepal
2020-12-05,1024,Nepal
2020-12-06,1096,Nepal
2020-12-07,1014,Nepal
2020-12-08,1382,Nepal
2020-12-09,1056,Nepal
2020-12-10,1217,Nepal
2020-12-11,1044,Nepal
2020-12-12,899,Nepal
2020-12-13,830,Nepal
2020-12-14,821,Nepal
2020-12-15,936,Nepal
2020-12-16,736,Nepal
2020-12-17,776,Nepal
2020-12-18,782,Nepal
2020-12-19,710,Nepal
2020-12-20,588,Nepal
2020-12-21,742,Nepal
2020-12-22,722,Nepal
2020-12-23,743,Nepal
2020-12-24,613,Nepal
2020-12-25,608,Nepal
2020-12-26,500,Nepal
2020-12-27,481,Nepal
2020-12-28,659,Nepal
2020-12-29,708,Nepal
2020-12-30,511,Nepal
2020-12-31,534,Nepal
2021-01-01,426,Nepal
2021-01-02,419,Nepal
2021-01-03,421,Nepal
2021-01-04,403,Nepal
2021-01-05,522,Nepal
2021-01-06,409,Nepal
2021-01-07,412,Nepal
2021-01-08,554,Nepal
2021-01-09,362,Nepal
2021-01-10,259,Nepal
2021-01-11,488,Nepal
2021-01-12,430,Nepal
2021-01-13,445,Nepal
2021-01-14,403,Nepal
2021-01-15,270,Nepal
2021-01-16,240,Nepal
2021-01-17,266,Nepal
2021-01-18,322,Nepal
2021-01-19,348,Nepal
2021-01-20,318,Nepal
2021-01-21,336,Nepal
2021-01-22,302,Nepal
2021-01-23,232,Nepal
2021-01-24,270,Nepal
2021-01-25,339,Nepal
2021-01-26,303,Nepal
2021-01-27,283,Nepal
2021-01-28,213,Nepal
2021-01-29,157,Nepal
2021-01-30,109,Nepal
2021-01-31,105,Nepal
2021-02-01,159,Nepal
2021-02-02,171,Nepal
2021-02-03,142,Nepal
2021-02-04,171,Nepal
2021-02-05,105,Nepal
2021-02-06,99,Nepal
2021-02-07,119,Nepal
2021-02-08,130,Nepal
2021-02-09,160,Nepal
2021-02-10,134,Nepal
2021-02-11,81,Nepal
2021-02-12,127,Nepal
2021-02-13,57,Nepal
2021-02-14,104,Nepal
2021-02-15,122,Nepal
2021-02-16,105,Nepal
2021-02-17,125,Nepal
2021-02-18,96,Nepal
2021-02-19,97,Nepal
2021-02-20,88,Nepal
2021-02-21,80,Nepal
2021-02-22,125,Nepal
2021-02-23,110,Nepal
2021-02-24,94,Nepal
2021-02-25,112,Nepal
2021-02-26,112,Nepal
2021-02-27,81,Nepal
2021-02-28,78,Nepal
2021-03-01,73,Nepal
2021-03-02,78,Nepal
2021-03-03,87,Nepal
2021-03-04,107,Nepal
2021-03-05,120,Nepal
2021-03-06,47,Nepal
2021-03-07,66,Nepal
2021-03-08,89,Nepal
2021-03-09,59,Nepal
2021-03-10,104,Nepal
2021-03-11,97,Nepal
2021-03-12,48,Nepal
2021-03-13,60,Nepal
2021-03-14,53,Nepal
2021-03-15,79,Nepal
2021-03-16,114,Nepal
2021-03-17,94,Nepal
2021-03-18,107,Nepal
2021-03-19,125,Nepal
2021-03-20,79,Nepal
2021-03-21,77,Nepal
2021-03-22,150,Nepal
2021-03-23,188,Nepal
2021-03-24,145,Nepal
2021-03-25,120,Nepal
2021-03-26,156,Nepal
2021-03-27,85,Nepal
2021-03-28,89,Nepal
2021-03-29,141,Nepal
2021-03-30,167,Nepal
2021-03-31,162,Nepal
2021-04-01,152,Nepal
2021-04-02,179,Nepal
2021-04-03,128,Nepal
2021-04-04,176,Nepal
2021-04-05,266,Nepal
2021-04-06,260,Nepal
2021-04-07,298,Nepal
2021-04-08,332,Nepal
2021-04-09,288,Nepal
2021-04-10,337,Nepal
2021-04-11,303,Nepal
2021-04-12,496,Nepal
2021-04-13,460,Nepal
2021-04-14,580,Nepal
2021-04-15,490,Nepal
2021-04-16,836,Nepal
2021-04-17,768,Nepal
2021-04-18,1015,Nepal
2021-04-19,1227,Nepal
2021-04-20,1667,Nepal
2021-04-21,2220,Nepal
2021-04-22,2365,Nepal
2021-04-23,2449,Nepal
2021-04-24,2486,Nepal
2021-04-25,3032,Nepal
2021-04-26,3442,Nepal
2021-04-27,4364,Nepal
2021-04-28,4774,Nepal
2021-04-29,4831,Nepal
2021-04-30,5657,Nepal
2021-05-01,5706,Nepal
2021-05-02,7137,Nepal
2021-05-03,7388,Nepal
2021-05-04,7587,Nepal
2021-05-05,8605,Nepal
2021-05-06,8970,Nepal
2021-05-07,9023,Nepal
2021-05-08,8287,Nepal
2021-05-09,8777,Nepal
2021-05-10,9127,Nepal
2021-05-11,9317,Nepal
2021-05-12,9238,Nepal
2021-05-13,8842,Nepal
2021-05-14,8467,Nepal
2021-05-15,8046,Nepal
2021-05-16,7316,Nepal
2021-05-17,9198,Nepal
2021-05-18,8136,Nepal
2021-05-19,8064,Nepal
2021-05-20,8227,Nepal
2021-05-21,8407,Nepal
2021-05-22,8591,Nepal
2021-05-23,7598,Nepal
2021-05-24,7220,Nepal
2021-05-25,8387,Nepal
2021-05-26,6677,Nepal
2021-05-27,6731,Nepal
2021-05-28,6855,Nepal
2021-05-29,4311,Nepal
2021-05-30,3702,Nepal
2021-05-31,4178,Nepal
2021-06-01,5285,Nepal
2021-06-02,4524,Nepal
2021-06-03,5825,Nepal
2021-06-04,4624,Nepal
2021-06-05,3540,Nepal
2021-06-06,3024,Nepal
2021-06-07,3370,Nepal
2021-06-08,3870,Nepal
2021-06-09,3449,Nepal
2021-06-10,2874,Nepal
2021-06-11,2709,Nepal
2021-06-12,2382,Nepal
2021-06-13,1694,Nepal
2021-06-14,2049,Nepal
2021-06-15,1681,Nepal
2021-06-16,2014,Nepal
2021-06-17,1768,Nepal
2021-06-18,1963,Nepal
2021-06-19,1688,Nepal
2021-06-20,1421,Nepal
2021-06-21,1584,Nepal
2021-06-22,3703,Nepal
2021-06-23,1511,Nepal
2021-06-24,1577,Nepal
2021-06-25,1721,Nepal
2021-06-26,1174,Nepal
2021-06-27,1353,Nepal
2021-06-28,1509,Nepal
2021-06-29,1728,Nepal
2021-06-30,1889,Nepal
2021-07-01,1857,Nepal
2021-07-02,1391,Nepal
2021-07-03,1527,Nepal
2021-07-04,1042,Nepal
2021-07-05,1745,Nepal
2021-07-06,1718,Nepal
2021-07-07,2077,Nepal
2021-07-08,1218,Nepal
2021-07-09,1479,Nepal
2021-07-10,1353,Nepal
2021-07-11,1237,Nepal
2021-07-12,1690,Nepal
2021-07-13,1639,Nepal
2021-07-14,2010,Nepal
2021-07-15,1782,Nepal
2021-07-16,2006,Nepal
2021-07-17,1310,Nepal
2021-07-18,1223,Nepal
2021-07-19,1642,Nepal
2021-07-20,2202,Nepal
2021-07-21,1918,Nepal
2021-07-22,1855,Nepal
2021-07-23,1982,Nepal
2021-07-24,2309,Nepal
2021-07-25,1539,Nepal
2021-07-26,2391,Nepal
2021-07-27,2726,Nepal
2021-07-28,2634,Nepal
2021-07-29,2335,Nepal
2021-07-30,2467,Nepal
2021-07-31,2280,Nepal
2021-08-01,1981,Nepal
2021-08-02,2279,Nepal
2021-08-03,2448,Nepal
2021-08-04,2975,Nepal
2021-08-05,3007,Nepal
2021-08-06,2430,Nepal
2021-08-07,2231,Nepal
2021-08-08,2137,Nepal
2021-08-09,2609,Nepal
2021-08-10,3194,Nepal
2021-08-11,2616,Nepal
2021-08-12,2473,Nepal
2021-08-13,2763,Nepal
2021-08-14,1947,Nepal
2021-08-15,1793,Nepal
2021-08-16,2566,Nepal
2021-08-17,2456,Nepal
2021-08-18,2613,Nepal
2021-08-19,2321,Nepal
2021-08-20,2079,Nepal
2021-08-21,1424,Nepal
2021-08-22,1702,Nepal
2021-08-23,1548,Nepal
2021-08-24,2020,Nepal
2021-08-25,1862,Nepal
2021-08-26,2052,Nepal
2021-08-27,1577,Nepal
2021-08-28,1516,Nepal
2021-08-29,1214,Nepal
2021-08-30,1902,Nepal
2021-08-31,1523,Nepal
2021-09-01,1648,Nepal
2021-09-02,1619,Nepal
2021-09-03,1357,Nepal
2021-09-04,1024,Nepal
2021-09-05,976,Nepal
2021-09-06,1488,Nepal
2021-09-07,1423,Nepal
2021-09-08,1347,Nepal
2021-09-09,1058,Nepal
2021-09-10,961,Nepal
2021-09-11,777,Nepal
2021-09-12,838,Nepal
2021-09-13,1149,Nepal
2021-09-14,1180,Nepal
2021-09-15,1332,Nepal
2021-09-16,1165,Nepal
2021-09-17,1086,Nepal
2021-09-18,835,Nepal
2021-09-19,656,Nepal
2021-09-20,975,Nepal
2021-09-21,1036,Nepal
2021-09-22,1251,Nepal
2021-09-23,941,Nepal
2021-09-24,1103,Nepal
2021-09-25,790,Nepal
2021-09-26,730,Nepal
2021-09-27,975,Nepal
2021-09-28,904,Nepal
2021-09-29,892,Nepal
2021-09-30,898,Nepal
2021-10-01,898,Nepal
2021-10-02,659,Nepal
2021-10-03,574,Nepal
2021-10-04,812,Nepal
2021-10-05,762,Nepal
2021-10-06,849,Nepal
2021-10-07,667,Nepal
2021-10-08,715,Nepal
2021-10-09,636,Nepal
2021-10-10,565,Nepal
2021-10-11,663,Nepal
2021-10-12,691,Nepal
2021-10-13,326,Nepal
2021-10-14,398,Nepal
2021-10-15,240,Nepal
2021-10-16,136,Nepal
2021-10-17,385,Nepal
2021-10-18,523,Nepal
2021-10-19,957,Nepal
2021-10-20,535,Nepal
2021-10-21,470,Nepal
2021-10-22,574,Nepal
2021-10-23,438,Nepal
2021-10-24,522,Nepal
2021-10-25,673,Nepal
2021-10-26,569,Nepal
2021-10-27,582,Nepal
2021-10-28,527,Nepal
2021-10-29,490,Nepal
2021-10-30,297,Nepal
2021-10-31,376,Nepal
2021-11-01,441,Nepal
2021-11-02,422,Nepal
2021-11-03,395,Nepal
2021-11-04,287,Nepal
2021-11-05,174,Nepal
2021-11-06,128,Nepal
2021-11-07,141,Nepal
2021-11-08,371,Nepal
2021-11-09,443,Nepal
2021-11-10,387,Nepal
2021-11-11,301,Nepal
2021-11-12,355,Nepal
2021-11-13,260,Nepal
2021-11-14,291,Nepal
2021-11-15,367,Nepal
2021-11-16,339,Nepal
2021-11-17,363,Nepal
2021-11-18,272,Nepal
2021-11-19,271,Nepal
2021-11-20,209,Nepal
2021-11-21,232,Nepal
2021-11-22,367,Nepal
2021-11-23,313,Nepal
2021-11-24,305,Nepal
2021-11-25,281,Nepal
2021-11-26,242,Nepal
2021-11-27,197,Nepal
2021-11-28,154,Nepal
2021-11-29,243,Nepal
2021-11-30,245,Nepal
2021-12-01,285,Nepal
2021-12-02,298,Nepal
2021-12-03,223,Nepal
2021-12-04,220,Nepal
2021-12-05,200,Nepal
2021-12-06,238,Nepal
2021-12-07,272,Nepal
2021-12-08,255,Nepal
2021-12-09,197,Nepal
2021-12-10,232,Nepal
2021-12-11,194,Nepal
2021-12-12,242,Nepal
2021-12-13,313,Nepal
2021-12-14,229,Nepal
2021-12-15,252,Nepal
2021-12-16,160,Nepal
2021-12-17,269,Nepal
2021-12-18,158,Nepal
2021-12-19,133,Nepal
2021-12-20,218,Nepal
2021-12-21,252,Nepal
2021-12-22,217,Nepal
2021-12-23,241,Nepal
2021-12-24,237,Nepal
2021-12-25,157,Nepal
2021-12-26,213,Nepal
2021-12-27,251,Nepal
2021-12-28,241,Nepal
2021-12-29,209,Nepal
2021-12-30,235,Nepal
2021-12-31,224,Nepal
2022-01-01,342,Nepal
2022-01-02,213,Nepal
2022-01-03,291,Nepal
2022-01-04,355,Nepal
2022-01-05,370,Nepal
2022-01-06,478,Nepal
2022-01-07,572,Nepal
2022-01-08,696,Nepal
2022-01-09,841,Nepal
2022-01-10,1357,Nepal
2022-01-11,1981,Nepal
2022-01-12,2448,Nepal
2022-01-13,2922,Nepal
2022-01-14,4204,Nepal
2022-01-15,3703,Nepal
2022-01-16,4534,Nepal
2022-01-17,5747,Nepal
2022-01-18,8730,Nepal
2022-01-19,9502,Nepal
2022-01-20,10052,Nepal
2022-01-21,8815,Nepal
2022-01-22,8212,Nepal
2022-01-23,5598,Nepal
2022-01-24,8054,Nepal
2022-01-25,9432,Nepal
2022-01-26,5571,Nepal
2022-01-27,5816,Nepal
2022-01-28,4807,Nepal
2022-01-29,3318,Nepal
2022-01-30,3049,Nepal
2022-01-31,3472,Nepal
2022-02-01,3657,Nepal
2022-02-02,2205,Nepal
2022-02-03,2742,Nepal
2022-02-04,1602,Nepal
2022-02-05,1103,Nepal
2022-02-06,1183,Nepal
2022-02-07,1022,Nepal
2022-02-08,1184,Nepal
2022-02-09,1851,Nepal
2022-02-10,1013,Nepal
2022-02-11,666,Nepal
2022-02-12,491,Nepal
2022-02-13,427,Nepal
2022-02-14,482,Nepal
2022-02-15,498,Nepal
2022-02-16,454,Nepal
2022-02-17,364,Nepal
2022-02-18,275,Nepal
2022-02-19,198,Nepal
2022-02-20,229,Nepal
2022-02-21,247,Nepal
2022-02-22,299,Nepal
2022-02-23,256,Nepal
2022-02-24,151,Nepal
2022-02-25,158,Nepal
2022-02-26,101,Nepal
2022-02-27,94,Nepal
2022-02-28,119,Nepal
2022-03-01,92,Nepal
2022-03-02,123,Nepal
2022-03-03,70,Nepal
2022-03-04,111,Nepal
2022-03-05,67,Nepal
2022-03-06,54,Nepal
2022-03-07,66,Nepal
2022-03-08,74,Nepal
2022-03-09,68,Nepal
2022-03-10,77,Nepal
2022-03-11,62,Nepal
2022-03-12,30,Nepal
2022-03-13,59,Nepal
2022-03-14,50,Nepal
2022-03-15,57,Nepal
2022-03-16,41,Nepal
2022-03-17,22,Nepal
2022-03-18,12,Nepal
2022-03-19,8,Nepal
2022-03-20,28,Nepal
2022-03-21,41,Nepal
2022-03-22,35,Nepal
2022-03-23,34,Nepal
2022-03-24,32,Nepal
2022-03-25,12,Nepal
2022-03-26,8,Nepal
2022-03-27,15,Nepal
2022-03-28,15,Nepal
2022-03-29,30,Nepal
2022-03-30,25,Nepal
2022-03-31,24,Nepal
2022-04-01,16,Nepal
2022-04-02,10,Nepal
2022-04-03,23,Nepal
2022-04-04,32,Nepal
2022-04-05,21,Nepal
2022-04-06,10,Nepal
2022-04-07,7,Nepal
2022-04-08,11,Nepal
2022-04-09,12,Nepal
2022-04-10,3,Nepal
2022-04-11,22,Nepal
2022-04-12,23,Nepal
2022-04-13,15,Nepal
2022-04-14,3,Nepal
2022-04-15,14,Nepal
2022-04-16,6,Nepal
2022-04-17,11,Nepal
2022-04-18,9,Nepal
2022-04-19,10,Nepal
2022-04-20,9,Nepal
2022-04-21,12,Nepal
2022-04-22,9,Nepal
2022-04-23,18,Nepal
2022-04-24,11,Nepal
2022-04-25,19,Nepal
2022-04-26,8,Nepal
2022-04-27,8,Nepal
2022-04-28,15,Nepal
2022-04-29,13,Nepal
2022-04-30,4,Nepal
2022-05-01,18,Nepal
2022-05-02,8,Nepal
2022-05-03,29,Nepal
2022-05-04,19,Nepal
2022-05-05,15,Nepal
2022-05-06,15,Nepal
2022-05-07,11,Nepal
2022-05-08,17,Nepal
2022-05-09,6,Nepal
2022-05-10,12,Nepal
2022-05-11,18,Nepal
2022-05-12,4,Nepal
2022-05-13,7,Nepal
2022-05-14,2,Nepal
2022-05-15,7,Nepal
2022-05-16,6,Nepal
2022-05-17,18,Nepal
2022-05-18,6,Nepal
2022-05-19,12,Nepal
2022-05-20,11,Nepal
2022-05-21,11,Nepal
2022-05-22,6,Nepal
2022-05-23,8,Nepal
2022-05-24,11,Nepal
2022-05-25,4,Nepal
2022-05-26,14,Nepal
2022-05-27,8,Nepal
2022-05-28,5,Nepal
2022-05-29,9,Nepal
2022-05-30,5,Nepal
2022-05-31,8,Nepal
2022-06-01,12,Nepal
2022-06-02,11,Nepal
2022-06-03,19,Nepal
2022-06-04,8,Nepal
2022-06-05,9,Nepal
2022-06-06,7,Nepal
2022-06-07,7,Nepal
2022-06-08,10,Nepal
2022-06-09,12,Nepal
2022-06-10,7,Nepal
2022-06-11,9,Nepal
2022-06-12,11,Nepal
2022-06-13,9,Nepal
2022-06-14,7,Nepal
2022-06-15,19,Nepal
2022-06-16,12,Nepal
2022-06-17,24,Nepal
2022-06-18,11,Nepal
2022-06-19,18,Nepal
2022-06-20,20,Nepal
2022-06-21,14,Nepal
2022-06-22,28,Nepal
2022-06-23,33,Nepal
2022-06-24,32,Nepal
2022-06-25,23,Nepal
2022-06-26,21,Nepal
2022-06-27,36,Nepal
2022-06-28,38,Nepal
2022-06-29,51,Nepal
2022-06-30,36,Nepal
2022-07-01,35,Nepal
2022-07-02,33,Nepal
2022-07-03,39,Nepal
2022-07-04,34,Nepal
2022-07-05,73,Nepal
2022-07-06,90,Nepal
2022-07-07,60,Nepal
2022-07-08,83,Nepal
2022-07-09,72,Nepal
2022-07-10,104,Nepal
2022-07-11,129,Nepal
2022-07-12,144,Nepal
2022-07-13,177,Nepal
2022-07-14,214,Nepal
2022-07-15,161,Nepal
2022-07-16,150,Nepal
2022-07-17,116,Nepal
2022-07-18,386,Nepal
2022-07-19,268,Nepal
2022-07-20,340,Nepal
2022-07-21,317,Nepal
2022-07-22,384,Nepal
2022-07-23,216,Nepal
2022-07-24,303,Nepal
2022-07-25,453,Nepal
2022-07-26,400,Nepal
2022-07-27,418,Nepal
2022-07-28,524,Nepal
2022-07-29,391,Nepal
2022-07-30,292,Nepal
2022-07-31,496,Nepal
2022-08-01,632,Nepal
2022-08-02,509,Nepal
2022-08-03,590,Nepal
2022-08-04,494,Nepal
2022-08-05,529,Nepal
2022-08-06,326,Nepal
2022-08-07,451,Nepal
2022-08-08,498,Nepal
2022-08-09,560,Nepal
2022-08-10,496,Nepal
2022-08-11,465,Nepal
2022-08-12,419,Nepal
2022-08-13,162,Nepal
2022-08-14,305,Nepal
2022-08-15,427,Nepal
2022-08-16,399,Nepal
2022-08-17,531,Nepal
2022-08-18,224,Nepal
2022-08-19,246,Nepal
2022-08-20,180,Nepal
2022-08-21,202,Nepal
2022-08-22,405,Nepal
2022-08-23,343,Nepal
2022-08-24,242,Nepal
2022-08-25,211,Nepal
2022-08-26,163,Nepal
2022-08-27,65,Nepal
2022-08-28,164,Nepal
2022-08-29,145,Nepal
2022-08-30,143,Nepal
2022-08-31,224,Nepal
2022-09-01,180,Nepal
2022-09-02,134,Nepal
2022-09-03,92,Nepal
2022-09-04,116,Nepal
2022-09-05,122,Nepal
2022-09-06,177,Nepal
2022-09-07,128,Nepal
2022-09-08,137,Nepal
2022-09-09,110,Nepal
2022-09-10,112,Nepal
2022-09-11,89,Nepal
2022-09-12,127,Nepal
2022-09-13,87,Nepal
2022-09-14,89,Nepal
2022-09-15,75,Nepal
2022-09-16,60,Nepal
2022-09-17,35,Nepal
2022-09-18,25,Nepal
2022-09-19,75,Nepal
2022-09-20,39,Nepal
2022-09-21,39,Nepal
2022-09-22,59,Nepal
2022-09-23,53,Nepal
2022-09-24,29,Nepal
2022-09-25,40,Nepal
2022-09-26,39,Nepal
2022-09-27,42,Nepal
2022-09-28,31,Nepal
2022-09-29,25,Nepal
2022-09-30,30,Nepal
2022-10-01,17,Nepal
2022-10-02,30,Nepal
2022-10-03,26,Nepal
2022-10-04,14,Nepal
2022-10-05,10,Nepal
2022-10-06,10,Nepal
2022-10-07,11,Nepal
2022-10-08,6,Nepal
2022-10-09,20,Nepal
2022-10-10,25,Nepal
2022-10-11,35,Nepal
2022-10-12,45,Nepal
2022-10-13,45,Nepal
2022-10-14,42,Nepal
2022-10-15,45,Nepal
2022-10-16,28,Nepal
2022-10-17,40,Nepal
2022-10-18,42,Nepal
2022-10-19,42,Nepal
2022-10-20,50,Nepal
2020-03-02,0,New Caledonia
2020-03-03,0,New Caledonia
2020-03-04,0,New Caledonia
2020-03-05,0,New Caledonia
2020-03-06,0,New Caledonia
2020-03-07,0,New Caledonia
2020-03-08,0,New Caledonia
2020-03-09,0,New Caledonia
2020-03-10,0,New Caledonia
2020-03-11,0,New Caledonia
2020-03-12,0,New Caledonia
2020-03-13,0,New Caledonia
2020-03-14,0,New Caledonia
2020-03-15,0,New Caledonia
2020-03-16,0,New Caledonia
2020-03-17,0,New Caledonia
2020-03-18,0,New Caledonia
2020-03-19,2,New Caledonia
2020-03-20,0,New Caledonia
2020-03-21,0,New Caledonia
2020-03-22,2,New Caledonia
2020-03-23,1,New Caledonia
2020-03-24,3,New Caledonia
2020-03-25,2,New Caledonia
2020-03-26,4,New Caledonia
2020-03-27,0,New Caledonia
2020-03-28,1,New Caledonia
2020-03-29,0,New Caledonia
2020-03-30,0,New Caledonia
2020-03-31,0,New Caledonia
2020-04-01,1,New Caledonia
2020-04-02,0,New Caledonia
2020-04-03,2,New Caledonia
2020-04-04,0,New Caledonia
2020-04-05,0,New Caledonia
2020-04-06,0,New Caledonia
2020-04-07,0,New Caledonia
2020-04-08,0,New Caledonia
2020-04-09,0,New Caledonia
2020-04-10,0,New Caledonia
2020-04-11,0,New Caledonia
2020-04-12,0,New Caledonia
2020-04-13,0,New Caledonia
2020-04-14,0,New Caledonia
2020-04-15,0,New Caledonia
2020-04-16,0,New Caledonia
2020-04-17,0,New Caledonia
2020-04-18,0,New Caledonia
2020-04-19,0,New Caledonia
2020-04-20,0,New Caledonia
2020-04-21,0,New Caledonia
2020-04-22,0,New Caledonia
2020-04-23,0,New Caledonia
2020-04-24,0,New Caledonia
2020-04-25,0,New Caledonia
2020-04-26,0,New Caledonia
2020-04-27,0,New Caledonia
2020-04-28,0,New Caledonia
2020-04-29,0,New Caledonia
2020-04-30,0,New Caledonia
2020-05-01,0,New Caledonia
2020-05-02,0,New Caledonia
2020-05-03,0,New Caledonia
2020-05-04,0,New Caledonia
2020-05-05,0,New Caledonia
2020-05-06,0,New Caledonia
2020-05-07,0,New Caledonia
2020-05-08,0,New Caledonia
2020-05-09,0,New Caledonia
2020-05-10,0,New Caledonia
2020-05-11,0,New Caledonia
2020-05-12,0,New Caledonia
2020-05-13,0,New Caledonia
2020-05-14,0,New Caledonia
2020-05-15,0,New Caledonia
2020-05-16,0,New Caledonia
2020-05-17,0,New Caledonia
2020-05-18,0,New Caledonia
2020-05-19,0,New Caledonia
2020-05-20,0,New Caledonia
2020-05-21,0,New Caledonia
2020-05-22,0,New Caledonia
2020-05-23,0,New Caledonia
2020-05-24,0,New Caledonia
2020-05-25,0,New Caledonia
2020-05-26,0,New Caledonia
2020-05-27,0,New Caledonia
2020-05-28,0,New Caledonia
2020-05-29,1,New Caledonia
2020-05-30,0,New Caledonia
2020-05-31,0,New Caledonia
2020-06-01,0,New Caledonia
2020-06-02,0,New Caledonia
2020-06-03,0,New Caledonia
2020-06-04,0,New Caledonia
2020-06-05,1,New Caledonia
2020-06-06,0,New Caledonia
2020-06-07,0,New Caledonia
2020-06-08,0,New Caledonia
2020-06-09,0,New Caledonia
2020-06-10,1,New Caledonia
2020-06-11,0,New Caledonia
2020-06-12,0,New Caledonia
2020-06-13,0,New Caledonia
2020-06-14,0,New Caledonia
2020-06-15,0,New Caledonia
2020-06-16,0,New Caledonia
2020-06-17,0,New Caledonia
2020-06-18,0,New Caledonia
2020-06-19,0,New Caledonia
2020-06-20,0,New Caledonia
2020-06-21,0,New Caledonia
2020-06-22,0,New Caledonia
2020-06-23,0,New Caledonia
2020-06-24,0,New Caledonia
2020-06-25,0,New Caledonia
2020-06-26,0,New Caledonia
2020-06-27,0,New Caledonia
2020-06-28,0,New Caledonia
2020-06-29,0,New Caledonia
2020-06-30,0,New Caledonia
2020-07-01,0,New Caledonia
2020-07-02,0,New Caledonia
2020-07-03,0,New Caledonia
2020-07-04,0,New Caledonia
2020-07-05,0,New Caledonia
2020-07-06,0,New Caledonia
2020-07-07,0,New Caledonia
2020-07-08,0,New Caledonia
2020-07-09,0,New Caledonia
2020-07-10,0,New Caledonia
2020-07-11,0,New Caledonia
2020-07-12,0,New Caledonia
2020-07-13,0,New Caledonia
2020-07-14,0,New Caledonia
2020-07-15,1,New Caledonia
2020-07-16,0,New Caledonia
2020-07-17,0,New Caledonia
2020-07-18,0,New Caledonia
2020-07-19,0,New Caledonia
2020-07-20,0,New Caledonia
2020-07-21,0,New Caledonia
2020-07-22,0,New Caledonia
2020-07-23,0,New Caledonia
2020-07-24,0,New Caledonia
2020-07-25,0,New Caledonia
2020-07-26,0,New Caledonia
2020-07-27,0,New Caledonia
2020-07-28,0,New Caledonia
2020-07-29,0,New Caledonia
2020-07-30,0,New Caledonia
2020-07-31,0,New Caledonia
2020-08-01,0,New Caledonia
2020-08-02,0,New Caledonia
2020-08-03,0,New Caledonia
2020-08-04,0,New Caledonia
2020-08-05,0,New Caledonia
2020-08-06,0,New Caledonia
2020-08-07,0,New Caledonia
2020-08-08,1,New Caledonia
2020-08-09,0,New Caledonia
2020-08-10,0,New Caledonia
2020-08-11,0,New Caledonia
2020-08-12,0,New Caledonia
2020-08-13,0,New Caledonia
2020-08-14,0,New Caledonia
2020-08-15,0,New Caledonia
2020-08-16,0,New Caledonia
2020-08-17,0,New Caledonia
2020-08-18,0,New Caledonia
2020-08-19,0,New Caledonia
2020-08-20,0,New Caledonia
2020-08-21,0,New Caledonia
2020-08-22,0,New Caledonia
2020-08-23,0,New Caledonia
2020-08-24,0,New Caledonia
2020-08-25,0,New Caledonia
2020-08-26,0,New Caledonia
2020-08-27,0,New Caledonia
2020-08-28,0,New Caledonia
2020-08-29,0,New Caledonia
2020-08-30,0,New Caledonia
2020-08-31,0,New Caledonia
2020-09-01,0,New Caledonia
2020-09-02,0,New Caledonia
2020-09-03,0,New Caledonia
2020-09-04,3,New Caledonia
2020-09-05,0,New Caledonia
2020-09-06,0,New Caledonia
2020-09-07,0,New Caledonia
2020-09-08,0,New Caledonia
2020-09-09,0,New Caledonia
2020-09-10,0,New Caledonia
2020-09-11,0,New Caledonia
2020-09-12,0,New Caledonia
2020-09-13,0,New Caledonia
2020-09-14,0,New Caledonia
2020-09-15,0,New Caledonia
2020-09-16,0,New Caledonia
2020-09-17,0,New Caledonia
2020-09-18,0,New Caledonia
2020-09-19,0,New Caledonia
2020-09-20,0,New Caledonia
2020-09-21,0,New Caledonia
2020-09-22,0,New Caledonia
2020-09-23,0,New Caledonia
2020-09-24,0,New Caledonia
2020-09-25,0,New Caledonia
2020-09-26,1,New Caledonia
2020-09-27,0,New Caledonia
2020-09-28,0,New Caledonia
2020-09-29,0,New Caledonia
2020-09-30,0,New Caledonia
2020-10-01,0,New Caledonia
2020-10-02,0,New Caledonia
2020-10-03,0,New Caledonia
2020-10-04,0,New Caledonia
2020-10-05,0,New Caledonia
2020-10-06,0,New Caledonia
2020-10-07,0,New Caledonia
2020-10-08,0,New Caledonia
2020-10-09,0,New Caledonia
2020-10-10,0,New Caledonia
2020-10-11,0,New Caledonia
2020-10-12,0,New Caledonia
2020-10-13,0,New Caledonia
2020-10-14,0,New Caledonia
2020-10-15,0,New Caledonia
2020-10-16,0,New Caledonia
2020-10-17,0,New Caledonia
2020-10-18,0,New Caledonia
2020-10-19,0,New Caledonia
2020-10-20,0,New Caledonia
2020-10-21,0,New Caledonia
2020-10-22,0,New Caledonia
2020-10-23,0,New Caledonia
2020-10-24,0,New Caledonia
2020-10-25,0,New Caledonia
2020-10-26,0,New Caledonia
2020-10-27,0,New Caledonia
2020-10-28,0,New Caledonia
2020-10-29,0,New Caledonia
2020-10-30,0,New Caledonia
2020-10-31,1,New Caledonia
2020-11-01,0,New Caledonia
2020-11-02,0,New Caledonia
2020-11-03,0,New Caledonia
2020-11-04,0,New Caledonia
2020-11-05,0,New Caledonia
2020-11-06,1,New Caledonia
2020-11-07,0,New Caledonia
2020-11-08,0,New Caledonia
2020-11-09,0,New Caledonia
2020-11-10,0,New Caledonia
2020-11-11,0,New Caledonia
2020-11-12,0,New Caledonia
2020-11-13,1,New Caledonia
2020-11-14,0,New Caledonia
2020-11-15,0,New Caledonia
2020-11-16,0,New Caledonia
2020-11-17,0,New Caledonia
2020-11-18,0,New Caledonia
2020-11-19,0,New Caledonia
2020-11-20,0,New Caledonia
2020-11-21,2,New Caledonia
2020-11-22,0,New Caledonia
2020-11-23,0,New Caledonia
2020-11-24,0,New Caledonia
2020-11-25,0,New Caledonia
2020-11-26,0,New Caledonia
2020-11-27,0,New Caledonia
2020-11-28,0,New Caledonia
2020-11-29,0,New Caledonia
2020-11-30,0,New Caledonia
2020-12-01,1,New Caledonia
2020-12-02,0,New Caledonia
2020-12-03,0,New Caledonia
2020-12-04,1,New Caledonia
2020-12-05,1,New Caledonia
2020-12-06,0,New Caledonia
2020-12-07,0,New Caledonia
2020-12-08,0,New Caledonia
2020-12-09,1,New Caledonia
2020-12-10,0,New Caledonia
2020-12-11,0,New Caledonia
2020-12-12,0,New Caledonia
2020-12-13,0,New Caledonia
2020-12-14,0,New Caledonia
2020-12-15,0,New Caledonia
2020-12-16,0,New Caledonia
2020-12-17,1,New Caledonia
2020-12-18,0,New Caledonia
2020-12-19,0,New Caledonia
2020-12-20,0,New Caledonia
2020-12-21,0,New Caledonia
2020-12-22,0,New Caledonia
2020-12-23,1,New Caledonia
2020-12-24,0,New Caledonia
2020-12-25,0,New Caledonia
2020-12-26,0,New Caledonia
2020-12-27,0,New Caledonia
2020-12-28,0,New Caledonia
2020-12-29,0,New Caledonia
2020-12-30,0,New Caledonia
2020-12-31,0,New Caledonia
2021-01-01,0,New Caledonia
2021-01-02,2,New Caledonia
2021-01-03,0,New Caledonia
2021-01-04,0,New Caledonia
2021-01-05,0,New Caledonia
2021-01-06,0,New Caledonia
2021-01-07,0,New Caledonia
2021-01-08,0,New Caledonia
2021-01-09,0,New Caledonia
2021-01-10,0,New Caledonia
2021-01-11,0,New Caledonia
2021-01-12,0,New Caledonia
2021-01-13,0,New Caledonia
2021-01-14,0,New Caledonia
2021-01-15,1,New Caledonia
2021-01-16,3,New Caledonia
2021-01-17,0,New Caledonia
2021-01-18,0,New Caledonia
2021-01-19,0,New Caledonia
2021-01-20,0,New Caledonia
2021-01-21,0,New Caledonia
2021-01-22,0,New Caledonia
2021-01-23,0,New Caledonia
2021-01-24,0,New Caledonia
2021-01-25,0,New Caledonia
2021-01-26,0,New Caledonia
2021-01-27,0,New Caledonia
2021-01-28,0,New Caledonia
2021-01-29,3,New Caledonia
2021-01-30,0,New Caledonia
2021-01-31,0,New Caledonia
2021-02-01,0,New Caledonia
2021-02-02,0,New Caledonia
2021-02-03,0,New Caledonia
2021-02-04,0,New Caledonia
2021-02-05,2,New Caledonia
2021-02-06,0,New Caledonia
2021-02-07,0,New Caledonia
2021-02-08,1,New Caledonia
2021-02-09,0,New Caledonia
2021-02-10,0,New Caledonia
2021-02-11,0,New Caledonia
2021-02-12,2,New Caledonia
2021-02-13,0,New Caledonia
2021-02-14,0,New Caledonia
2021-02-15,0,New Caledonia
2021-02-16,0,New Caledonia
2021-02-17,0,New Caledonia
2021-02-18,3,New Caledonia
2021-02-19,0,New Caledonia
2021-02-20,0,New Caledonia
2021-02-21,0,New Caledonia
2021-02-22,0,New Caledonia
2021-02-23,0,New Caledonia
2021-02-24,0,New Caledonia
2021-02-25,2,New Caledonia
2021-02-26,1,New Caledonia
2021-02-27,0,New Caledonia
2021-02-28,0,New Caledonia
2021-03-01,0,New Caledonia
2021-03-02,0,New Caledonia
2021-03-03,0,New Caledonia
2021-03-04,0,New Caledonia
2021-03-05,0,New Caledonia
2021-03-06,0,New Caledonia
2021-03-07,9,New Caledonia
2021-03-08,0,New Caledonia
2021-03-09,3,New Caledonia
2021-03-10,4,New Caledonia
2021-03-11,7,New Caledonia
2021-03-12,7,New Caledonia
2021-03-13,3,New Caledonia
2021-03-14,2,New Caledonia
2021-03-15,0,New Caledonia
2021-03-16,2,New Caledonia
2021-03-17,0,New Caledonia
2021-03-18,11,New Caledonia
2021-03-19,9,New Caledonia
2021-03-20,1,New Caledonia
2021-03-21,0,New Caledonia
2021-03-22,0,New Caledonia
2021-03-23,0,New Caledonia
2021-03-24,4,New Caledonia
2021-03-25,1,New Caledonia
2021-03-26,0,New Caledonia
2021-03-27,0,New Caledonia
2021-03-28,0,New Caledonia
2021-03-29,0,New Caledonia
2021-03-30,0,New Caledonia
2021-03-31,0,New Caledonia
2021-04-01,0,New Caledonia
2021-04-02,0,New Caledonia
2021-04-03,0,New Caledonia
2021-04-04,0,New Caledonia
2021-04-05,0,New Caledonia
2021-04-06,0,New Caledonia
2021-04-07,0,New Caledonia
2021-04-08,0,New Caledonia
2021-04-09,0,New Caledonia
2021-04-10,0,New Caledonia
2021-04-11,0,New Caledonia
2021-04-12,0,New Caledonia
2021-04-13,0,New Caledonia
2021-04-14,0,New Caledonia
2021-04-15,0,New Caledonia
2021-04-16,2,New Caledonia
2021-04-17,0,New Caledonia
2021-04-18,1,New Caledonia
2021-04-19,0,New Caledonia
2021-04-20,0,New Caledonia
2021-04-21,0,New Caledonia
2021-04-22,0,New Caledonia
2021-04-23,0,New Caledonia
2021-04-24,0,New Caledonia
2021-04-25,0,New Caledonia
2021-04-26,0,New Caledonia
2021-04-27,0,New Caledonia
2021-04-28,0,New Caledonia
2021-04-29,0,New Caledonia
2021-04-30,0,New Caledonia
2021-05-01,0,New Caledonia
2021-05-02,0,New Caledonia
2021-05-03,0,New Caledonia
2021-05-04,0,New Caledonia
2021-05-05,0,New Caledonia
2021-05-06,0,New Caledonia
2021-05-07,0,New Caledonia
2021-05-08,0,New Caledonia
2021-05-09,0,New Caledonia
2021-05-10,0,New Caledonia
2021-05-11,0,New Caledonia
2021-05-12,0,New Caledonia
2021-05-13,0,New Caledonia
2021-05-14,0,New Caledonia
2021-05-15,0,New Caledonia
2021-05-16,0,New Caledonia
2021-05-17,0,New Caledonia
2021-05-18,1,New Caledonia
2021-05-19,0,New Caledonia
2021-05-20,0,New Caledonia
2021-05-21,0,New Caledonia
2021-05-22,0,New Caledonia
2021-05-23,0,New Caledonia
2021-05-24,1,New Caledonia
2021-05-25,0,New Caledonia
2021-05-26,0,New Caledonia
2021-05-27,1,New Caledonia
2021-05-28,1,New Caledonia
2021-05-29,0,New Caledonia
2021-05-30,0,New Caledonia
2021-05-31,0,New Caledonia
2021-06-01,0,New Caledonia
2021-06-02,0,New Caledonia
2021-06-03,0,New Caledonia
2021-06-04,0,New Caledonia
2021-06-05,0,New Caledonia
2021-06-06,0,New Caledonia
2021-06-07,0,New Caledonia
2021-06-08,0,New Caledonia
2021-06-09,0,New Caledonia
2021-06-10,0,New Caledonia
2021-06-11,0,New Caledonia
2021-06-12,0,New Caledonia
2021-06-13,0,New Caledonia
2021-06-14,0,New Caledonia
2021-06-15,0,New Caledonia
2021-06-16,0,New Caledonia
2021-06-17,0,New Caledonia
2021-06-18,0,New Caledonia
2021-06-19,1,New Caledonia
2021-06-20,0,New Caledonia
2021-06-21,0,New Caledonia
2021-06-22,0,New Caledonia
2021-06-23,0,New Caledonia
2021-06-24,0,New Caledonia
2021-06-25,0,New Caledonia
2021-06-26,0,New Caledonia
2021-06-27,0,New Caledonia
2021-06-28,0,New Caledonia
2021-06-29,0,New Caledonia
2021-06-30,0,New Caledonia
2021-07-01,0,New Caledonia
2021-07-02,0,New Caledonia
2021-07-03,0,New Caledonia
2021-07-04,0,New Caledonia
2021-07-05,0,New Caledonia
2021-07-06,0,New Caledonia
2021-07-07,0,New Caledonia
2021-07-08,0,New Caledonia
2021-07-09,0,New Caledonia
2021-07-10,0,New Caledonia
2021-07-11,0,New Caledonia
2021-07-12,0,New Caledonia
2021-07-13,0,New Caledonia
2021-07-14,0,New Caledonia
2021-07-15,0,New Caledonia
2021-07-16,0,New Caledonia
2021-07-17,0,New Caledonia
2021-07-18,0,New Caledonia
2021-07-19,0,New Caledonia
2021-07-20,2,New Caledonia
2021-07-21,0,New Caledonia
2021-07-22,0,New Caledonia
2021-07-23,0,New Caledonia
2021-07-24,0,New Caledonia
2021-07-25,0,New Caledonia
2021-07-26,2,New Caledonia
2021-07-27,0,New Caledonia
2021-07-28,0,New Caledonia
2021-07-29,0,New Caledonia
2021-07-30,1,New Caledonia
2021-07-31,0,New Caledonia
2021-08-01,0,New Caledonia
2021-08-02,0,New Caledonia
2021-08-03,0,New Caledonia
2021-08-04,0,New Caledonia
2021-08-05,0,New Caledonia
2021-08-06,0,New Caledonia
2021-08-07,0,New Caledonia
2021-08-08,0,New Caledonia
2021-08-09,0,New Caledonia
2021-08-10,0,New Caledonia
2021-08-11,0,New Caledonia
2021-08-12,0,New Caledonia
2021-08-13,0,New Caledonia
2021-08-14,0,New Caledonia
2021-08-15,0,New Caledonia
2021-08-16,0,New Caledonia
2021-08-17,0,New Caledonia
2021-08-18,0,New Caledonia
2021-08-19,0,New Caledonia
2021-08-20,1,New Caledonia
2021-08-21,0,New Caledonia
2021-08-22,0,New Caledonia
2021-08-23,0,New Caledonia
2021-08-24,0,New Caledonia
2021-08-25,0,New Caledonia
2021-08-26,0,New Caledonia
2021-08-27,0,New Caledonia
2021-08-28,1,New Caledonia
2021-08-29,0,New Caledonia
2021-08-30,0,New Caledonia
2021-08-31,0,New Caledonia
2021-09-01,0,New Caledonia
2021-09-02,0,New Caledonia
2021-09-03,0,New Caledonia
2021-09-04,0,New Caledonia
2021-09-05,0,New Caledonia
2021-09-06,0,New Caledonia
2021-09-07,7,New Caledonia
2021-09-08,9,New Caledonia
2021-09-09,101,New Caledonia
2021-09-10,148,New Caledonia
2021-09-11,300,New Caledonia
2021-09-12,256,New Caledonia
2021-09-13,329,New Caledonia
2021-09-14,62,New Caledonia
2021-09-15,0,New Caledonia
2021-09-16,1112,New Caledonia
2021-09-17,867,New Caledonia
2021-09-18,204,New Caledonia
2021-09-19,0,New Caledonia
2021-09-20,72,New Caledonia
2021-09-21,793,New Caledonia
2021-09-22,331,New Caledonia
2021-09-23,1078,New Caledonia
2021-09-24,154,New Caledonia
2021-09-25,226,New Caledonia
2021-09-26,0,New Caledonia
2021-09-27,194,New Caledonia
2021-09-28,797,New Caledonia
2021-09-29,0,New Caledonia
2021-09-30,252,New Caledonia
2021-10-01,191,New Caledonia
2021-10-02,311,New Caledonia
2021-10-03,59,New Caledonia
2021-10-04,153,New Caledonia
2021-10-05,364,New Caledonia
2021-10-06,150,New Caledonia
2021-10-07,204,New Caledonia
2021-10-08,151,New Caledonia
2021-10-09,89,New Caledonia
2021-10-10,66,New Caledonia
2021-10-11,20,New Caledonia
2021-10-12,231,New Caledonia
2021-10-13,248,New Caledonia
2021-10-14,102,New Caledonia
2021-10-15,94,New Caledonia
2021-10-16,72,New Caledonia
2021-10-17,44,New Caledonia
2021-10-18,93,New Caledonia
2021-10-19,93,New Caledonia
2021-10-20,50,New Caledonia
2021-10-21,92,New Caledonia
2021-10-22,83,New Caledonia
2021-10-23,66,New Caledonia
2021-10-24,28,New Caledonia
2021-10-25,71,New Caledonia
2021-10-26,134,New Caledonia
2021-10-27,81,New Caledonia
2021-10-28,80,New Caledonia
2021-10-29,100,New Caledonia
2021-10-30,20,New Caledonia
2021-10-31,0,New Caledonia
2021-11-01,17,New Caledonia
2021-11-02,67,New Caledonia
2021-11-03,77,New Caledonia
2021-11-04,53,New Caledonia
2021-11-05,112,New Caledonia
2021-11-06,12,New Caledonia
2021-11-07,0,New Caledonia
2021-11-08,44,New Caledonia
2021-11-09,54,New Caledonia
2021-11-10,62,New Caledonia
2021-11-11,40,New Caledonia
2021-11-12,27,New Caledonia
2021-11-13,30,New Caledonia
2021-11-14,10,New Caledonia
2021-11-15,47,New Caledonia
2021-11-16,78,New Caledonia
2021-11-17,71,New Caledonia
2021-11-18,30,New Caledonia
2021-11-19,41,New Caledonia
2021-11-20,23,New Caledonia
2021-11-21,8,New Caledonia
2021-11-22,38,New Caledonia
2021-11-23,45,New Caledonia
2021-11-24,38,New Caledonia
2021-11-25,41,New Caledonia
2021-11-26,34,New Caledonia
2021-11-27,32,New Caledonia
2021-11-28,6,New Caledonia
2021-11-29,170,New Caledonia
2021-11-30,20,New Caledonia
2021-12-01,26,New Caledonia
2021-12-02,10,New Caledonia
2021-12-03,0,New Caledonia
2021-12-04,0,New Caledonia
2021-12-05,54,New Caledonia
2021-12-06,24,New Caledonia
2021-12-07,18,New Caledonia
2021-12-08,30,New Caledonia
2021-12-09,22,New Caledonia
2021-12-10,15,New Caledonia
2021-12-11,18,New Caledonia
2021-12-12,3,New Caledonia
2021-12-13,10,New Caledonia
2021-12-14,0,New Caledonia
2021-12-15,32,New Caledonia
2021-12-16,24,New Caledonia
2021-12-17,32,New Caledonia
2021-12-18,25,New Caledonia
2021-12-19,0,New Caledonia
2021-12-20,17,New Caledonia
2021-12-21,15,New Caledonia
2021-12-22,31,New Caledonia
2021-12-23,16,New Caledonia
2021-12-24,0,New Caledonia
2021-12-25,0,New Caledonia
2021-12-26,0,New Caledonia
2021-12-27,0,New Caledonia
2021-12-28,109,New Caledonia
2021-12-29,21,New Caledonia
2021-12-30,51,New Caledonia
2021-12-31,30,New Caledonia
2022-01-01,0,New Caledonia
2022-01-02,62,New Caledonia
2022-01-03,0,New Caledonia
2022-01-04,43,New Caledonia
2022-01-05,51,New Caledonia
2022-01-06,70,New Caledonia
2022-01-07,0,New Caledonia
2022-01-08,0,New Caledonia
2022-01-09,0,New Caledonia
2022-01-10,111,New Caledonia
2022-01-11,118,New Caledonia
2022-01-12,74,New Caledonia
2022-01-13,43,New Caledonia
2022-01-14,172,New Caledonia
2022-01-15,0,New Caledonia
2022-01-16,0,New Caledonia
2022-01-17,157,New Caledonia
2022-01-18,464,New Caledonia
2022-01-19,370,New Caledonia
2022-01-20,327,New Caledonia
2022-01-21,341,New Caledonia
2022-01-22,0,New Caledonia
2022-01-23,0,New Caledonia
2022-01-24,805,New Caledonia
2022-01-25,626,New Caledonia
2022-01-26,586,New Caledonia
2022-01-27,691,New Caledonia
2022-01-28,740,New Caledonia
2022-01-29,0,New Caledonia
2022-01-30,0,New Caledonia
2022-01-31,1843,New Caledonia
2022-02-01,1515,New Caledonia
2022-02-02,1230,New Caledonia
2022-02-03,1260,New Caledonia
2022-02-04,0,New Caledonia
2022-02-05,0,New Caledonia
2022-02-06,1289,New Caledonia
2022-02-07,2848,New Caledonia
2022-02-08,2353,New Caledonia
2022-02-09,1914,New Caledonia
2022-02-10,1101,New Caledonia
2022-02-11,0,New Caledonia
2022-02-12,0,New Caledonia
2022-02-13,1047,New Caledonia
2022-02-14,3343,New Caledonia
2022-02-15,1958,New Caledonia
2022-02-16,1337,New Caledonia
2022-02-17,1167,New Caledonia
2022-02-18,1037,New Caledonia
2022-02-19,0,New Caledonia
2022-02-20,0,New Caledonia
2022-02-21,1441,New Caledonia
2022-02-22,3659,New Caledonia
2022-02-23,2425,New Caledonia
2022-02-24,911,New Caledonia
2022-02-25,0,New Caledonia
2022-02-26,0,New Caledonia
2022-02-27,686,New Caledonia
2022-02-28,1170,New Caledonia
2022-03-01,679,New Caledonia
2022-03-02,646,New Caledonia
2022-03-03,686,New Caledonia
2022-03-04,0,New Caledonia
2022-03-05,0,New Caledonia
2022-03-06,645,New Caledonia
2022-03-07,1258,New Caledonia
2022-03-08,642,New Caledonia
2022-03-09,430,New Caledonia
2022-03-10,0,New Caledonia
2022-03-11,0,New Caledonia
2022-03-12,0,New Caledonia
2022-03-13,94,New Caledonia
2022-03-14,165,New Caledonia
2022-03-15,196,New Caledonia
2022-03-16,69,New Caledonia
2022-03-17,98,New Caledonia
2022-03-18,0,New Caledonia
2022-03-19,10,New Caledonia
2022-03-20,80,New Caledonia
2022-03-21,78,New Caledonia
2022-03-22,82,New Caledonia
2022-03-23,49,New Caledonia
2022-03-24,48,New Caledonia
2022-03-25,0,New Caledonia
2022-03-26,3,New Caledonia
2022-03-27,0,New Caledonia
2022-03-28,71,New Caledonia
2022-03-29,49,New Caledonia
2022-03-30,7,New Caledonia
2022-03-31,15,New Caledonia
2022-04-01,0,New Caledonia
2022-04-02,0,New Caledonia
2022-04-03,17,New Caledonia
2022-04-04,33,New Caledonia
2022-04-05,18,New Caledonia
2022-04-06,11,New Caledonia
2022-04-07,2,New Caledonia
2022-04-08,0,New Caledonia
2022-04-09,0,New Caledonia
2022-04-10,4,New Caledonia
2022-04-11,0,New Caledonia
2022-04-12,23,New Caledonia
2022-04-13,0,New Caledonia
2022-04-14,0,New Caledonia
2022-04-15,0,New Caledonia
2022-04-16,0,New Caledonia
2022-04-17,0,New Caledonia
2022-04-18,0,New Caledonia
2022-04-19,36,New Caledonia
2022-04-20,0,New Caledonia
2022-04-21,0,New Caledonia
2022-04-22,0,New Caledonia
2022-04-23,0,New Caledonia
2022-04-24,0,New Caledonia
2022-04-25,0,New Caledonia
2022-04-26,96,New Caledonia
2022-04-27,0,New Caledonia
2022-04-28,0,New Caledonia
2022-04-29,0,New Caledonia
2022-04-30,0,New Caledonia
2022-05-01,0,New Caledonia
2022-05-02,66,New Caledonia
2022-05-03,166,New Caledonia
2022-05-04,0,New Caledonia
2022-05-05,0,New Caledonia
2022-05-06,0,New Caledonia
2022-05-07,0,New Caledonia
2022-05-08,0,New Caledonia
2022-05-09,2,New Caledonia
2022-05-10,298,New Caledonia
2022-05-11,0,New Caledonia
2022-05-12,0,New Caledonia
2022-05-13,0,New Caledonia
2022-05-14,0,New Caledonia
2022-05-15,0,New Caledonia
2022-05-16,13,New Caledonia
2022-05-17,452,New Caledonia
2022-05-18,0,New Caledonia
2022-05-19,0,New Caledonia
2022-05-20,0,New Caledonia
2022-05-21,0,New Caledonia
2022-05-22,0,New Caledonia
2022-05-23,0,New Caledonia
2022-05-24,358,New Caledonia
2022-05-25,0,New Caledonia
2022-05-26,0,New Caledonia
2022-05-27,0,New Caledonia
2022-05-28,0,New Caledonia
2022-05-29,0,New Caledonia
2022-05-30,0,New Caledonia
2022-05-31,321,New Caledonia
2022-06-01,0,New Caledonia
2022-06-02,0,New Caledonia
2022-06-03,0,New Caledonia
2022-06-04,0,New Caledonia
2022-06-05,0,New Caledonia
2022-06-06,27,New Caledonia
2022-06-07,267,New Caledonia
2022-06-08,0,New Caledonia
2022-06-09,0,New Caledonia
2022-06-10,0,New Caledonia
2022-06-11,0,New Caledonia
2022-06-12,0,New Caledonia
2022-06-13,0,New Caledonia
2022-06-14,379,New Caledonia
2022-06-15,0,New Caledonia
2022-06-16,0,New Caledonia
2022-06-17,0,New Caledonia
2022-06-18,0,New Caledonia
2022-06-19,0,New Caledonia
2022-06-20,28,New Caledonia
2022-06-21,485,New Caledonia
2022-06-22,0,New Caledonia
2022-06-23,0,New Caledonia
2022-06-24,0,New Caledonia
2022-06-25,0,New Caledonia
2022-06-26,0,New Caledonia
2022-06-27,55,New Caledonia
2022-06-28,767,New Caledonia
2022-06-29,0,New Caledonia
2022-06-30,0,New Caledonia
2022-07-01,0,New Caledonia
2022-07-02,0,New Caledonia
2022-07-03,0,New Caledonia
2022-07-04,0,New Caledonia
2022-07-05,20,New Caledonia
2022-07-06,1050,New Caledonia
2022-07-07,0,New Caledonia
2022-07-08,0,New Caledonia
2022-07-09,0,New Caledonia
2022-07-10,0,New Caledonia
2022-07-11,0,New Caledonia
2022-07-12,30,New Caledonia
2022-07-13,1335,New Caledonia
2022-07-14,0,New Caledonia
2022-07-15,0,New Caledonia
2022-07-16,0,New Caledonia
2022-07-17,0,New Caledonia
2022-07-18,0,New Caledonia
2022-07-19,0,New Caledonia
2022-07-20,1363,New Caledonia
2022-07-21,0,New Caledonia
2022-07-22,0,New Caledonia
2022-07-23,0,New Caledonia
2022-07-24,0,New Caledonia
2022-07-25,0,New Caledonia
2022-07-26,21,New Caledonia
2022-07-27,1640,New Caledonia
2022-07-28,0,New Caledonia
2022-07-29,0,New Caledonia
2022-07-30,0,New Caledonia
2022-07-31,0,New Caledonia
2022-08-01,0,New Caledonia
2022-08-02,1222,New Caledonia
2022-08-03,0,New Caledonia
2022-08-04,0,New Caledonia
2022-08-05,0,New Caledonia
2022-08-06,0,New Caledonia
2022-08-07,0,New Caledonia
2022-08-08,0,New Caledonia
2022-08-09,0,New Caledonia
2022-08-10,1344,New Caledonia
2022-08-11,0,New Caledonia
2022-08-12,0,New Caledonia
2022-08-13,0,New Caledonia
2022-08-14,0,New Caledonia
2022-08-15,0,New Caledonia
2022-08-16,17,New Caledonia
2022-08-17,693,New Caledonia
2022-08-18,0,New Caledonia
2022-08-19,0,New Caledonia
2022-08-20,0,New Caledonia
2022-08-21,0,New Caledonia
2022-08-22,0,New Caledonia
2022-08-23,0,New Caledonia
2022-08-24,561,New Caledonia
2022-08-25,0,New Caledonia
2022-08-26,0,New Caledonia
2022-08-27,0,New Caledonia
2022-08-28,0,New Caledonia
2022-08-29,0,New Caledonia
2022-08-30,156,New Caledonia
2022-08-31,313,New Caledonia
2022-09-01,0,New Caledonia
2022-09-02,0,New Caledonia
2022-09-03,0,New Caledonia
2022-09-04,0,New Caledonia
2022-09-05,0,New Caledonia
2022-09-06,0,New Caledonia
2022-09-07,23,New Caledonia
2022-09-08,0,New Caledonia
2022-09-09,0,New Caledonia
2022-09-10,0,New Caledonia
2022-09-11,0,New Caledonia
2022-09-12,0,New Caledonia
2022-09-13,2,New Caledonia
2022-09-14,91,New Caledonia
2022-09-15,0,New Caledonia
2022-09-16,0,New Caledonia
2022-09-17,0,New Caledonia
2022-09-18,0,New Caledonia
2022-09-19,0,New Caledonia
2022-09-20,0,New Caledonia
2022-09-21,39,New Caledonia
2022-09-22,0,New Caledonia
2022-09-23,0,New Caledonia
2022-09-24,0,New Caledonia
2022-09-25,0,New Caledonia
2022-09-26,0,New Caledonia
2022-09-27,0,New Caledonia
2022-09-28,58,New Caledonia
2022-09-29,0,New Caledonia
2022-09-30,0,New Caledonia
2022-10-01,0,New Caledonia
2022-10-02,0,New Caledonia
2022-10-03,0,New Caledonia
2022-10-04,0,New Caledonia
2022-10-05,31,New Caledonia
2022-10-06,0,New Caledonia
2022-10-07,0,New Caledonia
2022-10-08,0,New Caledonia
2022-10-09,0,New Caledonia
2022-10-10,0,New Caledonia
2022-10-11,0,New Caledonia
2022-10-12,0,New Caledonia
2022-10-13,1,New Caledonia
2022-10-14,0,New Caledonia
2022-10-15,0,New Caledonia
2022-10-16,0,New Caledonia
2022-10-17,0,New Caledonia
2022-10-18,0,New Caledonia
2022-10-19,0,New Caledonia
2022-10-20,0,New Caledonia
2020-03-02,0,New Zealand
2020-03-03,0,New Zealand
2020-03-04,1,New Zealand
2020-03-05,1,New Zealand
2020-03-06,1,New Zealand
2020-03-07,1,New Zealand
2020-03-08,0,New Zealand
2020-03-09,0,New Zealand
2020-03-10,0,New Zealand
2020-03-11,0,New Zealand
2020-03-12,0,New Zealand
2020-03-13,0,New Zealand
2020-03-14,1,New Zealand
2020-03-15,2,New Zealand
2020-03-16,0,New Zealand
2020-03-17,4,New Zealand
2020-03-18,8,New Zealand
2020-03-19,8,New Zealand
2020-03-20,11,New Zealand
2020-03-21,13,New Zealand
2020-03-22,14,New Zealand
2020-03-23,36,New Zealand
2020-03-24,40,New Zealand
2020-03-25,47,New Zealand
2020-03-26,73,New Zealand
2020-03-27,76,New Zealand
2020-03-28,78,New Zealand
2020-03-29,60,New Zealand
2020-03-30,76,New Zealand
2020-03-31,48,New Zealand
2020-04-01,47,New Zealand
2020-04-02,76,New Zealand
2020-04-03,51,New Zealand
2020-04-04,50,New Zealand
2020-04-05,48,New Zealand
2020-04-06,39,New Zealand
2020-04-07,32,New Zealand
2020-04-08,26,New Zealand
2020-04-09,23,New Zealand
2020-04-10,23,New Zealand
2020-04-11,20,New Zealand
2020-04-12,14,New Zealand
2020-04-13,15,New Zealand
2020-04-14,8,New Zealand
2020-04-15,6,New Zealand
2020-04-16,6,New Zealand
2020-04-17,2,New Zealand
2020-04-18,8,New Zealand
2020-04-19,4,New Zealand
2020-04-20,7,New Zealand
2020-04-21,2,New Zealand
2020-04-22,3,New Zealand
2020-04-23,2,New Zealand
2020-04-24,2,New Zealand
2020-04-25,3,New Zealand
2020-04-26,4,New Zealand
2020-04-27,1,New Zealand
2020-04-28,2,New Zealand
2020-04-29,2,New Zealand
2020-04-30,3,New Zealand
2020-05-01,3,New Zealand
2020-05-02,2,New Zealand
2020-05-03,2,New Zealand
2020-05-04,1,New Zealand
2020-05-05,0,New Zealand
2020-05-06,1,New Zealand
2020-05-07,1,New Zealand
2020-05-08,2,New Zealand
2020-05-09,1,New Zealand
2020-05-10,2,New Zealand
2020-05-11,3,New Zealand
2020-05-12,0,New Zealand
2020-05-13,0,New Zealand
2020-05-14,0,New Zealand
2020-05-15,1,New Zealand
2020-05-16,0,New Zealand
2020-05-17,1,New Zealand
2020-05-18,0,New Zealand
2020-05-19,4,New Zealand
2020-05-20,0,New Zealand
2020-05-21,0,New Zealand
2020-05-22,1,New Zealand
2020-05-23,0,New Zealand
2020-05-24,0,New Zealand
2020-05-25,0,New Zealand
2020-05-26,0,New Zealand
2020-05-27,0,New Zealand
2020-05-28,0,New Zealand
2020-05-29,0,New Zealand
2020-05-30,0,New Zealand
2020-05-31,0,New Zealand
2020-06-01,0,New Zealand
2020-06-02,0,New Zealand
2020-06-03,0,New Zealand
2020-06-04,0,New Zealand
2020-06-05,0,New Zealand
2020-06-06,0,New Zealand
2020-06-07,0,New Zealand
2020-06-08,0,New Zealand
2020-06-09,0,New Zealand
2020-06-10,0,New Zealand
2020-06-11,0,New Zealand
2020-06-12,0,New Zealand
2020-06-13,0,New Zealand
2020-06-14,0,New Zealand
2020-06-15,0,New Zealand
2020-06-16,2,New Zealand
2020-06-17,0,New Zealand
2020-06-18,1,New Zealand
2020-06-19,0,New Zealand
2020-06-20,2,New Zealand
2020-06-21,0,New Zealand
2020-06-22,4,New Zealand
2020-06-23,2,New Zealand
2020-06-24,1,New Zealand
2020-06-25,3,New Zealand
2020-06-26,1,New Zealand
2020-06-27,2,New Zealand
2020-06-28,4,New Zealand
2020-06-29,2,New Zealand
2020-06-30,0,New Zealand
2020-07-01,0,New Zealand
2020-07-02,2,New Zealand
2020-07-03,0,New Zealand
2020-07-04,0,New Zealand
2020-07-05,3,New Zealand
2020-07-06,1,New Zealand
2020-07-07,2,New Zealand
2020-07-08,1,New Zealand
2020-07-09,3,New Zealand
2020-07-10,2,New Zealand
2020-07-11,1,New Zealand
2020-07-12,1,New Zealand
2020-07-13,0,New Zealand
2020-07-14,1,New Zealand
2020-07-15,2,New Zealand
2020-07-16,1,New Zealand
2020-07-17,1,New Zealand
2020-07-18,1,New Zealand
2020-07-19,3,New Zealand
2020-07-20,1,New Zealand
2020-07-21,1,New Zealand
2020-07-22,0,New Zealand
2020-07-23,0,New Zealand
2020-07-24,1,New Zealand
2020-07-25,0,New Zealand
2020-07-26,0,New Zealand
2020-07-27,0,New Zealand
2020-07-28,1,New Zealand
2020-07-29,1,New Zealand
2020-07-30,2,New Zealand
2020-07-31,0,New Zealand
2020-08-01,2,New Zealand
2020-08-02,3,New Zealand
2020-08-03,2,New Zealand
2020-08-04,0,New Zealand
2020-08-05,2,New Zealand
2020-08-06,0,New Zealand
2020-08-07,0,New Zealand
2020-08-08,0,New Zealand
2020-08-09,0,New Zealand
2020-08-10,0,New Zealand
2020-08-11,1,New Zealand
2020-08-12,4,New Zealand
2020-08-13,14,New Zealand
2020-08-14,13,New Zealand
2020-08-15,7,New Zealand
2020-08-16,13,New Zealand
2020-08-17,9,New Zealand
2020-08-18,13,New Zealand
2020-08-19,6,New Zealand
2020-08-20,5,New Zealand
2020-08-21,11,New Zealand
2020-08-22,6,New Zealand
2020-08-23,3,New Zealand
2020-08-24,8,New Zealand
2020-08-25,7,New Zealand
2020-08-26,5,New Zealand
2020-08-27,7,New Zealand
2020-08-28,12,New Zealand
2020-08-29,13,New Zealand
2020-08-30,2,New Zealand
2020-08-31,9,New Zealand
2020-09-01,14,New Zealand
2020-09-02,5,New Zealand
2020-09-03,2,New Zealand
2020-09-04,5,New Zealand
2020-09-05,3,New Zealand
2020-09-06,5,New Zealand
2020-09-07,4,New Zealand
2020-09-08,6,New Zealand
2020-09-09,6,New Zealand
2020-09-10,4,New Zealand
2020-09-11,1,New Zealand
2020-09-12,2,New Zealand
2020-09-13,2,New Zealand
2020-09-14,1,New Zealand
2020-09-15,3,New Zealand
2020-09-16,1,New Zealand
2020-09-17,7,New Zealand
2020-09-18,0,New Zealand
2020-09-19,2,New Zealand
2020-09-20,4,New Zealand
2020-09-21,0,New Zealand
2020-09-22,0,New Zealand
2020-09-23,4,New Zealand
2020-09-24,3,New Zealand
2020-09-25,2,New Zealand
2020-09-26,2,New Zealand
2020-09-27,2,New Zealand
2020-09-28,0,New Zealand
2020-09-29,2,New Zealand
2020-09-30,1,New Zealand
2020-10-01,12,New Zealand
2020-10-02,0,New Zealand
2020-10-03,1,New Zealand
2020-10-04,5,New Zealand
2020-10-05,1,New Zealand
2020-10-06,3,New Zealand
2020-10-07,3,New Zealand
2020-10-08,3,New Zealand
2020-10-09,2,New Zealand
2020-10-10,4,New Zealand
2020-10-11,1,New Zealand
2020-10-12,0,New Zealand
2020-10-13,1,New Zealand
2020-10-14,2,New Zealand
2020-10-15,2,New Zealand
2020-10-16,4,New Zealand
2020-10-17,3,New Zealand
2020-10-18,3,New Zealand
2020-10-19,0,New Zealand
2020-10-20,1,New Zealand
2020-10-21,25,New Zealand
2020-10-22,2,New Zealand
2020-10-23,9,New Zealand
2020-10-24,11,New Zealand
2020-10-25,1,New Zealand
2020-10-26,5,New Zealand
2020-10-27,1,New Zealand
2020-10-28,2,New Zealand
2020-10-29,6,New Zealand
2020-10-30,1,New Zealand
2020-10-31,7,New Zealand
2020-11-01,3,New Zealand
2020-11-02,4,New Zealand
2020-11-03,5,New Zealand
2020-11-04,3,New Zealand
2020-11-05,2,New Zealand
2020-11-06,1,New Zealand
2020-11-07,2,New Zealand
2020-11-08,6,New Zealand
2020-11-09,4,New Zealand
2020-11-10,1,New Zealand
2020-11-11,1,New Zealand
2020-11-12,3,New Zealand
2020-11-13,4,New Zealand
2020-11-14,3,New Zealand
2020-11-15,2,New Zealand
2020-11-16,1,New Zealand
2020-11-17,4,New Zealand
2020-11-18,3,New Zealand
2020-11-19,2,New Zealand
2020-11-20,3,New Zealand
2020-11-21,6,New Zealand
2020-11-22,9,New Zealand
2020-11-23,1,New Zealand
2020-11-24,2,New Zealand
2020-11-25,8,New Zealand
2020-11-26,1,New Zealand
2020-11-27,7,New Zealand
2020-11-28,3,New Zealand
2020-11-29,2,New Zealand
2020-11-30,4,New Zealand
2020-12-01,3,New Zealand
2020-12-02,1,New Zealand
2020-12-03,9,New Zealand
2020-12-04,0,New Zealand
2020-12-05,9,New Zealand
2020-12-06,0,New Zealand
2020-12-07,1,New Zealand
2020-12-08,6,New Zealand
2020-12-09,1,New Zealand
2020-12-10,0,New Zealand
2020-12-11,6,New Zealand
2020-12-12,0,New Zealand
2020-12-13,4,New Zealand
2020-12-14,0,New Zealand
2020-12-15,0,New Zealand
2020-12-16,4,New Zealand
2020-12-17,0,New Zealand
2020-12-18,10,New Zealand
2020-12-19,0,New Zealand
2020-12-20,6,New Zealand
2020-12-21,5,New Zealand
2020-12-22,0,New Zealand
2020-12-23,7,New Zealand
2020-12-24,0,New Zealand
2020-12-25,0,New Zealand
2020-12-26,0,New Zealand
2020-12-27,16,New Zealand
2020-12-28,0,New Zealand
2020-12-29,7,New Zealand
2020-12-30,0,New Zealand
2020-12-31,11,New Zealand
2021-01-01,0,New Zealand
2021-01-02,19,New Zealand
2021-01-03,0,New Zealand
2021-01-04,3,New Zealand
2021-01-05,0,New Zealand
2021-01-06,4,New Zealand
2021-01-07,0,New Zealand
2021-01-08,0,New Zealand
2021-01-09,29,New Zealand
2021-01-10,4,New Zealand
2021-01-11,0,New Zealand
2021-01-12,7,New Zealand
2021-01-13,0,New Zealand
2021-01-14,18,New Zealand
2021-01-15,0,New Zealand
2021-01-16,10,New Zealand
2021-01-17,5,New Zealand
2021-01-18,0,New Zealand
2021-01-19,6,New Zealand
2021-01-20,0,New Zealand
2021-01-21,9,New Zealand
2021-01-22,0,New Zealand
2021-01-23,6,New Zealand
2021-01-24,6,New Zealand
2021-01-25,1,New Zealand
2021-01-26,5,New Zealand
2021-01-27,5,New Zealand
2021-01-28,3,New Zealand
2021-01-29,1,New Zealand
2021-01-30,0,New Zealand
2021-01-31,0,New Zealand
2021-02-01,2,New Zealand
2021-02-02,2,New Zealand
2021-02-03,6,New Zealand
2021-02-04,2,New Zealand
2021-02-05,0,New Zealand
2021-02-06,5,New Zealand
2021-02-07,0,New Zealand
2021-02-08,1,New Zealand
2021-02-09,2,New Zealand
2021-02-10,1,New Zealand
2021-02-11,2,New Zealand
2021-02-12,1,New Zealand
2021-02-13,3,New Zealand
2021-02-14,6,New Zealand
2021-02-15,1,New Zealand
2021-02-16,3,New Zealand
2021-02-17,4,New Zealand
2021-02-18,4,New Zealand
2021-02-19,0,New Zealand
2021-02-20,2,New Zealand
2021-02-21,7,New Zealand
2021-02-22,4,New Zealand
2021-02-23,4,New Zealand
2021-02-24,3,New Zealand
2021-02-25,3,New Zealand
2021-02-26,1,New Zealand
2021-02-27,4,New Zealand
2021-02-28,2,New Zealand
2021-03-01,4,New Zealand
2021-03-02,1,New Zealand
2021-03-03,6,New Zealand
2021-03-04,0,New Zealand
2021-03-05,9,New Zealand
2021-03-06,1,New Zealand
2021-03-07,6,New Zealand
2021-03-08,4,New Zealand
2021-03-09,1,New Zealand
2021-03-10,6,New Zealand
2021-03-11,1,New Zealand
2021-03-12,5,New Zealand
2021-03-13,1,New Zealand
2021-03-14,7,New Zealand
2021-03-15,1,New Zealand
2021-03-16,3,New Zealand
2021-03-17,0,New Zealand
2021-03-18,10,New Zealand
2021-03-19,0,New Zealand
2021-03-20,9,New Zealand
2021-03-21,9,New Zealand
2021-03-22,5,New Zealand
2021-03-23,3,New Zealand
2021-03-24,6,New Zealand
2021-03-25,3,New Zealand
2021-03-26,2,New Zealand
2021-03-27,1,New Zealand
2021-03-28,11,New Zealand
2021-03-29,2,New Zealand
2021-03-30,1,New Zealand
2021-03-31,5,New Zealand
2021-04-01,0,New Zealand
2021-04-02,0,New Zealand
2021-04-03,6,New Zealand
2021-04-04,0,New Zealand
2021-04-05,17,New Zealand
2021-04-06,7,New Zealand
2021-04-07,24,New Zealand
2021-04-08,6,New Zealand
2021-04-09,10,New Zealand
2021-04-10,3,New Zealand
2021-04-11,9,New Zealand
2021-04-12,4,New Zealand
2021-04-13,2,New Zealand
2021-04-14,0,New Zealand
2021-04-15,1,New Zealand
2021-04-16,0,New Zealand
2021-04-17,4,New Zealand
2021-04-18,2,New Zealand
2021-04-19,1,New Zealand
2021-04-20,0,New Zealand
2021-04-21,3,New Zealand
2021-04-22,0,New Zealand
2021-04-23,1,New Zealand
2021-04-24,0,New Zealand
2021-04-25,0,New Zealand
2021-04-26,7,New Zealand
2021-04-27,2,New Zealand
2021-04-28,3,New Zealand
2021-04-29,0,New Zealand
2021-04-30,0,New Zealand
2021-05-01,4,New Zealand
2021-05-02,5,New Zealand
2021-05-03,1,New Zealand
2021-05-04,6,New Zealand
2021-05-05,4,New Zealand
2021-05-06,1,New Zealand
2021-05-07,6,New Zealand
2021-05-08,2,New Zealand
2021-05-09,0,New Zealand
2021-05-10,0,New Zealand
2021-05-11,1,New Zealand
2021-05-12,1,New Zealand
2021-05-13,1,New Zealand
2021-05-14,0,New Zealand
2021-05-15,1,New Zealand
2021-05-16,5,New Zealand
2021-05-17,1,New Zealand
2021-05-18,6,New Zealand
2021-05-19,1,New Zealand
2021-05-20,3,New Zealand
2021-05-21,0,New Zealand
2021-05-22,1,New Zealand
2021-05-23,4,New Zealand
2021-05-24,2,New Zealand
2021-05-25,0,New Zealand
2021-05-26,1,New Zealand
2021-05-27,0,New Zealand
2021-05-28,0,New Zealand
2021-05-29,2,New Zealand
2021-05-30,1,New Zealand
2021-05-31,0,New Zealand
2021-06-01,6,New Zealand
2021-06-02,2,New Zealand
2021-06-03,0,New Zealand
2021-06-04,0,New Zealand
2021-06-05,1,New Zealand
2021-06-06,0,New Zealand
2021-06-07,10,New Zealand
2021-06-08,4,New Zealand
2021-06-09,1,New Zealand
2021-06-10,5,New Zealand
2021-06-11,0,New Zealand
2021-06-12,6,New Zealand
2021-06-13,0,New Zealand
2021-06-14,1,New Zealand
2021-06-15,2,New Zealand
2021-06-16,2,New Zealand
2021-06-17,1,New Zealand
2021-06-18,0,New Zealand
2021-06-19,3,New Zealand
2021-06-20,2,New Zealand
2021-06-21,0,New Zealand
2021-06-22,4,New Zealand
2021-06-23,0,New Zealand
2021-06-24,2,New Zealand
2021-06-25,2,New Zealand
2021-06-26,1,New Zealand
2021-06-27,9,New Zealand
2021-06-28,4,New Zealand
2021-06-29,0,New Zealand
2021-06-30,0,New Zealand
2021-07-01,1,New Zealand
2021-07-02,0,New Zealand
2021-07-03,9,New Zealand
2021-07-04,6,New Zealand
2021-07-05,1,New Zealand
2021-07-06,5,New Zealand
2021-07-07,0,New Zealand
2021-07-08,1,New Zealand
2021-07-09,0,New Zealand
2021-07-10,3,New Zealand
2021-07-11,1,New Zealand
2021-07-12,18,New Zealand
2021-07-13,3,New Zealand
2021-07-14,5,New Zealand
2021-07-15,8,New Zealand
2021-07-16,0,New Zealand
2021-07-17,12,New Zealand
2021-07-18,2,New Zealand
2021-07-19,6,New Zealand
2021-07-20,6,New Zealand
2021-07-21,7,New Zealand
2021-07-22,20,New Zealand
2021-07-23,5,New Zealand
2021-07-24,0,New Zealand
2021-07-25,2,New Zealand
2021-07-26,1,New Zealand
2021-07-27,0,New Zealand
2021-07-28,3,New Zealand
2021-07-29,3,New Zealand
2021-07-30,0,New Zealand
2021-07-31,4,New Zealand
2021-08-01,3,New Zealand
2021-08-02,0,New Zealand
2021-08-03,3,New Zealand
2021-08-04,0,New Zealand
2021-08-05,0,New Zealand
2021-08-06,1,New Zealand
2021-08-07,5,New Zealand
2021-08-08,2,New Zealand
2021-08-09,14,New Zealand
2021-08-10,2,New Zealand
2021-08-11,9,New Zealand
2021-08-12,1,New Zealand
2021-08-13,0,New Zealand
2021-08-14,5,New Zealand
2021-08-15,7,New Zealand
2021-08-16,0,New Zealand
2021-08-17,8,New Zealand
2021-08-18,20,New Zealand
2021-08-19,14,New Zealand
2021-08-20,24,New Zealand
2021-08-21,24,New Zealand
2021-08-22,38,New Zealand
2021-08-23,42,New Zealand
2021-08-24,63,New Zealand
2021-08-25,68,New Zealand
2021-08-26,70,New Zealand
2021-08-27,83,New Zealand
2021-08-28,84,New Zealand
2021-08-29,55,New Zealand
2021-08-30,49,New Zealand
2021-08-31,75,New Zealand
2021-09-01,53,New Zealand
2021-09-02,29,New Zealand
2021-09-03,18,New Zealand
2021-09-04,25,New Zealand
2021-09-05,23,New Zealand
2021-09-06,22,New Zealand
2021-09-07,16,New Zealand
2021-09-08,18,New Zealand
2021-09-09,19,New Zealand
2021-09-10,24,New Zealand
2021-09-11,23,New Zealand
2021-09-12,36,New Zealand
2021-09-13,15,New Zealand
2021-09-14,17,New Zealand
2021-09-15,17,New Zealand
2021-09-16,16,New Zealand
2021-09-17,22,New Zealand
2021-09-18,22,New Zealand
2021-09-19,22,New Zealand
2021-09-20,15,New Zealand
2021-09-21,23,New Zealand
2021-09-22,16,New Zealand
2021-09-23,10,New Zealand
2021-09-24,18,New Zealand
2021-09-25,20,New Zealand
2021-09-26,10,New Zealand
2021-09-27,11,New Zealand
2021-09-28,45,New Zealand
2021-09-29,24,New Zealand
2021-09-30,19,New Zealand
2021-10-01,27,New Zealand
2021-10-02,32,New Zealand
2021-10-03,30,New Zealand
2021-10-04,26,New Zealand
2021-10-05,41,New Zealand
2021-10-06,31,New Zealand
2021-10-07,47,New Zealand
2021-10-08,35,New Zealand
2021-10-09,61,New Zealand
2021-10-10,34,New Zealand
2021-10-11,46,New Zealand
2021-10-12,55,New Zealand
2021-10-13,72,New Zealand
2021-10-14,66,New Zealand
2021-10-15,41,New Zealand
2021-10-16,52,New Zealand
2021-10-17,64,New Zealand
2021-10-18,97,New Zealand
2021-10-19,60,New Zealand
2021-10-20,104,New Zealand
2021-10-21,134,New Zealand
2021-10-22,103,New Zealand
2021-10-23,85,New Zealand
2021-10-24,104,New Zealand
2021-10-25,79,New Zealand
2021-10-26,78,New Zealand
2021-10-27,96,New Zealand
2021-10-28,129,New Zealand
2021-10-29,161,New Zealand
2021-10-30,142,New Zealand
2021-10-31,166,New Zealand
2021-11-01,128,New Zealand
2021-11-02,108,New Zealand
2021-11-03,142,New Zealand
2021-11-04,166,New Zealand
2021-11-05,204,New Zealand
2021-11-06,113,New Zealand
2021-11-07,192,New Zealand
2021-11-08,126,New Zealand
2021-11-09,149,New Zealand
2021-11-10,182,New Zealand
2021-11-11,202,New Zealand
2021-11-12,176,New Zealand
2021-11-13,209,New Zealand
2021-11-14,174,New Zealand
2021-11-15,222,New Zealand
2021-11-16,196,New Zealand
2021-11-17,168,New Zealand
2021-11-18,200,New Zealand
2021-11-19,169,New Zealand
2021-11-20,147,New Zealand
2021-11-21,200,New Zealand
2021-11-22,219,New Zealand
2021-11-23,214,New Zealand
2021-11-24,182,New Zealand
2021-11-25,177,New Zealand
2021-11-26,145,New Zealand
2021-11-27,146,New Zealand
2021-11-28,182,New Zealand
2021-11-29,133,New Zealand
2021-11-30,147,New Zealand
2021-12-01,173,New Zealand
2021-12-02,93,New Zealand
2021-12-03,100,New Zealand
2021-12-04,109,New Zealand
2021-12-05,133,New Zealand
2021-12-06,95,New Zealand
2021-12-07,92,New Zealand
2021-12-08,105,New Zealand
2021-12-09,96,New Zealand
2021-12-10,64,New Zealand
2021-12-11,103,New Zealand
2021-12-12,102,New Zealand
2021-12-13,81,New Zealand
2021-12-14,76,New Zealand
2021-12-15,95,New Zealand
2021-12-16,79,New Zealand
2021-12-17,45,New Zealand
2021-12-18,62,New Zealand
2021-12-19,74,New Zealand
2021-12-20,31,New Zealand
2021-12-21,59,New Zealand
2021-12-22,59,New Zealand
2021-12-23,72,New Zealand
2021-12-24,66,New Zealand
2021-12-25,70,New Zealand
2021-12-26,44,New Zealand
2021-12-27,33,New Zealand
2021-12-28,54,New Zealand
2021-12-29,70,New Zealand
2021-12-30,60,New Zealand
2021-12-31,0,New Zealand
2022-01-01,137,New Zealand
2022-01-02,49,New Zealand
2022-01-03,58,New Zealand
2022-01-04,40,New Zealand
2022-01-05,61,New Zealand
2022-01-06,59,New Zealand
2022-01-07,71,New Zealand
2022-01-08,77,New Zealand
2022-01-09,60,New Zealand
2022-01-10,22,New Zealand
2022-01-11,91,New Zealand
2022-01-12,40,New Zealand
2022-01-13,61,New Zealand
2022-01-14,54,New Zealand
2022-01-15,68,New Zealand
2022-01-16,56,New Zealand
2022-01-17,44,New Zealand
2022-01-18,80,New Zealand
2022-01-19,85,New Zealand
2022-01-20,67,New Zealand
2022-01-21,78,New Zealand
2022-01-22,71,New Zealand
2022-01-23,75,New Zealand
2022-01-24,60,New Zealand
2022-01-25,60,New Zealand
2022-01-26,95,New Zealand
2022-01-27,150,New Zealand
2022-01-28,155,New Zealand
2022-01-29,139,New Zealand
2022-01-30,131,New Zealand
2022-01-31,206,New Zealand
2022-02-01,193,New Zealand
2022-02-02,189,New Zealand
2022-02-03,273,New Zealand
2022-02-04,269,New Zealand
2022-02-05,227,New Zealand
2022-02-06,214,New Zealand
2022-02-07,265,New Zealand
2022-02-08,248,New Zealand
2022-02-09,334,New Zealand
2022-02-10,476,New Zealand
2022-02-11,466,New Zealand
2022-02-12,789,New Zealand
2022-02-13,997,New Zealand
2022-02-14,738,New Zealand
2022-02-15,1148,New Zealand
2022-02-16,1525,New Zealand
2022-02-17,1947,New Zealand
2022-02-18,1611,New Zealand
2022-02-19,2395,New Zealand
2022-02-20,2360,New Zealand
2022-02-21,2736,New Zealand
2022-02-22,678,New Zealand
2022-02-23,8715,New Zealand
2022-02-24,12001,New Zealand
2022-02-25,13645,New Zealand
2022-02-26,15010,New Zealand
2022-02-27,13054,New Zealand
2022-02-28,21412,New Zealand
2022-03-01,22085,New Zealand
2022-03-02,23189,New Zealand
2022-03-03,22559,New Zealand
2022-03-04,18854,New Zealand
2022-03-05,15156,New Zealand
2022-03-06,17532,New Zealand
2022-03-07,23904,New Zealand
2022-03-08,22449,New Zealand
2022-03-09,21024,New Zealand
2022-03-10,21012,New Zealand
2022-03-11,18667,New Zealand
2022-03-12,14522,New Zealand
2022-03-13,15582,New Zealand
2022-03-14,21642,New Zealand
2022-03-15,19485,New Zealand
2022-03-16,19604,New Zealand
2022-03-17,14146,New Zealand
2022-03-18,18524,New Zealand
2022-03-19,11975,New Zealand
2022-03-20,14482,New Zealand
2022-03-21,20898,New Zealand
2022-03-22,20130,New Zealand
2022-03-23,18472,New Zealand
2022-03-24,15900,New Zealand
2022-03-25,14176,New Zealand
2022-03-26,10263,New Zealand
2022-03-27,12916,New Zealand
2022-03-28,17171,New Zealand
2022-03-29,15954,New Zealand
2022-03-30,15296,New Zealand
2022-03-31,13524,New Zealand
2022-04-01,11647,New Zealand
2022-04-02,8847,New Zealand
2022-04-03,10235,New Zealand
2022-04-04,14163,New Zealand
2022-04-05,12618,New Zealand
2022-04-06,11646,New Zealand
2022-04-07,9975,New Zealand
2022-04-08,8475,New Zealand
2022-04-09,6736,New Zealand
2022-04-10,7631,New Zealand
2022-04-11,10971,New Zealand
2022-04-12,9447,New Zealand
2022-04-13,9476,New Zealand
2022-04-14,7826,New Zealand
2022-04-15,5711,New Zealand
2022-04-16,5965,New Zealand
2022-04-17,6244,New Zealand
2022-04-18,8227,New Zealand
2022-04-19,11122,New Zealand
2022-04-20,10245,New Zealand
2022-04-21,9446,New Zealand
2022-04-22,7868,New Zealand
2022-04-23,5683,New Zealand
2022-04-24,5734,New Zealand
2022-04-25,6355,New Zealand
2022-04-26,9816,New Zealand
2022-04-27,9049,New Zealand
2022-04-28,8316,New Zealand
2022-04-29,7018,New Zealand
2022-04-30,5679,New Zealand
2022-05-01,6683,New Zealand
2022-05-02,9113,New Zealand
2022-05-03,8520,New Zealand
2022-05-04,8630,New Zealand
2022-05-05,7426,New Zealand
2022-05-06,6744,New Zealand
2022-05-07,5727,New Zealand
2022-05-08,6379,New Zealand
2022-05-09,9182,New Zealand
2022-05-10,7987,New Zealand
2022-05-11,9380,New Zealand
2022-05-12,7519,New Zealand
2022-05-13,7041,New Zealand
2022-05-14,5806,New Zealand
2022-05-15,11242,New Zealand
2022-05-16,9908,New Zealand
2022-05-17,5284,New Zealand
2022-05-18,9098,New Zealand
2022-05-19,7812,New Zealand
2022-05-20,6703,New Zealand
2022-05-21,5034,New Zealand
2022-05-22,6002,New Zealand
2022-05-23,8434,New Zealand
2022-05-24,8169,New Zealand
2022-05-25,7601,New Zealand
2022-05-26,6952,New Zealand
2022-05-27,6348,New Zealand
2022-05-28,4868,New Zealand
2022-05-29,5776,New Zealand
2022-05-30,8434,New Zealand
2022-05-31,8191,New Zealand
2022-06-01,7915,New Zealand
2022-06-02,6250,New Zealand
2022-06-03,6373,New Zealand
2022-06-04,4450,New Zealand
2022-06-05,4469,New Zealand
2022-06-06,5722,New Zealand
2022-06-07,7202,New Zealand
2022-06-08,8017,New Zealand
2022-06-09,6383,New Zealand
2022-06-10,5184,New Zealand
2022-06-11,4534,New Zealand
2022-06-12,10720,New Zealand
2022-06-13,37,New Zealand
2022-06-14,5638,New Zealand
2022-06-15,5542,New Zealand
2022-06-16,4962,New Zealand
2022-06-17,4517,New Zealand
2022-06-18,3402,New Zealand
2022-06-19,4077,New Zealand
2022-06-20,5792,New Zealand
2022-06-21,5679,New Zealand
2022-06-22,5391,New Zealand
2022-06-23,0,New Zealand
2022-06-24,9054,New Zealand
2022-06-25,4672,New Zealand
2022-06-26,12954,New Zealand
2022-06-27,997,New Zealand
2022-06-28,8177,New Zealand
2022-06-29,7723,New Zealand
2022-06-30,7195,New Zealand
2022-07-01,6729,New Zealand
2022-07-02,5359,New Zealand
2022-07-03,0,New Zealand
2022-07-04,6503,New Zealand
2022-07-05,9816,New Zealand
2022-07-06,16808,New Zealand
2022-07-07,6724,New Zealand
2022-07-08,13734,New Zealand
2022-07-09,9318,New Zealand
2022-07-10,7495,New Zealand
2022-07-11,8400,New Zealand
2022-07-12,11597,New Zealand
2022-07-13,11592,New Zealand
2022-07-14,11551,New Zealand
2022-07-15,10803,New Zealand
2022-07-16,9352,New Zealand
2022-07-17,6379,New Zealand
2022-07-18,7796,New Zealand
2022-07-19,10196,New Zealand
2022-07-20,10574,New Zealand
2022-07-21,10061,New Zealand
2022-07-22,9087,New Zealand
2022-07-23,7891,New Zealand
2022-07-24,5564,New Zealand
2022-07-25,7008,New Zealand
2022-07-26,9507,New Zealand
2022-07-27,8986,New Zealand
2022-07-28,7699,New Zealand
2022-07-29,7918,New Zealand
2022-07-30,6309,New Zealand
2022-07-31,4176,New Zealand
2022-08-01,5581,New Zealand
2022-08-02,6988,New Zealand
2022-08-03,6374,New Zealand
2022-08-04,6395,New Zealand
2022-08-05,5505,New Zealand
2022-08-06,4837,New Zealand
2022-08-07,3322,New Zealand
2022-08-08,3963,New Zealand
2022-08-09,6003,New Zealand
2022-08-10,5277,New Zealand
2022-08-11,5022,New Zealand
2022-08-12,4156,New Zealand
2022-08-13,3682,New Zealand
2022-08-14,2597,New Zealand
2022-08-15,3413,New Zealand
2022-08-16,4854,New Zealand
2022-08-17,4502,New Zealand
2022-08-18,4537,New Zealand
2022-08-19,3949,New Zealand
2022-08-20,3374,New Zealand
2022-08-21,2053,New Zealand
2022-08-22,2700,New Zealand
2022-08-23,3762,New Zealand
2022-08-24,3200,New Zealand
2022-08-25,2768,New Zealand
2022-08-26,2488,New Zealand
2022-08-27,0,New Zealand
2022-08-28,3493,New Zealand
2022-08-29,1638,New Zealand
2022-08-30,2560,New Zealand
2022-08-31,2238,New Zealand
2022-09-01,2129,New Zealand
2022-09-02,1902,New Zealand
2022-09-03,0,New Zealand
2022-09-04,2607,New Zealand
2022-09-05,1288,New Zealand
2022-09-06,2094,New Zealand
2022-09-07,1838,New Zealand
2022-09-08,1703,New Zealand
2022-09-09,1548,New Zealand
2022-09-10,0,New Zealand
2022-09-11,2285,New Zealand
2022-09-12,1159,New Zealand
2022-09-13,2019,New Zealand
2022-09-14,0,New Zealand
2022-09-15,0,New Zealand
2022-09-16,0,New Zealand
2022-09-17,0,New Zealand
2022-09-18,0,New Zealand
2022-09-19,7219,New Zealand
2022-09-20,0,New Zealand
2022-09-21,0,New Zealand
2022-09-22,0,New Zealand
2022-09-23,0,New Zealand
2022-09-24,0,New Zealand
2022-09-25,0,New Zealand
2022-09-26,0,New Zealand
2022-09-27,9809,New Zealand
2022-09-28,0,New Zealand
2022-09-29,0,New Zealand
2022-09-30,0,New Zealand
2022-10-01,9807,New Zealand
2022-10-02,0,New Zealand
2022-10-03,0,New Zealand
2022-10-04,0,New Zealand
2022-10-05,0,New Zealand
2022-10-06,0,New Zealand
2022-10-07,0,New Zealand
2022-10-08,0,New Zealand
2022-10-09,0,New Zealand
2022-10-10,11019,New Zealand
2022-10-11,0,New Zealand
2022-10-12,0,New Zealand
2022-10-13,0,New Zealand
2022-10-14,0,New Zealand
2022-10-15,0,New Zealand
2022-10-16,14028,New Zealand
2022-10-17,14489,New Zealand
2022-10-18,0,New Zealand
2022-10-19,0,New Zealand
2022-10-20,0,New Zealand
2020-03-02,0,Northern Mariana Islands
2020-03-03,0,Northern Mariana Islands
2020-03-04,0,Northern Mariana Islands
2020-03-05,0,Northern Mariana Islands
2020-03-06,0,Northern Mariana Islands
2020-03-07,0,Northern Mariana Islands
2020-03-08,0,Northern Mariana Islands
2020-03-09,0,Northern Mariana Islands
2020-03-10,0,Northern Mariana Islands
2020-03-11,0,Northern Mariana Islands
2020-03-12,0,Northern Mariana Islands
2020-03-13,0,Northern Mariana Islands
2020-03-14,0,Northern Mariana Islands
2020-03-15,0,Northern Mariana Islands
2020-03-16,0,Northern Mariana Islands
2020-03-17,0,Northern Mariana Islands
2020-03-18,0,Northern Mariana Islands
2020-03-19,0,Northern Mariana Islands
2020-03-20,0,Northern Mariana Islands
2020-03-21,0,Northern Mariana Islands
2020-03-22,0,Northern Mariana Islands
2020-03-23,0,Northern Mariana Islands
2020-03-24,0,Northern Mariana Islands
2020-03-25,0,Northern Mariana Islands
2020-03-26,0,Northern Mariana Islands
2020-03-27,0,Northern Mariana Islands
2020-03-28,0,Northern Mariana Islands
2020-03-29,0,Northern Mariana Islands
2020-03-30,2,Northern Mariana Islands
2020-03-31,0,Northern Mariana Islands
2020-04-01,0,Northern Mariana Islands
2020-04-02,4,Northern Mariana Islands
2020-04-03,2,Northern Mariana Islands
2020-04-04,0,Northern Mariana Islands
2020-04-05,0,Northern Mariana Islands
2020-04-06,0,Northern Mariana Islands
2020-04-07,0,Northern Mariana Islands
2020-04-08,0,Northern Mariana Islands
2020-04-09,3,Northern Mariana Islands
2020-04-10,0,Northern Mariana Islands
2020-04-11,0,Northern Mariana Islands
2020-04-12,0,Northern Mariana Islands
2020-04-13,0,Northern Mariana Islands
2020-04-14,0,Northern Mariana Islands
2020-04-15,2,Northern Mariana Islands
2020-04-16,0,Northern Mariana Islands
2020-04-17,0,Northern Mariana Islands
2020-04-18,1,Northern Mariana Islands
2020-04-19,0,Northern Mariana Islands
2020-04-20,0,Northern Mariana Islands
2020-04-21,0,Northern Mariana Islands
2020-04-22,0,Northern Mariana Islands
2020-04-23,0,Northern Mariana Islands
2020-04-24,0,Northern Mariana Islands
2020-04-25,0,Northern Mariana Islands
2020-04-26,0,Northern Mariana Islands
2020-04-27,0,Northern Mariana Islands
2020-04-28,0,Northern Mariana Islands
2020-04-29,0,Northern Mariana Islands
2020-04-30,0,Northern Mariana Islands
2020-05-01,0,Northern Mariana Islands
2020-05-02,0,Northern Mariana Islands
2020-05-03,0,Northern Mariana Islands
2020-05-04,0,Northern Mariana Islands
2020-05-05,0,Northern Mariana Islands
2020-05-06,0,Northern Mariana Islands
2020-05-07,1,Northern Mariana Islands
2020-05-08,0,Northern Mariana Islands
2020-05-09,0,Northern Mariana Islands
2020-05-10,1,Northern Mariana Islands
2020-05-11,0,Northern Mariana Islands
2020-05-12,3,Northern Mariana Islands
2020-05-13,0,Northern Mariana Islands
2020-05-14,0,Northern Mariana Islands
2020-05-15,0,Northern Mariana Islands
2020-05-16,0,Northern Mariana Islands
2020-05-17,2,Northern Mariana Islands
2020-05-18,0,Northern Mariana Islands
2020-05-19,0,Northern Mariana Islands
2020-05-20,0,Northern Mariana Islands
2020-05-21,0,Northern Mariana Islands
2020-05-22,1,Northern Mariana Islands
2020-05-23,0,Northern Mariana Islands
2020-05-24,0,Northern Mariana Islands
2020-05-25,0,Northern Mariana Islands
2020-05-26,0,Northern Mariana Islands
2020-05-27,0,Northern Mariana Islands
2020-05-28,0,Northern Mariana Islands
2020-05-29,0,Northern Mariana Islands
2020-05-30,0,Northern Mariana Islands
2020-05-31,0,Northern Mariana Islands
2020-06-01,0,Northern Mariana Islands
2020-06-02,0,Northern Mariana Islands
2020-06-03,1,Northern Mariana Islands
2020-06-04,1,Northern Mariana Islands
2020-06-05,2,Northern Mariana Islands
2020-06-06,0,Northern Mariana Islands
2020-06-07,0,Northern Mariana Islands
2020-06-08,1,Northern Mariana Islands
2020-06-09,1,Northern Mariana Islands
2020-06-10,2,Northern Mariana Islands
2020-06-11,0,Northern Mariana Islands
2020-06-12,0,Northern Mariana Islands
2020-06-13,0,Northern Mariana Islands
2020-06-14,0,Northern Mariana Islands
2020-06-15,0,Northern Mariana Islands
2020-06-16,0,Northern Mariana Islands
2020-06-17,0,Northern Mariana Islands
2020-06-18,0,Northern Mariana Islands
2020-06-19,0,Northern Mariana Islands
2020-06-20,0,Northern Mariana Islands
2020-06-21,0,Northern Mariana Islands
2020-06-22,0,Northern Mariana Islands
2020-06-23,0,Northern Mariana Islands
2020-06-24,0,Northern Mariana Islands
2020-06-25,0,Northern Mariana Islands
2020-06-26,0,Northern Mariana Islands
2020-06-27,0,Northern Mariana Islands
2020-06-28,0,Northern Mariana Islands
2020-06-29,0,Northern Mariana Islands
2020-06-30,0,Northern Mariana Islands
2020-07-01,0,Northern Mariana Islands
2020-07-02,0,Northern Mariana Islands
2020-07-03,1,Northern Mariana Islands
2020-07-04,0,Northern Mariana Islands
2020-07-05,0,Northern Mariana Islands
2020-07-06,0,Northern Mariana Islands
2020-07-07,0,Northern Mariana Islands
2020-07-08,0,Northern Mariana Islands
2020-07-09,0,Northern Mariana Islands
2020-07-10,0,Northern Mariana Islands
2020-07-11,0,Northern Mariana Islands
2020-07-12,2,Northern Mariana Islands
2020-07-13,0,Northern Mariana Islands
2020-07-14,0,Northern Mariana Islands
2020-07-15,3,Northern Mariana Islands
2020-07-16,0,Northern Mariana Islands
2020-07-17,1,Northern Mariana Islands
2020-07-18,0,Northern Mariana Islands
2020-07-19,0,Northern Mariana Islands
2020-07-20,0,Northern Mariana Islands
2020-07-21,0,Northern Mariana Islands
2020-07-22,1,Northern Mariana Islands
2020-07-23,0,Northern Mariana Islands
2020-07-24,0,Northern Mariana Islands
2020-07-25,0,Northern Mariana Islands
2020-07-26,1,Northern Mariana Islands
2020-07-27,1,Northern Mariana Islands
2020-07-28,0,Northern Mariana Islands
2020-07-29,0,Northern Mariana Islands
2020-07-30,0,Northern Mariana Islands
2020-07-31,2,Northern Mariana Islands
2020-08-01,0,Northern Mariana Islands
2020-08-02,2,Northern Mariana Islands
2020-08-03,1,Northern Mariana Islands
2020-08-04,1,Northern Mariana Islands
2020-08-05,0,Northern Mariana Islands
2020-08-06,0,Northern Mariana Islands
2020-08-07,1,Northern Mariana Islands
2020-08-08,0,Northern Mariana Islands
2020-08-09,1,Northern Mariana Islands
2020-08-10,0,Northern Mariana Islands
2020-08-11,1,Northern Mariana Islands
2020-08-12,0,Northern Mariana Islands
2020-08-13,0,Northern Mariana Islands
2020-08-14,0,Northern Mariana Islands
2020-08-15,1,Northern Mariana Islands
2020-08-16,0,Northern Mariana Islands
2020-08-17,0,Northern Mariana Islands
2020-08-18,4,Northern Mariana Islands
2020-08-19,0,Northern Mariana Islands
2020-08-20,0,Northern Mariana Islands
2020-08-21,0,Northern Mariana Islands
2020-08-22,0,Northern Mariana Islands
2020-08-23,0,Northern Mariana Islands
2020-08-24,0,Northern Mariana Islands
2020-08-25,0,Northern Mariana Islands
2020-08-26,0,Northern Mariana Islands
2020-08-27,0,Northern Mariana Islands
2020-08-28,0,Northern Mariana Islands
2020-08-29,0,Northern Mariana Islands
2020-08-30,2,Northern Mariana Islands
2020-08-31,0,Northern Mariana Islands
2020-09-01,0,Northern Mariana Islands
2020-09-02,1,Northern Mariana Islands
2020-09-03,0,Northern Mariana Islands
2020-09-04,0,Northern Mariana Islands
2020-09-05,0,Northern Mariana Islands
2020-09-06,1,Northern Mariana Islands
2020-09-07,0,Northern Mariana Islands
2020-09-08,1,Northern Mariana Islands
2020-09-09,0,Northern Mariana Islands
2020-09-10,0,Northern Mariana Islands
2020-09-11,0,Northern Mariana Islands
2020-09-12,0,Northern Mariana Islands
2020-09-13,1,Northern Mariana Islands
2020-09-14,0,Northern Mariana Islands
2020-09-15,1,Northern Mariana Islands
2020-09-16,0,Northern Mariana Islands
2020-09-17,0,Northern Mariana Islands
2020-09-18,1,Northern Mariana Islands
2020-09-19,0,Northern Mariana Islands
2020-09-20,6,Northern Mariana Islands
2020-09-21,0,Northern Mariana Islands
2020-09-22,1,Northern Mariana Islands
2020-09-23,0,Northern Mariana Islands
2020-09-24,0,Northern Mariana Islands
2020-09-25,0,Northern Mariana Islands
2020-09-26,0,Northern Mariana Islands
2020-09-27,1,Northern Mariana Islands
2020-09-28,0,Northern Mariana Islands
2020-09-29,0,Northern Mariana Islands
2020-09-30,0,Northern Mariana Islands
2020-10-01,0,Northern Mariana Islands
2020-10-02,3,Northern Mariana Islands
2020-10-03,0,Northern Mariana Islands
2020-10-04,0,Northern Mariana Islands
2020-10-05,0,Northern Mariana Islands
2020-10-06,2,Northern Mariana Islands
2020-10-07,0,Northern Mariana Islands
2020-10-08,0,Northern Mariana Islands
2020-10-09,0,Northern Mariana Islands
2020-10-10,0,Northern Mariana Islands
2020-10-11,2,Northern Mariana Islands
2020-10-12,0,Northern Mariana Islands
2020-10-13,0,Northern Mariana Islands
2020-10-14,0,Northern Mariana Islands
2020-10-15,0,Northern Mariana Islands
2020-10-16,3,Northern Mariana Islands
2020-10-17,0,Northern Mariana Islands
2020-10-18,6,Northern Mariana Islands
2020-10-19,0,Northern Mariana Islands
2020-10-20,0,Northern Mariana Islands
2020-10-21,2,Northern Mariana Islands
2020-10-22,0,Northern Mariana Islands
2020-10-23,0,Northern Mariana Islands
2020-10-24,0,Northern Mariana Islands
2020-10-25,0,Northern Mariana Islands
2020-10-26,0,Northern Mariana Islands
2020-10-27,4,Northern Mariana Islands
2020-10-28,0,Northern Mariana Islands
2020-10-29,0,Northern Mariana Islands
2020-10-30,0,Northern Mariana Islands
2020-10-31,0,Northern Mariana Islands
2020-11-01,4,Northern Mariana Islands
2020-11-02,0,Northern Mariana Islands
2020-11-03,0,Northern Mariana Islands
2020-11-04,0,Northern Mariana Islands
2020-11-05,0,Northern Mariana Islands
2020-11-06,2,Northern Mariana Islands
2020-11-07,0,Northern Mariana Islands
2020-11-08,0,Northern Mariana Islands
2020-11-09,0,Northern Mariana Islands
2020-11-10,2,Northern Mariana Islands
2020-11-11,0,Northern Mariana Islands
2020-11-12,0,Northern Mariana Islands
2020-11-13,0,Northern Mariana Islands
2020-11-14,0,Northern Mariana Islands
2020-11-15,2,Northern Mariana Islands
2020-11-16,0,Northern Mariana Islands
2020-11-17,1,Northern Mariana Islands
2020-11-18,0,Northern Mariana Islands
2020-11-19,0,Northern Mariana Islands
2020-11-20,0,Northern Mariana Islands
2020-11-21,0,Northern Mariana Islands
2020-11-22,1,Northern Mariana Islands
2020-11-23,0,Northern Mariana Islands
2020-11-24,0,Northern Mariana Islands
2020-11-25,0,Northern Mariana Islands
2020-11-26,0,Northern Mariana Islands
2020-11-27,0,Northern Mariana Islands
2020-11-28,0,Northern Mariana Islands
2020-11-29,1,Northern Mariana Islands
2020-11-30,0,Northern Mariana Islands
2020-12-01,1,Northern Mariana Islands
2020-12-02,0,Northern Mariana Islands
2020-12-03,0,Northern Mariana Islands
2020-12-04,0,Northern Mariana Islands
2020-12-05,0,Northern Mariana Islands
2020-12-06,3,Northern Mariana Islands
2020-12-07,0,Northern Mariana Islands
2020-12-08,2,Northern Mariana Islands
2020-12-09,2,Northern Mariana Islands
2020-12-10,0,Northern Mariana Islands
2020-12-11,0,Northern Mariana Islands
2020-12-12,0,Northern Mariana Islands
2020-12-13,0,Northern Mariana Islands
2020-12-14,0,Northern Mariana Islands
2020-12-15,0,Northern Mariana Islands
2020-12-16,0,Northern Mariana Islands
2020-12-17,0,Northern Mariana Islands
2020-12-18,2,Northern Mariana Islands
2020-12-19,0,Northern Mariana Islands
2020-12-20,1,Northern Mariana Islands
2020-12-21,0,Northern Mariana Islands
2020-12-22,0,Northern Mariana Islands
2020-12-23,2,Northern Mariana Islands
2020-12-24,0,Northern Mariana Islands
2020-12-25,4,Northern Mariana Islands
2020-12-26,0,Northern Mariana Islands
2020-12-27,0,Northern Mariana Islands
2020-12-28,0,Northern Mariana Islands
2020-12-29,0,Northern Mariana Islands
2020-12-30,0,Northern Mariana Islands
2020-12-31,0,Northern Mariana Islands
2021-01-01,0,Northern Mariana Islands
2021-01-02,0,Northern Mariana Islands
2021-01-03,2,Northern Mariana Islands
2021-01-04,1,Northern Mariana Islands
2021-01-05,0,Northern Mariana Islands
2021-01-06,0,Northern Mariana Islands
2021-01-07,0,Northern Mariana Islands
2021-01-08,0,Northern Mariana Islands
2021-01-09,0,Northern Mariana Islands
2021-01-10,0,Northern Mariana Islands
2021-01-11,3,Northern Mariana Islands
2021-01-12,0,Northern Mariana Islands
2021-01-13,0,Northern Mariana Islands
2021-01-14,0,Northern Mariana Islands
2021-01-15,0,Northern Mariana Islands
2021-01-16,0,Northern Mariana Islands
2021-01-17,1,Northern Mariana Islands
2021-01-18,0,Northern Mariana Islands
2021-01-19,0,Northern Mariana Islands
2021-01-20,0,Northern Mariana Islands
2021-01-21,0,Northern Mariana Islands
2021-01-22,0,Northern Mariana Islands
2021-01-23,3,Northern Mariana Islands
2021-01-24,0,Northern Mariana Islands
2021-01-25,0,Northern Mariana Islands
2021-01-26,0,Northern Mariana Islands
2021-01-27,0,Northern Mariana Islands
2021-01-28,0,Northern Mariana Islands
2021-01-29,0,Northern Mariana Islands
2021-01-30,0,Northern Mariana Islands
2021-01-31,0,Northern Mariana Islands
2021-02-01,1,Northern Mariana Islands
2021-02-02,0,Northern Mariana Islands
2021-02-03,0,Northern Mariana Islands
2021-02-04,0,Northern Mariana Islands
2021-02-05,0,Northern Mariana Islands
2021-02-06,0,Northern Mariana Islands
2021-02-07,0,Northern Mariana Islands
2021-02-08,0,Northern Mariana Islands
2021-02-09,0,Northern Mariana Islands
2021-02-10,0,Northern Mariana Islands
2021-02-11,1,Northern Mariana Islands
2021-02-12,0,Northern Mariana Islands
2021-02-13,0,Northern Mariana Islands
2021-02-14,0,Northern Mariana Islands
2021-02-15,0,Northern Mariana Islands
2021-02-16,1,Northern Mariana Islands
2021-02-17,0,Northern Mariana Islands
2021-02-18,0,Northern Mariana Islands
2021-02-19,0,Northern Mariana Islands
2021-02-20,8,Northern Mariana Islands
2021-02-21,0,Northern Mariana Islands
2021-02-22,0,Northern Mariana Islands
2021-02-23,0,Northern Mariana Islands
2021-02-24,0,Northern Mariana Islands
2021-02-25,0,Northern Mariana Islands
2021-02-26,0,Northern Mariana Islands
2021-02-27,0,Northern Mariana Islands
2021-02-28,0,Northern Mariana Islands
2021-03-01,0,Northern Mariana Islands
2021-03-02,1,Northern Mariana Islands
2021-03-03,0,Northern Mariana Islands
2021-03-04,0,Northern Mariana Islands
2021-03-05,0,Northern Mariana Islands
2021-03-06,1,Northern Mariana Islands
2021-03-07,0,Northern Mariana Islands
2021-03-08,1,Northern Mariana Islands
2021-03-09,0,Northern Mariana Islands
2021-03-10,0,Northern Mariana Islands
2021-03-11,0,Northern Mariana Islands
2021-03-12,1,Northern Mariana Islands
2021-03-13,3,Northern Mariana Islands
2021-03-14,4,Northern Mariana Islands
2021-03-15,2,Northern Mariana Islands
2021-03-16,0,Northern Mariana Islands
2021-03-17,1,Northern Mariana Islands
2021-03-18,0,Northern Mariana Islands
2021-03-19,0,Northern Mariana Islands
2021-03-20,0,Northern Mariana Islands
2021-03-21,0,Northern Mariana Islands
2021-03-22,1,Northern Mariana Islands
2021-03-23,0,Northern Mariana Islands
2021-03-24,1,Northern Mariana Islands
2021-03-25,0,Northern Mariana Islands
2021-03-26,0,Northern Mariana Islands
2021-03-27,0,Northern Mariana Islands
2021-03-28,0,Northern Mariana Islands
2021-03-29,0,Northern Mariana Islands
2021-03-30,0,Northern Mariana Islands
2021-03-31,0,Northern Mariana Islands
2021-04-01,0,Northern Mariana Islands
2021-04-02,0,Northern Mariana Islands
2021-04-03,0,Northern Mariana Islands
2021-04-04,0,Northern Mariana Islands
2021-04-05,0,Northern Mariana Islands
2021-04-06,1,Northern Mariana Islands
2021-04-07,0,Northern Mariana Islands
2021-04-08,0,Northern Mariana Islands
2021-04-09,0,Northern Mariana Islands
2021-04-10,0,Northern Mariana Islands
2021-04-11,0,Northern Mariana Islands
2021-04-12,0,Northern Mariana Islands
2021-04-13,0,Northern Mariana Islands
2021-04-14,1,Northern Mariana Islands
2021-04-15,1,Northern Mariana Islands
2021-04-16,0,Northern Mariana Islands
2021-04-17,0,Northern Mariana Islands
2021-04-18,0,Northern Mariana Islands
2021-04-19,0,Northern Mariana Islands
2021-04-20,0,Northern Mariana Islands
2021-04-21,0,Northern Mariana Islands
2021-04-22,2,Northern Mariana Islands
2021-04-23,0,Northern Mariana Islands
2021-04-24,0,Northern Mariana Islands
2021-04-25,0,Northern Mariana Islands
2021-04-26,0,Northern Mariana Islands
2021-04-27,0,Northern Mariana Islands
2021-04-28,0,Northern Mariana Islands
2021-04-29,0,Northern Mariana Islands
2021-04-30,4,Northern Mariana Islands
2021-05-01,0,Northern Mariana Islands
2021-05-02,0,Northern Mariana Islands
2021-05-03,0,Northern Mariana Islands
2021-05-04,0,Northern Mariana Islands
2021-05-05,0,Northern Mariana Islands
2021-05-06,0,Northern Mariana Islands
2021-05-07,1,Northern Mariana Islands
2021-05-08,0,Northern Mariana Islands
2021-05-09,1,Northern Mariana Islands
2021-05-10,0,Northern Mariana Islands
2021-05-11,0,Northern Mariana Islands
2021-05-12,0,Northern Mariana Islands
2021-05-13,0,Northern Mariana Islands
2021-05-14,2,Northern Mariana Islands
2021-05-15,1,Northern Mariana Islands
2021-05-16,0,Northern Mariana Islands
2021-05-17,0,Northern Mariana Islands
2021-05-18,1,Northern Mariana Islands
2021-05-19,1,Northern Mariana Islands
2021-05-20,1,Northern Mariana Islands
2021-05-21,5,Northern Mariana Islands
2021-05-22,0,Northern Mariana Islands
2021-05-23,0,Northern Mariana Islands
2021-05-24,0,Northern Mariana Islands
2021-05-25,0,Northern Mariana Islands
2021-05-26,0,Northern Mariana Islands
2021-05-27,2,Northern Mariana Islands
2021-05-28,0,Northern Mariana Islands
2021-05-29,0,Northern Mariana Islands
2021-05-30,0,Northern Mariana Islands
2021-05-31,0,Northern Mariana Islands
2021-06-01,0,Northern Mariana Islands
2021-06-02,0,Northern Mariana Islands
2021-06-03,0,Northern Mariana Islands
2021-06-04,0,Northern Mariana Islands
2021-06-05,0,Northern Mariana Islands
2021-06-06,0,Northern Mariana Islands
2021-06-07,0,Northern Mariana Islands
2021-06-08,0,Northern Mariana Islands
2021-06-09,0,Northern Mariana Islands
2021-06-10,0,Northern Mariana Islands
2021-06-11,0,Northern Mariana Islands
2021-06-12,0,Northern Mariana Islands
2021-06-13,0,Northern Mariana Islands
2021-06-14,0,Northern Mariana Islands
2021-06-15,0,Northern Mariana Islands
2021-06-16,0,Northern Mariana Islands
2021-06-17,0,Northern Mariana Islands
2021-06-18,0,Northern Mariana Islands
2021-06-19,0,Northern Mariana Islands
2021-06-20,0,Northern Mariana Islands
2021-06-21,0,Northern Mariana Islands
2021-06-22,0,Northern Mariana Islands
2021-06-23,0,Northern Mariana Islands
2021-06-24,0,Northern Mariana Islands
2021-06-25,0,Northern Mariana Islands
2021-06-26,0,Northern Mariana Islands
2021-06-27,0,Northern Mariana Islands
2021-06-28,0,Northern Mariana Islands
2021-06-29,0,Northern Mariana Islands
2021-06-30,0,Northern Mariana Islands
2021-07-01,0,Northern Mariana Islands
2021-07-02,0,Northern Mariana Islands
2021-07-03,0,Northern Mariana Islands
2021-07-04,0,Northern Mariana Islands
2021-07-05,1,Northern Mariana Islands
2021-07-06,0,Northern Mariana Islands
2021-07-07,0,Northern Mariana Islands
2021-07-08,1,Northern Mariana Islands
2021-07-09,0,Northern Mariana Islands
2021-07-10,0,Northern Mariana Islands
2021-07-11,0,Northern Mariana Islands
2021-07-12,0,Northern Mariana Islands
2021-07-13,2,Northern Mariana Islands
2021-07-14,0,Northern Mariana Islands
2021-07-15,0,Northern Mariana Islands
2021-07-16,0,Northern Mariana Islands
2021-07-17,0,Northern Mariana Islands
2021-07-18,0,Northern Mariana Islands
2021-07-19,1,Northern Mariana Islands
2021-07-20,0,Northern Mariana Islands
2021-07-21,0,Northern Mariana Islands
2021-07-22,0,Northern Mariana Islands
2021-07-23,0,Northern Mariana Islands
2021-07-24,0,Northern Mariana Islands
2021-07-25,2,Northern Mariana Islands
2021-07-26,0,Northern Mariana Islands
2021-07-27,0,Northern Mariana Islands
2021-07-28,0,Northern Mariana Islands
2021-07-29,0,Northern Mariana Islands
2021-07-30,0,Northern Mariana Islands
2021-07-31,0,Northern Mariana Islands
2021-08-01,6,Northern Mariana Islands
2021-08-02,2,Northern Mariana Islands
2021-08-03,0,Northern Mariana Islands
2021-08-04,0,Northern Mariana Islands
2021-08-05,0,Northern Mariana Islands
2021-08-06,8,Northern Mariana Islands
2021-08-07,0,Northern Mariana Islands
2021-08-08,0,Northern Mariana Islands
2021-08-09,4,Northern Mariana Islands
2021-08-10,0,Northern Mariana Islands
2021-08-11,1,Northern Mariana Islands
2021-08-12,0,Northern Mariana Islands
2021-08-13,3,Northern Mariana Islands
2021-08-14,0,Northern Mariana Islands
2021-08-15,0,Northern Mariana Islands
2021-08-16,5,Northern Mariana Islands
2021-08-17,1,Northern Mariana Islands
2021-08-18,1,Northern Mariana Islands
2021-08-19,0,Northern Mariana Islands
2021-08-20,3,Northern Mariana Islands
2021-08-21,0,Northern Mariana Islands
2021-08-22,0,Northern Mariana Islands
2021-08-23,2,Northern Mariana Islands
2021-08-24,3,Northern Mariana Islands
2021-08-25,3,Northern Mariana Islands
2021-08-26,0,Northern Mariana Islands
2021-08-27,2,Northern Mariana Islands
2021-08-28,2,Northern Mariana Islands
2021-08-29,5,Northern Mariana Islands
2021-08-30,1,Northern Mariana Islands
2021-08-31,1,Northern Mariana Islands
2021-09-01,0,Northern Mariana Islands
2021-09-02,0,Northern Mariana Islands
2021-09-03,0,Northern Mariana Islands
2021-09-04,5,Northern Mariana Islands
2021-09-05,0,Northern Mariana Islands
2021-09-06,0,Northern Mariana Islands
2021-09-07,0,Northern Mariana Islands
2021-09-08,1,Northern Mariana Islands
2021-09-09,0,Northern Mariana Islands
2021-09-10,1,Northern Mariana Islands
2021-09-11,1,Northern Mariana Islands
2021-09-12,0,Northern Mariana Islands
2021-09-13,5,Northern Mariana Islands
2021-09-14,0,Northern Mariana Islands
2021-09-15,2,Northern Mariana Islands
2021-09-16,0,Northern Mariana Islands
2021-09-17,0,Northern Mariana Islands
2021-09-18,5,Northern Mariana Islands
2021-09-19,0,Northern Mariana Islands
2021-09-20,0,Northern Mariana Islands
2021-09-21,2,Northern Mariana Islands
2021-09-22,0,Northern Mariana Islands
2021-09-23,0,Northern Mariana Islands
2021-09-24,1,Northern Mariana Islands
2021-09-25,0,Northern Mariana Islands
2021-09-26,0,Northern Mariana Islands
2021-09-27,1,Northern Mariana Islands
2021-09-28,1,Northern Mariana Islands
2021-09-29,1,Northern Mariana Islands
2021-09-30,0,Northern Mariana Islands
2021-10-01,1,Northern Mariana Islands
2021-10-02,2,Northern Mariana Islands
2021-10-03,0,Northern Mariana Islands
2021-10-04,0,Northern Mariana Islands
2021-10-05,0,Northern Mariana Islands
2021-10-06,1,Northern Mariana Islands
2021-10-07,4,Northern Mariana Islands
2021-10-08,0,Northern Mariana Islands
2021-10-09,0,Northern Mariana Islands
2021-10-10,0,Northern Mariana Islands
2021-10-11,4,Northern Mariana Islands
2021-10-12,0,Northern Mariana Islands
2021-10-13,1,Northern Mariana Islands
2021-10-14,0,Northern Mariana Islands
2021-10-15,0,Northern Mariana Islands
2021-10-16,6,Northern Mariana Islands
2021-10-17,0,Northern Mariana Islands
2021-10-18,1,Northern Mariana Islands
2021-10-19,0,Northern Mariana Islands
2021-10-20,0,Northern Mariana Islands
2021-10-21,0,Northern Mariana Islands
2021-10-22,1,Northern Mariana Islands
2021-10-23,1,Northern Mariana Islands
2021-10-24,0,Northern Mariana Islands
2021-10-25,0,Northern Mariana Islands
2021-10-26,0,Northern Mariana Islands
2021-10-27,0,Northern Mariana Islands
2021-10-28,7,Northern Mariana Islands
2021-10-29,9,Northern Mariana Islands
2021-10-30,5,Northern Mariana Islands
2021-10-31,0,Northern Mariana Islands
2021-11-01,6,Northern Mariana Islands
2021-11-02,11,Northern Mariana Islands
2021-11-03,1,Northern Mariana Islands
2021-11-04,9,Northern Mariana Islands
2021-11-05,4,Northern Mariana Islands
2021-11-06,7,Northern Mariana Islands
2021-11-07,1,Northern Mariana Islands
2021-11-08,9,Northern Mariana Islands
2021-11-09,9,Northern Mariana Islands
2021-11-10,11,Northern Mariana Islands
2021-11-11,1,Northern Mariana Islands
2021-11-12,3,Northern Mariana Islands
2021-11-13,0,Northern Mariana Islands
2021-11-14,5,Northern Mariana Islands
2021-11-15,4,Northern Mariana Islands
2021-11-16,6,Northern Mariana Islands
2021-11-17,9,Northern Mariana Islands
2021-11-18,23,Northern Mariana Islands
2021-11-19,7,Northern Mariana Islands
2021-11-20,19,Northern Mariana Islands
2021-11-21,7,Northern Mariana Islands
2021-11-22,10,Northern Mariana Islands
2021-11-23,98,Northern Mariana Islands
2021-11-24,32,Northern Mariana Islands
2021-11-25,45,Northern Mariana Islands
2021-11-26,43,Northern Mariana Islands
2021-11-27,0,Northern Mariana Islands
2021-11-28,95,Northern Mariana Islands
2021-11-29,25,Northern Mariana Islands
2021-11-30,43,Northern Mariana Islands
2021-12-01,103,Northern Mariana Islands
2021-12-02,104,Northern Mariana Islands
2021-12-03,42,Northern Mariana Islands
2021-12-04,0,Northern Mariana Islands
2021-12-05,0,Northern Mariana Islands
2021-12-06,78,Northern Mariana Islands
2021-12-07,0,Northern Mariana Islands
2021-12-08,0,Northern Mariana Islands
2021-12-09,332,Northern Mariana Islands
2021-12-10,0,Northern Mariana Islands
2021-12-11,260,Northern Mariana Islands
2021-12-12,134,Northern Mariana Islands
2021-12-13,0,Northern Mariana Islands
2021-12-14,110,Northern Mariana Islands
2021-12-15,99,Northern Mariana Islands
2021-12-16,88,Northern Mariana Islands
2021-12-17,116,Northern Mariana Islands
2021-12-18,54,Northern Mariana Islands
2021-12-19,47,Northern Mariana Islands
2021-12-20,84,Northern Mariana Islands
2021-12-21,74,Northern Mariana Islands
2021-12-22,61,Northern Mariana Islands
2021-12-23,96,Northern Mariana Islands
2021-12-24,82,Northern Mariana Islands
2021-12-25,34,Northern Mariana Islands
2021-12-26,40,Northern Mariana Islands
2021-12-27,70,Northern Mariana Islands
2021-12-28,0,Northern Mariana Islands
2021-12-29,122,Northern Mariana Islands
2021-12-30,123,Northern Mariana Islands
2021-12-31,47,Northern Mariana Islands
2022-01-01,32,Northern Mariana Islands
2022-01-02,10,Northern Mariana Islands
2022-01-03,37,Northern Mariana Islands
2022-01-04,58,Northern Mariana Islands
2022-01-05,61,Northern Mariana Islands
2022-01-06,65,Northern Mariana Islands
2022-01-07,43,Northern Mariana Islands
2022-01-08,37,Northern Mariana Islands
2022-01-09,49,Northern Mariana Islands
2022-01-10,18,Northern Mariana Islands
2022-01-11,33,Northern Mariana Islands
2022-01-12,53,Northern Mariana Islands
2022-01-13,51,Northern Mariana Islands
2022-01-14,66,Northern Mariana Islands
2022-01-15,37,Northern Mariana Islands
2022-01-16,41,Northern Mariana Islands
2022-01-17,25,Northern Mariana Islands
2022-01-18,43,Northern Mariana Islands
2022-01-19,53,Northern Mariana Islands
2022-01-20,51,Northern Mariana Islands
2022-01-21,48,Northern Mariana Islands
2022-01-22,42,Northern Mariana Islands
2022-01-23,38,Northern Mariana Islands
2022-01-24,19,Northern Mariana Islands
2022-01-25,79,Northern Mariana Islands
2022-01-26,96,Northern Mariana Islands
2022-01-27,124,Northern Mariana Islands
2022-01-28,128,Northern Mariana Islands
2022-01-29,80,Northern Mariana Islands
2022-01-30,92,Northern Mariana Islands
2022-01-31,44,Northern Mariana Islands
2022-02-01,154,Northern Mariana Islands
2022-02-02,252,Northern Mariana Islands
2022-02-03,261,Northern Mariana Islands
2022-02-04,112,Northern Mariana Islands
2022-02-05,204,Northern Mariana Islands
2022-02-06,211,Northern Mariana Islands
2022-02-07,230,Northern Mariana Islands
2022-02-08,231,Northern Mariana Islands
2022-02-09,221,Northern Mariana Islands
2022-02-10,226,Northern Mariana Islands
2022-02-11,189,Northern Mariana Islands
2022-02-12,154,Northern Mariana Islands
2022-02-13,177,Northern Mariana Islands
2022-02-14,57,Northern Mariana Islands
2022-02-15,159,Northern Mariana Islands
2022-02-16,181,Northern Mariana Islands
2022-02-17,226,Northern Mariana Islands
2022-02-18,158,Northern Mariana Islands
2022-02-19,111,Northern Mariana Islands
2022-02-20,222,Northern Mariana Islands
2022-02-21,67,Northern Mariana Islands
2022-02-22,171,Northern Mariana Islands
2022-02-23,226,Northern Mariana Islands
2022-02-24,157,Northern Mariana Islands
2022-02-25,139,Northern Mariana Islands
2022-02-26,110,Northern Mariana Islands
2022-02-27,0,Northern Mariana Islands
2022-02-28,36,Northern Mariana Islands
2022-03-01,174,Northern Mariana Islands
2022-03-02,132,Northern Mariana Islands
2022-03-03,66,Northern Mariana Islands
2022-03-04,77,Northern Mariana Islands
2022-03-05,75,Northern Mariana Islands
2022-03-06,52,Northern Mariana Islands
2022-03-07,28,Northern Mariana Islands
2022-03-08,75,Northern Mariana Islands
2022-03-09,55,Northern Mariana Islands
2022-03-10,42,Northern Mariana Islands
2022-03-11,0,Northern Mariana Islands
2022-03-12,0,Northern Mariana Islands
2022-03-13,53,Northern Mariana Islands
2022-03-14,93,Northern Mariana Islands
2022-03-15,63,Northern Mariana Islands
2022-03-16,40,Northern Mariana Islands
2022-03-17,59,Northern Mariana Islands
2022-03-18,0,Northern Mariana Islands
2022-03-19,0,Northern Mariana Islands
2022-03-20,55,Northern Mariana Islands
2022-03-21,45,Northern Mariana Islands
2022-03-22,217,Northern Mariana Islands
2022-03-23,34,Northern Mariana Islands
2022-03-24,11,Northern Mariana Islands
2022-03-25,0,Northern Mariana Islands
2022-03-26,0,Northern Mariana Islands
2022-03-27,26,Northern Mariana Islands
2022-03-28,43,Northern Mariana Islands
2022-03-29,0,Northern Mariana Islands
2022-03-30,0,Northern Mariana Islands
2022-03-31,0,Northern Mariana Islands
2022-04-01,0,Northern Mariana Islands
2022-04-02,0,Northern Mariana Islands
2022-04-03,0,Northern Mariana Islands
2022-04-04,93,Northern Mariana Islands
2022-04-05,0,Northern Mariana Islands
2022-04-06,0,Northern Mariana Islands
2022-04-07,0,Northern Mariana Islands
2022-04-08,0,Northern Mariana Islands
2022-04-09,0,Northern Mariana Islands
2022-04-10,0,Northern Mariana Islands
2022-04-11,44,Northern Mariana Islands
2022-04-12,0,Northern Mariana Islands
2022-04-13,0,Northern Mariana Islands
2022-04-14,0,Northern Mariana Islands
2022-04-15,0,Northern Mariana Islands
2022-04-16,0,Northern Mariana Islands
2022-04-17,0,Northern Mariana Islands
2022-04-18,19,Northern Mariana Islands
2022-04-19,0,Northern Mariana Islands
2022-04-20,0,Northern Mariana Islands
2022-04-21,0,Northern Mariana Islands
2022-04-22,0,Northern Mariana Islands
2022-04-23,0,Northern Mariana Islands
2022-04-24,0,Northern Mariana Islands
2022-04-25,42,Northern Mariana Islands
2022-04-26,0,Northern Mariana Islands
2022-04-27,0,Northern Mariana Islands
2022-04-28,0,Northern Mariana Islands
2022-04-29,0,Northern Mariana Islands
2022-04-30,0,Northern Mariana Islands
2022-05-01,0,Northern Mariana Islands
2022-05-02,18,Northern Mariana Islands
2022-05-03,0,Northern Mariana Islands
2022-05-04,0,Northern Mariana Islands
2022-05-05,0,Northern Mariana Islands
2022-05-06,0,Northern Mariana Islands
2022-05-07,0,Northern Mariana Islands
2022-05-08,0,Northern Mariana Islands
2022-05-09,24,Northern Mariana Islands
2022-05-10,0,Northern Mariana Islands
2022-05-11,0,Northern Mariana Islands
2022-05-12,0,Northern Mariana Islands
2022-05-13,0,Northern Mariana Islands
2022-05-14,0,Northern Mariana Islands
2022-05-15,0,Northern Mariana Islands
2022-05-16,0,Northern Mariana Islands
2022-05-17,10,Northern Mariana Islands
2022-05-18,0,Northern Mariana Islands
2022-05-19,0,Northern Mariana Islands
2022-05-20,0,Northern Mariana Islands
2022-05-21,0,Northern Mariana Islands
2022-05-22,0,Northern Mariana Islands
2022-05-23,18,Northern Mariana Islands
2022-05-24,0,Northern Mariana Islands
2022-05-25,0,Northern Mariana Islands
2022-05-26,0,Northern Mariana Islands
2022-05-27,0,Northern Mariana Islands
2022-05-28,0,Northern Mariana Islands
2022-05-29,0,Northern Mariana Islands
2022-05-30,0,Northern Mariana Islands
2022-05-31,33,Northern Mariana Islands
2022-06-01,0,Northern Mariana Islands
2022-06-02,0,Northern Mariana Islands
2022-06-03,0,Northern Mariana Islands
2022-06-04,0,Northern Mariana Islands
2022-06-05,0,Northern Mariana Islands
2022-06-06,37,Northern Mariana Islands
2022-06-07,0,Northern Mariana Islands
2022-06-08,0,Northern Mariana Islands
2022-06-09,0,Northern Mariana Islands
2022-06-10,0,Northern Mariana Islands
2022-06-11,0,Northern Mariana Islands
2022-06-12,2,Northern Mariana Islands
2022-06-13,77,Northern Mariana Islands
2022-06-14,0,Northern Mariana Islands
2022-06-15,0,Northern Mariana Islands
2022-06-16,0,Northern Mariana Islands
2022-06-17,0,Northern Mariana Islands
2022-06-18,0,Northern Mariana Islands
2022-06-19,0,Northern Mariana Islands
2022-06-20,9,Northern Mariana Islands
2022-06-21,78,Northern Mariana Islands
2022-06-22,0,Northern Mariana Islands
2022-06-23,0,Northern Mariana Islands
2022-06-24,0,Northern Mariana Islands
2022-06-25,0,Northern Mariana Islands
2022-06-26,0,Northern Mariana Islands
2022-06-27,1,Northern Mariana Islands
2022-06-28,189,Northern Mariana Islands
2022-06-29,0,Northern Mariana Islands
2022-06-30,0,Northern Mariana Islands
2022-07-01,0,Northern Mariana Islands
2022-07-02,0,Northern Mariana Islands
2022-07-03,0,Northern Mariana Islands
2022-07-04,0,Northern Mariana Islands
2022-07-05,0,Northern Mariana Islands
2022-07-06,0,Northern Mariana Islands
2022-07-07,0,Northern Mariana Islands
2022-07-08,0,Northern Mariana Islands
2022-07-09,0,Northern Mariana Islands
2022-07-10,0,Northern Mariana Islands
2022-07-11,0,Northern Mariana Islands
2022-07-12,0,Northern Mariana Islands
2022-07-13,0,Northern Mariana Islands
2022-07-14,434,Northern Mariana Islands
2022-07-15,0,Northern Mariana Islands
2022-07-16,0,Northern Mariana Islands
2022-07-17,0,Northern Mariana Islands
2022-07-18,0,Northern Mariana Islands
2022-07-19,205,Northern Mariana Islands
2022-07-20,0,Northern Mariana Islands
2022-07-21,0,Northern Mariana Islands
2022-07-22,0,Northern Mariana Islands
2022-07-23,0,Northern Mariana Islands
2022-07-24,175,Northern Mariana Islands
2022-07-25,3,Northern Mariana Islands
2022-07-26,0,Northern Mariana Islands
2022-07-27,0,Northern Mariana Islands
2022-07-28,0,Northern Mariana Islands
2022-07-29,0,Northern Mariana Islands
2022-07-30,0,Northern Mariana Islands
2022-07-31,156,Northern Mariana Islands
2022-08-01,0,Northern Mariana Islands
2022-08-02,0,Northern Mariana Islands
2022-08-03,0,Northern Mariana Islands
2022-08-04,0,Northern Mariana Islands
2022-08-05,0,Northern Mariana Islands
2022-08-06,1,Northern Mariana Islands
2022-08-07,0,Northern Mariana Islands
2022-08-08,0,Northern Mariana Islands
2022-08-09,133,Northern Mariana Islands
2022-08-10,0,Northern Mariana Islands
2022-08-11,0,Northern Mariana Islands
2022-08-12,0,Northern Mariana Islands
2022-08-13,0,Northern Mariana Islands
2022-08-14,82,Northern Mariana Islands
2022-08-15,0,Northern Mariana Islands
2022-08-16,0,Northern Mariana Islands
2022-08-17,0,Northern Mariana Islands
2022-08-18,0,Northern Mariana Islands
2022-08-19,0,Northern Mariana Islands
2022-08-20,0,Northern Mariana Islands
2022-08-21,0,Northern Mariana Islands
2022-08-22,3,Northern Mariana Islands
2022-08-23,99,Northern Mariana Islands
2022-08-24,0,Northern Mariana Islands
2022-08-25,0,Northern Mariana Islands
2022-08-26,0,Northern Mariana Islands
2022-08-27,0,Northern Mariana Islands
2022-08-28,73,Northern Mariana Islands
2022-08-29,0,Northern Mariana Islands
2022-08-30,0,Northern Mariana Islands
2022-08-31,0,Northern Mariana Islands
2022-09-01,0,Northern Mariana Islands
2022-09-02,0,Northern Mariana Islands
2022-09-03,0,Northern Mariana Islands
2022-09-04,24,Northern Mariana Islands
2022-09-05,0,Northern Mariana Islands
2022-09-06,0,Northern Mariana Islands
2022-09-07,0,Northern Mariana Islands
2022-09-08,0,Northern Mariana Islands
2022-09-09,0,Northern Mariana Islands
2022-09-10,0,Northern Mariana Islands
2022-09-11,7,Northern Mariana Islands
2022-09-12,0,Northern Mariana Islands
2022-09-13,0,Northern Mariana Islands
2022-09-14,0,Northern Mariana Islands
2022-09-15,0,Northern Mariana Islands
2022-09-16,0,Northern Mariana Islands
2022-09-17,0,Northern Mariana Islands
2022-09-18,1,Northern Mariana Islands
2022-09-19,0,Northern Mariana Islands
2022-09-20,1,Northern Mariana Islands
2022-09-21,10,Northern Mariana Islands
2022-09-22,0,Northern Mariana Islands
2022-09-23,0,Northern Mariana Islands
2022-09-24,0,Northern Mariana Islands
2022-09-25,5,Northern Mariana Islands
2022-09-26,0,Northern Mariana Islands
2022-09-27,0,Northern Mariana Islands
2022-09-28,0,Northern Mariana Islands
2022-09-29,0,Northern Mariana Islands
2022-09-30,0,Northern Mariana Islands
2022-10-01,0,Northern Mariana Islands
2022-10-02,0,Northern Mariana Islands
2022-10-03,0,Northern Mariana Islands
2022-10-04,0,Northern Mariana Islands
2022-10-05,0,Northern Mariana Islands
2022-10-06,0,Northern Mariana Islands
2022-10-07,0,Northern Mariana Islands
2022-10-08,0,Northern Mariana Islands
2022-10-09,0,Northern Mariana Islands
2022-10-10,0,Northern Mariana Islands
2022-10-11,0,Northern Mariana Islands
2022-10-12,0,Northern Mariana Islands
2022-10-13,0,Northern Mariana Islands
2022-10-14,0,Northern Mariana Islands
2022-10-15,0,Northern Mariana Islands
2022-10-16,0,Northern Mariana Islands
2022-10-17,0,Northern Mariana Islands
2022-10-18,0,Northern Mariana Islands
2022-10-19,0,Northern Mariana Islands
2022-10-20,0,Northern Mariana Islands
2020-03-02,0,Palau
2020-03-03,0,Palau
2020-03-04,0,Palau
2020-03-05,0,Palau
2020-03-06,0,Palau
2020-03-07,0,Palau
2020-03-08,0,Palau
2020-03-09,0,Palau
2020-03-10,0,Palau
2020-03-11,0,Palau
2020-03-12,0,Palau
2020-03-13,0,Palau
2020-03-14,0,Palau
2020-03-15,0,Palau
2020-03-16,0,Palau
2020-03-17,0,Palau
2020-03-18,0,Palau
2020-03-19,0,Palau
2020-03-20,0,Palau
2020-03-21,0,Palau
2020-03-22,0,Palau
2020-03-23,0,Palau
2020-03-24,0,Palau
2020-03-25,0,Palau
2020-03-26,0,Palau
2020-03-27,0,Palau
2020-03-28,0,Palau
2020-03-29,0,Palau
2020-03-30,0,Palau
2020-03-31,0,Palau
2020-04-01,0,Palau
2020-04-02,0,Palau
2020-04-03,0,Palau
2020-04-04,0,Palau
2020-04-05,0,Palau
2020-04-06,0,Palau
2020-04-07,0,Palau
2020-04-08,0,Palau
2020-04-09,0,Palau
2020-04-10,0,Palau
2020-04-11,0,Palau
2020-04-12,0,Palau
2020-04-13,0,Palau
2020-04-14,0,Palau
2020-04-15,0,Palau
2020-04-16,0,Palau
2020-04-17,0,Palau
2020-04-18,0,Palau
2020-04-19,0,Palau
2020-04-20,0,Palau
2020-04-21,0,Palau
2020-04-22,0,Palau
2020-04-23,0,Palau
2020-04-24,0,Palau
2020-04-25,0,Palau
2020-04-26,0,Palau
2020-04-27,0,Palau
2020-04-28,0,Palau
2020-04-29,0,Palau
2020-04-30,0,Palau
2020-05-01,0,Palau
2020-05-02,0,Palau
2020-05-03,0,Palau
2020-05-04,0,Palau
2020-05-05,0,Palau
2020-05-06,0,Palau
2020-05-07,0,Palau
2020-05-08,0,Palau
2020-05-09,0,Palau
2020-05-10,0,Palau
2020-05-11,0,Palau
2020-05-12,0,Palau
2020-05-13,0,Palau
2020-05-14,0,Palau
2020-05-15,0,Palau
2020-05-16,0,Palau
2020-05-17,0,Palau
2020-05-18,0,Palau
2020-05-19,0,Palau
2020-05-20,0,Palau
2020-05-21,0,Palau
2020-05-22,0,Palau
2020-05-23,0,Palau
2020-05-24,0,Palau
2020-05-25,0,Palau
2020-05-26,0,Palau
2020-05-27,0,Palau
2020-05-28,0,Palau
2020-05-29,0,Palau
2020-05-30,0,Palau
2020-05-31,0,Palau
2020-06-01,0,Palau
2020-06-02,0,Palau
2020-06-03,0,Palau
2020-06-04,0,Palau
2020-06-05,0,Palau
2020-06-06,0,Palau
2020-06-07,0,Palau
2020-06-08,0,Palau
2020-06-09,0,Palau
2020-06-10,0,Palau
2020-06-11,0,Palau
2020-06-12,0,Palau
2020-06-13,0,Palau
2020-06-14,0,Palau
2020-06-15,0,Palau
2020-06-16,0,Palau
2020-06-17,0,Palau
2020-06-18,0,Palau
2020-06-19,0,Palau
2020-06-20,0,Palau
2020-06-21,0,Palau
2020-06-22,0,Palau
2020-06-23,0,Palau
2020-06-24,0,Palau
2020-06-25,0,Palau
2020-06-26,0,Palau
2020-06-27,0,Palau
2020-06-28,0,Palau
2020-06-29,0,Palau
2020-06-30,0,Palau
2020-07-01,0,Palau
2020-07-02,0,Palau
2020-07-03,0,Palau
2020-07-04,0,Palau
2020-07-05,0,Palau
2020-07-06,0,Palau
2020-07-07,0,Palau
2020-07-08,0,Palau
2020-07-09,0,Palau
2020-07-10,0,Palau
2020-07-11,0,Palau
2020-07-12,0,Palau
2020-07-13,0,Palau
2020-07-14,0,Palau
2020-07-15,0,Palau
2020-07-16,0,Palau
2020-07-17,0,Palau
2020-07-18,0,Palau
2020-07-19,0,Palau
2020-07-20,0,Palau
2020-07-21,0,Palau
2020-07-22,0,Palau
2020-07-23,0,Palau
2020-07-24,0,Palau
2020-07-25,0,Palau
2020-07-26,0,Palau
2020-07-27,0,Palau
2020-07-28,0,Palau
2020-07-29,0,Palau
2020-07-30,0,Palau
2020-07-31,0,Palau
2020-08-01,0,Palau
2020-08-02,0,Palau
2020-08-03,0,Palau
2020-08-04,0,Palau
2020-08-05,0,Palau
2020-08-06,0,Palau
2020-08-07,0,Palau
2020-08-08,0,Palau
2020-08-09,0,Palau
2020-08-10,0,Palau
2020-08-11,0,Palau
2020-08-12,0,Palau
2020-08-13,0,Palau
2020-08-14,0,Palau
2020-08-15,0,Palau
2020-08-16,0,Palau
2020-08-17,0,Palau
2020-08-18,0,Palau
2020-08-19,0,Palau
2020-08-20,0,Palau
2020-08-21,0,Palau
2020-08-22,0,Palau
2020-08-23,0,Palau
2020-08-24,0,Palau
2020-08-25,0,Palau
2020-08-26,0,Palau
2020-08-27,0,Palau
2020-08-28,0,Palau
2020-08-29,0,Palau
2020-08-30,0,Palau
2020-08-31,0,Palau
2020-09-01,0,Palau
2020-09-02,0,Palau
2020-09-03,0,Palau
2020-09-04,0,Palau
2020-09-05,0,Palau
2020-09-06,0,Palau
2020-09-07,0,Palau
2020-09-08,0,Palau
2020-09-09,0,Palau
2020-09-10,0,Palau
2020-09-11,0,Palau
2020-09-12,0,Palau
2020-09-13,0,Palau
2020-09-14,0,Palau
2020-09-15,0,Palau
2020-09-16,0,Palau
2020-09-17,0,Palau
2020-09-18,0,Palau
2020-09-19,0,Palau
2020-09-20,0,Palau
2020-09-21,0,Palau
2020-09-22,0,Palau
2020-09-23,0,Palau
2020-09-24,0,Palau
2020-09-25,0,Palau
2020-09-26,0,Palau
2020-09-27,0,Palau
2020-09-28,0,Palau
2020-09-29,0,Palau
2020-09-30,0,Palau
2020-10-01,0,Palau
2020-10-02,0,Palau
2020-10-03,0,Palau
2020-10-04,0,Palau
2020-10-05,0,Palau
2020-10-06,0,Palau
2020-10-07,0,Palau
2020-10-08,0,Palau
2020-10-09,0,Palau
2020-10-10,0,Palau
2020-10-11,0,Palau
2020-10-12,0,Palau
2020-10-13,0,Palau
2020-10-14,0,Palau
2020-10-15,0,Palau
2020-10-16,0,Palau
2020-10-17,0,Palau
2020-10-18,0,Palau
2020-10-19,0,Palau
2020-10-20,0,Palau
2020-10-21,0,Palau
2020-10-22,0,Palau
2020-10-23,0,Palau
2020-10-24,0,Palau
2020-10-25,0,Palau
2020-10-26,0,Palau
2020-10-27,0,Palau
2020-10-28,0,Palau
2020-10-29,0,Palau
2020-10-30,0,Palau
2020-10-31,0,Palau
2020-11-01,0,Palau
2020-11-02,0,Palau
2020-11-03,0,Palau
2020-11-04,0,Palau
2020-11-05,0,Palau
2020-11-06,0,Palau
2020-11-07,0,Palau
2020-11-08,0,Palau
2020-11-09,0,Palau
2020-11-10,0,Palau
2020-11-11,0,Palau
2020-11-12,0,Palau
2020-11-13,0,Palau
2020-11-14,0,Palau
2020-11-15,0,Palau
2020-11-16,0,Palau
2020-11-17,0,Palau
2020-11-18,0,Palau
2020-11-19,0,Palau
2020-11-20,0,Palau
2020-11-21,0,Palau
2020-11-22,0,Palau
2020-11-23,0,Palau
2020-11-24,0,Palau
2020-11-25,0,Palau
2020-11-26,0,Palau
2020-11-27,0,Palau
2020-11-28,0,Palau
2020-11-29,0,Palau
2020-11-30,0,Palau
2020-12-01,0,Palau
2020-12-02,0,Palau
2020-12-03,0,Palau
2020-12-04,0,Palau
2020-12-05,0,Palau
2020-12-06,0,Palau
2020-12-07,0,Palau
2020-12-08,0,Palau
2020-12-09,0,Palau
2020-12-10,0,Palau
2020-12-11,0,Palau
2020-12-12,0,Palau
2020-12-13,0,Palau
2020-12-14,0,Palau
2020-12-15,0,Palau
2020-12-16,0,Palau
2020-12-17,0,Palau
2020-12-18,0,Palau
2020-12-19,0,Palau
2020-12-20,0,Palau
2020-12-21,0,Palau
2020-12-22,0,Palau
2020-12-23,0,Palau
2020-12-24,0,Palau
2020-12-25,0,Palau
2020-12-26,0,Palau
2020-12-27,0,Palau
2020-12-28,0,Palau
2020-12-29,0,Palau
2020-12-30,0,Palau
2020-12-31,0,Palau
2021-01-01,0,Palau
2021-01-02,0,Palau
2021-01-03,0,Palau
2021-01-04,0,Palau
2021-01-05,0,Palau
2021-01-06,0,Palau
2021-01-07,0,Palau
2021-01-08,0,Palau
2021-01-09,0,Palau
2021-01-10,0,Palau
2021-01-11,0,Palau
2021-01-12,0,Palau
2021-01-13,0,Palau
2021-01-14,0,Palau
2021-01-15,0,Palau
2021-01-16,0,Palau
2021-01-17,0,Palau
2021-01-18,0,Palau
2021-01-19,0,Palau
2021-01-20,0,Palau
2021-01-21,0,Palau
2021-01-22,0,Palau
2021-01-23,0,Palau
2021-01-24,0,Palau
2021-01-25,0,Palau
2021-01-26,0,Palau
2021-01-27,0,Palau
2021-01-28,0,Palau
2021-01-29,0,Palau
2021-01-30,0,Palau
2021-01-31,0,Palau
2021-02-01,0,Palau
2021-02-02,0,Palau
2021-02-03,0,Palau
2021-02-04,0,Palau
2021-02-05,0,Palau
2021-02-06,0,Palau
2021-02-07,0,Palau
2021-02-08,0,Palau
2021-02-09,0,Palau
2021-02-10,0,Palau
2021-02-11,0,Palau
2021-02-12,0,Palau
2021-02-13,0,Palau
2021-02-14,0,Palau
2021-02-15,0,Palau
2021-02-16,0,Palau
2021-02-17,0,Palau
2021-02-18,0,Palau
2021-02-19,0,Palau
2021-02-20,0,Palau
2021-02-21,0,Palau
2021-02-22,0,Palau
2021-02-23,0,Palau
2021-02-24,0,Palau
2021-02-25,0,Palau
2021-02-26,0,Palau
2021-02-27,0,Palau
2021-02-28,0,Palau
2021-03-01,0,Palau
2021-03-02,0,Palau
2021-03-03,0,Palau
2021-03-04,0,Palau
2021-03-05,0,Palau
2021-03-06,0,Palau
2021-03-07,0,Palau
2021-03-08,0,Palau
2021-03-09,0,Palau
2021-03-10,0,Palau
2021-03-11,0,Palau
2021-03-12,0,Palau
2021-03-13,0,Palau
2021-03-14,0,Palau
2021-03-15,0,Palau
2021-03-16,0,Palau
2021-03-17,0,Palau
2021-03-18,0,Palau
2021-03-19,0,Palau
2021-03-20,0,Palau
2021-03-21,0,Palau
2021-03-22,0,Palau
2021-03-23,0,Palau
2021-03-24,0,Palau
2021-03-25,0,Palau
2021-03-26,0,Palau
2021-03-27,0,Palau
2021-03-28,0,Palau
2021-03-29,0,Palau
2021-03-30,0,Palau
2021-03-31,0,Palau
2021-04-01,0,Palau
2021-04-02,0,Palau
2021-04-03,0,Palau
2021-04-04,0,Palau
2021-04-05,0,Palau
2021-04-06,0,Palau
2021-04-07,0,Palau
2021-04-08,0,Palau
2021-04-09,0,Palau
2021-04-10,0,Palau
2021-04-11,0,Palau
2021-04-12,0,Palau
2021-04-13,0,Palau
2021-04-14,0,Palau
2021-04-15,0,Palau
2021-04-16,0,Palau
2021-04-17,0,Palau
2021-04-18,0,Palau
2021-04-19,0,Palau
2021-04-20,0,Palau
2021-04-21,0,Palau
2021-04-22,0,Palau
2021-04-23,0,Palau
2021-04-24,0,Palau
2021-04-25,0,Palau
2021-04-26,0,Palau
2021-04-27,0,Palau
2021-04-28,0,Palau
2021-04-29,0,Palau
2021-04-30,0,Palau
2021-05-01,0,Palau
2021-05-02,0,Palau
2021-05-03,0,Palau
2021-05-04,0,Palau
2021-05-05,0,Palau
2021-05-06,0,Palau
2021-05-07,0,Palau
2021-05-08,0,Palau
2021-05-09,0,Palau
2021-05-10,0,Palau
2021-05-11,0,Palau
2021-05-12,0,Palau
2021-05-13,0,Palau
2021-05-14,0,Palau
2021-05-15,0,Palau
2021-05-16,0,Palau
2021-05-17,0,Palau
2021-05-18,0,Palau
2021-05-19,0,Palau
2021-05-20,0,Palau
2021-05-21,0,Palau
2021-05-22,0,Palau
2021-05-23,0,Palau
2021-05-24,0,Palau
2021-05-25,0,Palau
2021-05-26,0,Palau
2021-05-27,0,Palau
2021-05-28,0,Palau
2021-05-29,0,Palau
2021-05-30,0,Palau
2021-05-31,0,Palau
2021-06-01,0,Palau
2021-06-02,0,Palau
2021-06-03,0,Palau
2021-06-04,0,Palau
2021-06-05,0,Palau
2021-06-06,0,Palau
2021-06-07,0,Palau
2021-06-08,0,Palau
2021-06-09,0,Palau
2021-06-10,0,Palau
2021-06-11,0,Palau
2021-06-12,0,Palau
2021-06-13,0,Palau
2021-06-14,0,Palau
2021-06-15,0,Palau
2021-06-16,0,Palau
2021-06-17,0,Palau
2021-06-18,0,Palau
2021-06-19,0,Palau
2021-06-20,0,Palau
2021-06-21,0,Palau
2021-06-22,0,Palau
2021-06-23,0,Palau
2021-06-24,0,Palau
2021-06-25,0,Palau
2021-06-26,0,Palau
2021-06-27,0,Palau
2021-06-28,0,Palau
2021-06-29,0,Palau
2021-06-30,0,Palau
2021-07-01,0,Palau
2021-07-02,0,Palau
2021-07-03,0,Palau
2021-07-04,0,Palau
2021-07-05,0,Palau
2021-07-06,0,Palau
2021-07-07,0,Palau
2021-07-08,0,Palau
2021-07-09,0,Palau
2021-07-10,0,Palau
2021-07-11,0,Palau
2021-07-12,0,Palau
2021-07-13,0,Palau
2021-07-14,0,Palau
2021-07-15,0,Palau
2021-07-16,0,Palau
2021-07-17,0,Palau
2021-07-18,0,Palau
2021-07-19,0,Palau
2021-07-20,0,Palau
2021-07-21,0,Palau
2021-07-22,0,Palau
2021-07-23,0,Palau
2021-07-24,0,Palau
2021-07-25,0,Palau
2021-07-26,0,Palau
2021-07-27,0,Palau
2021-07-28,0,Palau
2021-07-29,0,Palau
2021-07-30,0,Palau
2021-07-31,0,Palau
2021-08-01,0,Palau
2021-08-02,0,Palau
2021-08-03,0,Palau
2021-08-04,0,Palau
2021-08-05,0,Palau
2021-08-06,0,Palau
2021-08-07,0,Palau
2021-08-08,0,Palau
2021-08-09,0,Palau
2021-08-10,0,Palau
2021-08-11,0,Palau
2021-08-12,0,Palau
2021-08-13,0,Palau
2021-08-14,0,Palau
2021-08-15,0,Palau
2021-08-16,0,Palau
2021-08-17,0,Palau
2021-08-18,0,Palau
2021-08-19,0,Palau
2021-08-20,0,Palau
2021-08-21,0,Palau
2021-08-22,2,Palau
2021-08-23,0,Palau
2021-08-24,0,Palau
2021-08-25,0,Palau
2021-08-26,0,Palau
2021-08-27,0,Palau
2021-08-28,0,Palau
2021-08-29,0,Palau
2021-08-30,0,Palau
2021-08-31,0,Palau
2021-09-01,0,Palau
2021-09-02,0,Palau
2021-09-03,0,Palau
2021-09-04,0,Palau
2021-09-05,0,Palau
2021-09-06,0,Palau
2021-09-07,0,Palau
2021-09-08,0,Palau
2021-09-09,0,Palau
2021-09-10,0,Palau
2021-09-11,1,Palau
2021-09-12,0,Palau
2021-09-13,0,Palau
2021-09-14,0,Palau
2021-09-15,2,Palau
2021-09-16,0,Palau
2021-09-17,0,Palau
2021-09-18,0,Palau
2021-09-19,0,Palau
2021-09-20,0,Palau
2021-09-21,0,Palau
2021-09-22,0,Palau
2021-09-23,0,Palau
2021-09-24,0,Palau
2021-09-25,0,Palau
2021-09-26,0,Palau
2021-09-27,0,Palau
2021-09-28,0,Palau
2021-09-29,0,Palau
2021-09-30,0,Palau
2021-10-01,0,Palau
2021-10-02,0,Palau
2021-10-03,0,Palau
2021-10-04,0,Palau
2021-10-05,0,Palau
2021-10-06,0,Palau
2021-10-07,0,Palau
2021-10-08,0,Palau
2021-10-09,3,Palau
2021-10-10,0,Palau
2021-10-11,0,Palau
2021-10-12,0,Palau
2021-10-13,0,Palau
2021-10-14,0,Palau
2021-10-15,0,Palau
2021-10-16,0,Palau
2021-10-17,0,Palau
2021-10-18,0,Palau
2021-10-19,0,Palau
2021-10-20,0,Palau
2021-10-21,0,Palau
2021-10-22,0,Palau
2021-10-23,0,Palau
2021-10-24,0,Palau
2021-10-25,0,Palau
2021-10-26,0,Palau
2021-10-27,0,Palau
2021-10-28,0,Palau
2021-10-29,0,Palau
2021-10-30,0,Palau
2021-10-31,0,Palau
2021-11-01,0,Palau
2021-11-02,0,Palau
2021-11-03,0,Palau
2021-11-04,0,Palau
2021-11-05,0,Palau
2021-11-06,0,Palau
2021-11-07,0,Palau
2021-11-08,0,Palau
2021-11-09,0,Palau
2021-11-10,0,Palau
2021-11-11,0,Palau
2021-11-12,0,Palau
2021-11-13,0,Palau
2021-11-14,0,Palau
2021-11-15,0,Palau
2021-11-16,0,Palau
2021-11-17,0,Palau
2021-11-18,0,Palau
2021-11-19,0,Palau
2021-11-20,0,Palau
2021-11-21,0,Palau
2021-11-22,0,Palau
2021-11-23,0,Palau
2021-11-24,0,Palau
2021-11-25,0,Palau
2021-11-26,0,Palau
2021-11-27,0,Palau
2021-11-28,0,Palau
2021-11-29,0,Palau
2021-11-30,0,Palau
2021-12-01,0,Palau
2021-12-02,0,Palau
2021-12-03,0,Palau
2021-12-04,0,Palau
2021-12-05,0,Palau
2021-12-06,0,Palau
2021-12-07,0,Palau
2021-12-08,0,Palau
2021-12-09,0,Palau
2021-12-10,0,Palau
2021-12-11,0,Palau
2021-12-12,0,Palau
2021-12-13,0,Palau
2021-12-14,0,Palau
2021-12-15,0,Palau
2021-12-16,0,Palau
2021-12-17,0,Palau
2021-12-18,0,Palau
2021-12-19,0,Palau
2021-12-20,0,Palau
2021-12-21,0,Palau
2021-12-22,0,Palau
2021-12-23,0,Palau
2021-12-24,0,Palau
2021-12-25,0,Palau
2021-12-26,0,Palau
2021-12-27,2,Palau
2021-12-28,0,Palau
2021-12-29,0,Palau
2021-12-30,0,Palau
2021-12-31,2,Palau
2022-01-01,1,Palau
2022-01-02,0,Palau
2022-01-03,2,Palau
2022-01-04,0,Palau
2022-01-05,1,Palau
2022-01-06,2,Palau
2022-01-07,0,Palau
2022-01-08,0,Palau
2022-01-09,2,Palau
2022-01-10,8,Palau
2022-01-11,4,Palau
2022-01-12,7,Palau
2022-01-13,1,Palau
2022-01-14,0,Palau
2022-01-15,24,Palau
2022-01-16,55,Palau
2022-01-17,30,Palau
2022-01-18,18,Palau
2022-01-19,22,Palau
2022-01-20,19,Palau
2022-01-21,125,Palau
2022-01-22,50,Palau
2022-01-23,119,Palau
2022-01-24,149,Palau
2022-01-25,106,Palau
2022-01-26,141,Palau
2022-01-27,124,Palau
2022-01-28,322,Palau
2022-01-29,60,Palau
2022-01-30,123,Palau
2022-01-31,155,Palau
2022-02-01,168,Palau
2022-02-02,90,Palau
2022-02-03,175,Palau
2022-02-04,237,Palau
2022-02-05,143,Palau
2022-02-06,61,Palau
2022-02-07,160,Palau
2022-02-08,127,Palau
2022-02-09,113,Palau
2022-02-10,89,Palau
2022-02-11,0,Palau
2022-02-12,0,Palau
2022-02-13,88,Palau
2022-02-14,123,Palau
2022-02-15,47,Palau
2022-02-16,72,Palau
2022-02-17,50,Palau
2022-02-18,38,Palau
2022-02-19,0,Palau
2022-02-20,0,Palau
2022-02-21,100,Palau
2022-02-22,64,Palau
2022-02-23,40,Palau
2022-02-24,29,Palau
2022-02-25,30,Palau
2022-02-26,0,Palau
2022-02-27,0,Palau
2022-02-28,55,Palau
2022-03-01,28,Palau
2022-03-02,14,Palau
2022-03-03,0,Palau
2022-03-04,0,Palau
2022-03-05,0,Palau
2022-03-06,21,Palau
2022-03-07,20,Palau
2022-03-08,8,Palau
2022-03-09,16,Palau
2022-03-10,6,Palau
2022-03-11,0,Palau
2022-03-12,0,Palau
2022-03-13,5,Palau
2022-03-14,23,Palau
2022-03-15,0,Palau
2022-03-16,13,Palau
2022-03-17,8,Palau
2022-03-18,0,Palau
2022-03-19,0,Palau
2022-03-20,2,Palau
2022-03-21,21,Palau
2022-03-22,4,Palau
2022-03-23,6,Palau
2022-03-24,0,Palau
2022-03-25,0,Palau
2022-03-26,0,Palau
2022-03-27,11,Palau
2022-03-28,27,Palau
2022-03-29,0,Palau
2022-03-30,10,Palau
2022-03-31,0,Palau
2022-04-01,0,Palau
2022-04-02,0,Palau
2022-04-03,18,Palau
2022-04-04,0,Palau
2022-04-05,28,Palau
2022-04-06,0,Palau
2022-04-07,0,Palau
2022-04-08,0,Palau
2022-04-09,0,Palau
2022-04-10,28,Palau
2022-04-11,0,Palau
2022-04-12,24,Palau
2022-04-13,0,Palau
2022-04-14,0,Palau
2022-04-15,0,Palau
2022-04-16,0,Palau
2022-04-17,0,Palau
2022-04-18,68,Palau
2022-04-19,89,Palau
2022-04-20,0,Palau
2022-04-21,0,Palau
2022-04-22,0,Palau
2022-04-23,0,Palau
2022-04-24,117,Palau
2022-04-25,0,Palau
2022-04-26,90,Palau
2022-04-27,0,Palau
2022-04-28,0,Palau
2022-04-29,0,Palau
2022-04-30,0,Palau
2022-05-01,124,Palau
2022-05-02,0,Palau
2022-05-03,80,Palau
2022-05-04,0,Palau
2022-05-05,0,Palau
2022-05-06,0,Palau
2022-05-07,0,Palau
2022-05-08,42,Palau
2022-05-09,0,Palau
2022-05-10,50,Palau
2022-05-11,0,Palau
2022-05-12,0,Palau
2022-05-13,0,Palau
2022-05-14,0,Palau
2022-05-15,97,Palau
2022-05-16,0,Palau
2022-05-17,0,Palau
2022-05-18,0,Palau
2022-05-19,0,Palau
2022-05-20,0,Palau
2022-05-21,57,Palau
2022-05-22,31,Palau
2022-05-23,0,Palau
2022-05-24,53,Palau
2022-05-25,0,Palau
2022-05-26,0,Palau
2022-05-27,0,Palau
2022-05-28,0,Palau
2022-05-29,23,Palau
2022-05-30,0,Palau
2022-05-31,22,Palau
2022-06-01,0,Palau
2022-06-02,0,Palau
2022-06-03,0,Palau
2022-06-04,0,Palau
2022-06-05,18,Palau
2022-06-06,0,Palau
2022-06-07,43,Palau
2022-06-08,0,Palau
2022-06-09,0,Palau
2022-06-10,19,Palau
2022-06-11,0,Palau
2022-06-12,0,Palau
2022-06-13,0,Palau
2022-06-14,20,Palau
2022-06-15,0,Palau
2022-06-16,0,Palau
2022-06-17,16,Palau
2022-06-18,0,Palau
2022-06-19,0,Palau
2022-06-20,0,Palau
2022-06-21,12,Palau
2022-06-22,0,Palau
2022-06-23,6,Palau
2022-06-24,0,Palau
2022-06-25,0,Palau
2022-06-26,0,Palau
2022-06-27,0,Palau
2022-06-28,0,Palau
2022-06-29,0,Palau
2022-06-30,0,Palau
2022-07-01,0,Palau
2022-07-02,0,Palau
2022-07-03,0,Palau
2022-07-04,0,Palau
2022-07-05,0,Palau
2022-07-06,0,Palau
2022-07-07,0,Palau
2022-07-08,0,Palau
2022-07-09,0,Palau
2022-07-10,0,Palau
2022-07-11,0,Palau
2022-07-12,0,Palau
2022-07-13,0,Palau
2022-07-14,0,Palau
2022-07-15,0,Palau
2022-07-16,0,Palau
2022-07-17,0,Palau
2022-07-18,0,Palau
2022-07-19,0,Palau
2022-07-20,15,Palau
2022-07-21,0,Palau
2022-07-22,0,Palau
2022-07-23,2,Palau
2022-07-24,0,Palau
2022-07-25,0,Palau
2022-07-26,0,Palau
2022-07-27,4,Palau
2022-07-28,0,Palau
2022-07-29,0,Palau
2022-07-30,12,Palau
2022-07-31,0,Palau
2022-08-01,0,Palau
2022-08-02,0,Palau
2022-08-03,2,Palau
2022-08-04,0,Palau
2022-08-05,0,Palau
2022-08-06,5,Palau
2022-08-07,0,Palau
2022-08-08,0,Palau
2022-08-09,0,Palau
2022-08-10,2,Palau
2022-08-11,0,Palau
2022-08-12,0,Palau
2022-08-13,5,Palau
2022-08-14,0,Palau
2022-08-15,0,Palau
2022-08-16,0,Palau
2022-08-17,0,Palau
2022-08-18,0,Palau
2022-08-19,0,Palau
2022-08-20,33,Palau
2022-08-21,0,Palau
2022-08-22,0,Palau
2022-08-23,0,Palau
2022-08-24,0,Palau
2022-08-25,0,Palau
2022-08-26,0,Palau
2022-08-27,69,Palau
2022-08-28,0,Palau
2022-08-29,0,Palau
2022-08-30,0,Palau
2022-08-31,0,Palau
2022-09-01,0,Palau
2022-09-02,0,Palau
2022-09-03,55,Palau
2022-09-04,0,Palau
2022-09-05,0,Palau
2022-09-06,0,Palau
2022-09-07,0,Palau
2022-09-08,0,Palau
2022-09-09,0,Palau
2022-09-10,27,Palau
2022-09-11,0,Palau
2022-09-12,0,Palau
2022-09-13,0,Palau
2022-09-14,0,Palau
2022-09-15,0,Palau
2022-09-16,0,Palau
2022-09-17,30,Palau
2022-09-18,0,Palau
2022-09-19,0,Palau
2022-09-20,0,Palau
2022-09-21,0,Palau
2022-09-22,0,Palau
2022-09-23,0,Palau
2022-09-24,0,Palau
2022-09-25,0,Palau
2022-09-26,0,Palau
2022-09-27,0,Palau
2022-09-28,0,Palau
2022-09-29,0,Palau
2022-09-30,21,Palau
2022-10-01,0,Palau
2022-10-02,0,Palau
2022-10-03,0,Palau
2022-10-04,0,Palau
2022-10-05,0,Palau
2022-10-06,0,Palau
2022-10-07,0,Palau
2022-10-08,9,Palau
2022-10-09,0,Palau
2022-10-10,0,Palau
2022-10-11,0,Palau
2022-10-12,0,Palau
2022-10-13,0,Palau
2022-10-14,0,Palau
2022-10-15,0,Palau
2022-10-16,0,Palau
2022-10-17,0,Palau
2022-10-18,0,Palau
2022-10-19,0,Palau
2022-10-20,0,Palau
2020-03-02,0,Papua New Guinea
2020-03-03,0,Papua New Guinea
2020-03-04,0,Papua New Guinea
2020-03-05,0,Papua New Guinea
2020-03-06,0,Papua New Guinea
2020-03-07,0,Papua New Guinea
2020-03-08,0,Papua New Guinea
2020-03-09,0,Papua New Guinea
2020-03-10,0,Papua New Guinea
2020-03-11,0,Papua New Guinea
2020-03-12,0,Papua New Guinea
2020-03-13,0,Papua New Guinea
2020-03-14,0,Papua New Guinea
2020-03-15,0,Papua New Guinea
2020-03-16,0,Papua New Guinea
2020-03-17,0,Papua New Guinea
2020-03-18,0,Papua New Guinea
2020-03-19,0,Papua New Guinea
2020-03-20,0,Papua New Guinea
2020-03-21,1,Papua New Guinea
2020-03-22,0,Papua New Guinea
2020-03-23,0,Papua New Guinea
2020-03-24,0,Papua New Guinea
2020-03-25,0,Papua New Guinea
2020-03-26,0,Papua New Guinea
2020-03-27,0,Papua New Guinea
2020-03-28,0,Papua New Guinea
2020-03-29,0,Papua New Guinea
2020-03-30,0,Papua New Guinea
2020-03-31,0,Papua New Guinea
2020-04-01,0,Papua New Guinea
2020-04-02,0,Papua New Guinea
2020-04-03,0,Papua New Guinea
2020-04-04,0,Papua New Guinea
2020-04-05,0,Papua New Guinea
2020-04-06,0,Papua New Guinea
2020-04-07,0,Papua New Guinea
2020-04-08,0,Papua New Guinea
2020-04-09,1,Papua New Guinea
2020-04-10,0,Papua New Guinea
2020-04-11,0,Papua New Guinea
2020-04-12,0,Papua New Guinea
2020-04-13,0,Papua New Guinea
2020-04-14,0,Papua New Guinea
2020-04-15,0,Papua New Guinea
2020-04-16,0,Papua New Guinea
2020-04-17,5,Papua New Guinea
2020-04-18,0,Papua New Guinea
2020-04-19,0,Papua New Guinea
2020-04-20,0,Papua New Guinea
2020-04-21,0,Papua New Guinea
2020-04-22,0,Papua New Guinea
2020-04-23,1,Papua New Guinea
2020-04-24,0,Papua New Guinea
2020-04-25,0,Papua New Guinea
2020-04-26,0,Papua New Guinea
2020-04-27,0,Papua New Guinea
2020-04-28,0,Papua New Guinea
2020-04-29,0,Papua New Guinea
2020-04-30,0,Papua New Guinea
2020-05-01,0,Papua New Guinea
2020-05-02,0,Papua New Guinea
2020-05-03,0,Papua New Guinea
2020-05-04,0,Papua New Guinea
2020-05-05,0,Papua New Guinea
2020-05-06,0,Papua New Guinea
2020-05-07,0,Papua New Guinea
2020-05-08,0,Papua New Guinea
2020-05-09,0,Papua New Guinea
2020-05-10,0,Papua New Guinea
2020-05-11,0,Papua New Guinea
2020-05-12,0,Papua New Guinea
2020-05-13,0,Papua New Guinea
2020-05-14,0,Papua New Guinea
2020-05-15,0,Papua New Guinea
2020-05-16,0,Papua New Guinea
2020-05-17,0,Papua New Guinea
2020-05-18,0,Papua New Guinea
2020-05-19,0,Papua New Guinea
2020-05-20,0,Papua New Guinea
2020-05-21,0,Papua New Guinea
2020-05-22,0,Papua New Guinea
2020-05-23,0,Papua New Guinea
2020-05-24,0,Papua New Guinea
2020-05-25,0,Papua New Guinea
2020-05-26,0,Papua New Guinea
2020-05-27,0,Papua New Guinea
2020-05-28,0,Papua New Guinea
2020-05-29,0,Papua New Guinea
2020-05-30,0,Papua New Guinea
2020-05-31,0,Papua New Guinea
2020-06-01,0,Papua New Guinea
2020-06-02,0,Papua New Guinea
2020-06-03,0,Papua New Guinea
2020-06-04,0,Papua New Guinea
2020-06-05,0,Papua New Guinea
2020-06-06,0,Papua New Guinea
2020-06-07,0,Papua New Guinea
2020-06-08,0,Papua New Guinea
2020-06-09,0,Papua New Guinea
2020-06-10,0,Papua New Guinea
2020-06-11,0,Papua New Guinea
2020-06-12,0,Papua New Guinea
2020-06-13,0,Papua New Guinea
2020-06-14,0,Papua New Guinea
2020-06-15,0,Papua New Guinea
2020-06-16,0,Papua New Guinea
2020-06-17,0,Papua New Guinea
2020-06-18,0,Papua New Guinea
2020-06-19,0,Papua New Guinea
2020-06-20,0,Papua New Guinea
2020-06-21,1,Papua New Guinea
2020-06-22,0,Papua New Guinea
2020-06-23,0,Papua New Guinea
2020-06-24,0,Papua New Guinea
2020-06-25,1,Papua New Guinea
2020-06-26,1,Papua New Guinea
2020-06-27,0,Papua New Guinea
2020-06-28,0,Papua New Guinea
2020-06-29,0,Papua New Guinea
2020-06-30,0,Papua New Guinea
2020-07-01,0,Papua New Guinea
2020-07-02,0,Papua New Guinea
2020-07-03,0,Papua New Guinea
2020-07-04,0,Papua New Guinea
2020-07-05,0,Papua New Guinea
2020-07-06,0,Papua New Guinea
2020-07-07,0,Papua New Guinea
2020-07-08,0,Papua New Guinea
2020-07-09,0,Papua New Guinea
2020-07-10,0,Papua New Guinea
2020-07-11,0,Papua New Guinea
2020-07-12,0,Papua New Guinea
2020-07-13,0,Papua New Guinea
2020-07-14,0,Papua New Guinea
2020-07-15,0,Papua New Guinea
2020-07-16,0,Papua New Guinea
2020-07-17,4,Papua New Guinea
2020-07-18,0,Papua New Guinea
2020-07-19,0,Papua New Guinea
2020-07-20,2,Papua New Guinea
2020-07-21,0,Papua New Guinea
2020-07-22,10,Papua New Guinea
2020-07-23,3,Papua New Guinea
2020-07-24,1,Papua New Guinea
2020-07-25,1,Papua New Guinea
2020-07-26,7,Papua New Guinea
2020-07-27,23,Papua New Guinea
2020-07-28,0,Papua New Guinea
2020-07-29,1,Papua New Guinea
2020-07-30,0,Papua New Guinea
2020-07-31,0,Papua New Guinea
2020-08-01,9,Papua New Guinea
2020-08-02,19,Papua New Guinea
2020-08-03,19,Papua New Guinea
2020-08-04,1,Papua New Guinea
2020-08-05,3,Papua New Guinea
2020-08-06,39,Papua New Guinea
2020-08-07,10,Papua New Guinea
2020-08-08,25,Papua New Guinea
2020-08-09,0,Papua New Guinea
2020-08-10,26,Papua New Guinea
2020-08-11,0,Papua New Guinea
2020-08-12,0,Papua New Guinea
2020-08-13,55,Papua New Guinea
2020-08-14,2,Papua New Guinea
2020-08-15,4,Papua New Guinea
2020-08-16,0,Papua New Guinea
2020-08-17,48,Papua New Guinea
2020-08-18,10,Papua New Guinea
2020-08-19,14,Papua New Guinea
2020-08-20,12,Papua New Guinea
2020-08-21,2,Papua New Guinea
2020-08-22,0,Papua New Guinea
2020-08-23,0,Papua New Guinea
2020-08-24,40,Papua New Guinea
2020-08-25,0,Papua New Guinea
2020-08-26,18,Papua New Guinea
2020-08-27,0,Papua New Guinea
2020-08-28,5,Papua New Guinea
2020-08-29,29,Papua New Guinea
2020-08-30,6,Papua New Guinea
2020-08-31,0,Papua New Guinea
2020-09-01,0,Papua New Guinea
2020-09-02,1,Papua New Guinea
2020-09-03,11,Papua New Guinea
2020-09-04,0,Papua New Guinea
2020-09-05,8,Papua New Guinea
2020-09-06,9,Papua New Guinea
2020-09-07,9,Papua New Guinea
2020-09-08,0,Papua New Guinea
2020-09-09,6,Papua New Guinea
2020-09-10,1,Papua New Guinea
2020-09-11,3,Papua New Guinea
2020-09-12,1,Papua New Guinea
2020-09-13,0,Papua New Guinea
2020-09-14,3,Papua New Guinea
2020-09-15,0,Papua New Guinea
2020-09-16,0,Papua New Guinea
2020-09-17,5,Papua New Guinea
2020-09-18,0,Papua New Guinea
2020-09-19,0,Papua New Guinea
2020-09-20,0,Papua New Guinea
2020-09-21,1,Papua New Guinea
2020-09-22,9,Papua New Guinea
2020-09-23,1,Papua New Guinea
2020-09-24,4,Papua New Guinea
2020-09-25,0,Papua New Guinea
2020-09-26,0,Papua New Guinea
2020-09-27,1,Papua New Guinea
2020-09-28,2,Papua New Guinea
2020-09-29,0,Papua New Guinea
2020-09-30,0,Papua New Guinea
2020-10-01,0,Papua New Guinea
2020-10-02,5,Papua New Guinea
2020-10-03,0,Papua New Guinea
2020-10-04,1,Papua New Guinea
2020-10-05,0,Papua New Guinea
2020-10-06,1,Papua New Guinea
2020-10-07,0,Papua New Guinea
2020-10-08,0,Papua New Guinea
2020-10-09,8,Papua New Guinea
2020-10-10,1,Papua New Guinea
2020-10-11,0,Papua New Guinea
2020-10-12,4,Papua New Guinea
2020-10-13,11,Papua New Guinea
2020-10-14,0,Papua New Guinea
2020-10-15,13,Papua New Guinea
2020-10-16,0,Papua New Guinea
2020-10-17,0,Papua New Guinea
2020-10-18,3,Papua New Guinea
2020-10-19,0,Papua New Guinea
2020-10-20,0,Papua New Guinea
2020-10-21,0,Papua New Guinea
2020-10-22,0,Papua New Guinea
2020-10-23,2,Papua New Guinea
2020-10-24,0,Papua New Guinea
2020-10-25,0,Papua New Guinea
2020-10-26,5,Papua New Guinea
2020-10-27,0,Papua New Guinea
2020-10-28,0,Papua New Guinea
2020-10-29,1,Papua New Guinea
2020-10-30,0,Papua New Guinea
2020-10-31,0,Papua New Guinea
2020-11-01,0,Papua New Guinea
2020-11-02,1,Papua New Guinea
2020-11-03,2,Papua New Guinea
2020-11-04,5,Papua New Guinea
2020-11-05,0,Papua New Guinea
2020-11-06,0,Papua New Guinea
2020-11-07,0,Papua New Guinea
2020-11-08,0,Papua New Guinea
2020-11-09,2,Papua New Guinea
2020-11-10,0,Papua New Guinea
2020-11-11,0,Papua New Guinea
2020-11-12,0,Papua New Guinea
2020-11-13,1,Papua New Guinea
2020-11-14,0,Papua New Guinea
2020-11-15,0,Papua New Guinea
2020-11-16,2,Papua New Guinea
2020-11-17,0,Papua New Guinea
2020-11-18,2,Papua New Guinea
2020-11-19,0,Papua New Guinea
2020-11-20,0,Papua New Guinea
2020-11-21,0,Papua New Guinea
2020-11-22,0,Papua New Guinea
2020-11-23,0,Papua New Guinea
2020-11-24,8,Papua New Guinea
2020-11-25,18,Papua New Guinea
2020-11-26,15,Papua New Guinea
2020-11-27,0,Papua New Guinea
2020-11-28,0,Papua New Guinea
2020-11-29,0,Papua New Guinea
2020-11-30,10,Papua New Guinea
2020-12-01,1,Papua New Guinea
2020-12-02,0,Papua New Guinea
2020-12-03,13,Papua New Guinea
2020-12-04,2,Papua New Guinea
2020-12-05,0,Papua New Guinea
2020-12-06,0,Papua New Guinea
2020-12-07,0,Papua New Guinea
2020-12-08,13,Papua New Guinea
2020-12-09,0,Papua New Guinea
2020-12-10,0,Papua New Guinea
2020-12-11,0,Papua New Guinea
2020-12-12,36,Papua New Guinea
2020-12-13,0,Papua New Guinea
2020-12-14,5,Papua New Guinea
2020-12-15,0,Papua New Guinea
2020-12-16,4,Papua New Guinea
2020-12-17,0,Papua New Guinea
2020-12-18,31,Papua New Guinea
2020-12-19,0,Papua New Guinea
2020-12-20,0,Papua New Guinea
2020-12-21,0,Papua New Guinea
2020-12-22,1,Papua New Guinea
2020-12-23,0,Papua New Guinea
2020-12-24,0,Papua New Guinea
2020-12-25,19,Papua New Guinea
2020-12-26,0,Papua New Guinea
2020-12-27,0,Papua New Guinea
2020-12-28,0,Papua New Guinea
2020-12-29,0,Papua New Guinea
2020-12-30,0,Papua New Guinea
2020-12-31,0,Papua New Guinea
2021-01-01,0,Papua New Guinea
2021-01-02,0,Papua New Guinea
2021-01-03,19,Papua New Guinea
2021-01-04,0,Papua New Guinea
2021-01-05,0,Papua New Guinea
2021-01-06,0,Papua New Guinea
2021-01-07,0,Papua New Guinea
2021-01-08,12,Papua New Guinea
2021-01-09,0,Papua New Guinea
2021-01-10,0,Papua New Guinea
2021-01-11,8,Papua New Guinea
2021-01-12,4,Papua New Guinea
2021-01-13,10,Papua New Guinea
2021-01-14,1,Papua New Guinea
2021-01-15,0,Papua New Guinea
2021-01-16,0,Papua New Guinea
2021-01-17,0,Papua New Guinea
2021-01-18,0,Papua New Guinea
2021-01-19,9,Papua New Guinea
2021-01-20,1,Papua New Guinea
2021-01-21,5,Papua New Guinea
2021-01-22,0,Papua New Guinea
2021-01-23,0,Papua New Guinea
2021-01-24,0,Papua New Guinea
2021-01-25,0,Papua New Guinea
2021-01-26,1,Papua New Guinea
2021-01-27,1,Papua New Guinea
2021-01-28,0,Papua New Guinea
2021-01-29,0,Papua New Guinea
2021-01-30,0,Papua New Guinea
2021-01-31,16,Papua New Guinea
2021-02-01,0,Papua New Guinea
2021-02-02,0,Papua New Guinea
2021-02-03,0,Papua New Guinea
2021-02-04,24,Papua New Guinea
2021-02-05,3,Papua New Guinea
2021-02-06,0,Papua New Guinea
2021-02-07,1,Papua New Guinea
2021-02-08,5,Papua New Guinea
2021-02-09,0,Papua New Guinea
2021-02-10,14,Papua New Guinea
2021-02-11,8,Papua New Guinea
2021-02-12,0,Papua New Guinea
2021-02-13,0,Papua New Guinea
2021-02-14,0,Papua New Guinea
2021-02-15,33,Papua New Guinea
2021-02-16,0,Papua New Guinea
2021-02-17,6,Papua New Guinea
2021-02-18,9,Papua New Guinea
2021-02-19,59,Papua New Guinea
2021-02-20,0,Papua New Guinea
2021-02-21,27,Papua New Guinea
2021-02-22,21,Papua New Guinea
2021-02-23,34,Papua New Guinea
2021-02-24,28,Papua New Guinea
2021-02-25,89,Papua New Guinea
2021-02-26,47,Papua New Guinea
2021-02-27,20,Papua New Guinea
2021-02-28,21,Papua New Guinea
2021-03-01,49,Papua New Guinea
2021-03-02,36,Papua New Guinea
2021-03-03,28,Papua New Guinea
2021-03-04,63,Papua New Guinea
2021-03-05,37,Papua New Guinea
2021-03-06,54,Papua New Guinea
2021-03-07,87,Papua New Guinea
2021-03-08,22,Papua New Guinea
2021-03-09,49,Papua New Guinea
2021-03-10,78,Papua New Guinea
2021-03-11,157,Papua New Guinea
2021-03-12,107,Papua New Guinea
2021-03-13,90,Papua New Guinea
2021-03-14,96,Papua New Guinea
2021-03-15,82,Papua New Guinea
2021-03-16,128,Papua New Guinea
2021-03-17,179,Papua New Guinea
2021-03-18,132,Papua New Guinea
2021-03-19,295,Papua New Guinea
2021-03-20,274,Papua New Guinea
2021-03-21,215,Papua New Guinea
2021-03-22,184,Papua New Guinea
2021-03-23,351,Papua New Guinea
2021-03-24,551,Papua New Guinea
2021-03-25,305,Papua New Guinea
2021-03-26,219,Papua New Guinea
2021-03-27,21,Papua New Guinea
2021-03-28,144,Papua New Guinea
2021-03-29,271,Papua New Guinea
2021-03-30,371,Papua New Guinea
2021-03-31,121,Papua New Guinea
2021-04-01,363,Papua New Guinea
2021-04-02,144,Papua New Guinea
2021-04-03,238,Papua New Guinea
2021-04-04,181,Papua New Guinea
2021-04-05,368,Papua New Guinea
2021-04-06,228,Papua New Guinea
2021-04-07,205,Papua New Guinea
2021-04-08,162,Papua New Guinea
2021-04-09,341,Papua New Guinea
2021-04-10,100,Papua New Guinea
2021-04-11,160,Papua New Guinea
2021-04-12,219,Papua New Guinea
2021-04-13,163,Papua New Guinea
2021-04-14,204,Papua New Guinea
2021-04-15,155,Papua New Guinea
2021-04-16,172,Papua New Guinea
2021-04-17,223,Papua New Guinea
2021-04-18,61,Papua New Guinea
2021-04-19,153,Papua New Guinea
2021-04-20,245,Papua New Guinea
2021-04-21,141,Papua New Guinea
2021-04-22,212,Papua New Guinea
2021-04-23,52,Papua New Guinea
2021-04-24,68,Papua New Guinea
2021-04-25,165,Papua New Guinea
2021-04-26,80,Papua New Guinea
2021-04-27,82,Papua New Guinea
2021-04-28,0,Papua New Guinea
2021-04-29,122,Papua New Guinea
2021-04-30,87,Papua New Guinea
2021-05-01,56,Papua New Guinea
2021-05-02,11,Papua New Guinea
2021-05-03,0,Papua New Guinea
2021-05-04,0,Papua New Guinea
2021-05-05,357,Papua New Guinea
2021-05-06,253,Papua New Guinea
2021-05-07,203,Papua New Guinea
2021-05-08,140,Papua New Guinea
2021-05-09,267,Papua New Guinea
2021-05-10,504,Papua New Guinea
2021-05-11,245,Papua New Guinea
2021-05-12,181,Papua New Guinea
2021-05-13,284,Papua New Guinea
2021-05-14,221,Papua New Guinea
2021-05-15,0,Papua New Guinea
2021-05-16,278,Papua New Guinea
2021-05-17,135,Papua New Guinea
2021-05-18,298,Papua New Guinea
2021-05-19,271,Papua New Guinea
2021-05-20,132,Papua New Guinea
2021-05-21,91,Papua New Guinea
2021-05-22,54,Papua New Guinea
2021-05-23,35,Papua New Guinea
2021-05-24,146,Papua New Guinea
2021-05-25,47,Papua New Guinea
2021-05-26,132,Papua New Guinea
2021-05-27,225,Papua New Guinea
2021-05-28,76,Papua New Guinea
2021-05-29,53,Papua New Guinea
2021-05-30,9,Papua New Guinea
2021-05-31,28,Papua New Guinea
2021-06-01,78,Papua New Guinea
2021-06-02,169,Papua New Guinea
2021-06-03,73,Papua New Guinea
2021-06-04,69,Papua New Guinea
2021-06-05,47,Papua New Guinea
2021-06-06,17,Papua New Guinea
2021-06-07,7,Papua New Guinea
2021-06-08,182,Papua New Guinea
2021-06-09,41,Papua New Guinea
2021-06-10,40,Papua New Guinea
2021-06-11,21,Papua New Guinea
2021-06-12,45,Papua New Guinea
2021-06-13,1,Papua New Guinea
2021-06-14,63,Papua New Guinea
2021-06-15,8,Papua New Guinea
2021-06-16,62,Papua New Guinea
2021-06-17,72,Papua New Guinea
2021-06-18,47,Papua New Guinea
2021-06-19,33,Papua New Guinea
2021-06-20,25,Papua New Guinea
2021-06-21,3,Papua New Guinea
2021-06-22,38,Papua New Guinea
2021-06-23,19,Papua New Guinea
2021-06-24,40,Papua New Guinea
2021-06-25,0,Papua New Guinea
2021-06-26,52,Papua New Guinea
2021-06-27,0,Papua New Guinea
2021-06-28,0,Papua New Guinea
2021-06-29,0,Papua New Guinea
2021-06-30,38,Papua New Guinea
2021-07-01,10,Papua New Guinea
2021-07-02,16,Papua New Guinea
2021-07-03,0,Papua New Guinea
2021-07-04,0,Papua New Guinea
2021-07-05,0,Papua New Guinea
2021-07-06,0,Papua New Guinea
2021-07-07,28,Papua New Guinea
2021-07-08,26,Papua New Guinea
2021-07-09,0,Papua New Guinea
2021-07-10,26,Papua New Guinea
2021-07-11,0,Papua New Guinea
2021-07-12,33,Papua New Guinea
2021-07-13,0,Papua New Guinea
2021-07-14,0,Papua New Guinea
2021-07-15,58,Papua New Guinea
2021-07-16,39,Papua New Guinea
2021-07-17,0,Papua New Guinea
2021-07-18,0,Papua New Guinea
2021-07-19,0,Papua New Guinea
2021-07-20,130,Papua New Guinea
2021-07-21,43,Papua New Guinea
2021-07-22,0,Papua New Guinea
2021-07-23,0,Papua New Guinea
2021-07-24,0,Papua New Guinea
2021-07-25,0,Papua New Guinea
2021-07-26,18,Papua New Guinea
2021-07-27,15,Papua New Guinea
2021-07-28,16,Papua New Guinea
2021-07-29,31,Papua New Guinea
2021-07-30,57,Papua New Guinea
2021-07-31,0,Papua New Guinea
2021-08-01,1,Papua New Guinea
2021-08-02,3,Papua New Guinea
2021-08-03,2,Papua New Guinea
2021-08-04,7,Papua New Guinea
2021-08-05,11,Papua New Guinea
2021-08-06,2,Papua New Guinea
2021-08-07,4,Papua New Guinea
2021-08-08,2,Papua New Guinea
2021-08-09,0,Papua New Guinea
2021-08-10,1,Papua New Guinea
2021-08-11,0,Papua New Guinea
2021-08-12,5,Papua New Guinea
2021-08-13,15,Papua New Guinea
2021-08-14,5,Papua New Guinea
2021-08-15,0,Papua New Guinea
2021-08-16,0,Papua New Guinea
2021-08-17,12,Papua New Guinea
2021-08-18,8,Papua New Guinea
2021-08-19,31,Papua New Guinea
2021-08-20,35,Papua New Guinea
2021-08-21,7,Papua New Guinea
2021-08-22,1,Papua New Guinea
2021-08-23,21,Papua New Guinea
2021-08-24,18,Papua New Guinea
2021-08-25,10,Papua New Guinea
2021-08-26,11,Papua New Guinea
2021-08-27,13,Papua New Guinea
2021-08-28,0,Papua New Guinea
2021-08-29,13,Papua New Guinea
2021-08-30,79,Papua New Guinea
2021-08-31,101,Papua New Guinea
2021-09-01,11,Papua New Guinea
2021-09-02,25,Papua New Guinea
2021-09-03,7,Papua New Guinea
2021-09-04,6,Papua New Guinea
2021-09-05,24,Papua New Guinea
2021-09-06,11,Papua New Guinea
2021-09-07,20,Papua New Guinea
2021-09-08,43,Papua New Guinea
2021-09-09,18,Papua New Guinea
2021-09-10,24,Papua New Guinea
2021-09-11,23,Papua New Guinea
2021-09-12,8,Papua New Guinea
2021-09-13,130,Papua New Guinea
2021-09-14,0,Papua New Guinea
2021-09-15,0,Papua New Guinea
2021-09-16,266,Papua New Guinea
2021-09-17,37,Papua New Guinea
2021-09-18,45,Papua New Guinea
2021-09-19,43,Papua New Guinea
2021-09-20,35,Papua New Guinea
2021-09-21,101,Papua New Guinea
2021-09-22,113,Papua New Guinea
2021-09-23,96,Papua New Guinea
2021-09-24,104,Papua New Guinea
2021-09-25,85,Papua New Guinea
2021-09-26,56,Papua New Guinea
2021-09-27,180,Papua New Guinea
2021-09-28,200,Papua New Guinea
2021-09-29,318,Papua New Guinea
2021-09-30,234,Papua New Guinea
2021-10-01,217,Papua New Guinea
2021-10-02,209,Papua New Guinea
2021-10-03,151,Papua New Guinea
2021-10-04,333,Papua New Guinea
2021-10-05,275,Papua New Guinea
2021-10-06,256,Papua New Guinea
2021-10-07,517,Papua New Guinea
2021-10-08,450,Papua New Guinea
2021-10-09,163,Papua New Guinea
2021-10-10,123,Papua New Guinea
2021-10-11,216,Papua New Guinea
2021-10-12,264,Papua New Guinea
2021-10-13,412,Papua New Guinea
2021-10-14,297,Papua New Guinea
2021-10-15,362,Papua New Guinea
2021-10-16,157,Papua New Guinea
2021-10-17,0,Papua New Guinea
2021-10-18,499,Papua New Guinea
2021-10-19,0,Papua New Guinea
2021-10-20,798,Papua New Guinea
2021-10-21,577,Papua New Guinea
2021-10-22,520,Papua New Guinea
2021-10-23,376,Papua New Guinea
2021-10-24,268,Papua New Guinea
2021-10-25,314,Papua New Guinea
2021-10-26,278,Papua New Guinea
2021-10-27,336,Papua New Guinea
2021-10-28,285,Papua New Guinea
2021-10-29,259,Papua New Guinea
2021-10-30,348,Papua New Guinea
2021-10-31,98,Papua New Guinea
2021-11-01,222,Papua New Guinea
2021-11-02,476,Papua New Guinea
2021-11-03,499,Papua New Guinea
2021-11-04,277,Papua New Guinea
2021-11-05,312,Papua New Guinea
2021-11-06,192,Papua New Guinea
2021-11-07,102,Papua New Guinea
2021-11-08,280,Papua New Guinea
2021-11-09,106,Papua New Guinea
2021-11-10,99,Papua New Guinea
2021-11-11,249,Papua New Guinea
2021-11-12,203,Papua New Guinea
2021-11-13,123,Papua New Guinea
2021-11-14,1,Papua New Guinea
2021-11-15,31,Papua New Guinea
2021-11-16,69,Papua New Guinea
2021-11-17,555,Papua New Guinea
2021-11-18,413,Papua New Guinea
2021-11-19,287,Papua New Guinea
2021-11-20,133,Papua New Guinea
2021-11-21,30,Papua New Guinea
2021-11-22,102,Papua New Guinea
2021-11-23,133,Papua New Guinea
2021-11-24,139,Papua New Guinea
2021-11-25,60,Papua New Guinea
2021-11-26,40,Papua New Guinea
2021-11-27,83,Papua New Guinea
2021-11-28,61,Papua New Guinea
2021-11-29,89,Papua New Guinea
2021-11-30,58,Papua New Guinea
2021-12-01,117,Papua New Guinea
2021-12-02,36,Papua New Guinea
2021-12-03,107,Papua New Guinea
2021-12-04,41,Papua New Guinea
2021-12-05,33,Papua New Guinea
2021-12-06,91,Papua New Guinea
2021-12-07,40,Papua New Guinea
2021-12-08,133,Papua New Guinea
2021-12-09,54,Papua New Guinea
2021-12-10,38,Papua New Guinea
2021-12-11,10,Papua New Guinea
2021-12-12,0,Papua New Guinea
2021-12-13,19,Papua New Guinea
2021-12-14,6,Papua New Guinea
2021-12-15,31,Papua New Guinea
2021-12-16,11,Papua New Guinea
2021-12-17,2,Papua New Guinea
2021-12-18,0,Papua New Guinea
2021-12-19,0,Papua New Guinea
2021-12-20,0,Papua New Guinea
2021-12-21,19,Papua New Guinea
2021-12-22,68,Papua New Guinea
2021-12-23,17,Papua New Guinea
2021-12-24,14,Papua New Guinea
2021-12-25,6,Papua New Guinea
2021-12-26,0,Papua New Guinea
2021-12-27,0,Papua New Guinea
2021-12-28,7,Papua New Guinea
2021-12-29,21,Papua New Guinea
2021-12-30,0,Papua New Guinea
2021-12-31,32,Papua New Guinea
2022-01-01,0,Papua New Guinea
2022-01-02,2,Papua New Guinea
2022-01-03,1,Papua New Guinea
2022-01-04,3,Papua New Guinea
2022-01-05,89,Papua New Guinea
2022-01-06,41,Papua New Guinea
2022-01-07,31,Papua New Guinea
2022-01-08,46,Papua New Guinea
2022-01-09,4,Papua New Guinea
2022-01-10,8,Papua New Guinea
2022-01-11,14,Papua New Guinea
2022-01-12,3,Papua New Guinea
2022-01-13,3,Papua New Guinea
2022-01-14,1,Papua New Guinea
2022-01-15,10,Papua New Guinea
2022-01-16,0,Papua New Guinea
2022-01-17,0,Papua New Guinea
2022-01-18,9,Papua New Guinea
2022-01-19,25,Papua New Guinea
2022-01-20,0,Papua New Guinea
2022-01-21,0,Papua New Guinea
2022-01-22,47,Papua New Guinea
2022-01-23,21,Papua New Guinea
2022-01-24,0,Papua New Guinea
2022-01-25,22,Papua New Guinea
2022-01-26,139,Papua New Guinea
2022-01-27,157,Papua New Guinea
2022-01-28,0,Papua New Guinea
2022-01-29,0,Papua New Guinea
2022-01-30,279,Papua New Guinea
2022-01-31,125,Papua New Guinea
2022-02-01,120,Papua New Guinea
2022-02-02,0,Papua New Guinea
2022-02-03,0,Papua New Guinea
2022-02-04,0,Papua New Guinea
2022-02-05,276,Papua New Guinea
2022-02-06,66,Papua New Guinea
2022-02-07,56,Papua New Guinea
2022-02-08,195,Papua New Guinea
2022-02-09,239,Papua New Guinea
2022-02-10,107,Papua New Guinea
2022-02-11,152,Papua New Guinea
2022-02-12,158,Papua New Guinea
2022-02-13,32,Papua New Guinea
2022-02-14,162,Papua New Guinea
2022-02-15,202,Papua New Guinea
2022-02-16,212,Papua New Guinea
2022-02-17,333,Papua New Guinea
2022-02-18,329,Papua New Guinea
2022-02-19,0,Papua New Guinea
2022-02-20,195,Papua New Guinea
2022-02-21,345,Papua New Guinea
2022-02-22,172,Papua New Guinea
2022-02-23,127,Papua New Guinea
2022-02-24,290,Papua New Guinea
2022-02-25,0,Papua New Guinea
2022-02-26,233,Papua New Guinea
2022-02-27,19,Papua New Guinea
2022-02-28,12,Papua New Guinea
2022-03-01,33,Papua New Guinea
2022-03-02,86,Papua New Guinea
2022-03-03,112,Papua New Guinea
2022-03-04,66,Papua New Guinea
2022-03-05,24,Papua New Guinea
2022-03-06,31,Papua New Guinea
2022-03-07,91,Papua New Guinea
2022-03-08,79,Papua New Guinea
2022-03-09,55,Papua New Guinea
2022-03-10,131,Papua New Guinea
2022-03-11,172,Papua New Guinea
2022-03-12,20,Papua New Guinea
2022-03-13,17,Papua New Guinea
2022-03-14,41,Papua New Guinea
2022-03-15,0,Papua New Guinea
2022-03-16,195,Papua New Guinea
2022-03-17,133,Papua New Guinea
2022-03-18,157,Papua New Guinea
2022-03-19,68,Papua New Guinea
2022-03-20,33,Papua New Guinea
2022-03-21,126,Papua New Guinea
2022-03-22,104,Papua New Guinea
2022-03-23,88,Papua New Guinea
2022-03-24,17,Papua New Guinea
2022-03-25,22,Papua New Guinea
2022-03-26,66,Papua New Guinea
2022-03-27,10,Papua New Guinea
2022-03-28,3,Papua New Guinea
2022-03-29,26,Papua New Guinea
2022-03-30,29,Papua New Guinea
2022-03-31,37,Papua New Guinea
2022-04-01,4,Papua New Guinea
2022-04-02,8,Papua New Guinea
2022-04-03,2,Papua New Guinea
2022-04-04,19,Papua New Guinea
2022-04-05,17,Papua New Guinea
2022-04-06,0,Papua New Guinea
2022-04-07,62,Papua New Guinea
2022-04-08,13,Papua New Guinea
2022-04-09,26,Papua New Guinea
2022-04-10,1,Papua New Guinea
2022-04-11,0,Papua New Guinea
2022-04-12,89,Papua New Guinea
2022-04-13,21,Papua New Guinea
2022-04-14,11,Papua New Guinea
2022-04-15,16,Papua New Guinea
2022-04-16,0,Papua New Guinea
2022-04-17,0,Papua New Guinea
2022-04-18,1,Papua New Guinea
2022-04-19,5,Papua New Guinea
2022-04-20,54,Papua New Guinea
2022-04-21,0,Papua New Guinea
2022-04-22,63,Papua New Guinea
2022-04-23,14,Papua New Guinea
2022-04-24,0,Papua New Guinea
2022-04-25,0,Papua New Guinea
2022-04-26,5,Papua New Guinea
2022-04-27,9,Papua New Guinea
2022-04-28,3,Papua New Guinea
2022-04-29,0,Papua New Guinea
2022-04-30,0,Papua New Guinea
2022-05-01,0,Papua New Guinea
2022-05-02,4,Papua New Guinea
2022-05-03,2,Papua New Guinea
2022-05-04,3,Papua New Guinea
2022-05-05,1,Papua New Guinea
2022-05-06,0,Papua New Guinea
2022-05-07,12,Papua New Guinea
2022-05-08,0,Papua New Guinea
2022-05-09,0,Papua New Guinea
2022-05-10,0,Papua New Guinea
2022-05-11,4,Papua New Guinea
2022-05-12,30,Papua New Guinea
2022-05-13,144,Papua New Guinea
2022-05-14,101,Papua New Guinea
2022-05-15,63,Papua New Guinea
2022-05-16,95,Papua New Guinea
2022-05-17,118,Papua New Guinea
2022-05-18,0,Papua New Guinea
2022-05-19,0,Papua New Guinea
2022-05-20,0,Papua New Guinea
2022-05-21,7,Papua New Guinea
2022-05-22,2,Papua New Guinea
2022-05-23,13,Papua New Guinea
2022-05-24,9,Papua New Guinea
2022-05-25,0,Papua New Guinea
2022-05-26,0,Papua New Guinea
2022-05-27,7,Papua New Guinea
2022-05-28,0,Papua New Guinea
2022-05-29,16,Papua New Guinea
2022-05-30,33,Papua New Guinea
2022-05-31,70,Papua New Guinea
2022-06-01,71,Papua New Guinea
2022-06-02,12,Papua New Guinea
2022-06-03,2,Papua New Guinea
2022-06-04,1,Papua New Guinea
2022-06-05,1,Papua New Guinea
2022-06-06,1,Papua New Guinea
2022-06-07,4,Papua New Guinea
2022-06-08,1,Papua New Guinea
2022-06-09,11,Papua New Guinea
2022-06-10,0,Papua New Guinea
2022-06-11,6,Papua New Guinea
2022-06-12,1,Papua New Guinea
2022-06-13,0,Papua New Guinea
2022-06-14,13,Papua New Guinea
2022-06-15,6,Papua New Guinea
2022-06-16,0,Papua New Guinea
2022-06-17,0,Papua New Guinea
2022-06-18,10,Papua New Guinea
2022-06-19,0,Papua New Guinea
2022-06-20,0,Papua New Guinea
2022-06-21,0,Papua New Guinea
2022-06-22,1,Papua New Guinea
2022-06-23,10,Papua New Guinea
2022-06-24,0,Papua New Guinea
2022-06-25,6,Papua New Guinea
2022-06-26,1,Papua New Guinea
2022-06-27,5,Papua New Guinea
2022-06-28,3,Papua New Guinea
2022-06-29,0,Papua New Guinea
2022-06-30,8,Papua New Guinea
2022-07-01,0,Papua New Guinea
2022-07-02,3,Papua New Guinea
2022-07-03,0,Papua New Guinea
2022-07-04,0,Papua New Guinea
2022-07-05,4,Papua New Guinea
2022-07-06,7,Papua New Guinea
2022-07-07,0,Papua New Guinea
2022-07-08,6,Papua New Guinea
2022-07-09,4,Papua New Guinea
2022-07-10,2,Papua New Guinea
2022-07-11,1,Papua New Guinea
2022-07-12,0,Papua New Guinea
2022-07-13,0,Papua New Guinea
2022-07-14,6,Papua New Guinea
2022-07-15,3,Papua New Guinea
2022-07-16,0,Papua New Guinea
2022-07-17,0,Papua New Guinea
2022-07-18,0,Papua New Guinea
2022-07-19,0,Papua New Guinea
2022-07-20,4,Papua New Guinea
2022-07-21,7,Papua New Guinea
2022-07-22,0,Papua New Guinea
2022-07-23,0,Papua New Guinea
2022-07-24,0,Papua New Guinea
2022-07-25,0,Papua New Guinea
2022-07-26,0,Papua New Guinea
2022-07-27,4,Papua New Guinea
2022-07-28,0,Papua New Guinea
2022-07-29,8,Papua New Guinea
2022-07-30,5,Papua New Guinea
2022-07-31,0,Papua New Guinea
2022-08-01,4,Papua New Guinea
2022-08-02,4,Papua New Guinea
2022-08-03,1,Papua New Guinea
2022-08-04,0,Papua New Guinea
2022-08-05,2,Papua New Guinea
2022-08-06,0,Papua New Guinea
2022-08-07,0,Papua New Guinea
2022-08-08,0,Papua New Guinea
2022-08-09,4,Papua New Guinea
2022-08-10,7,Papua New Guinea
2022-08-11,8,Papua New Guinea
2022-08-12,1,Papua New Guinea
2022-08-13,0,Papua New Guinea
2022-08-14,0,Papua New Guinea
2022-08-15,0,Papua New Guinea
2022-08-16,4,Papua New Guinea
2022-08-17,19,Papua New Guinea
2022-08-18,3,Papua New Guinea
2022-08-19,0,Papua New Guinea
2022-08-20,2,Papua New Guinea
2022-08-21,0,Papua New Guinea
2022-08-22,13,Papua New Guinea
2022-08-23,1,Papua New Guinea
2022-08-24,8,Papua New Guinea
2022-08-25,6,Papua New Guinea
2022-08-26,0,Papua New Guinea
2022-08-27,0,Papua New Guinea
2022-08-28,1,Papua New Guinea
2022-08-29,1,Papua New Guinea
2022-08-30,2,Papua New Guinea
2022-08-31,4,Papua New Guinea
2022-09-01,3,Papua New Guinea
2022-09-02,3,Papua New Guinea
2022-09-03,1,Papua New Guinea
2022-09-04,1,Papua New Guinea
2022-09-05,2,Papua New Guinea
2022-09-06,2,Papua New Guinea
2022-09-07,4,Papua New Guinea
2022-09-08,0,Papua New Guinea
2022-09-09,6,Papua New Guinea
2022-09-10,0,Papua New Guinea
2022-09-11,6,Papua New Guinea
2022-09-12,3,Papua New Guinea
2022-09-13,1,Papua New Guinea
2022-09-14,6,Papua New Guinea
2022-09-15,9,Papua New Guinea
2022-09-16,0,Papua New Guinea
2022-09-17,5,Papua New Guinea
2022-09-18,1,Papua New Guinea
2022-09-19,0,Papua New Guinea
2022-09-20,12,Papua New Guinea
2022-09-21,5,Papua New Guinea
2022-09-22,0,Papua New Guinea
2022-09-23,5,Papua New Guinea
2022-09-24,22,Papua New Guinea
2022-09-25,0,Papua New Guinea
2022-09-26,0,Papua New Guinea
2022-09-27,4,Papua New Guinea
2022-09-28,3,Papua New Guinea
2022-09-29,9,Papua New Guinea
2022-09-30,24,Papua New Guinea
2022-10-01,7,Papua New Guinea
2022-10-02,6,Papua New Guinea
2022-10-03,6,Papua New Guinea
2022-10-04,10,Papua New Guinea
2022-10-05,17,Papua New Guinea
2022-10-06,0,Papua New Guinea
2022-10-07,24,Papua New Guinea
2022-10-08,17,Papua New Guinea
2022-10-09,25,Papua New Guinea
2022-10-10,10,Papua New Guinea
2022-10-11,3,Papua New Guinea
2022-10-12,24,Papua New Guinea
2022-10-13,12,Papua New Guinea
2022-10-14,41,Papua New Guinea
2022-10-15,19,Papua New Guinea
2022-10-16,10,Papua New Guinea
2022-10-17,12,Papua New Guinea
2022-10-18,29,Papua New Guinea
2022-10-19,20,Papua New Guinea
2022-10-20,15,Papua New Guinea
2020-03-02,0,Philippines
2020-03-03,0,Philippines
2020-03-04,0,Philippines
2020-03-05,0,Philippines
2020-03-06,0,Philippines
2020-03-07,2,Philippines
2020-03-08,1,Philippines
2020-03-09,4,Philippines
2020-03-10,10,Philippines
2020-03-11,13,Philippines
2020-03-12,16,Philippines
2020-03-13,3,Philippines
2020-03-14,12,Philippines
2020-03-15,47,Philippines
2020-03-16,29,Philippines
2020-03-17,2,Philippines
2020-03-18,45,Philippines
2020-03-19,15,Philippines
2020-03-20,15,Philippines
2020-03-21,13,Philippines
2020-03-22,77,Philippines
2020-03-23,73,Philippines
2020-03-24,82,Philippines
2020-03-25,90,Philippines
2020-03-26,84,Philippines
2020-03-27,71,Philippines
2020-03-28,96,Philippines
2020-03-29,272,Philippines
2020-03-30,343,Philippines
2020-03-31,128,Philippines
2020-04-01,538,Philippines
2020-04-02,227,Philippines
2020-04-03,322,Philippines
2020-04-04,385,Philippines
2020-04-05,76,Philippines
2020-04-06,152,Philippines
2020-04-07,414,Philippines
2020-04-08,104,Philippines
2020-04-09,106,Philippines
2020-04-10,206,Philippines
2020-04-11,119,Philippines
2020-04-12,233,Philippines
2020-04-13,220,Philippines
2020-04-14,284,Philippines
2020-04-15,291,Philippines
2020-04-16,230,Philippines
2020-04-17,207,Philippines
2020-04-18,218,Philippines
2020-04-19,209,Philippines
2020-04-20,172,Philippines
2020-04-21,200,Philippines
2020-04-22,140,Philippines
2020-04-23,111,Philippines
2020-04-24,271,Philippines
2020-04-25,211,Philippines
2020-04-26,102,Philippines
2020-04-27,285,Philippines
2020-04-28,198,Philippines
2020-04-29,181,Philippines
2020-04-30,254,Philippines
2020-05-01,276,Philippines
2020-05-02,284,Philippines
2020-05-03,156,Philippines
2020-05-04,295,Philippines
2020-05-05,262,Philippines
2020-05-06,199,Philippines
2020-05-07,320,Philippines
2020-05-08,339,Philippines
2020-05-09,120,Philippines
2020-05-10,147,Philippines
2020-05-11,184,Philippines
2020-05-12,292,Philippines
2020-05-13,264,Philippines
2020-05-14,268,Philippines
2020-05-15,258,Philippines
2020-05-16,215,Philippines
2020-05-17,214,Philippines
2020-05-18,208,Philippines
2020-05-19,205,Philippines
2020-05-20,224,Philippines
2020-05-21,279,Philippines
2020-05-22,213,Philippines
2020-05-23,163,Philippines
2020-05-24,180,Philippines
2020-05-25,258,Philippines
2020-05-26,284,Philippines
2020-05-27,350,Philippines
2020-05-28,380,Philippines
2020-05-29,539,Philippines
2020-05-30,1046,Philippines
2020-05-31,590,Philippines
2020-06-01,862,Philippines
2020-06-02,552,Philippines
2020-06-03,359,Philippines
2020-06-04,751,Philippines
2020-06-05,634,Philippines
2020-06-06,244,Philippines
2020-06-07,714,Philippines
2020-06-08,555,Philippines
2020-06-09,579,Philippines
2020-06-10,518,Philippines
2020-06-11,740,Philippines
2020-06-12,440,Philippines
2020-06-13,613,Philippines
2020-06-14,606,Philippines
2020-06-15,539,Philippines
2020-06-16,487,Philippines
2020-06-17,364,Philippines
2020-06-18,456,Philippines
2020-06-19,561,Philippines
2020-06-20,659,Philippines
2020-06-21,942,Philippines
2020-06-22,652,Philippines
2020-06-23,624,Philippines
2020-06-24,1150,Philippines
2020-06-25,466,Philippines
2020-06-26,776,Philippines
2020-06-27,998,Philippines
2020-06-28,737,Philippines
2020-06-29,647,Philippines
2020-06-30,989,Philippines
2020-07-01,1076,Philippines
2020-07-02,997,Philippines
2020-07-03,294,Philippines
2020-07-04,1531,Philippines
2020-07-05,1494,Philippines
2020-07-06,2424,Philippines
2020-07-07,2079,Philippines
2020-07-08,1487,Philippines
2020-07-09,2502,Philippines
2020-07-10,1359,Philippines
2020-07-11,1154,Philippines
2020-07-12,1300,Philippines
2020-07-13,2124,Philippines
2020-07-14,652,Philippines
2020-07-15,547,Philippines
2020-07-16,1392,Philippines
2020-07-17,2310,Philippines
2020-07-18,1787,Philippines
2020-07-19,2268,Philippines
2020-07-20,2162,Philippines
2020-07-21,1436,Philippines
2020-07-22,1951,Philippines
2020-07-23,1426,Philippines
2020-07-24,2151,Philippines
2020-07-25,2052,Philippines
2020-07-26,1945,Philippines
2020-07-27,2045,Philippines
2020-07-28,1612,Philippines
2020-07-29,1678,Philippines
2020-07-30,1747,Philippines
2020-07-31,3871,Philippines
2020-08-01,3980,Philippines
2020-08-02,4882,Philippines
2020-08-03,4951,Philippines
2020-08-04,3226,Philippines
2020-08-05,6188,Philippines
2020-08-06,3381,Philippines
2020-08-07,3476,Philippines
2020-08-08,3284,Philippines
2020-08-09,4145,Philippines
2020-08-10,3109,Philippines
2020-08-11,6638,Philippines
2020-08-12,2756,Philippines
2020-08-13,4217,Philippines
2020-08-14,3921,Philippines
2020-08-15,6122,Philippines
2020-08-16,4351,Philippines
2020-08-17,3242,Philippines
2020-08-18,3217,Philippines
2020-08-19,4747,Philippines
2020-08-20,4559,Philippines
2020-08-21,4339,Philippines
2020-08-22,4343,Philippines
2020-08-23,4858,Philippines
2020-08-24,2343,Philippines
2020-08-25,4633,Philippines
2020-08-26,2885,Philippines
2020-08-27,5248,Philippines
2020-08-28,3213,Philippines
2020-08-29,3949,Philippines
2020-08-30,3618,Philippines
2020-08-31,4265,Philippines
2020-09-01,3404,Philippines
2020-09-02,3441,Philippines
2020-09-03,2194,Philippines
2020-09-04,1987,Philippines
2020-09-05,3638,Philippines
2020-09-06,2485,Philippines
2020-09-07,2818,Philippines
2020-09-08,1362,Philippines
2020-09-09,3281,Philippines
2020-09-10,3139,Philippines
2020-09-11,3798,Philippines
2020-09-12,4008,Philippines
2020-09-13,4931,Philippines
2020-09-14,3326,Philippines
2020-09-15,4674,Philippines
2020-09-16,3544,Philippines
2020-09-17,3507,Philippines
2020-09-18,3355,Philippines
2020-09-19,3257,Philippines
2020-09-20,3905,Philippines
2020-09-21,3284,Philippines
2020-09-22,3439,Philippines
2020-09-23,1604,Philippines
2020-09-24,2833,Philippines
2020-09-25,2148,Philippines
2020-09-26,2606,Philippines
2020-09-27,1886,Philippines
2020-09-28,2984,Philippines
2020-09-29,3063,Philippines
2020-09-30,1990,Philippines
2020-10-01,2396,Philippines
2020-10-02,2403,Philippines
2020-10-03,2589,Philippines
2020-10-04,2651,Philippines
2020-10-05,3164,Philippines
2020-10-06,2269,Philippines
2020-10-07,2072,Philippines
2020-10-08,2825,Philippines
2020-10-09,2232,Philippines
2020-10-10,2808,Philippines
2020-10-11,2162,Philippines
2020-10-12,2413,Philippines
2020-10-13,3471,Philippines
2020-10-14,1903,Philippines
2020-10-15,1811,Philippines
2020-10-16,2174,Philippines
2020-10-17,3052,Philippines
2020-10-18,2590,Philippines
2020-10-19,2266,Philippines
2020-10-20,2650,Philippines
2020-10-21,1565,Philippines
2020-10-22,1490,Philippines
2020-10-23,1652,Philippines
2020-10-24,1886,Philippines
2020-10-25,2043,Philippines
2020-10-26,2218,Philippines
2020-10-27,1607,Philippines
2020-10-28,1497,Philippines
2020-10-29,2053,Philippines
2020-10-30,1747,Philippines
2020-10-31,1999,Philippines
2020-11-01,1791,Philippines
2020-11-02,2385,Philippines
2020-11-03,2287,Philippines
2020-11-04,1772,Philippines
2020-11-05,965,Philippines
2020-11-06,1591,Philippines
2020-11-07,2087,Philippines
2020-11-08,2149,Philippines
2020-11-09,2438,Philippines
2020-11-10,2058,Philippines
2020-11-11,1295,Philippines
2020-11-12,1667,Philippines
2020-11-13,1409,Philippines
2020-11-14,1867,Philippines
2020-11-15,1621,Philippines
2020-11-16,1528,Philippines
2020-11-17,1738,Philippines
2020-11-18,1140,Philippines
2020-11-19,1379,Philippines
2020-11-20,1335,Philippines
2020-11-21,1633,Philippines
2020-11-22,1789,Philippines
2020-11-23,1965,Philippines
2020-11-24,1789,Philippines
2020-11-25,1118,Philippines
2020-11-26,1183,Philippines
2020-11-27,1382,Philippines
2020-11-28,1617,Philippines
2020-11-29,1886,Philippines
2020-11-30,2067,Philippines
2020-12-01,1770,Philippines
2020-12-02,1292,Philippines
2020-12-03,1433,Philippines
2020-12-04,1059,Philippines
2020-12-05,925,Philippines
2020-12-06,1730,Philippines
2020-12-07,1759,Philippines
2020-12-08,1560,Philippines
2020-12-09,1392,Philippines
2020-12-10,1379,Philippines
2020-12-11,1379,Philippines
2020-12-12,1495,Philippines
2020-12-13,1301,Philippines
2020-12-14,1063,Philippines
2020-12-15,1310,Philippines
2020-12-16,1128,Philippines
2020-12-17,1145,Philippines
2020-12-18,1463,Philippines
2020-12-19,2113,Philippines
2020-12-20,1482,Philippines
2020-12-21,1749,Philippines
2020-12-22,1717,Philippines
2020-12-23,1314,Philippines
2020-12-24,1133,Philippines
2020-12-25,1768,Philippines
2020-12-26,1883,Philippines
2020-12-27,1404,Philippines
2020-12-28,881,Philippines
2020-12-29,756,Philippines
2020-12-30,878,Philippines
2020-12-31,1005,Philippines
2021-01-01,3296,Philippines
2021-01-02,1097,Philippines
2021-01-03,886,Philippines
2021-01-04,954,Philippines
2021-01-05,934,Philippines
2021-01-06,1047,Philippines
2021-01-07,1339,Philippines
2021-01-08,1769,Philippines
2021-01-09,1939,Philippines
2021-01-10,1900,Philippines
2021-01-11,2050,Philippines
2021-01-12,1513,Philippines
2021-01-13,1446,Philippines
2021-01-14,1905,Philippines
2021-01-15,2035,Philippines
2021-01-16,2049,Philippines
2021-01-17,1891,Philippines
2021-01-18,2159,Philippines
2021-01-19,1345,Philippines
2021-01-20,1857,Philippines
2021-01-21,1775,Philippines
2021-01-22,2173,Philippines
2021-01-23,1788,Philippines
2021-01-24,1949,Philippines
2021-01-25,1374,Philippines
2021-01-26,1169,Philippines
2021-01-27,2244,Philippines
2021-01-28,1158,Philippines
2021-01-29,1843,Philippines
2021-01-30,2108,Philippines
2021-01-31,2099,Philippines
2021-02-01,1656,Philippines
2021-02-02,1582,Philippines
2021-02-03,1257,Philippines
2021-02-04,1584,Philippines
2021-02-05,1887,Philippines
2021-02-06,1940,Philippines
2021-02-07,1785,Philippines
2021-02-08,1687,Philippines
2021-02-09,1223,Philippines
2021-02-10,1333,Philippines
2021-02-11,1730,Philippines
2021-02-12,2017,Philippines
2021-02-13,1953,Philippines
2021-02-14,1927,Philippines
2021-02-15,1680,Philippines
2021-02-16,1385,Philippines
2021-02-17,1179,Philippines
2021-02-18,1739,Philippines
2021-02-19,1900,Philippines
2021-02-20,2223,Philippines
2021-02-21,1887,Philippines
2021-02-22,2283,Philippines
2021-02-23,1412,Philippines
2021-02-24,1549,Philippines
2021-02-25,2264,Philippines
2021-02-26,2650,Philippines
2021-02-27,2913,Philippines
2021-02-28,2105,Philippines
2021-03-01,2031,Philippines
2021-03-02,2065,Philippines
2021-03-03,1775,Philippines
2021-03-04,2444,Philippines
2021-03-05,3040,Philippines
2021-03-06,3437,Philippines
2021-03-07,3271,Philippines
2021-03-08,3353,Philippines
2021-03-09,2662,Philippines
2021-03-10,2877,Philippines
2021-03-11,3741,Philippines
2021-03-12,4571,Philippines
2021-03-13,4988,Philippines
2021-03-14,4890,Philippines
2021-03-15,5394,Philippines
2021-03-16,4428,Philippines
2021-03-17,4383,Philippines
2021-03-18,5269,Philippines
2021-03-19,7094,Philippines
2021-03-20,7980,Philippines
2021-03-21,7736,Philippines
2021-03-22,8013,Philippines
2021-03-23,5861,Philippines
2021-03-24,6628,Philippines
2021-03-25,8743,Philippines
2021-03-26,9829,Philippines
2021-03-27,9570,Philippines
2021-03-28,9461,Philippines
2021-03-29,10007,Philippines
2021-03-30,9275,Philippines
2021-03-31,6107,Philippines
2021-04-01,8920,Philippines
2021-04-02,15280,Philippines
2021-04-03,12556,Philippines
2021-04-04,11020,Philippines
2021-04-05,8344,Philippines
2021-04-06,9363,Philippines
2021-04-07,6400,Philippines
2021-04-08,9179,Philippines
2021-04-09,12206,Philippines
2021-04-10,12652,Philippines
2021-04-11,11660,Philippines
2021-04-12,11365,Philippines
2021-04-13,8546,Philippines
2021-04-14,8098,Philippines
2021-04-15,11389,Philippines
2021-04-16,10706,Philippines
2021-04-17,11084,Philippines
2021-04-18,10082,Philippines
2021-04-19,9610,Philippines
2021-04-20,7353,Philippines
2021-04-21,9202,Philippines
2021-04-22,8739,Philippines
2021-04-23,8698,Philippines
2021-04-24,9680,Philippines
2021-04-25,8100,Philippines
2021-04-26,8915,Philippines
2021-04-27,7186,Philippines
2021-04-28,6862,Philippines
2021-04-29,8250,Philippines
2021-04-30,8715,Philippines
2021-05-01,9210,Philippines
2021-05-02,8333,Philippines
2021-05-03,7240,Philippines
2021-05-04,5660,Philippines
2021-05-05,5665,Philippines
2021-05-06,6617,Philippines
2021-05-07,7718,Philippines
2021-05-08,6964,Philippines
2021-05-09,7146,Philippines
2021-05-10,6833,Philippines
2021-05-11,4704,Philippines
2021-05-12,4822,Philippines
2021-05-13,6344,Philippines
2021-05-14,6765,Philippines
2021-05-15,6725,Philippines
2021-05-16,5773,Philippines
2021-05-17,5955,Philippines
2021-05-18,4470,Philippines
2021-05-19,4684,Philippines
2021-05-20,6083,Philippines
2021-05-21,6248,Philippines
2021-05-22,6821,Philippines
2021-05-23,1584,Philippines
2021-05-24,4909,Philippines
2021-05-25,3966,Philippines
2021-05-26,5281,Philippines
2021-05-27,6459,Philippines
2021-05-28,8733,Philippines
2021-05-29,7430,Philippines
2021-05-30,7048,Philippines
2021-05-31,6673,Philippines
2021-06-01,5169,Philippines
2021-06-02,5223,Philippines
2021-06-03,7205,Philippines
2021-06-04,7431,Philippines
2021-06-05,6932,Philippines
2021-06-06,7215,Philippines
2021-06-07,6531,Philippines
2021-06-08,4759,Philippines
2021-06-09,5447,Philippines
2021-06-10,7461,Philippines
2021-06-11,6662,Philippines
2021-06-12,8012,Philippines
2021-06-13,7290,Philippines
2021-06-14,6415,Philippines
2021-06-15,5376,Philippines
2021-06-16,5402,Philippines
2021-06-17,6623,Philippines
2021-06-18,6818,Philippines
2021-06-19,6951,Philippines
2021-06-20,5778,Philippines
2021-06-21,5238,Philippines
2021-06-22,3651,Philippines
2021-06-23,4338,Philippines
2021-06-24,6024,Philippines
2021-06-25,6799,Philippines
2021-06-26,6856,Philippines
2021-06-27,6088,Philippines
2021-06-28,5595,Philippines
2021-06-29,4471,Philippines
2021-06-30,4492,Philippines
2021-07-01,5784,Philippines
2021-07-02,6185,Philippines
2021-07-03,5892,Philippines
2021-07-04,5951,Philippines
2021-07-05,5364,Philippines
2021-07-06,4103,Philippines
2021-07-07,4280,Philippines
2021-07-08,5473,Philippines
2021-07-09,5870,Philippines
2021-07-10,5665,Philippines
2021-07-11,5754,Philippines
2021-07-12,5193,Philippines
2021-07-13,3595,Philippines
2021-07-14,3793,Philippines
2021-07-15,5208,Philippines
2021-07-16,5667,Philippines
2021-07-17,6025,Philippines
2021-07-18,5401,Philippines
2021-07-19,5642,Philippines
2021-07-20,4502,Philippines
2021-07-21,6549,Philippines
2021-07-22,5814,Philippines
2021-07-23,6814,Philippines
2021-07-24,6210,Philippines
2021-07-25,5456,Philippines
2021-07-26,6502,Philippines
2021-07-27,6955,Philippines
2021-07-28,4364,Philippines
2021-07-29,5709,Philippines
2021-07-30,8556,Philippines
2021-07-31,8136,Philippines
2021-08-01,8641,Philippines
2021-08-02,8067,Philippines
2021-08-03,6820,Philippines
2021-08-04,7207,Philippines
2021-08-05,8033,Philippines
2021-08-06,10608,Philippines
2021-08-07,10997,Philippines
2021-08-08,9487,Philippines
2021-08-09,8782,Philippines
2021-08-10,8423,Philippines
2021-08-11,11905,Philippines
2021-08-12,12201,Philippines
2021-08-13,12857,Philippines
2021-08-14,13885,Philippines
2021-08-15,14369,Philippines
2021-08-16,14404,Philippines
2021-08-17,9770,Philippines
2021-08-18,10698,Philippines
2021-08-19,14461,Philippines
2021-08-20,16788,Philippines
2021-08-21,16234,Philippines
2021-08-22,15723,Philippines
2021-08-23,18310,Philippines
2021-08-24,11891,Philippines
2021-08-25,13372,Philippines
2021-08-26,16127,Philippines
2021-08-27,17652,Philippines
2021-08-28,18829,Philippines
2021-08-29,18341,Philippines
2021-08-30,22194,Philippines
2021-08-31,13709,Philippines
2021-09-01,14124,Philippines
2021-09-02,16395,Philippines
2021-09-03,20085,Philippines
2021-09-04,20622,Philippines
2021-09-05,19951,Philippines
2021-09-06,22380,Philippines
2021-09-07,18001,Philippines
2021-09-08,17775,Philippines
2021-09-09,22734,Philippines
2021-09-10,17912,Philippines
2021-09-11,26238,Philippines
2021-09-12,21370,Philippines
2021-09-13,20684,Philippines
2021-09-14,18012,Philippines
2021-09-15,16909,Philippines
2021-09-16,21208,Philippines
2021-09-17,20277,Philippines
2021-09-18,23062,Philippines
2021-09-19,19201,Philippines
2021-09-20,18876,Philippines
2021-09-21,16272,Philippines
2021-09-22,15515,Philippines
2021-09-23,17327,Philippines
2021-09-24,18599,Philippines
2021-09-25,16835,Philippines
2021-09-26,20696,Philippines
2021-09-27,18320,Philippines
2021-09-28,13808,Philippines
2021-09-29,12753,Philippines
2021-09-30,14241,Philippines
2021-10-01,15466,Philippines
2021-10-02,14739,Philippines
2021-10-03,13166,Philippines
2021-10-04,10723,Philippines
2021-10-05,9034,Philippines
2021-10-06,9868,Philippines
2021-10-07,9964,Philippines
2021-10-08,10559,Philippines
2021-10-09,10963,Philippines
2021-10-10,12119,Philippines
2021-10-11,8235,Philippines
2021-10-12,8517,Philippines
2021-10-13,7123,Philippines
2021-10-14,7835,Philippines
2021-10-15,7505,Philippines
2021-10-16,7718,Philippines
2021-10-17,6888,Philippines
2021-10-18,6896,Philippines
2021-10-19,4474,Philippines
2021-10-20,3592,Philippines
2021-10-21,4806,Philippines
2021-10-22,11005,Philippines
2021-10-23,528,Philippines
2021-10-24,5258,Philippines
2021-10-25,4377,Philippines
2021-10-26,4352,Philippines
2021-10-27,3166,Philippines
2021-10-28,3694,Philippines
2021-10-29,7397,Philippines
2021-10-30,3978,Philippines
2021-10-31,3392,Philippines
2021-11-01,3095,Philippines
2021-11-02,1954,Philippines
2021-11-03,1569,Philippines
2021-11-04,1766,Philippines
2021-11-05,2323,Philippines
2021-11-06,2643,Philippines
2021-11-07,2599,Philippines
2021-11-08,2078,Philippines
2021-11-09,1380,Philippines
2021-11-10,2609,Philippines
2021-11-11,1974,Philippines
2021-11-12,1835,Philippines
2021-11-13,2071,Philippines
2021-11-14,1810,Philippines
2021-11-15,1528,Philippines
2021-11-16,812,Philippines
2021-11-17,1152,Philippines
2021-11-18,1297,Philippines
2021-11-19,1272,Philippines
2021-11-20,1158,Philippines
2021-11-21,1686,Philippines
2021-11-22,798,Philippines
2021-11-23,1103,Philippines
2021-11-24,873,Philippines
2021-11-25,958,Philippines
2021-11-26,677,Philippines
2021-11-27,691,Philippines
2021-11-28,741,Philippines
2021-11-29,599,Philippines
2021-11-30,229,Philippines
2021-12-01,371,Philippines
2021-12-02,564,Philippines
2021-12-03,304,Philippines
2021-12-04,395,Philippines
2021-12-05,439,Philippines
2021-12-06,378,Philippines
2021-12-07,234,Philippines
2021-12-08,211,Philippines
2021-12-09,562,Philippines
2021-12-10,8,Philippines
2021-12-11,186,Philippines
2021-12-12,253,Philippines
2021-12-13,190,Philippines
2021-12-14,45,Philippines
2021-12-15,49,Philippines
2021-12-16,281,Philippines
2021-12-17,256,Philippines
2021-12-18,110,Philippines
2021-12-19,88,Philippines
2021-12-20,89,Philippines
2021-12-21,0,Philippines
2021-12-22,64,Philippines
2021-12-23,112,Philippines
2021-12-24,221,Philippines
2021-12-25,259,Philippines
2021-12-26,267,Philippines
2021-12-27,216,Philippines
2021-12-28,211,Philippines
2021-12-29,736,Philippines
2021-12-30,1381,Philippines
2021-12-31,2851,Philippines
2022-01-01,3462,Philippines
2022-01-02,4404,Philippines
2022-01-03,3950,Philippines
2022-01-04,5285,Philippines
2022-01-05,10727,Philippines
2022-01-06,17148,Philippines
2022-01-07,21572,Philippines
2022-01-08,26323,Philippines
2022-01-09,28621,Philippines
2022-01-10,33105,Philippines
2022-01-11,27922,Philippines
2022-01-12,32000,Philippines
2022-01-13,33917,Philippines
2022-01-14,37070,Philippines
2022-01-15,38867,Philippines
2022-01-16,37062,Philippines
2022-01-17,36983,Philippines
2022-01-18,28380,Philippines
2022-01-19,22638,Philippines
2022-01-20,31034,Philippines
2022-01-21,32633,Philippines
2022-01-22,30416,Philippines
2022-01-23,29730,Philippines
2022-01-24,24851,Philippines
2022-01-25,17535,Philippines
2022-01-26,15752,Philippines
2022-01-27,18191,Philippines
2022-01-28,17967,Philippines
2022-01-29,17313,Philippines
2022-01-30,16929,Philippines
2022-01-31,14516,Philippines
2022-02-01,9465,Philippines
2022-02-02,7122,Philippines
2022-02-03,8702,Philippines
2022-02-04,8321,Philippines
2022-02-05,7425,Philippines
2022-02-06,8345,Philippines
2022-02-07,6507,Philippines
2022-02-08,3466,Philippines
2022-02-09,3475,Philippines
2022-02-10,3849,Philippines
2022-02-11,3727,Philippines
2022-02-12,3654,Philippines
2022-02-13,2982,Philippines
2022-02-14,2718,Philippines
2022-02-15,1996,Philippines
2022-02-16,2671,Philippines
2022-02-17,2196,Philippines
2022-02-18,2032,Philippines
2022-02-19,1666,Philippines
2022-02-20,1608,Philippines
2022-02-21,1166,Philippines
2022-02-22,910,Philippines
2022-02-23,1422,Philippines
2022-02-24,1745,Philippines
2022-02-25,1455,Philippines
2022-02-26,1214,Philippines
2022-02-27,1035,Philippines
2022-02-28,946,Philippines
2022-03-01,1062,Philippines
2022-03-02,862,Philippines
2022-03-03,978,Philippines
2022-03-04,843,Philippines
2022-03-05,935,Philippines
2022-03-06,863,Philippines
2022-03-07,733,Philippines
2022-03-08,80,Philippines
2022-03-09,0,Philippines
2022-03-10,592,Philippines
2022-03-11,582,Philippines
2022-03-12,653,Philippines
2022-03-13,564,Philippines
2022-03-14,554,Philippines
2022-03-15,383,Philippines
2022-03-16,387,Philippines
2022-03-17,598,Philippines
2022-03-18,531,Philippines
2022-03-19,517,Philippines
2022-03-20,570,Philippines
2022-03-21,414,Philippines
2022-03-22,284,Philippines
2022-03-23,402,Philippines
2022-03-24,442,Philippines
2022-03-25,407,Philippines
2022-03-26,433,Philippines
2022-03-27,328,Philippines
2022-03-28,381,Philippines
2022-03-29,242,Philippines
2022-03-30,181,Philippines
2022-03-31,0,Philippines
2022-04-01,348,Philippines
2022-04-02,368,Philippines
2022-04-03,666,Philippines
2022-04-04,268,Philippines
2022-04-05,222,Philippines
2022-04-06,258,Philippines
2022-04-07,268,Philippines
2022-04-08,285,Philippines
2022-04-09,298,Philippines
2022-04-10,272,Philippines
2022-04-11,270,Philippines
2022-04-12,200,Philippines
2022-04-13,226,Philippines
2022-04-14,271,Philippines
2022-04-15,267,Philippines
2022-04-16,219,Philippines
2022-04-17,194,Philippines
2022-04-18,168,Philippines
2022-04-19,155,Philippines
2022-04-20,358,Philippines
2022-04-21,129,Philippines
2022-04-22,225,Philippines
2022-04-23,202,Philippines
2022-04-24,200,Philippines
2022-04-25,211,Philippines
2022-04-26,121,Philippines
2022-04-27,192,Philippines
2022-04-28,187,Philippines
2022-04-29,182,Philippines
2022-04-30,233,Philippines
2022-05-01,251,Philippines
2022-05-02,186,Philippines
2022-05-03,133,Philippines
2022-05-04,158,Philippines
2022-05-05,168,Philippines
2022-05-06,150,Philippines
2022-05-07,173,Philippines
2022-05-08,149,Philippines
2022-05-09,178,Philippines
2022-05-10,126,Philippines
2022-05-11,109,Philippines
2022-05-12,139,Philippines
2022-05-13,179,Philippines
2022-05-14,171,Philippines
2022-05-15,203,Philippines
2022-05-16,158,Philippines
2022-05-17,110,Philippines
2022-05-18,103,Philippines
2022-05-19,195,Philippines
2022-05-20,210,Philippines
2022-05-21,245,Philippines
2022-05-22,191,Philippines
2022-05-23,191,Philippines
2022-05-24,149,Philippines
2022-05-25,176,Philippines
2022-05-26,199,Philippines
2022-05-27,200,Philippines
2022-05-28,198,Philippines
2022-05-29,200,Philippines
2022-05-30,194,Philippines
2022-05-31,133,Philippines
2022-06-01,126,Philippines
2022-06-02,182,Philippines
2022-06-03,225,Philippines
2022-06-04,213,Philippines
2022-06-05,218,Philippines
2022-06-06,179,Philippines
2022-06-07,168,Philippines
2022-06-08,192,Philippines
2022-06-09,252,Philippines
2022-06-10,0,Philippines
2022-06-11,578,Philippines
2022-06-12,308,Philippines
2022-06-13,386,Philippines
2022-06-14,257,Philippines
2022-06-15,239,Philippines
2022-06-16,425,Philippines
2022-06-17,0,Philippines
2022-06-18,1123,Philippines
2022-06-19,612,Philippines
2022-06-20,527,Philippines
2022-06-21,409,Philippines
2022-06-22,593,Philippines
2022-06-23,716,Philippines
2022-06-24,0,Philippines
2022-06-25,1519,Philippines
2022-06-26,848,Philippines
2022-06-27,867,Philippines
2022-06-28,576,Philippines
2022-06-29,779,Philippines
2022-06-30,1309,Philippines
2022-07-01,0,Philippines
2022-07-02,2541,Philippines
2022-07-03,0,Philippines
2022-07-04,1250,Philippines
2022-07-05,1115,Philippines
2022-07-06,757,Philippines
2022-07-07,1125,Philippines
2022-07-08,1936,Philippines
2022-07-09,0,Philippines
2022-07-10,3318,Philippines
2022-07-11,1945,Philippines
2022-07-12,1656,Philippines
2022-07-13,1360,Philippines
2022-07-14,1601,Philippines
2022-07-15,2371,Philippines
2022-07-16,0,Philippines
2022-07-17,5159,Philippines
2022-07-18,2557,Philippines
2022-07-19,2283,Philippines
2022-07-20,1705,Philippines
2022-07-21,2073,Philippines
2022-07-22,2828,Philippines
2022-07-23,0,Philippines
2022-07-24,6890,Philippines
2022-07-25,3748,Philippines
2022-07-26,2777,Philippines
2022-07-27,2359,Philippines
2022-07-28,2727,Philippines
2022-07-29,3858,Philippines
2022-07-30,0,Philippines
2022-07-31,8122,Philippines
2022-08-01,4157,Philippines
2022-08-02,3551,Philippines
2022-08-03,2646,Philippines
2022-08-04,3048,Philippines
2022-08-05,4439,Philippines
2022-08-06,0,Philippines
2022-08-07,9025,Philippines
2022-08-08,4619,Philippines
2022-08-09,4201,Philippines
2022-08-10,2617,Philippines
2022-08-11,3176,Philippines
2022-08-12,4533,Philippines
2022-08-13,0,Philippines
2022-08-14,9279,Philippines
2022-08-15,4179,Philippines
2022-08-16,3491,Philippines
2022-08-17,2622,Philippines
2022-08-18,2899,Philippines
2022-08-19,3758,Philippines
2022-08-20,0,Philippines
2022-08-21,7453,Philippines
2022-08-22,3600,Philippines
2022-08-23,3041,Philippines
2022-08-24,1652,Philippines
2022-08-25,3491,Philippines
2022-08-26,3126,Philippines
2022-08-27,0,Philippines
2022-08-28,5252,Philippines
2022-08-29,2214,Philippines
2022-08-30,2525,Philippines
2022-08-31,1609,Philippines
2022-09-01,1519,Philippines
2022-09-02,3767,Philippines
2022-09-03,0,Philippines
2022-09-04,5140,Philippines
2022-09-05,2274,Philippines
2022-09-06,2143,Philippines
2022-09-07,1277,Philippines
2022-09-08,1687,Philippines
2022-09-09,2404,Philippines
2022-09-10,7375,Philippines
2022-09-11,0,Philippines
2022-09-12,0,Philippines
2022-09-13,1941,Philippines
2022-09-14,1580,Philippines
2022-09-15,1617,Philippines
2022-09-16,2141,Philippines
2022-09-17,4790,Philippines
2022-09-18,0,Philippines
2022-09-19,2282,Philippines
2022-09-20,3118,Philippines
2022-09-21,1508,Philippines
2022-09-22,1883,Philippines
2022-09-23,2702,Philippines
2022-09-24,0,Philippines
2022-09-25,4864,Philippines
2022-09-26,3517,Philippines
2022-09-27,1901,Philippines
2022-09-28,1552,Philippines
2022-09-29,1377,Philippines
2022-09-30,2536,Philippines
2022-10-01,0,Philippines
2022-10-02,6203,Philippines
2022-10-03,2022,Philippines
2022-10-04,1974,Philippines
2022-10-05,1257,Philippines
2022-10-06,1765,Philippines
2022-10-07,2562,Philippines
2022-10-08,0,Philippines
2022-10-09,4415,Philippines
2022-10-10,2117,Philippines
2022-10-11,2020,Philippines
2022-10-12,1567,Philippines
2022-10-13,1533,Philippines
2022-10-14,2883,Philippines
2022-10-15,0,Philippines
2022-10-16,4760,Philippines
2022-10-17,2233,Philippines
2022-10-18,1955,Philippines
2022-10-19,1105,Philippines
2022-10-20,1392,Philippines
2020-03-02,4,Singapore
2020-03-03,2,Singapore
2020-03-04,2,Singapore
2020-03-05,2,Singapore
2020-03-06,5,Singapore
2020-03-07,13,Singapore
2020-03-08,8,Singapore
2020-03-09,12,Singapore
2020-03-10,10,Singapore
2020-03-11,6,Singapore
2020-03-12,12,Singapore
2020-03-13,9,Singapore
2020-03-14,13,Singapore
2020-03-15,12,Singapore
2020-03-16,14,Singapore
2020-03-17,17,Singapore
2020-03-18,23,Singapore
2020-03-19,47,Singapore
2020-03-20,32,Singapore
2020-03-21,40,Singapore
2020-03-22,47,Singapore
2020-03-23,23,Singapore
2020-03-24,54,Singapore
2020-03-25,49,Singapore
2020-03-26,73,Singapore
2020-03-27,52,Singapore
2020-03-28,49,Singapore
2020-03-29,70,Singapore
2020-03-30,42,Singapore
2020-03-31,35,Singapore
2020-04-01,47,Singapore
2020-04-02,74,Singapore
2020-04-03,49,Singapore
2020-04-04,65,Singapore
2020-04-05,75,Singapore
2020-04-06,120,Singapore
2020-04-07,66,Singapore
2020-04-08,106,Singapore
2020-04-09,142,Singapore
2020-04-10,287,Singapore
2020-04-11,198,Singapore
2020-04-12,191,Singapore
2020-04-13,233,Singapore
2020-04-14,386,Singapore
2020-04-15,334,Singapore
2020-04-16,447,Singapore
2020-04-17,728,Singapore
2020-04-18,623,Singapore
2020-04-19,942,Singapore
2020-04-20,596,Singapore
2020-04-21,1426,Singapore
2020-04-22,1111,Singapore
2020-04-23,1016,Singapore
2020-04-24,1037,Singapore
2020-04-25,897,Singapore
2020-04-26,618,Singapore
2020-04-27,931,Singapore
2020-04-28,799,Singapore
2020-04-29,528,Singapore
2020-04-30,690,Singapore
2020-05-01,528,Singapore
2020-05-02,932,Singapore
2020-05-03,447,Singapore
2020-05-04,657,Singapore
2020-05-05,573,Singapore
2020-05-06,632,Singapore
2020-05-07,788,Singapore
2020-05-08,741,Singapore
2020-05-09,768,Singapore
2020-05-10,753,Singapore
2020-05-11,876,Singapore
2020-05-12,451,Singapore
2020-05-13,884,Singapore
2020-05-14,675,Singapore
2020-05-15,752,Singapore
2020-05-16,793,Singapore
2020-05-17,465,Singapore
2020-05-18,682,Singapore
2020-05-19,305,Singapore
2020-05-20,451,Singapore
2020-05-21,570,Singapore
2020-05-22,448,Singapore
2020-05-23,614,Singapore
2020-05-24,642,Singapore
2020-05-25,548,Singapore
2020-05-26,344,Singapore
2020-05-27,383,Singapore
2020-05-28,533,Singapore
2020-05-29,373,Singapore
2020-05-30,611,Singapore
2020-05-31,506,Singapore
2020-06-01,518,Singapore
2020-06-02,408,Singapore
2020-06-03,544,Singapore
2020-06-04,569,Singapore
2020-06-05,517,Singapore
2020-06-06,261,Singapore
2020-06-07,344,Singapore
2020-06-08,383,Singapore
2020-06-09,386,Singapore
2020-06-10,218,Singapore
2020-06-11,451,Singapore
2020-06-12,422,Singapore
2020-06-13,463,Singapore
2020-06-14,347,Singapore
2020-06-15,407,Singapore
2020-06-16,214,Singapore
2020-06-17,151,Singapore
2020-06-18,247,Singapore
2020-06-19,257,Singapore
2020-06-20,142,Singapore
2020-06-21,218,Singapore
2020-06-22,262,Singapore
2020-06-23,218,Singapore
2020-06-24,119,Singapore
2020-06-25,191,Singapore
2020-06-26,113,Singapore
2020-06-27,219,Singapore
2020-06-28,291,Singapore
2020-06-29,213,Singapore
2020-06-30,202,Singapore
2020-07-01,246,Singapore
2020-07-02,215,Singapore
2020-07-03,188,Singapore
2020-07-04,169,Singapore
2020-07-05,185,Singapore
2020-07-06,136,Singapore
2020-07-07,183,Singapore
2020-07-08,157,Singapore
2020-07-09,157,Singapore
2020-07-10,125,Singapore
2020-07-11,190,Singapore
2020-07-12,170,Singapore
2020-07-13,178,Singapore
2020-07-14,322,Singapore
2020-07-15,347,Singapore
2020-07-16,249,Singapore
2020-07-17,248,Singapore
2020-07-18,327,Singapore
2020-07-19,202,Singapore
2020-07-20,257,Singapore
2020-07-21,123,Singapore
2020-07-22,399,Singapore
2020-07-23,310,Singapore
2020-07-24,354,Singapore
2020-07-25,277,Singapore
2020-07-26,513,Singapore
2020-07-27,481,Singapore
2020-07-28,469,Singapore
2020-07-29,359,Singapore
2020-07-30,334,Singapore
2020-07-31,278,Singapore
2020-08-01,396,Singapore
2020-08-02,307,Singapore
2020-08-03,313,Singapore
2020-08-04,226,Singapore
2020-08-05,295,Singapore
2020-08-06,908,Singapore
2020-08-07,301,Singapore
2020-08-08,242,Singapore
2020-08-09,132,Singapore
2020-08-10,175,Singapore
2020-08-11,188,Singapore
2020-08-12,61,Singapore
2020-08-13,42,Singapore
2020-08-14,102,Singapore
2020-08-15,83,Singapore
2020-08-16,81,Singapore
2020-08-17,86,Singapore
2020-08-18,91,Singapore
2020-08-19,100,Singapore
2020-08-20,93,Singapore
2020-08-21,68,Singapore
2020-08-22,117,Singapore
2020-08-23,50,Singapore
2020-08-24,87,Singapore
2020-08-25,51,Singapore
2020-08-26,31,Singapore
2020-08-27,60,Singapore
2020-08-28,77,Singapore
2020-08-29,94,Singapore
2020-08-30,51,Singapore
2020-08-31,54,Singapore
2020-09-01,41,Singapore
2020-09-02,40,Singapore
2020-09-03,8,Singapore
2020-09-04,48,Singapore
2020-09-05,40,Singapore
2020-09-06,34,Singapore
2020-09-07,40,Singapore
2020-09-08,22,Singapore
2020-09-09,47,Singapore
2020-09-10,75,Singapore
2020-09-11,63,Singapore
2020-09-12,86,Singapore
2020-09-13,42,Singapore
2020-09-14,49,Singapore
2020-09-15,48,Singapore
2020-09-16,34,Singapore
2020-09-17,26,Singapore
2020-09-18,18,Singapore
2020-09-19,11,Singapore
2020-09-20,15,Singapore
2020-09-21,18,Singapore
2020-09-22,30,Singapore
2020-09-23,21,Singapore
2020-09-24,12,Singapore
2020-09-25,15,Singapore
2020-09-26,11,Singapore
2020-09-27,20,Singapore
2020-09-28,15,Singapore
2020-09-29,15,Singapore
2020-09-30,27,Singapore
2020-10-01,23,Singapore
2020-10-02,19,Singapore
2020-10-03,10,Singapore
2020-10-04,6,Singapore
2020-10-05,12,Singapore
2020-10-06,7,Singapore
2020-10-07,11,Singapore
2020-10-08,10,Singapore
2020-10-09,9,Singapore
2020-10-10,10,Singapore
2020-10-11,7,Singapore
2020-10-12,10,Singapore
2020-10-13,4,Singapore
2020-10-14,4,Singapore
2020-10-15,5,Singapore
2020-10-16,3,Singapore
2020-10-17,9,Singapore
2020-10-18,3,Singapore
2020-10-19,7,Singapore
2020-10-20,4,Singapore
2020-10-21,6,Singapore
2020-10-22,12,Singapore
2020-10-23,8,Singapore
2020-10-24,10,Singapore
2020-10-25,14,Singapore
2020-10-26,5,Singapore
2020-10-27,3,Singapore
2020-10-28,7,Singapore
2020-10-29,7,Singapore
2020-10-30,7,Singapore
2020-10-31,9,Singapore
2020-11-01,12,Singapore
2020-11-02,4,Singapore
2020-11-03,1,Singapore
2020-11-04,9,Singapore
2020-11-05,7,Singapore
2020-11-06,7,Singapore
2020-11-07,4,Singapore
2020-11-08,7,Singapore
2020-11-09,2,Singapore
2020-11-10,8,Singapore
2020-11-11,9,Singapore
2020-11-12,18,Singapore
2020-11-13,11,Singapore
2020-11-14,12,Singapore
2020-11-15,2,Singapore
2020-11-16,3,Singapore
2020-11-17,5,Singapore
2020-11-18,6,Singapore
2020-11-19,5,Singapore
2020-11-20,4,Singapore
2020-11-21,4,Singapore
2020-11-22,5,Singapore
2020-11-23,12,Singapore
2020-11-24,5,Singapore
2020-11-25,18,Singapore
2020-11-26,7,Singapore
2020-11-27,5,Singapore
2020-11-28,4,Singapore
2020-11-29,6,Singapore
2020-11-30,8,Singapore
2020-12-01,5,Singapore
2020-12-02,10,Singapore
2020-12-03,2,Singapore
2020-12-04,9,Singapore
2020-12-05,3,Singapore
2020-12-06,13,Singapore
2020-12-07,5,Singapore
2020-12-08,13,Singapore
2020-12-09,12,Singapore
2020-12-10,6,Singapore
2020-12-11,6,Singapore
2020-12-12,8,Singapore
2020-12-13,8,Singapore
2020-12-14,7,Singapore
2020-12-15,5,Singapore
2020-12-16,16,Singapore
2020-12-17,12,Singapore
2020-12-18,24,Singapore
2020-12-19,9,Singapore
2020-12-20,17,Singapore
2020-12-21,19,Singapore
2020-12-22,10,Singapore
2020-12-23,29,Singapore
2020-12-24,21,Singapore
2020-12-25,13,Singapore
2020-12-26,14,Singapore
2020-12-27,10,Singapore
2020-12-28,5,Singapore
2020-12-29,5,Singapore
2020-12-30,13,Singapore
2020-12-31,27,Singapore
2021-01-01,60,Singapore
2021-01-02,33,Singapore
2021-01-03,35,Singapore
2021-01-04,24,Singapore
2021-01-05,28,Singapore
2021-01-06,31,Singapore
2021-01-07,33,Singapore
2021-01-08,23,Singapore
2021-01-09,29,Singapore
2021-01-10,42,Singapore
2021-01-11,22,Singapore
2021-01-12,17,Singapore
2021-01-13,38,Singapore
2021-01-14,45,Singapore
2021-01-15,30,Singapore
2021-01-16,24,Singapore
2021-01-17,30,Singapore
2021-01-18,14,Singapore
2021-01-19,30,Singapore
2021-01-20,40,Singapore
2021-01-21,38,Singapore
2021-01-22,15,Singapore
2021-01-23,10,Singapore
2021-01-24,48,Singapore
2021-01-25,44,Singapore
2021-01-26,14,Singapore
2021-01-27,25,Singapore
2021-01-28,34,Singapore
2021-01-29,24,Singapore
2021-01-30,58,Singapore
2021-01-31,29,Singapore
2021-02-01,29,Singapore
2021-02-02,19,Singapore
2021-02-03,18,Singapore
2021-02-04,22,Singapore
2021-02-05,25,Singapore
2021-02-06,26,Singapore
2021-02-07,24,Singapore
2021-02-08,22,Singapore
2021-02-09,11,Singapore
2021-02-10,15,Singapore
2021-02-11,12,Singapore
2021-02-12,18,Singapore
2021-02-13,9,Singapore
2021-02-14,14,Singapore
2021-02-15,9,Singapore
2021-02-16,1,Singapore
2021-02-17,11,Singapore
2021-02-18,11,Singapore
2021-02-19,14,Singapore
2021-02-20,12,Singapore
2021-02-21,11,Singapore
2021-02-22,10,Singapore
2021-02-23,4,Singapore
2021-02-24,7,Singapore
2021-02-25,10,Singapore
2021-02-26,13,Singapore
2021-02-27,12,Singapore
2021-02-28,11,Singapore
2021-03-01,12,Singapore
2021-03-02,8,Singapore
2021-03-03,23,Singapore
2021-03-04,19,Singapore
2021-03-05,9,Singapore
2021-03-06,13,Singapore
2021-03-07,13,Singapore
2021-03-08,13,Singapore
2021-03-09,6,Singapore
2021-03-10,10,Singapore
2021-03-11,8,Singapore
2021-03-12,10,Singapore
2021-03-13,8,Singapore
2021-03-14,17,Singapore
2021-03-15,12,Singapore
2021-03-16,11,Singapore
2021-03-17,9,Singapore
2021-03-18,15,Singapore
2021-03-19,15,Singapore
2021-03-20,17,Singapore
2021-03-21,12,Singapore
2021-03-22,12,Singapore
2021-03-23,13,Singapore
2021-03-24,15,Singapore
2021-03-25,17,Singapore
2021-03-26,12,Singapore
2021-03-27,23,Singapore
2021-03-28,12,Singapore
2021-03-29,21,Singapore
2021-03-30,26,Singapore
2021-03-31,34,Singapore
2021-04-01,26,Singapore
2021-04-02,43,Singapore
2021-04-03,18,Singapore
2021-04-04,10,Singapore
2021-04-05,17,Singapore
2021-04-06,24,Singapore
2021-04-07,35,Singapore
2021-04-08,21,Singapore
2021-04-09,26,Singapore
2021-04-10,32,Singapore
2021-04-11,20,Singapore
2021-04-12,25,Singapore
2021-04-13,14,Singapore
2021-04-14,27,Singapore
2021-04-15,16,Singapore
2021-04-16,34,Singapore
2021-04-17,39,Singapore
2021-04-18,23,Singapore
2021-04-19,20,Singapore
2021-04-20,14,Singapore
2021-04-21,15,Singapore
2021-04-22,24,Singapore
2021-04-23,39,Singapore
2021-04-24,23,Singapore
2021-04-25,40,Singapore
2021-04-26,45,Singapore
2021-04-27,12,Singapore
2021-04-28,23,Singapore
2021-04-29,35,Singapore
2021-04-30,24,Singapore
2021-05-01,34,Singapore
2021-05-02,39,Singapore
2021-05-03,17,Singapore
2021-05-04,17,Singapore
2021-05-05,16,Singapore
2021-05-06,18,Singapore
2021-05-07,25,Singapore
2021-05-08,20,Singapore
2021-05-09,28,Singapore
2021-05-10,19,Singapore
2021-05-11,25,Singapore
2021-05-12,16,Singapore
2021-05-13,34,Singapore
2021-05-14,52,Singapore
2021-05-15,31,Singapore
2021-05-16,49,Singapore
2021-05-17,28,Singapore
2021-05-18,38,Singapore
2021-05-19,38,Singapore
2021-05-20,41,Singapore
2021-05-21,40,Singapore
2021-05-22,29,Singapore
2021-05-23,25,Singapore
2021-05-24,36,Singapore
2021-05-25,30,Singapore
2021-05-26,26,Singapore
2021-05-27,24,Singapore
2021-05-28,30,Singapore
2021-05-29,33,Singapore
2021-05-30,25,Singapore
2021-05-31,23,Singapore
2021-06-01,18,Singapore
2021-06-02,31,Singapore
2021-06-03,45,Singapore
2021-06-04,13,Singapore
2021-06-05,18,Singapore
2021-06-06,20,Singapore
2021-06-07,14,Singapore
2021-06-08,9,Singapore
2021-06-09,4,Singapore
2021-06-10,13,Singapore
2021-06-11,9,Singapore
2021-06-12,18,Singapore
2021-06-13,13,Singapore
2021-06-14,25,Singapore
2021-06-15,14,Singapore
2021-06-16,24,Singapore
2021-06-17,27,Singapore
2021-06-18,16,Singapore
2021-06-19,21,Singapore
2021-06-20,11,Singapore
2021-06-21,16,Singapore
2021-06-22,18,Singapore
2021-06-23,22,Singapore
2021-06-24,23,Singapore
2021-06-25,20,Singapore
2021-06-26,17,Singapore
2021-06-27,14,Singapore
2021-06-28,9,Singapore
2021-06-29,10,Singapore
2021-06-30,16,Singapore
2021-07-01,10,Singapore
2021-07-02,10,Singapore
2021-07-03,7,Singapore
2021-07-04,11,Singapore
2021-07-05,13,Singapore
2021-07-06,10,Singapore
2021-07-07,12,Singapore
2021-07-08,16,Singapore
2021-07-09,10,Singapore
2021-07-10,6,Singapore
2021-07-11,8,Singapore
2021-07-12,26,Singapore
2021-07-13,26,Singapore
2021-07-14,60,Singapore
2021-07-15,48,Singapore
2021-07-16,61,Singapore
2021-07-17,68,Singapore
2021-07-18,92,Singapore
2021-07-19,172,Singapore
2021-07-20,195,Singapore
2021-07-21,181,Singapore
2021-07-22,170,Singapore
2021-07-23,133,Singapore
2021-07-24,130,Singapore
2021-07-25,125,Singapore
2021-07-26,135,Singapore
2021-07-27,139,Singapore
2021-07-28,136,Singapore
2021-07-29,133,Singapore
2021-07-30,139,Singapore
2021-07-31,120,Singapore
2021-08-01,121,Singapore
2021-08-02,111,Singapore
2021-08-03,102,Singapore
2021-08-04,95,Singapore
2021-08-05,98,Singapore
2021-08-06,97,Singapore
2021-08-07,81,Singapore
2021-08-08,78,Singapore
2021-08-09,72,Singapore
2021-08-10,54,Singapore
2021-08-11,63,Singapore
2021-08-12,59,Singapore
2021-08-13,49,Singapore
2021-08-14,58,Singapore
2021-08-15,53,Singapore
2021-08-16,53,Singapore
2021-08-17,56,Singapore
2021-08-18,53,Singapore
2021-08-19,32,Singapore
2021-08-20,40,Singapore
2021-08-21,37,Singapore
2021-08-22,35,Singapore
2021-08-23,98,Singapore
2021-08-24,116,Singapore
2021-08-25,120,Singapore
2021-08-26,116,Singapore
2021-08-27,122,Singapore
2021-08-28,121,Singapore
2021-08-29,133,Singapore
2021-08-30,155,Singapore
2021-08-31,161,Singapore
2021-09-01,180,Singapore
2021-09-02,191,Singapore
2021-09-03,219,Singapore
2021-09-04,259,Singapore
2021-09-05,191,Singapore
2021-09-06,241,Singapore
2021-09-07,332,Singapore
2021-09-08,349,Singapore
2021-09-09,457,Singapore
2021-09-10,573,Singapore
2021-09-11,555,Singapore
2021-09-12,520,Singapore
2021-09-13,607,Singapore
2021-09-14,837,Singapore
2021-09-15,807,Singapore
2021-09-16,910,Singapore
2021-09-17,935,Singapore
2021-09-18,1009,Singapore
2021-09-19,1012,Singapore
2021-09-20,917,Singapore
2021-09-21,1178,Singapore
2021-09-22,1457,Singapore
2021-09-23,1504,Singapore
2021-09-24,1650,Singapore
2021-09-25,1443,Singapore
2021-09-26,1939,Singapore
2021-09-27,1647,Singapore
2021-09-28,2236,Singapore
2021-09-29,2268,Singapore
2021-09-30,2478,Singapore
2021-10-01,2909,Singapore
2021-10-02,2356,Singapore
2021-10-03,2057,Singapore
2021-10-04,2475,Singapore
2021-10-05,3486,Singapore
2021-10-06,3577,Singapore
2021-10-07,3483,Singapore
2021-10-08,3590,Singapore
2021-10-09,3703,Singapore
2021-10-10,2809,Singapore
2021-10-11,2263,Singapore
2021-10-12,2976,Singapore
2021-10-13,3190,Singapore
2021-10-14,2932,Singapore
2021-10-15,3445,Singapore
2021-10-16,3348,Singapore
2021-10-17,3058,Singapore
2021-10-18,2553,Singapore
2021-10-19,3994,Singapore
2021-10-20,3862,Singapore
2021-10-21,3439,Singapore
2021-10-22,3637,Singapore
2021-10-23,3598,Singapore
2021-10-24,3383,Singapore
2021-10-25,3174,Singapore
2021-10-26,3277,Singapore
2021-10-27,5324,Singapore
2021-10-28,3432,Singapore
2021-10-29,4248,Singapore
2021-10-30,3112,Singapore
2021-10-31,3163,Singapore
2021-11-01,2470,Singapore
2021-11-02,3496,Singapore
2021-11-03,3635,Singapore
2021-11-04,3003,Singapore
2021-11-05,1767,Singapore
2021-11-06,3035,Singapore
2021-11-07,2553,Singapore
2021-11-08,2470,Singapore
2021-11-09,3397,Singapore
2021-11-10,3481,Singapore
2021-11-11,2396,Singapore
2021-11-12,3099,Singapore
2021-11-13,2304,Singapore
2021-11-14,1723,Singapore
2021-11-15,2069,Singapore
2021-11-16,2069,Singapore
2021-11-17,3474,Singapore
2021-11-18,2038,Singapore
2021-11-19,1734,Singapore
2021-11-20,1931,Singapore
2021-11-21,1670,Singapore
2021-11-22,1461,Singapore
2021-11-23,1782,Singapore
2021-11-24,2079,Singapore
2021-11-25,1275,Singapore
2021-11-26,1090,Singapore
2021-11-27,1761,Singapore
2021-11-28,747,Singapore
2021-11-29,1103,Singapore
2021-11-30,1239,Singapore
2021-12-01,1324,Singapore
2021-12-02,1101,Singapore
2021-12-03,766,Singapore
2021-12-04,743,Singapore
2021-12-05,552,Singapore
2021-12-06,662,Singapore
2021-12-07,715,Singapore
2021-12-08,709,Singapore
2021-12-09,682,Singapore
2021-12-10,454,Singapore
2021-12-11,559,Singapore
2021-12-12,370,Singapore
2021-12-13,339,Singapore
2021-12-14,442,Singapore
2021-12-15,474,Singapore
2021-12-16,355,Singapore
2021-12-17,412,Singapore
2021-12-18,271,Singapore
2021-12-19,255,Singapore
2021-12-20,195,Singapore
2021-12-21,280,Singapore
2021-12-22,335,Singapore
2021-12-23,322,Singapore
2021-12-24,265,Singapore
2021-12-25,248,Singapore
2021-12-26,209,Singapore
2021-12-27,280,Singapore
2021-12-28,365,Singapore
2021-12-29,341,Singapore
2021-12-30,311,Singapore
2021-12-31,344,Singapore
2022-01-01,456,Singapore
2022-01-02,429,Singapore
2022-01-03,464,Singapore
2022-01-04,842,Singapore
2022-01-05,805,Singapore
2022-01-06,813,Singapore
2022-01-07,777,Singapore
2022-01-08,811,Singapore
2022-01-09,845,Singapore
2022-01-10,750,Singapore
2022-01-11,846,Singapore
2022-01-12,882,Singapore
2022-01-13,960,Singapore
2022-01-14,945,Singapore
2022-01-15,956,Singapore
2022-01-16,863,Singapore
2022-01-17,1165,Singapore
2022-01-18,1448,Singapore
2022-01-19,1615,Singapore
2022-01-20,1472,Singapore
2022-01-21,10264,Singapore
2022-01-22,2463,Singapore
2022-01-23,3496,Singapore
2022-01-24,3002,Singapore
2022-01-25,5996,Singapore
2022-01-26,4832,Singapore
2022-01-27,5469,Singapore
2022-01-28,5554,Singapore
2022-01-29,5207,Singapore
2022-01-30,4498,Singapore
2022-01-31,4481,Singapore
2022-02-01,6264,Singapore
2022-02-02,3101,Singapore
2022-02-03,4297,Singapore
2022-02-04,13208,Singapore
2022-02-05,10390,Singapore
2022-02-06,7752,Singapore
2022-02-07,7806,Singapore
2022-02-08,13011,Singapore
2022-02-09,10314,Singapore
2022-02-10,10686,Singapore
2022-02-11,9930,Singapore
2022-02-12,10505,Singapore
2022-02-13,9420,Singapore
2022-02-14,9082,Singapore
2022-02-15,19420,Singapore
2022-02-16,16883,Singapore
2022-02-17,18545,Singapore
2022-02-18,18094,Singapore
2022-02-19,24836,Singapore
2022-02-20,6283,Singapore
2022-02-21,13623,Singapore
2022-02-22,26032,Singapore
2022-02-23,20312,Singapore
2022-02-24,18593,Singapore
2022-02-25,18597,Singapore
2022-02-26,16857,Singapore
2022-02-27,14228,Singapore
2022-02-28,13544,Singapore
2022-03-01,24080,Singapore
2022-03-02,19159,Singapore
2022-03-03,18162,Singapore
2022-03-04,17564,Singapore
2022-03-05,16274,Singapore
2022-03-06,13158,Singapore
2022-03-07,13520,Singapore
2022-03-08,22201,Singapore
2022-03-09,17051,Singapore
2022-03-10,16165,Singapore
2022-03-11,15345,Singapore
2022-03-12,12632,Singapore
2022-03-13,9701,Singapore
2022-03-14,9042,Singapore
2022-03-15,15851,Singapore
2022-03-16,11278,Singapore
2022-03-17,10713,Singapore
2022-03-18,10594,Singapore
2022-03-19,10244,Singapore
2022-03-20,7859,Singapore
2022-03-21,7538,Singapore
2022-03-22,13166,Singapore
2022-03-23,8940,Singapore
2022-03-24,8478,Singapore
2022-03-25,7584,Singapore
2022-03-26,6434,Singapore
2022-03-27,4848,Singapore
2022-03-28,4925,Singapore
2022-03-29,8164,Singapore
2022-03-30,5729,Singapore
2022-03-31,5605,Singapore
2022-04-01,5010,Singapore
2022-04-02,4563,Singapore
2022-04-03,3743,Singapore
2022-04-04,3334,Singapore
2022-04-05,6341,Singapore
2022-04-06,4467,Singapore
2022-04-07,4269,Singapore
2022-04-08,4014,Singapore
2022-04-09,3259,Singapore
2022-04-10,2573,Singapore
2022-04-11,2568,Singapore
2022-04-12,4552,Singapore
2022-04-13,3535,Singapore
2022-04-14,3521,Singapore
2022-04-15,3404,Singapore
2022-04-16,1670,Singapore
2022-04-17,3049,Singapore
2022-04-18,2480,Singapore
2022-04-19,4718,Singapore
2022-04-20,3472,Singapore
2022-04-21,3420,Singapore
2022-04-22,3025,Singapore
2022-04-23,2709,Singapore
2022-04-24,2044,Singapore
2022-04-25,2058,Singapore
2022-04-26,3688,Singapore
2022-04-27,2646,Singapore
2022-04-28,2690,Singapore
2022-04-29,0,Singapore
2022-04-30,2141,Singapore
2022-05-01,4249,Singapore
2022-05-02,1336,Singapore
2022-05-03,1570,Singapore
2022-05-04,1638,Singapore
2022-05-05,4733,Singapore
2022-05-06,3420,Singapore
2022-05-07,3162,Singapore
2022-05-08,2423,Singapore
2022-05-09,2271,Singapore
2022-05-10,4831,Singapore
2022-05-11,3890,Singapore
2022-05-12,3645,Singapore
2022-05-13,4291,Singapore
2022-05-14,3383,Singapore
2022-05-15,2651,Singapore
2022-05-16,2123,Singapore
2022-05-17,2664,Singapore
2022-05-18,6442,Singapore
2022-05-19,4578,Singapore
2022-05-20,4342,Singapore
2022-05-21,3775,Singapore
2022-05-22,2827,Singapore
2022-05-23,2751,Singapore
2022-05-24,5727,Singapore
2022-05-25,4167,Singapore
2022-05-26,3936,Singapore
2022-05-27,3830,Singapore
2022-05-28,3323,Singapore
2022-05-29,2551,Singapore
2022-05-30,2389,Singapore
2022-05-31,4985,Singapore
2022-06-01,3577,Singapore
2022-06-02,3745,Singapore
2022-06-03,3233,Singapore
2022-06-04,2879,Singapore
2022-06-05,2256,Singapore
2022-06-06,2162,Singapore
2022-06-07,4477,Singapore
2022-06-08,3602,Singapore
2022-06-09,3431,Singapore
2022-06-10,0,Singapore
2022-06-11,6097,Singapore
2022-06-12,2503,Singapore
2022-06-13,2389,Singapore
2022-06-14,5130,Singapore
2022-06-15,3906,Singapore
2022-06-16,3120,Singapore
2022-06-17,8761,Singapore
2022-06-18,0,Singapore
2022-06-19,3199,Singapore
2022-06-20,3220,Singapore
2022-06-21,7109,Singapore
2022-06-22,5862,Singapore
2022-06-23,6606,Singapore
2022-06-24,7987,Singapore
2022-06-25,4697,Singapore
2022-06-26,5116,Singapore
2022-06-27,5309,Singapore
2022-06-28,11504,Singapore
2022-06-29,9392,Singapore
2022-06-30,9505,Singapore
2022-07-01,9087,Singapore
2022-07-02,7952,Singapore
2022-07-03,0,Singapore
2022-07-04,6127,Singapore
2022-07-05,5946,Singapore
2022-07-06,12784,Singapore
2022-07-07,9989,Singapore
2022-07-08,9985,Singapore
2022-07-09,9284,Singapore
2022-07-10,8659,Singapore
2022-07-11,6423,Singapore
2022-07-12,4495,Singapore
2022-07-13,5979,Singapore
2022-07-14,16870,Singapore
2022-07-15,11772,Singapore
2022-07-16,12996,Singapore
2022-07-17,6683,Singapore
2022-07-18,6947,Singapore
2022-07-19,6227,Singapore
2022-07-20,13794,Singapore
2022-07-21,10293,Singapore
2022-07-22,9749,Singapore
2022-07-23,8983,Singapore
2022-07-24,7889,Singapore
2022-07-25,6175,Singapore
2022-07-26,5551,Singapore
2022-07-27,12419,Singapore
2022-07-28,8763,Singapore
2022-07-29,8565,Singapore
2022-07-30,12999,Singapore
2022-07-31,1497,Singapore
2022-08-01,5106,Singapore
2022-08-02,4709,Singapore
2022-08-03,10230,Singapore
2022-08-04,7231,Singapore
2022-08-05,6648,Singapore
2022-08-06,0,Singapore
2022-08-07,11903,Singapore
2022-08-08,4798,Singapore
2022-08-09,3541,Singapore
2022-08-10,7965,Singapore
2022-08-11,2819,Singapore
2022-08-12,7262,Singapore
2022-08-13,5481,Singapore
2022-08-14,4403,Singapore
2022-08-15,3023,Singapore
2022-08-16,2665,Singapore
2022-08-17,5202,Singapore
2022-08-18,3762,Singapore
2022-08-19,3553,Singapore
2022-08-20,0,Singapore
2022-08-21,5666,Singapore
2022-08-22,1951,Singapore
2022-08-23,1692,Singapore
2022-08-24,3627,Singapore
2022-08-25,2645,Singapore
2022-08-26,2397,Singapore
2022-08-27,0,Singapore
2022-08-28,4103,Singapore
2022-08-29,1448,Singapore
2022-08-30,1410,Singapore
2022-08-31,2900,Singapore
2022-09-01,2154,Singapore
2022-09-02,2044,Singapore
2022-09-03,1948,Singapore
2022-09-04,1549,Singapore
2022-09-05,1309,Singapore
2022-09-06,1176,Singapore
2022-09-07,2745,Singapore
2022-09-08,2271,Singapore
2022-09-09,2169,Singapore
2022-09-10,0,Singapore
2022-09-11,4042,Singapore
2022-09-12,1440,Singapore
2022-09-13,1453,Singapore
2022-09-14,3352,Singapore
2022-09-15,2426,Singapore
2022-09-16,2423,Singapore
2022-09-17,1969,Singapore
2022-09-18,1730,Singapore
2022-09-19,1321,Singapore
2022-09-20,1973,Singapore
2022-09-21,3222,Singapore
2022-09-22,2508,Singapore
2022-09-23,2545,Singapore
2022-09-24,0,Singapore
2022-09-25,4685,Singapore
2022-09-26,1797,Singapore
2022-09-27,1606,Singapore
2022-09-28,4360,Singapore
2022-09-29,3454,Singapore
2022-09-30,3341,Singapore
2022-10-01,0,Singapore
2022-10-02,7315,Singapore
2022-10-03,2863,Singapore
2022-10-04,2713,Singapore
2022-10-05,7146,Singapore
2022-10-06,5923,Singapore
2022-10-07,6208,Singapore
2022-10-08,0,Singapore
2022-10-09,12132,Singapore
2022-10-10,4795,Singapore
2022-10-11,4719,Singapore
2022-10-12,11732,Singapore
2022-10-13,9611,Singapore
2022-10-14,9501,Singapore
2022-10-15,0,Singapore
2022-10-16,17124,Singapore
2022-10-17,6181,Singapore
2022-10-18,5196,Singapore
2022-10-19,11934,Singapore
2022-10-20,8752,Singapore
2020-03-02,0,Sri Lanka
2020-03-03,0,Sri Lanka
2020-03-04,0,Sri Lanka
2020-03-05,0,Sri Lanka
2020-03-06,0,Sri Lanka
2020-03-07,0,Sri Lanka
2020-03-08,0,Sri Lanka
2020-03-09,0,Sri Lanka
2020-03-10,0,Sri Lanka
2020-03-11,1,Sri Lanka
2020-03-12,1,Sri Lanka
2020-03-13,0,Sri Lanka
2020-03-14,3,Sri Lanka
2020-03-15,5,Sri Lanka
2020-03-16,8,Sri Lanka
2020-03-17,10,Sri Lanka
2020-03-18,13,Sri Lanka
2020-03-19,11,Sri Lanka
2020-03-20,13,Sri Lanka
2020-03-21,0,Sri Lanka
2020-03-22,16,Sri Lanka
2020-03-23,12,Sri Lanka
2020-03-24,3,Sri Lanka
2020-03-25,5,Sri Lanka
2020-03-26,0,Sri Lanka
2020-03-27,4,Sri Lanka
2020-03-28,0,Sri Lanka
2020-03-29,9,Sri Lanka
2020-03-30,5,Sri Lanka
2020-03-31,2,Sri Lanka
2020-04-01,21,Sri Lanka
2020-04-02,5,Sri Lanka
2020-04-03,3,Sri Lanka
2020-04-04,8,Sri Lanka
2020-04-05,7,Sri Lanka
2020-04-06,10,Sri Lanka
2020-04-07,4,Sri Lanka
2020-04-08,6,Sri Lanka
2020-04-09,3,Sri Lanka
2020-04-10,1,Sri Lanka
2020-04-11,7,Sri Lanka
2020-04-12,2,Sri Lanka
2020-04-13,11,Sri Lanka
2020-04-14,8,Sri Lanka
2020-04-15,15,Sri Lanka
2020-04-16,5,Sri Lanka
2020-04-17,0,Sri Lanka
2020-04-18,6,Sri Lanka
2020-04-19,10,Sri Lanka
2020-04-20,17,Sri Lanka
2020-04-21,33,Sri Lanka
2020-04-22,6,Sri Lanka
2020-04-23,20,Sri Lanka
2020-04-24,38,Sri Lanka
2020-04-25,52,Sri Lanka
2020-04-26,40,Sri Lanka
2020-04-27,63,Sri Lanka
2020-04-28,65,Sri Lanka
2020-04-29,31,Sri Lanka
2020-04-30,30,Sri Lanka
2020-05-01,16,Sri Lanka
2020-05-02,25,Sri Lanka
2020-05-03,15,Sri Lanka
2020-05-04,13,Sri Lanka
2020-05-05,37,Sri Lanka
2020-05-06,16,Sri Lanka
2020-05-07,26,Sri Lanka
2020-05-08,27,Sri Lanka
2020-05-09,11,Sri Lanka
2020-05-10,12,Sri Lanka
2020-05-11,16,Sri Lanka
2020-05-12,26,Sri Lanka
2020-05-13,26,Sri Lanka
2020-05-14,10,Sri Lanka
2020-05-15,10,Sri Lanka
2020-05-16,25,Sri Lanka
2020-05-17,21,Sri Lanka
2020-05-18,11,Sri Lanka
2020-05-19,35,Sri Lanka
2020-05-20,1,Sri Lanka
2020-05-21,27,Sri Lanka
2020-05-22,13,Sri Lanka
2020-05-23,21,Sri Lanka
2020-05-24,52,Sri Lanka
2020-05-25,41,Sri Lanka
2020-05-26,137,Sri Lanka
2020-05-27,150,Sri Lanka
2020-05-28,61,Sri Lanka
2020-05-29,28,Sri Lanka
2020-05-30,62,Sri Lanka
2020-05-31,13,Sri Lanka
2020-06-01,10,Sri Lanka
2020-06-02,40,Sri Lanka
2020-06-03,66,Sri Lanka
2020-06-04,48,Sri Lanka
2020-06-05,4,Sri Lanka
2020-06-06,13,Sri Lanka
2020-06-07,21,Sri Lanka
2020-06-08,22,Sri Lanka
2020-06-09,2,Sri Lanka
2020-06-10,10,Sri Lanka
2020-06-11,8,Sri Lanka
2020-06-12,3,Sri Lanka
2020-06-13,4,Sri Lanka
2020-06-14,5,Sri Lanka
2020-06-15,16,Sri Lanka
2020-06-16,10,Sri Lanka
2020-06-17,9,Sri Lanka
2020-06-18,23,Sri Lanka
2020-06-19,3,Sri Lanka
2020-06-20,0,Sri Lanka
2020-06-21,0,Sri Lanka
2020-06-22,1,Sri Lanka
2020-06-23,40,Sri Lanka
2020-06-24,10,Sri Lanka
2020-06-25,9,Sri Lanka
2020-06-26,4,Sri Lanka
2020-06-27,19,Sri Lanka
2020-06-28,4,Sri Lanka
2020-06-29,5,Sri Lanka
2020-06-30,5,Sri Lanka
2020-07-01,7,Sri Lanka
2020-07-02,12,Sri Lanka
2020-07-03,3,Sri Lanka
2020-07-04,5,Sri Lanka
2020-07-05,2,Sri Lanka
2020-07-06,1,Sri Lanka
2020-07-07,4,Sri Lanka
2020-07-08,13,Sri Lanka
2020-07-09,60,Sri Lanka
2020-07-10,300,Sri Lanka
2020-07-11,57,Sri Lanka
2020-07-12,106,Sri Lanka
2020-07-13,29,Sri Lanka
2020-07-14,19,Sri Lanka
2020-07-15,9,Sri Lanka
2020-07-16,13,Sri Lanka
2020-07-17,10,Sri Lanka
2020-07-18,7,Sri Lanka
2020-07-19,20,Sri Lanka
2020-07-20,6,Sri Lanka
2020-07-21,0,Sri Lanka
2020-07-22,22,Sri Lanka
2020-07-23,1,Sri Lanka
2020-07-24,11,Sri Lanka
2020-07-25,6,Sri Lanka
2020-07-26,12,Sri Lanka
2020-07-27,23,Sri Lanka
2020-07-28,5,Sri Lanka
2020-07-29,0,Sri Lanka
2020-07-30,4,Sri Lanka
2020-07-31,1,Sri Lanka
2020-08-01,0,Sri Lanka
2020-08-02,8,Sri Lanka
2020-08-03,5,Sri Lanka
2020-08-04,6,Sri Lanka
2020-08-05,5,Sri Lanka
2020-08-06,0,Sri Lanka
2020-08-07,0,Sri Lanka
2020-08-08,2,Sri Lanka
2020-08-09,3,Sri Lanka
2020-08-10,0,Sri Lanka
2020-08-11,27,Sri Lanka
2020-08-12,9,Sri Lanka
2020-08-13,1,Sri Lanka
2020-08-14,1,Sri Lanka
2020-08-15,4,Sri Lanka
2020-08-16,4,Sri Lanka
2020-08-17,3,Sri Lanka
2020-08-18,7,Sri Lanka
2020-08-19,2,Sri Lanka
2020-08-20,0,Sri Lanka
2020-08-21,16,Sri Lanka
2020-08-22,23,Sri Lanka
2020-08-23,6,Sri Lanka
2020-08-24,6,Sri Lanka
2020-08-25,6,Sri Lanka
2020-08-26,12,Sri Lanka
2020-08-27,13,Sri Lanka
2020-08-28,4,Sri Lanka
2020-08-29,7,Sri Lanka
2020-08-30,17,Sri Lanka
2020-08-31,37,Sri Lanka
2020-09-01,43,Sri Lanka
2020-09-02,9,Sri Lanka
2020-09-03,10,Sri Lanka
2020-09-04,4,Sri Lanka
2020-09-05,6,Sri Lanka
2020-09-06,2,Sri Lanka
2020-09-07,0,Sri Lanka
2020-09-08,17,Sri Lanka
2020-09-09,7,Sri Lanka
2020-09-10,8,Sri Lanka
2020-09-11,14,Sri Lanka
2020-09-12,26,Sri Lanka
2020-09-13,39,Sri Lanka
2020-09-14,28,Sri Lanka
2020-09-15,9,Sri Lanka
2020-09-16,0,Sri Lanka
2020-09-17,5,Sri Lanka
2020-09-18,5,Sri Lanka
2020-09-19,2,Sri Lanka
2020-09-20,4,Sri Lanka
2020-09-21,12,Sri Lanka
2020-09-22,14,Sri Lanka
2020-09-23,11,Sri Lanka
2020-09-24,9,Sri Lanka
2020-09-25,12,Sri Lanka
2020-09-26,4,Sri Lanka
2020-09-27,11,Sri Lanka
2020-09-28,3,Sri Lanka
2020-09-29,11,Sri Lanka
2020-09-30,6,Sri Lanka
2020-10-01,2,Sri Lanka
2020-10-02,6,Sri Lanka
2020-10-03,7,Sri Lanka
2020-10-04,7,Sri Lanka
2020-10-05,111,Sri Lanka
2020-10-06,739,Sri Lanka
2020-10-07,207,Sri Lanka
2020-10-08,29,Sri Lanka
2020-10-09,35,Sri Lanka
2020-10-10,105,Sri Lanka
2020-10-11,124,Sri Lanka
2020-10-12,92,Sri Lanka
2020-10-13,194,Sri Lanka
2020-10-14,130,Sri Lanka
2020-10-15,76,Sri Lanka
2020-10-16,110,Sri Lanka
2020-10-17,121,Sri Lanka
2020-10-18,63,Sri Lanka
2020-10-19,87,Sri Lanka
2020-10-20,186,Sri Lanka
2020-10-21,217,Sri Lanka
2020-10-22,259,Sri Lanka
2020-10-23,866,Sri Lanka
2020-10-24,368,Sri Lanka
2020-10-25,351,Sri Lanka
2020-10-26,541,Sri Lanka
2020-10-27,457,Sri Lanka
2020-10-28,335,Sri Lanka
2020-10-29,586,Sri Lanka
2020-10-30,633,Sri Lanka
2020-10-31,239,Sri Lanka
2020-11-01,397,Sri Lanka
2020-11-02,275,Sri Lanka
2020-11-03,409,Sri Lanka
2020-11-04,443,Sri Lanka
2020-11-05,383,Sri Lanka
2020-11-06,400,Sri Lanka
2020-11-07,449,Sri Lanka
2020-11-08,510,Sri Lanka
2020-11-09,356,Sri Lanka
2020-11-10,430,Sri Lanka
2020-11-11,635,Sri Lanka
2020-11-12,373,Sri Lanka
2020-11-13,468,Sri Lanka
2020-11-14,392,Sri Lanka
2020-11-15,704,Sri Lanka
2020-11-16,387,Sri Lanka
2020-11-17,401,Sri Lanka
2020-11-18,327,Sri Lanka
2020-11-19,439,Sri Lanka
2020-11-20,439,Sri Lanka
2020-11-21,491,Sri Lanka
2020-11-22,400,Sri Lanka
2020-11-23,337,Sri Lanka
2020-11-24,459,Sri Lanka
2020-11-25,502,Sri Lanka
2020-11-26,559,Sri Lanka
2020-11-27,473,Sri Lanka
2020-11-28,487,Sri Lanka
2020-11-29,496,Sri Lanka
2020-11-30,503,Sri Lanka
2020-12-01,545,Sri Lanka
2020-12-02,878,Sri Lanka
2020-12-03,628,Sri Lanka
2020-12-04,521,Sri Lanka
2020-12-05,669,Sri Lanka
2020-12-06,649,Sri Lanka
2020-12-07,703,Sri Lanka
2020-12-08,798,Sri Lanka
2020-12-09,697,Sri Lanka
2020-12-10,538,Sri Lanka
2020-12-11,762,Sri Lanka
2020-12-12,760,Sri Lanka
2020-12-13,655,Sri Lanka
2020-12-14,688,Sri Lanka
2020-12-15,643,Sri Lanka
2020-12-16,616,Sri Lanka
2020-12-17,650,Sri Lanka
2020-12-18,662,Sri Lanka
2020-12-19,618,Sri Lanka
2020-12-20,594,Sri Lanka
2020-12-21,370,Sri Lanka
2020-12-22,428,Sri Lanka
2020-12-23,580,Sri Lanka
2020-12-24,592,Sri Lanka
2020-12-25,551,Sri Lanka
2020-12-26,598,Sri Lanka
2020-12-27,674,Sri Lanka
2020-12-28,549,Sri Lanka
2020-12-29,460,Sri Lanka
2020-12-30,639,Sri Lanka
2020-12-31,597,Sri Lanka
2021-01-01,557,Sri Lanka
2021-01-02,515,Sri Lanka
2021-01-03,403,Sri Lanka
2021-01-04,468,Sri Lanka
2021-01-05,484,Sri Lanka
2021-01-06,522,Sri Lanka
2021-01-07,532,Sri Lanka
2021-01-08,525,Sri Lanka
2021-01-09,535,Sri Lanka
2021-01-10,540,Sri Lanka
2021-01-11,569,Sri Lanka
2021-01-12,588,Sri Lanka
2021-01-13,692,Sri Lanka
2021-01-14,670,Sri Lanka
2021-01-15,695,Sri Lanka
2021-01-16,719,Sri Lanka
2021-01-17,749,Sri Lanka
2021-01-18,688,Sri Lanka
2021-01-19,669,Sri Lanka
2021-01-20,770,Sri Lanka
2021-01-21,887,Sri Lanka
2021-01-22,787,Sri Lanka
2021-01-23,724,Sri Lanka
2021-01-24,843,Sri Lanka
2021-01-25,737,Sri Lanka
2021-01-26,755,Sri Lanka
2021-01-27,772,Sri Lanka
2021-01-28,892,Sri Lanka
2021-01-29,859,Sri Lanka
2021-01-30,848,Sri Lanka
2021-01-31,864,Sri Lanka
2021-02-01,826,Sri Lanka
2021-02-02,715,Sri Lanka
2021-02-03,711,Sri Lanka
2021-02-04,706,Sri Lanka
2021-02-05,735,Sri Lanka
2021-02-06,726,Sri Lanka
2021-02-07,772,Sri Lanka
2021-02-08,887,Sri Lanka
2021-02-09,976,Sri Lanka
2021-02-10,963,Sri Lanka
2021-02-11,942,Sri Lanka
2021-02-12,940,Sri Lanka
2021-02-13,796,Sri Lanka
2021-02-14,802,Sri Lanka
2021-02-15,774,Sri Lanka
2021-02-16,756,Sri Lanka
2021-02-17,722,Sri Lanka
2021-02-18,514,Sri Lanka
2021-02-19,517,Sri Lanka
2021-02-20,543,Sri Lanka
2021-02-21,519,Sri Lanka
2021-02-22,518,Sri Lanka
2021-02-23,492,Sri Lanka
2021-02-24,458,Sri Lanka
2021-02-25,466,Sri Lanka
2021-02-26,497,Sri Lanka
2021-02-27,460,Sri Lanka
2021-02-28,352,Sri Lanka
2021-03-01,310,Sri Lanka
2021-03-02,318,Sri Lanka
2021-03-03,356,Sri Lanka
2021-03-04,384,Sri Lanka
2021-03-05,350,Sri Lanka
2021-03-06,376,Sri Lanka
2021-03-07,359,Sri Lanka
2021-03-08,344,Sri Lanka
2021-03-09,304,Sri Lanka
2021-03-10,342,Sri Lanka
2021-03-11,304,Sri Lanka
2021-03-12,297,Sri Lanka
2021-03-13,314,Sri Lanka
2021-03-14,307,Sri Lanka
2021-03-15,331,Sri Lanka
2021-03-16,286,Sri Lanka
2021-03-17,338,Sri Lanka
2021-03-18,313,Sri Lanka
2021-03-19,322,Sri Lanka
2021-03-20,349,Sri Lanka
2021-03-21,354,Sri Lanka
2021-03-22,314,Sri Lanka
2021-03-23,251,Sri Lanka
2021-03-24,253,Sri Lanka
2021-03-25,271,Sri Lanka
2021-03-26,272,Sri Lanka
2021-03-27,278,Sri Lanka
2021-03-28,249,Sri Lanka
2021-03-29,215,Sri Lanka
2021-03-30,139,Sri Lanka
2021-03-31,264,Sri Lanka
2021-04-01,211,Sri Lanka
2021-04-02,211,Sri Lanka
2021-04-03,167,Sri Lanka
2021-04-04,141,Sri Lanka
2021-04-05,159,Sri Lanka
2021-04-06,177,Sri Lanka
2021-04-07,221,Sri Lanka
2021-04-08,343,Sri Lanka
2021-04-09,228,Sri Lanka
2021-04-10,284,Sri Lanka
2021-04-11,283,Sri Lanka
2021-04-12,263,Sri Lanka
2021-04-13,226,Sri Lanka
2021-04-14,117,Sri Lanka
2021-04-15,212,Sri Lanka
2021-04-16,237,Sri Lanka
2021-04-17,253,Sri Lanka
2021-04-18,357,Sri Lanka
2021-04-19,309,Sri Lanka
2021-04-20,367,Sri Lanka
2021-04-21,578,Sri Lanka
2021-04-22,672,Sri Lanka
2021-04-23,969,Sri Lanka
2021-04-24,895,Sri Lanka
2021-04-25,793,Sri Lanka
2021-04-26,997,Sri Lanka
2021-04-27,1111,Sri Lanka
2021-04-28,1466,Sri Lanka
2021-04-29,1531,Sri Lanka
2021-04-30,1662,Sri Lanka
2021-05-01,1716,Sri Lanka
2021-05-02,1891,Sri Lanka
2021-05-03,1923,Sri Lanka
2021-05-04,1914,Sri Lanka
2021-05-05,1939,Sri Lanka
2021-05-06,1895,Sri Lanka
2021-05-07,1914,Sri Lanka
2021-05-08,1896,Sri Lanka
2021-05-09,2672,Sri Lanka
2021-05-10,2624,Sri Lanka
2021-05-11,2568,Sri Lanka
2021-05-12,2429,Sri Lanka
2021-05-13,2269,Sri Lanka
2021-05-14,2289,Sri Lanka
2021-05-15,2386,Sri Lanka
2021-05-16,2275,Sri Lanka
2021-05-17,2456,Sri Lanka
2021-05-18,2518,Sri Lanka
2021-05-19,3623,Sri Lanka
2021-05-20,3443,Sri Lanka
2021-05-21,3547,Sri Lanka
2021-05-22,2909,Sri Lanka
2021-05-23,2959,Sri Lanka
2021-05-24,2971,Sri Lanka
2021-05-25,2728,Sri Lanka
2021-05-26,2377,Sri Lanka
2021-05-27,2584,Sri Lanka
2021-05-28,2850,Sri Lanka
2021-05-29,2882,Sri Lanka
2021-05-30,2859,Sri Lanka
2021-05-31,2912,Sri Lanka
2021-06-01,2877,Sri Lanka
2021-06-02,3306,Sri Lanka
2021-06-03,3297,Sri Lanka
2021-06-04,3410,Sri Lanka
2021-06-05,3103,Sri Lanka
2021-06-06,2976,Sri Lanka
2021-06-07,2646,Sri Lanka
2021-06-08,2682,Sri Lanka
2021-06-09,2735,Sri Lanka
2021-06-10,2738,Sri Lanka
2021-06-11,2789,Sri Lanka
2021-06-12,2354,Sri Lanka
2021-06-13,2361,Sri Lanka
2021-06-14,2284,Sri Lanka
2021-06-15,2334,Sri Lanka
2021-06-16,2436,Sri Lanka
2021-06-17,2372,Sri Lanka
2021-06-18,2349,Sri Lanka
2021-06-19,2248,Sri Lanka
2021-06-20,2028,Sri Lanka
2021-06-21,2131,Sri Lanka
2021-06-22,2093,Sri Lanka
2021-06-23,2196,Sri Lanka
2021-06-24,1941,Sri Lanka
2021-06-25,1876,Sri Lanka
2021-06-26,1825,Sri Lanka
2021-06-27,1867,Sri Lanka
2021-06-28,1890,Sri Lanka
2021-06-29,1717,Sri Lanka
2021-06-30,1864,Sri Lanka
2021-07-01,1883,Sri Lanka
2021-07-02,1823,Sri Lanka
2021-07-03,1262,Sri Lanka
2021-07-04,1573,Sri Lanka
2021-07-05,869,Sri Lanka
2021-07-06,934,Sri Lanka
2021-07-07,1243,Sri Lanka
2021-07-08,1270,Sri Lanka
2021-07-09,1537,Sri Lanka
2021-07-10,1548,Sri Lanka
2021-07-11,1507,Sri Lanka
2021-07-12,1568,Sri Lanka
2021-07-13,1413,Sri Lanka
2021-07-14,1540,Sri Lanka
2021-07-15,1484,Sri Lanka
2021-07-16,1517,Sri Lanka
2021-07-17,1452,Sri Lanka
2021-07-18,1420,Sri Lanka
2021-07-19,1487,Sri Lanka
2021-07-20,1554,Sri Lanka
2021-07-21,1604,Sri Lanka
2021-07-22,1721,Sri Lanka
2021-07-23,1815,Sri Lanka
2021-07-24,1737,Sri Lanka
2021-07-25,1666,Sri Lanka
2021-07-26,1665,Sri Lanka
2021-07-27,1711,Sri Lanka
2021-07-28,1940,Sri Lanka
2021-07-29,2370,Sri Lanka
2021-07-30,2460,Sri Lanka
2021-07-31,2150,Sri Lanka
2021-08-01,2537,Sri Lanka
2021-08-02,2420,Sri Lanka
2021-08-03,2425,Sri Lanka
2021-08-04,2561,Sri Lanka
2021-08-05,2674,Sri Lanka
2021-08-06,2794,Sri Lanka
2021-08-07,2815,Sri Lanka
2021-08-08,2956,Sri Lanka
2021-08-09,2953,Sri Lanka
2021-08-10,6145,Sri Lanka
2021-08-11,2987,Sri Lanka
2021-08-12,3039,Sri Lanka
2021-08-13,3152,Sri Lanka
2021-08-14,3263,Sri Lanka
2021-08-15,3435,Sri Lanka
2021-08-16,7106,Sri Lanka
2021-08-17,3609,Sri Lanka
2021-08-18,3676,Sri Lanka
2021-08-19,3806,Sri Lanka
2021-08-20,8647,Sri Lanka
2021-08-21,3884,Sri Lanka
2021-08-22,4304,Sri Lanka
2021-08-23,4355,Sri Lanka
2021-08-24,4446,Sri Lanka
2021-08-25,8967,Sri Lanka
2021-08-26,4602,Sri Lanka
2021-08-27,4591,Sri Lanka
2021-08-28,4596,Sri Lanka
2021-08-29,9962,Sri Lanka
2021-08-30,4562,Sri Lanka
2021-08-31,4221,Sri Lanka
2021-09-01,3828,Sri Lanka
2021-09-02,3627,Sri Lanka
2021-09-03,3644,Sri Lanka
2021-09-04,8058,Sri Lanka
2021-09-05,3308,Sri Lanka
2021-09-06,3182,Sri Lanka
2021-09-07,5914,Sri Lanka
2021-09-08,2917,Sri Lanka
2021-09-09,2856,Sri Lanka
2021-09-10,2842,Sri Lanka
2021-09-11,2802,Sri Lanka
2021-09-12,2642,Sri Lanka
2021-09-13,2560,Sri Lanka
2021-09-14,2475,Sri Lanka
2021-09-15,5466,Sri Lanka
2021-09-16,2271,Sri Lanka
2021-09-17,2078,Sri Lanka
2021-09-18,1986,Sri Lanka
2021-09-19,1733,Sri Lanka
2021-09-20,1518,Sri Lanka
2021-09-21,1321,Sri Lanka
2021-09-22,1342,Sri Lanka
2021-09-23,1368,Sri Lanka
2021-09-24,1332,Sri Lanka
2021-09-25,1159,Sri Lanka
2021-09-26,1078,Sri Lanka
2021-09-27,983,Sri Lanka
2021-09-28,932,Sri Lanka
2021-09-29,941,Sri Lanka
2021-09-30,912,Sri Lanka
2021-10-01,1398,Sri Lanka
2021-10-02,855,Sri Lanka
2021-10-03,802,Sri Lanka
2021-10-04,786,Sri Lanka
2021-10-05,784,Sri Lanka
2021-10-06,776,Sri Lanka
2021-10-07,772,Sri Lanka
2021-10-08,1387,Sri Lanka
2021-10-09,726,Sri Lanka
2021-10-10,720,Sri Lanka
2021-10-11,681,Sri Lanka
2021-10-12,671,Sri Lanka
2021-10-13,1346,Sri Lanka
2021-10-14,674,Sri Lanka
2021-10-15,666,Sri Lanka
2021-10-16,649,Sri Lanka
2021-10-17,578,Sri Lanka
2021-10-18,570,Sri Lanka
2021-10-19,548,Sri Lanka
2021-10-20,539,Sri Lanka
2021-10-21,555,Sri Lanka
2021-10-22,1115,Sri Lanka
2021-10-23,554,Sri Lanka
2021-10-24,555,Sri Lanka
2021-10-25,561,Sri Lanka
2021-10-26,556,Sri Lanka
2021-10-27,1119,Sri Lanka
2021-10-28,540,Sri Lanka
2021-10-29,556,Sri Lanka
2021-10-30,565,Sri Lanka
2021-10-31,1092,Sri Lanka
2021-11-01,566,Sri Lanka
2021-11-02,573,Sri Lanka
2021-11-03,581,Sri Lanka
2021-11-04,592,Sri Lanka
2021-11-05,628,Sri Lanka
2021-11-06,617,Sri Lanka
2021-11-07,626,Sri Lanka
2021-11-08,679,Sri Lanka
2021-11-09,718,Sri Lanka
2021-11-10,693,Sri Lanka
2021-11-11,715,Sri Lanka
2021-11-12,723,Sri Lanka
2021-11-13,716,Sri Lanka
2021-11-14,2042,Sri Lanka
2021-11-15,732,Sri Lanka
2021-11-16,720,Sri Lanka
2021-11-17,728,Sri Lanka
2021-11-18,737,Sri Lanka
2021-11-19,745,Sri Lanka
2021-11-20,725,Sri Lanka
2021-11-21,697,Sri Lanka
2021-11-22,735,Sri Lanka
2021-11-23,1499,Sri Lanka
2021-11-24,745,Sri Lanka
2021-11-25,740,Sri Lanka
2021-11-26,714,Sri Lanka
2021-11-27,719,Sri Lanka
2021-11-28,742,Sri Lanka
2021-11-29,747,Sri Lanka
2021-11-30,722,Sri Lanka
2021-12-01,744,Sri Lanka
2021-12-02,738,Sri Lanka
2021-12-03,725,Sri Lanka
2021-12-04,740,Sri Lanka
2021-12-05,746,Sri Lanka
2021-12-06,741,Sri Lanka
2021-12-07,748,Sri Lanka
2021-12-08,757,Sri Lanka
2021-12-09,744,Sri Lanka
2021-12-10,754,Sri Lanka
2021-12-11,762,Sri Lanka
2021-12-12,714,Sri Lanka
2021-12-13,747,Sri Lanka
2021-12-14,2545,Sri Lanka
2021-12-15,772,Sri Lanka
2021-12-16,758,Sri Lanka
2021-12-17,715,Sri Lanka
2021-12-18,695,Sri Lanka
2021-12-19,551,Sri Lanka
2021-12-20,524,Sri Lanka
2021-12-21,783,Sri Lanka
2021-12-22,603,Sri Lanka
2021-12-23,554,Sri Lanka
2021-12-24,573,Sri Lanka
2021-12-25,529,Sri Lanka
2021-12-26,398,Sri Lanka
2021-12-27,458,Sri Lanka
2021-12-28,479,Sri Lanka
2021-12-29,1597,Sri Lanka
2021-12-30,563,Sri Lanka
2021-12-31,499,Sri Lanka
2022-01-01,351,Sri Lanka
2022-01-02,339,Sri Lanka
2022-01-03,365,Sri Lanka
2022-01-04,629,Sri Lanka
2022-01-05,550,Sri Lanka
2022-01-06,584,Sri Lanka
2022-01-07,588,Sri Lanka
2022-01-08,580,Sri Lanka
2022-01-09,436,Sri Lanka
2022-01-10,461,Sri Lanka
2022-01-11,944,Sri Lanka
2022-01-12,653,Sri Lanka
2022-01-13,594,Sri Lanka
2022-01-14,677,Sri Lanka
2022-01-15,661,Sri Lanka
2022-01-16,690,Sri Lanka
2022-01-17,688,Sri Lanka
2022-01-18,672,Sri Lanka
2022-01-19,829,Sri Lanka
2022-01-20,827,Sri Lanka
2022-01-21,840,Sri Lanka
2022-01-22,845,Sri Lanka
2022-01-23,838,Sri Lanka
2022-01-24,877,Sri Lanka
2022-01-25,891,Sri Lanka
2022-01-26,927,Sri Lanka
2022-01-27,2523,Sri Lanka
2022-01-28,961,Sri Lanka
2022-01-29,982,Sri Lanka
2022-01-30,1056,Sri Lanka
2022-01-31,1082,Sri Lanka
2022-02-01,1137,Sri Lanka
2022-02-02,1156,Sri Lanka
2022-02-03,1181,Sri Lanka
2022-02-04,1243,Sri Lanka
2022-02-05,1287,Sri Lanka
2022-02-06,1331,Sri Lanka
2022-02-07,2212,Sri Lanka
2022-02-08,1253,Sri Lanka
2022-02-09,1263,Sri Lanka
2022-02-10,1297,Sri Lanka
2022-02-11,1259,Sri Lanka
2022-02-12,1162,Sri Lanka
2022-02-13,1150,Sri Lanka
2022-02-14,1231,Sri Lanka
2022-02-15,1252,Sri Lanka
2022-02-16,1217,Sri Lanka
2022-02-17,1235,Sri Lanka
2022-02-18,1282,Sri Lanka
2022-02-19,1273,Sri Lanka
2022-02-20,1231,Sri Lanka
2022-02-21,1206,Sri Lanka
2022-02-22,1254,Sri Lanka
2022-02-23,1281,Sri Lanka
2022-02-24,1208,Sri Lanka
2022-02-25,1286,Sri Lanka
2022-02-26,988,Sri Lanka
2022-02-27,977,Sri Lanka
2022-02-28,997,Sri Lanka
2022-03-01,914,Sri Lanka
2022-03-02,751,Sri Lanka
2022-03-03,711,Sri Lanka
2022-03-04,583,Sri Lanka
2022-03-05,639,Sri Lanka
2022-03-06,508,Sri Lanka
2022-03-07,662,Sri Lanka
2022-03-08,2859,Sri Lanka
2022-03-09,675,Sri Lanka
2022-03-10,580,Sri Lanka
2022-03-11,467,Sri Lanka
2022-03-12,347,Sri Lanka
2022-03-13,311,Sri Lanka
2022-03-14,345,Sri Lanka
2022-03-15,428,Sri Lanka
2022-03-16,320,Sri Lanka
2022-03-17,301,Sri Lanka
2022-03-18,288,Sri Lanka
2022-03-19,238,Sri Lanka
2022-03-20,236,Sri Lanka
2022-03-21,296,Sri Lanka
2022-03-22,1096,Sri Lanka
2022-03-23,562,Sri Lanka
2022-03-24,248,Sri Lanka
2022-03-25,234,Sri Lanka
2022-03-26,164,Sri Lanka
2022-03-27,93,Sri Lanka
2022-03-28,163,Sri Lanka
2022-03-29,232,Sri Lanka
2022-03-30,168,Sri Lanka
2022-03-31,178,Sri Lanka
2022-04-01,150,Sri Lanka
2022-04-02,104,Sri Lanka
2022-04-03,106,Sri Lanka
2022-04-04,112,Sri Lanka
2022-04-05,113,Sri Lanka
2022-04-06,126,Sri Lanka
2022-04-07,83,Sri Lanka
2022-04-08,80,Sri Lanka
2022-04-09,54,Sri Lanka
2022-04-10,33,Sri Lanka
2022-04-11,65,Sri Lanka
2022-04-12,60,Sri Lanka
2022-04-13,31,Sri Lanka
2022-04-14,27,Sri Lanka
2022-04-15,19,Sri Lanka
2022-04-16,33,Sri Lanka
2022-04-17,37,Sri Lanka
2022-04-18,48,Sri Lanka
2022-04-19,33,Sri Lanka
2022-04-20,61,Sri Lanka
2022-04-21,35,Sri Lanka
2022-04-22,50,Sri Lanka
2022-04-23,40,Sri Lanka
2022-04-24,29,Sri Lanka
2022-04-25,35,Sri Lanka
2022-04-26,44,Sri Lanka
2022-04-27,33,Sri Lanka
2022-04-28,29,Sri Lanka
2022-04-29,28,Sri Lanka
2022-04-30,33,Sri Lanka
2022-05-01,11,Sri Lanka
2022-05-02,35,Sri Lanka
2022-05-03,18,Sri Lanka
2022-05-04,43,Sri Lanka
2022-05-05,34,Sri Lanka
2022-05-06,17,Sri Lanka
2022-05-07,13,Sri Lanka
2022-05-08,28,Sri Lanka
2022-05-09,19,Sri Lanka
2022-05-10,17,Sri Lanka
2022-05-11,17,Sri Lanka
2022-05-12,18,Sri Lanka
2022-05-13,23,Sri Lanka
2022-05-14,8,Sri Lanka
2022-05-15,8,Sri Lanka
2022-05-16,7,Sri Lanka
2022-05-17,11,Sri Lanka
2022-05-18,31,Sri Lanka
2022-05-19,15,Sri Lanka
2022-05-20,6,Sri Lanka
2022-05-21,8,Sri Lanka
2022-05-22,9,Sri Lanka
2022-05-23,7,Sri Lanka
2022-05-24,14,Sri Lanka
2022-05-25,7,Sri Lanka
2022-05-26,14,Sri Lanka
2022-05-27,4,Sri Lanka
2022-05-28,8,Sri Lanka
2022-05-29,4,Sri Lanka
2022-05-30,7,Sri Lanka
2022-05-31,11,Sri Lanka
2022-06-01,4,Sri Lanka
2022-06-02,7,Sri Lanka
2022-06-03,8,Sri Lanka
2022-06-04,9,Sri Lanka
2022-06-05,7,Sri Lanka
2022-06-06,15,Sri Lanka
2022-06-07,11,Sri Lanka
2022-06-08,6,Sri Lanka
2022-06-09,16,Sri Lanka
2022-06-10,5,Sri Lanka
2022-06-11,15,Sri Lanka
2022-06-12,13,Sri Lanka
2022-06-13,10,Sri Lanka
2022-06-14,5,Sri Lanka
2022-06-15,7,Sri Lanka
2022-06-16,3,Sri Lanka
2022-06-17,9,Sri Lanka
2022-06-18,5,Sri Lanka
2022-06-19,8,Sri Lanka
2022-06-20,13,Sri Lanka
2022-06-21,8,Sri Lanka
2022-06-22,18,Sri Lanka
2022-06-23,11,Sri Lanka
2022-06-24,5,Sri Lanka
2022-06-25,13,Sri Lanka
2022-06-26,15,Sri Lanka
2022-06-27,10,Sri Lanka
2022-06-28,8,Sri Lanka
2022-06-29,12,Sri Lanka
2022-06-30,13,Sri Lanka
2022-07-01,15,Sri Lanka
2022-07-02,12,Sri Lanka
2022-07-03,17,Sri Lanka
2022-07-04,14,Sri Lanka
2022-07-05,13,Sri Lanka
2022-07-06,3,Sri Lanka
2022-07-07,20,Sri Lanka
2022-07-08,18,Sri Lanka
2022-07-09,21,Sri Lanka
2022-07-10,17,Sri Lanka
2022-07-11,19,Sri Lanka
2022-07-12,23,Sri Lanka
2022-07-13,30,Sri Lanka
2022-07-14,19,Sri Lanka
2022-07-15,25,Sri Lanka
2022-07-16,25,Sri Lanka
2022-07-17,34,Sri Lanka
2022-07-18,62,Sri Lanka
2022-07-19,62,Sri Lanka
2022-07-20,75,Sri Lanka
2022-07-21,57,Sri Lanka
2022-07-22,68,Sri Lanka
2022-07-23,72,Sri Lanka
2022-07-24,56,Sri Lanka
2022-07-25,75,Sri Lanka
2022-07-26,119,Sri Lanka
2022-07-27,154,Sri Lanka
2022-07-28,131,Sri Lanka
2022-07-29,164,Sri Lanka
2022-07-30,83,Sri Lanka
2022-07-31,113,Sri Lanka
2022-08-01,135,Sri Lanka
2022-08-02,90,Sri Lanka
2022-08-03,122,Sri Lanka
2022-08-04,146,Sri Lanka
2022-08-05,181,Sri Lanka
2022-08-06,167,Sri Lanka
2022-08-07,184,Sri Lanka
2022-08-08,180,Sri Lanka
2022-08-09,214,Sri Lanka
2022-08-10,227,Sri Lanka
2022-08-11,188,Sri Lanka
2022-08-12,162,Sri Lanka
2022-08-13,181,Sri Lanka
2022-08-14,96,Sri Lanka
2022-08-15,129,Sri Lanka
2022-08-16,195,Sri Lanka
2022-08-17,161,Sri Lanka
2022-08-18,166,Sri Lanka
2022-08-19,164,Sri Lanka
2022-08-20,140,Sri Lanka
2022-08-21,66,Sri Lanka
2022-08-22,103,Sri Lanka
2022-08-23,226,Sri Lanka
2022-08-24,105,Sri Lanka
2022-08-25,114,Sri Lanka
2022-08-26,58,Sri Lanka
2022-08-27,54,Sri Lanka
2022-08-28,56,Sri Lanka
2022-08-29,70,Sri Lanka
2022-08-30,74,Sri Lanka
2022-08-31,64,Sri Lanka
2022-09-01,61,Sri Lanka
2022-09-02,59,Sri Lanka
2022-09-03,50,Sri Lanka
2022-09-04,49,Sri Lanka
2022-09-05,42,Sri Lanka
2022-09-06,33,Sri Lanka
2022-09-07,46,Sri Lanka
2022-09-08,44,Sri Lanka
2022-09-09,35,Sri Lanka
2022-09-10,32,Sri Lanka
2022-09-11,36,Sri Lanka
2022-09-12,27,Sri Lanka
2022-09-13,30,Sri Lanka
2022-09-14,18,Sri Lanka
2022-09-15,22,Sri Lanka
2022-09-16,29,Sri Lanka
2022-09-17,13,Sri Lanka
2022-09-18,13,Sri Lanka
2022-09-19,21,Sri Lanka
2022-09-20,24,Sri Lanka
2022-09-21,14,Sri Lanka
2022-09-22,13,Sri Lanka
2022-09-23,17,Sri Lanka
2022-09-24,9,Sri Lanka
2022-09-25,15,Sri Lanka
2022-09-26,9,Sri Lanka
2022-09-27,14,Sri Lanka
2022-09-28,17,Sri Lanka
2022-09-29,14,Sri Lanka
2022-09-30,10,Sri Lanka
2022-10-01,7,Sri Lanka
2022-10-02,10,Sri Lanka
2022-10-03,15,Sri Lanka
2022-10-04,8,Sri Lanka
2022-10-05,7,Sri Lanka
2022-10-06,18,Sri Lanka
2022-10-07,6,Sri Lanka
2022-10-08,13,Sri Lanka
2022-10-09,12,Sri Lanka
2022-10-10,4,Sri Lanka
2022-10-11,11,Sri Lanka
2022-10-12,12,Sri Lanka
2022-10-13,3,Sri Lanka
2022-10-14,4,Sri Lanka
2022-10-15,15,Sri Lanka
2022-10-16,3,Sri Lanka
2022-10-17,8,Sri Lanka
2022-10-18,13,Sri Lanka
2022-10-19,10,Sri Lanka
2022-10-20,14,Sri Lanka
2020-03-02,12,Switzerland
2020-03-03,30,Switzerland
2020-03-04,33,Switzerland
2020-03-05,61,Switzerland
2020-03-06,62,Switzerland
2020-03-07,73,Switzerland
2020-03-08,49,Switzerland
2020-03-09,69,Switzerland
2020-03-10,191,Switzerland
2020-03-11,210,Switzerland
2020-03-12,333,Switzerland
2020-03-13,357,Switzerland
2020-03-14,431,Switzerland
2020-03-15,417,Switzerland
2020-03-16,326,Switzerland
2020-03-17,1060,Switzerland
2020-03-18,1082,Switzerland
2020-03-19,1206,Switzerland
2020-03-20,834,Switzerland
2020-03-21,1139,Switzerland
2020-03-22,690,Switzerland
2020-03-23,547,Switzerland
2020-03-24,1462,Switzerland
2020-03-25,1242,Switzerland
2020-03-26,1068,Switzerland
2020-03-27,1114,Switzerland
2020-03-28,1305,Switzerland
2020-03-29,722,Switzerland
2020-03-30,432,Switzerland
2020-03-31,1307,Switzerland
2020-04-01,1132,Switzerland
2020-04-02,1013,Switzerland
2020-04-03,877,Switzerland
2020-04-04,928,Switzerland
2020-04-05,486,Switzerland
2020-04-06,281,Switzerland
2020-04-07,928,Switzerland
2020-04-08,713,Switzerland
2020-04-09,612,Switzerland
2020-04-10,560,Switzerland
2020-04-11,310,Switzerland
2020-04-12,258,Switzerland
2020-04-13,219,Switzerland
2020-04-14,245,Switzerland
2020-04-15,424,Switzerland
2020-04-16,327,Switzerland
2020-04-17,321,Switzerland
2020-04-18,289,Switzerland
2020-04-19,145,Switzerland
2020-04-20,86,Switzerland
2020-04-21,277,Switzerland
2020-04-22,213,Switzerland
2020-04-23,155,Switzerland
2020-04-24,207,Switzerland
2020-04-25,167,Switzerland
2020-04-26,87,Switzerland
2020-04-27,61,Switzerland
2020-04-28,173,Switzerland
2020-04-29,154,Switzerland
2020-04-30,120,Switzerland
2020-05-01,101,Switzerland
2020-05-02,83,Switzerland
2020-05-03,47,Switzerland
2020-05-04,22,Switzerland
2020-05-05,89,Switzerland
2020-05-06,73,Switzerland
2020-05-07,79,Switzerland
2020-05-08,46,Switzerland
2020-05-09,59,Switzerland
2020-05-10,39,Switzerland
2020-05-11,15,Switzerland
2020-05-12,47,Switzerland
2020-05-13,42,Switzerland
2020-05-14,37,Switzerland
2020-05-15,37,Switzerland
2020-05-16,41,Switzerland
2020-05-17,15,Switzerland
2020-05-18,12,Switzerland
2020-05-19,34,Switzerland
2020-05-20,36,Switzerland
2020-05-21,29,Switzerland
2020-05-22,11,Switzerland
2020-05-23,20,Switzerland
2020-05-24,13,Switzerland
2020-05-25,10,Switzerland
2020-05-26,15,Switzerland
2020-05-27,18,Switzerland
2020-05-28,25,Switzerland
2020-05-29,30,Switzerland
2020-05-30,21,Switzerland
2020-05-31,10,Switzerland
2020-06-01,7,Switzerland
2020-06-02,3,Switzerland
2020-06-03,22,Switzerland
2020-06-04,23,Switzerland
2020-06-05,17,Switzerland
2020-06-06,15,Switzerland
2020-06-07,10,Switzerland
2020-06-08,8,Switzerland
2020-06-09,25,Switzerland
2020-06-10,11,Switzerland
2020-06-11,24,Switzerland
2020-06-12,25,Switzerland
2020-06-13,34,Switzerland
2020-06-14,9,Switzerland
2020-06-15,12,Switzerland
2020-06-16,32,Switzerland
2020-06-17,21,Switzerland
2020-06-18,18,Switzerland
2020-06-19,18,Switzerland
2020-06-20,37,Switzerland
2020-06-21,32,Switzerland
2020-06-22,13,Switzerland
2020-06-23,56,Switzerland
2020-06-24,37,Switzerland
2020-06-25,64,Switzerland
2020-06-26,49,Switzerland
2020-06-27,93,Switzerland
2020-06-28,36,Switzerland
2020-06-29,24,Switzerland
2020-06-30,161,Switzerland
2020-07-01,139,Switzerland
2020-07-02,97,Switzerland
2020-07-03,127,Switzerland
2020-07-04,96,Switzerland
2020-07-05,26,Switzerland
2020-07-06,36,Switzerland
2020-07-07,106,Switzerland
2020-07-08,107,Switzerland
2020-07-09,97,Switzerland
2020-07-10,97,Switzerland
2020-07-11,111,Switzerland
2020-07-12,71,Switzerland
2020-07-13,47,Switzerland
2020-07-14,120,Switzerland
2020-07-15,129,Switzerland
2020-07-16,123,Switzerland
2020-07-17,106,Switzerland
2020-07-18,115,Switzerland
2020-07-19,80,Switzerland
2020-07-20,42,Switzerland
2020-07-21,127,Switzerland
2020-07-22,138,Switzerland
2020-07-23,117,Switzerland
2020-07-24,143,Switzerland
2020-07-25,147,Switzerland
2020-07-26,95,Switzerland
2020-07-27,57,Switzerland
2020-07-28,193,Switzerland
2020-07-29,189,Switzerland
2020-07-30,220,Switzerland
2020-07-31,212,Switzerland
2020-08-01,164,Switzerland
2020-08-02,97,Switzerland
2020-08-03,80,Switzerland
2020-08-04,196,Switzerland
2020-08-05,181,Switzerland
2020-08-06,152,Switzerland
2020-08-07,156,Switzerland
2020-08-08,185,Switzerland
2020-08-09,130,Switzerland
2020-08-10,100,Switzerland
2020-08-11,281,Switzerland
2020-08-12,255,Switzerland
2020-08-13,246,Switzerland
2020-08-14,274,Switzerland
2020-08-15,232,Switzerland
2020-08-16,149,Switzerland
2020-08-17,137,Switzerland
2020-08-18,285,Switzerland
2020-08-19,294,Switzerland
2020-08-20,285,Switzerland
2020-08-21,349,Switzerland
2020-08-22,314,Switzerland
2020-08-23,192,Switzerland
2020-08-24,136,Switzerland
2020-08-25,304,Switzerland
2020-08-26,338,Switzerland
2020-08-27,362,Switzerland
2020-08-28,352,Switzerland
2020-08-29,377,Switzerland
2020-08-30,215,Switzerland
2020-08-31,144,Switzerland
2020-09-01,347,Switzerland
2020-09-02,364,Switzerland
2020-09-03,417,Switzerland
2020-09-04,438,Switzerland
2020-09-05,427,Switzerland
2020-09-06,295,Switzerland
2020-09-07,170,Switzerland
2020-09-08,467,Switzerland
2020-09-09,387,Switzerland
2020-09-10,462,Switzerland
2020-09-11,507,Switzerland
2020-09-12,533,Switzerland
2020-09-13,266,Switzerland
2020-09-14,238,Switzerland
2020-09-15,504,Switzerland
2020-09-16,457,Switzerland
2020-09-17,516,Switzerland
2020-09-18,499,Switzerland
2020-09-19,445,Switzerland
2020-09-20,284,Switzerland
2020-09-21,200,Switzerland
2020-09-22,395,Switzerland
2020-09-23,426,Switzerland
2020-09-24,389,Switzerland
2020-09-25,310,Switzerland
2020-09-26,359,Switzerland
2020-09-27,222,Switzerland
2020-09-28,120,Switzerland
2020-09-29,369,Switzerland
2020-09-30,449,Switzerland
2020-10-01,540,Switzerland
2020-10-02,602,Switzerland
2020-10-03,677,Switzerland
2020-10-04,512,Switzerland
2020-10-05,312,Switzerland
2020-10-06,1019,Switzerland
2020-10-07,1098,Switzerland
2020-10-08,1377,Switzerland
2020-10-09,1473,Switzerland
2020-10-10,1723,Switzerland
2020-10-11,1252,Switzerland
2020-10-12,811,Switzerland
2020-10-13,2558,Switzerland
2020-10-14,2688,Switzerland
2020-10-15,2998,Switzerland
2020-10-16,3394,Switzerland
2020-10-17,3680,Switzerland
2020-10-18,2379,Switzerland
2020-10-19,1784,Switzerland
2020-10-20,5398,Switzerland
2020-10-21,5678,Switzerland
2020-10-22,6456,Switzerland
2020-10-23,6772,Switzerland
2020-10-24,7502,Switzerland
2020-10-25,4662,Switzerland
2020-10-26,3210,Switzerland
2020-10-27,10127,Switzerland
2020-10-28,9744,Switzerland
2020-10-29,9279,Switzerland
2020-10-30,8974,Switzerland
2020-10-31,8943,Switzerland
2020-11-01,5128,Switzerland
2020-11-02,3626,Switzerland
2020-11-03,10517,Switzerland
2020-11-04,9597,Switzerland
2020-11-05,8712,Switzerland
2020-11-06,7827,Switzerland
2020-11-07,7376,Switzerland
2020-11-08,4187,Switzerland
2020-11-09,2979,Switzerland
2020-11-10,8679,Switzerland
2020-11-11,7389,Switzerland
2020-11-12,6359,Switzerland
2020-11-13,5963,Switzerland
2020-11-14,5681,Switzerland
2020-11-15,3204,Switzerland
2020-11-16,2315,Switzerland
2020-11-17,6578,Switzerland
2020-11-18,5416,Switzerland
2020-11-19,4855,Switzerland
2020-11-20,4490,Switzerland
2020-11-21,4328,Switzerland
2020-11-22,2573,Switzerland
2020-11-23,1872,Switzerland
2020-11-24,5434,Switzerland
2020-11-25,4433,Switzerland
2020-11-26,4293,Switzerland
2020-11-27,3949,Switzerland
2020-11-28,4067,Switzerland
2020-11-29,2310,Switzerland
2020-11-30,1691,Switzerland
2020-12-01,5267,Switzerland
2020-12-02,4252,Switzerland
2020-12-03,4423,Switzerland
2020-12-04,4319,Switzerland
2020-12-05,4559,Switzerland
2020-12-06,2518,Switzerland
2020-12-07,1939,Switzerland
2020-12-08,5827,Switzerland
2020-12-09,4669,Switzerland
2020-12-10,5240,Switzerland
2020-12-11,4637,Switzerland
2020-12-12,4678,Switzerland
2020-12-13,2863,Switzerland
2020-12-14,2086,Switzerland
2020-12-15,5915,Switzerland
2020-12-16,5166,Switzerland
2020-12-17,4818,Switzerland
2020-12-18,4386,Switzerland
2020-12-19,4342,Switzerland
2020-12-20,2677,Switzerland
2020-12-21,1955,Switzerland
2020-12-22,5623,Switzerland
2020-12-23,4606,Switzerland
2020-12-24,4475,Switzerland
2020-12-25,3048,Switzerland
2020-12-26,1721,Switzerland
2020-12-27,2357,Switzerland
2020-12-28,2116,Switzerland
2020-12-29,5035,Switzerland
2020-12-30,4463,Switzerland
2020-12-31,4209,Switzerland
2021-01-01,3055,Switzerland
2021-01-02,1684,Switzerland
2021-01-03,2727,Switzerland
2021-01-04,2225,Switzerland
2021-01-05,5287,Switzerland
2021-01-06,4178,Switzerland
2021-01-07,3354,Switzerland
2021-01-08,3177,Switzerland
2021-01-09,3055,Switzerland
2021-01-10,1686,Switzerland
2021-01-11,1296,Switzerland
2021-01-12,3467,Switzerland
2021-01-13,2611,Switzerland
2021-01-14,2491,Switzerland
2021-01-15,2239,Switzerland
2021-01-16,2158,Switzerland
2021-01-17,1337,Switzerland
2021-01-18,894,Switzerland
2021-01-19,2943,Switzerland
2021-01-20,2334,Switzerland
2021-01-21,2278,Switzerland
2021-01-22,2057,Switzerland
2021-01-23,2041,Switzerland
2021-01-24,1101,Switzerland
2021-01-25,731,Switzerland
2021-01-26,2492,Switzerland
2021-01-27,1838,Switzerland
2021-01-28,1875,Switzerland
2021-01-29,1781,Switzerland
2021-01-30,1767,Switzerland
2021-01-31,1020,Switzerland
2021-02-01,743,Switzerland
2021-02-02,2165,Switzerland
2021-02-03,1652,Switzerland
2021-02-04,1733,Switzerland
2021-02-05,1441,Switzerland
2021-02-06,1506,Switzerland
2021-02-07,887,Switzerland
2021-02-08,673,Switzerland
2021-02-09,1751,Switzerland
2021-02-10,1350,Switzerland
2021-02-11,1259,Switzerland
2021-02-12,1170,Switzerland
2021-02-13,1130,Switzerland
2021-02-14,719,Switzerland
2021-02-15,485,Switzerland
2021-02-16,1305,Switzerland
2021-02-17,1137,Switzerland
2021-02-18,1215,Switzerland
2021-02-19,1009,Switzerland
2021-02-20,1094,Switzerland
2021-02-21,691,Switzerland
2021-02-22,528,Switzerland
2021-02-23,1407,Switzerland
2021-02-24,1257,Switzerland
2021-02-25,1077,Switzerland
2021-02-26,1119,Switzerland
2021-02-27,1080,Switzerland
2021-02-28,723,Switzerland
2021-03-01,547,Switzerland
2021-03-02,1419,Switzerland
2021-03-03,1230,Switzerland
2021-03-04,1240,Switzerland
2021-03-05,1065,Switzerland
2021-03-06,1279,Switzerland
2021-03-07,766,Switzerland
2021-03-08,582,Switzerland
2021-03-09,1702,Switzerland
2021-03-10,1388,Switzerland
2021-03-11,1385,Switzerland
2021-03-12,1340,Switzerland
2021-03-13,1342,Switzerland
2021-03-14,923,Switzerland
2021-03-15,703,Switzerland
2021-03-16,1923,Switzerland
2021-03-17,1654,Switzerland
2021-03-18,1825,Switzerland
2021-03-19,1647,Switzerland
2021-03-20,1545,Switzerland
2021-03-21,1112,Switzerland
2021-03-22,788,Switzerland
2021-03-23,2263,Switzerland
2021-03-24,1994,Switzerland
2021-03-25,1931,Switzerland
2021-03-26,2142,Switzerland
2021-03-27,1999,Switzerland
2021-03-28,1207,Switzerland
2021-03-29,994,Switzerland
2021-03-30,2532,Switzerland
2021-03-31,2093,Switzerland
2021-04-01,2132,Switzerland
2021-04-02,1985,Switzerland
2021-04-03,1205,Switzerland
2021-04-04,1317,Switzerland
2021-04-05,1022,Switzerland
2021-04-06,1290,Switzerland
2021-04-07,2690,Switzerland
2021-04-08,2387,Switzerland
2021-04-09,2490,Switzerland
2021-04-10,2416,Switzerland
2021-04-11,1682,Switzerland
2021-04-12,1181,Switzerland
2021-04-13,2742,Switzerland
2021-04-14,2375,Switzerland
2021-04-15,2214,Switzerland
2021-04-16,2147,Switzerland
2021-04-17,2121,Switzerland
2021-04-18,1430,Switzerland
2021-04-19,1048,Switzerland
2021-04-20,2744,Switzerland
2021-04-21,2391,Switzerland
2021-04-22,2309,Switzerland
2021-04-23,2265,Switzerland
2021-04-24,2165,Switzerland
2021-04-25,1455,Switzerland
2021-04-26,1188,Switzerland
2021-04-27,2441,Switzerland
2021-04-28,2038,Switzerland
2021-04-29,2009,Switzerland
2021-04-30,1711,Switzerland
2021-05-01,1677,Switzerland
2021-05-02,1159,Switzerland
2021-05-03,832,Switzerland
2021-05-04,2017,Switzerland
2021-05-05,1735,Switzerland
2021-05-06,1648,Switzerland
2021-05-07,1484,Switzerland
2021-05-08,1573,Switzerland
2021-05-09,1061,Switzerland
2021-05-10,779,Switzerland
2021-05-11,1719,Switzerland
2021-05-12,1383,Switzerland
2021-05-13,1441,Switzerland
2021-05-14,672,Switzerland
2021-05-15,1169,Switzerland
2021-05-16,802,Switzerland
2021-05-17,653,Switzerland
2021-05-18,1671,Switzerland
2021-05-19,1344,Switzerland
2021-05-20,1212,Switzerland
2021-05-21,1040,Switzerland
2021-05-22,984,Switzerland
2021-05-23,623,Switzerland
2021-05-24,470,Switzerland
2021-05-25,581,Switzerland
2021-05-26,1148,Switzerland
2021-05-27,923,Switzerland
2021-05-28,849,Switzerland
2021-05-29,751,Switzerland
2021-05-30,500,Switzerland
2021-05-31,357,Switzerland
2021-06-01,854,Switzerland
2021-06-02,652,Switzerland
2021-06-03,551,Switzerland
2021-06-04,468,Switzerland
2021-06-05,491,Switzerland
2021-06-06,313,Switzerland
2021-06-07,187,Switzerland
2021-06-08,584,Switzerland
2021-06-09,417,Switzerland
2021-06-10,375,Switzerland
2021-06-11,304,Switzerland
2021-06-12,318,Switzerland
2021-06-13,194,Switzerland
2021-06-14,121,Switzerland
2021-06-15,328,Switzerland
2021-06-16,233,Switzerland
2021-06-17,191,Switzerland
2021-06-18,156,Switzerland
2021-06-19,149,Switzerland
2021-06-20,103,Switzerland
2021-06-21,78,Switzerland
2021-06-22,165,Switzerland
2021-06-23,122,Switzerland
2021-06-24,127,Switzerland
2021-06-25,113,Switzerland
2021-06-26,98,Switzerland
2021-06-27,60,Switzerland
2021-06-28,59,Switzerland
2021-06-29,150,Switzerland
2021-06-30,115,Switzerland
2021-07-01,159,Switzerland
2021-07-02,169,Switzerland
2021-07-03,165,Switzerland
2021-07-04,129,Switzerland
2021-07-05,139,Switzerland
2021-07-06,310,Switzerland
2021-07-07,289,Switzerland
2021-07-08,320,Switzerland
2021-07-09,316,Switzerland
2021-07-10,327,Switzerland
2021-07-11,255,Switzerland
2021-07-12,230,Switzerland
2021-07-13,571,Switzerland
2021-07-14,520,Switzerland
2021-07-15,590,Switzerland
2021-07-16,623,Switzerland
2021-07-17,645,Switzerland
2021-07-18,454,Switzerland
2021-07-19,395,Switzerland
2021-07-20,857,Switzerland
2021-07-21,737,Switzerland
2021-07-22,874,Switzerland
2021-07-23,724,Switzerland
2021-07-24,743,Switzerland
2021-07-25,538,Switzerland
2021-07-26,480,Switzerland
2021-07-27,951,Switzerland
2021-07-28,740,Switzerland
2021-07-29,785,Switzerland
2021-07-30,782,Switzerland
2021-07-31,803,Switzerland
2021-08-01,656,Switzerland
2021-08-02,535,Switzerland
2021-08-03,1234,Switzerland
2021-08-04,990,Switzerland
2021-08-05,1070,Switzerland
2021-08-06,1120,Switzerland
2021-08-07,1153,Switzerland
2021-08-08,1046,Switzerland
2021-08-09,1009,Switzerland
2021-08-10,2320,Switzerland
2021-08-11,2030,Switzerland
2021-08-12,2085,Switzerland
2021-08-13,2167,Switzerland
2021-08-14,2208,Switzerland
2021-08-15,1679,Switzerland
2021-08-16,1651,Switzerland
2021-08-17,3951,Switzerland
2021-08-18,2838,Switzerland
2021-08-19,2710,Switzerland
2021-08-20,2512,Switzerland
2021-08-21,2560,Switzerland
2021-08-22,1748,Switzerland
2021-08-23,1633,Switzerland
2021-08-24,3851,Switzerland
2021-08-25,2916,Switzerland
2021-08-26,2765,Switzerland
2021-08-27,2694,Switzerland
2021-08-28,2596,Switzerland
2021-08-29,1677,Switzerland
2021-08-30,1385,Switzerland
2021-08-31,3562,Switzerland
2021-09-01,2974,Switzerland
2021-09-02,2942,Switzerland
2021-09-03,3051,Switzerland
2021-09-04,3075,Switzerland
2021-09-05,1760,Switzerland
2021-09-06,1399,Switzerland
2021-09-07,3995,Switzerland
2021-09-08,3044,Switzerland
2021-09-09,3060,Switzerland
2021-09-10,2769,Switzerland
2021-09-11,2622,Switzerland
2021-09-12,1551,Switzerland
2021-09-13,1106,Switzerland
2021-09-14,2764,Switzerland
2021-09-15,2296,Switzerland
2021-09-16,2242,Switzerland
2021-09-17,1998,Switzerland
2021-09-18,1691,Switzerland
2021-09-19,1027,Switzerland
2021-09-20,702,Switzerland
2021-09-21,1880,Switzerland
2021-09-22,1703,Switzerland
2021-09-23,1531,Switzerland
2021-09-24,1378,Switzerland
2021-09-25,1343,Switzerland
2021-09-26,886,Switzerland
2021-09-27,607,Switzerland
2021-09-28,1661,Switzerland
2021-09-29,1208,Switzerland
2021-09-30,1187,Switzerland
2021-10-01,1194,Switzerland
2021-10-02,1138,Switzerland
2021-10-03,786,Switzerland
2021-10-04,473,Switzerland
2021-10-05,1279,Switzerland
2021-10-06,1034,Switzerland
2021-10-07,1009,Switzerland
2021-10-08,1010,Switzerland
2021-10-09,920,Switzerland
2021-10-10,638,Switzerland
2021-10-11,481,Switzerland
2021-10-12,1172,Switzerland
2021-10-13,964,Switzerland
2021-10-14,963,Switzerland
2021-10-15,957,Switzerland
2021-10-16,985,Switzerland
2021-10-17,700,Switzerland
2021-10-18,680,Switzerland
2021-10-19,1571,Switzerland
2021-10-20,1289,Switzerland
2021-10-21,1430,Switzerland
2021-10-22,1373,Switzerland
2021-10-23,1352,Switzerland
2021-10-24,954,Switzerland
2021-10-25,727,Switzerland
2021-10-26,2024,Switzerland
2021-10-27,1699,Switzerland
2021-10-28,1807,Switzerland
2021-10-29,1803,Switzerland
2021-10-30,1864,Switzerland
2021-10-31,1259,Switzerland
2021-11-01,1081,Switzerland
2021-11-02,2343,Switzerland
2021-11-03,2981,Switzerland
2021-11-04,2836,Switzerland
2021-11-05,2842,Switzerland
2021-11-06,2755,Switzerland
2021-11-07,1931,Switzerland
2021-11-08,1537,Switzerland
2021-11-09,4204,Switzerland
2021-11-10,3738,Switzerland
2021-11-11,3969,Switzerland
2021-11-12,3952,Switzerland
2021-11-13,4144,Switzerland
2021-11-14,2709,Switzerland
2021-11-15,2165,Switzerland
2021-11-16,6133,Switzerland
2021-11-17,5626,Switzerland
2021-11-18,6181,Switzerland
2021-11-19,6054,Switzerland
2021-11-20,6194,Switzerland
2021-11-21,4137,Switzerland
2021-11-22,3403,Switzerland
2021-11-23,9164,Switzerland
2021-11-24,8003,Switzerland
2021-11-25,8469,Switzerland
2021-11-26,7987,Switzerland
2021-11-27,7967,Switzerland
2021-11-28,5262,Switzerland
2021-11-29,4242,Switzerland
2021-11-30,11500,Switzerland
2021-12-01,9999,Switzerland
2021-12-02,10415,Switzerland
2021-12-03,10153,Switzerland
2021-12-04,9801,Switzerland
2021-12-05,6257,Switzerland
2021-12-06,4938,Switzerland
2021-12-07,12662,Switzerland
2021-12-08,11035,Switzerland
2021-12-09,9951,Switzerland
2021-12-10,10420,Switzerland
2021-12-11,9756,Switzerland
2021-12-12,6089,Switzerland
2021-12-13,4395,Switzerland
2021-12-14,12429,Switzerland
2021-12-15,10526,Switzerland
2021-12-16,9532,Switzerland
2021-12-17,9143,Switzerland
2021-12-18,8736,Switzerland
2021-12-19,5876,Switzerland
2021-12-20,4333,Switzerland
2021-12-21,11469,Switzerland
2021-12-22,10776,Switzerland
2021-12-23,11008,Switzerland
2021-12-24,11266,Switzerland
2021-12-25,9632,Switzerland
2021-12-26,6456,Switzerland
2021-12-27,7371,Switzerland
2021-12-28,17425,Switzerland
2021-12-29,17668,Switzerland
2021-12-30,18992,Switzerland
2021-12-31,19746,Switzerland
2022-01-01,16133,Switzerland
2022-01-02,9398,Switzerland
2022-01-03,12810,Switzerland
2022-01-04,32270,Switzerland
2022-01-05,33365,Switzerland
2022-01-06,30650,Switzerland
2022-01-07,26129,Switzerland
2022-01-08,27265,Switzerland
2022-01-09,17778,Switzerland
2022-01-10,13385,Switzerland
2022-01-11,34529,Switzerland
2022-01-12,30920,Switzerland
2022-01-13,29611,Switzerland
2022-01-14,28619,Switzerland
2022-01-15,27624,Switzerland
2022-01-16,19289,Switzerland
2022-01-17,14757,Switzerland
2022-01-18,41795,Switzerland
2022-01-19,39311,Switzerland
2022-01-20,39094,Switzerland
2022-01-21,37658,Switzerland
2022-01-22,36637,Switzerland
2022-01-23,24631,Switzerland
2022-01-24,18335,Switzerland
2022-01-25,48332,Switzerland
2022-01-26,44123,Switzerland
2022-01-27,41392,Switzerland
2022-01-28,37709,Switzerland
2022-01-29,35619,Switzerland
2022-01-30,23279,Switzerland
2022-01-31,18019,Switzerland
2022-02-01,43232,Switzerland
2022-02-02,36545,Switzerland
2022-02-03,34058,Switzerland
2022-02-04,28912,Switzerland
2022-02-05,26328,Switzerland
2022-02-06,18178,Switzerland
2022-02-07,14417,Switzerland
2022-02-08,32168,Switzerland
2022-02-09,26972,Switzerland
2022-02-10,25471,Switzerland
2022-02-11,22233,Switzerland
2022-02-12,19687,Switzerland
2022-02-13,13989,Switzerland
2022-02-14,10741,Switzerland
2022-02-15,24663,Switzerland
2022-02-16,20524,Switzerland
2022-02-17,19096,Switzerland
2022-02-18,14267,Switzerland
2022-02-19,13442,Switzerland
2022-02-20,9776,Switzerland
2022-02-21,8046,Switzerland
2022-02-22,19603,Switzerland
2022-02-23,16993,Switzerland
2022-02-24,17581,Switzerland
2022-02-25,15770,Switzerland
2022-02-26,14854,Switzerland
2022-02-27,11077,Switzerland
2022-02-28,9291,Switzerland
2022-03-01,23817,Switzerland
2022-03-02,22433,Switzerland
2022-03-03,24831,Switzerland
2022-03-04,24611,Switzerland
2022-03-05,23601,Switzerland
2022-03-06,17655,Switzerland
2022-03-07,14379,Switzerland
2022-03-08,34891,Switzerland
2022-03-09,30773,Switzerland
2022-03-10,30939,Switzerland
2022-03-11,29390,Switzerland
2022-03-12,27711,Switzerland
2022-03-13,20279,Switzerland
2022-03-14,16084,Switzerland
2022-03-15,40372,Switzerland
2022-03-16,33211,Switzerland
2022-03-17,30643,Switzerland
2022-03-18,26577,Switzerland
2022-03-19,23743,Switzerland
2022-03-20,16116,Switzerland
2022-03-21,12196,Switzerland
2022-03-22,30756,Switzerland
2022-03-23,23023,Switzerland
2022-03-24,19722,Switzerland
2022-03-25,16797,Switzerland
2022-03-26,14560,Switzerland
2022-03-27,9814,Switzerland
2022-03-28,7231,Switzerland
2022-03-29,18684,Switzerland
2022-03-30,13804,Switzerland
2022-03-31,12146,Switzerland
2022-04-01,8326,Switzerland
2022-04-02,6382,Switzerland
2022-04-03,4194,Switzerland
2022-04-04,3050,Switzerland
2022-04-05,8603,Switzerland
2022-04-06,7015,Switzerland
2022-04-07,7210,Switzerland
2022-04-08,6142,Switzerland
2022-04-09,5716,Switzerland
2022-04-10,3666,Switzerland
2022-04-11,2573,Switzerland
2022-04-12,7221,Switzerland
2022-04-13,5598,Switzerland
2022-04-14,5532,Switzerland
2022-04-15,4716,Switzerland
2022-04-16,2771,Switzerland
2022-04-17,3310,Switzerland
2022-04-18,1875,Switzerland
2022-04-19,2495,Switzerland
2022-04-20,5455,Switzerland
2022-04-21,4050,Switzerland
2022-04-22,3626,Switzerland
2022-04-23,3160,Switzerland
2022-04-24,2022,Switzerland
2022-04-25,1532,Switzerland
2022-04-26,3882,Switzerland
2022-04-27,2795,Switzerland
2022-04-28,2733,Switzerland
2022-04-29,2534,Switzerland
2022-04-30,2297,Switzerland
2022-05-01,1504,Switzerland
2022-05-02,1023,Switzerland
2022-05-03,2994,Switzerland
2022-05-04,2148,Switzerland
2022-05-05,2150,Switzerland
2022-05-06,1918,Switzerland
2022-05-07,1909,Switzerland
2022-05-08,1182,Switzerland
2022-05-09,834,Switzerland
2022-05-10,2498,Switzerland
2022-05-11,1967,Switzerland
2022-05-12,1846,Switzerland
2022-05-13,1708,Switzerland
2022-05-14,1545,Switzerland
2022-05-15,937,Switzerland
2022-05-16,696,Switzerland
2022-05-17,1939,Switzerland
2022-05-18,1476,Switzerland
2022-05-19,1426,Switzerland
2022-05-20,1269,Switzerland
2022-05-21,1080,Switzerland
2022-05-22,773,Switzerland
2022-05-23,592,Switzerland
2022-05-24,1459,Switzerland
2022-05-25,1113,Switzerland
2022-05-26,1084,Switzerland
2022-05-27,503,Switzerland
2022-05-28,1163,Switzerland
2022-05-29,706,Switzerland
2022-05-30,660,Switzerland
2022-05-31,1780,Switzerland
2022-06-01,1581,Switzerland
2022-06-02,1598,Switzerland
2022-06-03,1585,Switzerland
2022-06-04,1593,Switzerland
2022-06-05,1146,Switzerland
2022-06-06,914,Switzerland
2022-06-07,1290,Switzerland
2022-06-08,3060,Switzerland
2022-06-09,2648,Switzerland
2022-06-10,2483,Switzerland
2022-06-11,2454,Switzerland
2022-06-12,1696,Switzerland
2022-06-13,1294,Switzerland
2022-06-14,4113,Switzerland
2022-06-15,3654,Switzerland
2022-06-16,3896,Switzerland
2022-06-17,3538,Switzerland
2022-06-18,3934,Switzerland
2022-06-19,2577,Switzerland
2022-06-20,1742,Switzerland
2022-06-21,5960,Switzerland
2022-06-22,5078,Switzerland
2022-06-23,5253,Switzerland
2022-06-24,5023,Switzerland
2022-06-25,4623,Switzerland
2022-06-26,3289,Switzerland
2022-06-27,2337,Switzerland
2022-06-28,8285,Switzerland
2022-06-29,7245,Switzerland
2022-06-30,7236,Switzerland
2022-07-01,7156,Switzerland
2022-07-02,6850,Switzerland
2022-07-03,4502,Switzerland
2022-07-04,2921,Switzerland
2022-07-05,11228,Switzerland
2022-07-06,9609,Switzerland
2022-07-07,9798,Switzerland
2022-07-08,8646,Switzerland
2022-07-09,7917,Switzerland
2022-07-10,4986,Switzerland
2022-07-11,3306,Switzerland
2022-07-12,10976,Switzerland
2022-07-13,9471,Switzerland
2022-07-14,8649,Switzerland
2022-07-15,7712,Switzerland
2022-07-16,7063,Switzerland
2022-07-17,4307,Switzerland
2022-07-18,2858,Switzerland
2022-07-19,9629,Switzerland
2022-07-20,7080,Switzerland
2022-07-21,6336,Switzerland
2022-07-22,5716,Switzerland
2022-07-23,5294,Switzerland
2022-07-24,3200,Switzerland
2022-07-25,1984,Switzerland
2022-07-26,6631,Switzerland
2022-07-27,4839,Switzerland
2022-07-28,4229,Switzerland
2022-07-29,3655,Switzerland
2022-07-30,3532,Switzerland
2022-07-31,2321,Switzerland
2022-08-01,1539,Switzerland
2022-08-02,1808,Switzerland
2022-08-03,4856,Switzerland
2022-08-04,3658,Switzerland
2022-08-05,3111,Switzerland
2022-08-06,2975,Switzerland
2022-08-07,2086,Switzerland
2022-08-08,1392,Switzerland
2022-08-09,4335,Switzerland
2022-08-10,3359,Switzerland
2022-08-11,3108,Switzerland
2022-08-12,2732,Switzerland
2022-08-13,2672,Switzerland
2022-08-14,1543,Switzerland
2022-08-15,1152,Switzerland
2022-08-16,3312,Switzerland
2022-08-17,3160,Switzerland
2022-08-18,2868,Switzerland
2022-08-19,2534,Switzerland
2022-08-20,2335,Switzerland
2022-08-21,1439,Switzerland
2022-08-22,1007,Switzerland
2022-08-23,3408,Switzerland
2022-08-24,2596,Switzerland
2022-08-25,2501,Switzerland
2022-08-26,2278,Switzerland
2022-08-27,2167,Switzerland
2022-08-28,1365,Switzerland
2022-08-29,903,Switzerland
2022-08-30,3349,Switzerland
2022-08-31,2718,Switzerland
2022-09-01,2583,Switzerland
2022-09-02,2100,Switzerland
2022-09-03,2037,Switzerland
2022-09-04,1193,Switzerland
2022-09-05,781,Switzerland
2022-09-06,3008,Switzerland
2022-09-07,2389,Switzerland
2022-09-08,2376,Switzerland
2022-09-09,2000,Switzerland
2022-09-10,1978,Switzerland
2022-09-11,1165,Switzerland
2022-09-12,837,Switzerland
2022-09-13,2993,Switzerland
2022-09-14,2374,Switzerland
2022-09-15,2371,Switzerland
2022-09-16,2156,Switzerland
2022-09-17,2001,Switzerland
2022-09-18,1187,Switzerland
2022-09-19,757,Switzerland
2022-09-20,2681,Switzerland
2022-09-21,2497,Switzerland
2022-09-22,2570,Switzerland
2022-09-23,2479,Switzerland
2022-09-24,2550,Switzerland
2022-09-25,1632,Switzerland
2022-09-26,1188,Switzerland
2022-09-27,4427,Switzerland
2022-09-28,3843,Switzerland
2022-09-29,3791,Switzerland
2022-09-30,3749,Switzerland
2022-10-01,3718,Switzerland
2022-10-02,2327,Switzerland
2022-10-03,1626,Switzerland
2022-10-04,6240,Switzerland
2022-10-05,5517,Switzerland
2022-10-06,5853,Switzerland
2022-10-07,5609,Switzerland
2022-10-08,5682,Switzerland
2022-10-09,3403,Switzerland
2022-10-10,2059,Switzerland
2022-10-11,8212,Switzerland
2022-10-12,6531,Switzerland
2022-10-13,6363,Switzerland
2022-10-14,5560,Switzerland
2022-10-15,5354,Switzerland
2022-10-16,3154,Switzerland
2022-10-17,1907,Switzerland
2022-10-18,7540,Switzerland
2022-10-19,5725,Switzerland
2022-10-20,5278,Switzerland
2020-03-02,1,Thailand
2020-03-03,0,Thailand
2020-03-04,0,Thailand
2020-03-05,4,Thailand
2020-03-06,1,Thailand
2020-03-07,2,Thailand
2020-03-08,0,Thailand
2020-03-09,0,Thailand
2020-03-10,3,Thailand
2020-03-11,6,Thailand
2020-03-12,11,Thailand
2020-03-13,5,Thailand
2020-03-14,7,Thailand
2020-03-15,32,Thailand
2020-03-16,33,Thailand
2020-03-17,30,Thailand
2020-03-18,35,Thailand
2020-03-19,60,Thailand
2020-03-20,50,Thailand
2020-03-21,89,Thailand
2020-03-22,188,Thailand
2020-03-23,122,Thailand
2020-03-24,106,Thailand
2020-03-25,107,Thailand
2020-03-26,111,Thailand
2020-03-27,91,Thailand
2020-03-28,109,Thailand
2020-03-29,143,Thailand
2020-03-30,136,Thailand
2020-03-31,127,Thailand
2020-04-01,120,Thailand
2020-04-02,104,Thailand
2020-04-03,103,Thailand
2020-04-04,89,Thailand
2020-04-05,102,Thailand
2020-04-06,51,Thailand
2020-04-07,38,Thailand
2020-04-08,111,Thailand
2020-04-09,54,Thailand
2020-04-10,50,Thailand
2020-04-11,45,Thailand
2020-04-12,33,Thailand
2020-04-13,28,Thailand
2020-04-14,34,Thailand
2020-04-15,30,Thailand
2020-04-16,29,Thailand
2020-04-17,28,Thailand
2020-04-18,33,Thailand
2020-04-19,32,Thailand
2020-04-20,27,Thailand
2020-04-21,19,Thailand
2020-04-22,15,Thailand
2020-04-23,13,Thailand
2020-04-24,15,Thailand
2020-04-25,53,Thailand
2020-04-26,15,Thailand
2020-04-27,9,Thailand
2020-04-28,7,Thailand
2020-04-29,9,Thailand
2020-04-30,7,Thailand
2020-05-01,6,Thailand
2020-05-02,6,Thailand
2020-05-03,3,Thailand
2020-05-04,18,Thailand
2020-05-05,1,Thailand
2020-05-06,1,Thailand
2020-05-07,3,Thailand
2020-05-08,8,Thailand
2020-05-09,4,Thailand
2020-05-10,5,Thailand
2020-05-11,6,Thailand
2020-05-12,2,Thailand
2020-05-13,0,Thailand
2020-05-14,1,Thailand
2020-05-15,7,Thailand
2020-05-16,0,Thailand
2020-05-17,3,Thailand
2020-05-18,3,Thailand
2020-05-19,2,Thailand
2020-05-20,1,Thailand
2020-05-21,3,Thailand
2020-05-22,0,Thailand
2020-05-23,3,Thailand
2020-05-24,0,Thailand
2020-05-25,2,Thailand
2020-05-26,3,Thailand
2020-05-27,9,Thailand
2020-05-28,11,Thailand
2020-05-29,11,Thailand
2020-05-30,1,Thailand
2020-05-31,4,Thailand
2020-06-01,1,Thailand
2020-06-02,1,Thailand
2020-06-03,1,Thailand
2020-06-04,17,Thailand
2020-06-05,1,Thailand
2020-06-06,2,Thailand
2020-06-07,8,Thailand
2020-06-08,7,Thailand
2020-06-09,2,Thailand
2020-06-10,4,Thailand
2020-06-11,0,Thailand
2020-06-12,4,Thailand
2020-06-13,5,Thailand
2020-06-14,1,Thailand
2020-06-15,0,Thailand
2020-06-16,0,Thailand
2020-06-17,0,Thailand
2020-06-18,6,Thailand
2020-06-19,5,Thailand
2020-06-20,1,Thailand
2020-06-21,1,Thailand
2020-06-22,3,Thailand
2020-06-23,5,Thailand
2020-06-24,1,Thailand
2020-06-25,1,Thailand
2020-06-26,4,Thailand
2020-06-27,0,Thailand
2020-06-28,0,Thailand
2020-06-29,7,Thailand
2020-06-30,2,Thailand
2020-07-01,2,Thailand
2020-07-02,6,Thailand
2020-07-03,1,Thailand
2020-07-04,5,Thailand
2020-07-05,5,Thailand
2020-07-06,5,Thailand
2020-07-07,0,Thailand
2020-07-08,2,Thailand
2020-07-09,5,Thailand
2020-07-10,0,Thailand
2020-07-11,14,Thailand
2020-07-12,1,Thailand
2020-07-13,3,Thailand
2020-07-14,7,Thailand
2020-07-15,5,Thailand
2020-07-16,4,Thailand
2020-07-17,3,Thailand
2020-07-18,7,Thailand
2020-07-19,3,Thailand
2020-07-20,1,Thailand
2020-07-21,5,Thailand
2020-07-22,6,Thailand
2020-07-23,8,Thailand
2020-07-24,10,Thailand
2020-07-25,3,Thailand
2020-07-26,9,Thailand
2020-07-27,4,Thailand
2020-07-28,2,Thailand
2020-07-29,1,Thailand
2020-07-30,6,Thailand
2020-07-31,6,Thailand
2020-08-01,2,Thailand
2020-08-02,5,Thailand
2020-08-03,3,Thailand
2020-08-04,1,Thailand
2020-08-05,7,Thailand
2020-08-06,2,Thailand
2020-08-07,15,Thailand
2020-08-08,3,Thailand
2020-08-09,3,Thailand
2020-08-10,0,Thailand
2020-08-11,0,Thailand
2020-08-12,5,Thailand
2020-08-13,3,Thailand
2020-08-14,17,Thailand
2020-08-15,0,Thailand
2020-08-16,1,Thailand
2020-08-17,1,Thailand
2020-08-18,3,Thailand
2020-08-19,1,Thailand
2020-08-20,7,Thailand
2020-08-21,1,Thailand
2020-08-22,0,Thailand
2020-08-23,5,Thailand
2020-08-24,2,Thailand
2020-08-25,5,Thailand
2020-08-26,1,Thailand
2020-08-27,1,Thailand
2020-08-28,6,Thailand
2020-08-29,1,Thailand
2020-08-30,0,Thailand
2020-08-31,1,Thailand
2020-09-01,5,Thailand
2020-09-02,8,Thailand
2020-09-03,2,Thailand
2020-09-04,4,Thailand
2020-09-05,7,Thailand
2020-09-06,6,Thailand
2020-09-07,1,Thailand
2020-09-08,1,Thailand
2020-09-09,1,Thailand
2020-09-10,7,Thailand
2020-09-11,7,Thailand
2020-09-12,5,Thailand
2020-09-13,7,Thailand
2020-09-14,2,Thailand
2020-09-15,5,Thailand
2020-09-16,10,Thailand
2020-09-17,0,Thailand
2020-09-18,7,Thailand
2020-09-19,3,Thailand
2020-09-20,6,Thailand
2020-09-21,0,Thailand
2020-09-22,5,Thailand
2020-09-23,3,Thailand
2020-09-24,2,Thailand
2020-09-25,3,Thailand
2020-09-26,3,Thailand
2020-09-27,1,Thailand
2020-09-28,22,Thailand
2020-09-29,14,Thailand
2020-09-30,5,Thailand
2020-10-01,5,Thailand
2020-10-02,6,Thailand
2020-10-03,8,Thailand
2020-10-04,2,Thailand
2020-10-05,5,Thailand
2020-10-06,10,Thailand
2020-10-07,15,Thailand
2020-10-08,7,Thailand
2020-10-09,6,Thailand
2020-10-10,6,Thailand
2020-10-11,2,Thailand
2020-10-12,5,Thailand
2020-10-13,2,Thailand
2020-10-14,9,Thailand
2020-10-15,13,Thailand
2020-10-16,4,Thailand
2020-10-17,10,Thailand
2020-10-18,7,Thailand
2020-10-19,5,Thailand
2020-10-20,9,Thailand
2020-10-21,9,Thailand
2020-10-22,10,Thailand
2020-10-23,8,Thailand
2020-10-24,4,Thailand
2020-10-25,5,Thailand
2020-10-26,7,Thailand
2020-10-27,3,Thailand
2020-10-28,13,Thailand
2020-10-29,4,Thailand
2020-10-30,12,Thailand
2020-10-31,5,Thailand
2020-11-01,4,Thailand
2020-11-02,3,Thailand
2020-11-03,10,Thailand
2020-11-04,7,Thailand
2020-11-05,6,Thailand
2020-11-06,8,Thailand
2020-11-07,12,Thailand
2020-11-08,7,Thailand
2020-11-09,3,Thailand
2020-11-10,4,Thailand
2020-11-11,3,Thailand
2020-11-12,5,Thailand
2020-11-13,9,Thailand
2020-11-14,5,Thailand
2020-11-15,8,Thailand
2020-11-16,1,Thailand
2020-11-17,3,Thailand
2020-11-18,2,Thailand
2020-11-19,8,Thailand
2020-11-20,4,Thailand
2020-11-21,10,Thailand
2020-11-22,11,Thailand
2020-11-23,7,Thailand
2020-11-24,2,Thailand
2020-11-25,4,Thailand
2020-11-26,16,Thailand
2020-11-27,19,Thailand
2020-11-28,5,Thailand
2020-11-29,11,Thailand
2020-11-30,21,Thailand
2020-12-01,10,Thailand
2020-12-02,18,Thailand
2020-12-03,13,Thailand
2020-12-04,14,Thailand
2020-12-05,19,Thailand
2020-12-06,14,Thailand
2020-12-07,21,Thailand
2020-12-08,19,Thailand
2020-12-09,25,Thailand
2020-12-10,18,Thailand
2020-12-11,11,Thailand
2020-12-12,12,Thailand
2020-12-13,17,Thailand
2020-12-14,28,Thailand
2020-12-15,9,Thailand
2020-12-16,15,Thailand
2020-12-17,20,Thailand
2020-12-18,16,Thailand
2020-12-19,34,Thailand
2020-12-20,576,Thailand
2020-12-21,382,Thailand
2020-12-22,427,Thailand
2020-12-23,46,Thailand
2020-12-24,67,Thailand
2020-12-25,81,Thailand
2020-12-26,110,Thailand
2020-12-27,121,Thailand
2020-12-28,144,Thailand
2020-12-29,155,Thailand
2020-12-30,250,Thailand
2020-12-31,194,Thailand
2021-01-01,279,Thailand
2021-01-02,216,Thailand
2021-01-03,315,Thailand
2021-01-04,745,Thailand
2021-01-05,527,Thailand
2021-01-06,365,Thailand
2021-01-07,305,Thailand
2021-01-08,205,Thailand
2021-01-09,212,Thailand
2021-01-10,245,Thailand
2021-01-11,249,Thailand
2021-01-12,287,Thailand
2021-01-13,157,Thailand
2021-01-14,271,Thailand
2021-01-15,188,Thailand
2021-01-16,230,Thailand
2021-01-17,374,Thailand
2021-01-18,369,Thailand
2021-01-19,171,Thailand
2021-01-20,59,Thailand
2021-01-21,142,Thailand
2021-01-22,309,Thailand
2021-01-23,198,Thailand
2021-01-24,198,Thailand
2021-01-25,187,Thailand
2021-01-26,959,Thailand
2021-01-27,819,Thailand
2021-01-28,756,Thailand
2021-01-29,802,Thailand
2021-01-30,930,Thailand
2021-01-31,829,Thailand
2021-02-01,836,Thailand
2021-02-02,836,Thailand
2021-02-03,795,Thailand
2021-02-04,809,Thailand
2021-02-05,586,Thailand
2021-02-06,490,Thailand
2021-02-07,237,Thailand
2021-02-08,186,Thailand
2021-02-09,189,Thailand
2021-02-10,157,Thailand
2021-02-11,201,Thailand
2021-02-12,175,Thailand
2021-02-13,126,Thailand
2021-02-14,166,Thailand
2021-02-15,143,Thailand
2021-02-16,72,Thailand
2021-02-17,175,Thailand
2021-02-18,150,Thailand
2021-02-19,130,Thailand
2021-02-20,82,Thailand
2021-02-21,92,Thailand
2021-02-22,89,Thailand
2021-02-23,95,Thailand
2021-02-24,93,Thailand
2021-02-25,72,Thailand
2021-02-26,45,Thailand
2021-02-27,72,Thailand
2021-02-28,70,Thailand
2021-03-01,80,Thailand
2021-03-02,42,Thailand
2021-03-03,35,Thailand
2021-03-04,54,Thailand
2021-03-05,79,Thailand
2021-03-06,64,Thailand
2021-03-07,65,Thailand
2021-03-08,71,Thailand
2021-03-09,60,Thailand
2021-03-10,39,Thailand
2021-03-11,58,Thailand
2021-03-12,81,Thailand
2021-03-13,78,Thailand
2021-03-14,170,Thailand
2021-03-15,78,Thailand
2021-03-16,149,Thailand
2021-03-17,248,Thailand
2021-03-18,92,Thailand
2021-03-19,100,Thailand
2021-03-20,119,Thailand
2021-03-21,90,Thailand
2021-03-22,73,Thailand
2021-03-23,401,Thailand
2021-03-24,69,Thailand
2021-03-25,97,Thailand
2021-03-26,134,Thailand
2021-03-27,80,Thailand
2021-03-28,77,Thailand
2021-03-29,39,Thailand
2021-03-30,48,Thailand
2021-03-31,42,Thailand
2021-04-01,26,Thailand
2021-04-02,58,Thailand
2021-04-03,84,Thailand
2021-04-04,96,Thailand
2021-04-05,194,Thailand
2021-04-06,250,Thailand
2021-04-07,334,Thailand
2021-04-08,405,Thailand
2021-04-09,559,Thailand
2021-04-10,789,Thailand
2021-04-11,967,Thailand
2021-04-12,985,Thailand
2021-04-13,965,Thailand
2021-04-14,1335,Thailand
2021-04-15,1543,Thailand
2021-04-16,1585,Thailand
2021-04-17,1547,Thailand
2021-04-18,1767,Thailand
2021-04-19,1390,Thailand
2021-04-20,1443,Thailand
2021-04-21,1458,Thailand
2021-04-22,1470,Thailand
2021-04-23,2070,Thailand
2021-04-24,2839,Thailand
2021-04-25,2438,Thailand
2021-04-26,2048,Thailand
2021-04-27,2179,Thailand
2021-04-28,2012,Thailand
2021-04-29,1871,Thailand
2021-04-30,1583,Thailand
2021-05-01,1891,Thailand
2021-05-02,1940,Thailand
2021-05-03,2041,Thailand
2021-05-04,1763,Thailand
2021-05-05,2112,Thailand
2021-05-06,1911,Thailand
2021-05-07,2044,Thailand
2021-05-08,2419,Thailand
2021-05-09,2101,Thailand
2021-05-10,1630,Thailand
2021-05-11,1919,Thailand
2021-05-12,1983,Thailand
2021-05-13,4887,Thailand
2021-05-14,2256,Thailand
2021-05-15,3095,Thailand
2021-05-16,2302,Thailand
2021-05-17,9635,Thailand
2021-05-18,2473,Thailand
2021-05-19,3394,Thailand
2021-05-20,2636,Thailand
2021-05-21,3481,Thailand
2021-05-22,3052,Thailand
2021-05-23,3382,Thailand
2021-05-24,2713,Thailand
2021-05-25,3226,Thailand
2021-05-26,2455,Thailand
2021-05-27,3323,Thailand
2021-05-28,3759,Thailand
2021-05-29,4803,Thailand
2021-05-30,4528,Thailand
2021-05-31,5485,Thailand
2021-06-01,2230,Thailand
2021-06-02,3440,Thailand
2021-06-03,3886,Thailand
2021-06-04,2631,Thailand
2021-06-05,2817,Thailand
2021-06-06,2671,Thailand
2021-06-07,2419,Thailand
2021-06-08,2662,Thailand
2021-06-09,2680,Thailand
2021-06-10,2310,Thailand
2021-06-11,2290,Thailand
2021-06-12,3277,Thailand
2021-06-13,2804,Thailand
2021-06-14,3355,Thailand
2021-06-15,3000,Thailand
2021-06-16,2331,Thailand
2021-06-17,3129,Thailand
2021-06-18,3058,Thailand
2021-06-19,3667,Thailand
2021-06-20,3682,Thailand
2021-06-21,3175,Thailand
2021-06-22,4059,Thailand
2021-06-23,3174,Thailand
2021-06-24,4108,Thailand
2021-06-25,3644,Thailand
2021-06-26,4161,Thailand
2021-06-27,3995,Thailand
2021-06-28,5406,Thailand
2021-06-29,4662,Thailand
2021-06-30,4786,Thailand
2021-07-01,5533,Thailand
2021-07-02,6087,Thailand
2021-07-03,6230,Thailand
2021-07-04,5916,Thailand
2021-07-05,6166,Thailand
2021-07-06,5420,Thailand
2021-07-07,6519,Thailand
2021-07-08,7058,Thailand
2021-07-09,9276,Thailand
2021-07-10,9326,Thailand
2021-07-11,9539,Thailand
2021-07-12,8656,Thailand
2021-07-13,8685,Thailand
2021-07-14,9317,Thailand
2021-07-15,9186,Thailand
2021-07-16,9692,Thailand
2021-07-17,10082,Thailand
2021-07-18,11397,Thailand
2021-07-19,11784,Thailand
2021-07-20,11305,Thailand
2021-07-21,13002,Thailand
2021-07-22,13655,Thailand
2021-07-23,14575,Thailand
2021-07-24,14260,Thailand
2021-07-25,15335,Thailand
2021-07-26,15376,Thailand
2021-07-27,14150,Thailand
2021-07-28,16533,Thailand
2021-07-29,17669,Thailand
2021-07-30,17345,Thailand
2021-07-31,18912,Thailand
2021-08-01,18027,Thailand
2021-08-02,17970,Thailand
2021-08-03,18901,Thailand
2021-08-04,20200,Thailand
2021-08-05,20920,Thailand
2021-08-06,21379,Thailand
2021-08-07,21838,Thailand
2021-08-08,19983,Thailand
2021-08-09,19603,Thailand
2021-08-10,19843,Thailand
2021-08-11,21038,Thailand
2021-08-12,22782,Thailand
2021-08-13,23418,Thailand
2021-08-14,22086,Thailand
2021-08-15,21882,Thailand
2021-08-16,21157,Thailand
2021-08-17,20128,Thailand
2021-08-18,20515,Thailand
2021-08-19,20902,Thailand
2021-08-20,19851,Thailand
2021-08-21,20571,Thailand
2021-08-22,19014,Thailand
2021-08-23,17491,Thailand
2021-08-24,17165,Thailand
2021-08-25,18417,Thailand
2021-08-26,18501,Thailand
2021-08-27,18702,Thailand
2021-08-28,17984,Thailand
2021-08-29,16536,Thailand
2021-08-30,15972,Thailand
2021-08-31,14666,Thailand
2021-09-01,14802,Thailand
2021-09-02,14956,Thailand
2021-09-03,14653,Thailand
2021-09-04,15942,Thailand
2021-09-05,15452,Thailand
2021-09-06,13988,Thailand
2021-09-07,13821,Thailand
2021-09-08,14176,Thailand
2021-09-09,16031,Thailand
2021-09-10,14403,Thailand
2021-09-11,15191,Thailand
2021-09-12,14029,Thailand
2021-09-13,12583,Thailand
2021-09-14,11786,Thailand
2021-09-15,13798,Thailand
2021-09-16,13897,Thailand
2021-09-17,14555,Thailand
2021-09-18,14109,Thailand
2021-09-19,13576,Thailand
2021-09-20,12709,Thailand
2021-09-21,10919,Thailand
2021-09-22,11252,Thailand
2021-09-23,13256,Thailand
2021-09-24,12697,Thailand
2021-09-25,11957,Thailand
2021-09-26,12371,Thailand
2021-09-27,10288,Thailand
2021-09-28,9489,Thailand
2021-09-29,10414,Thailand
2021-09-30,11646,Thailand
2021-10-01,11754,Thailand
2021-10-02,11375,Thailand
2021-10-03,10828,Thailand
2021-10-04,9930,Thailand
2021-10-05,9869,Thailand
2021-10-06,9866,Thailand
2021-10-07,11200,Thailand
2021-10-08,11140,Thailand
2021-10-09,10630,Thailand
2021-10-10,10817,Thailand
2021-10-11,10035,Thailand
2021-10-12,9445,Thailand
2021-10-13,10064,Thailand
2021-10-14,11276,Thailand
2021-10-15,10486,Thailand
2021-10-16,10648,Thailand
2021-10-17,10863,Thailand
2021-10-18,10111,Thailand
2021-10-19,9122,Thailand
2021-10-20,8918,Thailand
2021-10-21,9727,Thailand
2021-10-22,9810,Thailand
2021-10-23,9742,Thailand
2021-10-24,9351,Thailand
2021-10-25,8675,Thailand
2021-10-26,7706,Thailand
2021-10-27,8452,Thailand
2021-10-28,9658,Thailand
2021-10-29,8968,Thailand
2021-10-30,9224,Thailand
2021-10-31,8859,Thailand
2021-11-01,8165,Thailand
2021-11-02,7574,Thailand
2021-11-03,7679,Thailand
2021-11-04,7982,Thailand
2021-11-05,8148,Thailand
2021-11-06,8467,Thailand
2021-11-07,7960,Thailand
2021-11-08,7592,Thailand
2021-11-09,6904,Thailand
2021-11-10,6978,Thailand
2021-11-11,7496,Thailand
2021-11-12,7305,Thailand
2021-11-13,7057,Thailand
2021-11-14,7079,Thailand
2021-11-15,6343,Thailand
2021-11-16,5947,Thailand
2021-11-17,6524,Thailand
2021-11-18,6901,Thailand
2021-11-19,6855,Thailand
2021-11-20,6595,Thailand
2021-11-21,7006,Thailand
2021-11-22,6428,Thailand
2021-11-23,5126,Thailand
2021-11-24,5857,Thailand
2021-11-25,6335,Thailand
2021-11-26,6559,Thailand
2021-11-27,6073,Thailand
2021-11-28,5854,Thailand
2021-11-29,4753,Thailand
2021-11-30,4306,Thailand
2021-12-01,4886,Thailand
2021-12-02,4971,Thailand
2021-12-03,4912,Thailand
2021-12-04,5896,Thailand
2021-12-05,4704,Thailand
2021-12-06,4000,Thailand
2021-12-07,3525,Thailand
2021-12-08,3618,Thailand
2021-12-09,4203,Thailand
2021-12-10,4193,Thailand
2021-12-11,4079,Thailand
2021-12-12,3787,Thailand
2021-12-13,3398,Thailand
2021-12-14,2862,Thailand
2021-12-15,3370,Thailand
2021-12-16,3684,Thailand
2021-12-17,3537,Thailand
2021-12-18,3132,Thailand
2021-12-19,2899,Thailand
2021-12-20,2525,Thailand
2021-12-21,2476,Thailand
2021-12-22,2532,Thailand
2021-12-23,2940,Thailand
2021-12-24,2671,Thailand
2021-12-25,2766,Thailand
2021-12-26,2532,Thailand
2021-12-27,2437,Thailand
2021-12-28,2305,Thailand
2021-12-29,2575,Thailand
2021-12-30,3037,Thailand
2021-12-31,3111,Thailand
2022-01-01,3011,Thailand
2022-01-02,3112,Thailand
2022-01-03,2927,Thailand
2022-01-04,3091,Thailand
2022-01-05,3899,Thailand
2022-01-06,5775,Thailand
2022-01-07,7526,Thailand
2022-01-08,8263,Thailand
2022-01-09,8511,Thailand
2022-01-10,7926,Thailand
2022-01-11,7133,Thailand
2022-01-12,7681,Thailand
2022-01-13,8167,Thailand
2022-01-14,8158,Thailand
2022-01-15,7793,Thailand
2022-01-16,8077,Thailand
2022-01-17,6929,Thailand
2022-01-18,6397,Thailand
2022-01-19,7122,Thailand
2022-01-20,8129,Thailand
2022-01-21,8640,Thailand
2022-01-22,8112,Thailand
2022-01-23,7686,Thailand
2022-01-24,7139,Thailand
2022-01-25,6718,Thailand
2022-01-26,7587,Thailand
2022-01-27,8078,Thailand
2022-01-28,8450,Thailand
2022-01-29,8618,Thailand
2022-01-30,8444,Thailand
2022-01-31,8008,Thailand
2022-02-01,7422,Thailand
2022-02-02,8587,Thailand
2022-02-03,9172,Thailand
2022-02-04,9909,Thailand
2022-02-05,10490,Thailand
2022-02-06,10879,Thailand
2022-02-07,10470,Thailand
2022-02-08,10398,Thailand
2022-02-09,13182,Thailand
2022-02-10,14822,Thailand
2022-02-11,15242,Thailand
2022-02-12,16330,Thailand
2022-02-13,15882,Thailand
2022-02-14,14900,Thailand
2022-02-15,14373,Thailand
2022-02-16,16462,Thailand
2022-02-17,17349,Thailand
2022-02-18,18066,Thailand
2022-02-19,18885,Thailand
2022-02-20,18953,Thailand
2022-02-21,18883,Thailand
2022-02-22,18363,Thailand
2022-02-23,21232,Thailand
2022-02-24,23557,Thailand
2022-02-25,24932,Thailand
2022-02-26,25615,Thailand
2022-02-27,24719,Thailand
2022-02-28,22311,Thailand
2022-03-01,20420,Thailand
2022-03-02,22197,Thailand
2022-03-03,23618,Thailand
2022-03-04,23834,Thailand
2022-03-05,22818,Thailand
2022-03-06,21881,Thailand
2022-03-07,21162,Thailand
2022-03-08,18943,Thailand
2022-03-09,22073,Thailand
2022-03-10,22984,Thailand
2022-03-11,24792,Thailand
2022-03-12,24592,Thailand
2022-03-13,23584,Thailand
2022-03-14,22130,Thailand
2022-03-15,19742,Thailand
2022-03-16,23945,Thailand
2022-03-17,25456,Thailand
2022-03-18,27071,Thailand
2022-03-19,25804,Thailand
2022-03-20,24996,Thailand
2022-03-21,23441,Thailand
2022-03-22,21382,Thailand
2022-03-23,25164,Thailand
2022-03-24,27024,Thailand
2022-03-25,26050,Thailand
2022-03-26,26234,Thailand
2022-03-27,25821,Thailand
2022-03-28,24635,Thailand
2022-03-29,21678,Thailand
2022-03-30,25389,Thailand
2022-03-31,27560,Thailand
2022-04-01,28379,Thailand
2022-04-02,28029,Thailand
2022-04-03,26840,Thailand
2022-04-04,24892,Thailand
2022-04-05,21088,Thailand
2022-04-06,24252,Thailand
2022-04-07,26081,Thailand
2022-04-08,25140,Thailand
2022-04-09,25298,Thailand
2022-04-10,25139,Thailand
2022-04-11,22387,Thailand
2022-04-12,19982,Thailand
2022-04-13,23015,Thailand
2022-04-14,24134,Thailand
2022-04-15,20289,Thailand
2022-04-16,18892,Thailand
2022-04-17,17775,Thailand
2022-04-18,16994,Thailand
2022-04-19,16891,Thailand
2022-04-20,20455,Thailand
2022-04-21,21931,Thailand
2022-04-22,21808,Thailand
2022-04-23,20052,Thailand
2022-04-24,17784,Thailand
2022-04-25,14994,Thailand
2022-04-26,13816,Thailand
2022-04-27,14887,Thailand
2022-04-28,14437,Thailand
2022-04-29,14053,Thailand
2022-04-30,12888,Thailand
2022-05-01,11535,Thailand
2022-05-02,9331,Thailand
2022-05-03,9721,Thailand
2022-05-04,9288,Thailand
2022-05-05,9790,Thailand
2022-05-06,7705,Thailand
2022-05-07,8450,Thailand
2022-05-08,8081,Thailand
2022-05-09,6488,Thailand
2022-05-10,6230,Thailand
2022-05-11,7650,Thailand
2022-05-12,6019,Thailand
2022-05-13,9779,Thailand
2022-05-14,6736,Thailand
2022-05-15,6094,Thailand
2022-05-16,5238,Thailand
2022-05-17,3893,Thailand
2022-05-18,5633,Thailand
2022-05-19,6305,Thailand
2022-05-20,6463,Thailand
2022-05-21,5377,Thailand
2022-05-22,4739,Thailand
2022-05-23,4099,Thailand
2022-05-24,4144,Thailand
2022-05-25,5013,Thailand
2022-05-26,4924,Thailand
2022-05-27,4837,Thailand
2022-05-28,4488,Thailand
2022-05-29,3649,Thailand
2022-05-30,3854,Thailand
2022-05-31,3955,Thailand
2022-06-01,4563,Thailand
2022-06-02,2560,Thailand
2022-06-03,2976,Thailand
2022-06-04,3001,Thailand
2022-06-05,3236,Thailand
2022-06-06,2162,Thailand
2022-06-07,2224,Thailand
2022-06-08,2688,Thailand
2022-06-09,3185,Thailand
2022-06-10,2836,Thailand
2022-06-11,2501,Thailand
2022-06-12,2474,Thailand
2022-06-13,1801,Thailand
2022-06-14,1833,Thailand
2022-06-15,2263,Thailand
2022-06-16,2153,Thailand
2022-06-17,1967,Thailand
2022-06-18,2272,Thailand
2022-06-19,1892,Thailand
2022-06-20,1784,Thailand
2022-06-21,1714,Thailand
2022-06-22,2387,Thailand
2022-06-23,2299,Thailand
2022-06-24,2313,Thailand
2022-06-25,2236,Thailand
2022-06-26,2378,Thailand
2022-06-27,1735,Thailand
2022-06-28,1761,Thailand
2022-06-29,2569,Thailand
2022-06-30,2695,Thailand
2022-07-01,2354,Thailand
2022-07-02,2508,Thailand
2022-07-03,2328,Thailand
2022-07-04,1995,Thailand
2022-07-05,1917,Thailand
2022-07-06,2428,Thailand
2022-07-07,2366,Thailand
2022-07-08,2144,Thailand
2022-07-09,2084,Thailand
2022-07-10,2004,Thailand
2022-07-11,1811,Thailand
2022-07-12,1679,Thailand
2022-07-13,2391,Thailand
2022-07-14,2257,Thailand
2022-07-15,1795,Thailand
2022-07-16,2025,Thailand
2022-07-17,2028,Thailand
2022-07-18,1814,Thailand
2022-07-19,2125,Thailand
2022-07-20,2886,Thailand
2022-07-21,2607,Thailand
2022-07-22,2424,Thailand
2022-07-23,2578,Thailand
2022-07-24,2390,Thailand
2022-07-25,1740,Thailand
2022-07-26,1828,Thailand
2022-07-27,2747,Thailand
2022-07-28,1902,Thailand
2022-07-29,2480,Thailand
2022-07-30,1962,Thailand
2022-07-31,1664,Thailand
2022-08-01,2108,Thailand
2022-08-02,1843,Thailand
2022-08-03,2432,Thailand
2022-08-04,2166,Thailand
2022-08-05,2253,Thailand
2022-08-06,2381,Thailand
2022-08-07,2250,Thailand
2022-08-08,1842,Thailand
2022-08-09,1955,Thailand
2022-08-10,2335,Thailand
2022-08-11,2316,Thailand
2022-08-12,2455,Thailand
2022-08-13,2140,Thailand
2022-08-14,1773,Thailand
2022-08-15,1663,Thailand
2022-08-16,1508,Thailand
2022-08-17,2461,Thailand
2022-08-18,2143,Thailand
2022-08-19,2110,Thailand
2022-08-20,1902,Thailand
2022-08-21,1968,Thailand
2022-08-22,1531,Thailand
2022-08-23,1488,Thailand
2022-08-24,2062,Thailand
2022-08-25,2002,Thailand
2022-08-26,1749,Thailand
2022-08-27,1631,Thailand
2022-08-28,1769,Thailand
2022-08-29,1273,Thailand
2022-08-30,994,Thailand
2022-08-31,2240,Thailand
2022-09-01,2004,Thailand
2022-09-02,2046,Thailand
2022-09-03,1942,Thailand
2022-09-04,1631,Thailand
2022-09-05,1360,Thailand
2022-09-06,1062,Thailand
2022-09-07,1605,Thailand
2022-09-08,1587,Thailand
2022-09-09,1191,Thailand
2022-09-10,1106,Thailand
2022-09-11,1093,Thailand
2022-09-12,698,Thailand
2022-09-13,619,Thailand
2022-09-14,1321,Thailand
2022-09-15,1125,Thailand
2022-09-16,837,Thailand
2022-09-17,764,Thailand
2022-09-18,477,Thailand
2022-09-19,242,Thailand
2022-09-20,774,Thailand
2022-09-21,1129,Thailand
2022-09-22,806,Thailand
2022-09-23,752,Thailand
2022-09-24,607,Thailand
2022-09-25,655,Thailand
2022-09-26,319,Thailand
2022-09-27,351,Thailand
2022-09-28,811,Thailand
2022-09-29,637,Thailand
2022-09-30,839,Thailand
2022-10-01,823,Thailand
2022-10-02,0,Thailand
2022-10-03,0,Thailand
2022-10-04,0,Thailand
2022-10-05,0,Thailand
2022-10-06,0,Thailand
2022-10-07,0,Thailand
2022-10-08,2915,Thailand
2022-10-09,0,Thailand
2022-10-10,0,Thailand
2022-10-11,0,Thailand
2022-10-12,0,Thailand
2022-10-13,0,Thailand
2022-10-14,0,Thailand
2022-10-15,2234,Thailand
2022-10-16,0,Thailand
2022-10-17,0,Thailand
2022-10-18,0,Thailand
2022-10-19,0,Thailand
2022-10-20,0,Thailand
2020-03-02,0,Timor-Leste
2020-03-03,0,Timor-Leste
2020-03-04,0,Timor-Leste
2020-03-05,0,Timor-Leste
2020-03-06,0,Timor-Leste
2020-03-07,0,Timor-Leste
2020-03-08,0,Timor-Leste
2020-03-09,0,Timor-Leste
2020-03-10,0,Timor-Leste
2020-03-11,0,Timor-Leste
2020-03-12,0,Timor-Leste
2020-03-13,0,Timor-Leste
2020-03-14,0,Timor-Leste
2020-03-15,0,Timor-Leste
2020-03-16,0,Timor-Leste
2020-03-17,0,Timor-Leste
2020-03-18,0,Timor-Leste
2020-03-19,0,Timor-Leste
2020-03-20,0,Timor-Leste
2020-03-21,1,Timor-Leste
2020-03-22,0,Timor-Leste
2020-03-23,0,Timor-Leste
2020-03-24,0,Timor-Leste
2020-03-25,0,Timor-Leste
2020-03-26,0,Timor-Leste
2020-03-27,0,Timor-Leste
2020-03-28,0,Timor-Leste
2020-03-29,0,Timor-Leste
2020-03-30,0,Timor-Leste
2020-03-31,0,Timor-Leste
2020-04-01,0,Timor-Leste
2020-04-02,0,Timor-Leste
2020-04-03,0,Timor-Leste
2020-04-04,0,Timor-Leste
2020-04-05,0,Timor-Leste
2020-04-06,0,Timor-Leste
2020-04-07,0,Timor-Leste
2020-04-08,0,Timor-Leste
2020-04-09,0,Timor-Leste
2020-04-10,0,Timor-Leste
2020-04-11,1,Timor-Leste
2020-04-12,0,Timor-Leste
2020-04-13,2,Timor-Leste
2020-04-14,2,Timor-Leste
2020-04-15,2,Timor-Leste
2020-04-16,10,Timor-Leste
2020-04-17,0,Timor-Leste
2020-04-18,0,Timor-Leste
2020-04-19,1,Timor-Leste
2020-04-20,3,Timor-Leste
2020-04-21,1,Timor-Leste
2020-04-22,0,Timor-Leste
2020-04-23,0,Timor-Leste
2020-04-24,1,Timor-Leste
2020-04-25,0,Timor-Leste
2020-04-26,0,Timor-Leste
2020-04-27,0,Timor-Leste
2020-04-28,0,Timor-Leste
2020-04-29,0,Timor-Leste
2020-04-30,0,Timor-Leste
2020-05-01,0,Timor-Leste
2020-05-02,0,Timor-Leste
2020-05-03,0,Timor-Leste
2020-05-04,0,Timor-Leste
2020-05-05,0,Timor-Leste
2020-05-06,0,Timor-Leste
2020-05-07,0,Timor-Leste
2020-05-08,0,Timor-Leste
2020-05-09,0,Timor-Leste
2020-05-10,0,Timor-Leste
2020-05-11,0,Timor-Leste
2020-05-12,0,Timor-Leste
2020-05-13,0,Timor-Leste
2020-05-14,0,Timor-Leste
2020-05-15,0,Timor-Leste
2020-05-16,0,Timor-Leste
2020-05-17,0,Timor-Leste
2020-05-18,0,Timor-Leste
2020-05-19,0,Timor-Leste
2020-05-20,0,Timor-Leste
2020-05-21,0,Timor-Leste
2020-05-22,0,Timor-Leste
2020-05-23,0,Timor-Leste
2020-05-24,0,Timor-Leste
2020-05-25,0,Timor-Leste
2020-05-26,0,Timor-Leste
2020-05-27,0,Timor-Leste
2020-05-28,0,Timor-Leste
2020-05-29,0,Timor-Leste
2020-05-30,0,Timor-Leste
2020-05-31,0,Timor-Leste
2020-06-01,0,Timor-Leste
2020-06-02,0,Timor-Leste
2020-06-03,0,Timor-Leste
2020-06-04,0,Timor-Leste
2020-06-05,0,Timor-Leste
2020-06-06,0,Timor-Leste
2020-06-07,0,Timor-Leste
2020-06-08,0,Timor-Leste
2020-06-09,0,Timor-Leste
2020-06-10,0,Timor-Leste
2020-06-11,0,Timor-Leste
2020-06-12,0,Timor-Leste
2020-06-13,0,Timor-Leste
2020-06-14,0,Timor-Leste
2020-06-15,0,Timor-Leste
2020-06-16,0,Timor-Leste
2020-06-17,0,Timor-Leste
2020-06-18,0,Timor-Leste
2020-06-19,0,Timor-Leste
2020-06-20,0,Timor-Leste
2020-06-21,0,Timor-Leste
2020-06-22,0,Timor-Leste
2020-06-23,0,Timor-Leste
2020-06-24,0,Timor-Leste
2020-06-25,0,Timor-Leste
2020-06-26,0,Timor-Leste
2020-06-27,0,Timor-Leste
2020-06-28,0,Timor-Leste
2020-06-29,0,Timor-Leste
2020-06-30,0,Timor-Leste
2020-07-01,0,Timor-Leste
2020-07-02,0,Timor-Leste
2020-07-03,0,Timor-Leste
2020-07-04,0,Timor-Leste
2020-07-05,0,Timor-Leste
2020-07-06,0,Timor-Leste
2020-07-07,0,Timor-Leste
2020-07-08,0,Timor-Leste
2020-07-09,0,Timor-Leste
2020-07-10,0,Timor-Leste
2020-07-11,0,Timor-Leste
2020-07-12,0,Timor-Leste
2020-07-13,0,Timor-Leste
2020-07-14,0,Timor-Leste
2020-07-15,0,Timor-Leste
2020-07-16,0,Timor-Leste
2020-07-17,0,Timor-Leste
2020-07-18,0,Timor-Leste
2020-07-19,0,Timor-Leste
2020-07-20,0,Timor-Leste
2020-07-21,0,Timor-Leste
2020-07-22,0,Timor-Leste
2020-07-23,0,Timor-Leste
2020-07-24,0,Timor-Leste
2020-07-25,0,Timor-Leste
2020-07-26,0,Timor-Leste
2020-07-27,0,Timor-Leste
2020-07-28,0,Timor-Leste
2020-07-29,0,Timor-Leste
2020-07-30,0,Timor-Leste
2020-07-31,0,Timor-Leste
2020-08-01,0,Timor-Leste
2020-08-02,0,Timor-Leste
2020-08-03,0,Timor-Leste
2020-08-04,1,Timor-Leste
2020-08-05,0,Timor-Leste
2020-08-06,0,Timor-Leste
2020-08-07,0,Timor-Leste
2020-08-08,0,Timor-Leste
2020-08-09,0,Timor-Leste
2020-08-10,0,Timor-Leste
2020-08-11,0,Timor-Leste
2020-08-12,0,Timor-Leste
2020-08-13,0,Timor-Leste
2020-08-14,0,Timor-Leste
2020-08-15,0,Timor-Leste
2020-08-16,0,Timor-Leste
2020-08-17,0,Timor-Leste
2020-08-18,0,Timor-Leste
2020-08-19,0,Timor-Leste
2020-08-20,1,Timor-Leste
2020-08-21,0,Timor-Leste
2020-08-22,0,Timor-Leste
2020-08-23,0,Timor-Leste
2020-08-24,0,Timor-Leste
2020-08-25,0,Timor-Leste
2020-08-26,1,Timor-Leste
2020-08-27,0,Timor-Leste
2020-08-28,0,Timor-Leste
2020-08-29,0,Timor-Leste
2020-08-30,0,Timor-Leste
2020-08-31,0,Timor-Leste
2020-09-01,0,Timor-Leste
2020-09-02,0,Timor-Leste
2020-09-03,0,Timor-Leste
2020-09-04,0,Timor-Leste
2020-09-05,0,Timor-Leste
2020-09-06,0,Timor-Leste
2020-09-07,0,Timor-Leste
2020-09-08,0,Timor-Leste
2020-09-09,0,Timor-Leste
2020-09-10,0,Timor-Leste
2020-09-11,0,Timor-Leste
2020-09-12,0,Timor-Leste
2020-09-13,0,Timor-Leste
2020-09-14,0,Timor-Leste
2020-09-15,0,Timor-Leste
2020-09-16,0,Timor-Leste
2020-09-17,0,Timor-Leste
2020-09-18,0,Timor-Leste
2020-09-19,0,Timor-Leste
2020-09-20,0,Timor-Leste
2020-09-21,0,Timor-Leste
2020-09-22,0,Timor-Leste
2020-09-23,0,Timor-Leste
2020-09-24,0,Timor-Leste
2020-09-25,0,Timor-Leste
2020-09-26,0,Timor-Leste
2020-09-27,0,Timor-Leste
2020-09-28,1,Timor-Leste
2020-09-29,0,Timor-Leste
2020-09-30,0,Timor-Leste
2020-10-01,0,Timor-Leste
2020-10-02,0,Timor-Leste
2020-10-03,0,Timor-Leste
2020-10-04,0,Timor-Leste
2020-10-05,0,Timor-Leste
2020-10-06,0,Timor-Leste
2020-10-07,0,Timor-Leste
2020-10-08,0,Timor-Leste
2020-10-09,0,Timor-Leste
2020-10-10,0,Timor-Leste
2020-10-11,1,Timor-Leste
2020-10-12,0,Timor-Leste
2020-10-13,0,Timor-Leste
2020-10-14,0,Timor-Leste
2020-10-15,0,Timor-Leste
2020-10-16,0,Timor-Leste
2020-10-17,0,Timor-Leste
2020-10-18,0,Timor-Leste
2020-10-19,0,Timor-Leste
2020-10-20,0,Timor-Leste
2020-10-21,0,Timor-Leste
2020-10-22,0,Timor-Leste
2020-10-23,0,Timor-Leste
2020-10-24,0,Timor-Leste
2020-10-25,0,Timor-Leste
2020-10-26,1,Timor-Leste
2020-10-27,0,Timor-Leste
2020-10-28,0,Timor-Leste
2020-10-29,0,Timor-Leste
2020-10-30,0,Timor-Leste
2020-10-31,0,Timor-Leste
2020-11-01,0,Timor-Leste
2020-11-02,0,Timor-Leste
2020-11-03,0,Timor-Leste
2020-11-04,0,Timor-Leste
2020-11-05,0,Timor-Leste
2020-11-06,0,Timor-Leste
2020-11-07,0,Timor-Leste
2020-11-08,0,Timor-Leste
2020-11-09,0,Timor-Leste
2020-11-10,0,Timor-Leste
2020-11-11,0,Timor-Leste
2020-11-12,0,Timor-Leste
2020-11-13,0,Timor-Leste
2020-11-14,0,Timor-Leste
2020-11-15,0,Timor-Leste
2020-11-16,0,Timor-Leste
2020-11-17,0,Timor-Leste
2020-11-18,0,Timor-Leste
2020-11-19,0,Timor-Leste
2020-11-20,0,Timor-Leste
2020-11-21,0,Timor-Leste
2020-11-22,0,Timor-Leste
2020-11-23,0,Timor-Leste
2020-11-24,0,Timor-Leste
2020-11-25,0,Timor-Leste
2020-11-26,0,Timor-Leste
2020-11-27,0,Timor-Leste
2020-11-28,0,Timor-Leste
2020-11-29,0,Timor-Leste
2020-11-30,0,Timor-Leste
2020-12-01,1,Timor-Leste
2020-12-02,0,Timor-Leste
2020-12-03,0,Timor-Leste
2020-12-04,0,Timor-Leste
2020-12-05,0,Timor-Leste
2020-12-06,0,Timor-Leste
2020-12-07,0,Timor-Leste
2020-12-08,0,Timor-Leste
2020-12-09,0,Timor-Leste
2020-12-10,0,Timor-Leste
2020-12-11,0,Timor-Leste
2020-12-12,0,Timor-Leste
2020-12-13,0,Timor-Leste
2020-12-14,0,Timor-Leste
2020-12-15,0,Timor-Leste
2020-12-16,0,Timor-Leste
2020-12-17,0,Timor-Leste
2020-12-18,0,Timor-Leste
2020-12-19,0,Timor-Leste
2020-12-20,0,Timor-Leste
2020-12-21,0,Timor-Leste
2020-12-22,2,Timor-Leste
2020-12-23,3,Timor-Leste
2020-12-24,5,Timor-Leste
2020-12-25,0,Timor-Leste
2020-12-26,0,Timor-Leste
2020-12-27,0,Timor-Leste
2020-12-28,3,Timor-Leste
2020-12-29,0,Timor-Leste
2020-12-30,0,Timor-Leste
2020-12-31,0,Timor-Leste
2021-01-01,0,Timor-Leste
2021-01-02,0,Timor-Leste
2021-01-03,0,Timor-Leste
2021-01-04,0,Timor-Leste
2021-01-05,5,Timor-Leste
2021-01-06,0,Timor-Leste
2021-01-07,0,Timor-Leste
2021-01-08,0,Timor-Leste
2021-01-09,0,Timor-Leste
2021-01-10,0,Timor-Leste
2021-01-11,0,Timor-Leste
2021-01-12,0,Timor-Leste
2021-01-13,2,Timor-Leste
2021-01-14,0,Timor-Leste
2021-01-15,0,Timor-Leste
2021-01-16,1,Timor-Leste
2021-01-17,0,Timor-Leste
2021-01-18,0,Timor-Leste
2021-01-19,0,Timor-Leste
2021-01-20,1,Timor-Leste
2021-01-21,0,Timor-Leste
2021-01-22,0,Timor-Leste
2021-01-23,11,Timor-Leste
2021-01-24,3,Timor-Leste
2021-01-25,0,Timor-Leste
2021-01-26,0,Timor-Leste
2021-01-27,1,Timor-Leste
2021-01-28,0,Timor-Leste
2021-01-29,1,Timor-Leste
2021-01-30,1,Timor-Leste
2021-01-31,0,Timor-Leste
2021-02-01,0,Timor-Leste
2021-02-02,5,Timor-Leste
2021-02-03,2,Timor-Leste
2021-02-04,3,Timor-Leste
2021-02-05,0,Timor-Leste
2021-02-06,0,Timor-Leste
2021-02-07,0,Timor-Leste
2021-02-08,0,Timor-Leste
2021-02-09,6,Timor-Leste
2021-02-10,0,Timor-Leste
2021-02-11,14,Timor-Leste
2021-02-12,0,Timor-Leste
2021-02-13,1,Timor-Leste
2021-02-14,1,Timor-Leste
2021-02-15,0,Timor-Leste
2021-02-16,0,Timor-Leste
2021-02-17,0,Timor-Leste
2021-02-18,1,Timor-Leste
2021-02-19,0,Timor-Leste
2021-02-20,0,Timor-Leste
2021-02-21,0,Timor-Leste
2021-02-22,0,Timor-Leste
2021-02-23,4,Timor-Leste
2021-02-24,2,Timor-Leste
2021-02-25,1,Timor-Leste
2021-02-26,0,Timor-Leste
2021-02-27,1,Timor-Leste
2021-02-28,2,Timor-Leste
2021-03-01,0,Timor-Leste
2021-03-02,0,Timor-Leste
2021-03-03,0,Timor-Leste
2021-03-04,0,Timor-Leste
2021-03-05,6,Timor-Leste
2021-03-06,0,Timor-Leste
2021-03-07,3,Timor-Leste
2021-03-08,7,Timor-Leste
2021-03-09,13,Timor-Leste
2021-03-10,3,Timor-Leste
2021-03-11,14,Timor-Leste
2021-03-12,11,Timor-Leste
2021-03-13,8,Timor-Leste
2021-03-14,18,Timor-Leste
2021-03-15,7,Timor-Leste
2021-03-16,5,Timor-Leste
2021-03-17,8,Timor-Leste
2021-03-18,13,Timor-Leste
2021-03-19,23,Timor-Leste
2021-03-20,19,Timor-Leste
2021-03-21,55,Timor-Leste
2021-03-22,9,Timor-Leste
2021-03-23,16,Timor-Leste
2021-03-24,21,Timor-Leste
2021-03-25,22,Timor-Leste
2021-03-26,58,Timor-Leste
2021-03-27,28,Timor-Leste
2021-03-28,11,Timor-Leste
2021-03-29,21,Timor-Leste
2021-03-30,51,Timor-Leste
2021-03-31,41,Timor-Leste
2021-04-01,39,Timor-Leste
2021-04-02,34,Timor-Leste
2021-04-03,37,Timor-Leste
2021-04-04,0,Timor-Leste
2021-04-05,52,Timor-Leste
2021-04-06,13,Timor-Leste
2021-04-07,56,Timor-Leste
2021-04-08,42,Timor-Leste
2021-04-09,70,Timor-Leste
2021-04-10,61,Timor-Leste
2021-04-11,38,Timor-Leste
2021-04-12,28,Timor-Leste
2021-04-13,12,Timor-Leste
2021-04-14,17,Timor-Leste
2021-04-15,35,Timor-Leste
2021-04-16,55,Timor-Leste
2021-04-17,43,Timor-Leste
2021-04-18,70,Timor-Leste
2021-04-19,62,Timor-Leste
2021-04-20,84,Timor-Leste
2021-04-21,57,Timor-Leste
2021-04-22,148,Timor-Leste
2021-04-23,82,Timor-Leste
2021-04-24,69,Timor-Leste
2021-04-25,89,Timor-Leste
2021-04-26,52,Timor-Leste
2021-04-27,99,Timor-Leste
2021-04-28,76,Timor-Leste
2021-04-29,66,Timor-Leste
2021-04-30,86,Timor-Leste
2021-05-01,120,Timor-Leste
2021-05-02,48,Timor-Leste
2021-05-03,80,Timor-Leste
2021-05-04,129,Timor-Leste
2021-05-05,133,Timor-Leste
2021-05-06,84,Timor-Leste
2021-05-07,95,Timor-Leste
2021-05-08,146,Timor-Leste
2021-05-09,116,Timor-Leste
2021-05-10,126,Timor-Leste
2021-05-11,140,Timor-Leste
2021-05-12,133,Timor-Leste
2021-05-13,253,Timor-Leste
2021-05-14,239,Timor-Leste
2021-05-15,161,Timor-Leste
2021-05-16,179,Timor-Leste
2021-05-17,131,Timor-Leste
2021-05-18,176,Timor-Leste
2021-05-19,184,Timor-Leste
2021-05-20,172,Timor-Leste
2021-05-21,166,Timor-Leste
2021-05-22,194,Timor-Leste
2021-05-23,156,Timor-Leste
2021-05-24,179,Timor-Leste
2021-05-25,198,Timor-Leste
2021-05-26,231,Timor-Leste
2021-05-27,214,Timor-Leste
2021-05-28,163,Timor-Leste
2021-05-29,130,Timor-Leste
2021-05-30,145,Timor-Leste
2021-05-31,97,Timor-Leste
2021-06-01,167,Timor-Leste
2021-06-02,149,Timor-Leste
2021-06-03,112,Timor-Leste
2021-06-04,89,Timor-Leste
2021-06-05,148,Timor-Leste
2021-06-06,81,Timor-Leste
2021-06-07,24,Timor-Leste
2021-06-08,98,Timor-Leste
2021-06-09,79,Timor-Leste
2021-06-10,172,Timor-Leste
2021-06-11,32,Timor-Leste
2021-06-12,83,Timor-Leste
2021-06-13,57,Timor-Leste
2021-06-14,56,Timor-Leste
2021-06-15,71,Timor-Leste
2021-06-16,66,Timor-Leste
2021-06-17,26,Timor-Leste
2021-06-18,98,Timor-Leste
2021-06-19,76,Timor-Leste
2021-06-20,29,Timor-Leste
2021-06-21,21,Timor-Leste
2021-06-22,53,Timor-Leste
2021-06-23,62,Timor-Leste
2021-06-24,46,Timor-Leste
2021-06-25,23,Timor-Leste
2021-06-26,67,Timor-Leste
2021-06-27,56,Timor-Leste
2021-06-28,20,Timor-Leste
2021-06-29,63,Timor-Leste
2021-06-30,104,Timor-Leste
2021-07-01,56,Timor-Leste
2021-07-02,83,Timor-Leste
2021-07-03,64,Timor-Leste
2021-07-04,51,Timor-Leste
2021-07-05,36,Timor-Leste
2021-07-06,46,Timor-Leste
2021-07-07,36,Timor-Leste
2021-07-08,63,Timor-Leste
2021-07-09,53,Timor-Leste
2021-07-10,56,Timor-Leste
2021-07-11,57,Timor-Leste
2021-07-12,39,Timor-Leste
2021-07-13,44,Timor-Leste
2021-07-14,54,Timor-Leste
2021-07-15,37,Timor-Leste
2021-07-16,52,Timor-Leste
2021-07-17,51,Timor-Leste
2021-07-18,28,Timor-Leste
2021-07-19,14,Timor-Leste
2021-07-20,32,Timor-Leste
2021-07-21,31,Timor-Leste
2021-07-22,22,Timor-Leste
2021-07-23,54,Timor-Leste
2021-07-24,56,Timor-Leste
2021-07-25,11,Timor-Leste
2021-07-26,6,Timor-Leste
2021-07-27,33,Timor-Leste
2021-07-28,148,Timor-Leste
2021-07-29,160,Timor-Leste
2021-07-30,49,Timor-Leste
2021-07-31,154,Timor-Leste
2021-08-01,68,Timor-Leste
2021-08-02,16,Timor-Leste
2021-08-03,118,Timor-Leste
2021-08-04,45,Timor-Leste
2021-08-05,80,Timor-Leste
2021-08-06,161,Timor-Leste
2021-08-07,89,Timor-Leste
2021-08-08,54,Timor-Leste
2021-08-09,50,Timor-Leste
2021-08-10,138,Timor-Leste
2021-08-11,153,Timor-Leste
2021-08-12,189,Timor-Leste
2021-08-13,213,Timor-Leste
2021-08-14,151,Timor-Leste
2021-08-15,142,Timor-Leste
2021-08-16,117,Timor-Leste
2021-08-17,247,Timor-Leste
2021-08-18,226,Timor-Leste
2021-08-19,278,Timor-Leste
2021-08-20,267,Timor-Leste
2021-08-21,281,Timor-Leste
2021-08-22,235,Timor-Leste
2021-08-23,187,Timor-Leste
2021-08-24,532,Timor-Leste
2021-08-25,361,Timor-Leste
2021-08-26,307,Timor-Leste
2021-08-27,357,Timor-Leste
2021-08-28,276,Timor-Leste
2021-08-29,166,Timor-Leste
2021-08-30,113,Timor-Leste
2021-08-31,167,Timor-Leste
2021-09-01,259,Timor-Leste
2021-09-02,242,Timor-Leste
2021-09-03,196,Timor-Leste
2021-09-04,89,Timor-Leste
2021-09-05,150,Timor-Leste
2021-09-06,80,Timor-Leste
2021-09-07,190,Timor-Leste
2021-09-08,158,Timor-Leste
2021-09-09,165,Timor-Leste
2021-09-10,97,Timor-Leste
2021-09-11,74,Timor-Leste
2021-09-12,133,Timor-Leste
2021-09-13,82,Timor-Leste
2021-09-14,118,Timor-Leste
2021-09-15,71,Timor-Leste
2021-09-16,70,Timor-Leste
2021-09-17,87,Timor-Leste
2021-09-18,51,Timor-Leste
2021-09-19,39,Timor-Leste
2021-09-20,25,Timor-Leste
2021-09-21,67,Timor-Leste
2021-09-22,81,Timor-Leste
2021-09-23,58,Timor-Leste
2021-09-24,44,Timor-Leste
2021-09-25,42,Timor-Leste
2021-09-26,32,Timor-Leste
2021-09-27,16,Timor-Leste
2021-09-28,47,Timor-Leste
2021-09-29,10,Timor-Leste
2021-09-30,43,Timor-Leste
2021-10-01,37,Timor-Leste
2021-10-02,28,Timor-Leste
2021-10-03,19,Timor-Leste
2021-10-04,10,Timor-Leste
2021-10-05,17,Timor-Leste
2021-10-06,4,Timor-Leste
2021-10-07,20,Timor-Leste
2021-10-08,18,Timor-Leste
2021-10-09,10,Timor-Leste
2021-10-10,12,Timor-Leste
2021-10-11,2,Timor-Leste
2021-10-12,6,Timor-Leste
2021-10-13,7,Timor-Leste
2021-10-14,6,Timor-Leste
2021-10-15,9,Timor-Leste
2021-10-16,4,Timor-Leste
2021-10-17,7,Timor-Leste
2021-10-18,11,Timor-Leste
2021-10-19,5,Timor-Leste
2021-10-20,16,Timor-Leste
2021-10-21,3,Timor-Leste
2021-10-22,10,Timor-Leste
2021-10-23,7,Timor-Leste
2021-10-24,4,Timor-Leste
2021-10-25,4,Timor-Leste
2021-10-26,4,Timor-Leste
2021-10-27,7,Timor-Leste
2021-10-28,0,Timor-Leste
2021-10-29,2,Timor-Leste
2021-10-30,2,Timor-Leste
2021-10-31,1,Timor-Leste
2021-11-01,0,Timor-Leste
2021-11-02,0,Timor-Leste
2021-11-03,0,Timor-Leste
2021-11-04,4,Timor-Leste
2021-11-05,1,Timor-Leste
2021-11-06,4,Timor-Leste
2021-11-07,0,Timor-Leste
2021-11-08,0,Timor-Leste
2021-11-09,5,Timor-Leste
2021-11-10,3,Timor-Leste
2021-11-11,2,Timor-Leste
2021-11-12,0,Timor-Leste
2021-11-13,0,Timor-Leste
2021-11-14,0,Timor-Leste
2021-11-15,1,Timor-Leste
2021-11-16,2,Timor-Leste
2021-11-17,1,Timor-Leste
2021-11-18,1,Timor-Leste
2021-11-19,2,Timor-Leste
2021-11-20,3,Timor-Leste
2021-11-21,0,Timor-Leste
2021-11-22,0,Timor-Leste
2021-11-23,1,Timor-Leste
2021-11-24,0,Timor-Leste
2021-11-25,0,Timor-Leste
2021-11-26,1,Timor-Leste
2021-11-27,1,Timor-Leste
2021-11-28,0,Timor-Leste
2021-11-29,0,Timor-Leste
2021-11-30,1,Timor-Leste
2021-12-01,2,Timor-Leste
2021-12-02,0,Timor-Leste
2021-12-03,2,Timor-Leste
2021-12-04,1,Timor-Leste
2021-12-05,0,Timor-Leste
2021-12-06,0,Timor-Leste
2021-12-07,1,Timor-Leste
2021-12-08,0,Timor-Leste
2021-12-09,0,Timor-Leste
2021-12-10,0,Timor-Leste
2021-12-11,0,Timor-Leste
2021-12-12,0,Timor-Leste
2021-12-13,0,Timor-Leste
2021-12-14,1,Timor-Leste
2021-12-15,0,Timor-Leste
2021-12-16,0,Timor-Leste
2021-12-17,2,Timor-Leste
2021-12-18,1,Timor-Leste
2021-12-19,0,Timor-Leste
2021-12-20,0,Timor-Leste
2021-12-21,0,Timor-Leste
2021-12-22,0,Timor-Leste
2021-12-23,0,Timor-Leste
2021-12-24,0,Timor-Leste
2021-12-25,0,Timor-Leste
2021-12-26,0,Timor-Leste
2021-12-27,0,Timor-Leste
2021-12-28,0,Timor-Leste
2021-12-29,0,Timor-Leste
2021-12-30,0,Timor-Leste
2021-12-31,4,Timor-Leste
2022-01-01,2,Timor-Leste
2022-01-02,0,Timor-Leste
2022-01-03,3,Timor-Leste
2022-01-04,0,Timor-Leste
2022-01-05,0,Timor-Leste
2022-01-06,2,Timor-Leste
2022-01-07,11,Timor-Leste
2022-01-08,0,Timor-Leste
2022-01-09,1,Timor-Leste
2022-01-10,2,Timor-Leste
2022-01-11,2,Timor-Leste
2022-01-12,0,Timor-Leste
2022-01-13,0,Timor-Leste
2022-01-14,1,Timor-Leste
2022-01-15,0,Timor-Leste
2022-01-16,2,Timor-Leste
2022-01-17,0,Timor-Leste
2022-01-18,2,Timor-Leste
2022-01-19,1,Timor-Leste
2022-01-20,0,Timor-Leste
2022-01-21,0,Timor-Leste
2022-01-22,0,Timor-Leste
2022-01-23,2,Timor-Leste
2022-01-24,1,Timor-Leste
2022-01-25,2,Timor-Leste
2022-01-26,8,Timor-Leste
2022-01-27,15,Timor-Leste
2022-01-28,4,Timor-Leste
2022-01-29,10,Timor-Leste
2022-01-30,29,Timor-Leste
2022-01-31,9,Timor-Leste
2022-02-01,159,Timor-Leste
2022-02-02,31,Timor-Leste
2022-02-03,41,Timor-Leste
2022-02-04,63,Timor-Leste
2022-02-05,88,Timor-Leste
2022-02-06,75,Timor-Leste
2022-02-07,98,Timor-Leste
2022-02-08,247,Timor-Leste
2022-02-09,194,Timor-Leste
2022-02-10,216,Timor-Leste
2022-02-11,243,Timor-Leste
2022-02-12,155,Timor-Leste
2022-02-13,75,Timor-Leste
2022-02-14,117,Timor-Leste
2022-02-15,129,Timor-Leste
2022-02-16,170,Timor-Leste
2022-02-17,91,Timor-Leste
2022-02-18,123,Timor-Leste
2022-02-19,53,Timor-Leste
2022-02-20,44,Timor-Leste
2022-02-21,48,Timor-Leste
2022-02-22,79,Timor-Leste
2022-02-23,53,Timor-Leste
2022-02-24,46,Timor-Leste
2022-02-25,52,Timor-Leste
2022-02-26,13,Timor-Leste
2022-02-27,19,Timor-Leste
2022-02-28,25,Timor-Leste
2022-03-01,23,Timor-Leste
2022-03-02,16,Timor-Leste
2022-03-03,4,Timor-Leste
2022-03-04,5,Timor-Leste
2022-03-05,16,Timor-Leste
2022-03-06,2,Timor-Leste
2022-03-07,3,Timor-Leste
2022-03-08,6,Timor-Leste
2022-03-09,9,Timor-Leste
2022-03-10,7,Timor-Leste
2022-03-11,2,Timor-Leste
2022-03-12,3,Timor-Leste
2022-03-13,2,Timor-Leste
2022-03-14,2,Timor-Leste
2022-03-15,2,Timor-Leste
2022-03-16,6,Timor-Leste
2022-03-17,1,Timor-Leste
2022-03-18,1,Timor-Leste
2022-03-19,1,Timor-Leste
2022-03-20,1,Timor-Leste
2022-03-21,0,Timor-Leste
2022-03-22,5,Timor-Leste
2022-03-23,3,Timor-Leste
2022-03-24,0,Timor-Leste
2022-03-25,4,Timor-Leste
2022-03-26,4,Timor-Leste
2022-03-27,0,Timor-Leste
2022-03-28,1,Timor-Leste
2022-03-29,5,Timor-Leste
2022-03-30,3,Timor-Leste
2022-03-31,1,Timor-Leste
2022-04-01,1,Timor-Leste
2022-04-02,0,Timor-Leste
2022-04-03,0,Timor-Leste
2022-04-04,0,Timor-Leste
2022-04-05,4,Timor-Leste
2022-04-06,0,Timor-Leste
2022-04-07,6,Timor-Leste
2022-04-08,0,Timor-Leste
2022-04-09,0,Timor-Leste
2022-04-10,0,Timor-Leste
2022-04-11,0,Timor-Leste
2022-04-12,2,Timor-Leste
2022-04-13,4,Timor-Leste
2022-04-14,3,Timor-Leste
2022-04-15,2,Timor-Leste
2022-04-16,0,Timor-Leste
2022-04-17,0,Timor-Leste
2022-04-18,0,Timor-Leste
2022-04-19,0,Timor-Leste
2022-04-20,1,Timor-Leste
2022-04-21,3,Timor-Leste
2022-04-22,3,Timor-Leste
2022-04-23,0,Timor-Leste
2022-04-24,0,Timor-Leste
2022-04-25,0,Timor-Leste
2022-04-26,1,Timor-Leste
2022-04-27,1,Timor-Leste
2022-04-28,1,Timor-Leste
2022-04-29,2,Timor-Leste
2022-04-30,2,Timor-Leste
2022-05-01,4,Timor-Leste
2022-05-02,3,Timor-Leste
2022-05-03,1,Timor-Leste
2022-05-04,4,Timor-Leste
2022-05-05,4,Timor-Leste
2022-05-06,1,Timor-Leste
2022-05-07,1,Timor-Leste
2022-05-08,0,Timor-Leste
2022-05-09,0,Timor-Leste
2022-05-10,1,Timor-Leste
2022-05-11,2,Timor-Leste
2022-05-12,0,Timor-Leste
2022-05-13,0,Timor-Leste
2022-05-14,1,Timor-Leste
2022-05-15,0,Timor-Leste
2022-05-16,0,Timor-Leste
2022-05-17,1,Timor-Leste
2022-05-18,0,Timor-Leste
2022-05-19,2,Timor-Leste
2022-05-20,1,Timor-Leste
2022-05-21,0,Timor-Leste
2022-05-22,2,Timor-Leste
2022-05-23,1,Timor-Leste
2022-05-24,0,Timor-Leste
2022-05-25,1,Timor-Leste
2022-05-26,7,Timor-Leste
2022-05-27,5,Timor-Leste
2022-05-28,3,Timor-Leste
2022-05-29,0,Timor-Leste
2022-05-30,1,Timor-Leste
2022-05-31,2,Timor-Leste
2022-06-01,1,Timor-Leste
2022-06-02,1,Timor-Leste
2022-06-03,4,Timor-Leste
2022-06-04,3,Timor-Leste
2022-06-05,1,Timor-Leste
2022-06-06,2,Timor-Leste
2022-06-07,1,Timor-Leste
2022-06-08,1,Timor-Leste
2022-06-09,2,Timor-Leste
2022-06-10,0,Timor-Leste
2022-06-11,0,Timor-Leste
2022-06-12,2,Timor-Leste
2022-06-13,0,Timor-Leste
2022-06-14,7,Timor-Leste
2022-06-15,4,Timor-Leste
2022-06-16,0,Timor-Leste
2022-06-17,0,Timor-Leste
2022-06-18,0,Timor-Leste
2022-06-19,0,Timor-Leste
2022-06-20,0,Timor-Leste
2022-06-21,1,Timor-Leste
2022-06-22,0,Timor-Leste
2022-06-23,2,Timor-Leste
2022-06-24,2,Timor-Leste
2022-06-25,1,Timor-Leste
2022-06-26,1,Timor-Leste
2022-06-27,0,Timor-Leste
2022-06-28,3,Timor-Leste
2022-06-29,3,Timor-Leste
2022-06-30,0,Timor-Leste
2022-07-01,1,Timor-Leste
2022-07-02,1,Timor-Leste
2022-07-03,0,Timor-Leste
2022-07-04,0,Timor-Leste
2022-07-05,2,Timor-Leste
2022-07-06,3,Timor-Leste
2022-07-07,1,Timor-Leste
2022-07-08,4,Timor-Leste
2022-07-09,0,Timor-Leste
2022-07-10,2,Timor-Leste
2022-07-11,1,Timor-Leste
2022-07-12,0,Timor-Leste
2022-07-13,2,Timor-Leste
2022-07-14,1,Timor-Leste
2022-07-15,1,Timor-Leste
2022-07-16,1,Timor-Leste
2022-07-17,1,Timor-Leste
2022-07-18,0,Timor-Leste
2022-07-19,2,Timor-Leste
2022-07-20,4,Timor-Leste
2022-07-21,1,Timor-Leste
2022-07-22,0,Timor-Leste
2022-07-23,1,Timor-Leste
2022-07-24,0,Timor-Leste
2022-07-25,0,Timor-Leste
2022-07-26,5,Timor-Leste
2022-07-27,1,Timor-Leste
2022-07-28,4,Timor-Leste
2022-07-29,3,Timor-Leste
2022-07-30,3,Timor-Leste
2022-07-31,2,Timor-Leste
2022-08-01,5,Timor-Leste
2022-08-02,10,Timor-Leste
2022-08-03,5,Timor-Leste
2022-08-04,3,Timor-Leste
2022-08-05,9,Timor-Leste
2022-08-06,1,Timor-Leste
2022-08-07,2,Timor-Leste
2022-08-08,3,Timor-Leste
2022-08-09,13,Timor-Leste
2022-08-10,9,Timor-Leste
2022-08-11,8,Timor-Leste
2022-08-12,2,Timor-Leste
2022-08-13,8,Timor-Leste
2022-08-14,1,Timor-Leste
2022-08-15,3,Timor-Leste
2022-08-16,9,Timor-Leste
2022-08-17,5,Timor-Leste
2022-08-18,8,Timor-Leste
2022-08-19,6,Timor-Leste
2022-08-20,1,Timor-Leste
2022-08-21,1,Timor-Leste
2022-08-22,4,Timor-Leste
2022-08-23,14,Timor-Leste
2022-08-24,6,Timor-Leste
2022-08-25,4,Timor-Leste
2022-08-26,8,Timor-Leste
2022-08-27,6,Timor-Leste
2022-08-28,2,Timor-Leste
2022-08-29,1,Timor-Leste
2022-08-30,2,Timor-Leste
2022-08-31,7,Timor-Leste
2022-09-01,6,Timor-Leste
2022-09-02,3,Timor-Leste
2022-09-03,5,Timor-Leste
2022-09-04,1,Timor-Leste
2022-09-05,4,Timor-Leste
2022-09-06,6,Timor-Leste
2022-09-07,9,Timor-Leste
2022-09-08,2,Timor-Leste
2022-09-09,5,Timor-Leste
2022-09-10,6,Timor-Leste
2022-09-11,1,Timor-Leste
2022-09-12,2,Timor-Leste
2022-09-13,7,Timor-Leste
2022-09-14,5,Timor-Leste
2022-09-15,5,Timor-Leste
2022-09-16,2,Timor-Leste
2022-09-17,0,Timor-Leste
2022-09-18,0,Timor-Leste
2022-09-19,3,Timor-Leste
2022-09-20,3,Timor-Leste
2022-09-21,2,Timor-Leste
2022-09-22,0,Timor-Leste
2022-09-23,1,Timor-Leste
2022-09-24,5,Timor-Leste
2022-09-25,0,Timor-Leste
2022-09-26,0,Timor-Leste
2022-09-27,0,Timor-Leste
2022-09-28,0,Timor-Leste
2022-09-29,0,Timor-Leste
2022-09-30,4,Timor-Leste
2022-10-01,0,Timor-Leste
2022-10-02,0,Timor-Leste
2022-10-03,0,Timor-Leste
2022-10-04,0,Timor-Leste
2022-10-05,4,Timor-Leste
2022-10-06,5,Timor-Leste
2022-10-07,2,Timor-Leste
2022-10-08,1,Timor-Leste
2022-10-09,2,Timor-Leste
2022-10-10,1,Timor-Leste
2022-10-11,0,Timor-Leste
2022-10-12,3,Timor-Leste
2022-10-13,0,Timor-Leste
2022-10-14,1,Timor-Leste
2022-10-15,11,Timor-Leste
2022-10-16,0,Timor-Leste
2022-10-17,1,Timor-Leste
2022-10-18,3,Timor-Leste
2022-10-19,0,Timor-Leste
2022-10-20,1,Timor-Leste
2020-03-02,4,United Kingdom of Great Britain and Northern Ireland
2020-03-03,20,United Kingdom of Great Britain and Northern Ireland
2020-03-04,41,United Kingdom of Great Britain and Northern Ireland
2020-03-05,58,United Kingdom of Great Britain and Northern Ireland
2020-03-06,56,United Kingdom of Great Britain and Northern Ireland
2020-03-07,49,United Kingdom of Great Britain and Northern Ireland
2020-03-08,83,United Kingdom of Great Britain and Northern Ireland
2020-03-09,68,United Kingdom of Great Britain and Northern Ireland
2020-03-10,55,United Kingdom of Great Britain and Northern Ireland
2020-03-11,148,United Kingdom of Great Britain and Northern Ireland
2020-03-12,265,United Kingdom of Great Britain and Northern Ireland
2020-03-13,403,United Kingdom of Great Britain and Northern Ireland
2020-03-14,484,United Kingdom of Great Britain and Northern Ireland
2020-03-15,478,United Kingdom of Great Britain and Northern Ireland
2020-03-16,352,United Kingdom of Great Britain and Northern Ireland
2020-03-17,441,United Kingdom of Great Britain and Northern Ireland
2020-03-18,602,United Kingdom of Great Britain and Northern Ireland
2020-03-19,783,United Kingdom of Great Britain and Northern Ireland
2020-03-20,984,United Kingdom of Great Britain and Northern Ireland
2020-03-21,1040,United Kingdom of Great Britain and Northern Ireland
2020-03-22,1253,United Kingdom of Great Britain and Northern Ireland
2020-03-23,1183,United Kingdom of Great Britain and Northern Ireland
2020-03-24,1361,United Kingdom of Great Britain and Northern Ireland
2020-03-25,2289,United Kingdom of Great Britain and Northern Ireland
2020-03-26,2353,United Kingdom of Great Britain and Northern Ireland
2020-03-27,2666,United Kingdom of Great Britain and Northern Ireland
2020-03-28,3039,United Kingdom of Great Britain and Northern Ireland
2020-03-29,3155,United Kingdom of Great Britain and Northern Ireland
2020-03-30,2774,United Kingdom of Great Britain and Northern Ireland
2020-03-31,2818,United Kingdom of Great Britain and Northern Ireland
2020-04-01,4195,United Kingdom of Great Britain and Northern Ireland
2020-04-02,4463,United Kingdom of Great Britain and Northern Ireland
2020-04-03,4891,United Kingdom of Great Britain and Northern Ireland
2020-04-04,4824,United Kingdom of Great Britain and Northern Ireland
2020-04-05,4853,United Kingdom of Great Britain and Northern Ireland
2020-04-06,3976,United Kingdom of Great Britain and Northern Ireland
2020-04-07,3556,United Kingdom of Great Britain and Northern Ireland
2020-04-08,5273,United Kingdom of Great Britain and Northern Ireland
2020-04-09,5477,United Kingdom of Great Britain and Northern Ireland
2020-04-10,5146,United Kingdom of Great Britain and Northern Ireland
2020-04-11,4875,United Kingdom of Great Britain and Northern Ireland
2020-04-12,4327,United Kingdom of Great Britain and Northern Ireland
2020-04-13,3585,United Kingdom of Great Britain and Northern Ireland
2020-04-14,3507,United Kingdom of Great Britain and Northern Ireland
2020-04-15,4203,United Kingdom of Great Britain and Northern Ireland
2020-04-16,4335,United Kingdom of Great Britain and Northern Ireland
2020-04-17,5070,United Kingdom of Great Britain and Northern Ireland
2020-04-18,5292,United Kingdom of Great Britain and Northern Ireland
2020-04-19,4977,United Kingdom of Great Britain and Northern Ireland
2020-04-20,4744,United Kingdom of Great Britain and Northern Ireland
2020-04-21,3881,United Kingdom of Great Britain and Northern Ireland
2020-04-22,4441,United Kingdom of Great Britain and Northern Ireland
2020-04-23,4796,United Kingdom of Great Britain and Northern Ireland
2020-04-24,5517,United Kingdom of Great Britain and Northern Ireland
2020-04-25,5166,United Kingdom of Great Britain and Northern Ireland
2020-04-26,4961,United Kingdom of Great Britain and Northern Ireland
2020-04-27,3757,United Kingdom of Great Britain and Northern Ireland
2020-04-28,3476,United Kingdom of Great Britain and Northern Ireland
2020-04-29,4739,United Kingdom of Great Britain and Northern Ireland
2020-04-30,4719,United Kingdom of Great Britain and Northern Ireland
2020-05-01,5433,United Kingdom of Great Britain and Northern Ireland
2020-05-02,4961,United Kingdom of Great Britain and Northern Ireland
2020-05-03,4766,United Kingdom of Great Britain and Northern Ireland
2020-05-04,3258,United Kingdom of Great Britain and Northern Ireland
2020-05-05,3002,United Kingdom of Great Britain and Northern Ireland
2020-05-06,3398,United Kingdom of Great Britain and Northern Ireland
2020-05-07,3686,United Kingdom of Great Britain and Northern Ireland
2020-05-08,3832,United Kingdom of Great Britain and Northern Ireland
2020-05-09,3787,United Kingdom of Great Britain and Northern Ireland
2020-05-10,3064,United Kingdom of Great Britain and Northern Ireland
2020-05-11,2170,United Kingdom of Great Britain and Northern Ireland
2020-05-12,2337,United Kingdom of Great Britain and Northern Ireland
2020-05-13,3612,United Kingdom of Great Britain and Northern Ireland
2020-05-14,3410,United Kingdom of Great Britain and Northern Ireland
2020-05-15,3330,United Kingdom of Great Britain and Northern Ireland
2020-05-16,2630,United Kingdom of Great Britain and Northern Ireland
2020-05-17,2530,United Kingdom of Great Britain and Northern Ireland
2020-05-18,2082,United Kingdom of Great Britain and Northern Ireland
2020-05-19,1837,United Kingdom of Great Britain and Northern Ireland
2020-05-20,2581,United Kingdom of Great Britain and Northern Ireland
2020-05-21,3063,United Kingdom of Great Britain and Northern Ireland
2020-05-22,2719,United Kingdom of Great Britain and Northern Ireland
2020-05-23,2567,United Kingdom of Great Britain and Northern Ireland
2020-05-24,2057,United Kingdom of Great Britain and Northern Ireland
2020-05-25,1532,United Kingdom of Great Britain and Northern Ireland
2020-05-26,1373,United Kingdom of Great Britain and Northern Ireland
2020-05-27,1625,United Kingdom of Great Britain and Northern Ireland
2020-05-28,2070,United Kingdom of Great Britain and Northern Ireland
2020-05-29,1825,United Kingdom of Great Britain and Northern Ireland
2020-05-30,1757,United Kingdom of Great Britain and Northern Ireland
2020-05-31,1531,United Kingdom of Great Britain and Northern Ireland
2020-06-01,1132,United Kingdom of Great Britain and Northern Ireland
2020-06-02,1080,United Kingdom of Great Britain and Northern Ireland
2020-06-03,1439,United Kingdom of Great Britain and Northern Ireland
2020-06-04,1492,United Kingdom of Great Britain and Northern Ireland
2020-06-05,1369,United Kingdom of Great Britain and Northern Ireland
2020-06-06,1249,United Kingdom of Great Britain and Northern Ireland
2020-06-07,1123,United Kingdom of Great Britain and Northern Ireland
2020-06-08,804,United Kingdom of Great Britain and Northern Ireland
2020-06-09,722,United Kingdom of Great Britain and Northern Ireland
2020-06-10,1099,United Kingdom of Great Britain and Northern Ireland
2020-06-11,1165,United Kingdom of Great Britain and Northern Ireland
2020-06-12,1196,United Kingdom of Great Britain and Northern Ireland
2020-06-13,1013,United Kingdom of Great Britain and Northern Ireland
2020-06-14,1053,United Kingdom of Great Britain and Northern Ireland
2020-06-15,886,United Kingdom of Great Britain and Northern Ireland
2020-06-16,826,United Kingdom of Great Britain and Northern Ireland
2020-06-17,1045,United Kingdom of Great Britain and Northern Ireland
2020-06-18,1103,United Kingdom of Great Britain and Northern Ireland
2020-06-19,1017,United Kingdom of Great Britain and Northern Ireland
2020-06-20,1022,United Kingdom of Great Britain and Northern Ireland
2020-06-21,993,United Kingdom of Great Britain and Northern Ireland
2020-06-22,683,United Kingdom of Great Britain and Northern Ireland
2020-06-23,636,United Kingdom of Great Britain and Northern Ireland
2020-06-24,899,United Kingdom of Great Britain and Northern Ireland
2020-06-25,883,United Kingdom of Great Britain and Northern Ireland
2020-06-26,777,United Kingdom of Great Britain and Northern Ireland
2020-06-27,726,United Kingdom of Great Britain and Northern Ireland
2020-06-28,666,United Kingdom of Great Britain and Northern Ireland
2020-06-29,653,United Kingdom of Great Britain and Northern Ireland
2020-06-30,449,United Kingdom of Great Britain and Northern Ireland
2020-07-01,724,United Kingdom of Great Britain and Northern Ireland
2020-07-02,623,United Kingdom of Great Britain and Northern Ireland
2020-07-03,652,United Kingdom of Great Britain and Northern Ireland
2020-07-04,606,United Kingdom of Great Britain and Northern Ireland
2020-07-05,568,United Kingdom of Great Britain and Northern Ireland
2020-07-06,399,United Kingdom of Great Britain and Northern Ireland
2020-07-07,558,United Kingdom of Great Britain and Northern Ireland
2020-07-08,714,United Kingdom of Great Britain and Northern Ireland
2020-07-09,609,United Kingdom of Great Britain and Northern Ireland
2020-07-10,713,United Kingdom of Great Britain and Northern Ireland
2020-07-11,722,United Kingdom of Great Britain and Northern Ireland
2020-07-12,568,United Kingdom of Great Britain and Northern Ireland
2020-07-13,458,United Kingdom of Great Britain and Northern Ireland
2020-07-14,366,United Kingdom of Great Britain and Northern Ireland
2020-07-15,740,United Kingdom of Great Britain and Northern Ireland
2020-07-16,705,United Kingdom of Great Britain and Northern Ireland
2020-07-17,777,United Kingdom of Great Britain and Northern Ireland
2020-07-18,712,United Kingdom of Great Britain and Northern Ireland
2020-07-19,582,United Kingdom of Great Britain and Northern Ireland
2020-07-20,505,United Kingdom of Great Britain and Northern Ireland
2020-07-21,448,United Kingdom of Great Britain and Northern Ireland
2020-07-22,830,United Kingdom of Great Britain and Northern Ireland
2020-07-23,788,United Kingdom of Great Britain and Northern Ireland
2020-07-24,816,United Kingdom of Great Britain and Northern Ireland
2020-07-25,808,United Kingdom of Great Britain and Northern Ireland
2020-07-26,774,United Kingdom of Great Britain and Northern Ireland
2020-07-27,530,United Kingdom of Great Britain and Northern Ireland
2020-07-28,563,United Kingdom of Great Britain and Northern Ireland
2020-07-29,869,United Kingdom of Great Britain and Northern Ireland
2020-07-30,856,United Kingdom of Great Britain and Northern Ireland
2020-07-31,1062,United Kingdom of Great Britain and Northern Ireland
2020-08-01,946,United Kingdom of Great Britain and Northern Ireland
2020-08-02,698,United Kingdom of Great Britain and Northern Ireland
2020-08-03,559,United Kingdom of Great Britain and Northern Ireland
2020-08-04,564,United Kingdom of Great Britain and Northern Ireland
2020-08-05,1060,United Kingdom of Great Britain and Northern Ireland
2020-08-06,1066,United Kingdom of Great Britain and Northern Ireland
2020-08-07,1091,United Kingdom of Great Britain and Northern Ireland
2020-08-08,1105,United Kingdom of Great Britain and Northern Ireland
2020-08-09,973,United Kingdom of Great Britain and Northern Ireland
2020-08-10,710,United Kingdom of Great Britain and Northern Ireland
2020-08-11,627,United Kingdom of Great Britain and Northern Ireland
2020-08-12,1499,United Kingdom of Great Britain and Northern Ireland
2020-08-13,1378,United Kingdom of Great Britain and Northern Ireland
2020-08-14,1242,United Kingdom of Great Britain and Northern Ireland
2020-08-15,1156,United Kingdom of Great Britain and Northern Ireland
2020-08-16,1185,United Kingdom of Great Britain and Northern Ireland
2020-08-17,714,United Kingdom of Great Britain and Northern Ireland
2020-08-18,602,United Kingdom of Great Britain and Northern Ireland
2020-08-19,1298,United Kingdom of Great Britain and Northern Ireland
2020-08-20,1116,United Kingdom of Great Britain and Northern Ireland
2020-08-21,1282,United Kingdom of Great Britain and Northern Ireland
2020-08-22,1498,United Kingdom of Great Britain and Northern Ireland
2020-08-23,1218,United Kingdom of Great Britain and Northern Ireland
2020-08-24,842,United Kingdom of Great Britain and Northern Ireland
2020-08-25,831,United Kingdom of Great Britain and Northern Ireland
2020-08-26,1300,United Kingdom of Great Britain and Northern Ireland
2020-08-27,1270,United Kingdom of Great Britain and Northern Ireland
2020-08-28,1388,United Kingdom of Great Britain and Northern Ireland
2020-08-29,1591,United Kingdom of Great Britain and Northern Ireland
2020-08-30,1632,United Kingdom of Great Britain and Northern Ireland
2020-08-31,1230,United Kingdom of Great Britain and Northern Ireland
2020-09-01,1171,United Kingdom of Great Britain and Northern Ireland
2020-09-02,1513,United Kingdom of Great Britain and Northern Ireland
2020-09-03,2288,United Kingdom of Great Britain and Northern Ireland
2020-09-04,3077,United Kingdom of Great Britain and Northern Ireland
2020-09-05,3152,United Kingdom of Great Britain and Northern Ireland
2020-09-06,3092,United Kingdom of Great Britain and Northern Ireland
2020-09-07,2551,United Kingdom of Great Britain and Northern Ireland
2020-09-08,2465,United Kingdom of Great Britain and Northern Ireland
2020-09-09,3931,United Kingdom of Great Britain and Northern Ireland
2020-09-10,3370,United Kingdom of Great Britain and Northern Ireland
2020-09-11,3365,United Kingdom of Great Britain and Northern Ireland
2020-09-12,3628,United Kingdom of Great Britain and Northern Ireland
2020-09-13,3324,United Kingdom of Great Britain and Northern Ireland
2020-09-14,2670,United Kingdom of Great Britain and Northern Ireland
2020-09-15,2154,United Kingdom of Great Britain and Northern Ireland
2020-09-16,3428,United Kingdom of Great Britain and Northern Ireland
2020-09-17,3551,United Kingdom of Great Britain and Northern Ireland
2020-09-18,4399,United Kingdom of Great Britain and Northern Ireland
2020-09-19,4675,United Kingdom of Great Britain and Northern Ireland
2020-09-20,4973,United Kingdom of Great Britain and Northern Ireland
2020-09-21,4889,United Kingdom of Great Britain and Northern Ireland
2020-09-22,5340,United Kingdom of Great Britain and Northern Ireland
2020-09-23,5627,United Kingdom of Great Britain and Northern Ireland
2020-09-24,6441,United Kingdom of Great Britain and Northern Ireland
2020-09-25,7096,United Kingdom of Great Britain and Northern Ireland
2020-09-26,7682,United Kingdom of Great Britain and Northern Ireland
2020-09-27,7318,United Kingdom of Great Britain and Northern Ireland
2020-09-28,6810,United Kingdom of Great Britain and Northern Ireland
2020-09-29,7023,United Kingdom of Great Britain and Northern Ireland
2020-09-30,9983,United Kingdom of Great Britain and Northern Ireland
2020-10-01,10366,United Kingdom of Great Britain and Northern Ireland
2020-10-02,12717,United Kingdom of Great Britain and Northern Ireland
2020-10-03,13357,United Kingdom of Great Britain and Northern Ireland
2020-10-04,13854,United Kingdom of Great Britain and Northern Ireland
2020-10-05,11667,United Kingdom of Great Britain and Northern Ireland
2020-10-06,11953,United Kingdom of Great Britain and Northern Ireland
2020-10-07,16753,United Kingdom of Great Britain and Northern Ireland
2020-10-08,17250,United Kingdom of Great Britain and Northern Ireland
2020-10-09,18573,United Kingdom of Great Britain and Northern Ireland
2020-10-10,18425,United Kingdom of Great Britain and Northern Ireland
2020-10-11,15893,United Kingdom of Great Britain and Northern Ireland
2020-10-12,12648,United Kingdom of Great Britain and Northern Ireland
2020-10-13,12202,United Kingdom of Great Britain and Northern Ireland
2020-10-14,19671,United Kingdom of Great Britain and Northern Ireland
2020-10-15,19116,United Kingdom of Great Britain and Northern Ireland
2020-10-16,19920,United Kingdom of Great Britain and Northern Ireland
2020-10-17,18606,United Kingdom of Great Britain and Northern Ireland
2020-10-18,17915,United Kingdom of Great Britain and Northern Ireland
2020-10-19,14882,United Kingdom of Great Britain and Northern Ireland
2020-10-20,14311,United Kingdom of Great Britain and Northern Ireland
2020-10-21,25872,United Kingdom of Great Britain and Northern Ireland
2020-10-22,25613,United Kingdom of Great Britain and Northern Ireland
2020-10-23,25714,United Kingdom of Great Britain and Northern Ireland
2020-10-24,23475,United Kingdom of Great Britain and Northern Ireland
2020-10-25,21694,United Kingdom of Great Britain and Northern Ireland
2020-10-26,16434,United Kingdom of Great Britain and Northern Ireland
2020-10-27,15895,United Kingdom of Great Britain and Northern Ireland
2020-10-28,26807,United Kingdom of Great Britain and Northern Ireland
2020-10-29,24351,United Kingdom of Great Britain and Northern Ireland
2020-10-30,23901,United Kingdom of Great Britain and Northern Ireland
2020-10-31,23614,United Kingdom of Great Britain and Northern Ireland
2020-11-01,22890,United Kingdom of Great Britain and Northern Ireland
2020-11-02,16673,United Kingdom of Great Britain and Northern Ireland
2020-11-03,15970,United Kingdom of Great Britain and Northern Ireland
2020-11-04,31925,United Kingdom of Great Britain and Northern Ireland
2020-11-05,25943,United Kingdom of Great Britain and Northern Ireland
2020-11-06,24027,United Kingdom of Great Britain and Northern Ireland
2020-11-07,24063,United Kingdom of Great Britain and Northern Ireland
2020-11-08,23659,United Kingdom of Great Britain and Northern Ireland
2020-11-09,18766,United Kingdom of Great Britain and Northern Ireland
2020-11-10,20244,United Kingdom of Great Britain and Northern Ireland
2020-11-11,31510,United Kingdom of Great Britain and Northern Ireland
2020-11-12,27789,United Kingdom of Great Britain and Northern Ireland
2020-11-13,27757,United Kingdom of Great Britain and Northern Ireland
2020-11-14,24826,United Kingdom of Great Britain and Northern Ireland
2020-11-15,24388,United Kingdom of Great Britain and Northern Ireland
2020-11-16,18223,United Kingdom of Great Britain and Northern Ireland
2020-11-17,16233,United Kingdom of Great Britain and Northern Ireland
2020-11-18,26952,United Kingdom of Great Britain and Northern Ireland
2020-11-19,23488,United Kingdom of Great Britain and Northern Ireland
2020-11-20,21076,United Kingdom of Great Britain and Northern Ireland
2020-11-21,18041,United Kingdom of Great Britain and Northern Ireland
2020-11-22,17100,United Kingdom of Great Britain and Northern Ireland
2020-11-23,12533,United Kingdom of Great Britain and Northern Ireland
2020-11-24,11895,United Kingdom of Great Britain and Northern Ireland
2020-11-25,19024,United Kingdom of Great Britain and Northern Ireland
2020-11-26,16679,United Kingdom of Great Britain and Northern Ireland
2020-11-27,16814,United Kingdom of Great Britain and Northern Ireland
2020-11-28,14761,United Kingdom of Great Britain and Northern Ireland
2020-11-29,14554,United Kingdom of Great Britain and Northern Ireland
2020-11-30,11086,United Kingdom of Great Britain and Northern Ireland
2020-12-01,10852,United Kingdom of Great Britain and Northern Ireland
2020-12-02,18198,United Kingdom of Great Britain and Northern Ireland
2020-12-03,16684,United Kingdom of Great Britain and Northern Ireland
2020-12-04,16676,United Kingdom of Great Britain and Northern Ireland
2020-12-05,15860,United Kingdom of Great Britain and Northern Ireland
2020-12-06,15834,United Kingdom of Great Britain and Northern Ireland
2020-12-07,12893,United Kingdom of Great Britain and Northern Ireland
2020-12-08,13731,United Kingdom of Great Britain and Northern Ireland
2020-12-09,21584,United Kingdom of Great Britain and Northern Ireland
2020-12-10,21065,United Kingdom of Great Britain and Northern Ireland
2020-12-11,21909,United Kingdom of Great Britain and Northern Ireland
2020-12-12,22916,United Kingdom of Great Britain and Northern Ireland
2020-12-13,24390,United Kingdom of Great Britain and Northern Ireland
2020-12-14,19588,United Kingdom of Great Britain and Northern Ireland
2020-12-15,22266,United Kingdom of Great Britain and Northern Ireland
2020-12-16,35197,United Kingdom of Great Britain and Northern Ireland
2020-12-17,34378,United Kingdom of Great Britain and Northern Ireland
2020-12-18,35427,United Kingdom of Great Britain and Northern Ireland
2020-12-19,34437,United Kingdom of Great Britain and Northern Ireland
2020-12-20,36419,United Kingdom of Great Britain and Northern Ireland
2020-12-21,25589,United Kingdom of Great Britain and Northern Ireland
2020-12-22,33066,United Kingdom of Great Britain and Northern Ireland
2020-12-23,48192,United Kingdom of Great Britain and Northern Ireland
2020-12-24,46475,United Kingdom of Great Britain and Northern Ireland
2020-12-25,42936,United Kingdom of Great Britain and Northern Ireland
2020-12-26,32392,United Kingdom of Great Britain and Northern Ireland
2020-12-27,14419,United Kingdom of Great Britain and Northern Ireland
2020-12-28,41110,United Kingdom of Great Britain and Northern Ireland
2020-12-29,48520,United Kingdom of Great Britain and Northern Ireland
2020-12-30,46408,United Kingdom of Great Britain and Northern Ireland
2020-12-31,83090,United Kingdom of Great Britain and Northern Ireland
2021-01-01,72161,United Kingdom of Great Britain and Northern Ireland
2021-01-02,53947,United Kingdom of Great Britain and Northern Ireland
2021-01-03,32482,United Kingdom of Great Britain and Northern Ireland
2021-01-04,61654,United Kingdom of Great Britain and Northern Ireland
2021-01-05,56335,United Kingdom of Great Britain and Northern Ireland
2021-01-06,77972,United Kingdom of Great Britain and Northern Ireland
2021-01-07,66638,United Kingdom of Great Britain and Northern Ireland
2021-01-08,58784,United Kingdom of Great Britain and Northern Ireland
2021-01-09,53187,United Kingdom of Great Britain and Northern Ireland
2021-01-10,48105,United Kingdom of Great Britain and Northern Ireland
2021-01-11,40035,United Kingdom of Great Britain and Northern Ireland
2021-01-12,37174,United Kingdom of Great Britain and Northern Ireland
2021-01-13,58592,United Kingdom of Great Britain and Northern Ireland
2021-01-14,50647,United Kingdom of Great Britain and Northern Ireland
2021-01-15,46509,United Kingdom of Great Britain and Northern Ireland
2021-01-16,43472,United Kingdom of Great Britain and Northern Ireland
2021-01-17,41452,United Kingdom of Great Britain and Northern Ireland
2021-01-18,31250,United Kingdom of Great Britain and Northern Ireland
2021-01-19,29592,United Kingdom of Great Britain and Northern Ireland
2021-01-20,45957,United Kingdom of Great Britain and Northern Ireland
2021-01-21,40525,United Kingdom of Great Britain and Northern Ireland
2021-01-22,35986,United Kingdom of Great Britain and Northern Ireland
2021-01-23,32502,United Kingdom of Great Britain and Northern Ireland
2021-01-24,30330,United Kingdom of Great Britain and Northern Ireland
2021-01-25,22344,United Kingdom of Great Britain and Northern Ireland
2021-01-26,17554,United Kingdom of Great Britain and Northern Ireland
2021-01-27,30737,United Kingdom of Great Britain and Northern Ireland
2021-01-28,27730,United Kingdom of Great Britain and Northern Ireland
2021-01-29,26303,United Kingdom of Great Britain and Northern Ireland
2021-01-30,24773,United Kingdom of Great Britain and Northern Ireland
2021-01-31,22434,United Kingdom of Great Britain and Northern Ireland
2021-02-01,17167,United Kingdom of Great Britain and Northern Ireland
2021-02-02,15783,United Kingdom of Great Britain and Northern Ireland
2021-02-03,22972,United Kingdom of Great Britain and Northern Ireland
2021-02-04,20265,United Kingdom of Great Britain and Northern Ireland
2021-02-05,19914,United Kingdom of Great Britain and Northern Ireland
2021-02-06,18493,United Kingdom of Great Britain and Northern Ireland
2021-02-07,16307,United Kingdom of Great Britain and Northern Ireland
2021-02-08,12320,United Kingdom of Great Britain and Northern Ireland
2021-02-09,11664,United Kingdom of Great Britain and Northern Ireland
2021-02-10,16194,United Kingdom of Great Britain and Northern Ireland
2021-02-11,14225,United Kingdom of Great Britain and Northern Ireland
2021-02-12,13899,United Kingdom of Great Britain and Northern Ireland
2021-02-13,13139,United Kingdom of Great Britain and Northern Ireland
2021-02-14,12573,United Kingdom of Great Britain and Northern Ireland
2021-02-15,9035,United Kingdom of Great Britain and Northern Ireland
2021-02-16,8995,United Kingdom of Great Britain and Northern Ireland
2021-02-17,14735,United Kingdom of Great Britain and Northern Ireland
2021-02-18,12939,United Kingdom of Great Britain and Northern Ireland
2021-02-19,11942,United Kingdom of Great Britain and Northern Ireland
2021-02-20,11793,United Kingdom of Great Britain and Northern Ireland
2021-02-21,10728,United Kingdom of Great Britain and Northern Ireland
2021-02-22,8313,United Kingdom of Great Britain and Northern Ireland
2021-02-23,8098,United Kingdom of Great Britain and Northern Ireland
2021-02-24,11657,United Kingdom of Great Britain and Northern Ireland
2021-02-25,9763,United Kingdom of Great Britain and Northern Ireland
2021-02-26,8847,United Kingdom of Great Britain and Northern Ireland
2021-02-27,8024,United Kingdom of Great Britain and Northern Ireland
2021-02-28,6782,United Kingdom of Great Britain and Northern Ireland
2021-03-01,4949,United Kingdom of Great Britain and Northern Ireland
2021-03-02,4873,United Kingdom of Great Britain and Northern Ireland
2021-03-03,7192,United Kingdom of Great Britain and Northern Ireland
2021-03-04,6918,United Kingdom of Great Britain and Northern Ireland
2021-03-05,6172,United Kingdom of Great Britain and Northern Ireland
2021-03-06,5937,United Kingdom of Great Britain and Northern Ireland
2021-03-07,5467,United Kingdom of Great Britain and Northern Ireland
2021-03-08,4628,United Kingdom of Great Britain and Northern Ireland
2021-03-09,4410,United Kingdom of Great Britain and Northern Ireland
2021-03-10,6890,United Kingdom of Great Britain and Northern Ireland
2021-03-11,6488,United Kingdom of Great Britain and Northern Ireland
2021-03-12,6250,United Kingdom of Great Britain and Northern Ireland
2021-03-13,5933,United Kingdom of Great Britain and Northern Ireland
2021-03-14,5717,United Kingdom of Great Britain and Northern Ireland
2021-03-15,4381,United Kingdom of Great Britain and Northern Ireland
2021-03-16,4425,United Kingdom of Great Britain and Northern Ireland
2021-03-17,6703,United Kingdom of Great Britain and Northern Ireland
2021-03-18,5863,United Kingdom of Great Britain and Northern Ireland
2021-03-19,5978,United Kingdom of Great Britain and Northern Ireland
2021-03-20,5632,United Kingdom of Great Britain and Northern Ireland
2021-03-21,5180,United Kingdom of Great Britain and Northern Ireland
2021-03-22,4247,United Kingdom of Great Britain and Northern Ireland
2021-03-23,5390,United Kingdom of Great Britain and Northern Ireland
2021-03-24,6459,United Kingdom of Great Britain and Northern Ireland
2021-03-25,5484,United Kingdom of Great Britain and Northern Ireland
2021-03-26,6224,United Kingdom of Great Britain and Northern Ireland
2021-03-27,5616,United Kingdom of Great Britain and Northern Ireland
2021-03-28,4567,United Kingdom of Great Britain and Northern Ireland
2021-03-29,3731,United Kingdom of Great Britain and Northern Ireland
2021-03-30,5030,United Kingdom of Great Britain and Northern Ireland
2021-03-31,4196,United Kingdom of Great Britain and Northern Ireland
2021-04-01,3779,United Kingdom of Great Britain and Northern Ireland
2021-04-02,3966,United Kingdom of Great Britain and Northern Ireland
2021-04-03,3674,United Kingdom of Great Britain and Northern Ireland
2021-04-04,2747,United Kingdom of Great Britain and Northern Ireland
2021-04-05,2508,United Kingdom of Great Britain and Northern Ireland
2021-04-06,2412,United Kingdom of Great Britain and Northern Ireland
2021-04-07,2744,United Kingdom of Great Britain and Northern Ireland
2021-04-08,3313,United Kingdom of Great Britain and Northern Ireland
2021-04-09,3253,United Kingdom of Great Britain and Northern Ireland
2021-04-10,3147,United Kingdom of Great Britain and Northern Ireland
2021-04-11,2953,United Kingdom of Great Britain and Northern Ireland
2021-04-12,2380,United Kingdom of Great Britain and Northern Ireland
2021-04-13,2376,United Kingdom of Great Britain and Northern Ireland
2021-04-14,2881,United Kingdom of Great Britain and Northern Ireland
2021-04-15,2495,United Kingdom of Great Britain and Northern Ireland
2021-04-16,2512,United Kingdom of Great Britain and Northern Ireland
2021-04-17,2345,United Kingdom of Great Britain and Northern Ireland
2021-04-18,2347,United Kingdom of Great Britain and Northern Ireland
2021-04-19,1722,United Kingdom of Great Britain and Northern Ireland
2021-04-20,2584,United Kingdom of Great Britain and Northern Ireland
2021-04-21,2738,United Kingdom of Great Britain and Northern Ireland
2021-04-22,2541,United Kingdom of Great Britain and Northern Ireland
2021-04-23,2708,United Kingdom of Great Britain and Northern Ireland
2021-04-24,2409,United Kingdom of Great Britain and Northern Ireland
2021-04-25,2020,United Kingdom of Great Britain and Northern Ireland
2021-04-26,1564,United Kingdom of Great Britain and Northern Ireland
2021-04-27,2119,United Kingdom of Great Britain and Northern Ireland
2021-04-28,2626,United Kingdom of Great Britain and Northern Ireland
2021-04-29,2178,United Kingdom of Great Britain and Northern Ireland
2021-04-30,2499,United Kingdom of Great Britain and Northern Ireland
2021-05-01,2230,United Kingdom of Great Britain and Northern Ireland
2021-05-02,1825,United Kingdom of Great Britain and Northern Ireland
2021-05-03,1433,United Kingdom of Great Britain and Northern Ireland
2021-05-04,1521,United Kingdom of Great Britain and Northern Ireland
2021-05-05,2084,United Kingdom of Great Britain and Northern Ireland
2021-05-06,2553,United Kingdom of Great Britain and Northern Ireland
2021-05-07,2569,United Kingdom of Great Britain and Northern Ireland
2021-05-08,2326,United Kingdom of Great Britain and Northern Ireland
2021-05-09,1982,United Kingdom of Great Britain and Northern Ireland
2021-05-10,1609,United Kingdom of Great Britain and Northern Ireland
2021-05-11,2307,United Kingdom of Great Britain and Northern Ireland
2021-05-12,2809,United Kingdom of Great Britain and Northern Ireland
2021-05-13,2329,United Kingdom of Great Britain and Northern Ireland
2021-05-14,2335,United Kingdom of Great Britain and Northern Ireland
2021-05-15,2182,United Kingdom of Great Britain and Northern Ireland
2021-05-16,1938,United Kingdom of Great Britain and Northern Ireland
2021-05-17,1628,United Kingdom of Great Britain and Northern Ireland
2021-05-18,1923,United Kingdom of Great Britain and Northern Ireland
2021-05-19,2858,United Kingdom of Great Britain and Northern Ireland
2021-05-20,2812,United Kingdom of Great Britain and Northern Ireland
2021-05-21,2813,United Kingdom of Great Britain and Northern Ireland
2021-05-22,2517,United Kingdom of Great Britain and Northern Ireland
2021-05-23,2367,United Kingdom of Great Britain and Northern Ireland
2021-05-24,2000,United Kingdom of Great Britain and Northern Ireland
2021-05-25,2326,United Kingdom of Great Britain and Northern Ireland
2021-05-26,3369,United Kingdom of Great Britain and Northern Ireland
2021-05-27,3427,United Kingdom of Great Britain and Northern Ireland
2021-05-28,3922,United Kingdom of Great Britain and Northern Ireland
2021-05-29,3747,United Kingdom of Great Britain and Northern Ireland
2021-05-30,3589,United Kingdom of Great Britain and Northern Ireland
2021-05-31,3000,United Kingdom of Great Britain and Northern Ireland
2021-06-01,3164,United Kingdom of Great Britain and Northern Ireland
2021-06-02,3897,United Kingdom of Great Britain and Northern Ireland
2021-06-03,5431,United Kingdom of Great Britain and Northern Ireland
2021-06-04,6168,United Kingdom of Great Britain and Northern Ireland
2021-06-05,6258,United Kingdom of Great Britain and Northern Ireland
2021-06-06,5861,United Kingdom of Great Britain and Northern Ireland
2021-06-07,4731,United Kingdom of Great Britain and Northern Ireland
2021-06-08,5534,United Kingdom of Great Britain and Northern Ireland
2021-06-09,7946,United Kingdom of Great Britain and Northern Ireland
2021-06-10,7896,United Kingdom of Great Britain and Northern Ireland
2021-06-11,8210,United Kingdom of Great Britain and Northern Ireland
2021-06-12,8043,United Kingdom of Great Britain and Northern Ireland
2021-06-13,7619,United Kingdom of Great Britain and Northern Ireland
2021-06-14,6284,United Kingdom of Great Britain and Northern Ireland
2021-06-15,7135,United Kingdom of Great Britain and Northern Ireland
2021-06-16,10362,United Kingdom of Great Britain and Northern Ireland
2021-06-17,10800,United Kingdom of Great Britain and Northern Ireland
2021-06-18,11052,United Kingdom of Great Britain and Northern Ireland
2021-06-19,11106,United Kingdom of Great Britain and Northern Ireland
2021-06-20,10320,United Kingdom of Great Britain and Northern Ireland
2021-06-21,8447,United Kingdom of Great Britain and Northern Ireland
2021-06-22,10087,United Kingdom of Great Britain and Northern Ireland
2021-06-23,16308,United Kingdom of Great Britain and Northern Ireland
2021-06-24,17402,United Kingdom of Great Britain and Northern Ireland
2021-06-25,18351,United Kingdom of Great Britain and Northern Ireland
2021-06-26,18714,United Kingdom of Great Britain and Northern Ireland
2021-06-27,18169,United Kingdom of Great Britain and Northern Ireland
2021-06-28,16301,United Kingdom of Great Britain and Northern Ireland
2021-06-29,18502,United Kingdom of Great Britain and Northern Ireland
2021-06-30,28418,United Kingdom of Great Britain and Northern Ireland
2021-07-01,28199,United Kingdom of Great Britain and Northern Ireland
2021-07-02,28923,United Kingdom of Great Britain and Northern Ireland
2021-07-03,28794,United Kingdom of Great Britain and Northern Ireland
2021-07-04,26339,United Kingdom of Great Britain and Northern Ireland
2021-07-05,24010,United Kingdom of Great Britain and Northern Ireland
2021-07-06,25170,United Kingdom of Great Britain and Northern Ireland
2021-07-07,34919,United Kingdom of Great Britain and Northern Ireland
2021-07-08,36060,United Kingdom of Great Britain and Northern Ireland
2021-07-09,38597,United Kingdom of Great Britain and Northern Ireland
2021-07-10,34020,United Kingdom of Great Britain and Northern Ireland
2021-07-11,32804,United Kingdom of Great Britain and Northern Ireland
2021-07-12,28379,United Kingdom of Great Britain and Northern Ireland
2021-07-13,30503,United Kingdom of Great Britain and Northern Ireland
2021-07-14,44511,United Kingdom of Great Britain and Northern Ireland
2021-07-15,47707,United Kingdom of Great Britain and Northern Ireland
2021-07-16,54910,United Kingdom of Great Britain and Northern Ireland
2021-07-17,62000,United Kingdom of Great Britain and Northern Ireland
2021-07-18,55264,United Kingdom of Great Britain and Northern Ireland
2021-07-19,38476,United Kingdom of Great Britain and Northern Ireland
2021-07-20,36182,United Kingdom of Great Britain and Northern Ireland
2021-07-21,47924,United Kingdom of Great Britain and Northern Ireland
2021-07-22,39876,United Kingdom of Great Britain and Northern Ireland
2021-07-23,35548,United Kingdom of Great Britain and Northern Ireland
2021-07-24,31278,United Kingdom of Great Britain and Northern Ireland
2021-07-25,27817,United Kingdom of Great Britain and Northern Ireland
2021-07-26,22852,United Kingdom of Great Britain and Northern Ireland
2021-07-27,22187,United Kingdom of Great Britain and Northern Ireland
2021-07-28,29981,United Kingdom of Great Britain and Northern Ireland
2021-07-29,29582,United Kingdom of Great Britain and Northern Ireland
2021-07-30,30237,United Kingdom of Great Britain and Northern Ireland
2021-07-31,28432,United Kingdom of Great Britain and Northern Ireland
2021-08-01,24749,United Kingdom of Great Britain and Northern Ireland
2021-08-02,20570,United Kingdom of Great Britain and Northern Ireland
2021-08-03,20985,United Kingdom of Great Britain and Northern Ireland
2021-08-04,29840,United Kingdom of Great Britain and Northern Ireland
2021-08-05,30473,United Kingdom of Great Britain and Northern Ireland
2021-08-06,32338,United Kingdom of Great Britain and Northern Ireland
2021-08-07,31660,United Kingdom of Great Britain and Northern Ireland
2021-08-08,28035,United Kingdom of Great Britain and Northern Ireland
2021-08-09,22540,United Kingdom of Great Britain and Northern Ireland
2021-08-10,22887,United Kingdom of Great Britain and Northern Ireland
2021-08-11,32162,United Kingdom of Great Britain and Northern Ireland
2021-08-12,31518,United Kingdom of Great Britain and Northern Ireland
2021-08-13,33350,United Kingdom of Great Britain and Northern Ireland
2021-08-14,31726,United Kingdom of Great Britain and Northern Ireland
2021-08-15,28974,United Kingdom of Great Britain and Northern Ireland
2021-08-16,25057,United Kingdom of Great Britain and Northern Ireland
2021-08-17,25327,United Kingdom of Great Britain and Northern Ireland
2021-08-18,36907,United Kingdom of Great Britain and Northern Ireland
2021-08-19,37920,United Kingdom of Great Britain and Northern Ireland
2021-08-20,38739,United Kingdom of Great Britain and Northern Ireland
2021-08-21,36501,United Kingdom of Great Britain and Northern Ireland
2021-08-22,32231,United Kingdom of Great Britain and Northern Ireland
2021-08-23,28536,United Kingdom of Great Britain and Northern Ireland
2021-08-24,28743,United Kingdom of Great Britain and Northern Ireland
2021-08-25,39715,United Kingdom of Great Britain and Northern Ireland
2021-08-26,37682,United Kingdom of Great Britain and Northern Ireland
2021-08-27,38777,United Kingdom of Great Britain and Northern Ireland
2021-08-28,37613,United Kingdom of Great Britain and Northern Ireland
2021-08-29,33745,United Kingdom of Great Britain and Northern Ireland
2021-08-30,27601,United Kingdom of Great Britain and Northern Ireland
2021-08-31,26136,United Kingdom of Great Britain and Northern Ireland
2021-09-01,34774,United Kingdom of Great Britain and Northern Ireland
2021-09-02,45212,United Kingdom of Great Britain and Northern Ireland
2021-09-03,43532,United Kingdom of Great Britain and Northern Ireland
2021-09-04,42328,United Kingdom of Great Britain and Northern Ireland
2021-09-05,38633,United Kingdom of Great Britain and Northern Ireland
2021-09-06,31810,United Kingdom of Great Britain and Northern Ireland
2021-09-07,31803,United Kingdom of Great Britain and Northern Ireland
2021-09-08,44929,United Kingdom of Great Britain and Northern Ireland
2021-09-09,38619,United Kingdom of Great Britain and Northern Ireland
2021-09-10,35849,United Kingdom of Great Britain and Northern Ireland
2021-09-11,33974,United Kingdom of Great Britain and Northern Ireland
2021-09-12,29187,United Kingdom of Great Britain and Northern Ireland
2021-09-13,23533,United Kingdom of Great Britain and Northern Ireland
2021-09-14,24060,United Kingdom of Great Britain and Northern Ireland
2021-09-15,34658,United Kingdom of Great Britain and Northern Ireland
2021-09-16,31435,United Kingdom of Great Britain and Northern Ireland
2021-09-17,30414,United Kingdom of Great Britain and Northern Ireland
2021-09-18,29710,United Kingdom of Great Britain and Northern Ireland
2021-09-19,29479,United Kingdom of Great Britain and Northern Ireland
2021-09-20,26645,United Kingdom of Great Britain and Northern Ireland
2021-09-21,31084,United Kingdom of Great Britain and Northern Ireland
2021-09-22,40768,United Kingdom of Great Britain and Northern Ireland
2021-09-23,38848,United Kingdom of Great Britain and Northern Ireland
2021-09-24,36756,United Kingdom of Great Britain and Northern Ireland
2021-09-25,35851,United Kingdom of Great Britain and Northern Ireland
2021-09-26,32108,United Kingdom of Great Britain and Northern Ireland
2021-09-27,28567,United Kingdom of Great Britain and Northern Ireland
2021-09-28,32083,United Kingdom of Great Britain and Northern Ireland
2021-09-29,41589,United Kingdom of Great Britain and Northern Ireland
2021-09-30,36548,United Kingdom of Great Britain and Northern Ireland
2021-10-01,34837,United Kingdom of Great Britain and Northern Ireland
2021-10-02,32604,United Kingdom of Great Britain and Northern Ireland
2021-10-03,29058,United Kingdom of Great Britain and Northern Ireland
2021-10-04,26316,United Kingdom of Great Britain and Northern Ireland
2021-10-05,32059,United Kingdom of Great Britain and Northern Ireland
2021-10-06,43733,United Kingdom of Great Britain and Northern Ireland
2021-10-07,39279,United Kingdom of Great Britain and Northern Ireland
2021-10-08,39264,United Kingdom of Great Britain and Northern Ireland
2021-10-09,38465,United Kingdom of Great Britain and Northern Ireland
2021-10-10,35612,United Kingdom of Great Britain and Northern Ireland
2021-10-11,32306,United Kingdom of Great Britain and Northern Ireland
2021-10-12,36418,United Kingdom of Great Britain and Northern Ireland
2021-10-13,50304,United Kingdom of Great Britain and Northern Ireland
2021-10-14,48321,United Kingdom of Great Britain and Northern Ireland
2021-10-15,47775,United Kingdom of Great Britain and Northern Ireland
2021-10-16,46419,United Kingdom of Great Britain and Northern Ireland
2021-10-17,43560,United Kingdom of Great Britain and Northern Ireland
2021-10-18,37878,United Kingdom of Great Britain and Northern Ireland
2021-10-19,43752,United Kingdom of Great Britain and Northern Ireland
2021-10-20,57743,United Kingdom of Great Britain and Northern Ireland
2021-10-21,52529,United Kingdom of Great Britain and Northern Ireland
2021-10-22,51661,United Kingdom of Great Britain and Northern Ireland
2021-10-23,45194,United Kingdom of Great Britain and Northern Ireland
2021-10-24,40664,United Kingdom of Great Britain and Northern Ireland
2021-10-25,35103,United Kingdom of Great Britain and Northern Ireland
2021-10-26,35764,United Kingdom of Great Britain and Northern Ireland
2021-10-27,47466,United Kingdom of Great Britain and Northern Ireland
2021-10-28,42124,United Kingdom of Great Britain and Northern Ireland
2021-10-29,43045,United Kingdom of Great Britain and Northern Ireland
2021-10-30,41390,United Kingdom of Great Britain and Northern Ireland
2021-10-31,40251,United Kingdom of Great Britain and Northern Ireland
2021-11-01,33569,United Kingdom of Great Britain and Northern Ireland
2021-11-02,34814,United Kingdom of Great Britain and Northern Ireland
2021-11-03,45109,United Kingdom of Great Britain and Northern Ireland
2021-11-04,38019,United Kingdom of Great Britain and Northern Ireland
2021-11-05,35986,United Kingdom of Great Britain and Northern Ireland
2021-11-06,33662,United Kingdom of Great Britain and Northern Ireland
2021-11-07,30318,United Kingdom of Great Britain and Northern Ireland
2021-11-08,27436,United Kingdom of Great Britain and Northern Ireland
2021-11-09,30586,United Kingdom of Great Britain and Northern Ireland
2021-11-10,44126,United Kingdom of Great Britain and Northern Ireland
2021-11-11,42246,United Kingdom of Great Britain and Northern Ireland
2021-11-12,42942,United Kingdom of Great Britain and Northern Ireland
2021-11-13,40999,United Kingdom of Great Britain and Northern Ireland
2021-11-14,37763,United Kingdom of Great Britain and Northern Ireland
2021-11-15,32885,United Kingdom of Great Britain and Northern Ireland
2021-11-16,35532,United Kingdom of Great Britain and Northern Ireland
2021-11-17,50948,United Kingdom of Great Britain and Northern Ireland
2021-11-18,46430,United Kingdom of Great Britain and Northern Ireland
2021-11-19,45895,United Kingdom of Great Britain and Northern Ireland
2021-11-20,44062,United Kingdom of Great Britain and Northern Ireland
2021-11-21,39606,United Kingdom of Great Britain and Northern Ireland
2021-11-22,35335,United Kingdom of Great Britain and Northern Ireland
2021-11-23,37250,United Kingdom of Great Britain and Northern Ireland
2021-11-24,50733,United Kingdom of Great Britain and Northern Ireland
2021-11-25,48197,United Kingdom of Great Britain and Northern Ireland
2021-11-26,46772,United Kingdom of Great Britain and Northern Ireland
2021-11-27,43425,United Kingdom of Great Britain and Northern Ireland
2021-11-28,39330,United Kingdom of Great Britain and Northern Ireland
2021-11-29,33303,United Kingdom of Great Britain and Northern Ireland
2021-11-30,39706,United Kingdom of Great Britain and Northern Ireland
2021-12-01,56289,United Kingdom of Great Britain and Northern Ireland
2021-12-02,55695,United Kingdom of Great Britain and Northern Ireland
2021-12-03,54820,United Kingdom of Great Britain and Northern Ireland
2021-12-04,50319,United Kingdom of Great Britain and Northern Ireland
2021-12-05,45667,United Kingdom of Great Britain and Northern Ireland
2021-12-06,38784,United Kingdom of Great Britain and Northern Ireland
2021-12-07,41051,United Kingdom of Great Britain and Northern Ireland
2021-12-08,59694,United Kingdom of Great Britain and Northern Ireland
2021-12-09,56258,United Kingdom of Great Britain and Northern Ireland
2021-12-10,58827,United Kingdom of Great Britain and Northern Ireland
2021-12-11,56995,United Kingdom of Great Britain and Northern Ireland
2021-12-12,52492,United Kingdom of Great Britain and Northern Ireland
2021-12-13,48594,United Kingdom of Great Britain and Northern Ireland
2021-12-14,53158,United Kingdom of Great Britain and Northern Ireland
2021-12-15,87169,United Kingdom of Great Britain and Northern Ireland
2021-12-16,102788,United Kingdom of Great Britain and Northern Ireland
2021-12-17,112703,United Kingdom of Great Britain and Northern Ireland
2021-12-18,106055,United Kingdom of Great Britain and Northern Ireland
2021-12-19,95897,United Kingdom of Great Britain and Northern Ireland
2021-12-20,88883,United Kingdom of Great Britain and Northern Ireland
2021-12-21,89133,United Kingdom of Great Britain and Northern Ireland
2021-12-22,133966,United Kingdom of Great Britain and Northern Ireland
2021-12-23,150293,United Kingdom of Great Britain and Northern Ireland
2021-12-24,161560,United Kingdom of Great Britain and Northern Ireland
2021-12-25,160633,United Kingdom of Great Britain and Northern Ireland
2021-12-26,137268,United Kingdom of Great Britain and Northern Ireland
2021-12-27,70363,United Kingdom of Great Britain and Northern Ireland
2021-12-28,116287,United Kingdom of Great Britain and Northern Ireland
2021-12-29,195011,United Kingdom of Great Britain and Northern Ireland
2021-12-30,212469,United Kingdom of Great Britain and Northern Ireland
2021-12-31,272798,United Kingdom of Great Britain and Northern Ireland
2022-01-01,236576,United Kingdom of Great Britain and Northern Ireland
2022-01-02,188567,United Kingdom of Great Britain and Northern Ireland
2022-01-03,118275,United Kingdom of Great Britain and Northern Ireland
2022-01-04,181068,United Kingdom of Great Britain and Northern Ireland
2022-01-05,229901,United Kingdom of Great Britain and Northern Ireland
2022-01-06,275647,United Kingdom of Great Britain and Northern Ireland
2022-01-07,222174,United Kingdom of Great Britain and Northern Ireland
2022-01-08,172980,United Kingdom of Great Britain and Northern Ireland
2022-01-09,120287,United Kingdom of Great Britain and Northern Ireland
2022-01-10,93615,United Kingdom of Great Britain and Northern Ireland
2022-01-11,95790,United Kingdom of Great Britain and Northern Ireland
2022-01-12,132959,United Kingdom of Great Britain and Northern Ireland
2022-01-13,115245,United Kingdom of Great Britain and Northern Ireland
2022-01-14,103219,United Kingdom of Great Britain and Northern Ireland
2022-01-15,96412,United Kingdom of Great Britain and Northern Ireland
2022-01-16,86325,United Kingdom of Great Britain and Northern Ireland
2022-01-17,77950,United Kingdom of Great Britain and Northern Ireland
2022-01-18,98097,United Kingdom of Great Britain and Northern Ireland
2022-01-19,131514,United Kingdom of Great Britain and Northern Ireland
2022-01-20,118857,United Kingdom of Great Britain and Northern Ireland
2022-01-21,111760,United Kingdom of Great Britain and Northern Ireland
2022-01-22,100324,United Kingdom of Great Britain and Northern Ireland
2022-01-23,91730,United Kingdom of Great Britain and Northern Ireland
2022-01-24,81733,United Kingdom of Great Britain and Northern Ireland
2022-01-25,102365,United Kingdom of Great Britain and Northern Ireland
2022-01-26,127364,United Kingdom of Great Britain and Northern Ireland
2022-01-27,113202,United Kingdom of Great Britain and Northern Ireland
2022-01-28,108668,United Kingdom of Great Britain and Northern Ireland
2022-01-29,96201,United Kingdom of Great Britain and Northern Ireland
2022-01-30,84026,United Kingdom of Great Britain and Northern Ireland
2022-01-31,73512,United Kingdom of Great Britain and Northern Ireland
2022-02-01,87702,United Kingdom of Great Britain and Northern Ireland
2022-02-02,105051,United Kingdom of Great Britain and Northern Ireland
2022-02-03,93949,United Kingdom of Great Britain and Northern Ireland
2022-02-04,88418,United Kingdom of Great Britain and Northern Ireland
2022-02-05,76644,United Kingdom of Great Britain and Northern Ireland
2022-02-06,63264,United Kingdom of Great Britain and Northern Ireland
2022-02-07,52305,United Kingdom of Great Britain and Northern Ireland
2022-02-08,60552,United Kingdom of Great Britain and Northern Ireland
2022-02-09,76483,United Kingdom of Great Britain and Northern Ireland
2022-02-10,69661,United Kingdom of Great Britain and Northern Ireland
2022-02-11,64339,United Kingdom of Great Britain and Northern Ireland
2022-02-12,52293,United Kingdom of Great Britain and Northern Ireland
2022-02-13,44559,United Kingdom of Great Britain and Northern Ireland
2022-02-14,37529,United Kingdom of Great Britain and Northern Ireland
2022-02-15,41755,United Kingdom of Great Britain and Northern Ireland
2022-02-16,54745,United Kingdom of Great Britain and Northern Ireland
2022-02-17,52502,United Kingdom of Great Britain and Northern Ireland
2022-02-18,51572,United Kingdom of Great Britain and Northern Ireland
2022-02-19,44716,United Kingdom of Great Britain and Northern Ireland
2022-02-20,33241,United Kingdom of Great Britain and Northern Ireland
2022-02-21,34647,United Kingdom of Great Britain and Northern Ireland
2022-02-22,37720,United Kingdom of Great Britain and Northern Ireland
2022-02-23,45132,United Kingdom of Great Britain and Northern Ireland
2022-02-24,39188,United Kingdom of Great Britain and Northern Ireland
2022-02-25,36476,United Kingdom of Great Britain and Northern Ireland
2022-02-26,30631,United Kingdom of Great Britain and Northern Ireland
2022-02-27,27837,United Kingdom of Great Britain and Northern Ireland
2022-02-28,25089,United Kingdom of Great Britain and Northern Ireland
2022-03-01,31360,United Kingdom of Great Britain and Northern Ireland
2022-03-02,44649,United Kingdom of Great Britain and Northern Ireland
2022-03-03,44795,United Kingdom of Great Britain and Northern Ireland
2022-03-04,46179,United Kingdom of Great Britain and Northern Ireland
2022-03-05,43761,United Kingdom of Great Britain and Northern Ireland
2022-03-06,41408,United Kingdom of Great Britain and Northern Ireland
2022-03-07,38759,United Kingdom of Great Britain and Northern Ireland
2022-03-08,49026,United Kingdom of Great Britain and Northern Ireland
2022-03-09,68520,United Kingdom of Great Britain and Northern Ireland
2022-03-10,70112,United Kingdom of Great Britain and Northern Ireland
2022-03-11,73531,United Kingdom of Great Britain and Northern Ireland
2022-03-12,70510,United Kingdom of Great Britain and Northern Ireland
2022-03-13,67030,United Kingdom of Great Britain and Northern Ireland
2022-03-14,62078,United Kingdom of Great Britain and Northern Ireland
2022-03-15,75739,United Kingdom of Great Britain and Northern Ireland
2022-03-16,99834,United Kingdom of Great Britain and Northern Ireland
2022-03-17,93708,United Kingdom of Great Britain and Northern Ireland
2022-03-18,91751,United Kingdom of Great Britain and Northern Ireland
2022-03-19,82853,United Kingdom of Great Britain and Northern Ireland
2022-03-20,75285,United Kingdom of Great Britain and Northern Ireland
2022-03-21,67417,United Kingdom of Great Britain and Northern Ireland
2022-03-22,81054,United Kingdom of Great Britain and Northern Ireland
2022-03-23,109286,United Kingdom of Great Britain and Northern Ireland
2022-03-24,99095,United Kingdom of Great Britain and Northern Ireland
2022-03-25,94185,United Kingdom of Great Britain and Northern Ireland
2022-03-26,82905,United Kingdom of Great Britain and Northern Ireland
2022-03-27,72430,United Kingdom of Great Britain and Northern Ireland
2022-03-28,61456,United Kingdom of Great Britain and Northern Ireland
2022-03-29,68336,United Kingdom of Great Britain and Northern Ireland
2022-03-30,92857,United Kingdom of Great Britain and Northern Ireland
2022-03-31,80126,United Kingdom of Great Britain and Northern Ireland
2022-04-01,73643,United Kingdom of Great Britain and Northern Ireland
2022-04-02,54791,United Kingdom of Great Britain and Northern Ireland
2022-04-03,47462,United Kingdom of Great Britain and Northern Ireland
2022-04-04,37592,United Kingdom of Great Britain and Northern Ireland
2022-04-05,42179,United Kingdom of Great Britain and Northern Ireland
2022-04-06,53727,United Kingdom of Great Britain and Northern Ireland
2022-04-07,49101,United Kingdom of Great Britain and Northern Ireland
2022-04-08,44750,United Kingdom of Great Britain and Northern Ireland
2022-04-09,38709,United Kingdom of Great Britain and Northern Ireland
2022-04-10,32988,United Kingdom of Great Britain and Northern Ireland
2022-04-11,27885,United Kingdom of Great Britain and Northern Ireland
2022-04-12,30952,United Kingdom of Great Britain and Northern Ireland
2022-04-13,37371,United Kingdom of Great Britain and Northern Ireland
2022-04-14,33771,United Kingdom of Great Britain and Northern Ireland
2022-04-15,31685,United Kingdom of Great Britain and Northern Ireland
2022-04-16,26639,United Kingdom of Great Britain and Northern Ireland
2022-04-17,21617,United Kingdom of Great Britain and Northern Ireland
2022-04-18,19925,United Kingdom of Great Britain and Northern Ireland
2022-04-19,20144,United Kingdom of Great Britain and Northern Ireland
2022-04-20,25223,United Kingdom of Great Britain and Northern Ireland
2022-04-21,25772,United Kingdom of Great Britain and Northern Ireland
2022-04-22,21457,United Kingdom of Great Britain and Northern Ireland
2022-04-23,18464,United Kingdom of Great Britain and Northern Ireland
2022-04-24,15703,United Kingdom of Great Britain and Northern Ireland
2022-04-25,13210,United Kingdom of Great Britain and Northern Ireland
2022-04-26,14715,United Kingdom of Great Britain and Northern Ireland
2022-04-27,17109,United Kingdom of Great Britain and Northern Ireland
2022-04-28,14560,United Kingdom of Great Britain and Northern Ireland
2022-04-29,13055,United Kingdom of Great Britain and Northern Ireland
2022-04-30,11608,United Kingdom of Great Britain and Northern Ireland
2022-05-01,10012,United Kingdom of Great Britain and Northern Ireland
2022-05-02,8354,United Kingdom of Great Britain and Northern Ireland
2022-05-03,9034,United Kingdom of Great Britain and Northern Ireland
2022-05-04,11907,United Kingdom of Great Britain and Northern Ireland
2022-05-05,13318,United Kingdom of Great Britain and Northern Ireland
2022-05-06,11672,United Kingdom of Great Britain and Northern Ireland
2022-05-07,10221,United Kingdom of Great Britain and Northern Ireland
2022-05-08,8954,United Kingdom of Great Britain and Northern Ireland
2022-05-09,7517,United Kingdom of Great Britain and Northern Ireland
2022-05-10,9062,United Kingdom of Great Britain and Northern Ireland
2022-05-11,10702,United Kingdom of Great Britain and Northern Ireland
2022-05-12,9748,United Kingdom of Great Britain and Northern Ireland
2022-05-13,8725,United Kingdom of Great Britain and Northern Ireland
2022-05-14,7642,United Kingdom of Great Britain and Northern Ireland
2022-05-15,6942,United Kingdom of Great Britain and Northern Ireland
2022-05-16,6120,United Kingdom of Great Britain and Northern Ireland
2022-05-17,7973,United Kingdom of Great Britain and Northern Ireland
2022-05-18,9417,United Kingdom of Great Britain and Northern Ireland
2022-05-19,8286,United Kingdom of Great Britain and Northern Ireland
2022-05-20,7638,United Kingdom of Great Britain and Northern Ireland
2022-05-21,6820,United Kingdom of Great Britain and Northern Ireland
2022-05-22,5821,United Kingdom of Great Britain and Northern Ireland
2022-05-23,5019,United Kingdom of Great Britain and Northern Ireland
2022-05-24,5997,United Kingdom of Great Britain and Northern Ireland
2022-05-25,7313,United Kingdom of Great Britain and Northern Ireland
2022-05-26,6679,United Kingdom of Great Britain and Northern Ireland
2022-05-27,6293,United Kingdom of Great Britain and Northern Ireland
2022-05-28,5753,United Kingdom of Great Britain and Northern Ireland
2022-05-29,5409,United Kingdom of Great Britain and Northern Ireland
2022-05-30,4988,United Kingdom of Great Britain and Northern Ireland
2022-05-31,5680,United Kingdom of Great Britain and Northern Ireland
2022-06-01,7115,United Kingdom of Great Britain and Northern Ireland
2022-06-02,7093,United Kingdom of Great Britain and Northern Ireland
2022-06-03,7011,United Kingdom of Great Britain and Northern Ireland
2022-06-04,6209,United Kingdom of Great Britain and Northern Ireland
2022-06-05,6635,United Kingdom of Great Britain and Northern Ireland
2022-06-06,7492,United Kingdom of Great Britain and Northern Ireland
2022-06-07,9815,United Kingdom of Great Britain and Northern Ireland
2022-06-08,11747,United Kingdom of Great Britain and Northern Ireland
2022-06-09,11411,United Kingdom of Great Britain and Northern Ireland
2022-06-10,11784,United Kingdom of Great Britain and Northern Ireland
2022-06-11,11319,United Kingdom of Great Britain and Northern Ireland
2022-06-12,10784,United Kingdom of Great Britain and Northern Ireland
2022-06-13,10077,United Kingdom of Great Britain and Northern Ireland
2022-06-14,12693,United Kingdom of Great Britain and Northern Ireland
2022-06-15,15272,United Kingdom of Great Britain and Northern Ireland
2022-06-16,15141,United Kingdom of Great Britain and Northern Ireland
2022-06-17,14837,United Kingdom of Great Britain and Northern Ireland
2022-06-18,14225,United Kingdom of Great Britain and Northern Ireland
2022-06-19,13919,United Kingdom of Great Britain and Northern Ireland
2022-06-20,13623,United Kingdom of Great Britain and Northern Ireland
2022-06-21,16997,United Kingdom of Great Britain and Northern Ireland
2022-06-22,19942,United Kingdom of Great Britain and Northern Ireland
2022-06-23,20896,United Kingdom of Great Britain and Northern Ireland
2022-06-24,20873,United Kingdom of Great Britain and Northern Ireland
2022-06-25,19590,United Kingdom of Great Britain and Northern Ireland
2022-06-26,18350,United Kingdom of Great Britain and Northern Ireland
2022-06-27,16800,United Kingdom of Great Britain and Northern Ireland
2022-06-28,20778,United Kingdom of Great Britain and Northern Ireland
2022-06-29,25104,United Kingdom of Great Britain and Northern Ireland
2022-06-30,25041,United Kingdom of Great Britain and Northern Ireland
2022-07-01,24601,United Kingdom of Great Britain and Northern Ireland
2022-07-02,24240,United Kingdom of Great Britain and Northern Ireland
2022-07-03,23650,United Kingdom of Great Britain and Northern Ireland
2022-07-04,21961,United Kingdom of Great Britain and Northern Ireland
2022-07-05,27780,United Kingdom of Great Britain and Northern Ireland
2022-07-06,33704,United Kingdom of Great Britain and Northern Ireland
2022-07-07,31415,United Kingdom of Great Britain and Northern Ireland
2022-07-08,29698,United Kingdom of Great Britain and Northern Ireland
2022-07-09,26454,United Kingdom of Great Britain and Northern Ireland
2022-07-10,24611,United Kingdom of Great Britain and Northern Ireland
2022-07-11,21246,United Kingdom of Great Britain and Northern Ireland
2022-07-12,25096,United Kingdom of Great Britain and Northern Ireland
2022-07-13,29826,United Kingdom of Great Britain and Northern Ireland
2022-07-14,26946,United Kingdom of Great Britain and Northern Ireland
2022-07-15,23856,United Kingdom of Great Britain and Northern Ireland
2022-07-16,21100,United Kingdom of Great Britain and Northern Ireland
2022-07-17,18359,United Kingdom of Great Britain and Northern Ireland
2022-07-18,15017,United Kingdom of Great Britain and Northern Ireland
2022-07-19,17236,United Kingdom of Great Britain and Northern Ireland
2022-07-20,18718,United Kingdom of Great Britain and Northern Ireland
2022-07-21,16670,United Kingdom of Great Britain and Northern Ireland
2022-07-22,16169,United Kingdom of Great Britain and Northern Ireland
2022-07-23,14158,United Kingdom of Great Britain and Northern Ireland
2022-07-24,12378,United Kingdom of Great Britain and Northern Ireland
2022-07-25,9934,United Kingdom of Great Britain and Northern Ireland
2022-07-26,11275,United Kingdom of Great Britain and Northern Ireland
2022-07-27,13299,United Kingdom of Great Britain and Northern Ireland
2022-07-28,11725,United Kingdom of Great Britain and Northern Ireland
2022-07-29,10544,United Kingdom of Great Britain and Northern Ireland
2022-07-30,9329,United Kingdom of Great Britain and Northern Ireland
2022-07-31,8508,United Kingdom of Great Britain and Northern Ireland
2022-08-01,7325,United Kingdom of Great Britain and Northern Ireland
2022-08-02,8426,United Kingdom of Great Britain and Northern Ireland
2022-08-03,9835,United Kingdom of Great Britain and Northern Ireland
2022-08-04,9170,United Kingdom of Great Britain and Northern Ireland
2022-08-05,8353,United Kingdom of Great Britain and Northern Ireland
2022-08-06,7296,United Kingdom of Great Britain and Northern Ireland
2022-08-07,6548,United Kingdom of Great Britain and Northern Ireland
2022-08-08,5420,United Kingdom of Great Britain and Northern Ireland
2022-08-09,6547,United Kingdom of Great Britain and Northern Ireland
2022-08-10,8068,United Kingdom of Great Britain and Northern Ireland
2022-08-11,7309,United Kingdom of Great Britain and Northern Ireland
2022-08-12,6748,United Kingdom of Great Britain and Northern Ireland
2022-08-13,6193,United Kingdom of Great Britain and Northern Ireland
2022-08-14,5339,United Kingdom of Great Britain and Northern Ireland
2022-08-15,4495,United Kingdom of Great Britain and Northern Ireland
2022-08-16,5363,United Kingdom of Great Britain and Northern Ireland
2022-08-17,6424,United Kingdom of Great Britain and Northern Ireland
2022-08-18,5559,United Kingdom of Great Britain and Northern Ireland
2022-08-19,5032,United Kingdom of Great Britain and Northern Ireland
2022-08-20,4564,United Kingdom of Great Britain and Northern Ireland
2022-08-21,4012,United Kingdom of Great Britain and Northern Ireland
2022-08-22,3502,United Kingdom of Great Britain and Northern Ireland
2022-08-23,4085,United Kingdom of Great Britain and Northern Ireland
2022-08-24,5224,United Kingdom of Great Britain and Northern Ireland
2022-08-25,4778,United Kingdom of Great Britain and Northern Ireland
2022-08-26,4554,United Kingdom of Great Britain and Northern Ireland
2022-08-27,3796,United Kingdom of Great Britain and Northern Ireland
2022-08-28,3451,United Kingdom of Great Britain and Northern Ireland
2022-08-29,3112,United Kingdom of Great Britain and Northern Ireland
2022-08-30,3439,United Kingdom of Great Britain and Northern Ireland
2022-08-31,4662,United Kingdom of Great Britain and Northern Ireland
2022-09-01,5226,United Kingdom of Great Britain and Northern Ireland
2022-09-02,4616,United Kingdom of Great Britain and Northern Ireland
2022-09-03,4350,United Kingdom of Great Britain and Northern Ireland
2022-09-04,3808,United Kingdom of Great Britain and Northern Ireland
2022-09-05,3417,United Kingdom of Great Britain and Northern Ireland
2022-09-06,4288,United Kingdom of Great Britain and Northern Ireland
2022-09-07,5125,United Kingdom of Great Britain and Northern Ireland
2022-09-08,4578,United Kingdom of Great Britain and Northern Ireland
2022-09-09,4235,United Kingdom of Great Britain and Northern Ireland
2022-09-10,3747,United Kingdom of Great Britain and Northern Ireland
2022-09-11,3553,United Kingdom of Great Britain and Northern Ireland
2022-09-12,3268,United Kingdom of Great Britain and Northern Ireland
2022-09-13,4347,United Kingdom of Great Britain and Northern Ireland
2022-09-14,5308,United Kingdom of Great Britain and Northern Ireland
2022-09-15,5148,United Kingdom of Great Britain and Northern Ireland
2022-09-16,4973,United Kingdom of Great Britain and Northern Ireland
2022-09-17,4634,United Kingdom of Great Britain and Northern Ireland
2022-09-18,4134,United Kingdom of Great Britain and Northern Ireland
2022-09-19,3521,United Kingdom of Great Britain and Northern Ireland
2022-09-20,4339,United Kingdom of Great Britain and Northern Ireland
2022-09-21,6166,United Kingdom of Great Britain and Northern Ireland
2022-09-22,7828,United Kingdom of Great Britain and Northern Ireland
2022-09-23,7553,United Kingdom of Great Britain and Northern Ireland
2022-09-24,6815,United Kingdom of Great Britain and Northern Ireland
2022-09-25,6485,United Kingdom of Great Britain and Northern Ireland
2022-09-26,5719,United Kingdom of Great Britain and Northern Ireland
2022-09-27,7240,United Kingdom of Great Britain and Northern Ireland
2022-09-28,8618,United Kingdom of Great Britain and Northern Ireland
2022-09-29,8254,United Kingdom of Great Britain and Northern Ireland
2022-09-30,8414,United Kingdom of Great Britain and Northern Ireland
2022-10-01,7895,United Kingdom of Great Britain and Northern Ireland
2022-10-02,7615,United Kingdom of Great Britain and Northern Ireland
2022-10-03,7065,United Kingdom of Great Britain and Northern Ireland
2022-10-04,9204,United Kingdom of Great Britain and Northern Ireland
2022-10-05,11692,United Kingdom of Great Britain and Northern Ireland
2022-10-06,10965,United Kingdom of Great Britain and Northern Ireland
2022-10-07,10231,United Kingdom of Great Britain and Northern Ireland
2022-10-08,9389,United Kingdom of Great Britain and Northern Ireland
2022-10-09,8950,United Kingdom of Great Britain and Northern Ireland
2022-10-10,7053,United Kingdom of Great Britain and Northern Ireland
2022-10-11,8558,United Kingdom of Great Britain and Northern Ireland
2022-10-12,10497,United Kingdom of Great Britain and Northern Ireland
2022-10-13,9461,United Kingdom of Great Britain and Northern Ireland
2022-10-14,8769,United Kingdom of Great Britain and Northern Ireland
2022-10-15,8134,United Kingdom of Great Britain and Northern Ireland
2022-10-16,7970,United Kingdom of Great Britain and Northern Ireland
2022-10-17,6442,United Kingdom of Great Britain and Northern Ireland
2022-10-18,7780,United Kingdom of Great Britain and Northern Ireland
2022-10-19,10002,United Kingdom of Great Britain and Northern Ireland
2022-10-20,8235,United Kingdom of Great Britain and Northern Ireland
2020-03-02,0,Vanuatu
2020-03-03,0,Vanuatu
2020-03-04,0,Vanuatu
2020-03-05,0,Vanuatu
2020-03-06,0,Vanuatu
2020-03-07,0,Vanuatu
2020-03-08,0,Vanuatu
2020-03-09,0,Vanuatu
2020-03-10,0,Vanuatu
2020-03-11,0,Vanuatu
2020-03-12,0,Vanuatu
2020-03-13,0,Vanuatu
2020-03-14,0,Vanuatu
2020-03-15,0,Vanuatu
2020-03-16,0,Vanuatu
2020-03-17,0,Vanuatu
2020-03-18,0,Vanuatu
2020-03-19,0,Vanuatu
2020-03-20,0,Vanuatu
2020-03-21,0,Vanuatu
2020-03-22,0,Vanuatu
2020-03-23,0,Vanuatu
2020-03-24,0,Vanuatu
2020-03-25,0,Vanuatu
2020-03-26,0,Vanuatu
2020-03-27,0,Vanuatu
2020-03-28,0,Vanuatu
2020-03-29,0,Vanuatu
2020-03-30,0,Vanuatu
2020-03-31,0,Vanuatu
2020-04-01,0,Vanuatu
2020-04-02,0,Vanuatu
2020-04-03,0,Vanuatu
2020-04-04,0,Vanuatu
2020-04-05,0,Vanuatu
2020-04-06,0,Vanuatu
2020-04-07,0,Vanuatu
2020-04-08,0,Vanuatu
2020-04-09,0,Vanuatu
2020-04-10,0,Vanuatu
2020-04-11,0,Vanuatu
2020-04-12,0,Vanuatu
2020-04-13,0,Vanuatu
2020-04-14,0,Vanuatu
2020-04-15,0,Vanuatu
2020-04-16,0,Vanuatu
2020-04-17,0,Vanuatu
2020-04-18,0,Vanuatu
2020-04-19,0,Vanuatu
2020-04-20,0,Vanuatu
2020-04-21,0,Vanuatu
2020-04-22,0,Vanuatu
2020-04-23,0,Vanuatu
2020-04-24,0,Vanuatu
2020-04-25,0,Vanuatu
2020-04-26,0,Vanuatu
2020-04-27,0,Vanuatu
2020-04-28,0,Vanuatu
2020-04-29,0,Vanuatu
2020-04-30,0,Vanuatu
2020-05-01,0,Vanuatu
2020-05-02,0,Vanuatu
2020-05-03,0,Vanuatu
2020-05-04,0,Vanuatu
2020-05-05,0,Vanuatu
2020-05-06,0,Vanuatu
2020-05-07,0,Vanuatu
2020-05-08,0,Vanuatu
2020-05-09,0,Vanuatu
2020-05-10,0,Vanuatu
2020-05-11,0,Vanuatu
2020-05-12,0,Vanuatu
2020-05-13,0,Vanuatu
2020-05-14,0,Vanuatu
2020-05-15,0,Vanuatu
2020-05-16,0,Vanuatu
2020-05-17,0,Vanuatu
2020-05-18,0,Vanuatu
2020-05-19,0,Vanuatu
2020-05-20,0,Vanuatu
2020-05-21,0,Vanuatu
2020-05-22,0,Vanuatu
2020-05-23,0,Vanuatu
2020-05-24,0,Vanuatu
2020-05-25,0,Vanuatu
2020-05-26,0,Vanuatu
2020-05-27,0,Vanuatu
2020-05-28,0,Vanuatu
2020-05-29,0,Vanuatu
2020-05-30,0,Vanuatu
2020-05-31,0,Vanuatu
2020-06-01,0,Vanuatu
2020-06-02,0,Vanuatu
2020-06-03,0,Vanuatu
2020-06-04,0,Vanuatu
2020-06-05,0,Vanuatu
2020-06-06,0,Vanuatu
2020-06-07,0,Vanuatu
2020-06-08,0,Vanuatu
2020-06-09,0,Vanuatu
2020-06-10,0,Vanuatu
2020-06-11,0,Vanuatu
2020-06-12,0,Vanuatu
2020-06-13,0,Vanuatu
2020-06-14,0,Vanuatu
2020-06-15,0,Vanuatu
2020-06-16,0,Vanuatu
2020-06-17,0,Vanuatu
2020-06-18,0,Vanuatu
2020-06-19,0,Vanuatu
2020-06-20,0,Vanuatu
2020-06-21,0,Vanuatu
2020-06-22,0,Vanuatu
2020-06-23,0,Vanuatu
2020-06-24,0,Vanuatu
2020-06-25,0,Vanuatu
2020-06-26,0,Vanuatu
2020-06-27,0,Vanuatu
2020-06-28,0,Vanuatu
2020-06-29,0,Vanuatu
2020-06-30,0,Vanuatu
2020-07-01,0,Vanuatu
2020-07-02,0,Vanuatu
2020-07-03,0,Vanuatu
2020-07-04,0,Vanuatu
2020-07-05,0,Vanuatu
2020-07-06,0,Vanuatu
2020-07-07,0,Vanuatu
2020-07-08,0,Vanuatu
2020-07-09,0,Vanuatu
2020-07-10,0,Vanuatu
2020-07-11,0,Vanuatu
2020-07-12,0,Vanuatu
2020-07-13,0,Vanuatu
2020-07-14,0,Vanuatu
2020-07-15,0,Vanuatu
2020-07-16,0,Vanuatu
2020-07-17,0,Vanuatu
2020-07-18,0,Vanuatu
2020-07-19,0,Vanuatu
2020-07-20,0,Vanuatu
2020-07-21,0,Vanuatu
2020-07-22,0,Vanuatu
2020-07-23,0,Vanuatu
2020-07-24,0,Vanuatu
2020-07-25,0,Vanuatu
2020-07-26,0,Vanuatu
2020-07-27,0,Vanuatu
2020-07-28,0,Vanuatu
2020-07-29,0,Vanuatu
2020-07-30,0,Vanuatu
2020-07-31,0,Vanuatu
2020-08-01,0,Vanuatu
2020-08-02,0,Vanuatu
2020-08-03,0,Vanuatu
2020-08-04,0,Vanuatu
2020-08-05,0,Vanuatu
2020-08-06,0,Vanuatu
2020-08-07,0,Vanuatu
2020-08-08,0,Vanuatu
2020-08-09,0,Vanuatu
2020-08-10,0,Vanuatu
2020-08-11,0,Vanuatu
2020-08-12,0,Vanuatu
2020-08-13,0,Vanuatu
2020-08-14,0,Vanuatu
2020-08-15,0,Vanuatu
2020-08-16,0,Vanuatu
2020-08-17,0,Vanuatu
2020-08-18,0,Vanuatu
2020-08-19,0,Vanuatu
2020-08-20,0,Vanuatu
2020-08-21,0,Vanuatu
2020-08-22,0,Vanuatu
2020-08-23,0,Vanuatu
2020-08-24,0,Vanuatu
2020-08-25,0,Vanuatu
2020-08-26,0,Vanuatu
2020-08-27,0,Vanuatu
2020-08-28,0,Vanuatu
2020-08-29,0,Vanuatu
2020-08-30,0,Vanuatu
2020-08-31,0,Vanuatu
2020-09-01,0,Vanuatu
2020-09-02,0,Vanuatu
2020-09-03,0,Vanuatu
2020-09-04,0,Vanuatu
2020-09-05,0,Vanuatu
2020-09-06,0,Vanuatu
2020-09-07,0,Vanuatu
2020-09-08,0,Vanuatu
2020-09-09,0,Vanuatu
2020-09-10,0,Vanuatu
2020-09-11,0,Vanuatu
2020-09-12,0,Vanuatu
2020-09-13,0,Vanuatu
2020-09-14,0,Vanuatu
2020-09-15,0,Vanuatu
2020-09-16,0,Vanuatu
2020-09-17,0,Vanuatu
2020-09-18,0,Vanuatu
2020-09-19,0,Vanuatu
2020-09-20,0,Vanuatu
2020-09-21,0,Vanuatu
2020-09-22,0,Vanuatu
2020-09-23,0,Vanuatu
2020-09-24,0,Vanuatu
2020-09-25,0,Vanuatu
2020-09-26,0,Vanuatu
2020-09-27,0,Vanuatu
2020-09-28,0,Vanuatu
2020-09-29,0,Vanuatu
2020-09-30,0,Vanuatu
2020-10-01,0,Vanuatu
2020-10-02,0,Vanuatu
2020-10-03,0,Vanuatu
2020-10-04,0,Vanuatu
2020-10-05,0,Vanuatu
2020-10-06,0,Vanuatu
2020-10-07,0,Vanuatu
2020-10-08,0,Vanuatu
2020-10-09,0,Vanuatu
2020-10-10,0,Vanuatu
2020-10-11,0,Vanuatu
2020-10-12,0,Vanuatu
2020-10-13,0,Vanuatu
2020-10-14,0,Vanuatu
2020-10-15,0,Vanuatu
2020-10-16,0,Vanuatu
2020-10-17,0,Vanuatu
2020-10-18,0,Vanuatu
2020-10-19,0,Vanuatu
2020-10-20,0,Vanuatu
2020-10-21,0,Vanuatu
2020-10-22,0,Vanuatu
2020-10-23,0,Vanuatu
2020-10-24,0,Vanuatu
2020-10-25,0,Vanuatu
2020-10-26,0,Vanuatu
2020-10-27,0,Vanuatu
2020-10-28,0,Vanuatu
2020-10-29,0,Vanuatu
2020-10-30,0,Vanuatu
2020-10-31,0,Vanuatu
2020-11-01,0,Vanuatu
2020-11-02,0,Vanuatu
2020-11-03,0,Vanuatu
2020-11-04,0,Vanuatu
2020-11-05,0,Vanuatu
2020-11-06,0,Vanuatu
2020-11-07,0,Vanuatu
2020-11-08,0,Vanuatu
2020-11-09,0,Vanuatu
2020-11-10,0,Vanuatu
2020-11-11,1,Vanuatu
2020-11-12,0,Vanuatu
2020-11-13,0,Vanuatu
2020-11-14,0,Vanuatu
2020-11-15,0,Vanuatu
2020-11-16,0,Vanuatu
2020-11-17,0,Vanuatu
2020-11-18,0,Vanuatu
2020-11-19,0,Vanuatu
2020-11-20,0,Vanuatu
2020-11-21,0,Vanuatu
2020-11-22,0,Vanuatu
2020-11-23,0,Vanuatu
2020-11-24,0,Vanuatu
2020-11-25,0,Vanuatu
2020-11-26,0,Vanuatu
2020-11-27,0,Vanuatu
2020-11-28,0,Vanuatu
2020-11-29,0,Vanuatu
2020-11-30,0,Vanuatu
2020-12-01,0,Vanuatu
2020-12-02,0,Vanuatu
2020-12-03,0,Vanuatu
2020-12-04,0,Vanuatu
2020-12-05,0,Vanuatu
2020-12-06,0,Vanuatu
2020-12-07,0,Vanuatu
2020-12-08,0,Vanuatu
2020-12-09,0,Vanuatu
2020-12-10,0,Vanuatu
2020-12-11,0,Vanuatu
2020-12-12,0,Vanuatu
2020-12-13,0,Vanuatu
2020-12-14,0,Vanuatu
2020-12-15,0,Vanuatu
2020-12-16,0,Vanuatu
2020-12-17,0,Vanuatu
2020-12-18,0,Vanuatu
2020-12-19,0,Vanuatu
2020-12-20,0,Vanuatu
2020-12-21,0,Vanuatu
2020-12-22,0,Vanuatu
2020-12-23,0,Vanuatu
2020-12-24,0,Vanuatu
2020-12-25,0,Vanuatu
2020-12-26,0,Vanuatu
2020-12-27,0,Vanuatu
2020-12-28,0,Vanuatu
2020-12-29,0,Vanuatu
2020-12-30,0,Vanuatu
2020-12-31,0,Vanuatu
2021-01-01,0,Vanuatu
2021-01-02,0,Vanuatu
2021-01-03,0,Vanuatu
2021-01-04,0,Vanuatu
2021-01-05,0,Vanuatu
2021-01-06,0,Vanuatu
2021-01-07,0,Vanuatu
2021-01-08,0,Vanuatu
2021-01-09,0,Vanuatu
2021-01-10,0,Vanuatu
2021-01-11,0,Vanuatu
2021-01-12,0,Vanuatu
2021-01-13,0,Vanuatu
2021-01-14,0,Vanuatu
2021-01-15,0,Vanuatu
2021-01-16,0,Vanuatu
2021-01-17,0,Vanuatu
2021-01-18,0,Vanuatu
2021-01-19,0,Vanuatu
2021-01-20,0,Vanuatu
2021-01-21,0,Vanuatu
2021-01-22,0,Vanuatu
2021-01-23,0,Vanuatu
2021-01-24,0,Vanuatu
2021-01-25,0,Vanuatu
2021-01-26,0,Vanuatu
2021-01-27,0,Vanuatu
2021-01-28,0,Vanuatu
2021-01-29,0,Vanuatu
2021-01-30,0,Vanuatu
2021-01-31,0,Vanuatu
2021-02-01,0,Vanuatu
2021-02-02,0,Vanuatu
2021-02-03,0,Vanuatu
2021-02-04,0,Vanuatu
2021-02-05,0,Vanuatu
2021-02-06,0,Vanuatu
2021-02-07,0,Vanuatu
2021-02-08,0,Vanuatu
2021-02-09,0,Vanuatu
2021-02-10,0,Vanuatu
2021-02-11,0,Vanuatu
2021-02-12,0,Vanuatu
2021-02-13,0,Vanuatu
2021-02-14,0,Vanuatu
2021-02-15,0,Vanuatu
2021-02-16,0,Vanuatu
2021-02-17,0,Vanuatu
2021-02-18,0,Vanuatu
2021-02-19,0,Vanuatu
2021-02-20,0,Vanuatu
2021-02-21,0,Vanuatu
2021-02-22,0,Vanuatu
2021-02-23,0,Vanuatu
2021-02-24,0,Vanuatu
2021-02-25,0,Vanuatu
2021-02-26,0,Vanuatu
2021-02-27,0,Vanuatu
2021-02-28,0,Vanuatu
2021-03-01,0,Vanuatu
2021-03-02,0,Vanuatu
2021-03-03,0,Vanuatu
2021-03-04,0,Vanuatu
2021-03-05,0,Vanuatu
2021-03-06,0,Vanuatu
2021-03-07,2,Vanuatu
2021-03-08,0,Vanuatu
2021-03-09,0,Vanuatu
2021-03-10,0,Vanuatu
2021-03-11,0,Vanuatu
2021-03-12,0,Vanuatu
2021-03-13,0,Vanuatu
2021-03-14,0,Vanuatu
2021-03-15,0,Vanuatu
2021-03-16,0,Vanuatu
2021-03-17,0,Vanuatu
2021-03-18,0,Vanuatu
2021-03-19,0,Vanuatu
2021-03-20,0,Vanuatu
2021-03-21,0,Vanuatu
2021-03-22,0,Vanuatu
2021-03-23,0,Vanuatu
2021-03-24,0,Vanuatu
2021-03-25,0,Vanuatu
2021-03-26,0,Vanuatu
2021-03-27,0,Vanuatu
2021-03-28,0,Vanuatu
2021-03-29,0,Vanuatu
2021-03-30,0,Vanuatu
2021-03-31,0,Vanuatu
2021-04-01,0,Vanuatu
2021-04-02,0,Vanuatu
2021-04-03,0,Vanuatu
2021-04-04,0,Vanuatu
2021-04-05,0,Vanuatu
2021-04-06,0,Vanuatu
2021-04-07,0,Vanuatu
2021-04-08,0,Vanuatu
2021-04-09,0,Vanuatu
2021-04-10,0,Vanuatu
2021-04-11,0,Vanuatu
2021-04-12,0,Vanuatu
2021-04-13,0,Vanuatu
2021-04-14,0,Vanuatu
2021-04-15,0,Vanuatu
2021-04-16,0,Vanuatu
2021-04-17,0,Vanuatu
2021-04-18,0,Vanuatu
2021-04-19,0,Vanuatu
2021-04-20,0,Vanuatu
2021-04-21,0,Vanuatu
2021-04-22,0,Vanuatu
2021-04-23,0,Vanuatu
2021-04-24,0,Vanuatu
2021-04-25,0,Vanuatu
2021-04-26,0,Vanuatu
2021-04-27,0,Vanuatu
2021-04-28,0,Vanuatu
2021-04-29,0,Vanuatu
2021-04-30,0,Vanuatu
2021-05-01,0,Vanuatu
2021-05-02,0,Vanuatu
2021-05-03,0,Vanuatu
2021-05-04,0,Vanuatu
2021-05-05,0,Vanuatu
2021-05-06,0,Vanuatu
2021-05-07,0,Vanuatu
2021-05-08,0,Vanuatu
2021-05-09,0,Vanuatu
2021-05-10,0,Vanuatu
2021-05-11,0,Vanuatu
2021-05-12,0,Vanuatu
2021-05-13,0,Vanuatu
2021-05-14,0,Vanuatu
2021-05-15,0,Vanuatu
2021-05-16,0,Vanuatu
2021-05-17,0,Vanuatu
2021-05-18,0,Vanuatu
2021-05-19,0,Vanuatu
2021-05-20,0,Vanuatu
2021-05-21,0,Vanuatu
2021-05-22,0,Vanuatu
2021-05-23,0,Vanuatu
2021-05-24,0,Vanuatu
2021-05-25,0,Vanuatu
2021-05-26,0,Vanuatu
2021-05-27,0,Vanuatu
2021-05-28,0,Vanuatu
2021-05-29,0,Vanuatu
2021-05-30,0,Vanuatu
2021-05-31,0,Vanuatu
2021-06-01,0,Vanuatu
2021-06-02,0,Vanuatu
2021-06-03,0,Vanuatu
2021-06-04,0,Vanuatu
2021-06-05,0,Vanuatu
2021-06-06,0,Vanuatu
2021-06-07,0,Vanuatu
2021-06-08,0,Vanuatu
2021-06-09,0,Vanuatu
2021-06-10,0,Vanuatu
2021-06-11,0,Vanuatu
2021-06-12,0,Vanuatu
2021-06-13,0,Vanuatu
2021-06-14,0,Vanuatu
2021-06-15,0,Vanuatu
2021-06-16,0,Vanuatu
2021-06-17,0,Vanuatu
2021-06-18,0,Vanuatu
2021-06-19,0,Vanuatu
2021-06-20,0,Vanuatu
2021-06-21,0,Vanuatu
2021-06-22,0,Vanuatu
2021-06-23,0,Vanuatu
2021-06-24,0,Vanuatu
2021-06-25,0,Vanuatu
2021-06-26,0,Vanuatu
2021-06-27,0,Vanuatu
2021-06-28,0,Vanuatu
2021-06-29,0,Vanuatu
2021-06-30,0,Vanuatu
2021-07-01,0,Vanuatu
2021-07-02,0,Vanuatu
2021-07-03,0,Vanuatu
2021-07-04,0,Vanuatu
2021-07-05,0,Vanuatu
2021-07-06,0,Vanuatu
2021-07-07,0,Vanuatu
2021-07-08,0,Vanuatu
2021-07-09,0,Vanuatu
2021-07-10,0,Vanuatu
2021-07-11,0,Vanuatu
2021-07-12,0,Vanuatu
2021-07-13,0,Vanuatu
2021-07-14,0,Vanuatu
2021-07-15,0,Vanuatu
2021-07-16,0,Vanuatu
2021-07-17,0,Vanuatu
2021-07-18,0,Vanuatu
2021-07-19,0,Vanuatu
2021-07-20,0,Vanuatu
2021-07-21,0,Vanuatu
2021-07-22,0,Vanuatu
2021-07-23,0,Vanuatu
2021-07-24,0,Vanuatu
2021-07-25,0,Vanuatu
2021-07-26,0,Vanuatu
2021-07-27,0,Vanuatu
2021-07-28,0,Vanuatu
2021-07-29,0,Vanuatu
2021-07-30,0,Vanuatu
2021-07-31,0,Vanuatu
2021-08-01,0,Vanuatu
2021-08-02,0,Vanuatu
2021-08-03,0,Vanuatu
2021-08-04,0,Vanuatu
2021-08-05,0,Vanuatu
2021-08-06,0,Vanuatu
2021-08-07,0,Vanuatu
2021-08-08,0,Vanuatu
2021-08-09,0,Vanuatu
2021-08-10,0,Vanuatu
2021-08-11,0,Vanuatu
2021-08-12,0,Vanuatu
2021-08-13,0,Vanuatu
2021-08-14,0,Vanuatu
2021-08-15,0,Vanuatu
2021-08-16,0,Vanuatu
2021-08-17,0,Vanuatu
2021-08-18,0,Vanuatu
2021-08-19,0,Vanuatu
2021-08-20,0,Vanuatu
2021-08-21,0,Vanuatu
2021-08-22,0,Vanuatu
2021-08-23,0,Vanuatu
2021-08-24,0,Vanuatu
2021-08-25,0,Vanuatu
2021-08-26,0,Vanuatu
2021-08-27,0,Vanuatu
2021-08-28,0,Vanuatu
2021-08-29,0,Vanuatu
2021-08-30,0,Vanuatu
2021-08-31,0,Vanuatu
2021-09-01,0,Vanuatu
2021-09-02,0,Vanuatu
2021-09-03,0,Vanuatu
2021-09-04,0,Vanuatu
2021-09-05,0,Vanuatu
2021-09-06,0,Vanuatu
2021-09-07,0,Vanuatu
2021-09-08,0,Vanuatu
2021-09-09,0,Vanuatu
2021-09-10,0,Vanuatu
2021-09-11,0,Vanuatu
2021-09-12,0,Vanuatu
2021-09-13,0,Vanuatu
2021-09-14,0,Vanuatu
2021-09-15,0,Vanuatu
2021-09-16,0,Vanuatu
2021-09-17,0,Vanuatu
2021-09-18,0,Vanuatu
2021-09-19,0,Vanuatu
2021-09-20,0,Vanuatu
2021-09-21,0,Vanuatu
2021-09-22,0,Vanuatu
2021-09-23,0,Vanuatu
2021-09-24,0,Vanuatu
2021-09-25,0,Vanuatu
2021-09-26,0,Vanuatu
2021-09-27,0,Vanuatu
2021-09-28,0,Vanuatu
2021-09-29,0,Vanuatu
2021-09-30,0,Vanuatu
2021-10-01,0,Vanuatu
2021-10-02,0,Vanuatu
2021-10-03,0,Vanuatu
2021-10-04,0,Vanuatu
2021-10-05,0,Vanuatu
2021-10-06,0,Vanuatu
2021-10-07,0,Vanuatu
2021-10-08,0,Vanuatu
2021-10-09,0,Vanuatu
2021-10-10,0,Vanuatu
2021-10-11,0,Vanuatu
2021-10-12,0,Vanuatu
2021-10-13,0,Vanuatu
2021-10-14,0,Vanuatu
2021-10-15,0,Vanuatu
2021-10-16,0,Vanuatu
2021-10-17,0,Vanuatu
2021-10-18,0,Vanuatu
2021-10-19,0,Vanuatu
2021-10-20,0,Vanuatu
2021-10-21,0,Vanuatu
2021-10-22,0,Vanuatu
2021-10-23,0,Vanuatu
2021-10-24,0,Vanuatu
2021-10-25,0,Vanuatu
2021-10-26,2,Vanuatu
2021-10-27,0,Vanuatu
2021-10-28,0,Vanuatu
2021-10-29,0,Vanuatu
2021-10-30,0,Vanuatu
2021-10-31,0,Vanuatu
2021-11-01,0,Vanuatu
2021-11-02,0,Vanuatu
2021-11-03,0,Vanuatu
2021-11-04,0,Vanuatu
2021-11-05,0,Vanuatu
2021-11-06,0,Vanuatu
2021-11-07,0,Vanuatu
2021-11-08,0,Vanuatu
2021-11-09,0,Vanuatu
2021-11-10,0,Vanuatu
2021-11-11,0,Vanuatu
2021-11-12,0,Vanuatu
2021-11-13,0,Vanuatu
2021-11-14,0,Vanuatu
2021-11-15,0,Vanuatu
2021-11-16,0,Vanuatu
2021-11-17,0,Vanuatu
2021-11-18,0,Vanuatu
2021-11-19,0,Vanuatu
2021-11-20,0,Vanuatu
2021-11-21,0,Vanuatu
2021-11-22,0,Vanuatu
2021-11-23,0,Vanuatu
2021-11-24,0,Vanuatu
2021-11-25,0,Vanuatu
2021-11-26,0,Vanuatu
2021-11-27,0,Vanuatu
2021-11-28,0,Vanuatu
2021-11-29,0,Vanuatu
2021-11-30,0,Vanuatu
2021-12-01,0,Vanuatu
2021-12-02,0,Vanuatu
2021-12-03,0,Vanuatu
2021-12-04,0,Vanuatu
2021-12-05,0,Vanuatu
2021-12-06,0,Vanuatu
2021-12-07,0,Vanuatu
2021-12-08,0,Vanuatu
2021-12-09,0,Vanuatu
2021-12-10,0,Vanuatu
2021-12-11,0,Vanuatu
2021-12-12,1,Vanuatu
2021-12-13,1,Vanuatu
2021-12-14,0,Vanuatu
2021-12-15,0,Vanuatu
2021-12-16,0,Vanuatu
2021-12-17,0,Vanuatu
2021-12-18,0,Vanuatu
2021-12-19,0,Vanuatu
2021-12-20,0,Vanuatu
2021-12-21,0,Vanuatu
2021-12-22,0,Vanuatu
2021-12-23,0,Vanuatu
2021-12-24,0,Vanuatu
2021-12-25,0,Vanuatu
2021-12-26,0,Vanuatu
2021-12-27,0,Vanuatu
2021-12-28,0,Vanuatu
2021-12-29,0,Vanuatu
2021-12-30,0,Vanuatu
2021-12-31,0,Vanuatu
2022-01-01,0,Vanuatu
2022-01-02,0,Vanuatu
2022-01-03,0,Vanuatu
2022-01-04,0,Vanuatu
2022-01-05,0,Vanuatu
2022-01-06,0,Vanuatu
2022-01-07,0,Vanuatu
2022-01-08,0,Vanuatu
2022-01-09,0,Vanuatu
2022-01-10,0,Vanuatu
2022-01-11,0,Vanuatu
2022-01-12,0,Vanuatu
2022-01-13,0,Vanuatu
2022-01-14,0,Vanuatu
2022-01-15,0,Vanuatu
2022-01-16,0,Vanuatu
2022-01-17,0,Vanuatu
2022-01-18,0,Vanuatu
2022-01-19,0,Vanuatu
2022-01-20,0,Vanuatu
2022-01-21,0,Vanuatu
2022-01-22,0,Vanuatu
2022-01-23,0,Vanuatu
2022-01-24,0,Vanuatu
2022-01-25,0,Vanuatu
2022-01-26,0,Vanuatu
2022-01-27,0,Vanuatu
2022-01-28,0,Vanuatu
2022-01-29,0,Vanuatu
2022-01-30,0,Vanuatu
2022-01-31,0,Vanuatu
2022-02-01,0,Vanuatu
2022-02-02,0,Vanuatu
2022-02-03,0,Vanuatu
2022-02-04,0,Vanuatu
2022-02-05,0,Vanuatu
2022-02-06,0,Vanuatu
2022-02-07,0,Vanuatu
2022-02-08,0,Vanuatu
2022-02-09,0,Vanuatu
2022-02-10,0,Vanuatu
2022-02-11,0,Vanuatu
2022-02-12,0,Vanuatu
2022-02-13,0,Vanuatu
2022-02-14,0,Vanuatu
2022-02-15,0,Vanuatu
2022-02-16,0,Vanuatu
2022-02-17,4,Vanuatu
2022-02-18,0,Vanuatu
2022-02-19,0,Vanuatu
2022-02-20,4,Vanuatu
2022-02-21,0,Vanuatu
2022-02-22,0,Vanuatu
2022-02-23,0,Vanuatu
2022-02-24,0,Vanuatu
2022-02-25,0,Vanuatu
2022-02-26,0,Vanuatu
2022-02-27,3,Vanuatu
2022-02-28,0,Vanuatu
2022-03-01,0,Vanuatu
2022-03-02,0,Vanuatu
2022-03-03,0,Vanuatu
2022-03-04,0,Vanuatu
2022-03-05,0,Vanuatu
2022-03-06,1,Vanuatu
2022-03-07,30,Vanuatu
2022-03-08,18,Vanuatu
2022-03-09,38,Vanuatu
2022-03-10,59,Vanuatu
2022-03-11,0,Vanuatu
2022-03-12,0,Vanuatu
2022-03-13,82,Vanuatu
2022-03-14,43,Vanuatu
2022-03-15,59,Vanuatu
2022-03-16,62,Vanuatu
2022-03-17,70,Vanuatu
2022-03-18,0,Vanuatu
2022-03-19,36,Vanuatu
2022-03-20,428,Vanuatu
2022-03-21,133,Vanuatu
2022-03-22,24,Vanuatu
2022-03-23,327,Vanuatu
2022-03-24,283,Vanuatu
2022-03-25,0,Vanuatu
2022-03-26,39,Vanuatu
2022-03-27,785,Vanuatu
2022-03-28,70,Vanuatu
2022-03-29,104,Vanuatu
2022-03-30,350,Vanuatu
2022-03-31,320,Vanuatu
2022-04-01,0,Vanuatu
2022-04-02,0,Vanuatu
2022-04-03,735,Vanuatu
2022-04-04,324,Vanuatu
2022-04-05,6,Vanuatu
2022-04-06,348,Vanuatu
2022-04-07,130,Vanuatu
2022-04-08,0,Vanuatu
2022-04-09,54,Vanuatu
2022-04-10,511,Vanuatu
2022-04-11,0,Vanuatu
2022-04-12,56,Vanuatu
2022-04-13,0,Vanuatu
2022-04-14,0,Vanuatu
2022-04-15,0,Vanuatu
2022-04-16,0,Vanuatu
2022-04-17,86,Vanuatu
2022-04-18,764,Vanuatu
2022-04-19,31,Vanuatu
2022-04-20,41,Vanuatu
2022-04-21,0,Vanuatu
2022-04-22,0,Vanuatu
2022-04-23,85,Vanuatu
2022-04-24,312,Vanuatu
2022-04-25,9,Vanuatu
2022-04-26,101,Vanuatu
2022-04-27,104,Vanuatu
2022-04-28,82,Vanuatu
2022-04-29,0,Vanuatu
2022-04-30,9,Vanuatu
2022-05-01,346,Vanuatu
2022-05-02,0,Vanuatu
2022-05-03,84,Vanuatu
2022-05-04,68,Vanuatu
2022-05-05,41,Vanuatu
2022-05-06,0,Vanuatu
2022-05-07,29,Vanuatu
2022-05-08,172,Vanuatu
2022-05-09,156,Vanuatu
2022-05-10,24,Vanuatu
2022-05-11,64,Vanuatu
2022-05-12,50,Vanuatu
2022-05-13,0,Vanuatu
2022-05-14,0,Vanuatu
2022-05-15,261,Vanuatu
2022-05-16,17,Vanuatu
2022-05-17,36,Vanuatu
2022-05-18,104,Vanuatu
2022-05-19,47,Vanuatu
2022-05-20,0,Vanuatu
2022-05-21,0,Vanuatu
2022-05-22,0,Vanuatu
2022-05-23,34,Vanuatu
2022-05-24,65,Vanuatu
2022-05-25,50,Vanuatu
2022-05-26,50,Vanuatu
2022-05-27,0,Vanuatu
2022-05-28,6,Vanuatu
2022-05-29,141,Vanuatu
2022-05-30,38,Vanuatu
2022-05-31,90,Vanuatu
2022-06-01,191,Vanuatu
2022-06-02,114,Vanuatu
2022-06-03,0,Vanuatu
2022-06-04,600,Vanuatu
2022-06-05,72,Vanuatu
2022-06-06,138,Vanuatu
2022-06-07,79,Vanuatu
2022-06-08,56,Vanuatu
2022-06-09,0,Vanuatu
2022-06-10,0,Vanuatu
2022-06-11,16,Vanuatu
2022-06-12,232,Vanuatu
2022-06-13,57,Vanuatu
2022-06-14,7,Vanuatu
2022-06-15,52,Vanuatu
2022-06-16,37,Vanuatu
2022-06-17,0,Vanuatu
2022-06-18,33,Vanuatu
2022-06-19,107,Vanuatu
2022-06-20,21,Vanuatu
2022-06-21,61,Vanuatu
2022-06-22,26,Vanuatu
2022-06-23,5,Vanuatu
2022-06-24,0,Vanuatu
2022-06-25,129,Vanuatu
2022-06-26,8,Vanuatu
2022-06-27,23,Vanuatu
2022-06-28,62,Vanuatu
2022-06-29,6,Vanuatu
2022-06-30,1,Vanuatu
2022-07-01,0,Vanuatu
2022-07-02,0,Vanuatu
2022-07-03,0,Vanuatu
2022-07-04,123,Vanuatu
2022-07-05,58,Vanuatu
2022-07-06,16,Vanuatu
2022-07-07,0,Vanuatu
2022-07-08,99,Vanuatu
2022-07-09,19,Vanuatu
2022-07-10,0,Vanuatu
2022-07-11,39,Vanuatu
2022-07-12,28,Vanuatu
2022-07-13,42,Vanuatu
2022-07-14,3,Vanuatu
2022-07-15,16,Vanuatu
2022-07-16,4,Vanuatu
2022-07-17,0,Vanuatu
2022-07-18,0,Vanuatu
2022-07-19,0,Vanuatu
2022-07-20,0,Vanuatu
2022-07-21,0,Vanuatu
2022-07-22,0,Vanuatu
2022-07-23,0,Vanuatu
2022-07-24,0,Vanuatu
2022-07-25,0,Vanuatu
2022-07-26,0,Vanuatu
2022-07-27,4,Vanuatu
2022-07-28,0,Vanuatu
2022-07-29,0,Vanuatu
2022-07-30,0,Vanuatu
2022-07-31,1,Vanuatu
2022-08-01,1,Vanuatu
2022-08-02,4,Vanuatu
2022-08-03,0,Vanuatu
2022-08-04,0,Vanuatu
2022-08-05,1,Vanuatu
2022-08-06,0,Vanuatu
2022-08-07,0,Vanuatu
2022-08-08,0,Vanuatu
2022-08-09,0,Vanuatu
2022-08-10,3,Vanuatu
2022-08-11,0,Vanuatu
2022-08-12,0,Vanuatu
2022-08-13,0,Vanuatu
2022-08-14,0,Vanuatu
2022-08-15,19,Vanuatu
2022-08-16,0,Vanuatu
2022-08-17,0,Vanuatu
2022-08-18,12,Vanuatu
2022-08-19,5,Vanuatu
2022-08-20,0,Vanuatu
2022-08-21,0,Vanuatu
2022-08-22,0,Vanuatu
2022-08-23,0,Vanuatu
2022-08-24,1,Vanuatu
2022-08-25,1,Vanuatu
2022-08-26,8,Vanuatu
2022-08-27,0,Vanuatu
2022-08-28,0,Vanuatu
2022-08-29,0,Vanuatu
2022-08-30,6,Vanuatu
2022-08-31,24,Vanuatu
2022-09-01,15,Vanuatu
2022-09-02,7,Vanuatu
2022-09-03,0,Vanuatu
2022-09-04,31,Vanuatu
2022-09-05,1,Vanuatu
2022-09-06,0,Vanuatu
2022-09-07,25,Vanuatu
2022-09-08,10,Vanuatu
2022-09-09,0,Vanuatu
2022-09-10,0,Vanuatu
2022-09-11,0,Vanuatu
2022-09-12,0,Vanuatu
2022-09-13,15,Vanuatu
2022-09-14,21,Vanuatu
2022-09-15,2,Vanuatu
2022-09-16,0,Vanuatu
2022-09-17,0,Vanuatu
2022-09-18,13,Vanuatu
2022-09-19,0,Vanuatu
2022-09-20,0,Vanuatu
2022-09-21,0,Vanuatu
2022-09-22,0,Vanuatu
2022-09-23,0,Vanuatu
2022-09-24,0,Vanuatu
2022-09-25,0,Vanuatu
2022-09-26,0,Vanuatu
2022-09-27,0,Vanuatu
2022-09-28,0,Vanuatu
2022-09-29,0,Vanuatu
2022-09-30,24,Vanuatu
2022-10-01,0,Vanuatu
2022-10-02,0,Vanuatu
2022-10-03,0,Vanuatu
2022-10-04,2,Vanuatu
2022-10-05,0,Vanuatu
2022-10-06,0,Vanuatu
2022-10-07,0,Vanuatu
2022-10-08,0,Vanuatu
2022-10-09,0,Vanuatu
2022-10-10,0,Vanuatu
2022-10-11,0,Vanuatu
2022-10-12,0,Vanuatu
2022-10-13,0,Vanuatu
2022-10-14,0,Vanuatu
2022-10-15,0,Vanuatu
2022-10-16,0,Vanuatu
2022-10-17,0,Vanuatu
2022-10-18,0,Vanuatu
2022-10-19,5,Vanuatu
2022-10-20,0,Vanuatu
2020-03-02,0,Viet Nam
2020-03-03,0,Viet Nam
2020-03-04,0,Viet Nam
2020-03-05,0,Viet Nam
2020-03-06,0,Viet Nam
2020-03-07,2,Viet Nam
2020-03-08,2,Viet Nam
2020-03-09,10,Viet Nam
2020-03-10,1,Viet Nam
2020-03-11,3,Viet Nam
2020-03-12,4,Viet Nam
2020-03-13,6,Viet Nam
2020-03-14,3,Viet Nam
2020-03-15,6,Viet Nam
2020-03-16,4,Viet Nam
2020-03-17,4,Viet Nam
2020-03-18,5,Viet Nam
2020-03-19,10,Viet Nam
2020-03-20,9,Viet Nam
2020-03-21,6,Viet Nam
2020-03-22,3,Viet Nam
2020-03-23,19,Viet Nam
2020-03-24,10,Viet Nam
2020-03-25,11,Viet Nam
2020-03-26,7,Viet Nam
2020-03-27,12,Viet Nam
2020-03-28,10,Viet Nam
2020-03-29,11,Viet Nam
2020-03-30,14,Viet Nam
2020-03-31,15,Viet Nam
2020-04-01,4,Viet Nam
2020-04-02,11,Viet Nam
2020-04-03,15,Viet Nam
2020-04-04,6,Viet Nam
2020-04-05,1,Viet Nam
2020-04-06,1,Viet Nam
2020-04-07,4,Viet Nam
2020-04-08,4,Viet Nam
2020-04-09,2,Viet Nam
2020-04-10,4,Viet Nam
2020-04-11,2,Viet Nam
2020-04-12,1,Viet Nam
2020-04-13,4,Viet Nam
2020-04-14,3,Viet Nam
2020-04-15,1,Viet Nam
2020-04-16,1,Viet Nam
2020-04-17,1,Viet Nam
2020-04-18,0,Viet Nam
2020-04-19,0,Viet Nam
2020-04-20,0,Viet Nam
2020-04-21,0,Viet Nam
2020-04-22,0,Viet Nam
2020-04-23,0,Viet Nam
2020-04-24,0,Viet Nam
2020-04-25,2,Viet Nam
2020-04-26,0,Viet Nam
2020-04-27,0,Viet Nam
2020-04-28,0,Viet Nam
2020-04-29,0,Viet Nam
2020-04-30,0,Viet Nam
2020-05-01,0,Viet Nam
2020-05-02,0,Viet Nam
2020-05-03,0,Viet Nam
2020-05-04,1,Viet Nam
2020-05-05,0,Viet Nam
2020-05-06,0,Viet Nam
2020-05-07,0,Viet Nam
2020-05-08,17,Viet Nam
2020-05-09,0,Viet Nam
2020-05-10,0,Viet Nam
2020-05-11,0,Viet Nam
2020-05-12,0,Viet Nam
2020-05-13,0,Viet Nam
2020-05-14,0,Viet Nam
2020-05-15,0,Viet Nam
2020-05-16,25,Viet Nam
2020-05-17,5,Viet Nam
2020-05-18,2,Viet Nam
2020-05-19,4,Viet Nam
2020-05-20,0,Viet Nam
2020-05-21,0,Viet Nam
2020-05-22,0,Viet Nam
2020-05-23,0,Viet Nam
2020-05-24,1,Viet Nam
2020-05-25,0,Viet Nam
2020-05-26,1,Viet Nam
2020-05-27,1,Viet Nam
2020-05-28,0,Viet Nam
2020-05-29,0,Viet Nam
2020-05-30,0,Viet Nam
2020-05-31,1,Viet Nam
2020-06-01,0,Viet Nam
2020-06-02,0,Viet Nam
2020-06-03,0,Viet Nam
2020-06-04,0,Viet Nam
2020-06-05,0,Viet Nam
2020-06-06,1,Viet Nam
2020-06-07,0,Viet Nam
2020-06-08,0,Viet Nam
2020-06-09,3,Viet Nam
2020-06-10,0,Viet Nam
2020-06-11,0,Viet Nam
2020-06-12,0,Viet Nam
2020-06-13,0,Viet Nam
2020-06-14,2,Viet Nam
2020-06-15,0,Viet Nam
2020-06-16,0,Viet Nam
2020-06-17,1,Viet Nam
2020-06-18,0,Viet Nam
2020-06-19,7,Viet Nam
2020-06-20,7,Viet Nam
2020-06-21,0,Viet Nam
2020-06-22,0,Viet Nam
2020-06-23,0,Viet Nam
2020-06-24,0,Viet Nam
2020-06-25,3,Viet Nam
2020-06-26,0,Viet Nam
2020-06-27,1,Viet Nam
2020-06-28,2,Viet Nam
2020-06-29,0,Viet Nam
2020-06-30,0,Viet Nam
2020-07-01,0,Viet Nam
2020-07-02,0,Viet Nam
2020-07-03,0,Viet Nam
2020-07-04,0,Viet Nam
2020-07-05,0,Viet Nam
2020-07-06,0,Viet Nam
2020-07-07,14,Viet Nam
2020-07-08,0,Viet Nam
2020-07-09,0,Viet Nam
2020-07-10,0,Viet Nam
2020-07-11,1,Viet Nam
2020-07-12,0,Viet Nam
2020-07-13,2,Viet Nam
2020-07-14,0,Viet Nam
2020-07-15,1,Viet Nam
2020-07-16,8,Viet Nam
2020-07-17,0,Viet Nam
2020-07-18,1,Viet Nam
2020-07-19,0,Viet Nam
2020-07-20,1,Viet Nam
2020-07-21,1,Viet Nam
2020-07-22,17,Viet Nam
2020-07-23,7,Viet Nam
2020-07-24,4,Viet Nam
2020-07-25,3,Viet Nam
2020-07-26,3,Viet Nam
2020-07-27,2,Viet Nam
2020-07-28,11,Viet Nam
2020-07-29,15,Viet Nam
2020-07-30,13,Viet Nam
2020-07-31,50,Viet Nam
2020-08-01,49,Viet Nam
2020-08-02,32,Viet Nam
2020-08-03,31,Viet Nam
2020-08-04,31,Viet Nam
2020-08-05,20,Viet Nam
2020-08-06,45,Viet Nam
2020-08-07,33,Viet Nam
2020-08-08,39,Viet Nam
2020-08-09,23,Viet Nam
2020-08-10,29,Viet Nam
2020-08-11,6,Viet Nam
2020-08-12,19,Viet Nam
2020-08-13,17,Viet Nam
2020-08-14,28,Viet Nam
2020-08-15,19,Viet Nam
2020-08-16,21,Viet Nam
2020-08-17,13,Viet Nam
2020-08-18,19,Viet Nam
2020-08-19,6,Viet Nam
2020-08-20,4,Viet Nam
2020-08-21,14,Viet Nam
2020-08-22,2,Viet Nam
2020-08-23,5,Viet Nam
2020-08-24,2,Viet Nam
2020-08-25,6,Viet Nam
2020-08-26,7,Viet Nam
2020-08-27,5,Viet Nam
2020-08-28,2,Viet Nam
2020-08-29,2,Viet Nam
2020-08-30,2,Viet Nam
2020-08-31,0,Viet Nam
2020-09-01,4,Viet Nam
2020-09-02,0,Viet Nam
2020-09-03,2,Viet Nam
2020-09-04,0,Viet Nam
2020-09-05,3,Viet Nam
2020-09-06,0,Viet Nam
2020-09-07,0,Viet Nam
2020-09-08,0,Viet Nam
2020-09-09,5,Viet Nam
2020-09-10,5,Viet Nam
2020-09-11,0,Viet Nam
2020-09-12,1,Viet Nam
2020-09-13,0,Viet Nam
2020-09-14,3,Viet Nam
2020-09-15,0,Viet Nam
2020-09-16,0,Viet Nam
2020-09-17,0,Viet Nam
2020-09-18,3,Viet Nam
2020-09-19,2,Viet Nam
2020-09-20,0,Viet Nam
2020-09-21,0,Viet Nam
2020-09-22,0,Viet Nam
2020-09-23,0,Viet Nam
2020-09-24,1,Viet Nam
2020-09-25,0,Viet Nam
2020-09-26,0,Viet Nam
2020-09-27,0,Viet Nam
2020-09-28,5,Viet Nam
2020-09-29,3,Viet Nam
2020-09-30,17,Viet Nam
2020-10-01,1,Viet Nam
2020-10-02,0,Viet Nam
2020-10-03,1,Viet Nam
2020-10-04,0,Viet Nam
2020-10-05,0,Viet Nam
2020-10-06,1,Viet Nam
2020-10-07,1,Viet Nam
2020-10-08,1,Viet Nam
2020-10-09,1,Viet Nam
2020-10-10,5,Viet Nam
2020-10-11,2,Viet Nam
2020-10-12,2,Viet Nam
2020-10-13,1,Viet Nam
2020-10-14,3,Viet Nam
2020-10-15,9,Viet Nam
2020-10-16,2,Viet Nam
2020-10-17,0,Viet Nam
2020-10-18,2,Viet Nam
2020-10-19,8,Viet Nam
2020-10-20,6,Viet Nam
2020-10-21,1,Viet Nam
2020-10-22,4,Viet Nam
2020-10-23,3,Viet Nam
2020-10-24,0,Viet Nam
2020-10-25,12,Viet Nam
2020-10-26,8,Viet Nam
2020-10-27,1,Viet Nam
2020-10-28,3,Viet Nam
2020-10-29,1,Viet Nam
2020-10-30,4,Viet Nam
2020-10-31,0,Viet Nam
2020-11-01,3,Viet Nam
2020-11-02,0,Viet Nam
2020-11-03,12,Viet Nam
2020-11-04,11,Viet Nam
2020-11-05,4,Viet Nam
2020-11-06,3,Viet Nam
2020-11-07,3,Viet Nam
2020-11-08,0,Viet Nam
2020-11-09,0,Viet Nam
2020-11-10,3,Viet Nam
2020-11-11,10,Viet Nam
2020-11-12,26,Viet Nam
2020-11-13,1,Viet Nam
2020-11-14,3,Viet Nam
2020-11-15,9,Viet Nam
2020-11-16,16,Viet Nam
2020-11-17,2,Viet Nam
2020-11-18,5,Viet Nam
2020-11-19,12,Viet Nam
2020-11-20,4,Viet Nam
2020-11-21,1,Viet Nam
2020-11-22,1,Viet Nam
2020-11-23,1,Viet Nam
2020-11-24,5,Viet Nam
2020-11-25,4,Viet Nam
2020-11-26,5,Viet Nam
2020-11-27,10,Viet Nam
2020-11-28,8,Viet Nam
2020-11-29,2,Viet Nam
2020-11-30,2,Viet Nam
2020-12-01,4,Viet Nam
2020-12-02,4,Viet Nam
2020-12-03,7,Viet Nam
2020-12-04,3,Viet Nam
2020-12-05,0,Viet Nam
2020-12-06,4,Viet Nam
2020-12-07,1,Viet Nam
2020-12-08,1,Viet Nam
2020-12-09,10,Viet Nam
2020-12-10,4,Viet Nam
2020-12-11,4,Viet Nam
2020-12-12,6,Viet Nam
2020-12-13,4,Viet Nam
2020-12-14,2,Viet Nam
2020-12-15,5,Viet Nam
2020-12-16,3,Viet Nam
2020-12-17,0,Viet Nam
2020-12-18,2,Viet Nam
2020-12-19,3,Viet Nam
2020-12-20,1,Viet Nam
2020-12-21,2,Viet Nam
2020-12-22,1,Viet Nam
2020-12-23,6,Viet Nam
2020-12-24,1,Viet Nam
2020-12-25,12,Viet Nam
2020-12-26,6,Viet Nam
2020-12-27,1,Viet Nam
2020-12-28,1,Viet Nam
2020-12-29,10,Viet Nam
2020-12-30,3,Viet Nam
2020-12-31,2,Viet Nam
2021-01-01,18,Viet Nam
2021-01-02,8,Viet Nam
2021-01-03,12,Viet Nam
2021-01-04,3,Viet Nam
2021-01-05,7,Viet Nam
2021-01-06,1,Viet Nam
2021-01-07,4,Viet Nam
2021-01-08,3,Viet Nam
2021-01-09,1,Viet Nam
2021-01-10,1,Viet Nam
2021-01-11,1,Viet Nam
2021-01-12,5,Viet Nam
2021-01-13,1,Viet Nam
2021-01-14,10,Viet Nam
2021-01-15,5,Viet Nam
2021-01-16,1,Viet Nam
2021-01-17,0,Viet Nam
2021-01-18,2,Viet Nam
2021-01-19,1,Viet Nam
2021-01-20,4,Viet Nam
2021-01-21,2,Viet Nam
2021-01-22,2,Viet Nam
2021-01-23,0,Viet Nam
2021-01-24,0,Viet Nam
2021-01-25,1,Viet Nam
2021-01-26,2,Viet Nam
2021-01-27,2,Viet Nam
2021-01-28,98,Viet Nam
2021-01-29,88,Viet Nam
2021-01-30,42,Viet Nam
2021-01-31,38,Viet Nam
2021-02-01,32,Viet Nam
2021-02-02,40,Viet Nam
2021-02-03,57,Viet Nam
2021-02-04,9,Viet Nam
2021-02-05,19,Viet Nam
2021-02-06,9,Viet Nam
2021-02-07,20,Viet Nam
2021-02-08,48,Viet Nam
2021-02-09,17,Viet Nam
2021-02-10,39,Viet Nam
2021-02-11,31,Viet Nam
2021-02-12,2,Viet Nam
2021-02-13,53,Viet Nam
2021-02-14,34,Viet Nam
2021-02-15,42,Viet Nam
2021-02-16,40,Viet Nam
2021-02-17,18,Viet Nam
2021-02-18,18,Viet Nam
2021-02-19,15,Viet Nam
2021-02-20,6,Viet Nam
2021-02-21,15,Viet Nam
2021-02-22,12,Viet Nam
2021-02-23,8,Viet Nam
2021-02-24,9,Viet Nam
2021-02-25,9,Viet Nam
2021-02-26,5,Viet Nam
2021-02-27,6,Viet Nam
2021-02-28,16,Viet Nam
2021-03-01,24,Viet Nam
2021-03-02,3,Viet Nam
2021-03-03,7,Viet Nam
2021-03-04,6,Viet Nam
2021-03-05,13,Viet Nam
2021-03-06,8,Viet Nam
2021-03-07,3,Viet Nam
2021-03-08,12,Viet Nam
2021-03-09,2,Viet Nam
2021-03-10,3,Viet Nam
2021-03-11,6,Viet Nam
2021-03-12,15,Viet Nam
2021-03-13,3,Viet Nam
2021-03-14,1,Viet Nam
2021-03-15,5,Viet Nam
2021-03-16,1,Viet Nam
2021-03-17,7,Viet Nam
2021-03-18,3,Viet Nam
2021-03-19,1,Viet Nam
2021-03-20,1,Viet Nam
2021-03-21,0,Viet Nam
2021-03-22,3,Viet Nam
2021-03-23,1,Viet Nam
2021-03-24,0,Viet Nam
2021-03-25,5,Viet Nam
2021-03-26,5,Viet Nam
2021-03-27,4,Viet Nam
2021-03-28,1,Viet Nam
2021-03-29,3,Viet Nam
2021-03-30,0,Viet Nam
2021-03-31,9,Viet Nam
2021-04-01,14,Viet Nam
2021-04-02,3,Viet Nam
2021-04-03,9,Viet Nam
2021-04-04,2,Viet Nam
2021-04-05,6,Viet Nam
2021-04-06,11,Viet Nam
2021-04-07,11,Viet Nam
2021-04-08,10,Viet Nam
2021-04-09,14,Viet Nam
2021-04-10,9,Viet Nam
2021-04-11,4,Viet Nam
2021-04-12,11,Viet Nam
2021-04-13,10,Viet Nam
2021-04-14,20,Viet Nam
2021-04-15,21,Viet Nam
2021-04-16,15,Viet Nam
2021-04-17,8,Viet Nam
2021-04-18,4,Viet Nam
2021-04-19,6,Viet Nam
2021-04-20,10,Viet Nam
2021-04-21,11,Viet Nam
2021-04-22,12,Viet Nam
2021-04-23,8,Viet Nam
2021-04-24,1,Viet Nam
2021-04-25,13,Viet Nam
2021-04-26,6,Viet Nam
2021-04-27,5,Viet Nam
2021-04-28,8,Viet Nam
2021-04-29,49,Viet Nam
2021-04-30,14,Viet Nam
2021-05-01,14,Viet Nam
2021-05-02,20,Viet Nam
2021-05-03,23,Viet Nam
2021-05-04,11,Viet Nam
2021-05-05,34,Viet Nam
2021-05-06,61,Viet Nam
2021-05-07,61,Viet Nam
2021-05-08,93,Viet Nam
2021-05-09,167,Viet Nam
2021-05-10,77,Viet Nam
2021-05-11,82,Viet Nam
2021-05-12,87,Viet Nam
2021-05-13,82,Viet Nam
2021-05-14,96,Viet Nam
2021-05-15,276,Viet Nam
2021-05-16,100,Viet Nam
2021-05-17,166,Viet Nam
2021-05-18,165,Viet Nam
2021-05-19,177,Viet Nam
2021-05-20,113,Viet Nam
2021-05-21,128,Viet Nam
2021-05-22,158,Viet Nam
2021-05-23,156,Viet Nam
2021-05-24,186,Viet Nam
2021-05-25,470,Viet Nam
2021-05-26,180,Viet Nam
2021-05-27,245,Viet Nam
2021-05-28,301,Viet Nam
2021-05-29,251,Viet Nam
2021-05-30,260,Viet Nam
2021-05-31,264,Viet Nam
2021-06-01,193,Viet Nam
2021-06-02,245,Viet Nam
2021-06-03,245,Viet Nam
2021-06-04,249,Viet Nam
2021-06-05,216,Viet Nam
2021-06-06,211,Viet Nam
2021-06-07,236,Viet Nam
2021-06-08,195,Viet Nam
2021-06-09,413,Viet Nam
2021-06-10,200,Viet Nam
2021-06-11,213,Viet Nam
2021-06-12,289,Viet Nam
2021-06-13,293,Viet Nam
2021-06-14,251,Viet Nam
2021-06-15,423,Viet Nam
2021-06-16,490,Viet Nam
2021-06-17,437,Viet Nam
2021-06-18,277,Viet Nam
2021-06-19,470,Viet Nam
2021-06-20,280,Viet Nam
2021-06-21,272,Viet Nam
2021-06-22,252,Viet Nam
2021-06-23,207,Viet Nam
2021-06-24,334,Viet Nam
2021-06-25,792,Viet Nam
2021-06-26,210,Viet Nam
2021-06-27,415,Viet Nam
2021-06-28,396,Viet Nam
2021-06-29,371,Viet Nam
2021-06-30,545,Viet Nam
2021-07-01,675,Viet Nam
2021-07-02,633,Viet Nam
2021-07-03,950,Viet Nam
2021-07-04,951,Viet Nam
2021-07-05,1051,Viet Nam
2021-07-06,1029,Viet Nam
2021-07-07,1044,Viet Nam
2021-07-08,1425,Viet Nam
2021-07-09,1798,Viet Nam
2021-07-10,1862,Viet Nam
2021-07-11,2008,Viet Nam
2021-07-12,2187,Viet Nam
2021-07-13,2744,Viet Nam
2021-07-14,2830,Viet Nam
2021-07-15,4049,Viet Nam
2021-07-16,4004,Viet Nam
2021-07-17,4710,Viet Nam
2021-07-18,4843,Viet Nam
2021-07-19,4335,Viet Nam
2021-07-20,5427,Viet Nam
2021-07-21,5537,Viet Nam
2021-07-22,7125,Viet Nam
2021-07-23,8688,Viet Nam
2021-07-24,7956,Viet Nam
2021-07-25,6260,Viet Nam
2021-07-26,7938,Viet Nam
2021-07-27,8010,Viet Nam
2021-07-28,6519,Viet Nam
2021-07-29,9765,Viet Nam
2021-07-30,7717,Viet Nam
2021-07-31,8938,Viet Nam
2021-08-01,7447,Viet Nam
2021-08-02,7832,Viet Nam
2021-08-03,9122,Viet Nam
2021-08-04,7295,Viet Nam
2021-08-05,7310,Viet Nam
2021-08-06,8109,Viet Nam
2021-08-07,8481,Viet Nam
2021-08-08,9904,Viet Nam
2021-08-09,9334,Viet Nam
2021-08-10,8043,Viet Nam
2021-08-11,8606,Viet Nam
2021-08-12,5025,Viet Nam
2021-08-13,9180,Viet Nam
2021-08-14,9716,Viet Nam
2021-08-15,9580,Viet Nam
2021-08-16,8652,Viet Nam
2021-08-17,9605,Viet Nam
2021-08-18,8656,Viet Nam
2021-08-19,10654,Viet Nam
2021-08-20,10657,Viet Nam
2021-08-21,13439,Viet Nam
2021-08-22,11352,Viet Nam
2021-08-23,10397,Viet Nam
2021-08-24,10811,Viet Nam
2021-08-25,12096,Viet Nam
2021-08-26,11575,Viet Nam
2021-08-27,17428,Viet Nam
2021-08-28,12103,Viet Nam
2021-08-29,12796,Viet Nam
2021-08-30,14224,Viet Nam
2021-08-31,12603,Viet Nam
2021-09-01,11438,Viet Nam
2021-09-02,13197,Viet Nam
2021-09-03,14922,Viet Nam
2021-09-04,9521,Viet Nam
2021-09-05,13137,Viet Nam
2021-09-06,12481,Viet Nam
2021-09-07,14208,Viet Nam
2021-09-08,12680,Viet Nam
2021-09-09,12420,Viet Nam
2021-09-10,13321,Viet Nam
2021-09-11,11932,Viet Nam
2021-09-12,12026,Viet Nam
2021-09-13,11172,Viet Nam
2021-09-14,10508,Viet Nam
2021-09-15,10585,Viet Nam
2021-09-16,10489,Viet Nam
2021-09-17,11521,Viet Nam
2021-09-18,9373,Viet Nam
2021-09-19,10040,Viet Nam
2021-09-20,8681,Viet Nam
2021-09-21,11692,Viet Nam
2021-09-22,11527,Viet Nam
2021-09-23,9472,Viet Nam
2021-09-24,8537,Viet Nam
2021-09-25,9706,Viet Nam
2021-09-26,10011,Viet Nam
2021-09-27,9362,Viet Nam
2021-09-28,4589,Viet Nam
2021-09-29,8758,Viet Nam
2021-09-30,11357,Viet Nam
2021-10-01,6957,Viet Nam
2021-10-02,5490,Viet Nam
2021-10-03,5376,Viet Nam
2021-10-04,5383,Viet Nam
2021-10-05,4363,Viet Nam
2021-10-06,4363,Viet Nam
2021-10-07,4150,Viet Nam
2021-10-08,4784,Viet Nam
2021-10-09,4513,Viet Nam
2021-10-10,3528,Viet Nam
2021-10-11,3619,Viet Nam
2021-10-12,2949,Viet Nam
2021-10-13,3461,Viet Nam
2021-10-14,4151,Viet Nam
2021-10-15,3797,Viet Nam
2021-10-16,3221,Viet Nam
2021-10-17,3193,Viet Nam
2021-10-18,3168,Viet Nam
2021-10-19,3034,Viet Nam
2021-10-20,3646,Viet Nam
2021-10-21,3636,Viet Nam
2021-10-22,3985,Viet Nam
2021-10-23,3373,Viet Nam
2021-10-24,4045,Viet Nam
2021-10-25,3639,Viet Nam
2021-10-26,3595,Viet Nam
2021-10-27,4411,Viet Nam
2021-10-28,4892,Viet Nam
2021-10-29,4899,Viet Nam
2021-10-30,5227,Viet Nam
2021-10-31,5519,Viet Nam
2021-11-01,5598,Viet Nam
2021-11-02,5637,Viet Nam
2021-11-03,7106,Viet Nam
2021-11-04,6580,Viet Nam
2021-11-05,7504,Viet Nam
2021-11-06,7491,Viet Nam
2021-11-07,7646,Viet Nam
2021-11-08,7988,Viet Nam
2021-11-09,8133,Viet Nam
2021-11-10,7930,Viet Nam
2021-11-11,8162,Viet Nam
2021-11-12,8982,Viet Nam
2021-11-13,8467,Viet Nam
2021-11-14,8176,Viet Nam
2021-11-15,8616,Viet Nam
2021-11-16,10259,Viet Nam
2021-11-17,9849,Viet Nam
2021-11-18,10223,Viet Nam
2021-11-19,9625,Viet Nam
2021-11-20,9531,Viet Nam
2021-11-21,9889,Viet Nam
2021-11-22,10321,Viet Nam
2021-11-23,39132,Viet Nam
2021-11-24,11811,Viet Nam
2021-11-25,12450,Viet Nam
2021-11-26,13109,Viet Nam
2021-11-27,16067,Viet Nam
2021-11-28,12936,Viet Nam
2021-11-29,13770,Viet Nam
2021-11-30,13972,Viet Nam
2021-12-01,14508,Viet Nam
2021-12-02,13698,Viet Nam
2021-12-03,14492,Viet Nam
2021-12-04,13998,Viet Nam
2021-12-05,14314,Viet Nam
2021-12-06,14591,Viet Nam
2021-12-07,13840,Viet Nam
2021-12-08,14599,Viet Nam
2021-12-09,15311,Viet Nam
2021-12-10,14839,Viet Nam
2021-12-11,16141,Viet Nam
2021-12-12,14638,Viet Nam
2021-12-13,15377,Viet Nam
2021-12-14,15220,Viet Nam
2021-12-15,15527,Viet Nam
2021-12-16,34062,Viet Nam
2021-12-17,15236,Viet Nam
2021-12-18,15895,Viet Nam
2021-12-19,16110,Viet Nam
2021-12-20,14977,Viet Nam
2021-12-21,16325,Viet Nam
2021-12-22,16555,Viet Nam
2021-12-23,16377,Viet Nam
2021-12-24,16157,Viet Nam
2021-12-25,15586,Viet Nam
2021-12-26,15218,Viet Nam
2021-12-27,14872,Viet Nam
2021-12-28,14440,Viet Nam
2021-12-29,13889,Viet Nam
2021-12-30,19868,Viet Nam
2021-12-31,16515,Viet Nam
2022-01-01,14835,Viet Nam
2022-01-02,16948,Viet Nam
2022-01-03,15936,Viet Nam
2022-01-04,21728,Viet Nam
2022-01-05,17017,Viet Nam
2022-01-06,25842,Viet Nam
2022-01-07,16278,Viet Nam
2022-01-08,16553,Viet Nam
2022-01-09,23181,Viet Nam
2022-01-10,14818,Viet Nam
2022-01-11,16035,Viet Nam
2022-01-12,28291,Viet Nam
2022-01-13,16725,Viet Nam
2022-01-14,16040,Viet Nam
2022-01-15,16378,Viet Nam
2022-01-16,15684,Viet Nam
2022-01-17,21744,Viet Nam
2022-01-18,16838,Viet Nam
2022-01-19,15959,Viet Nam
2022-01-20,16715,Viet Nam
2022-01-21,15935,Viet Nam
2022-01-22,15707,Viet Nam
2022-01-23,14978,Viet Nam
2022-01-24,14362,Viet Nam
2022-01-25,15743,Viet Nam
2022-01-26,15954,Viet Nam
2022-01-27,15727,Viet Nam
2022-01-28,14929,Viet Nam
2022-01-29,15150,Viet Nam
2022-01-30,29766,Viet Nam
2022-01-31,12674,Viet Nam
2022-02-01,11023,Viet Nam
2022-02-02,8744,Viet Nam
2022-02-03,8601,Viet Nam
2022-02-04,11594,Viet Nam
2022-02-05,12170,Viet Nam
2022-02-06,14112,Viet Nam
2022-02-07,16815,Viet Nam
2022-02-08,21909,Viet Nam
2022-02-09,23956,Viet Nam
2022-02-10,26032,Viet Nam
2022-02-11,26487,Viet Nam
2022-02-12,27311,Viet Nam
2022-02-13,26379,Viet Nam
2022-02-14,29413,Viet Nam
2022-02-15,31814,Viet Nam
2022-02-16,34737,Viet Nam
2022-02-17,36200,Viet Nam
2022-02-18,42439,Viet Nam
2022-02-19,54830,Viet Nam
2022-02-20,47200,Viet Nam
2022-02-21,46880,Viet Nam
2022-02-22,55879,Viet Nam
2022-02-23,82126,Viet Nam
2022-02-24,69128,Viet Nam
2022-02-25,78795,Viet Nam
2022-02-26,98876,Viet Nam
2022-02-27,101828,Viet Nam
2022-02-28,122480,Viet Nam
2022-03-01,114144,Viet Nam
2022-03-02,151852,Viet Nam
2022-03-03,176150,Viet Nam
2022-03-04,173631,Viet Nam
2022-03-05,173258,Viet Nam
2022-03-06,202180,Viet Nam
2022-03-07,147358,Viet Nam
2022-03-08,194815,Viet Nam
2022-03-09,265163,Viet Nam
2022-03-10,218459,Viet Nam
2022-03-11,188440,Viet Nam
2022-03-12,454212,Viet Nam
2022-03-13,209501,Viet Nam
2022-03-14,264790,Viet Nam
2022-03-15,175480,Viet Nam
2022-03-16,267540,Viet Nam
2022-03-17,353965,Viet Nam
2022-03-18,192689,Viet Nam
2022-03-19,424729,Viet Nam
2022-03-20,166207,Viet Nam
2022-03-21,131713,Viet Nam
2022-03-22,249153,Viet Nam
2022-03-23,140837,Viet Nam
2022-03-24,120000,Viet Nam
2022-03-25,161501,Viet Nam
2022-03-26,158305,Viet Nam
2022-03-27,91916,Viet Nam
2022-03-28,263376,Viet Nam
2022-03-29,111640,Viet Nam
2022-03-30,85765,Viet Nam
2022-03-31,92355,Viet Nam
2022-04-01,86054,Viet Nam
2022-04-02,65619,Viet Nam
2022-04-03,102046,Viet Nam
2022-04-04,48717,Viet Nam
2022-04-05,54995,Viet Nam
2022-04-06,58424,Viet Nam
2022-04-07,90228,Viet Nam
2022-04-08,65097,Viet Nam
2022-04-09,34140,Viet Nam
2022-04-10,28307,Viet Nam
2022-04-11,51924,Viet Nam
2022-04-12,22804,Viet Nam
2022-04-13,24623,Viet Nam
2022-04-14,23012,Viet Nam
2022-04-15,73934,Viet Nam
2022-04-16,23354,Viet Nam
2022-04-17,14660,Viet Nam
2022-04-18,43272,Viet Nam
2022-04-19,13500,Viet Nam
2022-04-20,13271,Viet Nam
2022-04-21,30574,Viet Nam
2022-04-22,11160,Viet Nam
2022-04-23,10365,Viet Nam
2022-04-24,8813,Viet Nam
2022-04-25,8270,Viet Nam
2022-04-26,48431,Viet Nam
2022-04-27,11313,Viet Nam
2022-04-28,7116,Viet Nam
2022-04-29,6068,Viet Nam
2022-04-30,5109,Viet Nam
2022-05-01,3717,Viet Nam
2022-05-02,3123,Viet Nam
2022-05-03,2709,Viet Nam
2022-05-04,3088,Viet Nam
2022-05-05,4305,Viet Nam
2022-05-06,3819,Viet Nam
2022-05-07,3345,Viet Nam
2022-05-08,2269,Viet Nam
2022-05-09,2175,Viet Nam
2022-05-10,2855,Viet Nam
2022-05-11,2758,Viet Nam
2022-05-12,6499,Viet Nam
2022-05-13,2670,Viet Nam
2022-05-14,1895,Viet Nam
2022-05-15,1594,Viet Nam
2022-05-16,1550,Viet Nam
2022-05-17,1785,Viet Nam
2022-05-18,1831,Viet Nam
2022-05-19,2728,Viet Nam
2022-05-20,1587,Viet Nam
2022-05-21,1457,Viet Nam
2022-05-22,1319,Viet Nam
2022-05-23,1179,Viet Nam
2022-05-24,1323,Viet Nam
2022-05-25,1344,Viet Nam
2022-05-26,1275,Viet Nam
2022-05-27,1239,Viet Nam
2022-05-28,1114,Viet Nam
2022-05-29,890,Viet Nam
2022-05-30,1118,Viet Nam
2022-05-31,1010,Viet Nam
2022-06-01,1047,Viet Nam
2022-06-02,2208,Viet Nam
2022-06-03,1039,Viet Nam
2022-06-04,881,Viet Nam
2022-06-05,685,Viet Nam
2022-06-06,806,Viet Nam
2022-06-07,960,Viet Nam
2022-06-08,913,Viet Nam
2022-06-09,802,Viet Nam
2022-06-10,961,Viet Nam
2022-06-11,1563,Viet Nam
2022-06-12,568,Viet Nam
2022-06-13,617,Viet Nam
2022-06-14,856,Viet Nam
2022-06-15,866,Viet Nam
2022-06-16,774,Viet Nam
2022-06-17,1483,Viet Nam
2022-06-18,699,Viet Nam
2022-06-19,533,Viet Nam
2022-06-20,521,Viet Nam
2022-06-21,748,Viet Nam
2022-06-22,0,Viet Nam
2022-06-23,0,Viet Nam
2022-06-24,3325,Viet Nam
2022-06-25,657,Viet Nam
2022-06-26,557,Viet Nam
2022-06-27,637,Viet Nam
2022-06-28,769,Viet Nam
2022-06-29,777,Viet Nam
2022-06-30,839,Viet Nam
2022-07-01,927,Viet Nam
2022-07-02,730,Viet Nam
2022-07-03,0,Viet Nam
2022-07-04,512,Viet Nam
2022-07-05,685,Viet Nam
2022-07-06,989,Viet Nam
2022-07-07,914,Viet Nam
2022-07-08,913,Viet Nam
2022-07-09,802,Viet Nam
2022-07-10,1406,Viet Nam
2022-07-11,465,Viet Nam
2022-07-12,568,Viet Nam
2022-07-13,873,Viet Nam
2022-07-14,1003,Viet Nam
2022-07-15,932,Viet Nam
2022-07-16,956,Viet Nam
2022-07-17,705,Viet Nam
2022-07-18,745,Viet Nam
2022-07-19,30,Viet Nam
2022-07-20,1908,Viet Nam
2022-07-21,1161,Viet Nam
2022-07-22,0,Viet Nam
2022-07-23,0,Viet Nam
2022-07-24,3506,Viet Nam
2022-07-25,748,Viet Nam
2022-07-26,0,Viet Nam
2022-07-27,2356,Viet Nam
2022-07-28,2676,Viet Nam
2022-07-29,0,Viet Nam
2022-07-30,0,Viet Nam
2022-07-31,1699,Viet Nam
2022-08-01,3475,Viet Nam
2022-08-02,2855,Viet Nam
2022-08-03,2017,Viet Nam
2022-08-04,2096,Viet Nam
2022-08-05,404846,Viet Nam
2022-08-06,0,Viet Nam
2022-08-07,156169,Viet Nam
2022-08-08,1381,Viet Nam
2022-08-09,1705,Viet Nam
2022-08-10,2340,Viet Nam
2022-08-11,2010,Viet Nam
2022-08-12,6775,Viet Nam
2022-08-13,1815,Viet Nam
2022-08-14,2192,Viet Nam
2022-08-15,1429,Viet Nam
2022-08-16,1695,Viet Nam
2022-08-17,2983,Viet Nam
2022-08-18,2814,Viet Nam
2022-08-19,3295,Viet Nam
2022-08-20,0,Viet Nam
2022-08-21,5687,Viet Nam
2022-08-22,1561,Viet Nam
2022-08-23,2197,Viet Nam
2022-08-24,3252,Viet Nam
2022-08-25,3591,Viet Nam
2022-08-26,3346,Viet Nam
2022-08-27,0,Viet Nam
2022-08-28,5392,Viet Nam
2022-08-29,1705,Viet Nam
2022-08-30,2409,Viet Nam
2022-08-31,3241,Viet Nam
2022-09-01,2727,Viet Nam
2022-09-02,2680,Viet Nam
2022-09-03,0,Viet Nam
2022-09-04,3144,Viet Nam
2022-09-05,1391,Viet Nam
2022-09-06,2161,Viet Nam
2022-09-07,3699,Viet Nam
2022-09-08,3878,Viet Nam
2022-09-09,3191,Viet Nam
2022-09-10,3649,Viet Nam
2022-09-11,2498,Viet Nam
2022-09-12,1643,Viet Nam
2022-09-13,2013,Viet Nam
2022-09-14,3301,Viet Nam
2022-09-15,3107,Viet Nam
2022-09-16,2965,Viet Nam
2022-09-17,3080,Viet Nam
2022-09-18,2479,Viet Nam
2022-09-19,1891,Viet Nam
2022-09-20,1778,Viet Nam
2022-09-21,3177,Viet Nam
2022-09-22,2287,Viet Nam
2022-09-23,1928,Viet Nam
2022-09-24,1319,Viet Nam
2022-09-25,2402,Viet Nam
2022-09-26,961,Viet Nam
2022-09-27,1432,Viet Nam
2022-09-28,1588,Viet Nam
2022-09-29,1587,Viet Nam
2022-09-30,978,Viet Nam
2022-10-01,1470,Viet Nam
2022-10-02,672,Viet Nam
2022-10-03,490,Viet Nam
2022-10-04,796,Viet Nam
2022-10-05,1020,Viet Nam
2022-10-06,1195,Viet Nam
2022-10-07,0,Viet Nam
2022-10-08,437,Viet Nam
2022-10-09,1395,Viet Nam
2022-10-10,1053,Viet Nam
2022-10-11,1045,Viet Nam
2022-10-12,1226,Viet Nam
2022-10-13,1196,Viet Nam
2022-10-14,0,Viet Nam
2022-10-15,1660,Viet Nam
2022-10-16,732,Viet Nam
2022-10-17,325,Viet Nam
2022-10-18,623,Viet Nam
2022-10-19,673,Viet Nam
2022-10-20,1337,Viet Nam
