receiver_condition,domain,series,seed_a,seed_b,panel_size,rows_per_context,P_star,aligned_tv,ari,alignment_gain,canonical_P_star,permutation_exact_agreement_with_96,delta_aligned_tv_vs_96,delta_ari_vs_96,delta_alignment_gain_vs_96,taxonomy_96,taxonomy_sensitivity,executability_status
LSTM_REFERENCE,WHO,Australia,42,123,96,32,2-0-4-3-1,0.33948868078571426,0.3189189189189189,0.6587893450000003,2-0-4-3-1,TRUE,0.0,0.0,0.0,STRUCTURALLY UNSTABLE,STRUCTURALLY UNSTABLE,EXECUTABLE
LSTM_REFERENCE,WHO,Australia,42,123,72,24,2-0-4-3-1,0.33948868078571426,0.3189189189189189,0.6587893450000003,2-0-4-3-1,TRUE,0.0,0.0,0.0,STRUCTURALLY UNSTABLE,STRUCTURALLY UNSTABLE,EXECUTABLE
LSTM_REFERENCE,WHO,Australia,42,123,48,16,2-0-4-3-1,0.33948868078571426,0.3189189189189189,0.6587893450000003,2-0-4-3-1,TRUE,0.0,0.0,0.0,STRUCTURALLY UNSTABLE,STRUCTURALLY UNSTABLE,EXECUTABLE
LSTM_REFERENCE,WHO,Australia,42,2025,96,32,2-0-4-3-1,0.28712331078571435,0.4986737400530504,0.49546465328571415,2-0-4-3-1,TRUE,0.0,0.0,0.0,STRUCTURALLY UNSTABLE,STRUCTURALLY UNSTABLE,EXECUTABLE
LSTM_REFERENCE,WHO,Australia,42,2025,72,24,2-0-4-3-1,0.28712331078571435,0.4986737400530504,0.49546465328571415,2-0-4-3-1,TRUE,0.0,0.0,0.0,STRUCTURALLY UNSTABLE,STRUCTURALLY UNSTABLE,EXECUTABLE
LSTM_REFERENCE,WHO,Australia,42,2025,48,16,2-0-4-3-1,0.28712331078571435,0.4986737400530504,0.49546465328571415,2-0-4-3-1,TRUE,0.0,0.0,0.0,STRUCTURALLY UNSTABLE,STRUCTURALLY UNSTABLE,EXECUTABLE
LSTM_REFERENCE,WHO,Australia,123,2025,96,32,0-4-1-2-3,0.4972652842857142,0.5737483085250338,-0.19248550571428563,0-4-1-2-3,TRUE,0.0,0.0,0.0,STRUCTURALLY UNSTABLE,STRUCTURALLY UNSTABLE,EXECUTABLE
LSTM_REFERENCE,WHO,Australia,123,2025,72,24,0-1-3-2-4,0.3047797785714286,0.5737483085250338,0.0,0-4-1-2-3,FALSE,-0.19248550571428563,0.0,0.19248550571428563,STRUCTURALLY UNSTABLE,STRUCTURALLY UNSTABLE,EXECUTABLE
LSTM_REFERENCE,WHO,Australia,123,2025,48,16,0-1-2-3-4,0.3047797785714286,0.5737483085250338,0.0,0-4-1-2-3,FALSE,-0.19248550571428563,0.0,0.19248550571428563,STRUCTURALLY UNSTABLE,STRUCTURALLY UNSTABLE,EXECUTABLE
LSTM_REFERENCE,WHO,Austria,42,123,96,32,4-2-3-0-1,0.4647610385678571,0.24390398780797565,0.3135832822499999,4-2-3-0-1,TRUE,0.0,0.0,0.0,STRUCTURALLY UNSTABLE,STRUCTURALLY UNSTABLE,EXECUTABLE
LSTM_REFERENCE,WHO,Austria,42,123,72,24,4-2-3-1-0,0.46744989442499996,0.24390398780797565,0.310894426392857,4-2-3-0-1,FALSE,0.0026888558571428467,0.0,-0.0026888558571428467,STRUCTURALLY UNSTABLE,STRUCTURALLY UNSTABLE,EXECUTABLE
LSTM_REFERENCE,WHO,Austria,42,123,48,16,0-2-3-1-4,0.4924975492821429,0.24390398780797565,0.2858467715357141,4-2-3-0-1,FALSE,0.02773651071428579,0.0,-0.02773651071428579,STRUCTURALLY UNSTABLE,STRUCTURALLY UNSTABLE,EXECUTABLE
LSTM_REFERENCE,WHO,Austria,42,2025,96,32,0-3-4-2-1,0.4851341493571429,0.040415587908947254,0.24948992060714287,0-3-4-2-1,TRUE,0.0,0.0,0.0,STRUCTURALLY UNSTABLE,STRUCTURALLY UNSTABLE,EXECUTABLE
LSTM_REFERENCE,WHO,Austria,42,2025,72,24,0-3-4-2-1,0.4851341493571429,0.040415587908947254,0.24948992060714287,0-3-4-2-1,TRUE,0.0,0.0,0.0,STRUCTURALLY UNSTABLE,STRUCTURALLY UNSTABLE,EXECUTABLE
LSTM_REFERENCE,WHO,Austria,42,2025,48,16,0-3-4-2-1,0.4851341493571429,0.040415587908947254,0.24948992060714287,0-3-4-2-1,TRUE,0.0,0.0,0.0,STRUCTURALLY UNSTABLE,STRUCTURALLY UNSTABLE,EXECUTABLE
LSTM_REFERENCE,WHO,Austria,123,2025,96,32,2-1-3-4-0,0.4642018290678571,0.19293231565851857,0.1339808146785716,2-1-3-4-0,TRUE,0.0,0.0,0.0,STRUCTURALLY UNSTABLE,STRUCTURALLY UNSTABLE,EXECUTABLE
LSTM_REFERENCE,WHO,Austria,123,2025,72,24,2-1-3-4-0,0.4642018290678571,0.19293231565851857,0.1339808146785716,2-1-3-4-0,TRUE,0.0,0.0,0.0,STRUCTURALLY UNSTABLE,STRUCTURALLY UNSTABLE,EXECUTABLE
LSTM_REFERENCE,WHO,Austria,123,2025,48,16,0-1-2-3-4,0.5981826437464287,0.19293231565851857,0.0,2-1-3-4-0,FALSE,0.1339808146785716,0.0,-0.1339808146785716,STRUCTURALLY UNSTABLE,STRUCTURALLY UNSTABLE,EXECUTABLE
LSTM_REFERENCE,WHO,Bangladesh,42,123,96,32,2-0-4-1-3,0.6195749407196429,0.09505446833124455,0.2211934553107141,2-0-4-1-3,TRUE,0.0,0.0,0.0,STRUCTURALLY UNSTABLE,STRUCTURALLY UNSTABLE,EXECUTABLE
LSTM_REFERENCE,WHO,Bangladesh,42,123,72,24,2-0-4-1-3,0.6195749407196429,0.09505446833124455,0.2211934553107141,2-0-4-1-3,TRUE,0.0,0.0,0.0,STRUCTURALLY UNSTABLE,STRUCTURALLY UNSTABLE,EXECUTABLE
LSTM_REFERENCE,WHO,Bangladesh,42,123,48,16,2-0-4-1-3,0.6195749407196429,0.09505446833124455,0.2211934553107141,2-0-4-1-3,TRUE,0.0,0.0,0.0,STRUCTURALLY UNSTABLE,STRUCTURALLY UNSTABLE,EXECUTABLE
LSTM_REFERENCE,WHO,Bangladesh,42,2025,96,32,2-4-0-3-1,0.6379263038053571,0.04778156996587027,-0.05953188151071409,2-4-0-3-1,TRUE,0.0,0.0,0.0,STRUCTURALLY UNSTABLE,STRUCTURALLY UNSTABLE,EXECUTABLE
LSTM_REFERENCE,WHO,Bangladesh,42,2025,72,24,1-4-3-0-2,0.6355702165982143,0.04778156996587027,-0.05717579430357134,2-4-0-3-1,FALSE,-0.002356087207142754,0.0,0.002356087207142754,STRUCTURALLY UNSTABLE,STRUCTURALLY UNSTABLE,EXECUTABLE
LSTM_REFERENCE,WHO,Bangladesh,42,2025,48,16,1-4-0-3-2,0.6494576857053571,0.04778156996587027,-0.07106326341071412,2-4-0-3-1,FALSE,0.011531381900000026,0.0,-0.011531381900000026,STRUCTURALLY UNSTABLE,STRUCTURALLY UNSTABLE,EXECUTABLE
LSTM_REFERENCE,WHO,Bangladesh,123,2025,96,32,4-0-1-2-3,0.5735972801107143,0.0799136069114471,0.251206649642857,4-0-1-2-3,TRUE,0.0,0.0,0.0,STRUCTURALLY UNSTABLE,STRUCTURALLY UNSTABLE,EXECUTABLE
LSTM_REFERENCE,WHO,Bangladesh,123,2025,72,24,4-0-1-2-3,0.5735972801107143,0.0799136069114471,0.251206649642857,4-0-1-2-3,TRUE,0.0,0.0,0.0,STRUCTURALLY UNSTABLE,STRUCTURALLY UNSTABLE,EXECUTABLE
LSTM_REFERENCE,WHO,Bangladesh,123,2025,48,16,4-0-1-2-3,0.5735972801107143,0.0799136069114471,0.251206649642857,4-0-1-2-3,TRUE,0.0,0.0,0.0,STRUCTURALLY UNSTABLE,STRUCTURALLY UNSTABLE,EXECUTABLE
LSTM_REFERENCE,WHO,Bhutan,42,123,96,32,3-0-4-1-2,0.4861216464501786,-0.048159535645527385,0.21272943384964277,3-0-4-1-2,TRUE,0.0,0.0,0.0,STRUCTURALLY UNSTABLE,STRUCTURALLY UNSTABLE,EXECUTABLE
LSTM_REFERENCE,WHO,Bhutan,42,123,72,24,3-4-2-1-0,0.4796993675141072,-0.048159535645527385,0.21915171278571416,3-0-4-1-2,FALSE,-0.0064222789360713906,0.0,0.0064222789360713906,STRUCTURALLY UNSTABLE,STRUCTURALLY UNSTABLE,EXECUTABLE
LSTM_REFERENCE,WHO,Bhutan,42,123,48,16,3-0-4-1-2,0.4861216464501786,-0.048159535645527385,0.21272943384964277,3-0-4-1-2,TRUE,0.0,0.0,0.0,STRUCTURALLY UNSTABLE,STRUCTURALLY UNSTABLE,EXECUTABLE
LSTM_REFERENCE,WHO,Bhutan,42,2025,96,32,1-0-4-3-2,0.3622407473303571,-0.06562808967747102,0.35874229350000014,1-0-4-3-2,TRUE,0.0,0.0,0.0,STRUCTURALLY UNSTABLE,STRUCTURALLY UNSTABLE,EXECUTABLE
LSTM_REFERENCE,WHO,Bhutan,42,2025,72,24,1-0-4-3-2,0.3622407473303571,-0.06562808967747102,0.35874229350000014,1-0-4-3-2,TRUE,0.0,0.0,0.0,STRUCTURALLY UNSTABLE,STRUCTURALLY UNSTABLE,EXECUTABLE
LSTM_REFERENCE,WHO,Bhutan,42,2025,48,16,1-0-4-3-2,0.3622407473303571,-0.06562808967747102,0.35874229350000014,1-0-4-3-2,TRUE,0.0,0.0,0.0,STRUCTURALLY UNSTABLE,STRUCTURALLY UNSTABLE,EXECUTABLE
LSTM_REFERENCE,WHO,Bhutan,123,2025,96,32,0-4-2-1-3,0.42963590680875,0.2182208319329904,0.06449732907142858,0-4-2-1-3,TRUE,0.0,0.0,0.0,STRUCTURALLY UNSTABLE,STRUCTURALLY UNSTABLE,EXECUTABLE
LSTM_REFERENCE,WHO,Bhutan,123,2025,72,24,0-4-2-1-3,0.42963590680875,0.2182208319329904,0.06449732907142858,0-4-2-1-3,TRUE,0.0,0.0,0.0,STRUCTURALLY UNSTABLE,STRUCTURALLY UNSTABLE,EXECUTABLE
LSTM_REFERENCE,WHO,Bhutan,123,2025,48,16,0-1-3-2-4,0.4830482956658928,0.2182208319329904,0.011084940214285799,0-4-2-1-3,FALSE,0.05341238885714278,0.0,-0.05341238885714278,STRUCTURALLY UNSTABLE,STRUCTURALLY UNSTABLE,EXECUTABLE
LSTM_REFERENCE,WHO,Brunei Darussalam,42,123,96,32,2-3-4-1-0,0.29498943538035716,0.04298801973220582,0.624044166775,2-3-4-1-0,TRUE,0.0,0.0,0.0,STRUCTURALLY UNSTABLE,STRUCTURALLY UNSTABLE,EXECUTABLE
LSTM_REFERENCE,WHO,Brunei Darussalam,42,123,72,24,2-3-4-1-0,0.29498943538035716,0.04298801973220582,0.624044166775,2-3-4-1-0,TRUE,0.0,0.0,0.0,STRUCTURALLY UNSTABLE,STRUCTURALLY UNSTABLE,EXECUTABLE
LSTM_REFERENCE,WHO,Brunei Darussalam,42,123,48,16,2-3-4-1-0,0.29498943538035716,0.04298801973220582,0.624044166775,2-3-4-1-0,TRUE,0.0,0.0,0.0,STRUCTURALLY UNSTABLE,STRUCTURALLY UNSTABLE,EXECUTABLE
LSTM_REFERENCE,WHO,Brunei Darussalam,42,2025,96,32,1-3-4-2-0,0.525852417482143,0.00951382729984667,0.3807418479642857,1-3-4-2-0,TRUE,0.0,0.0,0.0,STRUCTURALLY UNSTABLE,STRUCTURALLY UNSTABLE,EXECUTABLE
LSTM_REFERENCE,WHO,Brunei Darussalam,42,2025,72,24,1-3-4-2-0,0.525852417482143,0.00951382729984667,0.3807418479642857,1-3-4-2-0,TRUE,0.0,0.0,0.0,STRUCTURALLY UNSTABLE,STRUCTURALLY UNSTABLE,EXECUTABLE
LSTM_REFERENCE,WHO,Brunei Darussalam,42,2025,48,16,1-3-4-2-0,0.525852417482143,0.00951382729984667,0.3807418479642857,1-3-4-2-0,TRUE,0.0,0.0,0.0,STRUCTURALLY UNSTABLE,STRUCTURALLY UNSTABLE,EXECUTABLE
LSTM_REFERENCE,WHO,Brunei Darussalam,123,2025,96,32,0-4-1-3-2,0.5122792882446429,-0.052287581699345935,0.1642208346428573,0-4-1-3-2,TRUE,0.0,0.0,0.0,STRUCTURALLY UNSTABLE,STRUCTURALLY UNSTABLE,EXECUTABLE
LSTM_REFERENCE,WHO,Brunei Darussalam,123,2025,72,24,0-2-3-1-4,0.7862719351017858,-0.052287581699345935,-0.10977181221428567,0-4-1-3-2,FALSE,0.273992646857143,0.0,-0.273992646857143,STRUCTURALLY UNSTABLE,STRUCTURALLY UNSTABLE,EXECUTABLE
LSTM_REFERENCE,WHO,Brunei Darussalam,123,2025,48,16,0-4-1-3-2,0.5122792882446429,-0.052287581699345935,0.1642208346428573,0-4-1-3-2,TRUE,0.0,0.0,0.0,STRUCTURALLY UNSTABLE,STRUCTURALLY UNSTABLE,EXECUTABLE
LSTM_REFERENCE,WHO,Cambodia,42,123,96,32,3-4-0-1-2,0.48125256253035714,0.20339295592845286,0.16087460286785688,3-4-0-1-2,TRUE,0.0,0.0,0.0,STRUCTURALLY UNSTABLE,STRUCTURALLY UNSTABLE,EXECUTABLE
LSTM_REFERENCE,WHO,Cambodia,42,123,72,24,3-4-0-1-2,0.48125256253035714,0.20339295592845286,0.16087460286785688,3-4-0-1-2,TRUE,0.0,0.0,0.0,STRUCTURALLY UNSTABLE,STRUCTURALLY UNSTABLE,EXECUTABLE
LSTM_REFERENCE,WHO,Cambodia,42,123,48,16,3-4-0-1-2,0.48125256253035714,0.20339295592845286,0.16087460286785688,3-4-0-1-2,TRUE,0.0,0.0,0.0,STRUCTURALLY UNSTABLE,STRUCTURALLY UNSTABLE,EXECUTABLE
LSTM_REFERENCE,WHO,Cambodia,42,2025,96,32,0-2-3-4-1,0.5450419671285714,0.0,0.4535124397071426,0-2-3-4-1,TRUE,0.0,0.0,0.0,STRUCTURALLY UNSTABLE,STRUCTURALLY UNSTABLE,EXECUTABLE
LSTM_REFERENCE,WHO,Cambodia,42,2025,72,24,0-2-3-4-1,0.5450419671285714,0.0,0.4535124397071426,0-2-3-4-1,TRUE,0.0,0.0,0.0,STRUCTURALLY UNSTABLE,STRUCTURALLY UNSTABLE,EXECUTABLE
LSTM_REFERENCE,WHO,Cambodia,42,2025,48,16,1-0-3-4-2,0.5435963714785714,0.0,0.45495803535714263,0-2-3-4-1,FALSE,-0.00144559565000002,0.0,0.00144559565000002,STRUCTURALLY UNSTABLE,STRUCTURALLY UNSTABLE,EXECUTABLE
LSTM_REFERENCE,WHO,Cambodia,123,2025,96,32,0-4-2-1-3,0.28484438834107145,0.0,0.6089839899892857,0-4-2-1-3,TRUE,0.0,0.0,0.0,STRUCTURALLY UNSTABLE,STRUCTURALLY UNSTABLE,EXECUTABLE
LSTM_REFERENCE,WHO,Cambodia,123,2025,72,24,0-4-2-1-3,0.28484438834107145,0.0,0.6089839899892857,0-4-2-1-3,TRUE,0.0,0.0,0.0,STRUCTURALLY UNSTABLE,STRUCTURALLY UNSTABLE,EXECUTABLE
LSTM_REFERENCE,WHO,Cambodia,123,2025,48,16,0-4-2-1-3,0.28484438834107145,0.0,0.6089839899892857,0-4-2-1-3,TRUE,0.0,0.0,0.0,STRUCTURALLY UNSTABLE,STRUCTURALLY UNSTABLE,EXECUTABLE
LSTM_REFERENCE,WHO,China,42,123,96,32,0-3-4-2-1,0.4937915865535714,0.13671444321940462,0.02177628632142853,0-3-4-2-1,TRUE,0.0,0.0,0.0,STRUCTURALLY UNSTABLE,STRUCTURALLY UNSTABLE,EXECUTABLE
LSTM_REFERENCE,WHO,China,42,123,72,24,0-3-4-2-1,0.4937915865535714,0.13671444321940462,0.02177628632142853,0-3-4-2-1,TRUE,0.0,0.0,0.0,STRUCTURALLY UNSTABLE,STRUCTURALLY UNSTABLE,EXECUTABLE
LSTM_REFERENCE,WHO,China,42,123,48,16,0-3-4-2-1,0.4937915865535714,0.13671444321940462,0.02177628632142853,0-3-4-2-1,TRUE,0.0,0.0,0.0,STRUCTURALLY UNSTABLE,STRUCTURALLY UNSTABLE,EXECUTABLE
LSTM_REFERENCE,WHO,China,42,2025,96,32,2-0-3-1-4,0.6059526542478572,0.18886679920477137,-0.08367246681714291,2-0-3-1-4,TRUE,0.0,0.0,0.0,STRUCTURALLY UNSTABLE,STRUCTURALLY UNSTABLE,EXECUTABLE
LSTM_REFERENCE,WHO,China,42,2025,72,24,2-0-3-1-4,0.6059526542478572,0.18886679920477137,-0.08367246681714291,2-0-3-1-4,TRUE,0.0,0.0,0.0,STRUCTURALLY UNSTABLE,STRUCTURALLY UNSTABLE,EXECUTABLE
LSTM_REFERENCE,WHO,China,42,2025,48,16,3-4-2-0-1,0.5474143060164286,0.18886679920477137,-0.02513411858571435,2-0-3-1-4,FALSE,-0.05853834823142856,0.0,0.05853834823142856,STRUCTURALLY UNSTABLE,STRUCTURALLY UNSTABLE,EXECUTABLE
LSTM_REFERENCE,WHO,China,123,2025,96,32,0-1-2-3-4,0.5399743878942858,0.11702440458688618,0.0,0-1-2-3-4,TRUE,0.0,0.0,0.0,STRUCTURALLY UNSTABLE,STRUCTURALLY UNSTABLE,EXECUTABLE
LSTM_REFERENCE,WHO,China,123,2025,72,24,0-1-2-3-4,0.5399743878942858,0.11702440458688618,0.0,0-1-2-3-4,TRUE,0.0,0.0,0.0,STRUCTURALLY UNSTABLE,STRUCTURALLY UNSTABLE,EXECUTABLE
LSTM_REFERENCE,WHO,China,123,2025,48,16,3-1-0-2-4,0.45617859121285714,0.11702440458688618,0.08379579668142861,0-1-2-3-4,FALSE,-0.08379579668142861,0.0,0.08379579668142861,STRUCTURALLY UNSTABLE,STRUCTURALLY UNSTABLE,EXECUTABLE
LSTM_REFERENCE,WHO,Fiji,42,123,96,32,2-3-4-1-0,0.3978273446071428,0.12380416432189088,0.48354567710714286,2-3-4-1-0,TRUE,0.0,0.0,0.0,STRUCTURALLY UNSTABLE,STRUCTURALLY UNSTABLE,EXECUTABLE
LSTM_REFERENCE,WHO,Fiji,42,123,72,24,2-3-4-1-0,0.3978273446071428,0.12380416432189088,0.48354567710714286,2-3-4-1-0,TRUE,0.0,0.0,0.0,STRUCTURALLY UNSTABLE,STRUCTURALLY UNSTABLE,EXECUTABLE
LSTM_REFERENCE,WHO,Fiji,42,123,48,16,2-3-4-1-0,0.3978273446071428,0.12380416432189088,0.48354567710714286,2-3-4-1-0,TRUE,0.0,0.0,0.0,STRUCTURALLY UNSTABLE,STRUCTURALLY UNSTABLE,EXECUTABLE
LSTM_REFERENCE,WHO,Fiji,42,2025,96,32,1-3-0-4-2,0.50447329285,0.1534034530660845,0.2794872157285715,1-3-0-4-2,TRUE,0.0,0.0,0.0,STRUCTURALLY UNSTABLE,STRUCTURALLY UNSTABLE,EXECUTABLE
LSTM_REFERENCE,WHO,Fiji,42,2025,72,24,1-3-0-4-2,0.50447329285,0.1534034530660845,0.2794872157285715,1-3-0-4-2,TRUE,0.0,0.0,0.0,STRUCTURALLY UNSTABLE,STRUCTURALLY UNSTABLE,EXECUTABLE
LSTM_REFERENCE,WHO,Fiji,42,2025,48,16,1-3-0-4-2,0.50447329285,0.1534034530660845,0.2794872157285715,1-3-0-4-2,TRUE,0.0,0.0,0.0,STRUCTURALLY UNSTABLE,STRUCTURALLY UNSTABLE,EXECUTABLE
LSTM_REFERENCE,WHO,Fiji,123,2025,96,32,0-4-1-3-2,0.6331815555642857,-0.006060109737122208,-0.028077099642857206,0-4-1-3-2,TRUE,0.0,0.0,0.0,STRUCTURALLY UNSTABLE,STRUCTURALLY UNSTABLE,EXECUTABLE
LSTM_REFERENCE,WHO,Fiji,123,2025,72,24,0-4-1-3-2,0.6331815555642857,-0.006060109737122208,-0.028077099642857206,0-4-1-3-2,TRUE,0.0,0.0,0.0,STRUCTURALLY UNSTABLE,STRUCTURALLY UNSTABLE,EXECUTABLE
LSTM_REFERENCE,WHO,Fiji,123,2025,48,16,0-4-1-3-2,0.6331815555642857,-0.006060109737122208,-0.028077099642857206,0-4-1-3-2,TRUE,0.0,0.0,0.0,STRUCTURALLY UNSTABLE,STRUCTURALLY UNSTABLE,EXECUTABLE
LSTM_REFERENCE,WHO,French Polynesia,42,123,96,32,3-2-0-4-1,0.4755734684821428,0.08223934953840938,0.01839123532142861,3-2-0-4-1,TRUE,0.0,0.0,0.0,STRUCTURALLY UNSTABLE,STRUCTURALLY UNSTABLE,EXECUTABLE
LSTM_REFERENCE,WHO,French Polynesia,42,123,72,24,4-2-1-3-0,0.4415351442678572,0.08223934953840938,0.05242955953571421,3-2-0-4-1,FALSE,-0.0340383242142856,0.0,0.0340383242142856,STRUCTURALLY UNSTABLE,STRUCTURALLY UNSTABLE,EXECUTABLE
LSTM_REFERENCE,WHO,French Polynesia,42,123,48,16,3-4-1-2-0,0.6618282895892856,0.08223934953840938,-0.1678635857857142,3-2-0-4-1,FALSE,0.1862548211071428,0.0,-0.1862548211071428,STRUCTURALLY UNSTABLE,STRUCTURALLY UNSTABLE,EXECUTABLE
LSTM_REFERENCE,WHO,French Polynesia,42,2025,96,32,1-4-0-2-3,0.519124757475,0.0,0.3912691543642858,1-4-0-2-3,TRUE,0.0,0.0,0.0,STRUCTURALLY UNSTABLE,STRUCTURALLY UNSTABLE,EXECUTABLE
LSTM_REFERENCE,WHO,French Polynesia,42,2025,72,24,2-3-0-4-1,0.5399962769107143,0.0,0.3703976349285715,1-4-0-2-3,FALSE,0.020871519435714303,0.0,-0.020871519435714303,STRUCTURALLY UNSTABLE,STRUCTURALLY UNSTABLE,EXECUTABLE
LSTM_REFERENCE,WHO,French Polynesia,42,2025,48,16,1-4-0-2-3,0.519124757475,0.0,0.3912691543642858,1-4-0-2-3,TRUE,0.0,0.0,0.0,STRUCTURALLY UNSTABLE,STRUCTURALLY UNSTABLE,EXECUTABLE
LSTM_REFERENCE,WHO,French Polynesia,123,2025,96,32,1-0-4-2-3,0.4981054810642857,0.0,0.38506333290714273,1-0-4-2-3,TRUE,0.0,0.0,0.0,STRUCTURALLY UNSTABLE,STRUCTURALLY UNSTABLE,EXECUTABLE
LSTM_REFERENCE,WHO,French Polynesia,123,2025,72,24,1-0-3-4-2,0.37962762421428575,0.0,0.5035411897571427,1-0-4-2-3,FALSE,-0.11847785684999995,0.0,0.11847785684999995,STRUCTURALLY UNSTABLE,STRUCTURALLY UNSTABLE,EXECUTABLE
LSTM_REFERENCE,WHO,French Polynesia,123,2025,48,16,1-0-4-2-3,0.4981054810642857,0.0,0.38506333290714273,1-0-4-2-3,TRUE,0.0,0.0,0.0,STRUCTURALLY UNSTABLE,STRUCTURALLY UNSTABLE,EXECUTABLE
LSTM_REFERENCE,WHO,Guam,42,123,96,32,0-2-1-4-3,0.48449476014285714,-0.04119043849928765,0.09276227689285715,0-2-1-4-3,TRUE,0.0,0.0,0.0,STRUCTURALLY UNSTABLE,STRUCTURALLY UNSTABLE,EXECUTABLE
LSTM_REFERENCE,WHO,Guam,42,123,72,24,0-2-1-4-3,0.48449476014285714,-0.04119043849928765,0.09276227689285715,0-2-1-4-3,TRUE,0.0,0.0,0.0,STRUCTURALLY UNSTABLE,STRUCTURALLY UNSTABLE,EXECUTABLE
LSTM_REFERENCE,WHO,Guam,42,123,48,16,3-0-1-4-2,0.5297534825,-0.04119043849928765,0.04750355453571431,0-2-1-4-3,FALSE,0.045258722357142844,0.0,-0.045258722357142844,STRUCTURALLY UNSTABLE,STRUCTURALLY UNSTABLE,EXECUTABLE
LSTM_REFERENCE,WHO,Guam,42,2025,96,32,3-0-2-4-1,0.4174985543196429,-0.044602264285502,0.22288872428571427,3-0-2-4-1,TRUE,0.0,0.0,0.0,STRUCTURALLY UNSTABLE,STRUCTURALLY UNSTABLE,EXECUTABLE
LSTM_REFERENCE,WHO,Guam,42,2025,72,24,3-0-2-4-1,0.4174985543196429,-0.044602264285502,0.22288872428571427,3-0-2-4-1,TRUE,0.0,0.0,0.0,STRUCTURALLY UNSTABLE,STRUCTURALLY UNSTABLE,EXECUTABLE
LSTM_REFERENCE,WHO,Guam,42,2025,48,16,3-0-2-4-1,0.4174985543196429,-0.044602264285502,0.22288872428571427,3-0-2-4-1,TRUE,0.0,0.0,0.0,STRUCTURALLY UNSTABLE,STRUCTURALLY UNSTABLE,EXECUTABLE
LSTM_REFERENCE,WHO,Guam,123,2025,96,32,3-2-0-1-4,0.43887031467678567,0.12985929272293043,0.25135431543214276,3-2-0-1-4,TRUE,0.0,0.0,0.0,STRUCTURALLY UNSTABLE,STRUCTURALLY UNSTABLE,EXECUTABLE
LSTM_REFERENCE,WHO,Guam,123,2025,72,24,3-2-0-1-4,0.43887031467678567,0.12985929272293043,0.25135431543214276,3-2-0-1-4,TRUE,0.0,0.0,0.0,STRUCTURALLY UNSTABLE,STRUCTURALLY UNSTABLE,EXECUTABLE
LSTM_REFERENCE,WHO,Guam,123,2025,48,16,3-4-0-1-2,0.3894993325696428,0.12985929272293043,0.3007252975392856,3-2-0-1-4,FALSE,-0.04937098210714286,0.0,0.04937098210714286,STRUCTURALLY UNSTABLE,STRUCTURALLY UNSTABLE,EXECUTABLE
LSTM_REFERENCE,WHO,Lao People's Democratic Republic,42,123,96,32,3-2-4-1-0,0.5329370785892856,-0.04194754509975169,0.10724370150000007,3-2-4-1-0,TRUE,0.0,0.0,0.0,STRUCTURALLY UNSTABLE,STRUCTURALLY UNSTABLE,EXECUTABLE
LSTM_REFERENCE,WHO,Lao People's Democratic Republic,42,123,72,24,2-3-4-1-0,0.5608754389107142,-0.04194754509975169,0.07930534117857146,3-2-4-1-0,FALSE,0.0279383603214286,0.0,-0.0279383603214286,STRUCTURALLY UNSTABLE,STRUCTURALLY UNSTABLE,EXECUTABLE
LSTM_REFERENCE,WHO,Lao People's Democratic Republic,42,123,48,16,2-3-4-1-0,0.5608754389107142,-0.04194754509975169,0.07930534117857146,3-2-4-1-0,FALSE,0.0279383603214286,0.0,-0.0279383603214286,STRUCTURALLY UNSTABLE,STRUCTURALLY UNSTABLE,EXECUTABLE
LSTM_REFERENCE,WHO,Lao People's Democratic Republic,42,2025,96,32,1-3-0-4-2,0.5145253913214286,-0.00900900900900889,0.4278250235714287,1-3-0-4-2,TRUE,0.0,0.0,0.0,STRUCTURALLY UNSTABLE,STRUCTURALLY UNSTABLE,EXECUTABLE
LSTM_REFERENCE,WHO,Lao People's Democratic Republic,42,2025,72,24,2-3-4-1-0,0.9096688552500002,-0.00900900900900889,0.03268155964285713,1-3-0-4-2,FALSE,0.3951434639285716,0.0,-0.3951434639285716,STRUCTURALLY UNSTABLE,STRUCTURALLY UNSTABLE,EXECUTABLE
LSTM_REFERENCE,WHO,Lao People's Democratic Republic,42,2025,48,16,3-1-0-4-2,0.54918350925,-0.00900900900900889,0.3931669056428573,1-3-0-4-2,FALSE,0.03465811792857143,0.0,-0.03465811792857143,STRUCTURALLY UNSTABLE,STRUCTURALLY UNSTABLE,EXECUTABLE
LSTM_REFERENCE,WHO,Lao People's Democratic Republic,123,2025,96,32,0-4-2-1-3,0.36659191012500003,-0.05635148042024844,0.551054116857143,0-4-2-1-3,TRUE,0.0,0.0,0.0,STRUCTURALLY UNSTABLE,STRUCTURALLY UNSTABLE,EXECUTABLE
LSTM_REFERENCE,WHO,Lao People's Democratic Republic,123,2025,72,24,0-4-3-1-2,0.36719839591071424,-0.05635148042024844,0.5504476310714288,0-4-2-1-3,FALSE,0.0006064857857142059,0.0,-0.0006064857857142059,STRUCTURALLY UNSTABLE,STRUCTURALLY UNSTABLE,EXECUTABLE
LSTM_REFERENCE,WHO,Lao People's Democratic Republic,123,2025,48,16,0-4-3-1-2,0.36719839591071424,-0.05635148042024844,0.5504476310714288,0-4-2-1-3,FALSE,0.0006064857857142059,0.0,-0.0006064857857142059,STRUCTURALLY UNSTABLE,STRUCTURALLY UNSTABLE,EXECUTABLE
LSTM_REFERENCE,WHO,Malaysia,42,123,96,32,3-2-0-1-4,0.6888395738053569,-0.016324178989821417,-0.2635278290285712,3-2-0-1-4,TRUE,0.0,0.0,0.0,STRUCTURALLY UNSTABLE,STRUCTURALLY UNSTABLE,EXECUTABLE
LSTM_REFERENCE,WHO,Malaysia,42,123,72,24,3-2-0-1-4,0.6888395738053569,-0.016324178989821417,-0.2635278290285712,3-2-0-1-4,TRUE,0.0,0.0,0.0,STRUCTURALLY UNSTABLE,STRUCTURALLY UNSTABLE,EXECUTABLE
LSTM_REFERENCE,WHO,Malaysia,42,123,48,16,0-2-3-4-1,0.43047480101964286,-0.016324178989821417,-0.005163056242857178,3-2-0-1-4,FALSE,-0.258364772785714,0.0,0.258364772785714,STRUCTURALLY UNSTABLE,STRUCTURALLY UNSTABLE,EXECUTABLE
LSTM_REFERENCE,WHO,Malaysia,42,2025,96,32,1-0-3-4-2,0.6547591908571428,0.005398074053980727,-0.07497323932142863,1-0-3-4-2,TRUE,0.0,0.0,0.0,STRUCTURALLY UNSTABLE,STRUCTURALLY UNSTABLE,EXECUTABLE
LSTM_REFERENCE,WHO,Malaysia,42,2025,72,24,1-0-3-4-2,0.6547591908571428,0.005398074053980727,-0.07497323932142863,1-0-3-4-2,TRUE,0.0,0.0,0.0,STRUCTURALLY UNSTABLE,STRUCTURALLY UNSTABLE,EXECUTABLE
LSTM_REFERENCE,WHO,Malaysia,42,2025,48,16,3-4-1-0-2,0.5928256237499999,0.005398074053980727,-0.013039672214285702,1-0-3-4-2,FALSE,-0.06193356710714293,0.0,0.06193356710714293,STRUCTURALLY UNSTABLE,STRUCTURALLY UNSTABLE,EXECUTABLE
LSTM_REFERENCE,WHO,Malaysia,123,2025,96,32,3-4-2-1-0,0.5943339060196429,0.06068392963036178,0.09466119572142861,3-4-2-1-0,TRUE,0.0,0.0,0.0,STRUCTURALLY UNSTABLE,STRUCTURALLY UNSTABLE,EXECUTABLE
LSTM_REFERENCE,WHO,Malaysia,123,2025,72,24,3-4-2-1-0,0.5943339060196429,0.06068392963036178,0.09466119572142861,3-4-2-1-0,TRUE,0.0,0.0,0.0,STRUCTURALLY UNSTABLE,STRUCTURALLY UNSTABLE,EXECUTABLE
LSTM_REFERENCE,WHO,Malaysia,123,2025,48,16,3-0-2-1-4,0.4981285992696428,0.06068392963036178,0.19086650247142867,3-4-2-1-0,FALSE,-0.09620530675000005,0.0,0.09620530675000005,STRUCTURALLY UNSTABLE,STRUCTURALLY UNSTABLE,EXECUTABLE
LSTM_REFERENCE,WHO,Maldives,42,123,96,32,3-1-4-0-2,0.6300157009714286,0.032129403944161285,-0.09826945626071426,3-1-4-0-2,TRUE,0.0,0.0,0.0,STRUCTURALLY UNSTABLE,STRUCTURALLY UNSTABLE,EXECUTABLE
LSTM_REFERENCE,WHO,Maldives,42,123,72,24,3-1-4-0-2,0.6300157009714286,0.032129403944161285,-0.09826945626071426,3-1-4-0-2,TRUE,0.0,0.0,0.0,STRUCTURALLY UNSTABLE,STRUCTURALLY UNSTABLE,EXECUTABLE
LSTM_REFERENCE,WHO,Maldives,42,123,48,16,3-0-4-1-2,0.7418421053607143,0.032129403944161285,-0.21009586064999997,3-1-4-0-2,FALSE,0.1118264043892857,0.0,-0.1118264043892857,STRUCTURALLY UNSTABLE,STRUCTURALLY UNSTABLE,EXECUTABLE
LSTM_REFERENCE,WHO,Maldives,42,2025,96,32,2-0-4-3-1,0.5082638204178571,-0.04712678625722103,0.046511557892857214,2-0-4-3-1,TRUE,0.0,0.0,0.0,STRUCTURALLY UNSTABLE,STRUCTURALLY UNSTABLE,EXECUTABLE
LSTM_REFERENCE,WHO,Maldives,42,2025,72,24,2-0-4-3-1,0.5082638204178571,-0.04712678625722103,0.046511557892857214,2-0-4-3-1,TRUE,0.0,0.0,0.0,STRUCTURALLY UNSTABLE,STRUCTURALLY UNSTABLE,EXECUTABLE
LSTM_REFERENCE,WHO,Maldives,42,2025,48,16,2-0-4-3-1,0.5082638204178571,-0.04712678625722103,0.046511557892857214,2-0-4-3-1,TRUE,0.0,0.0,0.0,STRUCTURALLY UNSTABLE,STRUCTURALLY UNSTABLE,EXECUTABLE
LSTM_REFERENCE,WHO,Maldives,123,2025,96,32,3-1-0-2-4,0.6520826531214284,-0.01841921193751456,-0.005483292124999983,3-1-0-2-4,TRUE,0.0,0.0,0.0,STRUCTURALLY UNSTABLE,STRUCTURALLY UNSTABLE,EXECUTABLE
LSTM_REFERENCE,WHO,Maldives,123,2025,72,24,0-1-3-2-4,0.6493086452821428,-0.01841921193751456,-0.002709284285714375,3-1-0-2-4,FALSE,-0.0027740078392856082,0.0,0.0027740078392856082,STRUCTURALLY UNSTABLE,STRUCTURALLY UNSTABLE,EXECUTABLE
LSTM_REFERENCE,WHO,Maldives,123,2025,48,16,3-1-0-2-4,0.6520826531214284,-0.01841921193751456,-0.005483292124999983,3-1-0-2-4,TRUE,0.0,0.0,0.0,STRUCTURALLY UNSTABLE,STRUCTURALLY UNSTABLE,EXECUTABLE
LSTM_REFERENCE,WHO,Mexico,42,123,96,32,1-4-3-0-2,0.5563318915107142,0.3298112396575809,0.23578332640714295,1-4-3-0-2,TRUE,0.0,0.0,0.0,STRUCTURALLY UNSTABLE,STRUCTURALLY UNSTABLE,EXECUTABLE
LSTM_REFERENCE,WHO,Mexico,42,123,72,24,1-4-3-0-2,0.5563318915107142,0.3298112396575809,0.23578332640714295,1-4-3-0-2,TRUE,0.0,0.0,0.0,STRUCTURALLY UNSTABLE,STRUCTURALLY UNSTABLE,EXECUTABLE
LSTM_REFERENCE,WHO,Mexico,42,123,48,16,1-2-3-0-4,0.3372812094892857,0.3298112396575809,0.4548340084285714,1-4-3-0-2,FALSE,-0.21905068202142847,0.0,0.21905068202142847,STRUCTURALLY UNSTABLE,STRUCTURALLY UNSTABLE,EXECUTABLE
LSTM_REFERENCE,WHO,Mexico,42,2025,96,32,1-0-4-3-2,0.5894593571428571,0.08643042350907523,0.06776960910714291,1-0-4-3-2,TRUE,0.0,0.0,0.0,STRUCTURALLY UNSTABLE,STRUCTURALLY UNSTABLE,EXECUTABLE
LSTM_REFERENCE,WHO,Mexico,42,2025,72,24,1-0-2-4-3,0.6472548872499999,0.08643042350907523,0.009974079000000136,1-0-4-3-2,FALSE,0.05779553010714278,0.0,-0.05779553010714278,STRUCTURALLY UNSTABLE,STRUCTURALLY UNSTABLE,EXECUTABLE
LSTM_REFERENCE,WHO,Mexico,42,2025,48,16,1-0-4-3-2,0.5894593571428571,0.08643042350907523,0.06776960910714291,1-0-4-3-2,TRUE,0.0,0.0,0.0,STRUCTURALLY UNSTABLE,STRUCTURALLY UNSTABLE,EXECUTABLE
LSTM_REFERENCE,WHO,Mexico,123,2025,96,32,2-1-3-4-0,0.640458022025,0.11189427312775328,0.14400118795000005,2-1-3-4-0,TRUE,0.0,0.0,0.0,STRUCTURALLY UNSTABLE,STRUCTURALLY UNSTABLE,EXECUTABLE
LSTM_REFERENCE,WHO,Mexico,123,2025,72,24,2-1-3-4-0,0.640458022025,0.11189427312775328,0.14400118795000005,2-1-3-4-0,TRUE,0.0,0.0,0.0,STRUCTURALLY UNSTABLE,STRUCTURALLY UNSTABLE,EXECUTABLE
LSTM_REFERENCE,WHO,Mexico,123,2025,48,16,4-1-0-3-2,0.5849058477035713,0.11189427312775328,0.19955336227142872,2-1-3-4-0,FALSE,-0.05555217432142867,0.0,0.05555217432142867,STRUCTURALLY UNSTABLE,STRUCTURALLY UNSTABLE,EXECUTABLE
LSTM_REFERENCE,WHO,Mongolia,42,123,96,32,3-1-4-2-0,0.6362991961607143,-0.012675668228162025,-0.11007215782142865,3-1-4-2-0,TRUE,0.0,0.0,0.0,STRUCTURALLY UNSTABLE,STRUCTURALLY UNSTABLE,EXECUTABLE
LSTM_REFERENCE,WHO,Mongolia,42,123,72,24,0-1-4-3-2,0.596084077875,-0.012675668228162025,-0.06985703953571432,3-1-4-2-0,FALSE,-0.040215118285714335,0.0,0.040215118285714335,STRUCTURALLY UNSTABLE,STRUCTURALLY UNSTABLE,EXECUTABLE
LSTM_REFERENCE,WHO,Mongolia,42,123,48,16,0-1-2-3-4,0.5262270383392856,-0.012675668228162025,0.0,3-1-4-2-0,FALSE,-0.11007215782142865,0.0,0.11007215782142865,STRUCTURALLY UNSTABLE,STRUCTURALLY UNSTABLE,EXECUTABLE
LSTM_REFERENCE,WHO,Mongolia,42,2025,96,32,1-3-4-2-0,0.3939950341071428,0.38820008550662677,0.42295372850000007,1-3-4-2-0,TRUE,0.0,0.0,0.0,STRUCTURALLY UNSTABLE,STRUCTURALLY UNSTABLE,EXECUTABLE
LSTM_REFERENCE,WHO,Mongolia,42,2025,72,24,1-3-4-2-0,0.3939950341071428,0.38820008550662677,0.42295372850000007,1-3-4-2-0,TRUE,0.0,0.0,0.0,STRUCTURALLY UNSTABLE,STRUCTURALLY UNSTABLE,EXECUTABLE
LSTM_REFERENCE,WHO,Mongolia,42,2025,48,16,1-3-4-2-0,0.3939950341071428,0.38820008550662677,0.42295372850000007,1-3-4-2-0,TRUE,0.0,0.0,0.0,STRUCTURALLY UNSTABLE,STRUCTURALLY UNSTABLE,EXECUTABLE
LSTM_REFERENCE,WHO,Mongolia,123,2025,96,32,2-3-4-1-0,0.5925531244464285,-0.0804387568555759,0.06162701564285711,2-3-4-1-0,TRUE,0.0,0.0,0.0,STRUCTURALLY UNSTABLE,STRUCTURALLY UNSTABLE,EXECUTABLE
LSTM_REFERENCE,WHO,Mongolia,123,2025,72,24,0-3-2-1-4,0.6751237691607143,-0.0804387568555759,-0.02094362907142866,2-3-4-1-0,FALSE,0.08257064471428577,0.0,-0.08257064471428577,STRUCTURALLY UNSTABLE,STRUCTURALLY UNSTABLE,EXECUTABLE
LSTM_REFERENCE,WHO,Mongolia,123,2025,48,16,0-3-2-1-4,0.6751237691607143,-0.0804387568555759,-0.02094362907142866,2-3-4-1-0,FALSE,0.08257064471428577,0.0,-0.08257064471428577,STRUCTURALLY UNSTABLE,STRUCTURALLY UNSTABLE,EXECUTABLE
LSTM_REFERENCE,WHO,Myanmar,42,123,96,32,2-4-3-1-0,0.4911120173392858,0.13761135655826756,0.1884433070714283,2-4-3-1-0,TRUE,0.0,0.0,0.0,STRUCTURALLY UNSTABLE,STRUCTURALLY UNSTABLE,EXECUTABLE
LSTM_REFERENCE,WHO,Myanmar,42,123,72,24,2-1-3-4-0,0.575502150375,0.13761135655826756,0.10405317403571412,2-4-3-1-0,FALSE,0.08439013303571419,0.0,-0.08439013303571419,STRUCTURALLY UNSTABLE,STRUCTURALLY UNSTABLE,EXECUTABLE
LSTM_REFERENCE,WHO,Myanmar,42,123,48,16,3-1-2-4-0,0.660185633767857,0.13761135655826756,0.019369690642857096,2-4-3-1-0,FALSE,0.16907361642857122,0.0,-0.16907361642857122,STRUCTURALLY UNSTABLE,STRUCTURALLY UNSTABLE,EXECUTABLE
LSTM_REFERENCE,WHO,Myanmar,42,2025,96,32,1-4-2-0-3,0.6663631316607143,0.06729908716663682,0.0252901339642857,1-4-2-0-3,TRUE,0.0,0.0,0.0,STRUCTURALLY UNSTABLE,STRUCTURALLY UNSTABLE,EXECUTABLE
LSTM_REFERENCE,WHO,Myanmar,42,2025,72,24,1-0-2-4-3,0.5856309414464286,0.06729908716663682,0.10602232417857138,1-4-2-0-3,FALSE,-0.08073219021428568,0.0,0.08073219021428568,STRUCTURALLY UNSTABLE,STRUCTURALLY UNSTABLE,EXECUTABLE
LSTM_REFERENCE,WHO,Myanmar,42,2025,48,16,2-4-1-0-3,0.6701367743392856,0.06729908716663682,0.021516491285714312,1-4-2-0-3,FALSE,0.0037736426785713872,0.0,-0.0037736426785713872,STRUCTURALLY UNSTABLE,STRUCTURALLY UNSTABLE,EXECUTABLE
LSTM_REFERENCE,WHO,Myanmar,123,2025,96,32,1-4-2-3-0,0.6290518633928571,-0.08080431949357662,0.14136249882142882,1-4-2-3-0,TRUE,0.0,0.0,0.0,STRUCTURALLY UNSTABLE,STRUCTURALLY UNSTABLE,EXECUTABLE
LSTM_REFERENCE,WHO,Myanmar,123,2025,72,24,1-4-2-3-0,0.6290518633928571,-0.08080431949357662,0.14136249882142882,1-4-2-3-0,TRUE,0.0,0.0,0.0,STRUCTURALLY UNSTABLE,STRUCTURALLY UNSTABLE,EXECUTABLE
LSTM_REFERENCE,WHO,Myanmar,123,2025,48,16,1-4-2-3-0,0.6290518633928571,-0.08080431949357662,0.14136249882142882,1-4-2-3-0,TRUE,0.0,0.0,0.0,STRUCTURALLY UNSTABLE,STRUCTURALLY UNSTABLE,EXECUTABLE
LSTM_REFERENCE,WHO,Nepal,42,123,96,32,4-0-3-1-2,0.4637585603625,0.2546922989420999,0.21047539273928567,4-0-3-1-2,TRUE,0.0,0.0,0.0,STRUCTURALLY UNSTABLE,STRUCTURALLY UNSTABLE,EXECUTABLE
LSTM_REFERENCE,WHO,Nepal,42,123,72,24,4-0-3-1-2,0.4637585603625,0.2546922989420999,0.21047539273928567,4-0-3-1-2,TRUE,0.0,0.0,0.0,STRUCTURALLY UNSTABLE,STRUCTURALLY UNSTABLE,EXECUTABLE
LSTM_REFERENCE,WHO,Nepal,42,123,48,16,2-3-0-1-4,0.5747877231125,0.2546922989420999,0.09944622998928565,4-0-3-1-2,FALSE,0.11102916275000002,0.0,-0.11102916275000002,STRUCTURALLY UNSTABLE,STRUCTURALLY UNSTABLE,EXECUTABLE
LSTM_REFERENCE,WHO,Nepal,42,2025,96,32,0-4-3-1-2,0.5542820751482143,0.13008284925245214,0.07315168288214291,0-4-3-1-2,TRUE,0.0,0.0,0.0,STRUCTURALLY UNSTABLE,STRUCTURALLY UNSTABLE,EXECUTABLE
LSTM_REFERENCE,WHO,Nepal,42,2025,72,24,0-4-3-1-2,0.5542820751482143,0.13008284925245214,0.07315168288214291,0-4-3-1-2,TRUE,0.0,0.0,0.0,STRUCTURALLY UNSTABLE,STRUCTURALLY UNSTABLE,EXECUTABLE
LSTM_REFERENCE,WHO,Nepal,42,2025,48,16,1-3-4-0-2,0.7199888604589286,0.13008284925245214,-0.09255510242857146,0-4-3-1-2,FALSE,0.16570678531071437,0.0,-0.16570678531071437,STRUCTURALLY UNSTABLE,STRUCTURALLY UNSTABLE,EXECUTABLE
LSTM_REFERENCE,WHO,Nepal,123,2025,96,32,4-1-2-3-0,0.50566909475,0.24254290696607214,0.19177808521428574,4-1-2-3-0,TRUE,0.0,0.0,0.0,STRUCTURALLY UNSTABLE,STRUCTURALLY UNSTABLE,EXECUTABLE
LSTM_REFERENCE,WHO,Nepal,123,2025,72,24,4-1-2-3-0,0.50566909475,0.24254290696607214,0.19177808521428574,4-1-2-3-0,TRUE,0.0,0.0,0.0,STRUCTURALLY UNSTABLE,STRUCTURALLY UNSTABLE,EXECUTABLE
LSTM_REFERENCE,WHO,Nepal,123,2025,48,16,2-4-1-3-0,0.4286808912142857,0.24254290696607214,0.26876628875,4-1-2-3-0,FALSE,-0.07698820353571428,0.0,0.07698820353571428,STRUCTURALLY UNSTABLE,STRUCTURALLY UNSTABLE,EXECUTABLE
LSTM_REFERENCE,WHO,New Caledonia,42,123,96,32,0-1-2-3-4,0.7650897677678572,0.35777471987418913,0.0,0-1-2-3-4,TRUE,0.0,0.0,0.0,STRUCTURALLY UNSTABLE,STRUCTURALLY UNSTABLE,EXECUTABLE
LSTM_REFERENCE,WHO,New Caledonia,42,123,72,24,0-4-1-3-2,0.7232541634107142,0.35777471987418913,0.04183560435714295,0-1-2-3-4,FALSE,-0.04183560435714295,0.0,0.04183560435714295,STRUCTURALLY UNSTABLE,STRUCTURALLY UNSTABLE,EXECUTABLE
LSTM_REFERENCE,WHO,New Caledonia,42,123,48,16,0-2-1-3-4,0.7232541634107142,0.35777471987418913,0.04183560435714295,0-1-2-3-4,FALSE,-0.04183560435714295,0.0,0.04183560435714295,STRUCTURALLY UNSTABLE,STRUCTURALLY UNSTABLE,EXECUTABLE
LSTM_REFERENCE,WHO,New Caledonia,42,2025,96,32,0-3-4-1-2,0.37767457559464285,0.0,0.4778173254892856,0-3-4-1-2,TRUE,0.0,0.0,0.0,STRUCTURALLY UNSTABLE,STRUCTURALLY UNSTABLE,EXECUTABLE
LSTM_REFERENCE,WHO,New Caledonia,42,2025,72,24,0-3-4-1-2,0.37767457559464285,0.0,0.4778173254892856,0-3-4-1-2,TRUE,0.0,0.0,0.0,STRUCTURALLY UNSTABLE,STRUCTURALLY UNSTABLE,EXECUTABLE
LSTM_REFERENCE,WHO,New Caledonia,42,2025,48,16,0-3-4-1-2,0.37767457559464285,0.0,0.4778173254892856,0-3-4-1-2,TRUE,0.0,0.0,0.0,STRUCTURALLY UNSTABLE,STRUCTURALLY UNSTABLE,EXECUTABLE
LSTM_REFERENCE,WHO,New Caledonia,123,2025,96,32,0-4-2-1-3,0.4649742314839286,0.0,0.2582018346642858,0-4-2-1-3,TRUE,0.0,0.0,0.0,STRUCTURALLY UNSTABLE,STRUCTURALLY UNSTABLE,EXECUTABLE
LSTM_REFERENCE,WHO,New Caledonia,123,2025,72,24,0-4-1-2-3,0.44916550755535717,0.0,0.2740105585928572,0-4-2-1-3,FALSE,-0.01580872392857141,0.0,0.01580872392857141,STRUCTURALLY UNSTABLE,STRUCTURALLY UNSTABLE,EXECUTABLE
LSTM_REFERENCE,WHO,New Caledonia,123,2025,48,16,0-4-1-2-3,0.44916550755535717,0.0,0.2740105585928572,0-4-2-1-3,FALSE,-0.01580872392857141,0.0,0.01580872392857141,STRUCTURALLY UNSTABLE,STRUCTURALLY UNSTABLE,EXECUTABLE
LSTM_REFERENCE,WHO,New Zealand,42,123,96,32,0-1-4-2-3,0.6698783286035715,0.01554274254199053,-0.011040262749999918,0-1-4-2-3,TRUE,0.0,0.0,0.0,STRUCTURALLY UNSTABLE,STRUCTURALLY UNSTABLE,EXECUTABLE
LSTM_REFERENCE,WHO,New Zealand,42,123,72,24,3-1-4-0-2,0.5102361550750001,0.01554274254199053,0.14860191077857154,0-1-4-2-3,FALSE,-0.15964217352857146,0.0,0.15964217352857146,STRUCTURALLY UNSTABLE,STRUCTURALLY UNSTABLE,EXECUTABLE
LSTM_REFERENCE,WHO,New Zealand,42,123,48,16,3-2-4-1-0,0.6146169107464285,0.01554274254199053,0.044221155107143084,0-1-4-2-3,FALSE,-0.055261417857143,0.0,0.055261417857143,STRUCTURALLY UNSTABLE,STRUCTURALLY UNSTABLE,EXECUTABLE
LSTM_REFERENCE,WHO,New Zealand,42,2025,96,32,2-0-4-1-3,0.7117592540446429,0.005292903920337311,-0.10604996482142859,2-0-4-1-3,TRUE,0.0,0.0,0.0,STRUCTURALLY UNSTABLE,STRUCTURALLY UNSTABLE,EXECUTABLE
LSTM_REFERENCE,WHO,New Zealand,42,2025,72,24,2-0-4-1-3,0.7117592540446429,0.005292903920337311,-0.10604996482142859,2-0-4-1-3,TRUE,0.0,0.0,0.0,STRUCTURALLY UNSTABLE,STRUCTURALLY UNSTABLE,EXECUTABLE
LSTM_REFERENCE,WHO,New Zealand,42,2025,48,16,2-0-4-1-3,0.7117592540446429,0.005292903920337311,-0.10604996482142859,2-0-4-1-3,TRUE,0.0,0.0,0.0,STRUCTURALLY UNSTABLE,STRUCTURALLY UNSTABLE,EXECUTABLE
LSTM_REFERENCE,WHO,New Zealand,123,2025,96,32,0-1-3-2-4,0.7888171458982143,-0.03901213897028043,-0.013461831678571512,0-1-3-2-4,TRUE,0.0,0.0,0.0,STRUCTURALLY UNSTABLE,STRUCTURALLY UNSTABLE,EXECUTABLE
LSTM_REFERENCE,WHO,New Zealand,123,2025,72,24,0-1-3-2-4,0.7888171458982143,-0.03901213897028043,-0.013461831678571512,0-1-3-2-4,TRUE,0.0,0.0,0.0,STRUCTURALLY UNSTABLE,STRUCTURALLY UNSTABLE,EXECUTABLE
LSTM_REFERENCE,WHO,New Zealand,123,2025,48,16,0-1-3-2-4,0.7888171458982143,-0.03901213897028043,-0.013461831678571512,0-1-3-2-4,TRUE,0.0,0.0,0.0,STRUCTURALLY UNSTABLE,STRUCTURALLY UNSTABLE,EXECUTABLE
LSTM_REFERENCE,WHO,Northern Mariana Islands,42,123,96,32,0-4-3-1-2,0.15064727077857146,0.0,0.7718719107714286,0-4-3-1-2,TRUE,0.0,0.0,0.0,STRUCTURALLY UNSTABLE,STRUCTURALLY UNSTABLE,EXECUTABLE
LSTM_REFERENCE,WHO,Northern Mariana Islands,42,123,72,24,0-3-4-1-2,0.21021046885,0.0,0.7123087127000001,0-4-3-1-2,FALSE,0.05956319807142854,0.0,-0.059563198071428514,STRUCTURALLY UNSTABLE,STRUCTURALLY UNSTABLE,EXECUTABLE
LSTM_REFERENCE,WHO,Northern Mariana Islands,42,123,48,16,0-4-2-1-3,0.21186099240714285,0.0,0.7106581891428572,0-4-3-1-2,FALSE,0.06121372162857139,0.0,-0.061213721628571416,STRUCTURALLY UNSTABLE,STRUCTURALLY UNSTABLE,EXECUTABLE
LSTM_REFERENCE,WHO,Northern Mariana Islands,42,2025,96,32,2-0-4-1-3,0.6818293584607144,0.0,0.3181706418642857,2-0-4-1-3,TRUE,0.0,0.0,0.0,STRUCTURALLY UNSTABLE,STRUCTURALLY UNSTABLE,EXECUTABLE
LSTM_REFERENCE,WHO,Northern Mariana Islands,42,2025,72,24,0-3-4-1-2,0.6818293584607144,0.0,0.3181706418642857,2-0-4-1-3,FALSE,0.0,0.0,0.0,STRUCTURALLY UNSTABLE,STRUCTURALLY UNSTABLE,EXECUTABLE
LSTM_REFERENCE,WHO,Northern Mariana Islands,42,2025,48,16,2-0-4-1-3,0.6818293584607144,0.0,0.3181706418642857,2-0-4-1-3,TRUE,0.0,0.0,0.0,STRUCTURALLY UNSTABLE,STRUCTURALLY UNSTABLE,EXECUTABLE
LSTM_REFERENCE,WHO,Northern Mariana Islands,123,2025,96,32,0-1-2-3-4,0.7896094281678573,-0.08563968668407329,0.0,0-1-2-3-4,TRUE,0.0,0.0,0.0,STRUCTURALLY UNSTABLE,STRUCTURALLY UNSTABLE,EXECUTABLE
LSTM_REFERENCE,WHO,Northern Mariana Islands,123,2025,72,24,0-1-2-3-4,0.7896094281678573,-0.08563968668407329,0.0,0-1-2-3-4,TRUE,0.0,0.0,0.0,STRUCTURALLY UNSTABLE,STRUCTURALLY UNSTABLE,EXECUTABLE
LSTM_REFERENCE,WHO,Northern Mariana Islands,123,2025,48,16,0-4-2-1-3,0.36308908609642854,-0.08563968668407329,0.42652034207142875,0-1-2-3-4,FALSE,-0.42652034207142875,0.0,0.42652034207142875,STRUCTURALLY UNSTABLE,STRUCTURALLY UNSTABLE,EXECUTABLE
LSTM_REFERENCE,WHO,Papua New Guinea,42,123,96,32,2-3-4-1-0,0.45431753482500004,0.3626229508196721,0.34809436526071436,2-3-4-1-0,TRUE,0.0,0.0,0.0,STRUCTURALLY UNSTABLE,STRUCTURALLY UNSTABLE,EXECUTABLE
LSTM_REFERENCE,WHO,Papua New Guinea,42,123,72,24,3-2-4-1-0,0.458268810575,0.3626229508196721,0.3441430895107144,2-3-4-1-0,FALSE,0.003951275749999983,0.0,-0.003951275749999983,STRUCTURALLY UNSTABLE,STRUCTURALLY UNSTABLE,EXECUTABLE
LSTM_REFERENCE,WHO,Papua New Guinea,42,123,48,16,2-3-4-1-0,0.45431753482500004,0.3626229508196721,0.34809436526071436,2-3-4-1-0,TRUE,0.0,0.0,0.0,STRUCTURALLY UNSTABLE,STRUCTURALLY UNSTABLE,EXECUTABLE
LSTM_REFERENCE,WHO,Papua New Guinea,42,2025,96,32,1-0-4-3-2,0.4776103364946428,0.25102559093572957,0.3579402714464287,1-0-4-3-2,TRUE,0.0,0.0,0.0,STRUCTURALLY UNSTABLE,STRUCTURALLY UNSTABLE,EXECUTABLE
LSTM_REFERENCE,WHO,Papua New Guinea,42,2025,72,24,1-3-0-4-2,0.3588040354946429,0.25102559093572957,0.4767465724464286,1-0-4-3-2,FALSE,-0.11880630099999989,0.0,0.11880630099999989,STRUCTURALLY UNSTABLE,STRUCTURALLY UNSTABLE,EXECUTABLE
LSTM_REFERENCE,WHO,Papua New Guinea,42,2025,48,16,1-2-4-3-0,0.46775172479821425,0.25102559093572957,0.36779888314285725,1-0-4-3-2,FALSE,-0.009858611696428543,0.0,0.009858611696428543,STRUCTURALLY UNSTABLE,STRUCTURALLY UNSTABLE,EXECUTABLE
LSTM_REFERENCE,WHO,Papua New Guinea,123,2025,96,32,0-1-2-3-4,0.5567844443839285,0.29361559702116974,0.0,0-1-2-3-4,TRUE,0.0,0.0,0.0,STRUCTURALLY UNSTABLE,STRUCTURALLY UNSTABLE,EXECUTABLE
LSTM_REFERENCE,WHO,Papua New Guinea,123,2025,72,24,0-1-2-3-4,0.5567844443839285,0.29361559702116974,0.0,0-1-2-3-4,TRUE,0.0,0.0,0.0,STRUCTURALLY UNSTABLE,STRUCTURALLY UNSTABLE,EXECUTABLE
LSTM_REFERENCE,WHO,Papua New Guinea,123,2025,48,16,0-4-2-1-3,0.6958333280803572,0.29361559702116974,-0.13904888369642876,0-1-2-3-4,FALSE,0.13904888369642876,0.0,-0.13904888369642876,STRUCTURALLY UNSTABLE,STRUCTURALLY UNSTABLE,EXECUTABLE
LSTM_REFERENCE,WHO,Philippines,42,123,96,32,0-2-4-3-1,0.564569229642857,0.204736017690961,0.292467246857143,0-2-4-3-1,TRUE,0.0,0.0,0.0,STRUCTURALLY UNSTABLE,STRUCTURALLY UNSTABLE,EXECUTABLE
LSTM_REFERENCE,WHO,Philippines,42,123,72,24,0-2-4-3-1,0.564569229642857,0.204736017690961,0.292467246857143,0-2-4-3-1,TRUE,0.0,0.0,0.0,STRUCTURALLY UNSTABLE,STRUCTURALLY UNSTABLE,EXECUTABLE
LSTM_REFERENCE,WHO,Philippines,42,123,48,16,2-4-0-3-1,0.6750515266785714,0.204736017690961,0.18198494982142865,0-2-4-3-1,FALSE,0.11048229703571433,0.0,-0.11048229703571433,STRUCTURALLY UNSTABLE,STRUCTURALLY UNSTABLE,EXECUTABLE
LSTM_REFERENCE,WHO,Philippines,42,2025,96,32,0-3-4-2-1,0.6449690498749999,0.14685525127896482,0.1314464919642857,0-3-4-2-1,TRUE,0.0,0.0,0.0,STRUCTURALLY UNSTABLE,STRUCTURALLY UNSTABLE,EXECUTABLE
LSTM_REFERENCE,WHO,Philippines,42,2025,72,24,3-0-4-2-1,0.4338773772678572,0.14685525127896482,0.34253816457142844,0-3-4-2-1,FALSE,-0.21109167260714273,0.0,0.21109167260714273,STRUCTURALLY UNSTABLE,STRUCTURALLY UNSTABLE,EXECUTABLE
LSTM_REFERENCE,WHO,Philippines,42,2025,48,16,2-0-4-3-1,0.4643348125535714,0.14685525127896482,0.31208072928571423,0-3-4-2-1,FALSE,-0.18063423732142853,0.0,0.18063423732142853,STRUCTURALLY UNSTABLE,STRUCTURALLY UNSTABLE,EXECUTABLE
LSTM_REFERENCE,WHO,Philippines,123,2025,96,32,4-1-2-3-0,0.6956755539107143,0.08711786534723447,-0.06252250464285714,4-1-2-3-0,TRUE,0.0,0.0,0.0,STRUCTURALLY UNSTABLE,STRUCTURALLY UNSTABLE,EXECUTABLE
LSTM_REFERENCE,WHO,Philippines,123,2025,72,24,4-1-2-3-0,0.6956755539107143,0.08711786534723447,-0.06252250464285714,4-1-2-3-0,TRUE,0.0,0.0,0.0,STRUCTURALLY UNSTABLE,STRUCTURALLY UNSTABLE,EXECUTABLE
LSTM_REFERENCE,WHO,Philippines,123,2025,48,16,4-1-2-3-0,0.6956755539107143,0.08711786534723447,-0.06252250464285714,4-1-2-3-0,TRUE,0.0,0.0,0.0,STRUCTURALLY UNSTABLE,STRUCTURALLY UNSTABLE,EXECUTABLE
LSTM_REFERENCE,WHO,Singapore,42,123,96,32,3-0-4-2-1,0.6518248421399999,0.0887640090679779,-0.08974545719071425,3-0-4-2-1,TRUE,0.0,0.0,0.0,STRUCTURALLY UNSTABLE,STRUCTURALLY UNSTABLE,EXECUTABLE
LSTM_REFERENCE,WHO,Singapore,42,123,72,24,3-0-4-2-1,0.6518248421399999,0.0887640090679779,-0.08974545719071425,3-0-4-2-1,TRUE,0.0,0.0,0.0,STRUCTURALLY UNSTABLE,STRUCTURALLY UNSTABLE,EXECUTABLE
LSTM_REFERENCE,WHO,Singapore,42,123,48,16,3-0-4-2-1,0.6518248421399999,0.0887640090679779,-0.08974545719071425,3-0-4-2-1,TRUE,0.0,0.0,0.0,STRUCTURALLY UNSTABLE,STRUCTURALLY UNSTABLE,EXECUTABLE
LSTM_REFERENCE,WHO,Singapore,42,2025,96,32,1-4-0-2-3,0.6978842064721429,-0.007543753771876927,-0.11561288548214277,1-4-0-2-3,TRUE,0.0,0.0,0.0,STRUCTURALLY UNSTABLE,STRUCTURALLY UNSTABLE,EXECUTABLE
LSTM_REFERENCE,WHO,Singapore,42,2025,72,24,1-4-0-2-3,0.6978842064721429,-0.007543753771876927,-0.11561288548214277,1-4-0-2-3,TRUE,0.0,0.0,0.0,STRUCTURALLY UNSTABLE,STRUCTURALLY UNSTABLE,EXECUTABLE
LSTM_REFERENCE,WHO,Singapore,42,2025,48,16,2-4-0-1-3,0.6978842064721429,-0.007543753771876927,-0.11561288548214277,1-4-0-2-3,FALSE,0.0,0.0,0.0,STRUCTURALLY UNSTABLE,STRUCTURALLY UNSTABLE,EXECUTABLE
LSTM_REFERENCE,WHO,Singapore,123,2025,96,32,3-4-2-1-0,0.5368857076178573,0.003362628964463182,0.16166828333571415,3-4-2-1-0,TRUE,0.0,0.0,0.0,STRUCTURALLY UNSTABLE,STRUCTURALLY UNSTABLE,EXECUTABLE
LSTM_REFERENCE,WHO,Singapore,123,2025,72,24,3-4-2-1-0,0.5368857076178573,0.003362628964463182,0.16166828333571415,3-4-2-1-0,TRUE,0.0,0.0,0.0,STRUCTURALLY UNSTABLE,STRUCTURALLY UNSTABLE,EXECUTABLE
LSTM_REFERENCE,WHO,Singapore,123,2025,48,16,0-1-3-2-4,0.6985539909535714,0.003362628964463182,0.0,3-4-2-1-0,FALSE,0.16166828333571415,0.0,-0.16166828333571415,STRUCTURALLY UNSTABLE,STRUCTURALLY UNSTABLE,EXECUTABLE
LSTM_REFERENCE,WHO,Sri Lanka,42,123,96,32,3-0-4-1-2,0.5979806905714286,-0.014547211337162448,-0.002981868678571531,3-0-4-1-2,TRUE,0.0,0.0,0.0,STRUCTURALLY UNSTABLE,STRUCTURALLY UNSTABLE,EXECUTABLE
LSTM_REFERENCE,WHO,Sri Lanka,42,123,72,24,2-1-4-3-0,0.5770536141785714,-0.014547211337162448,0.01794520771428565,3-0-4-1-2,FALSE,-0.02092707639285718,0.0,0.02092707639285718,STRUCTURALLY UNSTABLE,STRUCTURALLY UNSTABLE,EXECUTABLE
LSTM_REFERENCE,WHO,Sri Lanka,42,123,48,16,2-1-4-3-0,0.5770536141785714,-0.014547211337162448,0.01794520771428565,3-0-4-1-2,FALSE,-0.02092707639285718,0.0,0.02092707639285718,STRUCTURALLY UNSTABLE,STRUCTURALLY UNSTABLE,EXECUTABLE
LSTM_REFERENCE,WHO,Sri Lanka,42,2025,96,32,1-0-4-3-2,0.5471718629821429,0.05799728137743546,0.28607081578571436,1-0-4-3-2,TRUE,0.0,0.0,0.0,STRUCTURALLY UNSTABLE,STRUCTURALLY UNSTABLE,EXECUTABLE
LSTM_REFERENCE,WHO,Sri Lanka,42,2025,72,24,2-0-4-3-1,0.5601929625178572,0.05799728137743546,0.2730497162500001,1-0-4-3-2,FALSE,0.013021099535714287,0.0,-0.013021099535714287,STRUCTURALLY UNSTABLE,STRUCTURALLY UNSTABLE,EXECUTABLE
LSTM_REFERENCE,WHO,Sri Lanka,42,2025,48,16,2-0-4-3-1,0.5601929625178572,0.05799728137743546,0.2730497162500001,1-0-4-3-2,FALSE,0.013021099535714287,0.0,-0.013021099535714287,STRUCTURALLY UNSTABLE,STRUCTURALLY UNSTABLE,EXECUTABLE
LSTM_REFERENCE,WHO,Sri Lanka,123,2025,96,32,2-0-3-1-4,0.6784095921250001,0.03853861569292427,0.020843642571428345,2-0-3-1-4,TRUE,0.0,0.0,0.0,STRUCTURALLY UNSTABLE,STRUCTURALLY UNSTABLE,EXECUTABLE
LSTM_REFERENCE,WHO,Sri Lanka,123,2025,72,24,0-3-2-1-4,0.6725426070178573,0.03853861569292427,0.02671062767857113,2-0-3-1-4,FALSE,-0.005866985107142786,0.0,0.005866985107142786,STRUCTURALLY UNSTABLE,STRUCTURALLY UNSTABLE,EXECUTABLE
LSTM_REFERENCE,WHO,Sri Lanka,123,2025,48,16,2-0-3-1-4,0.6784095921250001,0.03853861569292427,0.020843642571428345,2-0-3-1-4,TRUE,0.0,0.0,0.0,STRUCTURALLY UNSTABLE,STRUCTURALLY UNSTABLE,EXECUTABLE
LSTM_REFERENCE,WHO,Switzerland,42,123,96,32,0-4-1-3-2,0.5070395380178571,0.11226476314081768,0.032277957785714295,0-4-1-3-2,TRUE,0.0,0.0,0.0,STRUCTURALLY UNSTABLE,STRUCTURALLY UNSTABLE,EXECUTABLE
LSTM_REFERENCE,WHO,Switzerland,42,123,72,24,0-1-4-3-2,0.4864640258392857,0.11226476314081768,0.05285346996428564,0-4-1-3-2,FALSE,-0.020575512178571342,0.0,0.020575512178571342,STRUCTURALLY UNSTABLE,STRUCTURALLY UNSTABLE,EXECUTABLE
LSTM_REFERENCE,WHO,Switzerland,42,123,48,16,0-4-1-3-2,0.5070395380178571,0.11226476314081768,0.032277957785714295,0-4-1-3-2,TRUE,0.0,0.0,0.0,STRUCTURALLY UNSTABLE,STRUCTURALLY UNSTABLE,EXECUTABLE
LSTM_REFERENCE,WHO,Switzerland,42,2025,96,32,3-2-0-4-1,0.44421042394642857,0.27874260211506746,0.2363770956428572,3-2-0-4-1,TRUE,0.0,0.0,0.0,STRUCTURALLY UNSTABLE,STRUCTURALLY UNSTABLE,EXECUTABLE
LSTM_REFERENCE,WHO,Switzerland,42,2025,72,24,3-4-0-2-1,0.40400691716071435,0.27874260211506746,0.2765806024285714,3-2-0-4-1,FALSE,-0.040203506785714216,0.0,0.040203506785714216,STRUCTURALLY UNSTABLE,STRUCTURALLY UNSTABLE,EXECUTABLE
LSTM_REFERENCE,WHO,Switzerland,42,2025,48,16,3-4-0-2-1,0.40400691716071435,0.27874260211506746,0.2765806024285714,3-2-0-4-1,FALSE,-0.040203506785714216,0.0,0.040203506785714216,STRUCTURALLY UNSTABLE,STRUCTURALLY UNSTABLE,EXECUTABLE
LSTM_REFERENCE,WHO,Switzerland,123,2025,96,32,3-0-2-1-4,0.47498593414285706,0.043643263757115774,0.20287762328571424,3-0-2-1-4,TRUE,0.0,0.0,0.0,STRUCTURALLY UNSTABLE,STRUCTURALLY UNSTABLE,EXECUTABLE
LSTM_REFERENCE,WHO,Switzerland,123,2025,72,24,3-0-2-1-4,0.47498593414285706,0.043643263757115774,0.20287762328571424,3-0-2-1-4,TRUE,0.0,0.0,0.0,STRUCTURALLY UNSTABLE,STRUCTURALLY UNSTABLE,EXECUTABLE
LSTM_REFERENCE,WHO,Switzerland,123,2025,48,16,3-4-2-1-0,0.4411993218571429,0.043643263757115774,0.2366642355714284,3-0-2-1-4,FALSE,-0.03378661228571417,0.0,0.03378661228571417,STRUCTURALLY UNSTABLE,STRUCTURALLY UNSTABLE,EXECUTABLE
LSTM_REFERENCE,WHO,Thailand,42,123,96,32,0-3-4-1-2,0.9339720784642858,0.08047585724282712,-0.08971615501428565,0-3-4-1-2,TRUE,0.0,0.0,0.0,STRUCTURALLY UNSTABLE,STRUCTURALLY UNSTABLE,EXECUTABLE
LSTM_REFERENCE,WHO,Thailand,42,123,72,24,0-3-4-1-2,0.9339720784642858,0.08047585724282712,-0.08971615501428565,0-3-4-1-2,TRUE,0.0,0.0,0.0,STRUCTURALLY UNSTABLE,STRUCTURALLY UNSTABLE,EXECUTABLE
LSTM_REFERENCE,WHO,Thailand,42,123,48,16,0-3-4-1-2,0.9339720784642858,0.08047585724282712,-0.08971615501428565,0-3-4-1-2,TRUE,0.0,0.0,0.0,STRUCTURALLY UNSTABLE,STRUCTURALLY UNSTABLE,EXECUTABLE
LSTM_REFERENCE,WHO,Thailand,42,2025,96,32,1-3-4-0-2,0.7779096214928571,0.1111111111111111,0.018479965357142913,1-3-4-0-2,TRUE,0.0,0.0,0.0,STRUCTURALLY UNSTABLE,STRUCTURALLY UNSTABLE,EXECUTABLE
LSTM_REFERENCE,WHO,Thailand,42,2025,72,24,2-3-4-0-1,0.8173992384214286,0.1111111111111111,-0.021009651571428534,1-3-4-0-2,FALSE,0.03948961692857145,0.0,-0.03948961692857145,STRUCTURALLY UNSTABLE,STRUCTURALLY UNSTABLE,EXECUTABLE
LSTM_REFERENCE,WHO,Thailand,42,2025,48,16,2-3-4-0-1,0.8173992384214286,0.1111111111111111,-0.021009651571428534,1-3-4-0-2,FALSE,0.03948961692857145,0.0,-0.03948961692857145,STRUCTURALLY UNSTABLE,STRUCTURALLY UNSTABLE,EXECUTABLE
LSTM_REFERENCE,WHO,Thailand,123,2025,96,32,2-0-1-3-4,0.8322639319428572,-0.06878306878306878,0.008420550392857051,2-0-1-3-4,TRUE,0.0,0.0,0.0,STRUCTURALLY UNSTABLE,STRUCTURALLY UNSTABLE,EXECUTABLE
LSTM_REFERENCE,WHO,Thailand,123,2025,72,24,2-0-1-3-4,0.8322639319428572,-0.06878306878306878,0.008420550392857051,2-0-1-3-4,TRUE,0.0,0.0,0.0,STRUCTURALLY UNSTABLE,STRUCTURALLY UNSTABLE,EXECUTABLE
LSTM_REFERENCE,WHO,Thailand,123,2025,48,16,2-0-1-3-4,0.8322639319428572,-0.06878306878306878,0.008420550392857051,2-0-1-3-4,TRUE,0.0,0.0,0.0,STRUCTURALLY UNSTABLE,STRUCTURALLY UNSTABLE,EXECUTABLE
LSTM_REFERENCE,WHO,Timor-Leste,42,123,96,32,2-3-4-1-0,0.5021145497530357,0.05559736311369314,0.17138889060107143,2-3-4-1-0,TRUE,0.0,0.0,0.0,STRUCTURALLY UNSTABLE,STRUCTURALLY UNSTABLE,EXECUTABLE
LSTM_REFERENCE,WHO,Timor-Leste,42,123,72,24,2-3-4-1-0,0.5021145497530357,0.05559736311369314,0.17138889060107143,2-3-4-1-0,TRUE,0.0,0.0,0.0,STRUCTURALLY UNSTABLE,STRUCTURALLY UNSTABLE,EXECUTABLE
LSTM_REFERENCE,WHO,Timor-Leste,42,123,48,16,2-3-4-1-0,0.5021145497530357,0.05559736311369314,0.17138889060107143,2-3-4-1-0,TRUE,0.0,0.0,0.0,STRUCTURALLY UNSTABLE,STRUCTURALLY UNSTABLE,EXECUTABLE
LSTM_REFERENCE,WHO,Timor-Leste,42,2025,96,32,1-3-0-4-2,0.4322064329494642,-0.03386927737021032,0.31856209824999987,1-3-0-4-2,TRUE,0.0,0.0,0.0,STRUCTURALLY UNSTABLE,STRUCTURALLY UNSTABLE,EXECUTABLE
LSTM_REFERENCE,WHO,Timor-Leste,42,2025,72,24,1-3-0-4-2,0.4322064329494642,-0.03386927737021032,0.31856209824999987,1-3-0-4-2,TRUE,0.0,0.0,0.0,STRUCTURALLY UNSTABLE,STRUCTURALLY UNSTABLE,EXECUTABLE
LSTM_REFERENCE,WHO,Timor-Leste,42,2025,48,16,1-3-0-4-2,0.4322064329494642,-0.03386927737021032,0.31856209824999987,1-3-0-4-2,TRUE,0.0,0.0,0.0,STRUCTURALLY UNSTABLE,STRUCTURALLY UNSTABLE,EXECUTABLE
LSTM_REFERENCE,WHO,Timor-Leste,123,2025,96,32,0-4-1-3-2,0.530214291125,0.09174100866542272,-0.00256199346428565,0-4-1-3-2,TRUE,0.0,0.0,0.0,STRUCTURALLY UNSTABLE,STRUCTURALLY UNSTABLE,EXECUTABLE
LSTM_REFERENCE,WHO,Timor-Leste,123,2025,72,24,0-4-1-3-2,0.530214291125,0.09174100866542272,-0.00256199346428565,0-4-1-3-2,TRUE,0.0,0.0,0.0,STRUCTURALLY UNSTABLE,STRUCTURALLY UNSTABLE,EXECUTABLE
LSTM_REFERENCE,WHO,Timor-Leste,123,2025,48,16,0-4-2-1-3,0.5165713602678571,0.09174100866542272,0.011080937392857204,0-4-1-3-2,FALSE,-0.013642930857142854,0.0,0.013642930857142854,STRUCTURALLY UNSTABLE,STRUCTURALLY UNSTABLE,EXECUTABLE
LSTM_REFERENCE,WHO,United Kingdom of Great Britain and Northern Ireland,42,123,96,32,3-2-4-1-0,0.62260350785,0.18434493407768143,0.028947807892857114,3-2-4-1-0,TRUE,0.0,0.0,0.0,STRUCTURALLY UNSTABLE,STRUCTURALLY UNSTABLE,EXECUTABLE
LSTM_REFERENCE,WHO,United Kingdom of Great Britain and Northern Ireland,42,123,72,24,2-3-4-1-0,0.6249493757785715,0.18434493407768143,0.026601939964285615,3-2-4-1-0,FALSE,0.002345867928571499,0.0,-0.002345867928571499,STRUCTURALLY UNSTABLE,STRUCTURALLY UNSTABLE,EXECUTABLE
LSTM_REFERENCE,WHO,United Kingdom of Great Britain and Northern Ireland,42,123,48,16,2-3-4-1-0,0.6249493757785715,0.18434493407768143,0.026601939964285615,3-2-4-1-0,FALSE,0.002345867928571499,0.0,-0.002345867928571499,STRUCTURALLY UNSTABLE,STRUCTURALLY UNSTABLE,EXECUTABLE
LSTM_REFERENCE,WHO,United Kingdom of Great Britain and Northern Ireland,42,2025,96,32,1-3-4-2-0,0.4686604383321428,0.3297113752122241,0.3198496031428571,1-3-4-2-0,TRUE,0.0,0.0,0.0,STRUCTURALLY UNSTABLE,STRUCTURALLY UNSTABLE,EXECUTABLE
LSTM_REFERENCE,WHO,United Kingdom of Great Britain and Northern Ireland,42,2025,72,24,1-3-4-2-0,0.4686604383321428,0.3297113752122241,0.3198496031428571,1-3-4-2-0,TRUE,0.0,0.0,0.0,STRUCTURALLY UNSTABLE,STRUCTURALLY UNSTABLE,EXECUTABLE
LSTM_REFERENCE,WHO,United Kingdom of Great Britain and Northern Ireland,42,2025,48,16,1-3-4-2-0,0.4686604383321428,0.3297113752122241,0.3198496031428571,1-3-4-2-0,TRUE,0.0,0.0,0.0,STRUCTURALLY UNSTABLE,STRUCTURALLY UNSTABLE,EXECUTABLE
LSTM_REFERENCE,WHO,United Kingdom of Great Britain and Northern Ireland,123,2025,96,32,0-2-1-4-3,0.3785366028178571,0.36393871006057726,0.3224096729285714,0-2-1-4-3,TRUE,0.0,0.0,0.0,STRUCTURALLY UNSTABLE,STRUCTURALLY UNSTABLE,EXECUTABLE
LSTM_REFERENCE,WHO,United Kingdom of Great Britain and Northern Ireland,123,2025,72,24,0-2-1-4-3,0.3785366028178571,0.36393871006057726,0.3224096729285714,0-2-1-4-3,TRUE,0.0,0.0,0.0,STRUCTURALLY UNSTABLE,STRUCTURALLY UNSTABLE,EXECUTABLE
LSTM_REFERENCE,WHO,United Kingdom of Great Britain and Northern Ireland,123,2025,48,16,0-2-1-4-3,0.3785366028178571,0.36393871006057726,0.3224096729285714,0-2-1-4-3,TRUE,0.0,0.0,0.0,STRUCTURALLY UNSTABLE,STRUCTURALLY UNSTABLE,EXECUTABLE
LSTM_REFERENCE,WHO,Vanuatu,42,123,96,32,4-2-1-3-0,0.2796755112857143,0.1659600242277408,0.26062626378571424,4-2-1-3-0,TRUE,0.0,0.0,0.0,STRUCTURALLY UNSTABLE,STRUCTURALLY UNSTABLE,EXECUTABLE
LSTM_REFERENCE,WHO,Vanuatu,42,123,72,24,4-2-1-3-0,0.2796755112857143,0.1659600242277408,0.26062626378571424,4-2-1-3-0,TRUE,0.0,0.0,0.0,STRUCTURALLY UNSTABLE,STRUCTURALLY UNSTABLE,EXECUTABLE
LSTM_REFERENCE,WHO,Vanuatu,42,123,48,16,4-2-1-3-0,0.2796755112857143,0.1659600242277408,0.26062626378571424,4-2-1-3-0,TRUE,0.0,0.0,0.0,STRUCTURALLY UNSTABLE,STRUCTURALLY UNSTABLE,EXECUTABLE
LSTM_REFERENCE,WHO,Vanuatu,42,2025,96,32,3-1-4-2-0,0.6144407809821429,0.1455372370665151,0.12310499107142847,3-1-4-2-0,TRUE,0.0,0.0,0.0,STRUCTURALLY UNSTABLE,STRUCTURALLY UNSTABLE,EXECUTABLE
LSTM_REFERENCE,WHO,Vanuatu,42,2025,72,24,2-1-3-4-0,0.5947281227678571,0.1455372370665151,0.14281764928571428,3-1-4-2-0,FALSE,-0.019712658214285805,0.0,0.019712658214285805,STRUCTURALLY UNSTABLE,STRUCTURALLY UNSTABLE,EXECUTABLE
LSTM_REFERENCE,WHO,Vanuatu,42,2025,48,16,3-1-4-2-0,0.6144407809821429,0.1455372370665151,0.12310499107142847,3-1-4-2-0,TRUE,0.0,0.0,0.0,STRUCTURALLY UNSTABLE,STRUCTURALLY UNSTABLE,EXECUTABLE
LSTM_REFERENCE,WHO,Vanuatu,123,2025,96,32,0-1-2-4-3,0.5402712628035714,0.37770948800965815,0.020578491071428617,0-1-2-4-3,TRUE,0.0,0.0,0.0,STRUCTURALLY UNSTABLE,STRUCTURALLY UNSTABLE,EXECUTABLE
LSTM_REFERENCE,WHO,Vanuatu,123,2025,72,24,0-1-2-4-3,0.5402712628035714,0.37770948800965815,0.020578491071428617,0-1-2-4-3,TRUE,0.0,0.0,0.0,STRUCTURALLY UNSTABLE,STRUCTURALLY UNSTABLE,EXECUTABLE
LSTM_REFERENCE,WHO,Vanuatu,123,2025,48,16,0-1-2-4-3,0.5402712628035714,0.37770948800965815,0.020578491071428617,0-1-2-4-3,TRUE,0.0,0.0,0.0,STRUCTURALLY UNSTABLE,STRUCTURALLY UNSTABLE,EXECUTABLE
LSTM_REFERENCE,WHO,Viet Nam,42,123,96,32,0-2-4-1-3,0.5894052178178572,0.10052910052910052,-0.29119947425,0-2-4-1-3,TRUE,0.0,0.0,0.0,STRUCTURALLY UNSTABLE,STRUCTURALLY UNSTABLE,EXECUTABLE
LSTM_REFERENCE,WHO,Viet Nam,42,123,72,24,0-2-4-1-3,0.5894052178178572,0.10052910052910052,-0.29119947425,0-2-4-1-3,TRUE,0.0,0.0,0.0,STRUCTURALLY UNSTABLE,STRUCTURALLY UNSTABLE,EXECUTABLE
LSTM_REFERENCE,WHO,Viet Nam,42,123,48,16,0-2-3-1-4,0.32984006842499997,0.10052910052910052,-0.03163432485714279,0-2-4-1-3,FALSE,-0.2595651493928572,0.0,0.2595651493928572,STRUCTURALLY UNSTABLE,STRUCTURALLY UNSTABLE,EXECUTABLE
LSTM_REFERENCE,WHO,Viet Nam,42,2025,96,32,2-1-3-4-0,0.7692859896607143,0.0582010582010582,-0.307053398,2-1-3-4-0,TRUE,0.0,0.0,0.0,STRUCTURALLY UNSTABLE,STRUCTURALLY UNSTABLE,EXECUTABLE
LSTM_REFERENCE,WHO,Viet Nam,42,2025,72,24,2-0-3-4-1,0.9020658469464286,0.0582010582010582,-0.43983325528571426,2-1-3-4-0,FALSE,0.1327798572857143,0.0,-0.1327798572857143,STRUCTURALLY UNSTABLE,STRUCTURALLY UNSTABLE,EXECUTABLE
LSTM_REFERENCE,WHO,Viet Nam,42,2025,48,16,0-2-3-4-1,0.545998527517857,0.0582010582010582,-0.08376593585714276,2-1-3-4-0,FALSE,-0.22328746214285722,0.0,0.22328746214285722,STRUCTURALLY UNSTABLE,STRUCTURALLY UNSTABLE,EXECUTABLE
LSTM_REFERENCE,WHO,Viet Nam,123,2025,96,32,0-4-2-1-3,0.3418161876928571,0.42857142857142855,0.10271611271428571,0-4-2-1-3,TRUE,0.0,0.0,0.0,STRUCTURALLY UNSTABLE,STRUCTURALLY UNSTABLE,EXECUTABLE
LSTM_REFERENCE,WHO,Viet Nam,123,2025,72,24,0-4-2-1-3,0.3418161876928571,0.42857142857142855,0.10271611271428571,0-4-2-1-3,TRUE,0.0,0.0,0.0,STRUCTURALLY UNSTABLE,STRUCTURALLY UNSTABLE,EXECUTABLE
LSTM_REFERENCE,WHO,Viet Nam,123,2025,48,16,0-3-2-1-4,0.3884812093357143,0.42857142857142855,0.05605109107142853,0-4-2-1-3,FALSE,0.046665021642857185,0.0,-0.046665021642857185,STRUCTURALLY UNSTABLE,STRUCTURALLY UNSTABLE,EXECUTABLE
LSTM_REFERENCE,Electricity,T7,42,123,96,32,0-1-3-2-4,0.5871083318857142,0.20176392037514368,0.022869201535714256,0-1-3-2-4,TRUE,0.0,0.0,0.0,STRUCTURALLY UNSTABLE,STRUCTURALLY UNSTABLE,EXECUTABLE
LSTM_REFERENCE,Electricity,T7,42,123,72,24,0-1-3-2-4,0.5871083318857142,0.20176392037514368,0.022869201535714256,0-1-3-2-4,TRUE,0.0,0.0,0.0,STRUCTURALLY UNSTABLE,STRUCTURALLY UNSTABLE,EXECUTABLE
LSTM_REFERENCE,Electricity,T7,42,123,48,16,2-3-4-1-0,0.48113704054285716,0.20176392037514368,0.1288404928785713,0-1-3-2-4,FALSE,-0.10597129134285704,0.0,0.10597129134285704,STRUCTURALLY UNSTABLE,STRUCTURALLY UNSTABLE,EXECUTABLE
LSTM_REFERENCE,Electricity,T7,42,2025,96,32,1-3-2-4-0,0.3753511011410714,0.1466793010228254,0.3247809495535715,1-3-2-4-0,TRUE,0.0,0.0,0.0,STRUCTURALLY UNSTABLE,STRUCTURALLY UNSTABLE,EXECUTABLE
LSTM_REFERENCE,Electricity,T7,42,2025,72,24,0-1-3-4-2,0.6221494940517857,0.1466793010228254,0.07798255664285725,1-3-2-4-0,FALSE,0.24679839291071426,0.0,-0.24679839291071426,STRUCTURALLY UNSTABLE,STRUCTURALLY UNSTABLE,EXECUTABLE
LSTM_REFERENCE,Electricity,T7,42,2025,48,16,1-2-3-4-0,0.4266797722696428,0.1466793010228254,0.2734522784250001,1-3-2-4-0,FALSE,0.051328671128571424,0.0,-0.051328671128571424,STRUCTURALLY UNSTABLE,STRUCTURALLY UNSTABLE,EXECUTABLE
LSTM_REFERENCE,Electricity,T7,123,2025,96,32,0-3-1-4-2,0.4402392371160713,0.13026363207939454,0.11770588660714293,0-3-1-4-2,TRUE,0.0,0.0,0.0,STRUCTURALLY UNSTABLE,STRUCTURALLY UNSTABLE,EXECUTABLE
LSTM_REFERENCE,Electricity,T7,123,2025,72,24,0-3-1-4-2,0.4402392371160713,0.13026363207939454,0.11770588660714293,0-3-1-4-2,TRUE,0.0,0.0,0.0,STRUCTURALLY UNSTABLE,STRUCTURALLY UNSTABLE,EXECUTABLE
LSTM_REFERENCE,Electricity,T7,123,2025,48,16,0-2-1-4-3,0.45331188654464283,0.13026363207939454,0.10463323717857143,0-3-1-4-2,FALSE,0.013072649428571503,0.0,-0.013072649428571503,STRUCTURALLY UNSTABLE,STRUCTURALLY UNSTABLE,EXECUTABLE
LSTM_REFERENCE,Electricity,T314,42,123,96,32,4-1-2-0-3,0.6601110232892857,0.0,-0.06854948739285727,4-1-2-0-3,TRUE,0.0,0.0,0.0,STRUCTURALLY UNSTABLE,STRUCTURALLY UNSTABLE,EXECUTABLE
LSTM_REFERENCE,Electricity,T314,42,123,72,24,3-1-4-0-2,0.5334882812535715,0.0,0.05807325464285695,4-1-2-0-3,FALSE,-0.12662274203571422,0.0,0.12662274203571422,STRUCTURALLY UNSTABLE,STRUCTURALLY UNSTABLE,EXECUTABLE
LSTM_REFERENCE,Electricity,T314,42,123,48,16,4-1-2-0-3,0.6601110232892857,0.0,-0.06854948739285727,4-1-2-0-3,TRUE,0.0,0.0,0.0,STRUCTURALLY UNSTABLE,STRUCTURALLY UNSTABLE,EXECUTABLE
LSTM_REFERENCE,Electricity,T314,42,2025,96,32,0-4-1-3-2,0.5882036311785714,0.0,0.1439398162857144,0-4-1-3-2,TRUE,0.0,0.0,0.0,STRUCTURALLY UNSTABLE,STRUCTURALLY UNSTABLE,EXECUTABLE
LSTM_REFERENCE,Electricity,T314,42,2025,72,24,0-3-4-1-2,0.6710890752500001,0.0,0.06105437221428578,0-4-1-3-2,FALSE,0.08288544407142862,0.0,-0.08288544407142862,STRUCTURALLY UNSTABLE,STRUCTURALLY UNSTABLE,EXECUTABLE
LSTM_REFERENCE,Electricity,T314,42,2025,48,16,0-1-4-3-2,0.6333420722499999,0.0,0.09880137521428589,0-4-1-3-2,FALSE,0.0451384410714285,0.0,-0.0451384410714285,STRUCTURALLY UNSTABLE,STRUCTURALLY UNSTABLE,EXECUTABLE
LSTM_REFERENCE,Electricity,T314,123,2025,96,32,0-3-4-2-1,0.4322967431392857,0.2526389866291344,0.05367395860714286,0-3-4-2-1,TRUE,0.0,0.0,0.0,STRUCTURALLY UNSTABLE,STRUCTURALLY UNSTABLE,EXECUTABLE
LSTM_REFERENCE,Electricity,T314,123,2025,72,24,0-3-4-2-1,0.4322967431392857,0.2526389866291344,0.05367395860714286,0-3-4-2-1,TRUE,0.0,0.0,0.0,STRUCTURALLY UNSTABLE,STRUCTURALLY UNSTABLE,EXECUTABLE
LSTM_REFERENCE,Electricity,T314,123,2025,48,16,0-3-4-2-1,0.4322967431392857,0.2526389866291344,0.05367395860714286,0-3-4-2-1,TRUE,0.0,0.0,0.0,STRUCTURALLY UNSTABLE,STRUCTURALLY UNSTABLE,EXECUTABLE
LSTM_REFERENCE,Electricity,T108,42,123,96,32,1-0-4-3-2,0.44286878483696424,0.1111111111111111,0.24649209768571445,1-0-4-3-2,TRUE,0.0,0.0,0.0,STRUCTURALLY UNSTABLE,STRUCTURALLY UNSTABLE,EXECUTABLE
LSTM_REFERENCE,Electricity,T108,42,123,72,24,2-0-4-3-1,0.4453474500619642,0.1111111111111111,0.2440134324607145,1-0-4-3-2,FALSE,0.002478665224999954,0.0,-0.002478665224999954,STRUCTURALLY UNSTABLE,STRUCTURALLY UNSTABLE,EXECUTABLE
LSTM_REFERENCE,Electricity,T108,42,123,48,16,2-1-4-0-3,0.4405742858191072,0.1111111111111111,0.2487865967035715,1-0-4-3-2,FALSE,-0.0022944990178570546,0.0,0.0022944990178570546,STRUCTURALLY UNSTABLE,STRUCTURALLY UNSTABLE,EXECUTABLE
LSTM_REFERENCE,Electricity,T108,42,2025,96,32,2-0-4-3-1,0.40260177011732134,0.1111111111111111,0.33812323728571436,2-0-4-3-1,TRUE,0.0,0.0,0.0,STRUCTURALLY UNSTABLE,STRUCTURALLY UNSTABLE,EXECUTABLE
LSTM_REFERENCE,Electricity,T108,42,2025,72,24,0-2-4-3-1,0.4835774919744642,0.1111111111111111,0.2571475154285715,2-0-4-3-1,FALSE,0.08097572185714286,0.0,-0.08097572185714286,STRUCTURALLY UNSTABLE,STRUCTURALLY UNSTABLE,EXECUTABLE
LSTM_REFERENCE,Electricity,T108,42,2025,48,16,0-3-4-1-2,0.5122741549791071,0.1111111111111111,0.2284508524239286,2-0-4-3-1,FALSE,0.10967238486178577,0.0,-0.10967238486178577,STRUCTURALLY UNSTABLE,STRUCTURALLY UNSTABLE,EXECUTABLE
LSTM_REFERENCE,Electricity,T108,123,2025,96,32,2-1-0-3-4,0.4958596381803572,0.32061907139291057,-0.04246881862500007,2-1-0-3-4,TRUE,0.0,0.0,0.0,STRUCTURALLY UNSTABLE,STRUCTURALLY UNSTABLE,EXECUTABLE
LSTM_REFERENCE,Electricity,T108,123,2025,72,24,4-2-0-3-1,0.5899548390589285,0.32061907139291057,-0.1365640195035714,2-1-0-3-4,FALSE,0.09409520087857132,0.0,-0.09409520087857132,STRUCTURALLY UNSTABLE,STRUCTURALLY UNSTABLE,EXECUTABLE
LSTM_REFERENCE,Electricity,T108,123,2025,48,16,3-2-0-1-4,0.38499761716607145,0.32061907139291057,0.0683932023892857,2-1-0-3-4,FALSE,-0.11086202101428577,0.0,0.11086202101428577,STRUCTURALLY UNSTABLE,STRUCTURALLY UNSTABLE,EXECUTABLE
LSTM_REFERENCE,Electricity,T84,42,123,96,32,1-0-2-3-4,0.6360543062232143,0.19429980816662099,0.0888928299285715,1-0-2-3-4,TRUE,0.0,0.0,0.0,STRUCTURALLY UNSTABLE,STRUCTURALLY UNSTABLE,EXECUTABLE
LSTM_REFERENCE,Electricity,T84,42,123,72,24,1-4-0-3-2,0.4145555765267857,0.19429980816662099,0.31039155962500015,1-0-2-3-4,FALSE,-0.22149872969642864,0.0,0.22149872969642864,STRUCTURALLY UNSTABLE,STRUCTURALLY UNSTABLE,EXECUTABLE
LSTM_REFERENCE,Electricity,T84,42,123,48,16,1-4-0-3-2,0.4145555765267857,0.19429980816662099,0.31039155962500015,1-0-2-3-4,FALSE,-0.22149872969642864,0.0,0.22149872969642864,STRUCTURALLY UNSTABLE,STRUCTURALLY UNSTABLE,EXECUTABLE
LSTM_REFERENCE,Electricity,T84,42,2025,96,32,2-0-4-3-1,0.44886413249285717,0.22792736380713835,0.24892539928571422,2-0-4-3-1,TRUE,0.0,0.0,0.0,STRUCTURALLY UNSTABLE,STRUCTURALLY UNSTABLE,EXECUTABLE
LSTM_REFERENCE,Electricity,T84,42,2025,72,24,2-0-3-4-1,0.5068789507071428,0.22792736380713835,0.19091058107142855,2-0-4-3-1,FALSE,0.05801481821428567,0.0,-0.05801481821428567,STRUCTURALLY UNSTABLE,STRUCTURALLY UNSTABLE,EXECUTABLE
LSTM_REFERENCE,Electricity,T84,42,2025,48,16,1-3-0-4-2,0.45548562634999995,0.22792736380713835,0.24230390542857144,2-0-4-3-1,FALSE,0.0066214938571427795,0.0,-0.0066214938571427795,STRUCTURALLY UNSTABLE,STRUCTURALLY UNSTABLE,EXECUTABLE
LSTM_REFERENCE,Electricity,T84,123,2025,96,32,0-2-4-3-1,0.5504551185339286,0.3827265029635902,-0.02946395667857138,0-2-4-3-1,TRUE,0.0,0.0,0.0,STRUCTURALLY UNSTABLE,STRUCTURALLY UNSTABLE,EXECUTABLE
LSTM_REFERENCE,Electricity,T84,123,2025,72,24,4-1-2-3-0,0.3886795999660714,0.3827265029635902,0.13231156188928583,0-2-4-3-1,FALSE,-0.1617755185678572,0.0,0.1617755185678572,STRUCTURALLY UNSTABLE,STRUCTURALLY UNSTABLE,EXECUTABLE
LSTM_REFERENCE,Electricity,T84,123,2025,48,16,4-1-2-3-0,0.3886795999660714,0.3827265029635902,0.13231156188928583,0-2-4-3-1,FALSE,-0.1617755185678572,0.0,0.1617755185678572,STRUCTURALLY UNSTABLE,STRUCTURALLY UNSTABLE,EXECUTABLE
LSTM_REFERENCE,Electricity,T106,42,123,96,32,2-0-4-1-3,0.4063052265839286,0.14800434339113552,0.4134846589392856,2-0-4-1-3,TRUE,0.0,0.0,0.0,STRUCTURALLY UNSTABLE,STRUCTURALLY UNSTABLE,EXECUTABLE
LSTM_REFERENCE,Electricity,T106,42,123,72,24,2-0-4-1-3,0.4063052265839286,0.14800434339113552,0.4134846589392856,2-0-4-1-3,TRUE,0.0,0.0,0.0,STRUCTURALLY UNSTABLE,STRUCTURALLY UNSTABLE,EXECUTABLE
LSTM_REFERENCE,Electricity,T106,42,123,48,16,3-0-4-1-2,0.4592428416196429,0.14800434339113552,0.3605470439035713,2-0-4-1-3,FALSE,0.052937615035714314,0.0,-0.052937615035714314,STRUCTURALLY UNSTABLE,STRUCTURALLY UNSTABLE,EXECUTABLE
LSTM_REFERENCE,Electricity,T106,42,2025,96,32,1-3-4-0-2,0.5128740421196428,0.2015766889531983,0.3304109452249999,1-3-4-0-2,TRUE,0.0,0.0,0.0,STRUCTURALLY UNSTABLE,STRUCTURALLY UNSTABLE,EXECUTABLE
LSTM_REFERENCE,Electricity,T106,42,2025,72,24,2-3-4-0-1,0.47339771847678563,0.2015766889531983,0.3698872688678571,1-3-4-0-2,FALSE,-0.03947632364285719,0.0,0.03947632364285719,STRUCTURALLY UNSTABLE,STRUCTURALLY UNSTABLE,EXECUTABLE
LSTM_REFERENCE,Electricity,T106,42,2025,48,16,1-3-4-0-2,0.5128740421196428,0.2015766889531983,0.3304109452249999,1-3-4-0-2,TRUE,0.0,0.0,0.0,STRUCTURALLY UNSTABLE,STRUCTURALLY UNSTABLE,EXECUTABLE
LSTM_REFERENCE,Electricity,T106,123,2025,96,32,3-2-0-1-4,0.51943245275,0.007683442182097553,0.050659644607142784,3-2-0-1-4,TRUE,0.0,0.0,0.0,STRUCTURALLY UNSTABLE,STRUCTURALLY UNSTABLE,EXECUTABLE
LSTM_REFERENCE,Electricity,T106,123,2025,72,24,3-2-0-1-4,0.51943245275,0.007683442182097553,0.050659644607142784,3-2-0-1-4,TRUE,0.0,0.0,0.0,STRUCTURALLY UNSTABLE,STRUCTURALLY UNSTABLE,EXECUTABLE
LSTM_REFERENCE,Electricity,T106,123,2025,48,16,3-2-0-1-4,0.51943245275,0.007683442182097553,0.050659644607142784,3-2-0-1-4,TRUE,0.0,0.0,0.0,STRUCTURALLY UNSTABLE,STRUCTURALLY UNSTABLE,EXECUTABLE
LSTM_REFERENCE,Electricity,T318,42,123,96,32,0-2-4-1-3,0.6253928528214285,0.27734033245844275,0.10209987342857152,0-2-4-1-3,TRUE,0.0,0.0,0.0,STRUCTURALLY UNSTABLE,STRUCTURALLY UNSTABLE,EXECUTABLE
LSTM_REFERENCE,Electricity,T318,42,123,72,24,0-2-4-1-3,0.6253928528214285,0.27734033245844275,0.10209987342857152,0-2-4-1-3,TRUE,0.0,0.0,0.0,STRUCTURALLY UNSTABLE,STRUCTURALLY UNSTABLE,EXECUTABLE
LSTM_REFERENCE,Electricity,T318,42,123,48,16,0-2-4-1-3,0.6253928528214285,0.27734033245844275,0.10209987342857152,0-2-4-1-3,TRUE,0.0,0.0,0.0,STRUCTURALLY UNSTABLE,STRUCTURALLY UNSTABLE,EXECUTABLE
LSTM_REFERENCE,Electricity,T318,42,2025,96,32,0-3-4-1-2,0.6810732627767858,0.040693095300603825,0.005310758946428518,0-3-4-1-2,TRUE,0.0,0.0,0.0,STRUCTURALLY UNSTABLE,STRUCTURALLY UNSTABLE,EXECUTABLE
LSTM_REFERENCE,Electricity,T318,42,2025,72,24,0-3-4-1-2,0.6810732627767858,0.040693095300603825,0.005310758946428518,0-3-4-1-2,TRUE,0.0,0.0,0.0,STRUCTURALLY UNSTABLE,STRUCTURALLY UNSTABLE,EXECUTABLE
LSTM_REFERENCE,Electricity,T318,42,2025,48,16,0-3-4-1-2,0.6810732627767858,0.040693095300603825,0.005310758946428518,0-3-4-1-2,TRUE,0.0,0.0,0.0,STRUCTURALLY UNSTABLE,STRUCTURALLY UNSTABLE,EXECUTABLE
LSTM_REFERENCE,Electricity,T318,123,2025,96,32,0-2-3-1-4,0.6246378812732143,0.273431448489543,-0.0062556789964285375,0-2-3-1-4,TRUE,0.0,0.0,0.0,STRUCTURALLY UNSTABLE,STRUCTURALLY UNSTABLE,EXECUTABLE
LSTM_REFERENCE,Electricity,T318,123,2025,72,24,0-2-3-1-4,0.6246378812732143,0.273431448489543,-0.0062556789964285375,0-2-3-1-4,TRUE,0.0,0.0,0.0,STRUCTURALLY UNSTABLE,STRUCTURALLY UNSTABLE,EXECUTABLE
LSTM_REFERENCE,Electricity,T318,123,2025,48,16,0-2-3-1-4,0.6246378812732143,0.273431448489543,-0.0062556789964285375,0-2-3-1-4,TRUE,0.0,0.0,0.0,STRUCTURALLY UNSTABLE,STRUCTURALLY UNSTABLE,EXECUTABLE
LSTM_REFERENCE,Electricity,T82,42,123,96,32,2-3-4-1-0,0.38721727004089285,0.15141332279106548,0.39972634335178575,2-3-4-1-0,TRUE,0.0,0.0,0.0,STRUCTURALLY UNSTABLE,STRUCTURALLY UNSTABLE,EXECUTABLE
LSTM_REFERENCE,Electricity,T82,42,123,72,24,2-3-4-1-0,0.38721727004089285,0.15141332279106548,0.39972634335178575,2-3-4-1-0,TRUE,0.0,0.0,0.0,STRUCTURALLY UNSTABLE,STRUCTURALLY UNSTABLE,EXECUTABLE
LSTM_REFERENCE,Electricity,T82,42,123,48,16,2-3-4-1-0,0.38721727004089285,0.15141332279106548,0.39972634335178575,2-3-4-1-0,TRUE,0.0,0.0,0.0,STRUCTURALLY UNSTABLE,STRUCTURALLY UNSTABLE,EXECUTABLE
LSTM_REFERENCE,Electricity,T82,42,2025,96,32,1-3-0-4-2,0.5599405138376786,0.1739946616607515,0.32580099035857124,1-3-0-4-2,TRUE,0.0,0.0,0.0,STRUCTURALLY UNSTABLE,STRUCTURALLY UNSTABLE,EXECUTABLE
LSTM_REFERENCE,Electricity,T82,42,2025,72,24,2-3-4-1-0,0.4558878212123214,0.1739946616607515,0.42985368298392845,1-3-0-4-2,FALSE,-0.10405269262535721,0.0,0.10405269262535721,STRUCTURALLY UNSTABLE,STRUCTURALLY UNSTABLE,EXECUTABLE
LSTM_REFERENCE,Electricity,T82,42,2025,48,16,2-3-4-1-0,0.4558878212123214,0.1739946616607515,0.42985368298392845,1-3-0-4-2,FALSE,-0.10405269262535721,0.0,0.10405269262535721,STRUCTURALLY UNSTABLE,STRUCTURALLY UNSTABLE,EXECUTABLE
LSTM_REFERENCE,Electricity,T82,123,2025,96,32,2-1-0-3-4,0.4487905883553571,0.13659692064745357,0.010176426000000016,2-1-0-3-4,TRUE,0.0,0.0,0.0,STRUCTURALLY UNSTABLE,STRUCTURALLY UNSTABLE,EXECUTABLE
LSTM_REFERENCE,Electricity,T82,123,2025,72,24,2-1-0-3-4,0.4487905883553571,0.13659692064745357,0.010176426000000016,2-1-0-3-4,TRUE,0.0,0.0,0.0,STRUCTURALLY UNSTABLE,STRUCTURALLY UNSTABLE,EXECUTABLE
LSTM_REFERENCE,Electricity,T82,123,2025,48,16,2-1-0-3-4,0.4487905883553571,0.13659692064745357,0.010176426000000016,2-1-0-3-4,TRUE,0.0,0.0,0.0,STRUCTURALLY UNSTABLE,STRUCTURALLY UNSTABLE,EXECUTABLE
LSTM_REFERENCE,Electricity,T128,42,123,96,32,1-4-0-2-3,0.5696108476071429,0.5164644714038128,0.23600532487500003,1-4-0-2-3,TRUE,0.0,0.0,0.0,STRUCTURALLY UNSTABLE,STRUCTURALLY UNSTABLE,EXECUTABLE
LSTM_REFERENCE,Electricity,T128,42,123,72,24,2-4-0-1-3,0.7172652550535715,0.5164644714038128,0.08835091742857137,1-4-0-2-3,FALSE,0.14765440744642866,0.0,-0.14765440744642866,STRUCTURALLY UNSTABLE,STRUCTURALLY UNSTABLE,EXECUTABLE
LSTM_REFERENCE,Electricity,T128,42,123,48,16,1-4-0-2-3,0.5696108476071429,0.5164644714038128,0.23600532487500003,1-4-0-2-3,TRUE,0.0,0.0,0.0,STRUCTURALLY UNSTABLE,STRUCTURALLY UNSTABLE,EXECUTABLE
LSTM_REFERENCE,Electricity,T128,42,2025,96,32,1-4-2-3-0,0.4886801122473215,0.02373447061005003,0.17374828896428568,1-4-2-3-0,TRUE,0.0,0.0,0.0,STRUCTURALLY UNSTABLE,STRUCTURALLY UNSTABLE,EXECUTABLE
LSTM_REFERENCE,Electricity,T128,42,2025,72,24,1-4-2-3-0,0.4886801122473215,0.02373447061005003,0.17374828896428568,1-4-2-3-0,TRUE,0.0,0.0,0.0,STRUCTURALLY UNSTABLE,STRUCTURALLY UNSTABLE,EXECUTABLE
LSTM_REFERENCE,Electricity,T128,42,2025,48,16,1-4-2-3-0,0.4886801122473215,0.02373447061005003,0.17374828896428568,1-4-2-3-0,TRUE,0.0,0.0,0.0,STRUCTURALLY UNSTABLE,STRUCTURALLY UNSTABLE,EXECUTABLE
LSTM_REFERENCE,Electricity,T128,123,2025,96,32,2-3-1-0-4,0.49151382519910713,-0.02335025380710659,0.14064599678035727,2-3-1-0-4,TRUE,0.0,0.0,0.0,STRUCTURALLY UNSTABLE,STRUCTURALLY UNSTABLE,EXECUTABLE
LSTM_REFERENCE,Electricity,T128,123,2025,72,24,2-3-1-0-4,0.49151382519910713,-0.02335025380710659,0.14064599678035727,2-3-1-0-4,TRUE,0.0,0.0,0.0,STRUCTURALLY UNSTABLE,STRUCTURALLY UNSTABLE,EXECUTABLE
LSTM_REFERENCE,Electricity,T128,123,2025,48,16,2-3-1-0-4,0.49151382519910713,-0.02335025380710659,0.14064599678035727,2-3-1-0-4,TRUE,0.0,0.0,0.0,STRUCTURALLY UNSTABLE,STRUCTURALLY UNSTABLE,EXECUTABLE
LSTM_REFERENCE,Electricity,T129,42,123,96,32,0-2-4-3-1,0.5158514348555358,0.2710634269485642,0.1078518912871429,0-2-4-3-1,TRUE,0.0,0.0,0.0,STRUCTURALLY UNSTABLE,STRUCTURALLY UNSTABLE,EXECUTABLE
LSTM_REFERENCE,Electricity,T129,42,123,72,24,0-2-4-3-1,0.5158514348555358,0.2710634269485642,0.1078518912871429,0-2-4-3-1,TRUE,0.0,0.0,0.0,STRUCTURALLY UNSTABLE,STRUCTURALLY UNSTABLE,EXECUTABLE
LSTM_REFERENCE,Electricity,T129,42,123,48,16,0-2-4-3-1,0.5158514348555358,0.2710634269485642,0.1078518912871429,0-2-4-3-1,TRUE,0.0,0.0,0.0,STRUCTURALLY UNSTABLE,STRUCTURALLY UNSTABLE,EXECUTABLE
LSTM_REFERENCE,Electricity,T129,42,2025,96,32,3-4-2-0-1,0.4964140983769642,0.23362658846529816,0.1948401149410715,3-4-2-0-1,TRUE,0.0,0.0,0.0,STRUCTURALLY UNSTABLE,STRUCTURALLY UNSTABLE,EXECUTABLE
LSTM_REFERENCE,Electricity,T129,42,2025,72,24,3-4-2-0-1,0.4964140983769642,0.23362658846529816,0.1948401149410715,3-4-2-0-1,TRUE,0.0,0.0,0.0,STRUCTURALLY UNSTABLE,STRUCTURALLY UNSTABLE,EXECUTABLE
LSTM_REFERENCE,Electricity,T129,42,2025,48,16,3-4-2-0-1,0.4964140983769642,0.23362658846529816,0.1948401149410715,3-4-2-0-1,TRUE,0.0,0.0,0.0,STRUCTURALLY UNSTABLE,STRUCTURALLY UNSTABLE,EXECUTABLE
LSTM_REFERENCE,Electricity,T129,123,2025,96,32,3-1-4-0-2,0.3827014502178572,0.3373303881350584,0.2987255920928572,3-1-4-0-2,TRUE,0.0,0.0,0.0,STRUCTURALLY UNSTABLE,STRUCTURALLY UNSTABLE,EXECUTABLE
LSTM_REFERENCE,Electricity,T129,123,2025,72,24,3-1-4-0-2,0.3827014502178572,0.3373303881350584,0.2987255920928572,3-1-4-0-2,TRUE,0.0,0.0,0.0,STRUCTURALLY UNSTABLE,STRUCTURALLY UNSTABLE,EXECUTABLE
LSTM_REFERENCE,Electricity,T129,123,2025,48,16,3-1-4-0-2,0.3827014502178572,0.3373303881350584,0.2987255920928572,3-1-4-0-2,TRUE,0.0,0.0,0.0,STRUCTURALLY UNSTABLE,STRUCTURALLY UNSTABLE,EXECUTABLE
LSTM_REFERENCE,Electricity,T104,42,123,96,32,3-0-4-1-2,0.4992021159541072,0.13034623217922606,0.06142880810714285,3-0-4-1-2,TRUE,0.0,0.0,0.0,STRUCTURALLY UNSTABLE,STRUCTURALLY UNSTABLE,EXECUTABLE
LSTM_REFERENCE,Electricity,T104,42,123,72,24,3-0-4-1-2,0.4992021159541072,0.13034623217922606,0.06142880810714285,3-0-4-1-2,TRUE,0.0,0.0,0.0,STRUCTURALLY UNSTABLE,STRUCTURALLY UNSTABLE,EXECUTABLE
LSTM_REFERENCE,Electricity,T104,42,123,48,16,3-0-4-1-2,0.4992021159541072,0.13034623217922606,0.06142880810714285,3-0-4-1-2,TRUE,0.0,0.0,0.0,STRUCTURALLY UNSTABLE,STRUCTURALLY UNSTABLE,EXECUTABLE
LSTM_REFERENCE,Electricity,T104,42,2025,96,32,1-0-4-3-2,0.4543999302833928,0.006042296072507531,0.23230074296428588,1-0-4-3-2,TRUE,0.0,0.0,0.0,STRUCTURALLY UNSTABLE,STRUCTURALLY UNSTABLE,EXECUTABLE
LSTM_REFERENCE,Electricity,T104,42,2025,72,24,1-0-4-3-2,0.4543999302833928,0.006042296072507531,0.23230074296428588,1-0-4-3-2,TRUE,0.0,0.0,0.0,STRUCTURALLY UNSTABLE,STRUCTURALLY UNSTABLE,EXECUTABLE
LSTM_REFERENCE,Electricity,T104,42,2025,48,16,1-0-4-3-2,0.4543999302833928,0.006042296072507531,0.23230074296428588,1-0-4-3-2,TRUE,0.0,0.0,0.0,STRUCTURALLY UNSTABLE,STRUCTURALLY UNSTABLE,EXECUTABLE
LSTM_REFERENCE,Electricity,T104,123,2025,96,32,0-3-2-1-4,0.5831702544160715,0.10858835143139191,-0.0639367133571429,0-3-2-1-4,TRUE,0.0,0.0,0.0,STRUCTURALLY UNSTABLE,STRUCTURALLY UNSTABLE,EXECUTABLE
LSTM_REFERENCE,Electricity,T104,123,2025,72,24,0-1-2-3-4,0.5192335410589286,0.10858835143139191,0.0,0-3-2-1-4,FALSE,-0.0639367133571429,0.0,0.0639367133571429,STRUCTURALLY UNSTABLE,STRUCTURALLY UNSTABLE,EXECUTABLE
LSTM_REFERENCE,Electricity,T104,123,2025,48,16,0-3-2-1-4,0.5831702544160715,0.10858835143139191,-0.0639367133571429,0-3-2-1-4,TRUE,0.0,0.0,0.0,STRUCTURALLY UNSTABLE,STRUCTURALLY UNSTABLE,EXECUTABLE
LSTM_REFERENCE,Electricity,T85,42,123,96,32,1-2-4-0-3,0.5125881035553571,0.2807017543859649,0.2636243163214286,1-2-4-0-3,TRUE,0.0,0.0,0.0,STRUCTURALLY UNSTABLE,STRUCTURALLY UNSTABLE,EXECUTABLE
LSTM_REFERENCE,Electricity,T85,42,123,72,24,1-2-4-0-3,0.5125881035553571,0.2807017543859649,0.2636243163214286,1-2-4-0-3,TRUE,0.0,0.0,0.0,STRUCTURALLY UNSTABLE,STRUCTURALLY UNSTABLE,EXECUTABLE
LSTM_REFERENCE,Electricity,T85,42,123,48,16,1-2-4-3-0,0.5513766072696428,0.2807017543859649,0.22483581260714292,1-2-4-0-3,FALSE,0.03878850371428566,0.0,-0.03878850371428566,STRUCTURALLY UNSTABLE,STRUCTURALLY UNSTABLE,EXECUTABLE
LSTM_REFERENCE,Electricity,T85,42,2025,96,32,0-2-3-4-1,0.5481362361832143,-0.05586592178770948,0.07510852217857145,0-2-3-4-1,TRUE,0.0,0.0,0.0,STRUCTURALLY UNSTABLE,STRUCTURALLY UNSTABLE,EXECUTABLE
LSTM_REFERENCE,Electricity,T85,42,2025,72,24,0-2-3-4-1,0.5481362361832143,-0.05586592178770948,0.07510852217857145,0-2-3-4-1,TRUE,0.0,0.0,0.0,STRUCTURALLY UNSTABLE,STRUCTURALLY UNSTABLE,EXECUTABLE
LSTM_REFERENCE,Electricity,T85,42,2025,48,16,0-2-3-4-1,0.5481362361832143,-0.05586592178770948,0.07510852217857145,0-2-3-4-1,TRUE,0.0,0.0,0.0,STRUCTURALLY UNSTABLE,STRUCTURALLY UNSTABLE,EXECUTABLE
LSTM_REFERENCE,Electricity,T85,123,2025,96,32,0-1-4-2-3,0.5365946809492856,0.04429967426710099,0.17228800308928582,0-1-4-2-3,TRUE,0.0,0.0,0.0,STRUCTURALLY UNSTABLE,STRUCTURALLY UNSTABLE,EXECUTABLE
LSTM_REFERENCE,Electricity,T85,123,2025,72,24,0-4-2-1-3,0.5549615572885715,0.04429967426710099,0.15392112674999991,0-1-4-2-3,FALSE,0.01836687633928591,0.0,-0.01836687633928591,STRUCTURALLY UNSTABLE,STRUCTURALLY UNSTABLE,EXECUTABLE
LSTM_REFERENCE,Electricity,T85,123,2025,48,16,0-1-2-4-3,0.5426996572792857,0.04429967426710099,0.16618302675928576,0-1-4-2-3,FALSE,0.006104976330000067,0.0,-0.006104976330000067,STRUCTURALLY UNSTABLE,STRUCTURALLY UNSTABLE,EXECUTABLE
LSTM_REFERENCE,Electricity,T86,42,123,96,32,0-4-2-3-1,0.4841070675839286,0.2780651049589291,-0.030582574785714245,0-4-2-3-1,TRUE,0.0,0.0,0.0,STRUCTURALLY UNSTABLE,STRUCTURALLY UNSTABLE,EXECUTABLE
LSTM_REFERENCE,Electricity,T86,42,123,72,24,0-4-2-3-1,0.4841070675839286,0.2780651049589291,-0.030582574785714245,0-4-2-3-1,TRUE,0.0,0.0,0.0,STRUCTURALLY UNSTABLE,STRUCTURALLY UNSTABLE,EXECUTABLE
LSTM_REFERENCE,Electricity,T86,42,123,48,16,0-4-2-3-1,0.4841070675839286,0.2780651049589291,-0.030582574785714245,0-4-2-3-1,TRUE,0.0,0.0,0.0,STRUCTURALLY UNSTABLE,STRUCTURALLY UNSTABLE,EXECUTABLE
LSTM_REFERENCE,Electricity,T86,42,2025,96,32,0-3-1-4-2,0.5596577922803571,0.06760917789623551,0.09871248239285724,0-3-1-4-2,TRUE,0.0,0.0,0.0,STRUCTURALLY UNSTABLE,STRUCTURALLY UNSTABLE,EXECUTABLE
LSTM_REFERENCE,Electricity,T86,42,2025,72,24,4-2-1-3-0,0.5963771529125,0.06760917789623551,0.061993121760714254,0-3-1-4-2,FALSE,0.03671936063214298,0.0,-0.03671936063214298,STRUCTURALLY UNSTABLE,STRUCTURALLY UNSTABLE,EXECUTABLE
LSTM_REFERENCE,Electricity,T86,42,2025,48,16,4-2-1-3-0,0.5963771529125,0.06760917789623551,0.061993121760714254,0-3-1-4-2,FALSE,0.03671936063214298,0.0,-0.03671936063214298,STRUCTURALLY UNSTABLE,STRUCTURALLY UNSTABLE,EXECUTABLE
LSTM_REFERENCE,Electricity,T86,123,2025,96,32,4-2-1-3-0,0.6642946851857143,0.016722408026755845,0.02445396692857127,4-2-1-3-0,TRUE,0.0,0.0,0.0,STRUCTURALLY UNSTABLE,STRUCTURALLY UNSTABLE,EXECUTABLE
LSTM_REFERENCE,Electricity,T86,123,2025,72,24,4-2-1-3-0,0.6642946851857143,0.016722408026755845,0.02445396692857127,4-2-1-3-0,TRUE,0.0,0.0,0.0,STRUCTURALLY UNSTABLE,STRUCTURALLY UNSTABLE,EXECUTABLE
LSTM_REFERENCE,Electricity,T86,123,2025,48,16,4-0-1-2-3,0.6479907593500001,0.016722408026755845,0.04075789276428554,4-2-1-3-0,FALSE,-0.016303925835714272,0.0,0.016303925835714272,STRUCTURALLY UNSTABLE,STRUCTURALLY UNSTABLE,EXECUTABLE
LSTM_REFERENCE,Electricity,T135,42,123,96,32,0-3-4-1-2,0.4670953596607143,0.3599694131141273,0.2820551540714286,0-3-4-1-2,TRUE,0.0,0.0,0.0,STRUCTURALLY UNSTABLE,STRUCTURALLY UNSTABLE,EXECUTABLE
LSTM_REFERENCE,Electricity,T135,42,123,72,24,0-3-4-1-2,0.4670953596607143,0.3599694131141273,0.2820551540714286,0-3-4-1-2,TRUE,0.0,0.0,0.0,STRUCTURALLY UNSTABLE,STRUCTURALLY UNSTABLE,EXECUTABLE
LSTM_REFERENCE,Electricity,T135,42,123,48,16,0-3-4-1-2,0.4670953596607143,0.3599694131141273,0.2820551540714286,0-3-4-1-2,TRUE,0.0,0.0,0.0,STRUCTURALLY UNSTABLE,STRUCTURALLY UNSTABLE,EXECUTABLE
LSTM_REFERENCE,Electricity,T135,42,2025,96,32,3-0-2-4-1,0.47419468955357136,0.047886195151272265,0.3129591342857144,3-0-2-4-1,TRUE,0.0,0.0,0.0,STRUCTURALLY UNSTABLE,STRUCTURALLY UNSTABLE,EXECUTABLE
LSTM_REFERENCE,Electricity,T135,42,2025,72,24,3-0-2-4-1,0.47419468955357136,0.047886195151272265,0.3129591342857144,3-0-2-4-1,TRUE,0.0,0.0,0.0,STRUCTURALLY UNSTABLE,STRUCTURALLY UNSTABLE,EXECUTABLE
LSTM_REFERENCE,Electricity,T135,42,2025,48,16,3-0-4-2-1,0.46886352187499997,0.047886195151272265,0.3182903019642858,3-0-2-4-1,FALSE,-0.005331167678571391,0.0,0.005331167678571391,STRUCTURALLY UNSTABLE,STRUCTURALLY UNSTABLE,EXECUTABLE
LSTM_REFERENCE,Electricity,T135,123,2025,96,32,3-4-2-1-0,0.45884344299999996,0.0851022395326193,0.20121413260714288,3-4-2-1-0,TRUE,0.0,0.0,0.0,STRUCTURALLY UNSTABLE,STRUCTURALLY UNSTABLE,EXECUTABLE
LSTM_REFERENCE,Electricity,T135,123,2025,72,24,3-4-2-1-0,0.45884344299999996,0.0851022395326193,0.20121413260714288,3-4-2-1-0,TRUE,0.0,0.0,0.0,STRUCTURALLY UNSTABLE,STRUCTURALLY UNSTABLE,EXECUTABLE
LSTM_REFERENCE,Electricity,T135,123,2025,48,16,3-4-2-1-0,0.45884344299999996,0.0851022395326193,0.20121413260714288,3-4-2-1-0,TRUE,0.0,0.0,0.0,STRUCTURALLY UNSTABLE,STRUCTURALLY UNSTABLE,EXECUTABLE
LSTM_REFERENCE,Electricity,T144,42,123,96,32,0-3-4-1-2,0.4177767924089286,0.5367264314632736,0.3091257177857142,0-3-4-1-2,TRUE,0.0,0.0,0.0,STRUCTURALLY UNSTABLE,STRUCTURALLY UNSTABLE,EXECUTABLE
LSTM_REFERENCE,Electricity,T144,42,123,72,24,0-3-4-1-2,0.4177767924089286,0.5367264314632736,0.3091257177857142,0-3-4-1-2,TRUE,0.0,0.0,0.0,STRUCTURALLY UNSTABLE,STRUCTURALLY UNSTABLE,EXECUTABLE
LSTM_REFERENCE,Electricity,T144,42,123,48,16,0-3-4-1-2,0.4177767924089286,0.5367264314632736,0.3091257177857142,0-3-4-1-2,TRUE,0.0,0.0,0.0,STRUCTURALLY UNSTABLE,STRUCTURALLY UNSTABLE,EXECUTABLE
LSTM_REFERENCE,Electricity,T144,42,2025,96,32,0-3-2-4-1,0.551795556,-0.0021008403361345135,0.11776909853571427,0-3-2-4-1,TRUE,0.0,0.0,0.0,STRUCTURALLY UNSTABLE,STRUCTURALLY UNSTABLE,EXECUTABLE
LSTM_REFERENCE,Electricity,T144,42,2025,72,24,0-3-2-4-1,0.551795556,-0.0021008403361345135,0.11776909853571427,0-3-2-4-1,TRUE,0.0,0.0,0.0,STRUCTURALLY UNSTABLE,STRUCTURALLY UNSTABLE,EXECUTABLE
LSTM_REFERENCE,Electricity,T144,42,2025,48,16,0-3-2-4-1,0.551795556,-0.0021008403361345135,0.11776909853571427,0-3-2-4-1,TRUE,0.0,0.0,0.0,STRUCTURALLY UNSTABLE,STRUCTURALLY UNSTABLE,EXECUTABLE
LSTM_REFERENCE,Electricity,T144,123,2025,96,32,0-1-4-3-2,0.4260700709482143,0.28601090059693746,0.09558850346428566,0-1-4-3-2,TRUE,0.0,0.0,0.0,STRUCTURALLY UNSTABLE,STRUCTURALLY UNSTABLE,EXECUTABLE
LSTM_REFERENCE,Electricity,T144,123,2025,72,24,0-4-1-3-2,0.5313010350553571,0.28601090059693746,-0.00964246064285712,0-1-4-3-2,FALSE,0.10523096410714278,0.0,-0.10523096410714278,STRUCTURALLY UNSTABLE,STRUCTURALLY UNSTABLE,EXECUTABLE
LSTM_REFERENCE,Electricity,T144,123,2025,48,16,0-4-2-3-1,0.4886870225910714,0.28601090059693746,0.03297155182142858,0-1-4-3-2,FALSE,0.06261695164285708,0.0,-0.06261695164285708,STRUCTURALLY UNSTABLE,STRUCTURALLY UNSTABLE,EXECUTABLE
LSTM_REFERENCE,Electricity,T20,42,123,96,32,1-2-4-3-0,0.5310147430182143,0.2943889315910838,0.0076598614642857665,1-2-4-3-0,TRUE,0.0,0.0,0.0,STRUCTURALLY UNSTABLE,STRUCTURALLY UNSTABLE,EXECUTABLE
LSTM_REFERENCE,Electricity,T20,42,123,72,24,1-2-4-3-0,0.5310147430182143,0.2943889315910838,0.0076598614642857665,1-2-4-3-0,TRUE,0.0,0.0,0.0,STRUCTURALLY UNSTABLE,STRUCTURALLY UNSTABLE,EXECUTABLE
LSTM_REFERENCE,Electricity,T20,42,123,48,16,1-2-4-3-0,0.5310147430182143,0.2943889315910838,0.0076598614642857665,1-2-4-3-0,TRUE,0.0,0.0,0.0,STRUCTURALLY UNSTABLE,STRUCTURALLY UNSTABLE,EXECUTABLE
LSTM_REFERENCE,Electricity,T20,42,2025,96,32,0-4-3-1-2,0.6018221855928572,0.11759088304577582,0.16327280342857142,0-4-3-1-2,TRUE,0.0,0.0,0.0,STRUCTURALLY UNSTABLE,STRUCTURALLY UNSTABLE,EXECUTABLE
LSTM_REFERENCE,Electricity,T20,42,2025,72,24,0-4-3-1-2,0.6018221855928572,0.11759088304577582,0.16327280342857142,0-4-3-1-2,TRUE,0.0,0.0,0.0,STRUCTURALLY UNSTABLE,STRUCTURALLY UNSTABLE,EXECUTABLE
LSTM_REFERENCE,Electricity,T20,42,2025,48,16,0-4-3-1-2,0.6018221855928572,0.11759088304577582,0.16327280342857142,0-4-3-1-2,TRUE,0.0,0.0,0.0,STRUCTURALLY UNSTABLE,STRUCTURALLY UNSTABLE,EXECUTABLE
LSTM_REFERENCE,Electricity,T20,123,2025,96,32,4-1-2-0-3,0.5754637537539286,0.07371349095966617,0.2540203790714286,4-1-2-0-3,TRUE,0.0,0.0,0.0,STRUCTURALLY UNSTABLE,STRUCTURALLY UNSTABLE,EXECUTABLE
LSTM_REFERENCE,Electricity,T20,123,2025,72,24,2-1-4-0-3,0.5561987801110715,0.07371349095966617,0.27328535271428567,4-1-2-0-3,FALSE,-0.019264973642857064,0.0,0.019264973642857064,STRUCTURALLY UNSTABLE,STRUCTURALLY UNSTABLE,EXECUTABLE
LSTM_REFERENCE,Electricity,T20,123,2025,48,16,4-1-2-0-3,0.5754637537539286,0.07371349095966617,0.2540203790714286,4-1-2-0-3,TRUE,0.0,0.0,0.0,STRUCTURALLY UNSTABLE,STRUCTURALLY UNSTABLE,EXECUTABLE
LSTM_REFERENCE,Electricity,T234,42,123,96,32,0-2-4-1-3,0.5259816623214285,1.0,-0.22639641714285713,0-2-4-1-3,TRUE,0.0,0.0,0.0,SOFT-REPARAMETERISED,SOFT-REPARAMETERISED,EXECUTABLE
LSTM_REFERENCE,Electricity,T234,42,123,72,24,0-2-4-1-3,0.5259816623214285,1.0,-0.22639641714285713,0-2-4-1-3,TRUE,0.0,0.0,0.0,SOFT-REPARAMETERISED,SOFT-REPARAMETERISED,EXECUTABLE
LSTM_REFERENCE,Electricity,T234,42,123,48,16,0-2-4-1-3,0.5259816623214285,1.0,-0.22639641714285713,0-2-4-1-3,TRUE,0.0,0.0,0.0,SOFT-REPARAMETERISED,SOFT-REPARAMETERISED,EXECUTABLE
LSTM_REFERENCE,Electricity,T234,42,2025,96,32,0-3-1-4-2,0.04888713071428571,1.0,0.29912524500000004,0-3-1-4-2,TRUE,0.0,0.0,0.0,STABLE,STABLE,EXECUTABLE
LSTM_REFERENCE,Electricity,T234,42,2025,72,24,0-3-1-4-2,0.04888713071428571,1.0,0.29912524500000004,0-3-1-4-2,TRUE,0.0,0.0,0.0,STABLE,STABLE,EXECUTABLE
LSTM_REFERENCE,Electricity,T234,42,2025,48,16,0-3-1-4-2,0.04888713071428571,1.0,0.29912524500000004,0-3-1-4-2,TRUE,0.0,0.0,0.0,STABLE,STABLE,EXECUTABLE
LSTM_REFERENCE,Electricity,T234,123,2025,96,32,0-3-1-2-4,0.27478326982142853,1.0,0.0,0-3-1-2-4,TRUE,0.0,0.0,0.0,SOFT-REPARAMETERISED,SOFT-REPARAMETERISED,EXECUTABLE
LSTM_REFERENCE,Electricity,T234,123,2025,72,24,0-3-1-2-4,0.27478326982142853,1.0,0.0,0-3-1-2-4,TRUE,0.0,0.0,0.0,SOFT-REPARAMETERISED,SOFT-REPARAMETERISED,EXECUTABLE
LSTM_REFERENCE,Electricity,T234,123,2025,48,16,0-3-1-2-4,0.27478326982142853,1.0,0.0,0-3-1-2-4,TRUE,0.0,0.0,0.0,SOFT-REPARAMETERISED,SOFT-REPARAMETERISED,EXECUTABLE
LSTM_REFERENCE,Electricity,T115,42,123,96,32,3-2-1-0-4,0.5619682453214285,0.01417936901807869,-0.10453301679642846,3-2-1-0-4,TRUE,0.0,0.0,0.0,STRUCTURALLY UNSTABLE,STRUCTURALLY UNSTABLE,EXECUTABLE
LSTM_REFERENCE,Electricity,T115,42,123,72,24,3-1-2-0-4,0.5008193622142857,0.01417936901807869,-0.04338413368928562,3-2-1-0-4,FALSE,-0.06114888310714284,0.0,0.06114888310714284,STRUCTURALLY UNSTABLE,STRUCTURALLY UNSTABLE,EXECUTABLE
LSTM_REFERENCE,Electricity,T115,42,123,48,16,3-1-2-0-4,0.5008193622142857,0.01417936901807869,-0.04338413368928562,3-2-1-0-4,FALSE,-0.06114888310714284,0.0,0.06114888310714284,STRUCTURALLY UNSTABLE,STRUCTURALLY UNSTABLE,EXECUTABLE
LSTM_REFERENCE,Electricity,T115,42,2025,96,32,3-2-4-0-1,0.31329108182321436,0.07804878048780495,0.6266204050714284,3-2-4-0-1,TRUE,0.0,0.0,0.0,STRUCTURALLY UNSTABLE,STRUCTURALLY UNSTABLE,EXECUTABLE
LSTM_REFERENCE,Electricity,T115,42,2025,72,24,3-2-4-0-1,0.31329108182321436,0.07804878048780495,0.6266204050714284,3-2-4-0-1,TRUE,0.0,0.0,0.0,STRUCTURALLY UNSTABLE,STRUCTURALLY UNSTABLE,EXECUTABLE
LSTM_REFERENCE,Electricity,T115,42,2025,48,16,3-2-4-0-1,0.31329108182321436,0.07804878048780495,0.6266204050714284,3-2-4-0-1,TRUE,0.0,0.0,0.0,STRUCTURALLY UNSTABLE,STRUCTURALLY UNSTABLE,EXECUTABLE
LSTM_REFERENCE,Electricity,T115,123,2025,96,32,0-1-4-3-2,0.5809875539303572,0.018876828692779665,0.35627027767857133,0-1-4-3-2,TRUE,0.0,0.0,0.0,STRUCTURALLY UNSTABLE,STRUCTURALLY UNSTABLE,EXECUTABLE
LSTM_REFERENCE,Electricity,T115,123,2025,72,24,0-1-4-3-2,0.5809875539303572,0.018876828692779665,0.35627027767857133,0-1-4-3-2,TRUE,0.0,0.0,0.0,STRUCTURALLY UNSTABLE,STRUCTURALLY UNSTABLE,EXECUTABLE
LSTM_REFERENCE,Electricity,T115,123,2025,48,16,0-1-4-3-2,0.5809875539303572,0.018876828692779665,0.35627027767857133,0-1-4-3-2,TRUE,0.0,0.0,0.0,STRUCTURALLY UNSTABLE,STRUCTURALLY UNSTABLE,EXECUTABLE
LSTM_REFERENCE,Electricity,T3,42,123,96,32,2-3-4-1-0,0.465920032517857,0.0,0.005186090642857244,2-3-4-1-0,TRUE,0.0,0.0,0.0,STRUCTURALLY UNSTABLE,STRUCTURALLY UNSTABLE,EXECUTABLE
LSTM_REFERENCE,Electricity,T3,42,123,72,24,0-3-4-1-2,0.48492088208928574,0.0,-0.01381475892857148,2-3-4-1-0,FALSE,0.019000849571428724,0.0,-0.019000849571428724,STRUCTURALLY UNSTABLE,STRUCTURALLY UNSTABLE,EXECUTABLE
LSTM_REFERENCE,Electricity,T3,42,123,48,16,0-3-4-1-2,0.48492088208928574,0.0,-0.01381475892857148,2-3-4-1-0,FALSE,0.019000849571428724,0.0,-0.019000849571428724,STRUCTURALLY UNSTABLE,STRUCTURALLY UNSTABLE,EXECUTABLE
LSTM_REFERENCE,Electricity,T3,42,2025,96,32,2-3-0-4-1,0.4372897600535714,0.0,0.03139702385714277,2-3-0-4-1,TRUE,0.0,0.0,0.0,STRUCTURALLY UNSTABLE,STRUCTURALLY UNSTABLE,EXECUTABLE
LSTM_REFERENCE,Electricity,T3,42,2025,72,24,2-3-0-4-1,0.4372897600535714,0.0,0.03139702385714277,2-3-0-4-1,TRUE,0.0,0.0,0.0,STRUCTURALLY UNSTABLE,STRUCTURALLY UNSTABLE,EXECUTABLE
LSTM_REFERENCE,Electricity,T3,42,2025,48,16,2-3-0-4-1,0.4372897600535714,0.0,0.03139702385714277,2-3-0-4-1,TRUE,0.0,0.0,0.0,STRUCTURALLY UNSTABLE,STRUCTURALLY UNSTABLE,EXECUTABLE
LSTM_REFERENCE,Electricity,T3,123,2025,96,32,0-4-1-3-2,0.09709250560714286,1.0,0.2712036410714286,0-4-1-3-2,TRUE,0.0,0.0,0.0,STABLE,STABLE,EXECUTABLE
LSTM_REFERENCE,Electricity,T3,123,2025,72,24,0-4-1-3-2,0.09709250560714286,1.0,0.2712036410714286,0-4-1-3-2,TRUE,0.0,0.0,0.0,STABLE,STABLE,EXECUTABLE
LSTM_REFERENCE,Electricity,T3,123,2025,48,16,0-4-1-3-2,0.09709250560714286,1.0,0.2712036410714286,0-4-1-3-2,TRUE,0.0,0.0,0.0,STABLE,STABLE,EXECUTABLE
LSTM_REFERENCE,Electricity,T30,42,123,96,32,0-2-4-1-3,0.5098918259821429,0.009453072248480767,0.22061189346428567,0-2-4-1-3,TRUE,0.0,0.0,0.0,STRUCTURALLY UNSTABLE,STRUCTURALLY UNSTABLE,EXECUTABLE
LSTM_REFERENCE,Electricity,T30,42,123,72,24,2-0-4-1-3,0.5182525682678571,0.009453072248480767,0.2122511511785714,0-2-4-1-3,FALSE,0.008360742285714262,0.0,-0.008360742285714262,STRUCTURALLY UNSTABLE,STRUCTURALLY UNSTABLE,EXECUTABLE
LSTM_REFERENCE,Electricity,T30,42,123,48,16,3-2-4-1-0,0.5462457984107144,0.009453072248480767,0.18425792103571415,0-2-4-1-3,FALSE,0.036353972428571524,0.0,-0.036353972428571524,STRUCTURALLY UNSTABLE,STRUCTURALLY UNSTABLE,EXECUTABLE
LSTM_REFERENCE,Electricity,T30,42,2025,96,32,1-0-4-3-2,0.46211104957142857,0.04712717882504844,0.1570111852142857,1-0-4-3-2,TRUE,0.0,0.0,0.0,STRUCTURALLY UNSTABLE,STRUCTURALLY UNSTABLE,EXECUTABLE
LSTM_REFERENCE,Electricity,T30,42,2025,72,24,2-0-4-3-1,0.45816238932142855,0.04712717882504844,0.1609598454642857,1-0-4-3-2,FALSE,-0.003948660250000013,0.0,0.003948660250000013,STRUCTURALLY UNSTABLE,STRUCTURALLY UNSTABLE,EXECUTABLE
LSTM_REFERENCE,Electricity,T30,42,2025,48,16,1-0-4-3-2,0.46211104957142857,0.04712717882504844,0.1570111852142857,1-0-4-3-2,TRUE,0.0,0.0,0.0,STRUCTURALLY UNSTABLE,STRUCTURALLY UNSTABLE,EXECUTABLE
LSTM_REFERENCE,Electricity,T30,123,2025,96,32,0-4-1-3-2,0.5370902347321428,0.09520977669412146,0.10488243135714292,0-4-1-3-2,TRUE,0.0,0.0,0.0,STRUCTURALLY UNSTABLE,STRUCTURALLY UNSTABLE,EXECUTABLE
LSTM_REFERENCE,Electricity,T30,123,2025,72,24,0-3-1-2-4,0.4894540639464285,0.09520977669412146,0.15251860214285723,0-4-1-3-2,FALSE,-0.047636170785714305,0.0,0.047636170785714305,STRUCTURALLY UNSTABLE,STRUCTURALLY UNSTABLE,EXECUTABLE
LSTM_REFERENCE,Electricity,T30,123,2025,48,16,0-3-2-1-4,0.5030909500178572,0.09520977669412146,0.13888171607142852,0-4-1-3-2,FALSE,-0.033999284714285594,0.0,0.033999284714285594,STRUCTURALLY UNSTABLE,STRUCTURALLY UNSTABLE,EXECUTABLE
LSTM_REFERENCE,Electricity,T208,42,123,96,32,0-3-4-1-2,0.5881699074517857,1.0,-0.14937910297499996,0-3-4-1-2,TRUE,0.0,0.0,0.0,SOFT-REPARAMETERISED,SOFT-REPARAMETERISED,EXECUTABLE
LSTM_REFERENCE,Electricity,T208,42,123,72,24,0-1-4-3-2,0.5881699074517857,1.0,-0.14937910297499996,0-3-4-1-2,FALSE,0.0,0.0,0.0,SOFT-REPARAMETERISED,SOFT-REPARAMETERISED,EXECUTABLE
LSTM_REFERENCE,Electricity,T208,42,123,48,16,0-1-4-3-2,0.5881699074517857,1.0,-0.14937910297499996,0-3-4-1-2,FALSE,0.0,0.0,0.0,SOFT-REPARAMETERISED,SOFT-REPARAMETERISED,EXECUTABLE
LSTM_REFERENCE,Electricity,T208,42,2025,96,32,0-3-1-4-2,0.2513267452857143,1.0,0.16276132047499997,0-3-1-4-2,TRUE,0.0,0.0,0.0,SOFT-REPARAMETERISED,SOFT-REPARAMETERISED,EXECUTABLE
LSTM_REFERENCE,Electricity,T208,42,2025,72,24,0-3-4-2-1,0.2991390796892857,1.0,0.11494898607142856,0-3-1-4-2,FALSE,0.04781233440357141,0.0,-0.04781233440357141,SOFT-REPARAMETERISED,SOFT-REPARAMETERISED,EXECUTABLE
LSTM_REFERENCE,Electricity,T208,42,2025,48,16,0-3-4-2-1,0.2991390796892857,1.0,0.11494898607142856,0-3-1-4-2,FALSE,0.04781233440357141,0.0,-0.04781233440357141,SOFT-REPARAMETERISED,SOFT-REPARAMETERISED,EXECUTABLE
LSTM_REFERENCE,Electricity,T208,123,2025,96,32,0-4-1-3-2,0.19066166133392862,1.0,0.09937254321428565,0-4-1-3-2,TRUE,0.0,0.0,0.0,SOFT-REPARAMETERISED,SOFT-REPARAMETERISED,EXECUTABLE
LSTM_REFERENCE,Electricity,T208,123,2025,72,24,0-3-1-4-2,0.19066166133392862,1.0,0.09937254321428565,0-4-1-3-2,FALSE,0.0,0.0,0.0,SOFT-REPARAMETERISED,SOFT-REPARAMETERISED,EXECUTABLE
LSTM_REFERENCE,Electricity,T208,123,2025,48,16,0-3-1-4-2,0.19066166133392862,1.0,0.09937254321428565,0-4-1-3-2,FALSE,0.0,0.0,0.0,SOFT-REPARAMETERISED,SOFT-REPARAMETERISED,EXECUTABLE
LSTM_REFERENCE,Electricity,T316,42,123,96,32,0-1-4-2-3,0.5819293368053572,0.4352755075138413,-0.018633056392857172,0-1-4-2-3,TRUE,0.0,0.0,0.0,STRUCTURALLY UNSTABLE,STRUCTURALLY UNSTABLE,EXECUTABLE
LSTM_REFERENCE,Electricity,T316,42,123,72,24,0-3-4-1-2,0.4871170823053571,0.4352755075138413,0.07617919810714291,0-1-4-2-3,FALSE,-0.09481225450000008,0.0,0.09481225450000008,STRUCTURALLY UNSTABLE,STRUCTURALLY UNSTABLE,EXECUTABLE
LSTM_REFERENCE,Electricity,T316,42,123,48,16,0-3-4-1-2,0.4871170823053571,0.4352755075138413,0.07617919810714291,0-1-4-2-3,FALSE,-0.09481225450000008,0.0,0.09481225450000008,STRUCTURALLY UNSTABLE,STRUCTURALLY UNSTABLE,EXECUTABLE
LSTM_REFERENCE,Electricity,T316,42,2025,96,32,0-3-4-2-1,0.381441807625,0.538873516022494,0.17781609200000004,0-3-4-2-1,TRUE,0.0,0.0,0.0,STRUCTURALLY UNSTABLE,STRUCTURALLY UNSTABLE,EXECUTABLE
LSTM_REFERENCE,Electricity,T316,42,2025,72,24,0-3-4-2-1,0.381441807625,0.538873516022494,0.17781609200000004,0-3-4-2-1,TRUE,0.0,0.0,0.0,STRUCTURALLY UNSTABLE,STRUCTURALLY UNSTABLE,EXECUTABLE
LSTM_REFERENCE,Electricity,T316,42,2025,48,16,0-3-4-2-1,0.381441807625,0.538873516022494,0.17781609200000004,0-3-4-2-1,TRUE,0.0,0.0,0.0,STRUCTURALLY UNSTABLE,STRUCTURALLY UNSTABLE,EXECUTABLE
LSTM_REFERENCE,Electricity,T316,123,2025,96,32,0-4-2-3-1,0.3882593966410715,0.556604583297571,0.09979983996428571,0-4-2-3-1,TRUE,0.0,0.0,0.0,STRUCTURALLY UNSTABLE,STRUCTURALLY UNSTABLE,EXECUTABLE
LSTM_REFERENCE,Electricity,T316,123,2025,72,24,0-4-2-3-1,0.3882593966410715,0.556604583297571,0.09979983996428571,0-4-2-3-1,TRUE,0.0,0.0,0.0,STRUCTURALLY UNSTABLE,STRUCTURALLY UNSTABLE,EXECUTABLE
LSTM_REFERENCE,Electricity,T316,123,2025,48,16,0-4-1-3-2,0.2932280141767857,0.556604583297571,0.19483122242857154,0-4-2-3-1,FALSE,-0.09503138246428583,0.0,0.09503138246428583,STRUCTURALLY UNSTABLE,STRUCTURALLY UNSTABLE,EXECUTABLE
LSTM_REFERENCE,Electricity,T249,42,123,96,32,0-4-2-1-3,0.0,1.0,0.0,0-4-2-1-3,TRUE,0.0,0.0,0.0,STABLE,STABLE,EXECUTABLE
LSTM_REFERENCE,Electricity,T249,42,123,72,24,0-4-2-1-3,0.0,1.0,0.0,0-4-2-1-3,TRUE,0.0,0.0,0.0,STABLE,STABLE,EXECUTABLE
LSTM_REFERENCE,Electricity,T249,42,123,48,16,0-4-2-1-3,0.0,1.0,0.0,0-4-2-1-3,TRUE,0.0,0.0,0.0,STABLE,STABLE,EXECUTABLE
LSTM_REFERENCE,Electricity,T249,42,2025,96,32,0-3-1-4-2,0.0,1.0,0.0,0-3-1-4-2,TRUE,0.0,0.0,0.0,STABLE,STABLE,EXECUTABLE
LSTM_REFERENCE,Electricity,T249,42,2025,72,24,0-1-3-4-2,0.0,1.0,0.0,0-3-1-4-2,FALSE,0.0,0.0,0.0,STABLE,STABLE,EXECUTABLE
LSTM_REFERENCE,Electricity,T249,42,2025,48,16,0-3-1-4-2,0.0,1.0,0.0,0-3-1-4-2,TRUE,0.0,0.0,0.0,STABLE,STABLE,EXECUTABLE
LSTM_REFERENCE,Electricity,T249,123,2025,96,32,0-4-1-2-3,0.0,1.0,0.0,0-4-1-2-3,TRUE,0.0,0.0,0.0,STABLE,STABLE,EXECUTABLE
LSTM_REFERENCE,Electricity,T249,123,2025,72,24,0-4-1-2-3,0.0,1.0,0.0,0-4-1-2-3,TRUE,0.0,0.0,0.0,STABLE,STABLE,EXECUTABLE
LSTM_REFERENCE,Electricity,T249,123,2025,48,16,0-4-1-2-3,0.0,1.0,0.0,0-4-1-2-3,TRUE,0.0,0.0,0.0,STABLE,STABLE,EXECUTABLE
LSTM_REFERENCE,Electricity,T133,42,123,96,32,3-0-4-1-2,0.46398635760892853,0.19576719576719576,0.36943203065714286,3-0-4-1-2,TRUE,0.0,0.0,0.0,STRUCTURALLY UNSTABLE,STRUCTURALLY UNSTABLE,EXECUTABLE
LSTM_REFERENCE,Electricity,T133,42,123,72,24,3-0-4-1-2,0.46398635760892853,0.19576719576719576,0.36943203065714286,3-0-4-1-2,TRUE,0.0,0.0,0.0,STRUCTURALLY UNSTABLE,STRUCTURALLY UNSTABLE,EXECUTABLE
LSTM_REFERENCE,Electricity,T133,42,123,48,16,3-0-4-1-2,0.46398635760892853,0.19576719576719576,0.36943203065714286,3-0-4-1-2,TRUE,0.0,0.0,0.0,STRUCTURALLY UNSTABLE,STRUCTURALLY UNSTABLE,EXECUTABLE
LSTM_REFERENCE,Electricity,T133,42,2025,96,32,2-3-0-4-1,0.49546781022678577,0.10582010582010581,0.2825901631571428,2-3-0-4-1,TRUE,0.0,0.0,0.0,STRUCTURALLY UNSTABLE,STRUCTURALLY UNSTABLE,EXECUTABLE
LSTM_REFERENCE,Electricity,T133,42,2025,72,24,1-0-4-3-2,0.5384926678339286,0.10582010582010581,0.23956530555,2-3-0-4-1,FALSE,0.04302485760714281,0.0,-0.04302485760714281,STRUCTURALLY UNSTABLE,STRUCTURALLY UNSTABLE,EXECUTABLE
LSTM_REFERENCE,Electricity,T133,42,2025,48,16,1-0-4-3-2,0.5384926678339286,0.10582010582010581,0.23956530555,2-3-0-4-1,FALSE,0.04302485760714281,0.0,-0.04302485760714281,STRUCTURALLY UNSTABLE,STRUCTURALLY UNSTABLE,EXECUTABLE
LSTM_REFERENCE,Electricity,T133,123,2025,96,32,0-3-1-2-4,0.4192079547214286,0.2953020134228188,0.016922088057142848,0-3-1-2-4,TRUE,0.0,0.0,0.0,STRUCTURALLY UNSTABLE,STRUCTURALLY UNSTABLE,EXECUTABLE
LSTM_REFERENCE,Electricity,T133,123,2025,72,24,0-3-1-2-4,0.4192079547214286,0.2953020134228188,0.016922088057142848,0-3-1-2-4,TRUE,0.0,0.0,0.0,STRUCTURALLY UNSTABLE,STRUCTURALLY UNSTABLE,EXECUTABLE
LSTM_REFERENCE,Electricity,T133,123,2025,48,16,0-4-1-2-3,0.5017266693642857,0.2953020134228188,-0.06559662658571425,0-3-1-2-4,FALSE,0.0825187146428571,0.0,-0.0825187146428571,STRUCTURALLY UNSTABLE,STRUCTURALLY UNSTABLE,EXECUTABLE
LSTM_REFERENCE,Electricity,T224,42,123,96,32,3-2-1-0-4,0.43260099719999995,1.0,0.15237473000000007,3-2-1-0-4,TRUE,0.0,0.0,0.0,SOFT-REPARAMETERISED,SOFT-REPARAMETERISED,EXECUTABLE
LSTM_REFERENCE,Electricity,T224,42,123,72,24,3-2-1-0-4,0.43260099719999995,1.0,0.15237473000000007,3-2-1-0-4,TRUE,0.0,0.0,0.0,SOFT-REPARAMETERISED,SOFT-REPARAMETERISED,EXECUTABLE
LSTM_REFERENCE,Electricity,T224,42,123,48,16,3-2-1-0-4,0.43260099719999995,1.0,0.15237473000000007,3-2-1-0-4,TRUE,0.0,0.0,0.0,SOFT-REPARAMETERISED,SOFT-REPARAMETERISED,EXECUTABLE
LSTM_REFERENCE,Electricity,T224,42,2025,96,32,1-3-4-0-2,0.31345662999999996,1.0,0.15997426000000003,1-3-4-0-2,TRUE,0.0,0.0,0.0,SOFT-REPARAMETERISED,SOFT-REPARAMETERISED,EXECUTABLE
LSTM_REFERENCE,Electricity,T224,42,2025,72,24,1-3-4-0-2,0.31345662999999996,1.0,0.15997426000000003,1-3-4-0-2,TRUE,0.0,0.0,0.0,SOFT-REPARAMETERISED,SOFT-REPARAMETERISED,EXECUTABLE
LSTM_REFERENCE,Electricity,T224,42,2025,48,16,1-3-4-0-2,0.31345662999999996,1.0,0.15997426000000003,1-3-4-0-2,TRUE,0.0,0.0,0.0,SOFT-REPARAMETERISED,SOFT-REPARAMETERISED,EXECUTABLE
LSTM_REFERENCE,Electricity,T224,123,2025,96,32,0-4-3-1-2,0.19540632280000003,1.0,0.14354361,0-4-3-1-2,TRUE,0.0,0.0,0.0,SOFT-REPARAMETERISED,SOFT-REPARAMETERISED,EXECUTABLE
LSTM_REFERENCE,Electricity,T224,123,2025,72,24,0-4-3-1-2,0.19540632280000003,1.0,0.14354361,0-4-3-1-2,TRUE,0.0,0.0,0.0,SOFT-REPARAMETERISED,SOFT-REPARAMETERISED,EXECUTABLE
LSTM_REFERENCE,Electricity,T224,123,2025,48,16,0-4-3-1-2,0.19540632280000003,1.0,0.14354361,0-4-3-1-2,TRUE,0.0,0.0,0.0,SOFT-REPARAMETERISED,SOFT-REPARAMETERISED,EXECUTABLE
LSTM_REFERENCE,Electricity,T11,42,123,96,32,4-3-2-0-1,0.5385145493839286,0.15943149956492314,0.01906367749999993,4-3-2-0-1,TRUE,0.0,0.0,0.0,STRUCTURALLY UNSTABLE,STRUCTURALLY UNSTABLE,EXECUTABLE
LSTM_REFERENCE,Electricity,T11,42,123,72,24,4-3-2-0-1,0.5385145493839286,0.15943149956492314,0.01906367749999993,4-3-2-0-1,TRUE,0.0,0.0,0.0,STRUCTURALLY UNSTABLE,STRUCTURALLY UNSTABLE,EXECUTABLE
LSTM_REFERENCE,Electricity,T11,42,123,48,16,4-3-2-0-1,0.5385145493839286,0.15943149956492314,0.01906367749999993,4-3-2-0-1,TRUE,0.0,0.0,0.0,STRUCTURALLY UNSTABLE,STRUCTURALLY UNSTABLE,EXECUTABLE
LSTM_REFERENCE,Electricity,T11,42,2025,96,32,0-4-3-2-1,0.46683616996428573,0.1812788398154252,0.05107707467857142,0-4-3-2-1,TRUE,0.0,0.0,0.0,STRUCTURALLY UNSTABLE,STRUCTURALLY UNSTABLE,EXECUTABLE
LSTM_REFERENCE,Electricity,T11,42,2025,72,24,0-4-3-2-1,0.46683616996428573,0.1812788398154252,0.05107707467857142,0-4-3-2-1,TRUE,0.0,0.0,0.0,STRUCTURALLY UNSTABLE,STRUCTURALLY UNSTABLE,EXECUTABLE
LSTM_REFERENCE,Electricity,T11,42,2025,48,16,0-3-4-2-1,0.43228709885714284,0.1812788398154252,0.08562614578571431,0-4-3-2-1,FALSE,-0.03454907110714289,0.0,0.03454907110714289,STRUCTURALLY UNSTABLE,STRUCTURALLY UNSTABLE,EXECUTABLE
LSTM_REFERENCE,Electricity,T11,123,2025,96,32,2-0-4-3-1,0.5369541326875,0.31786542923433875,0.018880499089285685,2-0-4-3-1,TRUE,0.0,0.0,0.0,STRUCTURALLY UNSTABLE,STRUCTURALLY UNSTABLE,EXECUTABLE
LSTM_REFERENCE,Electricity,T11,123,2025,72,24,2-4-0-3-1,0.4965877723482143,0.31786542923433875,0.05924685942857144,2-0-4-3-1,FALSE,-0.040366360339285756,0.0,0.040366360339285756,STRUCTURALLY UNSTABLE,STRUCTURALLY UNSTABLE,EXECUTABLE
LSTM_REFERENCE,Electricity,T11,123,2025,48,16,2-4-1-3-0,0.4935927342767857,0.31786542923433875,0.06224189750000003,2-0-4-3-1,FALSE,-0.04336139841071435,0.0,0.04336139841071435,STRUCTURALLY UNSTABLE,STRUCTURALLY UNSTABLE,EXECUTABLE
LSTM_REFERENCE,Electricity,T125,42,123,96,32,0-4-1-3-2,0.40715169083928565,0.39595464296659516,0.0594660801428572,0-4-1-3-2,TRUE,0.0,0.0,0.0,STRUCTURALLY UNSTABLE,STRUCTURALLY UNSTABLE,EXECUTABLE
LSTM_REFERENCE,Electricity,T125,42,123,72,24,0-4-1-3-2,0.40715169083928565,0.39595464296659516,0.0594660801428572,0-4-1-3-2,TRUE,0.0,0.0,0.0,STRUCTURALLY UNSTABLE,STRUCTURALLY UNSTABLE,EXECUTABLE
LSTM_REFERENCE,Electricity,T125,42,123,48,16,0-4-1-3-2,0.40715169083928565,0.39595464296659516,0.0594660801428572,0-4-1-3-2,TRUE,0.0,0.0,0.0,STRUCTURALLY UNSTABLE,STRUCTURALLY UNSTABLE,EXECUTABLE
LSTM_REFERENCE,Electricity,T125,42,2025,96,32,3-2-0-4-1,0.5140167167053571,0.19487313628040806,0.15257077951785714,3-2-0-4-1,TRUE,0.0,0.0,0.0,STRUCTURALLY UNSTABLE,STRUCTURALLY UNSTABLE,EXECUTABLE
LSTM_REFERENCE,Electricity,T125,42,2025,72,24,3-2-0-1-4,0.6112906551339286,0.19487313628040806,0.055296841089285675,3-2-0-4-1,FALSE,0.09727393842857146,0.0,-0.09727393842857146,STRUCTURALLY UNSTABLE,STRUCTURALLY UNSTABLE,EXECUTABLE
LSTM_REFERENCE,Electricity,T125,42,2025,48,16,3-2-1-0-4,0.7208908237589285,0.19487313628040806,-0.05430332753571432,3-2-0-4-1,FALSE,0.20687410705357145,0.0,-0.20687410705357145,STRUCTURALLY UNSTABLE,STRUCTURALLY UNSTABLE,EXECUTABLE
LSTM_REFERENCE,Electricity,T125,123,2025,96,32,3-4-0-1-2,0.5372457245803571,0.08069077334942122,0.029306029839285763,3-4-0-1-2,TRUE,0.0,0.0,0.0,STRUCTURALLY UNSTABLE,STRUCTURALLY UNSTABLE,EXECUTABLE
LSTM_REFERENCE,Electricity,T125,123,2025,72,24,3-4-0-1-2,0.5372457245803571,0.08069077334942122,0.029306029839285763,3-4-0-1-2,TRUE,0.0,0.0,0.0,STRUCTURALLY UNSTABLE,STRUCTURALLY UNSTABLE,EXECUTABLE
LSTM_REFERENCE,Electricity,T125,123,2025,48,16,3-1-0-4-2,0.5388153290446429,0.08069077334942122,0.027736425374999985,3-4-0-1-2,FALSE,0.0015696044642857787,0.0,-0.0015696044642857787,STRUCTURALLY UNSTABLE,STRUCTURALLY UNSTABLE,EXECUTABLE
LSTM_REFERENCE,Electricity,T26,42,123,96,32,2-0-4-3-1,0.3533472779107143,0.8301886792452831,0.2928369923928571,2-0-4-3-1,TRUE,0.0,0.0,0.0,SOFT-REPARAMETERISED,SOFT-REPARAMETERISED,EXECUTABLE
LSTM_REFERENCE,Electricity,T26,42,123,72,24,0-2-4-3-1,0.3819976162321428,0.8301886792452831,0.2641866540714286,2-0-4-3-1,FALSE,0.028650338321428492,0.0,-0.028650338321428492,SOFT-REPARAMETERISED,SOFT-REPARAMETERISED,EXECUTABLE
LSTM_REFERENCE,Electricity,T26,42,123,48,16,2-0-4-3-1,0.3533472779107143,0.8301886792452831,0.2928369923928571,2-0-4-3-1,TRUE,0.0,0.0,0.0,SOFT-REPARAMETERISED,SOFT-REPARAMETERISED,EXECUTABLE
LSTM_REFERENCE,Electricity,T26,42,2025,96,32,2-0-4-1-3,0.41972442152678574,0.2987012987012987,0.3818682210535714,2-0-4-1-3,TRUE,0.0,0.0,0.0,STRUCTURALLY UNSTABLE,STRUCTURALLY UNSTABLE,EXECUTABLE
LSTM_REFERENCE,Electricity,T26,42,2025,72,24,2-0-4-1-3,0.41972442152678574,0.2987012987012987,0.3818682210535714,2-0-4-1-3,TRUE,0.0,0.0,0.0,STRUCTURALLY UNSTABLE,STRUCTURALLY UNSTABLE,EXECUTABLE
LSTM_REFERENCE,Electricity,T26,42,2025,48,16,1-0-4-2-3,0.4348498240267858,0.2987012987012987,0.3667428185535713,2-0-4-1-3,FALSE,0.015125402500000051,0.0,-0.015125402500000051,STRUCTURALLY UNSTABLE,STRUCTURALLY UNSTABLE,EXECUTABLE
LSTM_REFERENCE,Electricity,T26,123,2025,96,32,0-2-1-3-4,0.5076394142946429,0.15094339622641514,0.006540858357142909,0-2-1-3-4,TRUE,0.0,0.0,0.0,STRUCTURALLY UNSTABLE,STRUCTURALLY UNSTABLE,EXECUTABLE
LSTM_REFERENCE,Electricity,T26,123,2025,72,24,0-2-3-1-4,0.4708448217946429,0.15094339622641514,0.04333545085714291,0-2-1-3-4,FALSE,-0.0367945925,0.0,0.0367945925,STRUCTURALLY UNSTABLE,STRUCTURALLY UNSTABLE,EXECUTABLE
LSTM_REFERENCE,Electricity,T26,123,2025,48,16,2-0-1-3-4,0.5712537762946428,0.15094339622641514,-0.057073503642857015,0-2-1-3-4,FALSE,0.06361436199999992,0.0,-0.06361436199999992,STRUCTURALLY UNSTABLE,STRUCTURALLY UNSTABLE,EXECUTABLE
LSTM_REFERENCE,Electricity,T2,42,123,96,32,3-1-4-0-2,0.281512589625,1.0,0.48934368135714296,3-1-4-0-2,TRUE,0.0,0.0,0.0,SOFT-REPARAMETERISED,SOFT-REPARAMETERISED,EXECUTABLE
LSTM_REFERENCE,Electricity,T2,42,123,72,24,3-1-4-0-2,0.281512589625,1.0,0.48934368135714296,3-1-4-0-2,TRUE,0.0,0.0,0.0,SOFT-REPARAMETERISED,SOFT-REPARAMETERISED,EXECUTABLE
LSTM_REFERENCE,Electricity,T2,42,123,48,16,3-1-4-0-2,0.281512589625,1.0,0.48934368135714296,3-1-4-0-2,TRUE,0.0,0.0,0.0,SOFT-REPARAMETERISED,SOFT-REPARAMETERISED,EXECUTABLE
LSTM_REFERENCE,Electricity,T2,42,2025,96,32,1-3-4-2-0,0.21701347224999998,1.0,0.44264032946428566,1-3-4-2-0,TRUE,0.0,0.0,0.0,SOFT-REPARAMETERISED,SOFT-REPARAMETERISED,EXECUTABLE
LSTM_REFERENCE,Electricity,T2,42,2025,72,24,1-3-4-2-0,0.21701347224999998,1.0,0.44264032946428566,1-3-4-2-0,TRUE,0.0,0.0,0.0,SOFT-REPARAMETERISED,SOFT-REPARAMETERISED,EXECUTABLE
LSTM_REFERENCE,Electricity,T2,42,2025,48,16,1-3-4-2-0,0.21701347224999998,1.0,0.44264032946428566,1-3-4-2-0,TRUE,0.0,0.0,0.0,SOFT-REPARAMETERISED,SOFT-REPARAMETERISED,EXECUTABLE
LSTM_REFERENCE,Electricity,T2,123,2025,96,32,2-3-4-1-0,0.102272551125,1.0,0.4431487500714286,2-3-4-1-0,TRUE,0.0,0.0,0.0,STABLE,STABLE,EXECUTABLE
LSTM_REFERENCE,Electricity,T2,123,2025,72,24,2-3-4-1-0,0.102272551125,1.0,0.4431487500714286,2-3-4-1-0,TRUE,0.0,0.0,0.0,STABLE,STABLE,EXECUTABLE
LSTM_REFERENCE,Electricity,T2,123,2025,48,16,2-3-0-1-4,0.3559311508392856,1.0,0.189490150357143,2-3-4-1-0,FALSE,0.2536585997142856,0.0,-0.2536585997142856,STABLE,SOFT-REPARAMETERISED,EXECUTABLE
LSTM_REFERENCE,Electricity,T95,42,123,96,32,4-2-1-0-3,0.4909983250357142,0.36474088767666746,0.16338664924999985,4-2-1-0-3,TRUE,0.0,0.0,0.0,STRUCTURALLY UNSTABLE,STRUCTURALLY UNSTABLE,EXECUTABLE
LSTM_REFERENCE,Electricity,T95,42,123,72,24,4-2-1-0-3,0.4909983250357142,0.36474088767666746,0.16338664924999985,4-2-1-0-3,TRUE,0.0,0.0,0.0,STRUCTURALLY UNSTABLE,STRUCTURALLY UNSTABLE,EXECUTABLE
LSTM_REFERENCE,Electricity,T95,42,123,48,16,4-3-1-0-2,0.49760556889285706,0.36474088767666746,0.156779405392857,4-2-1-0-3,FALSE,0.006607243857142842,0.0,-0.006607243857142842,STRUCTURALLY UNSTABLE,STRUCTURALLY UNSTABLE,EXECUTABLE
LSTM_REFERENCE,Electricity,T95,42,2025,96,32,3-2-4-0-1,0.6142377119410715,0.09166871467190955,0.0047101001642857465,3-2-4-0-1,TRUE,0.0,0.0,0.0,STRUCTURALLY UNSTABLE,STRUCTURALLY UNSTABLE,EXECUTABLE
LSTM_REFERENCE,Electricity,T95,42,2025,72,24,2-3-4-0-1,0.6221089972125,0.09166871467190955,-0.0031611851071428054,3-2-4-0-1,FALSE,0.007871285271428552,0.0,-0.007871285271428552,STRUCTURALLY UNSTABLE,STRUCTURALLY UNSTABLE,EXECUTABLE
LSTM_REFERENCE,Electricity,T95,42,2025,48,16,0-3-1-4-2,0.6188324708553573,0.09166871467190955,0.0001153412499999007,3-2-4-0-1,FALSE,0.004594758914285846,0.0,-0.004594758914285846,STRUCTURALLY UNSTABLE,STRUCTURALLY UNSTABLE,EXECUTABLE
LSTM_REFERENCE,Electricity,T95,123,2025,96,32,0-3-1-2-4,0.3205881301446429,0.5347146918320096,0.0006005843571428304,0-3-1-2-4,TRUE,0.0,0.0,0.0,STRUCTURALLY UNSTABLE,STRUCTURALLY UNSTABLE,EXECUTABLE
LSTM_REFERENCE,Electricity,T95,123,2025,72,24,0-3-1-2-4,0.3205881301446429,0.5347146918320096,0.0006005843571428304,0-3-1-2-4,TRUE,0.0,0.0,0.0,STRUCTURALLY UNSTABLE,STRUCTURALLY UNSTABLE,EXECUTABLE
LSTM_REFERENCE,Electricity,T95,123,2025,48,16,0-3-1-2-4,0.3205881301446429,0.5347146918320096,0.0006005843571428304,0-3-1-2-4,TRUE,0.0,0.0,0.0,STRUCTURALLY UNSTABLE,STRUCTURALLY UNSTABLE,EXECUTABLE
LSTM_REFERENCE,Electricity,T100,42,123,96,32,1-0-4-3-2,0.6113207165589287,0.0006309148264984406,0.1501280604535714,1-0-4-3-2,TRUE,0.0,0.0,0.0,STRUCTURALLY UNSTABLE,STRUCTURALLY UNSTABLE,EXECUTABLE
LSTM_REFERENCE,Electricity,T100,42,123,72,24,2-3-0-1-4,0.5954847657017858,0.0006309148264984406,0.16596401131071437,1-0-4-3-2,FALSE,-0.015835950857142955,0.0,0.015835950857142955,STRUCTURALLY UNSTABLE,STRUCTURALLY UNSTABLE,EXECUTABLE
LSTM_REFERENCE,Electricity,T100,42,123,48,16,2-3-4-1-0,0.5912682274875001,0.0006309148264984406,0.17018054952500006,1-0-4-3-2,FALSE,-0.020052489071428647,0.0,0.020052489071428647,STRUCTURALLY UNSTABLE,STRUCTURALLY UNSTABLE,EXECUTABLE
LSTM_REFERENCE,Electricity,T100,42,2025,96,32,1-0-4-3-2,0.4817435108875,0.1629592350276799,0.19609900557142868,1-0-4-3-2,TRUE,0.0,0.0,0.0,STRUCTURALLY UNSTABLE,STRUCTURALLY UNSTABLE,EXECUTABLE
LSTM_REFERENCE,Electricity,T100,42,2025,72,24,2-0-4-3-1,0.4793240017089286,0.1629592350276799,0.1985185147500001,1-0-4-3-2,FALSE,-0.0024195091785714218,0.0,0.0024195091785714218,STRUCTURALLY UNSTABLE,STRUCTURALLY UNSTABLE,EXECUTABLE
LSTM_REFERENCE,Electricity,T100,42,2025,48,16,1-0-4-3-2,0.4817435108875,0.1629592350276799,0.19609900557142868,1-0-4-3-2,TRUE,0.0,0.0,0.0,STRUCTURALLY UNSTABLE,STRUCTURALLY UNSTABLE,EXECUTABLE
LSTM_REFERENCE,Electricity,T100,123,2025,96,32,4-1-2-3-0,0.47526904507857143,0.09819639278557113,0.057046637714285586,4-1-2-3-0,TRUE,0.0,0.0,0.0,STRUCTURALLY UNSTABLE,STRUCTURALLY UNSTABLE,EXECUTABLE
LSTM_REFERENCE,Electricity,T100,123,2025,72,24,4-1-3-2-0,0.5269308382464286,0.09819639278557113,0.005384844546428402,4-1-2-3-0,FALSE,0.051661793167857184,0.0,-0.051661793167857184,STRUCTURALLY UNSTABLE,STRUCTURALLY UNSTABLE,EXECUTABLE
LSTM_REFERENCE,Electricity,T100,123,2025,48,16,4-1-2-0-3,0.4340808775642858,0.09819639278557113,0.0982348052285712,4-1-2-3-0,FALSE,-0.04118816751428561,0.0,0.04118816751428561,STRUCTURALLY UNSTABLE,STRUCTURALLY UNSTABLE,EXECUTABLE
LSTM_REFERENCE,Electricity,T107,42,123,96,32,2-3-4-1-0,0.4694871220867857,0.2355338223308884,0.29703904896928573,2-3-4-1-0,TRUE,0.0,0.0,0.0,STRUCTURALLY UNSTABLE,STRUCTURALLY UNSTABLE,EXECUTABLE
LSTM_REFERENCE,Electricity,T107,42,123,72,24,2-3-4-1-0,0.4694871220867857,0.2355338223308884,0.29703904896928573,2-3-4-1-0,TRUE,0.0,0.0,0.0,STRUCTURALLY UNSTABLE,STRUCTURALLY UNSTABLE,EXECUTABLE
LSTM_REFERENCE,Electricity,T107,42,123,48,16,2-4-3-1-0,0.5025910393725,0.2355338223308884,0.2639351316835714,2-3-4-1-0,FALSE,0.033103917285714324,0.0,-0.033103917285714324,STRUCTURALLY UNSTABLE,STRUCTURALLY UNSTABLE,EXECUTABLE
LSTM_REFERENCE,Electricity,T107,42,2025,96,32,2-3-4-1-0,0.41501180105964286,0.2993960310612597,0.204958339092857,2-3-4-1-0,TRUE,0.0,0.0,0.0,STRUCTURALLY UNSTABLE,STRUCTURALLY UNSTABLE,EXECUTABLE
LSTM_REFERENCE,Electricity,T107,42,2025,72,24,2-3-4-1-0,0.41501180105964286,0.2993960310612597,0.204958339092857,2-3-4-1-0,TRUE,0.0,0.0,0.0,STRUCTURALLY UNSTABLE,STRUCTURALLY UNSTABLE,EXECUTABLE
LSTM_REFERENCE,Electricity,T107,42,2025,48,16,2-3-4-1-0,0.41501180105964286,0.2993960310612597,0.204958339092857,2-3-4-1-0,TRUE,0.0,0.0,0.0,STRUCTURALLY UNSTABLE,STRUCTURALLY UNSTABLE,EXECUTABLE
LSTM_REFERENCE,Electricity,T107,123,2025,96,32,3-1-0-2-4,0.454424114025,0.19131665880132137,0.07131122510714288,3-1-0-2-4,TRUE,0.0,0.0,0.0,STRUCTURALLY UNSTABLE,STRUCTURALLY UNSTABLE,EXECUTABLE
LSTM_REFERENCE,Electricity,T107,123,2025,72,24,0-1-2-3-4,0.5257353391321429,0.19131665880132137,0.0,3-1-0-2-4,FALSE,0.07131122510714288,0.0,-0.07131122510714288,STRUCTURALLY UNSTABLE,STRUCTURALLY UNSTABLE,EXECUTABLE
LSTM_REFERENCE,Electricity,T107,123,2025,48,16,0-1-2-3-4,0.5257353391321429,0.19131665880132137,0.0,3-1-0-2-4,FALSE,0.07131122510714288,0.0,-0.07131122510714288,STRUCTURALLY UNSTABLE,STRUCTURALLY UNSTABLE,EXECUTABLE
LSTM_REFERENCE,Electricity,T1,42,123,96,32,3-2-4-1-0,0.5604937875267858,0.14772854321171694,0.07292362105357153,3-2-4-1-0,TRUE,0.0,0.0,0.0,STRUCTURALLY UNSTABLE,STRUCTURALLY UNSTABLE,EXECUTABLE
LSTM_REFERENCE,Electricity,T1,42,123,72,24,3-2-4-1-0,0.5604937875267858,0.14772854321171694,0.07292362105357153,3-2-4-1-0,TRUE,0.0,0.0,0.0,STRUCTURALLY UNSTABLE,STRUCTURALLY UNSTABLE,EXECUTABLE
LSTM_REFERENCE,Electricity,T1,42,123,48,16,0-1-4-3-2,0.5971575720446429,0.14772854321171694,0.03625983653571441,3-2-4-1-0,FALSE,0.03666378451785712,0.0,-0.03666378451785712,STRUCTURALLY UNSTABLE,STRUCTURALLY UNSTABLE,EXECUTABLE
LSTM_REFERENCE,Electricity,T1,42,2025,96,32,2-3-0-4-1,0.5287611980989286,0.10308462958080676,0.31824162001642853,2-3-0-4-1,TRUE,0.0,0.0,0.0,STRUCTURALLY UNSTABLE,STRUCTURALLY UNSTABLE,EXECUTABLE
LSTM_REFERENCE,Electricity,T1,42,2025,72,24,2-4-0-3-1,0.5347381150632143,0.10308462958080676,0.3122647030521428,2-3-0-4-1,FALSE,0.005976916964285706,0.0,-0.005976916964285706,STRUCTURALLY UNSTABLE,STRUCTURALLY UNSTABLE,EXECUTABLE
LSTM_REFERENCE,Electricity,T1,42,2025,48,16,2-4-0-3-1,0.5347381150632143,0.10308462958080676,0.3122647030521428,2-3-0-4-1,FALSE,0.005976916964285706,0.0,-0.005976916964285706,STRUCTURALLY UNSTABLE,STRUCTURALLY UNSTABLE,EXECUTABLE
LSTM_REFERENCE,Electricity,T1,123,2025,96,32,0-4-2-3-1,0.6000683061064286,0.06902044066896734,0.0036516643571428142,0-4-2-3-1,TRUE,0.0,0.0,0.0,STRUCTURALLY UNSTABLE,STRUCTURALLY UNSTABLE,EXECUTABLE
LSTM_REFERENCE,Electricity,T1,123,2025,72,24,0-4-2-3-1,0.6000683061064286,0.06902044066896734,0.0036516643571428142,0-4-2-3-1,TRUE,0.0,0.0,0.0,STRUCTURALLY UNSTABLE,STRUCTURALLY UNSTABLE,EXECUTABLE
LSTM_REFERENCE,Electricity,T1,123,2025,48,16,0-3-2-1-4,0.64240963916,0.06902044066896734,-0.03868966869642865,0-4-2-3-1,FALSE,0.04234133305357146,0.0,-0.04234133305357146,STRUCTURALLY UNSTABLE,STRUCTURALLY UNSTABLE,EXECUTABLE
LSTM_REFERENCE,Electricity,T60,42,123,96,32,2-3-4-1-0,0.3554120218982143,0.0996239030505641,0.5389419825250001,2-3-4-1-0,TRUE,0.0,0.0,0.0,STRUCTURALLY UNSTABLE,STRUCTURALLY UNSTABLE,EXECUTABLE
LSTM_REFERENCE,Electricity,T60,42,123,72,24,2-3-4-1-0,0.3554120218982143,0.0996239030505641,0.5389419825250001,2-3-4-1-0,TRUE,0.0,0.0,0.0,STRUCTURALLY UNSTABLE,STRUCTURALLY UNSTABLE,EXECUTABLE
LSTM_REFERENCE,Electricity,T60,42,123,48,16,0-3-4-1-2,0.5723837208267858,0.0996239030505641,0.32197028359642865,2-3-4-1-0,FALSE,0.2169716989285715,0.0,-0.2169716989285715,STRUCTURALLY UNSTABLE,STRUCTURALLY UNSTABLE,EXECUTABLE
LSTM_REFERENCE,Electricity,T60,42,2025,96,32,0-4-1-3-2,0.4234883368517857,0.29638887411583253,0.30957279771428575,0-4-1-3-2,TRUE,0.0,0.0,0.0,STRUCTURALLY UNSTABLE,STRUCTURALLY UNSTABLE,EXECUTABLE
LSTM_REFERENCE,Electricity,T60,42,2025,72,24,3-4-1-2-0,0.4615405081732143,0.29638887411583253,0.2715206263928572,0-4-1-3-2,FALSE,0.038052171321428574,0.0,-0.038052171321428574,STRUCTURALLY UNSTABLE,STRUCTURALLY UNSTABLE,EXECUTABLE
LSTM_REFERENCE,Electricity,T60,42,2025,48,16,0-4-1-3-2,0.4234883368517857,0.29638887411583253,0.30957279771428575,0-4-1-3-2,TRUE,0.0,0.0,0.0,STRUCTURALLY UNSTABLE,STRUCTURALLY UNSTABLE,EXECUTABLE
LSTM_REFERENCE,Electricity,T60,123,2025,96,32,0-2-3-4-1,0.5702982951071428,0.14944383119639976,0.24643989982142855,0-2-3-4-1,TRUE,0.0,0.0,0.0,STRUCTURALLY UNSTABLE,STRUCTURALLY UNSTABLE,EXECUTABLE
LSTM_REFERENCE,Electricity,T60,123,2025,72,24,0-2-3-4-1,0.5702982951071428,0.14944383119639976,0.24643989982142855,0-2-3-4-1,TRUE,0.0,0.0,0.0,STRUCTURALLY UNSTABLE,STRUCTURALLY UNSTABLE,EXECUTABLE
LSTM_REFERENCE,Electricity,T60,123,2025,48,16,0-2-3-4-1,0.5702982951071428,0.14944383119639976,0.24643989982142855,0-2-3-4-1,TRUE,0.0,0.0,0.0,STRUCTURALLY UNSTABLE,STRUCTURALLY UNSTABLE,EXECUTABLE
LSTM_REFERENCE,Electricity,T321,42,123,96,32,0-1-4-2-3,0.5512830637857143,-0.003352891869237205,0.06048398485714279,0-1-4-2-3,TRUE,0.0,0.0,0.0,STRUCTURALLY UNSTABLE,STRUCTURALLY UNSTABLE,EXECUTABLE
LSTM_REFERENCE,Electricity,T321,42,123,72,24,0-1-4-2-3,0.5512830637857143,-0.003352891869237205,0.06048398485714279,0-1-4-2-3,TRUE,0.0,0.0,0.0,STRUCTURALLY UNSTABLE,STRUCTURALLY UNSTABLE,EXECUTABLE
LSTM_REFERENCE,Electricity,T321,42,123,48,16,0-1-4-2-3,0.5512830637857143,-0.003352891869237205,0.06048398485714279,0-1-4-2-3,TRUE,0.0,0.0,0.0,STRUCTURALLY UNSTABLE,STRUCTURALLY UNSTABLE,EXECUTABLE
LSTM_REFERENCE,Electricity,T321,42,2025,96,32,0-4-2-3-1,0.45755316208214275,0.17130044843049333,0.21979563628571447,0-4-2-3-1,TRUE,0.0,0.0,0.0,STRUCTURALLY UNSTABLE,STRUCTURALLY UNSTABLE,EXECUTABLE
LSTM_REFERENCE,Electricity,T321,42,2025,72,24,0-4-2-3-1,0.45755316208214275,0.17130044843049333,0.21979563628571447,0-4-2-3-1,TRUE,0.0,0.0,0.0,STRUCTURALLY UNSTABLE,STRUCTURALLY UNSTABLE,EXECUTABLE
LSTM_REFERENCE,Electricity,T321,42,2025,48,16,0-4-2-3-1,0.45755316208214275,0.17130044843049333,0.21979563628571447,0-4-2-3-1,TRUE,0.0,0.0,0.0,STRUCTURALLY UNSTABLE,STRUCTURALLY UNSTABLE,EXECUTABLE
LSTM_REFERENCE,Electricity,T321,123,2025,96,32,0-4-1-3-2,0.4370033798107143,0.0748129675810474,0.11124934275714277,0-4-1-3-2,TRUE,0.0,0.0,0.0,STRUCTURALLY UNSTABLE,STRUCTURALLY UNSTABLE,EXECUTABLE
LSTM_REFERENCE,Electricity,T321,123,2025,72,24,0-4-1-3-2,0.4370033798107143,0.0748129675810474,0.11124934275714277,0-4-1-3-2,TRUE,0.0,0.0,0.0,STRUCTURALLY UNSTABLE,STRUCTURALLY UNSTABLE,EXECUTABLE
LSTM_REFERENCE,Electricity,T321,123,2025,48,16,0-1-2-3-4,0.5482527225678571,0.0748129675810474,0.0,0-4-1-3-2,FALSE,0.11124934275714277,0.0,-0.11124934275714277,STRUCTURALLY UNSTABLE,STRUCTURALLY UNSTABLE,EXECUTABLE
LSTM_REFERENCE,Electricity,T237,42,123,96,32,4-3-1-0-2,0.48908813576785715,1.0,0.13876037307142852,4-3-1-0-2,TRUE,0.0,0.0,0.0,SOFT-REPARAMETERISED,SOFT-REPARAMETERISED,EXECUTABLE
LSTM_REFERENCE,Electricity,T237,42,123,72,24,4-2-1-0-3,0.48908813576785715,1.0,0.13876037307142852,4-3-1-0-2,FALSE,0.0,0.0,0.0,SOFT-REPARAMETERISED,SOFT-REPARAMETERISED,EXECUTABLE
LSTM_REFERENCE,Electricity,T237,42,123,48,16,4-2-1-0-3,0.48908813576785715,1.0,0.13876037307142852,4-3-1-0-2,FALSE,0.0,0.0,0.0,SOFT-REPARAMETERISED,SOFT-REPARAMETERISED,EXECUTABLE
LSTM_REFERENCE,Electricity,T237,42,2025,96,32,0-3-1-2-4,0.30933189630357144,1.0,0.3734850528214286,0-3-1-2-4,TRUE,0.0,0.0,0.0,SOFT-REPARAMETERISED,SOFT-REPARAMETERISED,EXECUTABLE
LSTM_REFERENCE,Electricity,T237,42,2025,72,24,0-3-1-2-4,0.30933189630357144,1.0,0.3734850528214286,0-3-1-2-4,TRUE,0.0,0.0,0.0,SOFT-REPARAMETERISED,SOFT-REPARAMETERISED,EXECUTABLE
LSTM_REFERENCE,Electricity,T237,42,2025,48,16,0-3-1-2-4,0.30933189630357144,1.0,0.3734850528214286,0-3-1-2-4,TRUE,0.0,0.0,0.0,SOFT-REPARAMETERISED,SOFT-REPARAMETERISED,EXECUTABLE
LSTM_REFERENCE,Electricity,T237,123,2025,96,32,2-4-1-3-0,0.5501020744285714,1.0,-0.0004210217857142373,2-4-1-3-0,TRUE,0.0,0.0,0.0,SOFT-REPARAMETERISED,SOFT-REPARAMETERISED,EXECUTABLE
LSTM_REFERENCE,Electricity,T237,123,2025,72,24,2-3-1-0-4,0.46168341914285715,1.0,0.0879976335,2-4-1-3-0,FALSE,-0.08841865528571424,0.0,0.08841865528571424,SOFT-REPARAMETERISED,SOFT-REPARAMETERISED,EXECUTABLE
LSTM_REFERENCE,Electricity,T237,123,2025,48,16,2-3-4-1-0,0.556382957,1.0,-0.006701904357142796,2-4-1-3-0,FALSE,0.006280882571428559,0.0,-0.006280882571428559,SOFT-REPARAMETERISED,SOFT-REPARAMETERISED,EXECUTABLE
LSTM_REFERENCE,Electricity,T134,42,123,96,32,0-3-4-1-2,0.5091081747357143,0.5189170426935091,0.04780463935000001,0-3-4-1-2,TRUE,0.0,0.0,0.0,STRUCTURALLY UNSTABLE,STRUCTURALLY UNSTABLE,EXECUTABLE
LSTM_REFERENCE,Electricity,T134,42,123,72,24,0-3-4-1-2,0.5091081747357143,0.5189170426935091,0.04780463935000001,0-3-4-1-2,TRUE,0.0,0.0,0.0,STRUCTURALLY UNSTABLE,STRUCTURALLY UNSTABLE,EXECUTABLE
LSTM_REFERENCE,Electricity,T134,42,123,48,16,0-3-4-1-2,0.5091081747357143,0.5189170426935091,0.04780463935000001,0-3-4-1-2,TRUE,0.0,0.0,0.0,STRUCTURALLY UNSTABLE,STRUCTURALLY UNSTABLE,EXECUTABLE
LSTM_REFERENCE,Electricity,T134,42,2025,96,32,3-4-0-1-2,0.45592334374107146,0.25245187068652375,0.19216354201071417,3-4-0-1-2,TRUE,0.0,0.0,0.0,STRUCTURALLY UNSTABLE,STRUCTURALLY UNSTABLE,EXECUTABLE
LSTM_REFERENCE,Electricity,T134,42,2025,72,24,3-4-0-1-2,0.45592334374107146,0.25245187068652375,0.19216354201071417,3-4-0-1-2,TRUE,0.0,0.0,0.0,STRUCTURALLY UNSTABLE,STRUCTURALLY UNSTABLE,EXECUTABLE
LSTM_REFERENCE,Electricity,T134,42,2025,48,16,3-4-0-1-2,0.45592334374107146,0.25245187068652375,0.19216354201071417,3-4-0-1-2,TRUE,0.0,0.0,0.0,STRUCTURALLY UNSTABLE,STRUCTURALLY UNSTABLE,EXECUTABLE
LSTM_REFERENCE,Electricity,T134,123,2025,96,32,3-1-2-4-0,0.4565603282732142,0.2155397833395592,0.1974557034285715,3-1-2-4-0,TRUE,0.0,0.0,0.0,STRUCTURALLY UNSTABLE,STRUCTURALLY UNSTABLE,EXECUTABLE
LSTM_REFERENCE,Electricity,T134,123,2025,72,24,3-1-2-4-0,0.4565603282732142,0.2155397833395592,0.1974557034285715,3-1-2-4-0,TRUE,0.0,0.0,0.0,STRUCTURALLY UNSTABLE,STRUCTURALLY UNSTABLE,EXECUTABLE
LSTM_REFERENCE,Electricity,T134,123,2025,48,16,3-1-2-4-0,0.4565603282732142,0.2155397833395592,0.1974557034285715,3-1-2-4-0,TRUE,0.0,0.0,0.0,STRUCTURALLY UNSTABLE,STRUCTURALLY UNSTABLE,EXECUTABLE
LSTM_REFERENCE,Dengue,Kaohsiung City,42,123,96,32,2-3-4-1-0,0.7414508104571429,-0.17895979094664088,0.06997399215714273,2-3-4-1-0,TRUE,0.0,0.0,0.0,STRUCTURALLY UNSTABLE,STRUCTURALLY UNSTABLE,EXECUTABLE
LSTM_REFERENCE,Dengue,Kaohsiung City,42,123,72,24,2-3-4-1-0,0.7414508104571429,-0.17895979094664088,0.06997399215714273,2-3-4-1-0,TRUE,0.0,0.0,0.0,STRUCTURALLY UNSTABLE,STRUCTURALLY UNSTABLE,EXECUTABLE
LSTM_REFERENCE,Dengue,Kaohsiung City,42,123,48,16,2-3-4-1-0,0.7414508104571429,-0.17895979094664088,0.06997399215714273,2-3-4-1-0,TRUE,0.0,0.0,0.0,STRUCTURALLY UNSTABLE,STRUCTURALLY UNSTABLE,EXECUTABLE
LSTM_REFERENCE,Dengue,Kaohsiung City,42,2025,96,32,3-2-4-1-0,0.6272673003571428,0.13051714339837084,0.1840521898928571,3-2-4-1-0,TRUE,0.0,0.0,0.0,STRUCTURALLY UNSTABLE,STRUCTURALLY UNSTABLE,EXECUTABLE
LSTM_REFERENCE,Dengue,Kaohsiung City,42,2025,72,24,1-2-4-3-0,0.5867671911785715,0.13051714339837084,0.22455229907142849,3-2-4-1-0,FALSE,-0.040500109178571386,0.0,0.040500109178571386,STRUCTURALLY UNSTABLE,STRUCTURALLY UNSTABLE,EXECUTABLE
LSTM_REFERENCE,Dengue,Kaohsiung City,42,2025,48,16,2-3-4-1-0,0.5639217921428572,0.13051714339837084,0.24739769810714274,3-2-4-1-0,FALSE,-0.06334550821428564,0.0,0.06334550821428564,STRUCTURALLY UNSTABLE,STRUCTURALLY UNSTABLE,EXECUTABLE
LSTM_REFERENCE,Dengue,Kaohsiung City,123,2025,96,32,0-4-2-1-3,0.5911819936035715,0.06697728596389048,0.0606844202607143,0-4-2-1-3,TRUE,0.0,0.0,0.0,STRUCTURALLY UNSTABLE,STRUCTURALLY UNSTABLE,EXECUTABLE
LSTM_REFERENCE,Dengue,Kaohsiung City,123,2025,72,24,0-4-1-3-2,0.5699567900785715,0.06697728596389048,0.08190962378571431,0-4-2-1-3,FALSE,-0.021225203525000014,0.0,0.021225203525000014,STRUCTURALLY UNSTABLE,STRUCTURALLY UNSTABLE,EXECUTABLE
LSTM_REFERENCE,Dengue,Kaohsiung City,123,2025,48,16,0-4-2-1-3,0.5911819936035715,0.06697728596389048,0.0606844202607143,0-4-2-1-3,TRUE,0.0,0.0,0.0,STRUCTURALLY UNSTABLE,STRUCTURALLY UNSTABLE,EXECUTABLE
LSTM_REFERENCE,Dengue,New Taipei City,42,123,96,32,0-4-1-3-2,0.7892693879464286,0.0,0.20622032785714273,0-4-1-3-2,TRUE,0.0,0.0,0.0,STRUCTURALLY UNSTABLE,STRUCTURALLY UNSTABLE,EXECUTABLE
LSTM_REFERENCE,Dengue,New Taipei City,42,123,72,24,0-3-1-2-4,0.7937796758035714,0.0,0.20171003999999992,0-4-1-3-2,FALSE,0.004510287857142803,0.0,-0.004510287857142803,STRUCTURALLY UNSTABLE,STRUCTURALLY UNSTABLE,EXECUTABLE
LSTM_REFERENCE,Dengue,New Taipei City,42,123,48,16,0-3-4-2-1,0.9358958488392858,0.0,0.05959386696428559,0-4-1-3-2,FALSE,0.14662646089285714,0.0,-0.14662646089285714,STRUCTURALLY UNSTABLE,STRUCTURALLY UNSTABLE,EXECUTABLE
LSTM_REFERENCE,Dengue,New Taipei City,42,2025,96,32,0-3-4-1-2,0.7696842194285713,0.0,0.20290285792857166,0-3-4-1-2,TRUE,0.0,0.0,0.0,STRUCTURALLY UNSTABLE,STRUCTURALLY UNSTABLE,EXECUTABLE
LSTM_REFERENCE,Dengue,New Taipei City,42,2025,72,24,0-3-4-1-2,0.7696842194285713,0.0,0.20290285792857166,0-3-4-1-2,TRUE,0.0,0.0,0.0,STRUCTURALLY UNSTABLE,STRUCTURALLY UNSTABLE,EXECUTABLE
LSTM_REFERENCE,Dengue,New Taipei City,42,2025,48,16,0-1-4-2-3,0.7696842194285713,0.0,0.20290285792857166,0-3-4-1-2,FALSE,0.0,0.0,0.0,STRUCTURALLY UNSTABLE,STRUCTURALLY UNSTABLE,EXECUTABLE
LSTM_REFERENCE,Dengue,New Taipei City,123,2025,96,32,0-3-2-1-4,0.9084829219107142,0.0,0.02741292457142852,0-3-2-1-4,TRUE,0.0,0.0,0.0,STRUCTURALLY UNSTABLE,STRUCTURALLY UNSTABLE,EXECUTABLE
LSTM_REFERENCE,Dengue,New Taipei City,123,2025,72,24,0-3-2-1-4,0.9084829219107142,0.0,0.02741292457142852,0-3-2-1-4,TRUE,0.0,0.0,0.0,STRUCTURALLY UNSTABLE,STRUCTURALLY UNSTABLE,EXECUTABLE
LSTM_REFERENCE,Dengue,New Taipei City,123,2025,48,16,0-3-2-1-4,0.9084829219107142,0.0,0.02741292457142852,0-3-2-1-4,TRUE,0.0,0.0,0.0,STRUCTURALLY UNSTABLE,STRUCTURALLY UNSTABLE,EXECUTABLE
LSTM_REFERENCE,Dengue,Pingtung County,42,123,96,32,2-3-4-1-0,0.4588218732857143,0.12969673850848754,0.5056683553571428,2-3-4-1-0,TRUE,0.0,0.0,0.0,STRUCTURALLY UNSTABLE,STRUCTURALLY UNSTABLE,EXECUTABLE
LSTM_REFERENCE,Dengue,Pingtung County,42,123,72,24,3-2-4-1-0,0.4564613079285714,0.12969673850848754,0.5080289207142857,2-3-4-1-0,FALSE,-0.002360565357142852,0.0,0.0023605653571429075,STRUCTURALLY UNSTABLE,STRUCTURALLY UNSTABLE,EXECUTABLE
LSTM_REFERENCE,Dengue,Pingtung County,42,123,48,16,3-2-4-1-0,0.4564613079285714,0.12969673850848754,0.5080289207142857,2-3-4-1-0,FALSE,-0.002360565357142852,0.0,0.0023605653571429075,STRUCTURALLY UNSTABLE,STRUCTURALLY UNSTABLE,EXECUTABLE
LSTM_REFERENCE,Dengue,Pingtung County,42,2025,96,32,3-2-4-1-0,0.5606899188392858,0.11055354774966841,0.3702097015000001,3-2-4-1-0,TRUE,0.0,0.0,0.0,STRUCTURALLY UNSTABLE,STRUCTURALLY UNSTABLE,EXECUTABLE
LSTM_REFERENCE,Dengue,Pingtung County,42,2025,72,24,3-2-4-1-0,0.5606899188392858,0.11055354774966841,0.3702097015000001,3-2-4-1-0,TRUE,0.0,0.0,0.0,STRUCTURALLY UNSTABLE,STRUCTURALLY UNSTABLE,EXECUTABLE
LSTM_REFERENCE,Dengue,Pingtung County,42,2025,48,16,3-2-4-1-0,0.5606899188392858,0.11055354774966841,0.3702097015000001,3-2-4-1-0,TRUE,0.0,0.0,0.0,STRUCTURALLY UNSTABLE,STRUCTURALLY UNSTABLE,EXECUTABLE
LSTM_REFERENCE,Dengue,Pingtung County,123,2025,96,32,0-4-2-1-3,0.37170509726785717,0.13996138996138988,0.48836444014285707,0-4-2-1-3,TRUE,0.0,0.0,0.0,STRUCTURALLY UNSTABLE,STRUCTURALLY UNSTABLE,EXECUTABLE
LSTM_REFERENCE,Dengue,Pingtung County,123,2025,72,24,0-4-2-1-3,0.37170509726785717,0.13996138996138988,0.48836444014285707,0-4-2-1-3,TRUE,0.0,0.0,0.0,STRUCTURALLY UNSTABLE,STRUCTURALLY UNSTABLE,EXECUTABLE
LSTM_REFERENCE,Dengue,Pingtung County,123,2025,48,16,0-4-2-1-3,0.37170509726785717,0.13996138996138988,0.48836444014285707,0-4-2-1-3,TRUE,0.0,0.0,0.0,STRUCTURALLY UNSTABLE,STRUCTURALLY UNSTABLE,EXECUTABLE
LSTM_REFERENCE,Dengue,Taichung City,42,123,96,32,0-3-4-1-2,0.36117805694285715,0.8892238131122834,0.5193247261607146,0-3-4-1-2,TRUE,0.0,0.0,0.0,SOFT-REPARAMETERISED,SOFT-REPARAMETERISED,EXECUTABLE
LSTM_REFERENCE,Dengue,Taichung City,42,123,72,24,0-3-4-1-2,0.36117805694285715,0.8892238131122834,0.5193247261607146,0-3-4-1-2,TRUE,0.0,0.0,0.0,SOFT-REPARAMETERISED,SOFT-REPARAMETERISED,EXECUTABLE
LSTM_REFERENCE,Dengue,Taichung City,42,123,48,16,0-3-4-1-2,0.36117805694285715,0.8892238131122834,0.5193247261607146,0-3-4-1-2,TRUE,0.0,0.0,0.0,SOFT-REPARAMETERISED,SOFT-REPARAMETERISED,EXECUTABLE
LSTM_REFERENCE,Dengue,Taichung City,42,2025,96,32,0-1-3-4-2,0.3505936169625,0.7228426395939086,0.5400422255357145,0-1-3-4-2,TRUE,0.0,0.0,0.0,STRUCTURALLY UNSTABLE,STRUCTURALLY UNSTABLE,EXECUTABLE
LSTM_REFERENCE,Dengue,Taichung City,42,2025,72,24,0-2-4-1-3,0.6637075830053571,0.7228426395939086,0.22692825949285733,0-1-3-4-2,FALSE,0.31311396604285713,0.0,-0.31311396604285713,STRUCTURALLY UNSTABLE,STRUCTURALLY UNSTABLE,EXECUTABLE
LSTM_REFERENCE,Dengue,Taichung City,42,2025,48,16,0-3-4-1-2,0.6237594779339286,0.7228426395939086,0.2668763645642859,0-1-3-4-2,FALSE,0.2731658609714286,0.0,-0.2731658609714286,STRUCTURALLY UNSTABLE,STRUCTURALLY UNSTABLE,EXECUTABLE
LSTM_REFERENCE,Dengue,Taichung City,123,2025,96,32,0-4-2-1-3,0.4410111939553571,0.7642019462696499,0.08137782285714296,0-4-2-1-3,TRUE,0.0,0.0,0.0,SOFT-REPARAMETERISED,SOFT-REPARAMETERISED,EXECUTABLE
LSTM_REFERENCE,Dengue,Taichung City,123,2025,72,24,0-4-2-1-3,0.4410111939553571,0.7642019462696499,0.08137782285714296,0-4-2-1-3,TRUE,0.0,0.0,0.0,SOFT-REPARAMETERISED,SOFT-REPARAMETERISED,EXECUTABLE
LSTM_REFERENCE,Dengue,Taichung City,123,2025,48,16,0-4-2-1-3,0.4410111939553571,0.7642019462696499,0.08137782285714296,0-4-2-1-3,TRUE,0.0,0.0,0.0,SOFT-REPARAMETERISED,SOFT-REPARAMETERISED,EXECUTABLE
LSTM_REFERENCE,Dengue,Tainan City,42,123,96,32,2-3-4-1-0,0.37684359851785715,0.2937579617834395,0.5057998529285714,2-3-4-1-0,TRUE,0.0,0.0,0.0,STRUCTURALLY UNSTABLE,STRUCTURALLY UNSTABLE,EXECUTABLE
LSTM_REFERENCE,Dengue,Tainan City,42,123,72,24,2-3-4-1-0,0.37684359851785715,0.2937579617834395,0.5057998529285714,2-3-4-1-0,TRUE,0.0,0.0,0.0,STRUCTURALLY UNSTABLE,STRUCTURALLY UNSTABLE,EXECUTABLE
LSTM_REFERENCE,Dengue,Tainan City,42,123,48,16,2-3-4-1-0,0.37684359851785715,0.2937579617834395,0.5057998529285714,2-3-4-1-0,TRUE,0.0,0.0,0.0,STRUCTURALLY UNSTABLE,STRUCTURALLY UNSTABLE,EXECUTABLE
LSTM_REFERENCE,Dengue,Tainan City,42,2025,96,32,1-3-0-4-2,0.5444561763089286,0.0,0.39958588577499976,1-3-0-4-2,TRUE,0.0,0.0,0.0,STRUCTURALLY UNSTABLE,STRUCTURALLY UNSTABLE,EXECUTABLE
LSTM_REFERENCE,Dengue,Tainan City,42,2025,72,24,1-2-4-3-0,0.48021026172678566,0.0,0.4638318003571427,1-3-0-4-2,FALSE,-0.06424591458214296,0.0,0.06424591458214296,STRUCTURALLY UNSTABLE,STRUCTURALLY UNSTABLE,EXECUTABLE
LSTM_REFERENCE,Dengue,Tainan City,42,2025,48,16,1-3-0-4-2,0.5444561763089286,0.0,0.39958588577499976,1-3-0-4-2,TRUE,0.0,0.0,0.0,STRUCTURALLY UNSTABLE,STRUCTURALLY UNSTABLE,EXECUTABLE
LSTM_REFERENCE,Dengue,Tainan City,123,2025,96,32,0-4-1-3-2,0.44357157663749996,0.0,0.3033540028214288,0-4-1-3-2,TRUE,0.0,0.0,0.0,STRUCTURALLY UNSTABLE,STRUCTURALLY UNSTABLE,EXECUTABLE
LSTM_REFERENCE,Dengue,Tainan City,123,2025,72,24,0-4-1-3-2,0.44357157663749996,0.0,0.3033540028214288,0-4-1-3-2,TRUE,0.0,0.0,0.0,STRUCTURALLY UNSTABLE,STRUCTURALLY UNSTABLE,EXECUTABLE
LSTM_REFERENCE,Dengue,Tainan City,123,2025,48,16,0-4-3-1-2,0.48116214257678563,0.0,0.26576343688214316,0-4-1-3-2,FALSE,0.03759056593928567,0.0,-0.03759056593928567,STRUCTURALLY UNSTABLE,STRUCTURALLY UNSTABLE,EXECUTABLE
LSTM_REFERENCE,Dengue,Taipei City,42,123,96,32,0-3-4-1-2,0.2699093950089286,0.10381831794359864,0.6596040055357144,0-3-4-1-2,TRUE,0.0,0.0,0.0,STRUCTURALLY UNSTABLE,STRUCTURALLY UNSTABLE,EXECUTABLE
LSTM_REFERENCE,Dengue,Taipei City,42,123,72,24,0-2-1-3-4,0.6849735101339285,0.10381831794359864,0.24453989041071456,0-3-4-1-2,FALSE,0.4150641151249999,0.0,-0.41506411512499986,STRUCTURALLY UNSTABLE,STRUCTURALLY UNSTABLE,EXECUTABLE
LSTM_REFERENCE,Dengue,Taipei City,42,123,48,16,0-2-1-3-4,0.6849735101339285,0.10381831794359864,0.24453989041071456,0-3-4-1-2,FALSE,0.4150641151249999,0.0,-0.41506411512499986,STRUCTURALLY UNSTABLE,STRUCTURALLY UNSTABLE,EXECUTABLE
LSTM_REFERENCE,Dengue,Taipei City,42,2025,96,32,0-2-4-1-3,0.6094525624821429,0.10381831794359864,0.2286643546785717,0-2-4-1-3,TRUE,0.0,0.0,0.0,STRUCTURALLY UNSTABLE,STRUCTURALLY UNSTABLE,EXECUTABLE
LSTM_REFERENCE,Dengue,Taipei City,42,2025,72,24,0-2-4-1-3,0.6094525624821429,0.10381831794359864,0.2286643546785717,0-2-4-1-3,TRUE,0.0,0.0,0.0,STRUCTURALLY UNSTABLE,STRUCTURALLY UNSTABLE,EXECUTABLE
LSTM_REFERENCE,Dengue,Taipei City,42,2025,48,16,0-2-4-1-3,0.6094525624821429,0.10381831794359864,0.2286643546785717,0-2-4-1-3,TRUE,0.0,0.0,0.0,STRUCTURALLY UNSTABLE,STRUCTURALLY UNSTABLE,EXECUTABLE
LSTM_REFERENCE,Dengue,Taipei City,123,2025,96,32,0-3-2-1-4,0.7095929621517856,-0.0978217821782178,0.005998812160714406,0-3-2-1-4,TRUE,0.0,0.0,0.0,STRUCTURALLY UNSTABLE,STRUCTURALLY UNSTABLE,EXECUTABLE
LSTM_REFERENCE,Dengue,Taipei City,123,2025,72,24,0-3-2-1-4,0.7095929621517856,-0.0978217821782178,0.005998812160714406,0-3-2-1-4,TRUE,0.0,0.0,0.0,STRUCTURALLY UNSTABLE,STRUCTURALLY UNSTABLE,EXECUTABLE
LSTM_REFERENCE,Dengue,Taipei City,123,2025,48,16,0-3-2-1-4,0.7095929621517856,-0.0978217821782178,0.005998812160714406,0-3-2-1-4,TRUE,0.0,0.0,0.0,STRUCTURALLY UNSTABLE,STRUCTURALLY UNSTABLE,EXECUTABLE
LSTM_REFERENCE,Dengue,Yunlin County,42,123,96,32,2-3-4-1-0,0.261916108,0.8415182938759538,0.7066581266071429,2-3-4-1-0,TRUE,0.0,0.0,0.0,SOFT-REPARAMETERISED,SOFT-REPARAMETERISED,EXECUTABLE
LSTM_REFERENCE,Dengue,Yunlin County,42,123,72,24,2-3-4-1-0,0.261916108,0.8415182938759538,0.7066581266071429,2-3-4-1-0,TRUE,0.0,0.0,0.0,SOFT-REPARAMETERISED,SOFT-REPARAMETERISED,EXECUTABLE
LSTM_REFERENCE,Dengue,Yunlin County,42,123,48,16,2-1-4-3-0,0.5561551192499999,0.8415182938759538,0.41241911535714293,2-3-4-1-0,FALSE,0.29423901124999996,0.0,-0.29423901124999996,SOFT-REPARAMETERISED,SOFT-REPARAMETERISED,EXECUTABLE
LSTM_REFERENCE,Dengue,Yunlin County,42,2025,96,32,3-2-4-1-0,0.5275689323392857,-0.03714647530603632,0.33568650353571416,3-2-4-1-0,TRUE,0.0,0.0,0.0,STRUCTURALLY UNSTABLE,STRUCTURALLY UNSTABLE,EXECUTABLE
LSTM_REFERENCE,Dengue,Yunlin County,42,2025,72,24,3-2-4-1-0,0.5275689323392857,-0.03714647530603632,0.33568650353571416,3-2-4-1-0,TRUE,0.0,0.0,0.0,STRUCTURALLY UNSTABLE,STRUCTURALLY UNSTABLE,EXECUTABLE
LSTM_REFERENCE,Dengue,Yunlin County,42,2025,48,16,3-2-4-1-0,0.5275689323392857,-0.03714647530603632,0.33568650353571416,3-2-4-1-0,TRUE,0.0,0.0,0.0,STRUCTURALLY UNSTABLE,STRUCTURALLY UNSTABLE,EXECUTABLE
LSTM_REFERENCE,Dengue,Yunlin County,123,2025,96,32,0-3-1-2-4,0.5616162287321429,-0.030684931506849346,-0.0024569280000000804,0-3-1-2-4,TRUE,0.0,0.0,0.0,STRUCTURALLY UNSTABLE,STRUCTURALLY UNSTABLE,EXECUTABLE
LSTM_REFERENCE,Dengue,Yunlin County,123,2025,72,24,0-3-1-2-4,0.5616162287321429,-0.030684931506849346,-0.0024569280000000804,0-3-1-2-4,TRUE,0.0,0.0,0.0,STRUCTURALLY UNSTABLE,STRUCTURALLY UNSTABLE,EXECUTABLE
LSTM_REFERENCE,Dengue,Yunlin County,123,2025,48,16,0-4-1-2-3,0.4646286565892857,-0.030684931506849346,0.09453064414285711,0-3-1-2-4,FALSE,-0.09698757214285719,0.0,0.09698757214285719,STRUCTURALLY UNSTABLE,STRUCTURALLY UNSTABLE,EXECUTABLE
GRU_CONTROLLED_ALTERNATIVE,WHO,Australia,42,123,96,32,0-2-4-1-3,0.5415980323571429,0.3189189189189189,0.153363647142857,0-2-4-1-3,TRUE,0.0,0.0,0.0,STRUCTURALLY UNSTABLE,STRUCTURALLY UNSTABLE,EXECUTABLE
GRU_CONTROLLED_ALTERNATIVE,WHO,Australia,42,123,72,24,0-1-4-2-3,0.5415980323571429,0.3189189189189189,0.153363647142857,0-2-4-1-3,FALSE,0.0,0.0,0.0,STRUCTURALLY UNSTABLE,STRUCTURALLY UNSTABLE,EXECUTABLE
GRU_CONTROLLED_ALTERNATIVE,WHO,Australia,42,123,48,16,0-2-4-1-3,0.5415980323571429,0.3189189189189189,0.153363647142857,0-2-4-1-3,TRUE,0.0,0.0,0.0,STRUCTURALLY UNSTABLE,STRUCTURALLY UNSTABLE,EXECUTABLE
GRU_CONTROLLED_ALTERNATIVE,WHO,Australia,42,2025,96,32,0-3-4-1-2,0.41511745807142864,0.3189189189189189,0.20881732142857123,0-3-4-1-2,TRUE,0.0,0.0,0.0,STRUCTURALLY UNSTABLE,STRUCTURALLY UNSTABLE,EXECUTABLE
GRU_CONTROLLED_ALTERNATIVE,WHO,Australia,42,2025,72,24,0-3-4-1-2,0.41511745807142864,0.3189189189189189,0.20881732142857123,0-3-4-1-2,TRUE,0.0,0.0,0.0,STRUCTURALLY UNSTABLE,STRUCTURALLY UNSTABLE,EXECUTABLE
GRU_CONTROLLED_ALTERNATIVE,WHO,Australia,42,2025,48,16,0-2-4-3-1,0.39663462807142863,0.3189189189189189,0.22730015142857124,0-3-4-1-2,FALSE,-0.018482830000000006,0.0,0.018482830000000006,STRUCTURALLY UNSTABLE,STRUCTURALLY UNSTABLE,EXECUTABLE
GRU_CONTROLLED_ALTERNATIVE,WHO,Australia,123,2025,96,32,0-3-2-1-4,0.1667561614285714,1.0,0.014640578571428586,0-3-2-1-4,TRUE,0.0,0.0,0.0,SOFT-REPARAMETERISED,SOFT-REPARAMETERISED,EXECUTABLE
GRU_CONTROLLED_ALTERNATIVE,WHO,Australia,123,2025,72,24,0-3-2-1-4,0.1667561614285714,1.0,0.014640578571428586,0-3-2-1-4,TRUE,0.0,0.0,0.0,SOFT-REPARAMETERISED,SOFT-REPARAMETERISED,EXECUTABLE
GRU_CONTROLLED_ALTERNATIVE,WHO,Australia,123,2025,48,16,0-2-3-1-4,0.16679644285714285,1.0,0.014600297142857127,0-3-2-1-4,FALSE,4.028142857145922e-05,0.0,-4.028142857145922e-05,SOFT-REPARAMETERISED,SOFT-REPARAMETERISED,EXECUTABLE
GRU_CONTROLLED_ALTERNATIVE,WHO,Austria,42,123,96,32,3-2-4-1-0,0.7172023957017857,0.08504705472289997,0.020796048428571634,3-2-4-1-0,TRUE,0.0,0.0,0.0,STRUCTURALLY UNSTABLE,STRUCTURALLY UNSTABLE,EXECUTABLE
GRU_CONTROLLED_ALTERNATIVE,WHO,Austria,42,123,72,24,3-0-4-2-1,0.6707634322017857,0.08504705472289997,0.06723501192857162,3-2-4-1-0,FALSE,-0.046438963499999986,0.0,0.046438963499999986,STRUCTURALLY UNSTABLE,STRUCTURALLY UNSTABLE,EXECUTABLE
GRU_CONTROLLED_ALTERNATIVE,WHO,Austria,42,123,48,16,1-0-3-2-4,0.6554473948339287,0.08504705472289997,0.08255104929642865,3-2-4-1-0,FALSE,-0.06175500086785701,0.0,0.06175500086785701,STRUCTURALLY UNSTABLE,STRUCTURALLY UNSTABLE,EXECUTABLE
GRU_CONTROLLED_ALTERNATIVE,WHO,Austria,42,2025,96,32,2-3-4-1-0,0.44357095227500004,0.039239580794540575,0.2944805061178571,2-3-4-1-0,TRUE,0.0,0.0,0.0,STRUCTURALLY UNSTABLE,STRUCTURALLY UNSTABLE,EXECUTABLE
GRU_CONTROLLED_ALTERNATIVE,WHO,Austria,42,2025,72,24,2-3-4-1-0,0.44357095227500004,0.039239580794540575,0.2944805061178571,2-3-4-1-0,TRUE,0.0,0.0,0.0,STRUCTURALLY UNSTABLE,STRUCTURALLY UNSTABLE,EXECUTABLE
GRU_CONTROLLED_ALTERNATIVE,WHO,Austria,42,2025,48,16,2-4-3-1-0,0.45515001332142857,0.039239580794540575,0.28290144507142856,2-3-4-1-0,FALSE,0.01157906104642853,0.0,-0.01157906104642853,STRUCTURALLY UNSTABLE,STRUCTURALLY UNSTABLE,EXECUTABLE
GRU_CONTROLLED_ALTERNATIVE,WHO,Austria,123,2025,96,32,4-1-3-2-0,0.5646609001660715,0.10065645514223195,0.09960747050000007,4-1-3-2-0,TRUE,0.0,0.0,0.0,STRUCTURALLY UNSTABLE,STRUCTURALLY UNSTABLE,EXECUTABLE
GRU_CONTROLLED_ALTERNATIVE,WHO,Austria,123,2025,72,24,4-1-3-2-0,0.5646609001660715,0.10065645514223195,0.09960747050000007,4-1-3-2-0,TRUE,0.0,0.0,0.0,STRUCTURALLY UNSTABLE,STRUCTURALLY UNSTABLE,EXECUTABLE
GRU_CONTROLLED_ALTERNATIVE,WHO,Austria,123,2025,48,16,3-1-0-2-4,0.6760486880482144,0.10065645514223195,-0.011780317382142802,4-1-3-2-0,FALSE,0.11138778788214287,0.0,-0.11138778788214287,STRUCTURALLY UNSTABLE,STRUCTURALLY UNSTABLE,EXECUTABLE
GRU_CONTROLLED_ALTERNATIVE,WHO,Bangladesh,42,123,96,32,1-0-4-2-3,0.7937056693214287,0.11293038586937049,-0.11648578307142876,1-0-4-2-3,TRUE,0.0,0.0,0.0,STRUCTURALLY UNSTABLE,STRUCTURALLY UNSTABLE,EXECUTABLE
GRU_CONTROLLED_ALTERNATIVE,WHO,Bangladesh,42,123,72,24,1-0-4-2-3,0.7937056693214287,0.11293038586937049,-0.11648578307142876,1-0-4-2-3,TRUE,0.0,0.0,0.0,STRUCTURALLY UNSTABLE,STRUCTURALLY UNSTABLE,EXECUTABLE
GRU_CONTROLLED_ALTERNATIVE,WHO,Bangladesh,42,123,48,16,1-0-4-2-3,0.7937056693214287,0.11293038586937049,-0.11648578307142876,1-0-4-2-3,TRUE,0.0,0.0,0.0,STRUCTURALLY UNSTABLE,STRUCTURALLY UNSTABLE,EXECUTABLE
GRU_CONTROLLED_ALTERNATIVE,WHO,Bangladesh,42,2025,96,32,2-4-0-3-1,0.5271885055892856,0.08255585774778809,0.11919812164285737,2-4-0-3-1,TRUE,0.0,0.0,0.0,STRUCTURALLY UNSTABLE,STRUCTURALLY UNSTABLE,EXECUTABLE
GRU_CONTROLLED_ALTERNATIVE,WHO,Bangladesh,42,2025,72,24,2-4-3-0-1,0.5413908589821429,0.08255585774778809,0.10499576825000012,2-4-0-3-1,FALSE,0.014202353392857248,0.0,-0.014202353392857248,STRUCTURALLY UNSTABLE,STRUCTURALLY UNSTABLE,EXECUTABLE
GRU_CONTROLLED_ALTERNATIVE,WHO,Bangladesh,42,2025,48,16,2-4-0-3-1,0.5271885055892856,0.08255585774778809,0.11919812164285737,2-4-0-3-1,TRUE,0.0,0.0,0.0,STRUCTURALLY UNSTABLE,STRUCTURALLY UNSTABLE,EXECUTABLE
GRU_CONTROLLED_ALTERNATIVE,WHO,Bangladesh,123,2025,96,32,4-2-0-1-3,0.5260098168392856,0.09152515661321461,0.24988262700000008,4-2-0-1-3,TRUE,0.0,0.0,0.0,STRUCTURALLY UNSTABLE,STRUCTURALLY UNSTABLE,EXECUTABLE
GRU_CONTROLLED_ALTERNATIVE,WHO,Bangladesh,123,2025,72,24,4-2-0-1-3,0.5260098168392856,0.09152515661321461,0.24988262700000008,4-2-0-1-3,TRUE,0.0,0.0,0.0,STRUCTURALLY UNSTABLE,STRUCTURALLY UNSTABLE,EXECUTABLE
GRU_CONTROLLED_ALTERNATIVE,WHO,Bangladesh,123,2025,48,16,4-2-0-1-3,0.5260098168392856,0.09152515661321461,0.24988262700000008,4-2-0-1-3,TRUE,0.0,0.0,0.0,STRUCTURALLY UNSTABLE,STRUCTURALLY UNSTABLE,EXECUTABLE
GRU_CONTROLLED_ALTERNATIVE,WHO,Bhutan,42,123,96,32,3-0-4-1-2,0.43244349760714285,0.20662598081952924,0.18539018717857136,3-0-4-1-2,TRUE,0.0,0.0,0.0,STRUCTURALLY UNSTABLE,STRUCTURALLY UNSTABLE,EXECUTABLE
GRU_CONTROLLED_ALTERNATIVE,WHO,Bhutan,42,123,72,24,3-2-4-1-0,0.38414704203571437,0.20662598081952924,0.23368664274999984,3-0-4-1-2,FALSE,-0.048296455571428476,0.0,0.048296455571428476,STRUCTURALLY UNSTABLE,STRUCTURALLY UNSTABLE,EXECUTABLE
GRU_CONTROLLED_ALTERNATIVE,WHO,Bhutan,42,123,48,16,3-4-2-1-0,0.38796252007142856,0.20662598081952924,0.22987116471428565,3-0-4-1-2,FALSE,-0.04448097753571428,0.0,0.04448097753571428,STRUCTURALLY UNSTABLE,STRUCTURALLY UNSTABLE,EXECUTABLE
GRU_CONTROLLED_ALTERNATIVE,WHO,Bhutan,42,2025,96,32,1-0-4-3-2,0.3862579335607143,0.14383954154727793,0.2978187664285716,1-0-4-3-2,TRUE,0.0,0.0,0.0,STRUCTURALLY UNSTABLE,STRUCTURALLY UNSTABLE,EXECUTABLE
GRU_CONTROLLED_ALTERNATIVE,WHO,Bhutan,42,2025,72,24,1-0-4-3-2,0.3862579335607143,0.14383954154727793,0.2978187664285716,1-0-4-3-2,TRUE,0.0,0.0,0.0,STRUCTURALLY UNSTABLE,STRUCTURALLY UNSTABLE,EXECUTABLE
GRU_CONTROLLED_ALTERNATIVE,WHO,Bhutan,42,2025,48,16,1-0-4-3-2,0.3862579335607143,0.14383954154727793,0.2978187664285716,1-0-4-3-2,TRUE,0.0,0.0,0.0,STRUCTURALLY UNSTABLE,STRUCTURALLY UNSTABLE,EXECUTABLE
GRU_CONTROLLED_ALTERNATIVE,WHO,Bhutan,123,2025,96,32,0-1-3-2-4,0.3784983009535714,0.13550600343053174,0.01310974692857142,0-1-3-2-4,TRUE,0.0,0.0,0.0,STRUCTURALLY UNSTABLE,STRUCTURALLY UNSTABLE,EXECUTABLE
GRU_CONTROLLED_ALTERNATIVE,WHO,Bhutan,123,2025,72,24,0-1-3-2-4,0.3784983009535714,0.13550600343053174,0.01310974692857142,0-1-3-2-4,TRUE,0.0,0.0,0.0,STRUCTURALLY UNSTABLE,STRUCTURALLY UNSTABLE,EXECUTABLE
GRU_CONTROLLED_ALTERNATIVE,WHO,Bhutan,123,2025,48,16,0-1-3-2-4,0.3784983009535714,0.13550600343053174,0.01310974692857142,0-1-3-2-4,TRUE,0.0,0.0,0.0,STRUCTURALLY UNSTABLE,STRUCTURALLY UNSTABLE,EXECUTABLE
GRU_CONTROLLED_ALTERNATIVE,WHO,Brunei Darussalam,42,123,96,32,2-3-4-1-0,0.48654519555000003,0.7189157336476134,0.00350664679285706,2-3-4-1-0,TRUE,0.0,0.0,0.0,STRUCTURALLY UNSTABLE,STRUCTURALLY UNSTABLE,EXECUTABLE
GRU_CONTROLLED_ALTERNATIVE,WHO,Brunei Darussalam,42,123,72,24,2-1-4-3-0,0.6145860944857143,0.7189157336476134,-0.12453425214285724,2-3-4-1-0,FALSE,0.1280408989357143,0.0,-0.1280408989357143,STRUCTURALLY UNSTABLE,STRUCTURALLY UNSTABLE,EXECUTABLE
GRU_CONTROLLED_ALTERNATIVE,WHO,Brunei Darussalam,42,123,48,16,2-1-4-3-0,0.6145860944857143,0.7189157336476134,-0.12453425214285724,2-3-4-1-0,FALSE,0.1280408989357143,0.0,-0.1280408989357143,STRUCTURALLY UNSTABLE,STRUCTURALLY UNSTABLE,EXECUTABLE
GRU_CONTROLLED_ALTERNATIVE,WHO,Brunei Darussalam,42,2025,96,32,1-0-2-4-3,0.6109394923928572,0.5269016697588126,-0.0161669583928572,1-0-2-4-3,TRUE,0.0,0.0,0.0,STRUCTURALLY UNSTABLE,STRUCTURALLY UNSTABLE,EXECUTABLE
GRU_CONTROLLED_ALTERNATIVE,WHO,Brunei Darussalam,42,2025,72,24,1-0-2-4-3,0.6109394923928572,0.5269016697588126,-0.0161669583928572,1-0-2-4-3,TRUE,0.0,0.0,0.0,STRUCTURALLY UNSTABLE,STRUCTURALLY UNSTABLE,EXECUTABLE
GRU_CONTROLLED_ALTERNATIVE,WHO,Brunei Darussalam,42,2025,48,16,1-3-2-4-0,0.5863719996785716,0.5269016697588126,0.008400534321428399,1-0-2-4-3,FALSE,-0.0245674927142856,0.0,0.0245674927142856,STRUCTURALLY UNSTABLE,STRUCTURALLY UNSTABLE,EXECUTABLE
GRU_CONTROLLED_ALTERNATIVE,WHO,Brunei Darussalam,123,2025,96,32,0-3-1-4-2,0.6311768414785713,0.6808510638297872,-0.09755607867857119,0-3-1-4-2,TRUE,0.0,0.0,0.0,STRUCTURALLY UNSTABLE,STRUCTURALLY UNSTABLE,EXECUTABLE
GRU_CONTROLLED_ALTERNATIVE,WHO,Brunei Darussalam,123,2025,72,24,0-3-1-4-2,0.6311768414785713,0.6808510638297872,-0.09755607867857119,0-3-1-4-2,TRUE,0.0,0.0,0.0,STRUCTURALLY UNSTABLE,STRUCTURALLY UNSTABLE,EXECUTABLE
GRU_CONTROLLED_ALTERNATIVE,WHO,Brunei Darussalam,123,2025,48,16,0-3-1-4-2,0.6311768414785713,0.6808510638297872,-0.09755607867857119,0-3-1-4-2,TRUE,0.0,0.0,0.0,STRUCTURALLY UNSTABLE,STRUCTURALLY UNSTABLE,EXECUTABLE
GRU_CONTROLLED_ALTERNATIVE,WHO,Cambodia,42,123,96,32,3-2-4-1-0,0.33547665188035714,0.267157813105855,0.5001893487499999,3-2-4-1-0,TRUE,0.0,0.0,0.0,STRUCTURALLY UNSTABLE,STRUCTURALLY UNSTABLE,EXECUTABLE
GRU_CONTROLLED_ALTERNATIVE,WHO,Cambodia,42,123,72,24,3-2-4-1-0,0.33547665188035714,0.267157813105855,0.5001893487499999,3-2-4-1-0,TRUE,0.0,0.0,0.0,STRUCTURALLY UNSTABLE,STRUCTURALLY UNSTABLE,EXECUTABLE
GRU_CONTROLLED_ALTERNATIVE,WHO,Cambodia,42,123,48,16,3-2-4-1-0,0.33547665188035714,0.267157813105855,0.5001893487499999,3-2-4-1-0,TRUE,0.0,0.0,0.0,STRUCTURALLY UNSTABLE,STRUCTURALLY UNSTABLE,EXECUTABLE
GRU_CONTROLLED_ALTERNATIVE,WHO,Cambodia,42,2025,96,32,1-2-4-3-0,0.5815032921032143,-0.09767943874797612,0.10678581842857138,1-2-4-3-0,TRUE,0.0,0.0,0.0,STRUCTURALLY UNSTABLE,STRUCTURALLY UNSTABLE,EXECUTABLE
GRU_CONTROLLED_ALTERNATIVE,WHO,Cambodia,42,2025,72,24,1-2-4-3-0,0.5815032921032143,-0.09767943874797612,0.10678581842857138,1-2-4-3-0,TRUE,0.0,0.0,0.0,STRUCTURALLY UNSTABLE,STRUCTURALLY UNSTABLE,EXECUTABLE
GRU_CONTROLLED_ALTERNATIVE,WHO,Cambodia,42,2025,48,16,1-2-3-4-0,0.43473599432535714,-0.09767943874797612,0.2535531162064285,1-2-4-3-0,FALSE,-0.14676729777785713,0.0,0.14676729777785713,STRUCTURALLY UNSTABLE,STRUCTURALLY UNSTABLE,EXECUTABLE
GRU_CONTROLLED_ALTERNATIVE,WHO,Cambodia,123,2025,96,32,0-3-2-1-4,0.6007710970800001,-0.1450290058011602,0.11403133427499967,0-3-2-1-4,TRUE,0.0,0.0,0.0,STRUCTURALLY UNSTABLE,STRUCTURALLY UNSTABLE,EXECUTABLE
GRU_CONTROLLED_ALTERNATIVE,WHO,Cambodia,123,2025,72,24,0-3-2-1-4,0.6007710970800001,-0.1450290058011602,0.11403133427499967,0-3-2-1-4,TRUE,0.0,0.0,0.0,STRUCTURALLY UNSTABLE,STRUCTURALLY UNSTABLE,EXECUTABLE
GRU_CONTROLLED_ALTERNATIVE,WHO,Cambodia,123,2025,48,16,0-3-2-1-4,0.6007710970800001,-0.1450290058011602,0.11403133427499967,0-3-2-1-4,TRUE,0.0,0.0,0.0,STRUCTURALLY UNSTABLE,STRUCTURALLY UNSTABLE,EXECUTABLE
GRU_CONTROLLED_ALTERNATIVE,WHO,China,42,123,96,32,2-0-4-3-1,0.5536021172875,0.04731422209852495,-0.03299538610714281,2-0-4-3-1,TRUE,0.0,0.0,0.0,STRUCTURALLY UNSTABLE,STRUCTURALLY UNSTABLE,EXECUTABLE
GRU_CONTROLLED_ALTERNATIVE,WHO,China,42,123,72,24,0-4-3-2-1,0.44487003066607134,0.04731422209852495,0.07573670051428583,2-0-4-3-1,FALSE,-0.10873208662142864,0.0,0.10873208662142864,STRUCTURALLY UNSTABLE,STRUCTURALLY UNSTABLE,EXECUTABLE
GRU_CONTROLLED_ALTERNATIVE,WHO,China,42,123,48,16,0-3-4-2-1,0.5271159952875,0.04731422209852495,-0.006509264107142809,2-0-4-3-1,FALSE,-0.026486122,0.0,0.026486122,STRUCTURALLY UNSTABLE,STRUCTURALLY UNSTABLE,EXECUTABLE
GRU_CONTROLLED_ALTERNATIVE,WHO,China,42,2025,96,32,3-4-0-2-1,0.5039974501785716,0.12946830880144183,0.047704919035714166,3-4-0-2-1,TRUE,0.0,0.0,0.0,STRUCTURALLY UNSTABLE,STRUCTURALLY UNSTABLE,EXECUTABLE
GRU_CONTROLLED_ALTERNATIVE,WHO,China,42,2025,72,24,2-3-0-1-4,0.5894772613928572,0.12946830880144183,-0.03777489217857144,3-4-0-2-1,FALSE,0.0854798112142856,0.0,-0.0854798112142856,STRUCTURALLY UNSTABLE,STRUCTURALLY UNSTABLE,EXECUTABLE
GRU_CONTROLLED_ALTERNATIVE,WHO,China,42,2025,48,16,3-4-0-2-1,0.5039974501785716,0.12946830880144183,0.047704919035714166,3-4-0-2-1,TRUE,0.0,0.0,0.0,STRUCTURALLY UNSTABLE,STRUCTURALLY UNSTABLE,EXECUTABLE
GRU_CONTROLLED_ALTERNATIVE,WHO,China,123,2025,96,32,0-1-2-3-4,0.5735594417160714,0.05976033290572883,0.0,0-1-2-3-4,TRUE,0.0,0.0,0.0,STRUCTURALLY UNSTABLE,STRUCTURALLY UNSTABLE,EXECUTABLE
GRU_CONTROLLED_ALTERNATIVE,WHO,China,123,2025,72,24,0-1-3-2-4,0.5865766305946429,0.05976033290572883,-0.013017188878571506,0-1-2-3-4,FALSE,0.013017188878571506,0.0,-0.013017188878571506,STRUCTURALLY UNSTABLE,STRUCTURALLY UNSTABLE,EXECUTABLE
GRU_CONTROLLED_ALTERNATIVE,WHO,China,123,2025,48,16,3-1-2-0-4,0.5283458070017856,0.05976033290572883,0.045213634714285855,0-1-2-3-4,FALSE,-0.045213634714285855,0.0,0.045213634714285855,STRUCTURALLY UNSTABLE,STRUCTURALLY UNSTABLE,EXECUTABLE
GRU_CONTROLLED_ALTERNATIVE,WHO,Fiji,42,123,96,32,2-3-4-1-0,0.3449280080285715,0.47142574649001384,0.42519701169285695,2-3-4-1-0,TRUE,0.0,0.0,0.0,STRUCTURALLY UNSTABLE,STRUCTURALLY UNSTABLE,EXECUTABLE
GRU_CONTROLLED_ALTERNATIVE,WHO,Fiji,42,123,72,24,2-3-4-1-0,0.3449280080285715,0.47142574649001384,0.42519701169285695,2-3-4-1-0,TRUE,0.0,0.0,0.0,STRUCTURALLY UNSTABLE,STRUCTURALLY UNSTABLE,EXECUTABLE
GRU_CONTROLLED_ALTERNATIVE,WHO,Fiji,42,123,48,16,2-3-4-1-0,0.3449280080285715,0.47142574649001384,0.42519701169285695,2-3-4-1-0,TRUE,0.0,0.0,0.0,STRUCTURALLY UNSTABLE,STRUCTURALLY UNSTABLE,EXECUTABLE
GRU_CONTROLLED_ALTERNATIVE,WHO,Fiji,42,2025,96,32,1-3-0-4-2,0.6033747354857143,0.057462247499509685,0.11849016773928567,1-3-0-4-2,TRUE,0.0,0.0,0.0,STRUCTURALLY UNSTABLE,STRUCTURALLY UNSTABLE,EXECUTABLE
GRU_CONTROLLED_ALTERNATIVE,WHO,Fiji,42,2025,72,24,2-1-4-3-0,0.357334727425,0.057462247499509685,0.36453017579999997,1-3-0-4-2,FALSE,-0.2460400080607143,0.0,0.2460400080607143,STRUCTURALLY UNSTABLE,STRUCTURALLY UNSTABLE,EXECUTABLE
GRU_CONTROLLED_ALTERNATIVE,WHO,Fiji,42,2025,48,16,3-1-0-4-2,0.6083657756892856,0.057462247499509685,0.11349912753571434,1-3-0-4-2,FALSE,0.004991040203571329,0.0,-0.004991040203571329,STRUCTURALLY UNSTABLE,STRUCTURALLY UNSTABLE,EXECUTABLE
GRU_CONTROLLED_ALTERNATIVE,WHO,Fiji,123,2025,96,32,0-4-1-3-2,0.608768276425,-0.02248072880168191,-0.14518820653571424,0-4-1-3-2,TRUE,0.0,0.0,0.0,STRUCTURALLY UNSTABLE,STRUCTURALLY UNSTABLE,EXECUTABLE
GRU_CONTROLLED_ALTERNATIVE,WHO,Fiji,123,2025,72,24,0-4-1-3-2,0.608768276425,-0.02248072880168191,-0.14518820653571424,0-4-1-3-2,TRUE,0.0,0.0,0.0,STRUCTURALLY UNSTABLE,STRUCTURALLY UNSTABLE,EXECUTABLE
GRU_CONTROLLED_ALTERNATIVE,WHO,Fiji,123,2025,48,16,0-4-1-3-2,0.608768276425,-0.02248072880168191,-0.14518820653571424,0-4-1-3-2,TRUE,0.0,0.0,0.0,STRUCTURALLY UNSTABLE,STRUCTURALLY UNSTABLE,EXECUTABLE
GRU_CONTROLLED_ALTERNATIVE,WHO,French Polynesia,42,123,96,32,3-4-2-1-0,0.5298311235642857,-0.009722749715153783,-0.06944753566428574,3-4-2-1-0,TRUE,0.0,0.0,0.0,STRUCTURALLY UNSTABLE,STRUCTURALLY UNSTABLE,EXECUTABLE
GRU_CONTROLLED_ALTERNATIVE,WHO,French Polynesia,42,123,72,24,3-4-2-1-0,0.5298311235642857,-0.009722749715153783,-0.06944753566428574,3-4-2-1-0,TRUE,0.0,0.0,0.0,STRUCTURALLY UNSTABLE,STRUCTURALLY UNSTABLE,EXECUTABLE
GRU_CONTROLLED_ALTERNATIVE,WHO,French Polynesia,42,123,48,16,1-4-2-3-0,0.5871413482071428,-0.009722749715153783,-0.1267577603071428,3-4-2-1-0,FALSE,0.057310224642857066,0.0,-0.057310224642857066,STRUCTURALLY UNSTABLE,STRUCTURALLY UNSTABLE,EXECUTABLE
GRU_CONTROLLED_ALTERNATIVE,WHO,French Polynesia,42,2025,96,32,4-3-2-1-0,0.39134651963928574,0.2729553437029603,0.2048658849821428,4-3-2-1-0,TRUE,0.0,0.0,0.0,STRUCTURALLY UNSTABLE,STRUCTURALLY UNSTABLE,EXECUTABLE
GRU_CONTROLLED_ALTERNATIVE,WHO,French Polynesia,42,2025,72,24,1-3-2-4-0,0.35275089713928576,0.2729553437029603,0.2434615074821428,4-3-2-1-0,FALSE,-0.03859562249999998,0.0,0.03859562249999998,STRUCTURALLY UNSTABLE,STRUCTURALLY UNSTABLE,EXECUTABLE
GRU_CONTROLLED_ALTERNATIVE,WHO,French Polynesia,42,2025,48,16,4-3-2-1-0,0.39134651963928574,0.2729553437029603,0.2048658849821428,4-3-2-1-0,TRUE,0.0,0.0,0.0,STRUCTURALLY UNSTABLE,STRUCTURALLY UNSTABLE,EXECUTABLE
GRU_CONTROLLED_ALTERNATIVE,WHO,French Polynesia,123,2025,96,32,0-4-2-1-3,0.49006478937500003,-0.08079100819741411,0.04509600951428566,0-4-2-1-3,TRUE,0.0,0.0,0.0,STRUCTURALLY UNSTABLE,STRUCTURALLY UNSTABLE,EXECUTABLE
GRU_CONTROLLED_ALTERNATIVE,WHO,French Polynesia,123,2025,72,24,0-4-2-1-3,0.49006478937500003,-0.08079100819741411,0.04509600951428566,0-4-2-1-3,TRUE,0.0,0.0,0.0,STRUCTURALLY UNSTABLE,STRUCTURALLY UNSTABLE,EXECUTABLE
GRU_CONTROLLED_ALTERNATIVE,WHO,French Polynesia,123,2025,48,16,0-4-2-1-3,0.49006478937500003,-0.08079100819741411,0.04509600951428566,0-4-2-1-3,TRUE,0.0,0.0,0.0,STRUCTURALLY UNSTABLE,STRUCTURALLY UNSTABLE,EXECUTABLE
GRU_CONTROLLED_ALTERNATIVE,WHO,Guam,42,123,96,32,0-2-4-1-3,0.3925945770892857,0.1774945601492073,0.26650545010714277,0-2-4-1-3,TRUE,0.0,0.0,0.0,STRUCTURALLY UNSTABLE,STRUCTURALLY UNSTABLE,EXECUTABLE
GRU_CONTROLLED_ALTERNATIVE,WHO,Guam,42,123,72,24,0-2-4-1-3,0.3925945770892857,0.1774945601492073,0.26650545010714277,0-2-4-1-3,TRUE,0.0,0.0,0.0,STRUCTURALLY UNSTABLE,STRUCTURALLY UNSTABLE,EXECUTABLE
GRU_CONTROLLED_ALTERNATIVE,WHO,Guam,42,123,48,16,0-2-4-1-3,0.3925945770892857,0.1774945601492073,0.26650545010714277,0-2-4-1-3,TRUE,0.0,0.0,0.0,STRUCTURALLY UNSTABLE,STRUCTURALLY UNSTABLE,EXECUTABLE
GRU_CONTROLLED_ALTERNATIVE,WHO,Guam,42,2025,96,32,4-3-0-2-1,0.36129343373750006,0.23947972456006117,0.2673194030714284,4-3-0-2-1,TRUE,0.0,0.0,0.0,STRUCTURALLY UNSTABLE,STRUCTURALLY UNSTABLE,EXECUTABLE
GRU_CONTROLLED_ALTERNATIVE,WHO,Guam,42,2025,72,24,4-3-0-2-1,0.36129343373750006,0.23947972456006117,0.2673194030714284,4-3-0-2-1,TRUE,0.0,0.0,0.0,STRUCTURALLY UNSTABLE,STRUCTURALLY UNSTABLE,EXECUTABLE
GRU_CONTROLLED_ALTERNATIVE,WHO,Guam,42,2025,48,16,4-3-0-2-1,0.36129343373750006,0.23947972456006117,0.2673194030714284,4-3-0-2-1,TRUE,0.0,0.0,0.0,STRUCTURALLY UNSTABLE,STRUCTURALLY UNSTABLE,EXECUTABLE
GRU_CONTROLLED_ALTERNATIVE,WHO,Guam,123,2025,96,32,4-2-1-3-0,0.45937422249464294,0.043092414028500704,0.10284249910714288,4-2-1-3-0,TRUE,0.0,0.0,0.0,STRUCTURALLY UNSTABLE,STRUCTURALLY UNSTABLE,EXECUTABLE
GRU_CONTROLLED_ALTERNATIVE,WHO,Guam,123,2025,72,24,3-4-2-1-0,0.4594632609589286,0.043092414028500704,0.10275346064285723,4-2-1-3-0,FALSE,8.903846428565121e-05,0.0,-8.903846428565121e-05,STRUCTURALLY UNSTABLE,STRUCTURALLY UNSTABLE,EXECUTABLE
GRU_CONTROLLED_ALTERNATIVE,WHO,Guam,123,2025,48,16,3-4-2-1-0,0.4594632609589286,0.043092414028500704,0.10275346064285723,4-2-1-3-0,FALSE,8.903846428565121e-05,0.0,-8.903846428565121e-05,STRUCTURALLY UNSTABLE,STRUCTURALLY UNSTABLE,EXECUTABLE
GRU_CONTROLLED_ALTERNATIVE,WHO,Lao People's Democratic Republic,42,123,96,32,2-3-4-1-0,0.4364369078250001,-0.007501442585112587,0.30808410860714275,2-3-4-1-0,TRUE,0.0,0.0,0.0,STRUCTURALLY UNSTABLE,STRUCTURALLY UNSTABLE,EXECUTABLE
GRU_CONTROLLED_ALTERNATIVE,WHO,Lao People's Democratic Republic,42,123,72,24,2-3-4-1-0,0.4364369078250001,-0.007501442585112587,0.30808410860714275,2-3-4-1-0,TRUE,0.0,0.0,0.0,STRUCTURALLY UNSTABLE,STRUCTURALLY UNSTABLE,EXECUTABLE
GRU_CONTROLLED_ALTERNATIVE,WHO,Lao People's Democratic Republic,42,123,48,16,2-3-4-1-0,0.4364369078250001,-0.007501442585112587,0.30808410860714275,2-3-4-1-0,TRUE,0.0,0.0,0.0,STRUCTURALLY UNSTABLE,STRUCTURALLY UNSTABLE,EXECUTABLE
GRU_CONTROLLED_ALTERNATIVE,WHO,Lao People's Democratic Republic,42,2025,96,32,1-3-0-4-2,0.3144447885178571,-0.11453113815318536,0.468606625,1-3-0-4-2,TRUE,0.0,0.0,0.0,STRUCTURALLY UNSTABLE,STRUCTURALLY UNSTABLE,EXECUTABLE
GRU_CONTROLLED_ALTERNATIVE,WHO,Lao People's Democratic Republic,42,2025,72,24,1-3-0-4-2,0.3144447885178571,-0.11453113815318536,0.468606625,1-3-0-4-2,TRUE,0.0,0.0,0.0,STRUCTURALLY UNSTABLE,STRUCTURALLY UNSTABLE,EXECUTABLE
GRU_CONTROLLED_ALTERNATIVE,WHO,Lao People's Democratic Republic,42,2025,48,16,3-1-0-4-2,0.39156753887499995,-0.11453113815318536,0.39148387464285717,1-3-0-4-2,FALSE,0.07712275035714283,0.0,-0.07712275035714283,STRUCTURALLY UNSTABLE,STRUCTURALLY UNSTABLE,EXECUTABLE
GRU_CONTROLLED_ALTERNATIVE,WHO,Lao People's Democratic Republic,123,2025,96,32,0-4-1-3-2,0.5199810514142857,-0.06388819565759928,0.362553562357143,0-4-1-3-2,TRUE,0.0,0.0,0.0,STRUCTURALLY UNSTABLE,STRUCTURALLY UNSTABLE,EXECUTABLE
GRU_CONTROLLED_ALTERNATIVE,WHO,Lao People's Democratic Republic,123,2025,72,24,0-4-1-3-2,0.5199810514142857,-0.06388819565759928,0.362553562357143,0-4-1-3-2,TRUE,0.0,0.0,0.0,STRUCTURALLY UNSTABLE,STRUCTURALLY UNSTABLE,EXECUTABLE
GRU_CONTROLLED_ALTERNATIVE,WHO,Lao People's Democratic Republic,123,2025,48,16,0-4-1-3-2,0.5199810514142857,-0.06388819565759928,0.362553562357143,0-4-1-3-2,TRUE,0.0,0.0,0.0,STRUCTURALLY UNSTABLE,STRUCTURALLY UNSTABLE,EXECUTABLE
GRU_CONTROLLED_ALTERNATIVE,WHO,Malaysia,42,123,96,32,0-3-1-2-4,0.4981312339196428,-0.040366972477064195,-0.05915473873214283,0-3-1-2-4,TRUE,0.0,0.0,0.0,STRUCTURALLY UNSTABLE,STRUCTURALLY UNSTABLE,EXECUTABLE
GRU_CONTROLLED_ALTERNATIVE,WHO,Malaysia,42,123,72,24,0-3-2-1-4,0.41524134936607143,-0.040366972477064195,0.02373514582142855,0-3-1-2-4,FALSE,-0.08288988455357138,0.0,0.08288988455357138,STRUCTURALLY UNSTABLE,STRUCTURALLY UNSTABLE,EXECUTABLE
GRU_CONTROLLED_ALTERNATIVE,WHO,Malaysia,42,123,48,16,0-1-2-4-3,0.46729047308035715,-0.040366972477064195,-0.028313977892857167,0-3-1-2-4,FALSE,-0.030840760839285664,0.0,0.030840760839285664,STRUCTURALLY UNSTABLE,STRUCTURALLY UNSTABLE,EXECUTABLE
GRU_CONTROLLED_ALTERNATIVE,WHO,Malaysia,42,2025,96,32,0-4-2-3-1,0.6143806588214286,0.012146348689083103,0.033477523571428636,0-4-2-3-1,TRUE,0.0,0.0,0.0,STRUCTURALLY UNSTABLE,STRUCTURALLY UNSTABLE,EXECUTABLE
GRU_CONTROLLED_ALTERNATIVE,WHO,Malaysia,42,2025,72,24,0-4-2-3-1,0.6143806588214286,0.012146348689083103,0.033477523571428636,0-4-2-3-1,TRUE,0.0,0.0,0.0,STRUCTURALLY UNSTABLE,STRUCTURALLY UNSTABLE,EXECUTABLE
GRU_CONTROLLED_ALTERNATIVE,WHO,Malaysia,42,2025,48,16,0-3-2-4-1,0.5854491978571429,0.012146348689083103,0.06240898453571431,0-4-2-3-1,FALSE,-0.02893146096428567,0.0,0.02893146096428567,STRUCTURALLY UNSTABLE,STRUCTURALLY UNSTABLE,EXECUTABLE
GRU_CONTROLLED_ALTERNATIVE,WHO,Malaysia,123,2025,96,32,0-2-4-3-1,0.7973075915625,0.20020429009193058,-0.22585435301785717,0-2-4-3-1,TRUE,0.0,0.0,0.0,STRUCTURALLY UNSTABLE,STRUCTURALLY UNSTABLE,EXECUTABLE
GRU_CONTROLLED_ALTERNATIVE,WHO,Malaysia,123,2025,72,24,4-1-0-3-2,0.41718132236607147,0.20020429009193058,0.15427191617857133,0-2-4-3-1,FALSE,-0.3801262691964285,0.0,0.3801262691964285,STRUCTURALLY UNSTABLE,STRUCTURALLY UNSTABLE,EXECUTABLE
GRU_CONTROLLED_ALTERNATIVE,WHO,Malaysia,123,2025,48,16,0-1-2-3-4,0.5714532385446428,0.20020429009193058,0.0,0-2-4-3-1,FALSE,-0.22585435301785717,0.0,0.22585435301785717,STRUCTURALLY UNSTABLE,STRUCTURALLY UNSTABLE,EXECUTABLE
GRU_CONTROLLED_ALTERNATIVE,WHO,Maldives,42,123,96,32,3-1-4-0-2,0.6096302278571429,0.009497330413601335,-0.07589487287500019,3-1-4-0-2,TRUE,0.0,0.0,0.0,STRUCTURALLY UNSTABLE,STRUCTURALLY UNSTABLE,EXECUTABLE
GRU_CONTROLLED_ALTERNATIVE,WHO,Maldives,42,123,72,24,3-1-4-0-2,0.6096302278571429,0.009497330413601335,-0.07589487287500019,3-1-4-0-2,TRUE,0.0,0.0,0.0,STRUCTURALLY UNSTABLE,STRUCTURALLY UNSTABLE,EXECUTABLE
GRU_CONTROLLED_ALTERNATIVE,WHO,Maldives,42,123,48,16,3-0-4-1-2,0.6996200883107144,0.009497330413601335,-0.16588473332857168,3-1-4-0-2,FALSE,0.08998986045357149,0.0,-0.08998986045357149,STRUCTURALLY UNSTABLE,STRUCTURALLY UNSTABLE,EXECUTABLE
GRU_CONTROLLED_ALTERNATIVE,WHO,Maldives,42,2025,96,32,2-0-3-1-4,0.5637615484249999,0.031414309484193007,0.010083992864285851,2-0-3-1-4,TRUE,0.0,0.0,0.0,STRUCTURALLY UNSTABLE,STRUCTURALLY UNSTABLE,EXECUTABLE
GRU_CONTROLLED_ALTERNATIVE,WHO,Maldives,42,2025,72,24,1-0-3-4-2,0.5697905823071429,0.031414309484193007,0.00405495898214292,2-0-3-1-4,FALSE,0.006029033882142931,0.0,-0.006029033882142931,STRUCTURALLY UNSTABLE,STRUCTURALLY UNSTABLE,EXECUTABLE
GRU_CONTROLLED_ALTERNATIVE,WHO,Maldives,42,2025,48,16,2-0-4-3-1,0.5057085461821428,0.031414309484193007,0.068136995107143,2-0-3-1-4,FALSE,-0.058053002242857144,0.0,0.058053002242857144,STRUCTURALLY UNSTABLE,STRUCTURALLY UNSTABLE,EXECUTABLE
GRU_CONTROLLED_ALTERNATIVE,WHO,Maldives,123,2025,96,32,4-1-2-3-0,0.6417945839321428,-0.04507455646112313,0.08524193571428584,4-1-2-3-0,TRUE,0.0,0.0,0.0,STRUCTURALLY UNSTABLE,STRUCTURALLY UNSTABLE,EXECUTABLE
GRU_CONTROLLED_ALTERNATIVE,WHO,Maldives,123,2025,72,24,4-1-3-2-0,0.6319289475750001,-0.04507455646112313,0.09510757207142861,4-1-2-3-0,FALSE,-0.00986563635714277,0.0,0.00986563635714277,STRUCTURALLY UNSTABLE,STRUCTURALLY UNSTABLE,EXECUTABLE
GRU_CONTROLLED_ALTERNATIVE,WHO,Maldives,123,2025,48,16,3-1-4-2-0,0.5884166018964285,-0.04507455646112313,0.13861991775000015,4-1-2-3-0,FALSE,-0.05337798203571431,0.0,0.05337798203571431,STRUCTURALLY UNSTABLE,STRUCTURALLY UNSTABLE,EXECUTABLE
GRU_CONTROLLED_ALTERNATIVE,WHO,Mexico,42,123,96,32,1-4-0-3-2,0.5919613000482143,0.03373561019719682,-0.039381143524999995,1-4-0-3-2,TRUE,0.0,0.0,0.0,STRUCTURALLY UNSTABLE,STRUCTURALLY UNSTABLE,EXECUTABLE
GRU_CONTROLLED_ALTERNATIVE,WHO,Mexico,42,123,72,24,1-4-0-3-2,0.5919613000482143,0.03373561019719682,-0.039381143524999995,1-4-0-3-2,TRUE,0.0,0.0,0.0,STRUCTURALLY UNSTABLE,STRUCTURALLY UNSTABLE,EXECUTABLE
GRU_CONTROLLED_ALTERNATIVE,WHO,Mexico,42,123,48,16,1-4-0-3-2,0.5919613000482143,0.03373561019719682,-0.039381143524999995,1-4-0-3-2,TRUE,0.0,0.0,0.0,STRUCTURALLY UNSTABLE,STRUCTURALLY UNSTABLE,EXECUTABLE
GRU_CONTROLLED_ALTERNATIVE,WHO,Mexico,42,2025,96,32,1-0-4-3-2,0.41711405403607144,0.21142227711205316,0.34344734791714276,1-0-4-3-2,TRUE,0.0,0.0,0.0,STRUCTURALLY UNSTABLE,STRUCTURALLY UNSTABLE,EXECUTABLE
GRU_CONTROLLED_ALTERNATIVE,WHO,Mexico,42,2025,72,24,1-0-4-3-2,0.41711405403607144,0.21142227711205316,0.34344734791714276,1-0-4-3-2,TRUE,0.0,0.0,0.0,STRUCTURALLY UNSTABLE,STRUCTURALLY UNSTABLE,EXECUTABLE
GRU_CONTROLLED_ALTERNATIVE,WHO,Mexico,42,2025,48,16,1-0-4-3-2,0.41711405403607144,0.21142227711205316,0.34344734791714276,1-0-4-3-2,TRUE,0.0,0.0,0.0,STRUCTURALLY UNSTABLE,STRUCTURALLY UNSTABLE,EXECUTABLE
GRU_CONTROLLED_ALTERNATIVE,WHO,Mexico,123,2025,96,32,2-1-4-3-0,0.6700492856307143,0.1812376293087351,-0.02397998800000012,2-1-4-3-0,TRUE,0.0,0.0,0.0,STRUCTURALLY UNSTABLE,STRUCTURALLY UNSTABLE,EXECUTABLE
GRU_CONTROLLED_ALTERNATIVE,WHO,Mexico,123,2025,72,24,4-1-2-3-0,0.6213117171307143,0.1812376293087351,0.024757580499999876,2-1-4-3-0,FALSE,-0.048737568499999995,0.0,0.048737568499999995,STRUCTURALLY UNSTABLE,STRUCTURALLY UNSTABLE,EXECUTABLE
GRU_CONTROLLED_ALTERNATIVE,WHO,Mexico,123,2025,48,16,4-1-2-3-0,0.6213117171307143,0.1812376293087351,0.024757580499999876,2-1-4-3-0,FALSE,-0.048737568499999995,0.0,0.048737568499999995,STRUCTURALLY UNSTABLE,STRUCTURALLY UNSTABLE,EXECUTABLE
GRU_CONTROLLED_ALTERNATIVE,WHO,Mongolia,42,123,96,32,3-0-4-1-2,0.4545478500892858,0.3599783728408412,0.33537462539285723,3-0-4-1-2,TRUE,0.0,0.0,0.0,STRUCTURALLY UNSTABLE,STRUCTURALLY UNSTABLE,EXECUTABLE
GRU_CONTROLLED_ALTERNATIVE,WHO,Mongolia,42,123,72,24,3-0-4-1-2,0.4545478500892858,0.3599783728408412,0.33537462539285723,3-0-4-1-2,TRUE,0.0,0.0,0.0,STRUCTURALLY UNSTABLE,STRUCTURALLY UNSTABLE,EXECUTABLE
GRU_CONTROLLED_ALTERNATIVE,WHO,Mongolia,42,123,48,16,3-0-4-1-2,0.4545478500892858,0.3599783728408412,0.33537462539285723,3-0-4-1-2,TRUE,0.0,0.0,0.0,STRUCTURALLY UNSTABLE,STRUCTURALLY UNSTABLE,EXECUTABLE
GRU_CONTROLLED_ALTERNATIVE,WHO,Mongolia,42,2025,96,32,2-0-4-1-3,0.41277244863392853,0.29398580500560323,0.4036104215892857,2-0-4-1-3,TRUE,0.0,0.0,0.0,STRUCTURALLY UNSTABLE,STRUCTURALLY UNSTABLE,EXECUTABLE
GRU_CONTROLLED_ALTERNATIVE,WHO,Mongolia,42,2025,72,24,2-3-4-1-0,0.42110360399107144,0.29398580500560323,0.39527926623214277,2-0-4-1-3,FALSE,0.008331155357142905,0.0,-0.008331155357142905,STRUCTURALLY UNSTABLE,STRUCTURALLY UNSTABLE,EXECUTABLE
GRU_CONTROLLED_ALTERNATIVE,WHO,Mongolia,42,2025,48,16,2-0-4-1-3,0.41277244863392853,0.29398580500560323,0.4036104215892857,2-0-4-1-3,TRUE,0.0,0.0,0.0,STRUCTURALLY UNSTABLE,STRUCTURALLY UNSTABLE,EXECUTABLE
GRU_CONTROLLED_ALTERNATIVE,WHO,Mongolia,123,2025,96,32,0-3-2-1-4,0.6915003965089286,0.016168901038183005,-0.12008118721428584,0-3-2-1-4,TRUE,0.0,0.0,0.0,STRUCTURALLY UNSTABLE,STRUCTURALLY UNSTABLE,EXECUTABLE
GRU_CONTROLLED_ALTERNATIVE,WHO,Mongolia,123,2025,72,24,0-3-2-1-4,0.6915003965089286,0.016168901038183005,-0.12008118721428584,0-3-2-1-4,TRUE,0.0,0.0,0.0,STRUCTURALLY UNSTABLE,STRUCTURALLY UNSTABLE,EXECUTABLE
GRU_CONTROLLED_ALTERNATIVE,WHO,Mongolia,123,2025,48,16,0-3-2-1-4,0.6915003965089286,0.016168901038183005,-0.12008118721428584,0-3-2-1-4,TRUE,0.0,0.0,0.0,STRUCTURALLY UNSTABLE,STRUCTURALLY UNSTABLE,EXECUTABLE
GRU_CONTROLLED_ALTERNATIVE,WHO,Myanmar,42,123,96,32,0-2-1-4-3,0.7175430092053571,0.08831168831168833,-0.0605920454464286,0-2-1-4-3,TRUE,0.0,0.0,0.0,STRUCTURALLY UNSTABLE,STRUCTURALLY UNSTABLE,EXECUTABLE
GRU_CONTROLLED_ALTERNATIVE,WHO,Myanmar,42,123,72,24,3-2-0-4-1,0.6484976760982143,0.08831168831168833,0.008453287660714182,0-2-1-4-3,FALSE,-0.06904533310714278,0.0,0.06904533310714278,STRUCTURALLY UNSTABLE,STRUCTURALLY UNSTABLE,EXECUTABLE
GRU_CONTROLLED_ALTERNATIVE,WHO,Myanmar,42,123,48,16,3-2-1-4-0,0.5907611716696427,0.08831168831168833,0.06618979208928577,0-2-1-4-3,FALSE,-0.12678183753571437,0.0,0.12678183753571437,STRUCTURALLY UNSTABLE,STRUCTURALLY UNSTABLE,EXECUTABLE
GRU_CONTROLLED_ALTERNATIVE,WHO,Myanmar,42,2025,96,32,1-2-3-0-4,0.5614047317142857,0.1563763817740631,0.15083733460714277,1-2-3-0-4,TRUE,0.0,0.0,0.0,STRUCTURALLY UNSTABLE,STRUCTURALLY UNSTABLE,EXECUTABLE
GRU_CONTROLLED_ALTERNATIVE,WHO,Myanmar,42,2025,72,24,1-2-3-0-4,0.5614047317142857,0.1563763817740631,0.15083733460714277,1-2-3-0-4,TRUE,0.0,0.0,0.0,STRUCTURALLY UNSTABLE,STRUCTURALLY UNSTABLE,EXECUTABLE
GRU_CONTROLLED_ALTERNATIVE,WHO,Myanmar,42,2025,48,16,1-2-3-0-4,0.5614047317142857,0.1563763817740631,0.15083733460714277,1-2-3-0-4,TRUE,0.0,0.0,0.0,STRUCTURALLY UNSTABLE,STRUCTURALLY UNSTABLE,EXECUTABLE
GRU_CONTROLLED_ALTERNATIVE,WHO,Myanmar,123,2025,96,32,2-3-1-4-0,0.7931078865089286,0.09309558366162142,-0.14895909651785721,2-3-1-4-0,TRUE,0.0,0.0,0.0,STRUCTURALLY UNSTABLE,STRUCTURALLY UNSTABLE,EXECUTABLE
GRU_CONTROLLED_ALTERNATIVE,WHO,Myanmar,123,2025,72,24,4-3-1-2-0,0.6432993300446428,0.09309558366162142,0.000849459946428599,2-3-1-4-0,FALSE,-0.1498085564642858,0.0,0.1498085564642858,STRUCTURALLY UNSTABLE,STRUCTURALLY UNSTABLE,EXECUTABLE
GRU_CONTROLLED_ALTERNATIVE,WHO,Myanmar,123,2025,48,16,4-2-1-3-0,0.6256241207589285,0.09309558366162142,0.01852466923214291,2-3-1-4-0,FALSE,-0.16748376575000012,0.0,0.16748376575000012,STRUCTURALLY UNSTABLE,STRUCTURALLY UNSTABLE,EXECUTABLE
GRU_CONTROLLED_ALTERNATIVE,WHO,Nepal,42,123,96,32,2-1-4-3-0,0.6457598402839285,0.3770905648469549,0.016980424285714446,2-1-4-3-0,TRUE,0.0,0.0,0.0,STRUCTURALLY UNSTABLE,STRUCTURALLY UNSTABLE,EXECUTABLE
GRU_CONTROLLED_ALTERNATIVE,WHO,Nepal,42,123,72,24,2-1-4-3-0,0.6457598402839285,0.3770905648469549,0.016980424285714446,2-1-4-3-0,TRUE,0.0,0.0,0.0,STRUCTURALLY UNSTABLE,STRUCTURALLY UNSTABLE,EXECUTABLE
GRU_CONTROLLED_ALTERNATIVE,WHO,Nepal,42,123,48,16,0-3-4-2-1,0.6930817155017858,0.3770905648469549,-0.0303414509321428,2-1-4-3-0,FALSE,0.047321875217857245,0.0,-0.047321875217857245,STRUCTURALLY UNSTABLE,STRUCTURALLY UNSTABLE,EXECUTABLE
GRU_CONTROLLED_ALTERNATIVE,WHO,Nepal,42,2025,96,32,1-4-0-3-2,0.6063587555946429,0.23130325023666773,-0.08966129014285718,1-4-0-3-2,TRUE,0.0,0.0,0.0,STRUCTURALLY UNSTABLE,STRUCTURALLY UNSTABLE,EXECUTABLE
GRU_CONTROLLED_ALTERNATIVE,WHO,Nepal,42,2025,72,24,1-4-0-3-2,0.6063587555946429,0.23130325023666773,-0.08966129014285718,1-4-0-3-2,TRUE,0.0,0.0,0.0,STRUCTURALLY UNSTABLE,STRUCTURALLY UNSTABLE,EXECUTABLE
GRU_CONTROLLED_ALTERNATIVE,WHO,Nepal,42,2025,48,16,1-4-0-3-2,0.6063587555946429,0.23130325023666773,-0.08966129014285718,1-4-0-3-2,TRUE,0.0,0.0,0.0,STRUCTURALLY UNSTABLE,STRUCTURALLY UNSTABLE,EXECUTABLE
GRU_CONTROLLED_ALTERNATIVE,WHO,Nepal,123,2025,96,32,4-1-2-3-0,0.42295040647857146,0.3811943658128987,0.17936198271428566,4-1-2-3-0,TRUE,0.0,0.0,0.0,STRUCTURALLY UNSTABLE,STRUCTURALLY UNSTABLE,EXECUTABLE
GRU_CONTROLLED_ALTERNATIVE,WHO,Nepal,123,2025,72,24,4-2-1-3-0,0.45383803980000004,0.3811943658128987,0.14847434939285709,4-1-2-3-0,FALSE,0.030887633321428576,0.0,-0.030887633321428576,STRUCTURALLY UNSTABLE,STRUCTURALLY UNSTABLE,EXECUTABLE
GRU_CONTROLLED_ALTERNATIVE,WHO,Nepal,123,2025,48,16,4-1-2-3-0,0.42295040647857146,0.3811943658128987,0.17936198271428566,4-1-2-3-0,TRUE,0.0,0.0,0.0,STRUCTURALLY UNSTABLE,STRUCTURALLY UNSTABLE,EXECUTABLE
GRU_CONTROLLED_ALTERNATIVE,WHO,New Caledonia,42,123,96,32,2-3-4-1-0,0.37581711360714287,0.26705072361950266,0.5003849482499999,2-3-4-1-0,TRUE,0.0,0.0,0.0,STRUCTURALLY UNSTABLE,STRUCTURALLY UNSTABLE,EXECUTABLE
GRU_CONTROLLED_ALTERNATIVE,WHO,New Caledonia,42,123,72,24,2-3-4-1-0,0.37581711360714287,0.26705072361950266,0.5003849482499999,2-3-4-1-0,TRUE,0.0,0.0,0.0,STRUCTURALLY UNSTABLE,STRUCTURALLY UNSTABLE,EXECUTABLE
GRU_CONTROLLED_ALTERNATIVE,WHO,New Caledonia,42,123,48,16,2-3-4-1-0,0.37581711360714287,0.26705072361950266,0.5003849482499999,2-3-4-1-0,TRUE,0.0,0.0,0.0,STRUCTURALLY UNSTABLE,STRUCTURALLY UNSTABLE,EXECUTABLE
GRU_CONTROLLED_ALTERNATIVE,WHO,New Caledonia,42,2025,96,32,1-2-4-3-0,0.4601182561428571,0.0,0.4164563700714285,1-2-4-3-0,TRUE,0.0,0.0,0.0,STRUCTURALLY UNSTABLE,STRUCTURALLY UNSTABLE,EXECUTABLE
GRU_CONTROLLED_ALTERNATIVE,WHO,New Caledonia,42,2025,72,24,1-2-4-3-0,0.4601182561428571,0.0,0.4164563700714285,1-2-4-3-0,TRUE,0.0,0.0,0.0,STRUCTURALLY UNSTABLE,STRUCTURALLY UNSTABLE,EXECUTABLE
GRU_CONTROLLED_ALTERNATIVE,WHO,New Caledonia,42,2025,48,16,1-2-4-3-0,0.4601182561428571,0.0,0.4164563700714285,1-2-4-3-0,TRUE,0.0,0.0,0.0,STRUCTURALLY UNSTABLE,STRUCTURALLY UNSTABLE,EXECUTABLE
GRU_CONTROLLED_ALTERNATIVE,WHO,New Caledonia,123,2025,96,32,0-4-2-1-3,0.35666964425000003,0.0,0.41730989335714275,0-4-2-1-3,TRUE,0.0,0.0,0.0,STRUCTURALLY UNSTABLE,STRUCTURALLY UNSTABLE,EXECUTABLE
GRU_CONTROLLED_ALTERNATIVE,WHO,New Caledonia,123,2025,72,24,0-4-2-1-3,0.35666964425000003,0.0,0.41730989335714275,0-4-2-1-3,TRUE,0.0,0.0,0.0,STRUCTURALLY UNSTABLE,STRUCTURALLY UNSTABLE,EXECUTABLE
GRU_CONTROLLED_ALTERNATIVE,WHO,New Caledonia,123,2025,48,16,0-4-1-3-2,0.32678027725,0.0,0.4471992603571428,0-4-2-1-3,FALSE,-0.029889367000000056,0.0,0.029889367000000056,STRUCTURALLY UNSTABLE,STRUCTURALLY UNSTABLE,EXECUTABLE
GRU_CONTROLLED_ALTERNATIVE,WHO,New Zealand,42,123,96,32,0-2-4-1-3,0.5841443302803572,0.1039708421254556,0.06548691317857136,0-2-4-1-3,TRUE,0.0,0.0,0.0,STRUCTURALLY UNSTABLE,STRUCTURALLY UNSTABLE,EXECUTABLE
GRU_CONTROLLED_ALTERNATIVE,WHO,New Zealand,42,123,72,24,3-1-4-0-2,0.49607552454107146,0.1039708421254556,0.15355571891785708,0-2-4-1-3,FALSE,-0.08806880573928572,0.0,0.08806880573928572,STRUCTURALLY UNSTABLE,STRUCTURALLY UNSTABLE,EXECUTABLE
GRU_CONTROLLED_ALTERNATIVE,WHO,New Zealand,42,123,48,16,3-2-4-1-0,0.5753854559946429,0.1039708421254556,0.07424578746428567,0-2-4-1-3,FALSE,-0.008758874285714313,0.0,0.008758874285714313,STRUCTURALLY UNSTABLE,STRUCTURALLY UNSTABLE,EXECUTABLE
GRU_CONTROLLED_ALTERNATIVE,WHO,New Zealand,42,2025,96,32,1-0-4-3-2,0.4429515278214286,0.0892520427404148,0.1680045346785714,1-0-4-3-2,TRUE,0.0,0.0,0.0,STRUCTURALLY UNSTABLE,STRUCTURALLY UNSTABLE,EXECUTABLE
GRU_CONTROLLED_ALTERNATIVE,WHO,New Zealand,42,2025,72,24,1-3-4-0-2,0.46360097128571426,0.0892520427404148,0.14735509121428575,1-0-4-3-2,FALSE,0.020649443464285655,0.0,-0.020649443464285655,STRUCTURALLY UNSTABLE,STRUCTURALLY UNSTABLE,EXECUTABLE
GRU_CONTROLLED_ALTERNATIVE,WHO,New Zealand,42,2025,48,16,1-0-4-3-2,0.4429515278214286,0.0892520427404148,0.1680045346785714,1-0-4-3-2,TRUE,0.0,0.0,0.0,STRUCTURALLY UNSTABLE,STRUCTURALLY UNSTABLE,EXECUTABLE
GRU_CONTROLLED_ALTERNATIVE,WHO,New Zealand,123,2025,96,32,0-1-3-2-4,0.7858295189589286,0.0949882979581954,-0.01774841520357151,0-1-3-2-4,TRUE,0.0,0.0,0.0,STRUCTURALLY UNSTABLE,STRUCTURALLY UNSTABLE,EXECUTABLE
GRU_CONTROLLED_ALTERNATIVE,WHO,New Zealand,123,2025,72,24,0-1-3-2-4,0.7858295189589286,0.0949882979581954,-0.01774841520357151,0-1-3-2-4,TRUE,0.0,0.0,0.0,STRUCTURALLY UNSTABLE,STRUCTURALLY UNSTABLE,EXECUTABLE
GRU_CONTROLLED_ALTERNATIVE,WHO,New Zealand,123,2025,48,16,0-1-3-2-4,0.7858295189589286,0.0949882979581954,-0.01774841520357151,0-1-3-2-4,TRUE,0.0,0.0,0.0,STRUCTURALLY UNSTABLE,STRUCTURALLY UNSTABLE,EXECUTABLE
GRU_CONTROLLED_ALTERNATIVE,WHO,Northern Mariana Islands,42,123,96,32,2-3-4-1-0,0.43440969601607143,0.028698801894678307,0.2318708379535716,2-3-4-1-0,TRUE,0.0,0.0,0.0,STRUCTURALLY UNSTABLE,STRUCTURALLY UNSTABLE,EXECUTABLE
GRU_CONTROLLED_ALTERNATIVE,WHO,Northern Mariana Islands,42,123,72,24,2-3-4-1-0,0.43440969601607143,0.028698801894678307,0.2318708379535716,2-3-4-1-0,TRUE,0.0,0.0,0.0,STRUCTURALLY UNSTABLE,STRUCTURALLY UNSTABLE,EXECUTABLE
GRU_CONTROLLED_ALTERNATIVE,WHO,Northern Mariana Islands,42,123,48,16,2-3-4-1-0,0.43440969601607143,0.028698801894678307,0.2318708379535716,2-3-4-1-0,TRUE,0.0,0.0,0.0,STRUCTURALLY UNSTABLE,STRUCTURALLY UNSTABLE,EXECUTABLE
GRU_CONTROLLED_ALTERNATIVE,WHO,Northern Mariana Islands,42,2025,96,32,3-2-4-1-0,0.5926321273999999,0.09718136091866755,0.40736787357142856,3-2-4-1-0,TRUE,0.0,0.0,0.0,STRUCTURALLY UNSTABLE,STRUCTURALLY UNSTABLE,EXECUTABLE
GRU_CONTROLLED_ALTERNATIVE,WHO,Northern Mariana Islands,42,2025,72,24,3-2-4-1-0,0.5926321273999999,0.09718136091866755,0.40736787357142856,3-2-4-1-0,TRUE,0.0,0.0,0.0,STRUCTURALLY UNSTABLE,STRUCTURALLY UNSTABLE,EXECUTABLE
GRU_CONTROLLED_ALTERNATIVE,WHO,Northern Mariana Islands,42,2025,48,16,3-2-4-1-0,0.5926321273999999,0.09718136091866755,0.40736787357142856,3-2-4-1-0,TRUE,0.0,0.0,0.0,STRUCTURALLY UNSTABLE,STRUCTURALLY UNSTABLE,EXECUTABLE
GRU_CONTROLLED_ALTERNATIVE,WHO,Northern Mariana Islands,123,2025,96,32,0-1-3-4-2,0.5488633848696429,-0.08118191314729113,0.22630944247499996,0-1-3-4-2,TRUE,0.0,0.0,0.0,STRUCTURALLY UNSTABLE,STRUCTURALLY UNSTABLE,EXECUTABLE
GRU_CONTROLLED_ALTERNATIVE,WHO,Northern Mariana Islands,123,2025,72,24,0-1-3-4-2,0.5488633848696429,-0.08118191314729113,0.22630944247499996,0-1-3-4-2,TRUE,0.0,0.0,0.0,STRUCTURALLY UNSTABLE,STRUCTURALLY UNSTABLE,EXECUTABLE
GRU_CONTROLLED_ALTERNATIVE,WHO,Northern Mariana Islands,123,2025,48,16,0-1-3-4-2,0.5488633848696429,-0.08118191314729113,0.22630944247499996,0-1-3-4-2,TRUE,0.0,0.0,0.0,STRUCTURALLY UNSTABLE,STRUCTURALLY UNSTABLE,EXECUTABLE
GRU_CONTROLLED_ALTERNATIVE,WHO,Papua New Guinea,42,123,96,32,3-2-4-1-0,0.40838194221660723,0.17593466306575992,0.34766754762285706,3-2-4-1-0,TRUE,0.0,0.0,0.0,STRUCTURALLY UNSTABLE,STRUCTURALLY UNSTABLE,EXECUTABLE
GRU_CONTROLLED_ALTERNATIVE,WHO,Papua New Guinea,42,123,72,24,3-2-4-1-0,0.40838194221660723,0.17593466306575992,0.34766754762285706,3-2-4-1-0,TRUE,0.0,0.0,0.0,STRUCTURALLY UNSTABLE,STRUCTURALLY UNSTABLE,EXECUTABLE
GRU_CONTROLLED_ALTERNATIVE,WHO,Papua New Guinea,42,123,48,16,3-2-4-1-0,0.40838194221660723,0.17593466306575992,0.34766754762285706,3-2-4-1-0,TRUE,0.0,0.0,0.0,STRUCTURALLY UNSTABLE,STRUCTURALLY UNSTABLE,EXECUTABLE
GRU_CONTROLLED_ALTERNATIVE,WHO,Papua New Guinea,42,2025,96,32,2-3-4-1-0,0.3342629849405357,0.3671345257694561,0.4941331003571429,2-3-4-1-0,TRUE,0.0,0.0,0.0,STRUCTURALLY UNSTABLE,STRUCTURALLY UNSTABLE,EXECUTABLE
GRU_CONTROLLED_ALTERNATIVE,WHO,Papua New Guinea,42,2025,72,24,2-3-4-1-0,0.3342629849405357,0.3671345257694561,0.4941331003571429,2-3-4-1-0,TRUE,0.0,0.0,0.0,STRUCTURALLY UNSTABLE,STRUCTURALLY UNSTABLE,EXECUTABLE
GRU_CONTROLLED_ALTERNATIVE,WHO,Papua New Guinea,42,2025,48,16,2-4-3-1-0,0.5145031406548215,0.3671345257694561,0.3138929446428571,2-3-4-1-0,FALSE,0.1802401557142858,0.0,-0.1802401557142858,STRUCTURALLY UNSTABLE,STRUCTURALLY UNSTABLE,EXECUTABLE
GRU_CONTROLLED_ALTERNATIVE,WHO,Papua New Guinea,123,2025,96,32,0-1-2-3-4,0.46623865165357137,0.4207784247624885,0.0,0-1-2-3-4,TRUE,0.0,0.0,0.0,STRUCTURALLY UNSTABLE,STRUCTURALLY UNSTABLE,EXECUTABLE
GRU_CONTROLLED_ALTERNATIVE,WHO,Papua New Guinea,123,2025,72,24,0-1-2-3-4,0.46623865165357137,0.4207784247624885,0.0,0-1-2-3-4,TRUE,0.0,0.0,0.0,STRUCTURALLY UNSTABLE,STRUCTURALLY UNSTABLE,EXECUTABLE
GRU_CONTROLLED_ALTERNATIVE,WHO,Papua New Guinea,123,2025,48,16,0-4-2-1-3,0.6320333659535713,0.4207784247624885,-0.16579471429999992,0-1-2-3-4,FALSE,0.16579471429999992,0.0,-0.16579471429999992,STRUCTURALLY UNSTABLE,STRUCTURALLY UNSTABLE,EXECUTABLE
GRU_CONTROLLED_ALTERNATIVE,WHO,Philippines,42,123,96,32,4-0-1-3-2,0.8979428129571427,0.17530337293371984,0.008683073157143006,4-0-1-3-2,TRUE,0.0,0.0,0.0,STRUCTURALLY UNSTABLE,STRUCTURALLY UNSTABLE,EXECUTABLE
GRU_CONTROLLED_ALTERNATIVE,WHO,Philippines,42,123,72,24,4-0-1-3-2,0.8979428129571427,0.17530337293371984,0.008683073157143006,4-0-1-3-2,TRUE,0.0,0.0,0.0,STRUCTURALLY UNSTABLE,STRUCTURALLY UNSTABLE,EXECUTABLE
GRU_CONTROLLED_ALTERNATIVE,WHO,Philippines,42,123,48,16,4-0-3-1-2,0.7871365618499999,0.17530337293371984,0.11948932426428582,4-0-1-3-2,FALSE,-0.11080625110714282,0.0,0.11080625110714282,STRUCTURALLY UNSTABLE,STRUCTURALLY UNSTABLE,EXECUTABLE
GRU_CONTROLLED_ALTERNATIVE,WHO,Philippines,42,2025,96,32,0-3-4-2-1,0.6431641601964287,-0.03757268085357574,0.1713679545714285,0-3-4-2-1,TRUE,0.0,0.0,0.0,STRUCTURALLY UNSTABLE,STRUCTURALLY UNSTABLE,EXECUTABLE
GRU_CONTROLLED_ALTERNATIVE,WHO,Philippines,42,2025,72,24,0-3-4-2-1,0.6431641601964287,-0.03757268085357574,0.1713679545714285,0-3-4-2-1,TRUE,0.0,0.0,0.0,STRUCTURALLY UNSTABLE,STRUCTURALLY UNSTABLE,EXECUTABLE
GRU_CONTROLLED_ALTERNATIVE,WHO,Philippines,42,2025,48,16,0-3-4-2-1,0.6431641601964287,-0.03757268085357574,0.1713679545714285,0-3-4-2-1,TRUE,0.0,0.0,0.0,STRUCTURALLY UNSTABLE,STRUCTURALLY UNSTABLE,EXECUTABLE
GRU_CONTROLLED_ALTERNATIVE,WHO,Philippines,123,2025,96,32,4-1-2-3-0,0.660817751725,0.17946580029326353,0.0638934120714284,4-1-2-3-0,TRUE,0.0,0.0,0.0,STRUCTURALLY UNSTABLE,STRUCTURALLY UNSTABLE,EXECUTABLE
GRU_CONTROLLED_ALTERNATIVE,WHO,Philippines,123,2025,72,24,4-1-2-3-0,0.660817751725,0.17946580029326353,0.0638934120714284,4-1-2-3-0,TRUE,0.0,0.0,0.0,STRUCTURALLY UNSTABLE,STRUCTURALLY UNSTABLE,EXECUTABLE
GRU_CONTROLLED_ALTERNATIVE,WHO,Philippines,123,2025,48,16,0-1-2-3-4,0.7247111637964284,0.17946580029326353,0.0,4-1-2-3-0,FALSE,0.0638934120714284,0.0,-0.0638934120714284,STRUCTURALLY UNSTABLE,STRUCTURALLY UNSTABLE,EXECUTABLE
GRU_CONTROLLED_ALTERNATIVE,WHO,Singapore,42,123,96,32,2-1-4-3-0,0.8113839464410713,0.08982748364069003,-0.16676000809642844,2-1-4-3-0,TRUE,0.0,0.0,0.0,STRUCTURALLY UNSTABLE,STRUCTURALLY UNSTABLE,EXECUTABLE
GRU_CONTROLLED_ALTERNATIVE,WHO,Singapore,42,123,72,24,3-4-0-1-2,0.5393106101660714,0.08982748364069003,0.10531332817857142,2-1-4-3-0,FALSE,-0.27207333627499986,0.0,0.27207333627499986,STRUCTURALLY UNSTABLE,STRUCTURALLY UNSTABLE,EXECUTABLE
GRU_CONTROLLED_ALTERNATIVE,WHO,Singapore,42,123,48,16,3-4-2-1-0,0.5364575613803572,0.08982748364069003,0.10816637696428566,2-1-4-3-0,FALSE,-0.2749263850607141,0.0,0.2749263850607141,STRUCTURALLY UNSTABLE,STRUCTURALLY UNSTABLE,EXECUTABLE
GRU_CONTROLLED_ALTERNATIVE,WHO,Singapore,42,2025,96,32,1-3-0-2-4,0.6903767158624998,0.11864406779661017,-0.04391520618928568,1-3-0-2-4,TRUE,0.0,0.0,0.0,STRUCTURALLY UNSTABLE,STRUCTURALLY UNSTABLE,EXECUTABLE
GRU_CONTROLLED_ALTERNATIVE,WHO,Singapore,42,2025,72,24,1-4-0-2-3,0.6547228385053571,0.11864406779661017,-0.008261328832142922,1-3-0-2-4,FALSE,-0.03565387735714276,0.0,0.03565387735714276,STRUCTURALLY UNSTABLE,STRUCTURALLY UNSTABLE,EXECUTABLE
GRU_CONTROLLED_ALTERNATIVE,WHO,Singapore,42,2025,48,16,0-3-4-2-1,0.7996735479589284,0.11864406779661017,-0.15321203828571428,1-3-0-2-4,FALSE,0.1092968320964286,0.0,-0.1092968320964286,STRUCTURALLY UNSTABLE,STRUCTURALLY UNSTABLE,EXECUTABLE
GRU_CONTROLLED_ALTERNATIVE,WHO,Singapore,123,2025,96,32,0-3-1-2-4,0.29797044008928575,0.15485564304461938,0.10671539010714282,0-3-1-2-4,TRUE,0.0,0.0,0.0,STRUCTURALLY UNSTABLE,STRUCTURALLY UNSTABLE,EXECUTABLE
GRU_CONTROLLED_ALTERNATIVE,WHO,Singapore,123,2025,72,24,0-3-1-2-4,0.29797044008928575,0.15485564304461938,0.10671539010714282,0-3-1-2-4,TRUE,0.0,0.0,0.0,STRUCTURALLY UNSTABLE,STRUCTURALLY UNSTABLE,EXECUTABLE
GRU_CONTROLLED_ALTERNATIVE,WHO,Singapore,123,2025,48,16,0-1-3-2-4,0.3791306087678571,0.15485564304461938,0.025555221428571473,0-3-1-2-4,FALSE,0.08116016867857134,0.0,-0.08116016867857134,STRUCTURALLY UNSTABLE,STRUCTURALLY UNSTABLE,EXECUTABLE
GRU_CONTROLLED_ALTERNATIVE,WHO,Sri Lanka,42,123,96,32,3-0-4-1-2,0.5912239798571429,0.1675247760483319,0.0010275461785714812,3-0-4-1-2,TRUE,0.0,0.0,0.0,STRUCTURALLY UNSTABLE,STRUCTURALLY UNSTABLE,EXECUTABLE
GRU_CONTROLLED_ALTERNATIVE,WHO,Sri Lanka,42,123,72,24,3-0-4-1-2,0.5912239798571429,0.1675247760483319,0.0010275461785714812,3-0-4-1-2,TRUE,0.0,0.0,0.0,STRUCTURALLY UNSTABLE,STRUCTURALLY UNSTABLE,EXECUTABLE
GRU_CONTROLLED_ALTERNATIVE,WHO,Sri Lanka,42,123,48,16,3-0-4-1-2,0.5912239798571429,0.1675247760483319,0.0010275461785714812,3-0-4-1-2,TRUE,0.0,0.0,0.0,STRUCTURALLY UNSTABLE,STRUCTURALLY UNSTABLE,EXECUTABLE
GRU_CONTROLLED_ALTERNATIVE,WHO,Sri Lanka,42,2025,96,32,1-0-4-3-2,0.5961037993,-0.02007651018653065,0.15217452082857152,1-0-4-3-2,TRUE,0.0,0.0,0.0,STRUCTURALLY UNSTABLE,STRUCTURALLY UNSTABLE,EXECUTABLE
GRU_CONTROLLED_ALTERNATIVE,WHO,Sri Lanka,42,2025,72,24,1-0-4-3-2,0.5961037993,-0.02007651018653065,0.15217452082857152,1-0-4-3-2,TRUE,0.0,0.0,0.0,STRUCTURALLY UNSTABLE,STRUCTURALLY UNSTABLE,EXECUTABLE
GRU_CONTROLLED_ALTERNATIVE,WHO,Sri Lanka,42,2025,48,16,1-0-4-3-2,0.5961037993,-0.02007651018653065,0.15217452082857152,1-0-4-3-2,TRUE,0.0,0.0,0.0,STRUCTURALLY UNSTABLE,STRUCTURALLY UNSTABLE,EXECUTABLE
GRU_CONTROLLED_ALTERNATIVE,WHO,Sri Lanka,123,2025,96,32,0-3-2-1-4,0.4807427095571429,0.06707535528044267,0.09932503321428571,0-3-2-1-4,TRUE,0.0,0.0,0.0,STRUCTURALLY UNSTABLE,STRUCTURALLY UNSTABLE,EXECUTABLE
GRU_CONTROLLED_ALTERNATIVE,WHO,Sri Lanka,123,2025,72,24,0-3-2-1-4,0.4807427095571429,0.06707535528044267,0.09932503321428571,0-3-2-1-4,TRUE,0.0,0.0,0.0,STRUCTURALLY UNSTABLE,STRUCTURALLY UNSTABLE,EXECUTABLE
GRU_CONTROLLED_ALTERNATIVE,WHO,Sri Lanka,123,2025,48,16,0-3-2-1-4,0.4807427095571429,0.06707535528044267,0.09932503321428571,0-3-2-1-4,TRUE,0.0,0.0,0.0,STRUCTURALLY UNSTABLE,STRUCTURALLY UNSTABLE,EXECUTABLE
GRU_CONTROLLED_ALTERNATIVE,WHO,Switzerland,42,123,96,32,0-4-1-3-2,0.5245832326482142,0.04267161410018555,0.11190684398928574,0-4-1-3-2,TRUE,0.0,0.0,0.0,STRUCTURALLY UNSTABLE,STRUCTURALLY UNSTABLE,EXECUTABLE
GRU_CONTROLLED_ALTERNATIVE,WHO,Switzerland,42,123,72,24,0-1-4-2-3,0.4892002543267857,0.04267161410018555,0.1472898223107142,0-4-1-3-2,FALSE,-0.03538297832142845,0.0,0.03538297832142845,STRUCTURALLY UNSTABLE,STRUCTURALLY UNSTABLE,EXECUTABLE
GRU_CONTROLLED_ALTERNATIVE,WHO,Switzerland,42,123,48,16,0-1-4-2-3,0.4892002543267857,0.04267161410018555,0.1472898223107142,0-4-1-3-2,FALSE,-0.03538297832142845,0.0,0.03538297832142845,STRUCTURALLY UNSTABLE,STRUCTURALLY UNSTABLE,EXECUTABLE
GRU_CONTROLLED_ALTERNATIVE,WHO,Switzerland,42,2025,96,32,4-3-0-1-2,0.4331831027976786,0.06944804353459444,0.35549024582142863,4-3-0-1-2,TRUE,0.0,0.0,0.0,STRUCTURALLY UNSTABLE,STRUCTURALLY UNSTABLE,EXECUTABLE
GRU_CONTROLLED_ALTERNATIVE,WHO,Switzerland,42,2025,72,24,4-3-0-1-2,0.4331831027976786,0.06944804353459444,0.35549024582142863,4-3-0-1-2,TRUE,0.0,0.0,0.0,STRUCTURALLY UNSTABLE,STRUCTURALLY UNSTABLE,EXECUTABLE
GRU_CONTROLLED_ALTERNATIVE,WHO,Switzerland,42,2025,48,16,4-3-0-2-1,0.45142118280839283,0.06944804353459444,0.3372521658107144,4-3-0-1-2,FALSE,0.018238080010714253,0.0,-0.018238080010714253,STRUCTURALLY UNSTABLE,STRUCTURALLY UNSTABLE,EXECUTABLE
GRU_CONTROLLED_ALTERNATIVE,WHO,Switzerland,123,2025,96,32,3-4-1-2-0,0.4335932144648214,0.0964689591507039,0.1208563565357143,3-4-1-2-0,TRUE,0.0,0.0,0.0,STRUCTURALLY UNSTABLE,STRUCTURALLY UNSTABLE,EXECUTABLE
GRU_CONTROLLED_ALTERNATIVE,WHO,Switzerland,123,2025,72,24,4-1-2-0-3,0.6234196407862499,0.0964689591507039,-0.06897006978571418,3-4-1-2-0,FALSE,0.1898264263214285,0.0,-0.1898264263214285,STRUCTURALLY UNSTABLE,STRUCTURALLY UNSTABLE,EXECUTABLE
GRU_CONTROLLED_ALTERNATIVE,WHO,Switzerland,123,2025,48,16,3-1-2-0-4,0.5963619280005357,0.0964689591507039,-0.041912356999999956,3-4-1-2-0,FALSE,0.16276871353571426,0.0,-0.16276871353571426,STRUCTURALLY UNSTABLE,STRUCTURALLY UNSTABLE,EXECUTABLE
GRU_CONTROLLED_ALTERNATIVE,WHO,Thailand,42,123,96,32,0-1-4-3-2,0.5787625873839286,-0.022227161591464758,0.10844624607142861,0-1-4-3-2,TRUE,0.0,0.0,0.0,STRUCTURALLY UNSTABLE,STRUCTURALLY UNSTABLE,EXECUTABLE
GRU_CONTROLLED_ALTERNATIVE,WHO,Thailand,42,123,72,24,0-1-4-3-2,0.5787625873839286,-0.022227161591464758,0.10844624607142861,0-1-4-3-2,TRUE,0.0,0.0,0.0,STRUCTURALLY UNSTABLE,STRUCTURALLY UNSTABLE,EXECUTABLE
GRU_CONTROLLED_ALTERNATIVE,WHO,Thailand,42,123,48,16,2-1-4-3-0,0.5102649241696428,-0.022227161591464758,0.17694390928571446,0-1-4-3-2,FALSE,-0.06849766321428585,0.0,0.06849766321428585,STRUCTURALLY UNSTABLE,STRUCTURALLY UNSTABLE,EXECUTABLE
GRU_CONTROLLED_ALTERNATIVE,WHO,Thailand,42,2025,96,32,1-4-0-3-2,0.583342405875,-0.028006589785831912,0.2401030921785713,1-4-0-3-2,TRUE,0.0,0.0,0.0,STRUCTURALLY UNSTABLE,STRUCTURALLY UNSTABLE,EXECUTABLE
GRU_CONTROLLED_ALTERNATIVE,WHO,Thailand,42,2025,72,24,2-4-0-3-1,0.5983622262321427,-0.028006589785831912,0.2250832718214285,1-4-0-3-2,FALSE,0.015019820357142777,0.0,-0.015019820357142777,STRUCTURALLY UNSTABLE,STRUCTURALLY UNSTABLE,EXECUTABLE
GRU_CONTROLLED_ALTERNATIVE,WHO,Thailand,42,2025,48,16,2-4-0-3-1,0.5983622262321427,-0.028006589785831912,0.2250832718214285,1-4-0-3-2,FALSE,0.015019820357142777,0.0,-0.015019820357142777,STRUCTURALLY UNSTABLE,STRUCTURALLY UNSTABLE,EXECUTABLE
GRU_CONTROLLED_ALTERNATIVE,WHO,Thailand,123,2025,96,32,0-3-2-1-4,0.6332408080982141,0.02289920261705175,0.1175822944285716,0-3-2-1-4,TRUE,0.0,0.0,0.0,STRUCTURALLY UNSTABLE,STRUCTURALLY UNSTABLE,EXECUTABLE
GRU_CONTROLLED_ALTERNATIVE,WHO,Thailand,123,2025,72,24,0-3-1-2-4,0.6332408080982141,0.02289920261705175,0.1175822944285716,0-3-2-1-4,FALSE,0.0,0.0,0.0,STRUCTURALLY UNSTABLE,STRUCTURALLY UNSTABLE,EXECUTABLE
GRU_CONTROLLED_ALTERNATIVE,WHO,Thailand,123,2025,48,16,0-1-3-2-4,0.6485738015624999,0.02289920261705175,0.10224930096428586,0-3-2-1-4,FALSE,0.015332993464285738,0.0,-0.015332993464285738,STRUCTURALLY UNSTABLE,STRUCTURALLY UNSTABLE,EXECUTABLE
GRU_CONTROLLED_ALTERNATIVE,WHO,Timor-Leste,42,123,96,32,2-3-4-1-0,0.3940018569839287,0.2926035758500562,0.25963249592857135,2-3-4-1-0,TRUE,0.0,0.0,0.0,STRUCTURALLY UNSTABLE,STRUCTURALLY UNSTABLE,EXECUTABLE
GRU_CONTROLLED_ALTERNATIVE,WHO,Timor-Leste,42,123,72,24,2-3-4-1-0,0.3940018569839287,0.2926035758500562,0.25963249592857135,2-3-4-1-0,TRUE,0.0,0.0,0.0,STRUCTURALLY UNSTABLE,STRUCTURALLY UNSTABLE,EXECUTABLE
GRU_CONTROLLED_ALTERNATIVE,WHO,Timor-Leste,42,123,48,16,2-3-4-1-0,0.3940018569839287,0.2926035758500562,0.25963249592857135,2-3-4-1-0,TRUE,0.0,0.0,0.0,STRUCTURALLY UNSTABLE,STRUCTURALLY UNSTABLE,EXECUTABLE
GRU_CONTROLLED_ALTERNATIVE,WHO,Timor-Leste,42,2025,96,32,1-3-0-4-2,0.4605445413321428,-0.030466433000808837,0.1963589184928573,1-3-0-4-2,TRUE,0.0,0.0,0.0,STRUCTURALLY UNSTABLE,STRUCTURALLY UNSTABLE,EXECUTABLE
GRU_CONTROLLED_ALTERNATIVE,WHO,Timor-Leste,42,2025,72,24,1-3-0-4-2,0.4605445413321428,-0.030466433000808837,0.1963589184928573,1-3-0-4-2,TRUE,0.0,0.0,0.0,STRUCTURALLY UNSTABLE,STRUCTURALLY UNSTABLE,EXECUTABLE
GRU_CONTROLLED_ALTERNATIVE,WHO,Timor-Leste,42,2025,48,16,1-3-0-4-2,0.4605445413321428,-0.030466433000808837,0.1963589184928573,1-3-0-4-2,TRUE,0.0,0.0,0.0,STRUCTURALLY UNSTABLE,STRUCTURALLY UNSTABLE,EXECUTABLE
GRU_CONTROLLED_ALTERNATIVE,WHO,Timor-Leste,123,2025,96,32,0-3-2-1-4,0.5107675706625,0.07550849818891052,-0.002857117635714279,0-3-2-1-4,TRUE,0.0,0.0,0.0,STRUCTURALLY UNSTABLE,STRUCTURALLY UNSTABLE,EXECUTABLE
GRU_CONTROLLED_ALTERNATIVE,WHO,Timor-Leste,123,2025,72,24,0-3-1-4-2,0.5556545929125,0.07550849818891052,-0.04774413988571424,0-3-2-1-4,FALSE,0.044887022249999964,0.0,-0.044887022249999964,STRUCTURALLY UNSTABLE,STRUCTURALLY UNSTABLE,EXECUTABLE
GRU_CONTROLLED_ALTERNATIVE,WHO,Timor-Leste,123,2025,48,16,0-3-1-4-2,0.5556545929125,0.07550849818891052,-0.04774413988571424,0-3-2-1-4,FALSE,0.044887022249999964,0.0,-0.044887022249999964,STRUCTURALLY UNSTABLE,STRUCTURALLY UNSTABLE,EXECUTABLE
GRU_CONTROLLED_ALTERNATIVE,WHO,United Kingdom of Great Britain and Northern Ireland,42,123,96,32,1-2-4-0-3,0.6902996406517857,0.1003921831528844,0.1085481745000001,1-2-4-0-3,TRUE,0.0,0.0,0.0,STRUCTURALLY UNSTABLE,STRUCTURALLY UNSTABLE,EXECUTABLE
GRU_CONTROLLED_ALTERNATIVE,WHO,United Kingdom of Great Britain and Northern Ireland,42,123,72,24,1-2-4-0-3,0.6902996406517857,0.1003921831528844,0.1085481745000001,1-2-4-0-3,TRUE,0.0,0.0,0.0,STRUCTURALLY UNSTABLE,STRUCTURALLY UNSTABLE,EXECUTABLE
GRU_CONTROLLED_ALTERNATIVE,WHO,United Kingdom of Great Britain and Northern Ireland,42,123,48,16,1-2-4-0-3,0.6902996406517857,0.1003921831528844,0.1085481745000001,1-2-4-0-3,TRUE,0.0,0.0,0.0,STRUCTURALLY UNSTABLE,STRUCTURALLY UNSTABLE,EXECUTABLE
GRU_CONTROLLED_ALTERNATIVE,WHO,United Kingdom of Great Britain and Northern Ireland,42,2025,96,32,1-3-4-0-2,0.48013489556250005,0.17043730837502014,0.24612238457142827,1-3-4-0-2,TRUE,0.0,0.0,0.0,STRUCTURALLY UNSTABLE,STRUCTURALLY UNSTABLE,EXECUTABLE
GRU_CONTROLLED_ALTERNATIVE,WHO,United Kingdom of Great Britain and Northern Ireland,42,2025,72,24,1-3-4-0-2,0.48013489556250005,0.17043730837502014,0.24612238457142827,1-3-4-0-2,TRUE,0.0,0.0,0.0,STRUCTURALLY UNSTABLE,STRUCTURALLY UNSTABLE,EXECUTABLE
GRU_CONTROLLED_ALTERNATIVE,WHO,United Kingdom of Great Britain and Northern Ireland,42,2025,48,16,1-3-4-0-2,0.48013489556250005,0.17043730837502014,0.24612238457142827,1-3-4-0-2,TRUE,0.0,0.0,0.0,STRUCTURALLY UNSTABLE,STRUCTURALLY UNSTABLE,EXECUTABLE
GRU_CONTROLLED_ALTERNATIVE,WHO,United Kingdom of Great Britain and Northern Ireland,123,2025,96,32,0-1-3-4-2,0.4863314028035714,0.2286514716563484,0.1640077913928572,0-1-3-4-2,TRUE,0.0,0.0,0.0,STRUCTURALLY UNSTABLE,STRUCTURALLY UNSTABLE,EXECUTABLE
GRU_CONTROLLED_ALTERNATIVE,WHO,United Kingdom of Great Britain and Northern Ireland,123,2025,72,24,0-1-2-4-3,0.4566140950178571,0.2286514716563484,0.1937250991785715,0-1-3-4-2,FALSE,-0.029717307785714298,0.0,0.029717307785714298,STRUCTURALLY UNSTABLE,STRUCTURALLY UNSTABLE,EXECUTABLE
GRU_CONTROLLED_ALTERNATIVE,WHO,United Kingdom of Great Britain and Northern Ireland,123,2025,48,16,3-1-2-4-0,0.6073725089464286,0.2286514716563484,0.042966685250000025,0-1-3-4-2,FALSE,0.12104110614285718,0.0,-0.12104110614285718,STRUCTURALLY UNSTABLE,STRUCTURALLY UNSTABLE,EXECUTABLE
GRU_CONTROLLED_ALTERNATIVE,WHO,Vanuatu,42,123,96,32,2-1-4-3-0,0.4778361402142857,-0.016889924286546336,0.04396214178571428,2-1-4-3-0,TRUE,0.0,0.0,0.0,STRUCTURALLY UNSTABLE,STRUCTURALLY UNSTABLE,EXECUTABLE
GRU_CONTROLLED_ALTERNATIVE,WHO,Vanuatu,42,123,72,24,2-1-4-3-0,0.4778361402142857,-0.016889924286546336,0.04396214178571428,2-1-4-3-0,TRUE,0.0,0.0,0.0,STRUCTURALLY UNSTABLE,STRUCTURALLY UNSTABLE,EXECUTABLE
GRU_CONTROLLED_ALTERNATIVE,WHO,Vanuatu,42,123,48,16,2-1-4-3-0,0.4778361402142857,-0.016889924286546336,0.04396214178571428,2-1-4-3-0,TRUE,0.0,0.0,0.0,STRUCTURALLY UNSTABLE,STRUCTURALLY UNSTABLE,EXECUTABLE
GRU_CONTROLLED_ALTERNATIVE,WHO,Vanuatu,42,2025,96,32,3-1-4-2-0,0.5724807361071429,0.09235127478753542,0.20013878967857135,3-1-4-2-0,TRUE,0.0,0.0,0.0,STRUCTURALLY UNSTABLE,STRUCTURALLY UNSTABLE,EXECUTABLE
GRU_CONTROLLED_ALTERNATIVE,WHO,Vanuatu,42,2025,72,24,3-1-4-2-0,0.5724807361071429,0.09235127478753542,0.20013878967857135,3-1-4-2-0,TRUE,0.0,0.0,0.0,STRUCTURALLY UNSTABLE,STRUCTURALLY UNSTABLE,EXECUTABLE
GRU_CONTROLLED_ALTERNATIVE,WHO,Vanuatu,42,2025,48,16,3-1-4-2-0,0.5724807361071429,0.09235127478753542,0.20013878967857135,3-1-4-2-0,TRUE,0.0,0.0,0.0,STRUCTURALLY UNSTABLE,STRUCTURALLY UNSTABLE,EXECUTABLE
GRU_CONTROLLED_ALTERNATIVE,WHO,Vanuatu,123,2025,96,32,0-3-2-1-4,0.3739152384642857,0.01942760468067101,0.16669855085714286,0-3-2-1-4,TRUE,0.0,0.0,0.0,STRUCTURALLY UNSTABLE,STRUCTURALLY UNSTABLE,EXECUTABLE
GRU_CONTROLLED_ALTERNATIVE,WHO,Vanuatu,123,2025,72,24,0-1-2-4-3,0.5342710436071428,0.01942760468067101,0.006342745714285725,0-3-2-1-4,FALSE,0.16035580514285713,0.0,-0.16035580514285713,STRUCTURALLY UNSTABLE,STRUCTURALLY UNSTABLE,EXECUTABLE
GRU_CONTROLLED_ALTERNATIVE,WHO,Vanuatu,123,2025,48,16,0-3-2-1-4,0.3739152384642857,0.01942760468067101,0.16669855085714286,0-3-2-1-4,TRUE,0.0,0.0,0.0,STRUCTURALLY UNSTABLE,STRUCTURALLY UNSTABLE,EXECUTABLE
GRU_CONTROLLED_ALTERNATIVE,WHO,Viet Nam,42,123,96,32,2-4-3-1-0,0.8646102906249998,-0.003738317757009373,-0.39662993410714265,2-4-3-1-0,TRUE,0.0,0.0,0.0,STRUCTURALLY UNSTABLE,STRUCTURALLY UNSTABLE,EXECUTABLE
GRU_CONTROLLED_ALTERNATIVE,WHO,Viet Nam,42,123,72,24,1-4-3-2-0,0.7371946368035713,-0.003738317757009373,-0.26921428028571415,2-4-3-1-0,FALSE,-0.1274156538214285,0.0,0.1274156538214285,STRUCTURALLY UNSTABLE,STRUCTURALLY UNSTABLE,EXECUTABLE
GRU_CONTROLLED_ALTERNATIVE,WHO,Viet Nam,42,123,48,16,0-4-3-1-2,0.7269263642321429,-0.003738317757009373,-0.25894600771428566,2-4-3-1-0,FALSE,-0.13768392639285698,0.0,0.13768392639285698,STRUCTURALLY UNSTABLE,STRUCTURALLY UNSTABLE,EXECUTABLE
GRU_CONTROLLED_ALTERNATIVE,WHO,Viet Nam,42,2025,96,32,4-0-3-1-2,0.8362678112053572,0.18874773139745918,0.02115544233928568,4-0-3-1-2,TRUE,0.0,0.0,0.0,STRUCTURALLY UNSTABLE,STRUCTURALLY UNSTABLE,EXECUTABLE
GRU_CONTROLLED_ALTERNATIVE,WHO,Viet Nam,42,2025,72,24,4-0-3-1-2,0.8362678112053572,0.18874773139745918,0.02115544233928568,4-0-3-1-2,TRUE,0.0,0.0,0.0,STRUCTURALLY UNSTABLE,STRUCTURALLY UNSTABLE,EXECUTABLE
GRU_CONTROLLED_ALTERNATIVE,WHO,Viet Nam,42,2025,48,16,0-3-1-4-2,0.8085813947053572,0.18874773139745918,0.04884185883928571,4-0-3-1-2,FALSE,-0.027686416500000033,0.0,0.027686416500000033,STRUCTURALLY UNSTABLE,STRUCTURALLY UNSTABLE,EXECUTABLE
GRU_CONTROLLED_ALTERNATIVE,WHO,Viet Nam,123,2025,96,32,2-3-4-1-0,0.6015752869910714,-0.06285324774915504,0.32129561812499985,2-3-4-1-0,TRUE,0.0,0.0,0.0,STRUCTURALLY UNSTABLE,STRUCTURALLY UNSTABLE,EXECUTABLE
GRU_CONTROLLED_ALTERNATIVE,WHO,Viet Nam,123,2025,72,24,2-3-4-1-0,0.6015752869910714,-0.06285324774915504,0.32129561812499985,2-3-4-1-0,TRUE,0.0,0.0,0.0,STRUCTURALLY UNSTABLE,STRUCTURALLY UNSTABLE,EXECUTABLE
GRU_CONTROLLED_ALTERNATIVE,WHO,Viet Nam,123,2025,48,16,4-3-2-1-0,0.6015752869910714,-0.06285324774915504,0.32129561812499985,2-3-4-1-0,FALSE,0.0,0.0,0.0,STRUCTURALLY UNSTABLE,STRUCTURALLY UNSTABLE,EXECUTABLE
GRU_CONTROLLED_ALTERNATIVE,Electricity,T7,42,123,96,32,3-2-4-0-1,0.31903508616071435,0.003912800447177163,0.42976627403571416,3-2-4-0-1,TRUE,0.0,0.0,0.0,STRUCTURALLY UNSTABLE,STRUCTURALLY UNSTABLE,EXECUTABLE
GRU_CONTROLLED_ALTERNATIVE,Electricity,T7,42,123,72,24,3-2-4-0-1,0.31903508616071435,0.003912800447177163,0.42976627403571416,3-2-4-0-1,TRUE,0.0,0.0,0.0,STRUCTURALLY UNSTABLE,STRUCTURALLY UNSTABLE,EXECUTABLE
GRU_CONTROLLED_ALTERNATIVE,Electricity,T7,42,123,48,16,0-2-4-3-1,0.3808137109464287,0.003912800447177163,0.3679876492499998,3-2-4-0-1,FALSE,0.06177862478571433,0.0,-0.06177862478571433,STRUCTURALLY UNSTABLE,STRUCTURALLY UNSTABLE,EXECUTABLE
GRU_CONTROLLED_ALTERNATIVE,Electricity,T7,42,2025,96,32,3-4-2-0-1,0.35561997893035713,0.18052587568521777,0.08744972669642859,3-4-2-0-1,TRUE,0.0,0.0,0.0,STRUCTURALLY UNSTABLE,STRUCTURALLY UNSTABLE,EXECUTABLE
GRU_CONTROLLED_ALTERNATIVE,Electricity,T7,42,2025,72,24,3-4-2-0-1,0.35561997893035713,0.18052587568521777,0.08744972669642859,3-4-2-0-1,TRUE,0.0,0.0,0.0,STRUCTURALLY UNSTABLE,STRUCTURALLY UNSTABLE,EXECUTABLE
GRU_CONTROLLED_ALTERNATIVE,Electricity,T7,42,2025,48,16,0-3-2-4-1,0.39452407117678573,0.18052587568521777,0.048545634449999986,3-4-2-0-1,FALSE,0.0389040922464286,0.0,-0.0389040922464286,STRUCTURALLY UNSTABLE,STRUCTURALLY UNSTABLE,EXECUTABLE
GRU_CONTROLLED_ALTERNATIVE,Electricity,T7,123,2025,96,32,0-3-1-4-2,0.2994049922125,0.05441536433816603,0.35732402787857137,0-3-1-4-2,TRUE,0.0,0.0,0.0,STRUCTURALLY UNSTABLE,STRUCTURALLY UNSTABLE,EXECUTABLE
GRU_CONTROLLED_ALTERNATIVE,Electricity,T7,123,2025,72,24,0-1-3-4-2,0.3075423933910714,0.05441536433816603,0.34918662669999995,0-3-1-4-2,FALSE,0.008137401178571424,0.0,-0.008137401178571424,STRUCTURALLY UNSTABLE,STRUCTURALLY UNSTABLE,EXECUTABLE
GRU_CONTROLLED_ALTERNATIVE,Electricity,T7,123,2025,48,16,0-3-1-4-2,0.2994049922125,0.05441536433816603,0.35732402787857137,0-3-1-4-2,TRUE,0.0,0.0,0.0,STRUCTURALLY UNSTABLE,STRUCTURALLY UNSTABLE,EXECUTABLE
GRU_CONTROLLED_ALTERNATIVE,Electricity,T314,42,123,96,32,3-1-4-0-2,0.4529684907785715,-0.04892966360856251,0.32584773142857126,3-1-4-0-2,TRUE,0.0,0.0,0.0,STRUCTURALLY UNSTABLE,STRUCTURALLY UNSTABLE,EXECUTABLE
GRU_CONTROLLED_ALTERNATIVE,Electricity,T314,42,123,72,24,1-3-4-0-2,0.4523312687071429,-0.04892966360856251,0.32648495349999984,3-1-4-0-2,FALSE,-0.0006372220714285781,0.0,0.0006372220714285781,STRUCTURALLY UNSTABLE,STRUCTURALLY UNSTABLE,EXECUTABLE
GRU_CONTROLLED_ALTERNATIVE,Electricity,T314,42,123,48,16,0-3-4-1-2,0.46367581085000004,-0.04892966360856251,0.3151404113571427,3-1-4-0-2,FALSE,0.01070732007142855,0.0,-0.01070732007142855,STRUCTURALLY UNSTABLE,STRUCTURALLY UNSTABLE,EXECUTABLE
GRU_CONTROLLED_ALTERNATIVE,Electricity,T314,42,2025,96,32,2-3-1-0-4,0.7162516062125001,0.05604203152364276,0.051199731324999775,2-3-1-0-4,TRUE,0.0,0.0,0.0,STRUCTURALLY UNSTABLE,STRUCTURALLY UNSTABLE,EXECUTABLE
GRU_CONTROLLED_ALTERNATIVE,Electricity,T314,42,2025,72,24,2-3-1-0-4,0.7162516062125001,0.05604203152364276,0.051199731324999775,2-3-1-0-4,TRUE,0.0,0.0,0.0,STRUCTURALLY UNSTABLE,STRUCTURALLY UNSTABLE,EXECUTABLE
GRU_CONTROLLED_ALTERNATIVE,Electricity,T314,42,2025,48,16,2-1-3-0-4,0.7722355203053571,0.05604203152364276,-0.0047841827678573035,2-3-1-0-4,FALSE,0.05598391409285708,0.0,-0.05598391409285708,STRUCTURALLY UNSTABLE,STRUCTURALLY UNSTABLE,EXECUTABLE
GRU_CONTROLLED_ALTERNATIVE,Electricity,T314,123,2025,96,32,2-3-4-1-0,0.4310078053839286,0.041241820118703414,0.11240216794642854,2-3-4-1-0,TRUE,0.0,0.0,0.0,STRUCTURALLY UNSTABLE,STRUCTURALLY UNSTABLE,EXECUTABLE
GRU_CONTROLLED_ALTERNATIVE,Electricity,T314,123,2025,72,24,2-3-4-1-0,0.4310078053839286,0.041241820118703414,0.11240216794642854,2-3-4-1-0,TRUE,0.0,0.0,0.0,STRUCTURALLY UNSTABLE,STRUCTURALLY UNSTABLE,EXECUTABLE
GRU_CONTROLLED_ALTERNATIVE,Electricity,T314,123,2025,48,16,2-3-1-4-0,0.38838143613392867,0.041241820118703414,0.15502853719642845,2-3-4-1-0,FALSE,-0.04262636924999991,0.0,0.04262636924999991,STRUCTURALLY UNSTABLE,STRUCTURALLY UNSTABLE,EXECUTABLE
GRU_CONTROLLED_ALTERNATIVE,Electricity,T108,42,123,96,32,2-1-4-3-0,0.46394483220535715,0.013827289329506885,0.1582490397857143,2-1-4-3-0,TRUE,0.0,0.0,0.0,STRUCTURALLY UNSTABLE,STRUCTURALLY UNSTABLE,EXECUTABLE
GRU_CONTROLLED_ALTERNATIVE,Electricity,T108,42,123,72,24,2-1-4-0-3,0.46987095728035727,0.013827289329506885,0.15232291471071419,2-1-4-3-0,FALSE,0.0059261250750001215,0.0,-0.0059261250750001215,STRUCTURALLY UNSTABLE,STRUCTURALLY UNSTABLE,EXECUTABLE
GRU_CONTROLLED_ALTERNATIVE,Electricity,T108,42,123,48,16,2-1-4-3-0,0.46394483220535715,0.013827289329506885,0.1582490397857143,2-1-4-3-0,TRUE,0.0,0.0,0.0,STRUCTURALLY UNSTABLE,STRUCTURALLY UNSTABLE,EXECUTABLE
GRU_CONTROLLED_ALTERNATIVE,Electricity,T108,42,2025,96,32,0-2-4-3-1,0.5774127822428571,0.01274900398406378,0.1630205410357144,0-2-4-3-1,TRUE,0.0,0.0,0.0,STRUCTURALLY UNSTABLE,STRUCTURALLY UNSTABLE,EXECUTABLE
GRU_CONTROLLED_ALTERNATIVE,Electricity,T108,42,2025,72,24,0-2-4-3-1,0.5774127822428571,0.01274900398406378,0.1630205410357144,0-2-4-3-1,TRUE,0.0,0.0,0.0,STRUCTURALLY UNSTABLE,STRUCTURALLY UNSTABLE,EXECUTABLE
GRU_CONTROLLED_ALTERNATIVE,Electricity,T108,42,2025,48,16,0-3-4-2-1,0.55615699485,0.01274900398406378,0.18427632842857145,0-2-4-3-1,FALSE,-0.02125578739285705,0.0,0.02125578739285705,STRUCTURALLY UNSTABLE,STRUCTURALLY UNSTABLE,EXECUTABLE
GRU_CONTROLLED_ALTERNATIVE,Electricity,T108,123,2025,96,32,0-1-2-3-4,0.5269710594410714,0.28263747903610204,0.0,0-1-2-3-4,TRUE,0.0,0.0,0.0,STRUCTURALLY UNSTABLE,STRUCTURALLY UNSTABLE,EXECUTABLE
GRU_CONTROLLED_ALTERNATIVE,Electricity,T108,123,2025,72,24,2-1-0-3-4,0.4860785061910713,0.28263747903610204,0.040892553250000074,0-1-2-3-4,FALSE,-0.040892553250000074,0.0,0.040892553250000074,STRUCTURALLY UNSTABLE,STRUCTURALLY UNSTABLE,EXECUTABLE
GRU_CONTROLLED_ALTERNATIVE,Electricity,T108,123,2025,48,16,1-3-0-2-4,0.5085892249767857,0.28263747903610204,0.01838183446428565,0-1-2-3-4,FALSE,-0.01838183446428565,0.0,0.01838183446428565,STRUCTURALLY UNSTABLE,STRUCTURALLY UNSTABLE,EXECUTABLE
GRU_CONTROLLED_ALTERNATIVE,Electricity,T84,42,123,96,32,0-4-2-1-3,0.5009061570221428,0.033465396611312426,0.2957566719000001,0-4-2-1-3,TRUE,0.0,0.0,0.0,STRUCTURALLY UNSTABLE,STRUCTURALLY UNSTABLE,EXECUTABLE
GRU_CONTROLLED_ALTERNATIVE,Electricity,T84,42,123,72,24,0-4-2-1-3,0.5009061570221428,0.033465396611312426,0.2957566719000001,0-4-2-1-3,TRUE,0.0,0.0,0.0,STRUCTURALLY UNSTABLE,STRUCTURALLY UNSTABLE,EXECUTABLE
GRU_CONTROLLED_ALTERNATIVE,Electricity,T84,42,123,48,16,3-4-0-1-2,0.456187380165,0.033465396611312426,0.3404754487571429,0-4-2-1-3,FALSE,-0.04471877685714282,0.0,0.04471877685714282,STRUCTURALLY UNSTABLE,STRUCTURALLY UNSTABLE,EXECUTABLE
GRU_CONTROLLED_ALTERNATIVE,Electricity,T84,42,2025,96,32,0-3-4-1-2,0.41702357713464283,-0.10739183507391836,0.3574530663842858,0-3-4-1-2,TRUE,0.0,0.0,0.0,STRUCTURALLY UNSTABLE,STRUCTURALLY UNSTABLE,EXECUTABLE
GRU_CONTROLLED_ALTERNATIVE,Electricity,T84,42,2025,72,24,0-3-4-1-2,0.41702357713464283,-0.10739183507391836,0.3574530663842858,0-3-4-1-2,TRUE,0.0,0.0,0.0,STRUCTURALLY UNSTABLE,STRUCTURALLY UNSTABLE,EXECUTABLE
GRU_CONTROLLED_ALTERNATIVE,Electricity,T84,42,2025,48,16,2-3-4-1-0,0.41570512592035713,-0.10739183507391836,0.3587715175985715,0-3-4-1-2,FALSE,-0.0013184512142856986,0.0,0.0013184512142856986,STRUCTURALLY UNSTABLE,STRUCTURALLY UNSTABLE,EXECUTABLE
GRU_CONTROLLED_ALTERNATIVE,Electricity,T84,123,2025,96,32,3-0-1-2-4,0.4769053329339285,0.05586545666472397,0.0492870994285714,3-0-1-2-4,TRUE,0.0,0.0,0.0,STRUCTURALLY UNSTABLE,STRUCTURALLY UNSTABLE,EXECUTABLE
GRU_CONTROLLED_ALTERNATIVE,Electricity,T84,123,2025,72,24,4-0-1-2-3,0.609657425755357,0.05586545666472397,-0.08346499339285707,3-0-1-2-4,FALSE,0.13275209282142847,0.0,-0.13275209282142847,STRUCTURALLY UNSTABLE,STRUCTURALLY UNSTABLE,EXECUTABLE
GRU_CONTROLLED_ALTERNATIVE,Electricity,T84,123,2025,48,16,3-0-1-2-4,0.4769053329339285,0.05586545666472397,0.0492870994285714,3-0-1-2-4,TRUE,0.0,0.0,0.0,STRUCTURALLY UNSTABLE,STRUCTURALLY UNSTABLE,EXECUTABLE
GRU_CONTROLLED_ALTERNATIVE,Electricity,T106,42,123,96,32,1-0-4-2-3,0.4452355632803571,0.3114030478192328,0.2929845087607144,1-0-4-2-3,TRUE,0.0,0.0,0.0,STRUCTURALLY UNSTABLE,STRUCTURALLY UNSTABLE,EXECUTABLE
GRU_CONTROLLED_ALTERNATIVE,Electricity,T106,42,123,72,24,1-0-4-2-3,0.4452355632803571,0.3114030478192328,0.2929845087607144,1-0-4-2-3,TRUE,0.0,0.0,0.0,STRUCTURALLY UNSTABLE,STRUCTURALLY UNSTABLE,EXECUTABLE
GRU_CONTROLLED_ALTERNATIVE,Electricity,T106,42,123,48,16,1-0-4-2-3,0.4452355632803571,0.3114030478192328,0.2929845087607144,1-0-4-2-3,TRUE,0.0,0.0,0.0,STRUCTURALLY UNSTABLE,STRUCTURALLY UNSTABLE,EXECUTABLE
GRU_CONTROLLED_ALTERNATIVE,Electricity,T106,42,2025,96,32,3-0-4-1-2,0.48612134120178574,0.24433874470065142,0.25339377536428564,3-0-4-1-2,TRUE,0.0,0.0,0.0,STRUCTURALLY UNSTABLE,STRUCTURALLY UNSTABLE,EXECUTABLE
GRU_CONTROLLED_ALTERNATIVE,Electricity,T106,42,2025,72,24,0-3-4-2-1,0.4812237140053571,0.24433874470065142,0.2582914025607143,3-0-4-1-2,FALSE,-0.004897627196428667,0.0,0.004897627196428667,STRUCTURALLY UNSTABLE,STRUCTURALLY UNSTABLE,EXECUTABLE
GRU_CONTROLLED_ALTERNATIVE,Electricity,T106,42,2025,48,16,1-0-4-2-3,0.42621860732678574,0.24433874470065142,0.31329650923928565,3-0-4-1-2,FALSE,-0.059902733875,0.0,0.059902733875,STRUCTURALLY UNSTABLE,STRUCTURALLY UNSTABLE,EXECUTABLE
GRU_CONTROLLED_ALTERNATIVE,Electricity,T106,123,2025,96,32,0-1-2-3-4,0.44621278324999997,0.11647308425329932,0.0,0-1-2-3-4,TRUE,0.0,0.0,0.0,STRUCTURALLY UNSTABLE,STRUCTURALLY UNSTABLE,EXECUTABLE
GRU_CONTROLLED_ALTERNATIVE,Electricity,T106,123,2025,72,24,3-1-0-2-4,0.50179773325,0.11647308425329932,-0.05558495000000002,0-1-2-3-4,FALSE,0.05558495000000002,0.0,-0.05558495000000002,STRUCTURALLY UNSTABLE,STRUCTURALLY UNSTABLE,EXECUTABLE
GRU_CONTROLLED_ALTERNATIVE,Electricity,T106,123,2025,48,16,0-1-2-3-4,0.44621278324999997,0.11647308425329932,0.0,0-1-2-3-4,TRUE,0.0,0.0,0.0,STRUCTURALLY UNSTABLE,STRUCTURALLY UNSTABLE,EXECUTABLE
GRU_CONTROLLED_ALTERNATIVE,Electricity,T318,42,123,96,32,2-1-4-0-3,0.5196194694999999,0.3648442605096929,0.0542168430357145,2-1-4-0-3,TRUE,0.0,0.0,0.0,STRUCTURALLY UNSTABLE,STRUCTURALLY UNSTABLE,EXECUTABLE
GRU_CONTROLLED_ALTERNATIVE,Electricity,T318,42,123,72,24,2-1-4-0-3,0.5196194694999999,0.3648442605096929,0.0542168430357145,2-1-4-0-3,TRUE,0.0,0.0,0.0,STRUCTURALLY UNSTABLE,STRUCTURALLY UNSTABLE,EXECUTABLE
GRU_CONTROLLED_ALTERNATIVE,Electricity,T318,42,123,48,16,2-1-4-0-3,0.5196194694999999,0.3648442605096929,0.0542168430357145,2-1-4-0-3,TRUE,0.0,0.0,0.0,STRUCTURALLY UNSTABLE,STRUCTURALLY UNSTABLE,EXECUTABLE
GRU_CONTROLLED_ALTERNATIVE,Electricity,T318,42,2025,96,32,3-1-4-0-2,0.5755010707321428,0.10678666990999756,0.11594652207142853,3-1-4-0-2,TRUE,0.0,0.0,0.0,STRUCTURALLY UNSTABLE,STRUCTURALLY UNSTABLE,EXECUTABLE
GRU_CONTROLLED_ALTERNATIVE,Electricity,T318,42,2025,72,24,2-1-4-0-3,0.5127631932321429,0.10678666990999756,0.17868439957142845,3-1-4-0-2,FALSE,-0.06273787749999993,0.0,0.06273787749999993,STRUCTURALLY UNSTABLE,STRUCTURALLY UNSTABLE,EXECUTABLE
GRU_CONTROLLED_ALTERNATIVE,Electricity,T318,42,2025,48,16,2-1-4-0-3,0.5127631932321429,0.10678666990999756,0.17868439957142845,3-1-4-0-2,FALSE,-0.06273787749999993,0.0,0.06273787749999993,STRUCTURALLY UNSTABLE,STRUCTURALLY UNSTABLE,EXECUTABLE
GRU_CONTROLLED_ALTERNATIVE,Electricity,T318,123,2025,96,32,0-1-2-3-4,0.4329437924464286,0.26051516139550046,0.0,0-1-2-3-4,TRUE,0.0,0.0,0.0,STRUCTURALLY UNSTABLE,STRUCTURALLY UNSTABLE,EXECUTABLE
GRU_CONTROLLED_ALTERNATIVE,Electricity,T318,123,2025,72,24,0-1-2-3-4,0.4329437924464286,0.26051516139550046,0.0,0-1-2-3-4,TRUE,0.0,0.0,0.0,STRUCTURALLY UNSTABLE,STRUCTURALLY UNSTABLE,EXECUTABLE
GRU_CONTROLLED_ALTERNATIVE,Electricity,T318,123,2025,48,16,0-1-3-2-4,0.4407879554821429,0.26051516139550046,-0.00784416303571428,0-1-2-3-4,FALSE,0.00784416303571428,0.0,-0.00784416303571428,STRUCTURALLY UNSTABLE,STRUCTURALLY UNSTABLE,EXECUTABLE
GRU_CONTROLLED_ALTERNATIVE,Electricity,T82,42,123,96,32,2-1-4-3-0,0.44227886237321423,0.20567229977957383,0.22145019037142855,2-1-4-3-0,TRUE,0.0,0.0,0.0,STRUCTURALLY UNSTABLE,STRUCTURALLY UNSTABLE,EXECUTABLE
GRU_CONTROLLED_ALTERNATIVE,Electricity,T82,42,123,72,24,2-1-4-3-0,0.44227886237321423,0.20567229977957383,0.22145019037142855,2-1-4-3-0,TRUE,0.0,0.0,0.0,STRUCTURALLY UNSTABLE,STRUCTURALLY UNSTABLE,EXECUTABLE
GRU_CONTROLLED_ALTERNATIVE,Electricity,T82,42,123,48,16,2-1-4-3-0,0.44227886237321423,0.20567229977957383,0.22145019037142855,2-1-4-3-0,TRUE,0.0,0.0,0.0,STRUCTURALLY UNSTABLE,STRUCTURALLY UNSTABLE,EXECUTABLE
GRU_CONTROLLED_ALTERNATIVE,Electricity,T82,42,2025,96,32,1-3-4-0-2,0.48178514050535715,0.04558697039482813,0.41305908953571446,1-3-4-0-2,TRUE,0.0,0.0,0.0,STRUCTURALLY UNSTABLE,STRUCTURALLY UNSTABLE,EXECUTABLE
GRU_CONTROLLED_ALTERNATIVE,Electricity,T82,42,2025,72,24,1-3-4-0-2,0.48178514050535715,0.04558697039482813,0.41305908953571446,1-3-4-0-2,TRUE,0.0,0.0,0.0,STRUCTURALLY UNSTABLE,STRUCTURALLY UNSTABLE,EXECUTABLE
GRU_CONTROLLED_ALTERNATIVE,Electricity,T82,42,2025,48,16,1-3-4-2-0,0.4827374924946429,0.04558697039482813,0.41210673754642874,1-3-4-0-2,FALSE,0.0009523519892857268,0.0,-0.0009523519892857268,STRUCTURALLY UNSTABLE,STRUCTURALLY UNSTABLE,EXECUTABLE
GRU_CONTROLLED_ALTERNATIVE,Electricity,T82,123,2025,96,32,2-0-3-1-4,0.5179938051892857,0.5255579156437064,0.058969912928571344,2-0-3-1-4,TRUE,0.0,0.0,0.0,STRUCTURALLY UNSTABLE,STRUCTURALLY UNSTABLE,EXECUTABLE
GRU_CONTROLLED_ALTERNATIVE,Electricity,T82,123,2025,72,24,2-3-1-0-4,0.3543204532607143,0.5255579156437064,0.22264326485714275,2-0-3-1-4,FALSE,-0.1636733519285714,0.0,0.1636733519285714,STRUCTURALLY UNSTABLE,STRUCTURALLY UNSTABLE,EXECUTABLE
GRU_CONTROLLED_ALTERNATIVE,Electricity,T82,123,2025,48,16,2-3-1-0-4,0.3543204532607143,0.5255579156437064,0.22264326485714275,2-0-3-1-4,FALSE,-0.1636733519285714,0.0,0.1636733519285714,STRUCTURALLY UNSTABLE,STRUCTURALLY UNSTABLE,EXECUTABLE
GRU_CONTROLLED_ALTERNATIVE,Electricity,T128,42,123,96,32,3-2-0-1-4,0.5881483918357143,0.3367497563013508,0.056607487485714314,3-2-0-1-4,TRUE,0.0,0.0,0.0,STRUCTURALLY UNSTABLE,STRUCTURALLY UNSTABLE,EXECUTABLE
GRU_CONTROLLED_ALTERNATIVE,Electricity,T128,42,123,72,24,3-2-0-1-4,0.5881483918357143,0.3367497563013508,0.056607487485714314,3-2-0-1-4,TRUE,0.0,0.0,0.0,STRUCTURALLY UNSTABLE,STRUCTURALLY UNSTABLE,EXECUTABLE
GRU_CONTROLLED_ALTERNATIVE,Electricity,T128,42,123,48,16,3-2-0-4-1,0.5854804441071427,0.3367497563013508,0.05927543521428591,3-2-0-1-4,FALSE,-0.002667947728571596,0.0,0.002667947728571596,STRUCTURALLY UNSTABLE,STRUCTURALLY UNSTABLE,EXECUTABLE
GRU_CONTROLLED_ALTERNATIVE,Electricity,T128,42,2025,96,32,1-4-0-3-2,0.6570952139000001,0.2854871133247322,0.11969635877499996,1-4-0-3-2,TRUE,0.0,0.0,0.0,STRUCTURALLY UNSTABLE,STRUCTURALLY UNSTABLE,EXECUTABLE
GRU_CONTROLLED_ALTERNATIVE,Electricity,T128,42,2025,72,24,1-4-0-3-2,0.6570952139000001,0.2854871133247322,0.11969635877499996,1-4-0-3-2,TRUE,0.0,0.0,0.0,STRUCTURALLY UNSTABLE,STRUCTURALLY UNSTABLE,EXECUTABLE
GRU_CONTROLLED_ALTERNATIVE,Electricity,T128,42,2025,48,16,1-4-0-3-2,0.6570952139000001,0.2854871133247322,0.11969635877499996,1-4-0-3-2,TRUE,0.0,0.0,0.0,STRUCTURALLY UNSTABLE,STRUCTURALLY UNSTABLE,EXECUTABLE
GRU_CONTROLLED_ALTERNATIVE,Electricity,T128,123,2025,96,32,0-4-1-3-2,0.5763158882107142,0.11240320912419983,0.021829371535714293,0-4-1-3-2,TRUE,0.0,0.0,0.0,STRUCTURALLY UNSTABLE,STRUCTURALLY UNSTABLE,EXECUTABLE
GRU_CONTROLLED_ALTERNATIVE,Electricity,T128,123,2025,72,24,0-4-1-3-2,0.5763158882107142,0.11240320912419983,0.021829371535714293,0-4-1-3-2,TRUE,0.0,0.0,0.0,STRUCTURALLY UNSTABLE,STRUCTURALLY UNSTABLE,EXECUTABLE
GRU_CONTROLLED_ALTERNATIVE,Electricity,T128,123,2025,48,16,0-3-1-4-2,0.7047855451749999,0.11240320912419983,-0.1066402854285714,0-4-1-3-2,FALSE,0.1284696569642857,0.0,-0.1284696569642857,STRUCTURALLY UNSTABLE,STRUCTURALLY UNSTABLE,EXECUTABLE
GRU_CONTROLLED_ALTERNATIVE,Electricity,T129,42,123,96,32,0-2-4-3-1,0.5320557541964286,0.15074355408152348,0.12383941896428563,0-2-4-3-1,TRUE,0.0,0.0,0.0,STRUCTURALLY UNSTABLE,STRUCTURALLY UNSTABLE,EXECUTABLE
GRU_CONTROLLED_ALTERNATIVE,Electricity,T129,42,123,72,24,0-2-4-1-3,0.553252829642857,0.15074355408152348,0.10264234351785717,0-2-4-3-1,FALSE,0.02119707544642846,0.0,-0.02119707544642846,STRUCTURALLY UNSTABLE,STRUCTURALLY UNSTABLE,EXECUTABLE
GRU_CONTROLLED_ALTERNATIVE,Electricity,T129,42,123,48,16,0-2-4-3-1,0.5320557541964286,0.15074355408152348,0.12383941896428563,0-2-4-3-1,TRUE,0.0,0.0,0.0,STRUCTURALLY UNSTABLE,STRUCTURALLY UNSTABLE,EXECUTABLE
GRU_CONTROLLED_ALTERNATIVE,Electricity,T129,42,2025,96,32,3-4-2-1-0,0.6255804298089285,0.023371840940813116,0.12205790014285711,3-4-2-1-0,TRUE,0.0,0.0,0.0,STRUCTURALLY UNSTABLE,STRUCTURALLY UNSTABLE,EXECUTABLE
GRU_CONTROLLED_ALTERNATIVE,Electricity,T129,42,2025,72,24,4-1-3-2-0,0.6902579705589286,0.023371840940813116,0.05738035939285702,3-4-2-1-0,FALSE,0.0646775407500001,0.0,-0.0646775407500001,STRUCTURALLY UNSTABLE,STRUCTURALLY UNSTABLE,EXECUTABLE
GRU_CONTROLLED_ALTERNATIVE,Electricity,T129,42,2025,48,16,1-4-3-2-0,0.6699944085946428,0.023371840940813116,0.07764392135714282,3-4-2-1-0,FALSE,0.04441397878571429,0.0,-0.04441397878571429,STRUCTURALLY UNSTABLE,STRUCTURALLY UNSTABLE,EXECUTABLE
GRU_CONTROLLED_ALTERNATIVE,Electricity,T129,123,2025,96,32,4-1-2-3-0,0.43731392579821426,0.17003858097299332,0.1097242180357143,4-1-2-3-0,TRUE,0.0,0.0,0.0,STRUCTURALLY UNSTABLE,STRUCTURALLY UNSTABLE,EXECUTABLE
GRU_CONTROLLED_ALTERNATIVE,Electricity,T129,123,2025,72,24,4-2-1-0-3,0.4206569204410714,0.17003858097299332,0.12638122339285718,4-1-2-3-0,FALSE,-0.016657005357142873,0.0,0.016657005357142873,STRUCTURALLY UNSTABLE,STRUCTURALLY UNSTABLE,EXECUTABLE
GRU_CONTROLLED_ALTERNATIVE,Electricity,T129,123,2025,48,16,0-2-4-1-3,0.5753001230839285,0.17003858097299332,-0.028261979249999958,4-1-2-3-0,FALSE,0.13798619728571426,0.0,-0.13798619728571426,STRUCTURALLY UNSTABLE,STRUCTURALLY UNSTABLE,EXECUTABLE
GRU_CONTROLLED_ALTERNATIVE,Electricity,T104,42,123,96,32,3-0-4-1-2,0.4948141470392858,0.0398379473328832,0.08200546978571427,3-0-4-1-2,TRUE,0.0,0.0,0.0,STRUCTURALLY UNSTABLE,STRUCTURALLY UNSTABLE,EXECUTABLE
GRU_CONTROLLED_ALTERNATIVE,Electricity,T104,42,123,72,24,1-0-4-3-2,0.46406613526071433,0.0398379473328832,0.11275348156428572,3-0-4-1-2,FALSE,-0.03074801177857145,0.0,0.03074801177857145,STRUCTURALLY UNSTABLE,STRUCTURALLY UNSTABLE,EXECUTABLE
GRU_CONTROLLED_ALTERNATIVE,Electricity,T104,42,123,48,16,1-0-4-3-2,0.46406613526071433,0.0398379473328832,0.11275348156428572,3-0-4-1-2,FALSE,-0.03074801177857145,0.0,0.03074801177857145,STRUCTURALLY UNSTABLE,STRUCTURALLY UNSTABLE,EXECUTABLE
GRU_CONTROLLED_ALTERNATIVE,Electricity,T104,42,2025,96,32,2-4-3-1-0,0.5027478176160715,0.10285714285714286,0.25236196448571424,2-4-3-1-0,TRUE,0.0,0.0,0.0,STRUCTURALLY UNSTABLE,STRUCTURALLY UNSTABLE,EXECUTABLE
GRU_CONTROLLED_ALTERNATIVE,Electricity,T104,42,2025,72,24,2-4-3-1-0,0.5027478176160715,0.10285714285714286,0.25236196448571424,2-4-3-1-0,TRUE,0.0,0.0,0.0,STRUCTURALLY UNSTABLE,STRUCTURALLY UNSTABLE,EXECUTABLE
GRU_CONTROLLED_ALTERNATIVE,Electricity,T104,42,2025,48,16,2-4-3-1-0,0.5027478176160715,0.10285714285714286,0.25236196448571424,2-4-3-1-0,TRUE,0.0,0.0,0.0,STRUCTURALLY UNSTABLE,STRUCTURALLY UNSTABLE,EXECUTABLE
GRU_CONTROLLED_ALTERNATIVE,Electricity,T104,123,2025,96,32,0-3-2-1-4,0.5272639722125,0.07439824945295406,-0.0556099092857143,0-3-2-1-4,TRUE,0.0,0.0,0.0,STRUCTURALLY UNSTABLE,STRUCTURALLY UNSTABLE,EXECUTABLE
GRU_CONTROLLED_ALTERNATIVE,Electricity,T104,123,2025,72,24,0-1-2-3-4,0.4716540629267857,0.07439824945295406,0.0,0-3-2-1-4,FALSE,-0.0556099092857143,0.0,0.0556099092857143,STRUCTURALLY UNSTABLE,STRUCTURALLY UNSTABLE,EXECUTABLE
GRU_CONTROLLED_ALTERNATIVE,Electricity,T104,123,2025,48,16,0-3-2-1-4,0.5272639722125,0.07439824945295406,-0.0556099092857143,0-3-2-1-4,TRUE,0.0,0.0,0.0,STRUCTURALLY UNSTABLE,STRUCTURALLY UNSTABLE,EXECUTABLE
GRU_CONTROLLED_ALTERNATIVE,Electricity,T85,42,123,96,32,2-1-4-3-0,0.4165039535767857,0.2822982306485788,0.16348149486785712,2-1-4-3-0,TRUE,0.0,0.0,0.0,STRUCTURALLY UNSTABLE,STRUCTURALLY UNSTABLE,EXECUTABLE
GRU_CONTROLLED_ALTERNATIVE,Electricity,T85,42,123,72,24,2-1-4-0-3,0.39300782036250004,0.2822982306485788,0.1869776280821428,2-1-4-3-0,FALSE,-0.023496133214285675,0.0,0.023496133214285675,STRUCTURALLY UNSTABLE,STRUCTURALLY UNSTABLE,EXECUTABLE
GRU_CONTROLLED_ALTERNATIVE,Electricity,T85,42,123,48,16,2-1-4-3-0,0.4165039535767857,0.2822982306485788,0.16348149486785712,2-1-4-3-0,TRUE,0.0,0.0,0.0,STRUCTURALLY UNSTABLE,STRUCTURALLY UNSTABLE,EXECUTABLE
GRU_CONTROLLED_ALTERNATIVE,Electricity,T85,42,2025,96,32,0-3-4-2-1,0.4114622078642857,0.07576408392532624,0.23094929760714283,0-3-4-2-1,TRUE,0.0,0.0,0.0,STRUCTURALLY UNSTABLE,STRUCTURALLY UNSTABLE,EXECUTABLE
GRU_CONTROLLED_ALTERNATIVE,Electricity,T85,42,2025,72,24,2-3-4-0-1,0.45361500309999997,0.07576408392532624,0.1887965023714286,0-3-4-2-1,FALSE,0.04215279523571425,0.0,-0.04215279523571425,STRUCTURALLY UNSTABLE,STRUCTURALLY UNSTABLE,EXECUTABLE
GRU_CONTROLLED_ALTERNATIVE,Electricity,T85,42,2025,48,16,0-3-4-2-1,0.4114622078642857,0.07576408392532624,0.23094929760714283,0-3-4-2-1,TRUE,0.0,0.0,0.0,STRUCTURALLY UNSTABLE,STRUCTURALLY UNSTABLE,EXECUTABLE
GRU_CONTROLLED_ALTERNATIVE,Electricity,T85,123,2025,96,32,1-3-0-2-4,0.5374350697732143,-0.03275866779596184,0.21101643664285707,1-3-0-2-4,TRUE,0.0,0.0,0.0,STRUCTURALLY UNSTABLE,STRUCTURALLY UNSTABLE,EXECUTABLE
GRU_CONTROLLED_ALTERNATIVE,Electricity,T85,123,2025,72,24,0-3-2-1-4,0.5036831491303573,-0.03275866779596184,0.2447683572857141,1-3-0-2-4,FALSE,-0.033751920642857036,0.0,0.033751920642857036,STRUCTURALLY UNSTABLE,STRUCTURALLY UNSTABLE,EXECUTABLE
GRU_CONTROLLED_ALTERNATIVE,Electricity,T85,123,2025,48,16,1-4-0-2-3,0.6470226883803571,-0.03275866779596184,0.10142881803571424,1-3-0-2-4,FALSE,0.10958761860714283,0.0,-0.10958761860714283,STRUCTURALLY UNSTABLE,STRUCTURALLY UNSTABLE,EXECUTABLE
GRU_CONTROLLED_ALTERNATIVE,Electricity,T86,42,123,96,32,0-4-1-3-2,0.61058335415,0.15133876600698487,-0.051392682928571354,0-4-1-3-2,TRUE,0.0,0.0,0.0,STRUCTURALLY UNSTABLE,STRUCTURALLY UNSTABLE,EXECUTABLE
GRU_CONTROLLED_ALTERNATIVE,Electricity,T86,42,123,72,24,0-2-4-3-1,0.5773084515785714,0.15133876600698487,-0.018117780357142732,0-4-1-3-2,FALSE,-0.03327490257142862,0.0,0.03327490257142862,STRUCTURALLY UNSTABLE,STRUCTURALLY UNSTABLE,EXECUTABLE
GRU_CONTROLLED_ALTERNATIVE,Electricity,T86,42,123,48,16,0-4-3-1-2,0.723931464042857,0.15133876600698487,-0.1647407928214284,0-4-1-3-2,FALSE,0.11334810989285704,0.0,-0.11334810989285704,STRUCTURALLY UNSTABLE,STRUCTURALLY UNSTABLE,EXECUTABLE
GRU_CONTROLLED_ALTERNATIVE,Electricity,T86,42,2025,96,32,2-3-4-1-0,0.47102416888125004,-0.01906821309219573,0.3221531602160715,2-3-4-1-0,TRUE,0.0,0.0,0.0,STRUCTURALLY UNSTABLE,STRUCTURALLY UNSTABLE,EXECUTABLE
GRU_CONTROLLED_ALTERNATIVE,Electricity,T86,42,2025,72,24,3-2-4-1-0,0.5509515145955356,-0.01906821309219573,0.24222581450178593,2-3-4-1-0,FALSE,0.07992734571428556,0.0,-0.07992734571428556,STRUCTURALLY UNSTABLE,STRUCTURALLY UNSTABLE,EXECUTABLE
GRU_CONTROLLED_ALTERNATIVE,Electricity,T86,42,2025,48,16,3-2-4-1-0,0.5509515145955356,-0.01906821309219573,0.24222581450178593,2-3-4-1-0,FALSE,0.07992734571428556,0.0,-0.07992734571428556,STRUCTURALLY UNSTABLE,STRUCTURALLY UNSTABLE,EXECUTABLE
GRU_CONTROLLED_ALTERNATIVE,Electricity,T86,123,2025,96,32,3-1-2-0-4,0.5380294837687499,-0.026971480052929386,0.0014226449285714704,3-1-2-0-4,TRUE,0.0,0.0,0.0,STRUCTURALLY UNSTABLE,STRUCTURALLY UNSTABLE,EXECUTABLE
GRU_CONTROLLED_ALTERNATIVE,Electricity,T86,123,2025,72,24,3-1-2-0-4,0.5380294837687499,-0.026971480052929386,0.0014226449285714704,3-1-2-0-4,TRUE,0.0,0.0,0.0,STRUCTURALLY UNSTABLE,STRUCTURALLY UNSTABLE,EXECUTABLE
GRU_CONTROLLED_ALTERNATIVE,Electricity,T86,123,2025,48,16,4-1-2-0-3,0.5624561136973214,-0.026971480052929386,-0.023003985000000005,3-1-2-0-4,FALSE,0.024426629928571475,0.0,-0.024426629928571475,STRUCTURALLY UNSTABLE,STRUCTURALLY UNSTABLE,EXECUTABLE
GRU_CONTROLLED_ALTERNATIVE,Electricity,T135,42,123,96,32,1-4-2-3-0,0.422172384875,0.02993109989121039,0.28698027635714274,1-4-2-3-0,TRUE,0.0,0.0,0.0,STRUCTURALLY UNSTABLE,STRUCTURALLY UNSTABLE,EXECUTABLE
GRU_CONTROLLED_ALTERNATIVE,Electricity,T135,42,123,72,24,0-4-2-3-1,0.40683271744642846,0.02993109989121039,0.30231994378571425,1-4-2-3-0,FALSE,-0.015339667428571513,0.0,0.015339667428571513,STRUCTURALLY UNSTABLE,STRUCTURALLY UNSTABLE,EXECUTABLE
GRU_CONTROLLED_ALTERNATIVE,Electricity,T135,42,123,48,16,0-4-2-3-1,0.40683271744642846,0.02993109989121039,0.30231994378571425,1-4-2-3-0,FALSE,-0.015339667428571513,0.0,0.015339667428571513,STRUCTURALLY UNSTABLE,STRUCTURALLY UNSTABLE,EXECUTABLE
GRU_CONTROLLED_ALTERNATIVE,Electricity,T135,42,2025,96,32,1-0-4-3-2,0.3948773397089286,0.11765208232514451,0.4485071793321427,1-0-4-3-2,TRUE,0.0,0.0,0.0,STRUCTURALLY UNSTABLE,STRUCTURALLY UNSTABLE,EXECUTABLE
GRU_CONTROLLED_ALTERNATIVE,Electricity,T135,42,2025,72,24,1-0-4-2-3,0.4434347783160715,0.11765208232514451,0.3999497407249998,1-0-4-3-2,FALSE,0.0485574386071429,0.0,-0.0485574386071429,STRUCTURALLY UNSTABLE,STRUCTURALLY UNSTABLE,EXECUTABLE
GRU_CONTROLLED_ALTERNATIVE,Electricity,T135,42,2025,48,16,2-0-1-4-3,0.5732798178875002,0.11765208232514451,0.2701047011535711,1-0-4-3-2,FALSE,0.17840247817857158,0.0,-0.17840247817857158,STRUCTURALLY UNSTABLE,STRUCTURALLY UNSTABLE,EXECUTABLE
GRU_CONTROLLED_ALTERNATIVE,Electricity,T135,123,2025,96,32,0-2-1-3-4,0.4972208747267857,0.08841620376642731,0.02023248022500007,0-2-1-3-4,TRUE,0.0,0.0,0.0,STRUCTURALLY UNSTABLE,STRUCTURALLY UNSTABLE,EXECUTABLE
GRU_CONTROLLED_ALTERNATIVE,Electricity,T135,123,2025,72,24,0-3-2-1-4,0.5453671678089286,0.08841620376642731,-0.027913812857142783,0-2-1-3-4,FALSE,0.048146293082142855,0.0,-0.048146293082142855,STRUCTURALLY UNSTABLE,STRUCTURALLY UNSTABLE,EXECUTABLE
GRU_CONTROLLED_ALTERNATIVE,Electricity,T135,123,2025,48,16,0-3-1-2-4,0.5251346875839286,0.08841620376642731,-0.007681332632142768,0-2-1-3-4,FALSE,0.02791381285714284,0.0,-0.02791381285714284,STRUCTURALLY UNSTABLE,STRUCTURALLY UNSTABLE,EXECUTABLE
GRU_CONTROLLED_ALTERNATIVE,Electricity,T144,42,123,96,32,0-2-4-1-3,0.4317371845419643,0.3247927656367747,0.26659622080892853,0-2-4-1-3,TRUE,0.0,0.0,0.0,STRUCTURALLY UNSTABLE,STRUCTURALLY UNSTABLE,EXECUTABLE
GRU_CONTROLLED_ALTERNATIVE,Electricity,T144,42,123,72,24,0-3-4-1-2,0.4317371845419643,0.3247927656367747,0.26659622080892853,0-2-4-1-3,FALSE,0.0,0.0,0.0,STRUCTURALLY UNSTABLE,STRUCTURALLY UNSTABLE,EXECUTABLE
GRU_CONTROLLED_ALTERNATIVE,Electricity,T144,42,123,48,16,0-3-4-1-2,0.4317371845419643,0.3247927656367747,0.26659622080892853,0-2-4-1-3,FALSE,0.0,0.0,0.0,STRUCTURALLY UNSTABLE,STRUCTURALLY UNSTABLE,EXECUTABLE
GRU_CONTROLLED_ALTERNATIVE,Electricity,T144,42,2025,96,32,0-3-4-1-2,0.49369749418875,0.058023957182907114,0.07342594908678568,0-3-4-1-2,TRUE,0.0,0.0,0.0,STRUCTURALLY UNSTABLE,STRUCTURALLY UNSTABLE,EXECUTABLE
GRU_CONTROLLED_ALTERNATIVE,Electricity,T144,42,2025,72,24,0-1-4-3-2,0.43602215811839284,0.058023957182907114,0.1311012851571428,0-3-4-1-2,FALSE,-0.05767533607035713,0.0,0.05767533607035713,STRUCTURALLY UNSTABLE,STRUCTURALLY UNSTABLE,EXECUTABLE
GRU_CONTROLLED_ALTERNATIVE,Electricity,T144,42,2025,48,16,0-3-4-2-1,0.4940136109398213,0.058023957182907114,0.07310983233571433,0-3-4-1-2,FALSE,0.0003161167510713492,0.0,-0.0003161167510713492,STRUCTURALLY UNSTABLE,STRUCTURALLY UNSTABLE,EXECUTABLE
GRU_CONTROLLED_ALTERNATIVE,Electricity,T144,123,2025,96,32,0-3-1-2-4,0.5264680302182142,0.06894031668696714,-0.08009334089285708,0-3-1-2-4,TRUE,0.0,0.0,0.0,STRUCTURALLY UNSTABLE,STRUCTURALLY UNSTABLE,EXECUTABLE
GRU_CONTROLLED_ALTERNATIVE,Electricity,T144,123,2025,72,24,4-3-1-2-0,0.6218911695039285,0.06894031668696714,-0.1755164801785714,0-3-1-2-4,FALSE,0.09542313928571433,0.0,-0.09542313928571433,STRUCTURALLY UNSTABLE,STRUCTURALLY UNSTABLE,EXECUTABLE
GRU_CONTROLLED_ALTERNATIVE,Electricity,T144,123,2025,48,16,4-3-0-2-1,0.6026038223264286,0.06894031668696714,-0.1562291330010715,0-3-1-2-4,FALSE,0.07613579210821442,0.0,-0.07613579210821442,STRUCTURALLY UNSTABLE,STRUCTURALLY UNSTABLE,EXECUTABLE
GRU_CONTROLLED_ALTERNATIVE,Electricity,T20,42,123,96,32,0-2-4-3-1,0.44861477708571434,0.202754257001954,0.008619060964285608,0-2-4-3-1,TRUE,0.0,0.0,0.0,STRUCTURALLY UNSTABLE,STRUCTURALLY UNSTABLE,EXECUTABLE
GRU_CONTROLLED_ALTERNATIVE,Electricity,T20,42,123,72,24,0-2-4-1-3,0.4116754767785714,0.202754257001954,0.04555836127142854,0-2-4-3-1,FALSE,-0.03693930030714293,0.0,0.03693930030714293,STRUCTURALLY UNSTABLE,STRUCTURALLY UNSTABLE,EXECUTABLE
GRU_CONTROLLED_ALTERNATIVE,Electricity,T20,42,123,48,16,0-2-4-3-1,0.44861477708571434,0.202754257001954,0.008619060964285608,0-2-4-3-1,TRUE,0.0,0.0,0.0,STRUCTURALLY UNSTABLE,STRUCTURALLY UNSTABLE,EXECUTABLE
GRU_CONTROLLED_ALTERNATIVE,Electricity,T20,42,2025,96,32,0-4-3-2-1,0.5533077410142857,0.011674571324334143,0.16832753196428574,0-4-3-2-1,TRUE,0.0,0.0,0.0,STRUCTURALLY UNSTABLE,STRUCTURALLY UNSTABLE,EXECUTABLE
GRU_CONTROLLED_ALTERNATIVE,Electricity,T20,42,2025,72,24,2-4-3-0-1,0.5677115126214286,0.011674571324334143,0.15392376035714284,0-4-3-2-1,FALSE,0.014403771607142901,0.0,-0.014403771607142901,STRUCTURALLY UNSTABLE,STRUCTURALLY UNSTABLE,EXECUTABLE
GRU_CONTROLLED_ALTERNATIVE,Electricity,T20,42,2025,48,16,0-4-3-1-2,0.5930550759928571,0.011674571324334143,0.12858019698571432,0-4-3-2-1,FALSE,0.039747334978571414,0.0,-0.039747334978571414,STRUCTURALLY UNSTABLE,STRUCTURALLY UNSTABLE,EXECUTABLE
GRU_CONTROLLED_ALTERNATIVE,Electricity,T20,123,2025,96,32,4-3-1-0-2,0.5588429570714285,0.10764872521246456,0.10758562867857158,4-3-1-0-2,TRUE,0.0,0.0,0.0,STRUCTURALLY UNSTABLE,STRUCTURALLY UNSTABLE,EXECUTABLE
GRU_CONTROLLED_ALTERNATIVE,Electricity,T20,123,2025,72,24,2-1-4-0-3,0.5470210757499999,0.10764872521246456,0.11940751000000016,4-3-1-0-2,FALSE,-0.011821881321428584,0.0,0.011821881321428584,STRUCTURALLY UNSTABLE,STRUCTURALLY UNSTABLE,EXECUTABLE
GRU_CONTROLLED_ALTERNATIVE,Electricity,T20,123,2025,48,16,4-1-3-0-2,0.5868559252857143,0.10764872521246456,0.0795726604642858,4-3-1-0-2,FALSE,0.028012968214285783,0.0,-0.028012968214285783,STRUCTURALLY UNSTABLE,STRUCTURALLY UNSTABLE,EXECUTABLE
GRU_CONTROLLED_ALTERNATIVE,Electricity,T234,42,123,96,32,0-2-1-4-3,0.06901837076607144,0.0,0.4088797675714286,0-2-1-4-3,TRUE,0.0,0.0,0.0,SOFT-REPARAMETERISED,SOFT-REPARAMETERISED,EXECUTABLE
GRU_CONTROLLED_ALTERNATIVE,Electricity,T234,42,123,72,24,0-2-1-4-3,0.06901837076607144,0.0,0.4088797675714286,0-2-1-4-3,TRUE,0.0,0.0,0.0,SOFT-REPARAMETERISED,SOFT-REPARAMETERISED,EXECUTABLE
GRU_CONTROLLED_ALTERNATIVE,Electricity,T234,42,123,48,16,0-2-1-4-3,0.06901837076607144,0.0,0.4088797675714286,0-2-1-4-3,TRUE,0.0,0.0,0.0,SOFT-REPARAMETERISED,SOFT-REPARAMETERISED,EXECUTABLE
GRU_CONTROLLED_ALTERNATIVE,Electricity,T234,42,2025,96,32,2-4-3-0-1,0.34541167755178576,0.0,0.13242044703928568,2-4-3-0-1,TRUE,0.0,0.0,0.0,STRUCTURALLY UNSTABLE,STRUCTURALLY UNSTABLE,EXECUTABLE
GRU_CONTROLLED_ALTERNATIVE,Electricity,T234,42,2025,72,24,2-4-3-0-1,0.34541167755178576,0.0,0.13242044703928568,2-4-3-0-1,TRUE,0.0,0.0,0.0,STRUCTURALLY UNSTABLE,STRUCTURALLY UNSTABLE,EXECUTABLE
GRU_CONTROLLED_ALTERNATIVE,Electricity,T234,42,2025,48,16,2-1-3-0-4,0.3013863872660715,0.0,0.17644573732499996,2-4-3-0-1,FALSE,-0.04402529028571428,0.0,0.04402529028571428,STRUCTURALLY UNSTABLE,STRUCTURALLY UNSTABLE,EXECUTABLE
GRU_CONTROLLED_ALTERNATIVE,Electricity,T234,123,2025,96,32,0-3-1-4-2,0.2761488596428571,1.0,0.040892446785714354,0-3-1-4-2,TRUE,0.0,0.0,0.0,SOFT-REPARAMETERISED,SOFT-REPARAMETERISED,EXECUTABLE
GRU_CONTROLLED_ALTERNATIVE,Electricity,T234,123,2025,72,24,0-4-1-3-2,0.2761488596428571,1.0,0.040892446785714354,0-3-1-4-2,FALSE,0.0,0.0,0.0,SOFT-REPARAMETERISED,SOFT-REPARAMETERISED,EXECUTABLE
GRU_CONTROLLED_ALTERNATIVE,Electricity,T234,123,2025,48,16,0-4-1-3-2,0.2761488596428571,1.0,0.040892446785714354,0-3-1-4-2,FALSE,0.0,0.0,0.0,SOFT-REPARAMETERISED,SOFT-REPARAMETERISED,EXECUTABLE
GRU_CONTROLLED_ALTERNATIVE,Electricity,T115,42,123,96,32,2-1-4-0-3,0.8263435419285713,0.04313599250826724,-0.11203242596428564,2-1-4-0-3,TRUE,0.0,0.0,0.0,STRUCTURALLY UNSTABLE,STRUCTURALLY UNSTABLE,EXECUTABLE
GRU_CONTROLLED_ALTERNATIVE,Electricity,T115,42,123,72,24,2-1-4-0-3,0.8263435419285713,0.04313599250826724,-0.11203242596428564,2-1-4-0-3,TRUE,0.0,0.0,0.0,STRUCTURALLY UNSTABLE,STRUCTURALLY UNSTABLE,EXECUTABLE
GRU_CONTROLLED_ALTERNATIVE,Electricity,T115,42,123,48,16,2-1-4-0-3,0.8263435419285713,0.04313599250826724,-0.11203242596428564,2-1-4-0-3,TRUE,0.0,0.0,0.0,STRUCTURALLY UNSTABLE,STRUCTURALLY UNSTABLE,EXECUTABLE
GRU_CONTROLLED_ALTERNATIVE,Electricity,T115,42,2025,96,32,1-3-4-0-2,0.6810057521714287,0.39258865941927734,-0.010460429307143082,1-3-4-0-2,TRUE,0.0,0.0,0.0,STRUCTURALLY UNSTABLE,STRUCTURALLY UNSTABLE,EXECUTABLE
GRU_CONTROLLED_ALTERNATIVE,Electricity,T115,42,2025,72,24,1-3-4-0-2,0.6810057521714287,0.39258865941927734,-0.010460429307143082,1-3-4-0-2,TRUE,0.0,0.0,0.0,STRUCTURALLY UNSTABLE,STRUCTURALLY UNSTABLE,EXECUTABLE
GRU_CONTROLLED_ALTERNATIVE,Electricity,T115,42,2025,48,16,1-3-4-0-2,0.6810057521714287,0.39258865941927734,-0.010460429307143082,1-3-4-0-2,TRUE,0.0,0.0,0.0,STRUCTURALLY UNSTABLE,STRUCTURALLY UNSTABLE,EXECUTABLE
GRU_CONTROLLED_ALTERNATIVE,Electricity,T115,123,2025,96,32,0-3-1-2-4,0.5595885655428571,-0.03414198375254737,0.36555023814285714,0-3-1-2-4,TRUE,0.0,0.0,0.0,STRUCTURALLY UNSTABLE,STRUCTURALLY UNSTABLE,EXECUTABLE
GRU_CONTROLLED_ALTERNATIVE,Electricity,T115,123,2025,72,24,0-3-1-2-4,0.5595885655428571,-0.03414198375254737,0.36555023814285714,0-3-1-2-4,TRUE,0.0,0.0,0.0,STRUCTURALLY UNSTABLE,STRUCTURALLY UNSTABLE,EXECUTABLE
GRU_CONTROLLED_ALTERNATIVE,Electricity,T115,123,2025,48,16,0-3-1-2-4,0.5595885655428571,-0.03414198375254737,0.36555023814285714,0-3-1-2-4,TRUE,0.0,0.0,0.0,STRUCTURALLY UNSTABLE,STRUCTURALLY UNSTABLE,EXECUTABLE
GRU_CONTROLLED_ALTERNATIVE,Electricity,T3,42,123,96,32,3-2-4-1-0,0.49161655557142847,0.0,0.02381181071428584,3-2-4-1-0,TRUE,0.0,0.0,0.0,STRUCTURALLY UNSTABLE,STRUCTURALLY UNSTABLE,EXECUTABLE
GRU_CONTROLLED_ALTERNATIVE,Electricity,T3,42,123,72,24,2-1-4-3-0,0.49161655557142847,0.0,0.02381181071428584,3-2-4-1-0,FALSE,0.0,0.0,0.0,STRUCTURALLY UNSTABLE,STRUCTURALLY UNSTABLE,EXECUTABLE
GRU_CONTROLLED_ALTERNATIVE,Electricity,T3,42,123,48,16,2-1-4-3-0,0.49161655557142847,0.0,0.02381181071428584,3-2-4-1-0,FALSE,0.0,0.0,0.0,STRUCTURALLY UNSTABLE,STRUCTURALLY UNSTABLE,EXECUTABLE
GRU_CONTROLLED_ALTERNATIVE,Electricity,T3,42,2025,96,32,1-3-0-4-2,0.493387152375,0.0,0.09440003674999992,1-3-0-4-2,TRUE,0.0,0.0,0.0,STRUCTURALLY UNSTABLE,STRUCTURALLY UNSTABLE,EXECUTABLE
GRU_CONTROLLED_ALTERNATIVE,Electricity,T3,42,2025,72,24,2-3-1-4-0,0.512575443125,0.0,0.07521174599999991,1-3-0-4-2,FALSE,0.019188290750000003,0.0,-0.019188290750000003,STRUCTURALLY UNSTABLE,STRUCTURALLY UNSTABLE,EXECUTABLE
GRU_CONTROLLED_ALTERNATIVE,Electricity,T3,42,2025,48,16,2-3-1-4-0,0.512575443125,0.0,0.07521174599999991,1-3-0-4-2,FALSE,0.019188290750000003,0.0,-0.019188290750000003,STRUCTURALLY UNSTABLE,STRUCTURALLY UNSTABLE,EXECUTABLE
GRU_CONTROLLED_ALTERNATIVE,Electricity,T3,123,2025,96,32,0-4-1-3-2,0.029073360374999996,1.0,0.2659133859999999,0-4-1-3-2,TRUE,0.0,0.0,0.0,STABLE,STABLE,EXECUTABLE
GRU_CONTROLLED_ALTERNATIVE,Electricity,T3,123,2025,72,24,0-4-1-3-2,0.029073360374999996,1.0,0.2659133859999999,0-4-1-3-2,TRUE,0.0,0.0,0.0,STABLE,STABLE,EXECUTABLE
GRU_CONTROLLED_ALTERNATIVE,Electricity,T3,123,2025,48,16,0-4-1-3-2,0.029073360374999996,1.0,0.2659133859999999,0-4-1-3-2,TRUE,0.0,0.0,0.0,STABLE,STABLE,EXECUTABLE
GRU_CONTROLLED_ALTERNATIVE,Electricity,T30,42,123,96,32,3-0-4-1-2,0.5471854619642857,0.015932521087160274,0.18242968071428556,3-0-4-1-2,TRUE,0.0,0.0,0.0,STRUCTURALLY UNSTABLE,STRUCTURALLY UNSTABLE,EXECUTABLE
GRU_CONTROLLED_ALTERNATIVE,Electricity,T30,42,123,72,24,3-0-4-1-2,0.5471854619642857,0.015932521087160274,0.18242968071428556,3-0-4-1-2,TRUE,0.0,0.0,0.0,STRUCTURALLY UNSTABLE,STRUCTURALLY UNSTABLE,EXECUTABLE
GRU_CONTROLLED_ALTERNATIVE,Electricity,T30,42,123,48,16,3-0-4-1-2,0.5471854619642857,0.015932521087160274,0.18242968071428556,3-0-4-1-2,TRUE,0.0,0.0,0.0,STRUCTURALLY UNSTABLE,STRUCTURALLY UNSTABLE,EXECUTABLE
GRU_CONTROLLED_ALTERNATIVE,Electricity,T30,42,2025,96,32,2-0-4-3-1,0.37554603019767857,0.1323918518282381,0.28999381567857135,2-0-4-3-1,TRUE,0.0,0.0,0.0,STRUCTURALLY UNSTABLE,STRUCTURALLY UNSTABLE,EXECUTABLE
GRU_CONTROLLED_ALTERNATIVE,Electricity,T30,42,2025,72,24,2-0-4-3-1,0.37554603019767857,0.1323918518282381,0.28999381567857135,2-0-4-3-1,TRUE,0.0,0.0,0.0,STRUCTURALLY UNSTABLE,STRUCTURALLY UNSTABLE,EXECUTABLE
GRU_CONTROLLED_ALTERNATIVE,Electricity,T30,42,2025,48,16,2-0-4-3-1,0.37554603019767857,0.1323918518282381,0.28999381567857135,2-0-4-3-1,TRUE,0.0,0.0,0.0,STRUCTURALLY UNSTABLE,STRUCTURALLY UNSTABLE,EXECUTABLE
GRU_CONTROLLED_ALTERNATIVE,Electricity,T30,123,2025,96,32,2-4-1-3-0,0.5753360510523214,0.0009514747859181935,0.005499303964285662,2-4-1-3-0,TRUE,0.0,0.0,0.0,STRUCTURALLY UNSTABLE,STRUCTURALLY UNSTABLE,EXECUTABLE
GRU_CONTROLLED_ALTERNATIVE,Electricity,T30,123,2025,72,24,4-3-1-2-0,0.5037589320191073,0.0009514747859181935,0.07707642299749984,2-4-1-3-0,FALSE,-0.07157711903321418,0.0,0.07157711903321418,STRUCTURALLY UNSTABLE,STRUCTURALLY UNSTABLE,EXECUTABLE
GRU_CONTROLLED_ALTERNATIVE,Electricity,T30,123,2025,48,16,0-3-1-2-4,0.5454924021619643,0.0009514747859181935,0.03534295285464284,2-4-1-3-0,FALSE,-0.029843648890357177,0.0,0.029843648890357177,STRUCTURALLY UNSTABLE,STRUCTURALLY UNSTABLE,EXECUTABLE
GRU_CONTROLLED_ALTERNATIVE,Electricity,T208,42,123,96,32,0-3-4-1-2,0.6158003198214284,0.0,-0.14482445035714264,0-3-4-1-2,TRUE,0.0,0.0,0.0,STRUCTURALLY UNSTABLE,STRUCTURALLY UNSTABLE,EXECUTABLE
GRU_CONTROLLED_ALTERNATIVE,Electricity,T208,42,123,72,24,2-1-4-0-3,0.6047713508928572,0.0,-0.13379548142857145,0-3-4-1-2,FALSE,-0.011028968928571192,0.0,0.011028968928571192,STRUCTURALLY UNSTABLE,STRUCTURALLY UNSTABLE,EXECUTABLE
GRU_CONTROLLED_ALTERNATIVE,Electricity,T208,42,123,48,16,2-1-4-0-3,0.6047713508928572,0.0,-0.13379548142857145,0-3-4-1-2,FALSE,-0.011028968928571192,0.0,0.011028968928571192,STRUCTURALLY UNSTABLE,STRUCTURALLY UNSTABLE,EXECUTABLE
GRU_CONTROLLED_ALTERNATIVE,Electricity,T208,42,2025,96,32,2-3-4-0-1,0.24353065162499998,0.0,0.2518658314642856,2-3-4-0-1,TRUE,0.0,0.0,0.0,STRUCTURALLY UNSTABLE,STRUCTURALLY UNSTABLE,EXECUTABLE
GRU_CONTROLLED_ALTERNATIVE,Electricity,T208,42,2025,72,24,2-3-4-0-1,0.24353065162499998,0.0,0.2518658314642856,2-3-4-0-1,TRUE,0.0,0.0,0.0,STRUCTURALLY UNSTABLE,STRUCTURALLY UNSTABLE,EXECUTABLE
GRU_CONTROLLED_ALTERNATIVE,Electricity,T208,42,2025,48,16,2-3-4-0-1,0.24353065162499998,0.0,0.2518658314642856,2-3-4-0-1,TRUE,0.0,0.0,0.0,STRUCTURALLY UNSTABLE,STRUCTURALLY UNSTABLE,EXECUTABLE
GRU_CONTROLLED_ALTERNATIVE,Electricity,T208,123,2025,96,32,0-3-1-4-2,0.13599975780357143,1.0,0.22524094146428564,0-3-1-4-2,TRUE,0.0,0.0,0.0,STABLE,STABLE,EXECUTABLE
GRU_CONTROLLED_ALTERNATIVE,Electricity,T208,123,2025,72,24,0-3-1-4-2,0.13599975780357143,1.0,0.22524094146428564,0-3-1-4-2,TRUE,0.0,0.0,0.0,STABLE,STABLE,EXECUTABLE
GRU_CONTROLLED_ALTERNATIVE,Electricity,T208,123,2025,48,16,0-4-1-3-2,0.13599975780357143,1.0,0.22524094146428564,0-3-1-4-2,FALSE,0.0,0.0,0.0,STABLE,STABLE,EXECUTABLE
GRU_CONTROLLED_ALTERNATIVE,Electricity,T316,42,123,96,32,0-3-4-1-2,0.5738539151535714,0.3221663098779505,-0.0026114988964285324,0-3-4-1-2,TRUE,0.0,0.0,0.0,STRUCTURALLY UNSTABLE,STRUCTURALLY UNSTABLE,EXECUTABLE
GRU_CONTROLLED_ALTERNATIVE,Electricity,T316,42,123,72,24,0-2-4-1-3,0.5688464819392857,0.3221663098779505,0.002395934317857229,0-3-4-1-2,FALSE,-0.005007433214285761,0.0,0.005007433214285761,STRUCTURALLY UNSTABLE,STRUCTURALLY UNSTABLE,EXECUTABLE
GRU_CONTROLLED_ALTERNATIVE,Electricity,T316,42,123,48,16,0-2-4-1-3,0.5688464819392857,0.3221663098779505,0.002395934317857229,0-3-4-1-2,FALSE,-0.005007433214285761,0.0,0.005007433214285761,STRUCTURALLY UNSTABLE,STRUCTURALLY UNSTABLE,EXECUTABLE
GRU_CONTROLLED_ALTERNATIVE,Electricity,T316,42,2025,96,32,2-3-4-0-1,0.2974774712696428,0.2535341704573312,0.3393323416071428,2-3-4-0-1,TRUE,0.0,0.0,0.0,STRUCTURALLY UNSTABLE,STRUCTURALLY UNSTABLE,EXECUTABLE
GRU_CONTROLLED_ALTERNATIVE,Electricity,T316,42,2025,72,24,2-3-4-0-1,0.2974774712696428,0.2535341704573312,0.3393323416071428,2-3-4-0-1,TRUE,0.0,0.0,0.0,STRUCTURALLY UNSTABLE,STRUCTURALLY UNSTABLE,EXECUTABLE
GRU_CONTROLLED_ALTERNATIVE,Electricity,T316,42,2025,48,16,2-3-4-0-1,0.2974774712696428,0.2535341704573312,0.3393323416071428,2-3-4-0-1,TRUE,0.0,0.0,0.0,STRUCTURALLY UNSTABLE,STRUCTURALLY UNSTABLE,EXECUTABLE
GRU_CONTROLLED_ALTERNATIVE,Electricity,T316,123,2025,96,32,0-4-1-3-2,0.34895845708035717,0.4990554067390385,0.21173158859642854,0-4-1-3-2,TRUE,0.0,0.0,0.0,STRUCTURALLY UNSTABLE,STRUCTURALLY UNSTABLE,EXECUTABLE
GRU_CONTROLLED_ALTERNATIVE,Electricity,T316,123,2025,72,24,0-4-1-3-2,0.34895845708035717,0.4990554067390385,0.21173158859642854,0-4-1-3-2,TRUE,0.0,0.0,0.0,STRUCTURALLY UNSTABLE,STRUCTURALLY UNSTABLE,EXECUTABLE
GRU_CONTROLLED_ALTERNATIVE,Electricity,T316,123,2025,48,16,0-3-4-1-2,0.3761371269982143,0.4990554067390385,0.18455291867857143,0-4-1-3-2,FALSE,0.027178669917857112,0.0,-0.027178669917857112,STRUCTURALLY UNSTABLE,STRUCTURALLY UNSTABLE,EXECUTABLE
GRU_CONTROLLED_ALTERNATIVE,Electricity,T249,42,123,96,32,4-3-1-0-2,0.14334431250000002,1.0,0.5492197578571429,4-3-1-0-2,TRUE,0.0,0.0,0.0,STABLE,STABLE,EXECUTABLE
GRU_CONTROLLED_ALTERNATIVE,Electricity,T249,42,123,72,24,4-3-1-0-2,0.14334431250000002,1.0,0.5492197578571429,4-3-1-0-2,TRUE,0.0,0.0,0.0,STABLE,STABLE,EXECUTABLE
GRU_CONTROLLED_ALTERNATIVE,Electricity,T249,42,123,48,16,4-2-1-0-3,0.14334431250000002,1.0,0.5492197578571429,4-3-1-0-2,FALSE,0.0,0.0,0.0,STABLE,STABLE,EXECUTABLE
GRU_CONTROLLED_ALTERNATIVE,Electricity,T249,42,2025,96,32,2-3-4-0-1,0.30743592428571426,1.0,0.38512815142857143,2-3-4-0-1,TRUE,0.0,0.0,0.0,SOFT-REPARAMETERISED,SOFT-REPARAMETERISED,EXECUTABLE
GRU_CONTROLLED_ALTERNATIVE,Electricity,T249,42,2025,72,24,2-3-4-0-1,0.30743592428571426,1.0,0.38512815142857143,2-3-4-0-1,TRUE,0.0,0.0,0.0,SOFT-REPARAMETERISED,SOFT-REPARAMETERISED,EXECUTABLE
GRU_CONTROLLED_ALTERNATIVE,Electricity,T249,42,2025,48,16,2-3-4-0-1,0.30743592428571426,1.0,0.38512815142857143,2-3-4-0-1,TRUE,0.0,0.0,0.0,SOFT-REPARAMETERISED,SOFT-REPARAMETERISED,EXECUTABLE
GRU_CONTROLLED_ALTERNATIVE,Electricity,T249,123,2025,96,32,0-3-2-4-1,0.1640916117857143,1.0,0.0,0-3-2-4-1,TRUE,0.0,0.0,0.0,SOFT-REPARAMETERISED,SOFT-REPARAMETERISED,EXECUTABLE
GRU_CONTROLLED_ALTERNATIVE,Electricity,T249,123,2025,72,24,0-4-3-2-1,0.1640916117857143,1.0,0.0,0-3-2-4-1,FALSE,0.0,0.0,0.0,SOFT-REPARAMETERISED,SOFT-REPARAMETERISED,EXECUTABLE
GRU_CONTROLLED_ALTERNATIVE,Electricity,T249,123,2025,48,16,0-4-3-2-1,0.1640916117857143,1.0,0.0,0-3-2-4-1,FALSE,0.0,0.0,0.0,SOFT-REPARAMETERISED,SOFT-REPARAMETERISED,EXECUTABLE
GRU_CONTROLLED_ALTERNATIVE,Electricity,T133,42,123,96,32,3-0-4-1-2,0.3768927346482143,0.19715142428785604,0.37918360877499996,3-0-4-1-2,TRUE,0.0,0.0,0.0,STRUCTURALLY UNSTABLE,STRUCTURALLY UNSTABLE,EXECUTABLE
GRU_CONTROLLED_ALTERNATIVE,Electricity,T133,42,123,72,24,2-0-4-3-1,0.4287841985767858,0.19715142428785604,0.3272921448464285,3-0-4-1-2,FALSE,0.05189146392857147,0.0,-0.05189146392857147,STRUCTURALLY UNSTABLE,STRUCTURALLY UNSTABLE,EXECUTABLE
GRU_CONTROLLED_ALTERNATIVE,Electricity,T133,42,123,48,16,3-0-4-1-2,0.3768927346482143,0.19715142428785604,0.37918360877499996,3-0-4-1-2,TRUE,0.0,0.0,0.0,STRUCTURALLY UNSTABLE,STRUCTURALLY UNSTABLE,EXECUTABLE
GRU_CONTROLLED_ALTERNATIVE,Electricity,T133,42,2025,96,32,2-0-3-4-1,0.5404320903803571,0.07790711075256423,0.1324511089892857,2-0-3-4-1,TRUE,0.0,0.0,0.0,STRUCTURALLY UNSTABLE,STRUCTURALLY UNSTABLE,EXECUTABLE
GRU_CONTROLLED_ALTERNATIVE,Electricity,T133,42,2025,72,24,2-0-3-4-1,0.5404320903803571,0.07790711075256423,0.1324511089892857,2-0-3-4-1,TRUE,0.0,0.0,0.0,STRUCTURALLY UNSTABLE,STRUCTURALLY UNSTABLE,EXECUTABLE
GRU_CONTROLLED_ALTERNATIVE,Electricity,T133,42,2025,48,16,2-0-3-4-1,0.5404320903803571,0.07790711075256423,0.1324511089892857,2-0-3-4-1,TRUE,0.0,0.0,0.0,STRUCTURALLY UNSTABLE,STRUCTURALLY UNSTABLE,EXECUTABLE
GRU_CONTROLLED_ALTERNATIVE,Electricity,T133,123,2025,96,32,0-3-1-2-4,0.4461535139464286,0.2438332860788205,0.009067596249999976,0-3-1-2-4,TRUE,0.0,0.0,0.0,STRUCTURALLY UNSTABLE,STRUCTURALLY UNSTABLE,EXECUTABLE
GRU_CONTROLLED_ALTERNATIVE,Electricity,T133,123,2025,72,24,0-3-1-2-4,0.4461535139464286,0.2438332860788205,0.009067596249999976,0-3-1-2-4,TRUE,0.0,0.0,0.0,STRUCTURALLY UNSTABLE,STRUCTURALLY UNSTABLE,EXECUTABLE
GRU_CONTROLLED_ALTERNATIVE,Electricity,T133,123,2025,48,16,0-3-1-2-4,0.4461535139464286,0.2438332860788205,0.009067596249999976,0-3-1-2-4,TRUE,0.0,0.0,0.0,STRUCTURALLY UNSTABLE,STRUCTURALLY UNSTABLE,EXECUTABLE
GRU_CONTROLLED_ALTERNATIVE,Electricity,T224,42,123,96,32,3-2-4-1-0,0.3446292060000001,0.0,0.19699001,3-2-4-1-0,TRUE,0.0,0.0,0.0,STRUCTURALLY UNSTABLE,STRUCTURALLY UNSTABLE,EXECUTABLE
GRU_CONTROLLED_ALTERNATIVE,Electricity,T224,42,123,72,24,3-2-4-1-0,0.3446292060000001,0.0,0.19699001,3-2-4-1-0,TRUE,0.0,0.0,0.0,STRUCTURALLY UNSTABLE,STRUCTURALLY UNSTABLE,EXECUTABLE
GRU_CONTROLLED_ALTERNATIVE,Electricity,T224,42,123,48,16,3-2-4-1-0,0.3446292060000001,0.0,0.19699001,3-2-4-1-0,TRUE,0.0,0.0,0.0,STRUCTURALLY UNSTABLE,STRUCTURALLY UNSTABLE,EXECUTABLE
GRU_CONTROLLED_ALTERNATIVE,Electricity,T224,42,2025,96,32,3-1-4-0-2,0.26192561249999996,0.0,0.14542676999999993,3-1-4-0-2,TRUE,0.0,0.0,0.0,STRUCTURALLY UNSTABLE,STRUCTURALLY UNSTABLE,EXECUTABLE
GRU_CONTROLLED_ALTERNATIVE,Electricity,T224,42,2025,72,24,3-1-0-4-2,0.2523559925,1.0,0.15499638999999987,3-1-4-0-2,FALSE,-0.009569619999999945,1.0,0.009569619999999945,STRUCTURALLY UNSTABLE,SOFT-REPARAMETERISED,EXECUTABLE
GRU_CONTROLLED_ALTERNATIVE,Electricity,T224,42,2025,48,16,3-1-0-4-2,0.2523559925,1.0,0.15499638999999987,3-1-4-0-2,FALSE,-0.009569619999999945,1.0,0.009569619999999945,STRUCTURALLY UNSTABLE,SOFT-REPARAMETERISED,EXECUTABLE
GRU_CONTROLLED_ALTERNATIVE,Electricity,T224,123,2025,96,32,0-3-4-1-2,0.12086726350000003,1.0,0.190144563,0-3-4-1-2,TRUE,0.0,0.0,0.0,STABLE,STABLE,EXECUTABLE
GRU_CONTROLLED_ALTERNATIVE,Electricity,T224,123,2025,72,24,0-3-4-1-2,0.12086726350000003,1.0,0.190144563,0-3-4-1-2,TRUE,0.0,0.0,0.0,STABLE,STABLE,EXECUTABLE
GRU_CONTROLLED_ALTERNATIVE,Electricity,T224,123,2025,48,16,0-3-4-1-2,0.12086726350000003,1.0,0.190144563,0-3-4-1-2,TRUE,0.0,0.0,0.0,STABLE,STABLE,EXECUTABLE
GRU_CONTROLLED_ALTERNATIVE,Electricity,T11,42,123,96,32,0-3-1-2-4,0.41387069007678573,0.11093005380476556,0.26301108450000005,0-3-1-2-4,TRUE,0.0,0.0,0.0,STRUCTURALLY UNSTABLE,STRUCTURALLY UNSTABLE,EXECUTABLE
GRU_CONTROLLED_ALTERNATIVE,Electricity,T11,42,123,72,24,0-3-1-2-4,0.41387069007678573,0.11093005380476556,0.26301108450000005,0-3-1-2-4,TRUE,0.0,0.0,0.0,STRUCTURALLY UNSTABLE,STRUCTURALLY UNSTABLE,EXECUTABLE
GRU_CONTROLLED_ALTERNATIVE,Electricity,T11,42,123,48,16,0-3-1-2-4,0.41387069007678573,0.11093005380476556,0.26301108450000005,0-3-1-2-4,TRUE,0.0,0.0,0.0,STRUCTURALLY UNSTABLE,STRUCTURALLY UNSTABLE,EXECUTABLE
GRU_CONTROLLED_ALTERNATIVE,Electricity,T11,42,2025,96,32,0-3-4-1-2,0.5891491529339286,0.12913999443362095,0.07334535110714291,0-3-4-1-2,TRUE,0.0,0.0,0.0,STRUCTURALLY UNSTABLE,STRUCTURALLY UNSTABLE,EXECUTABLE
GRU_CONTROLLED_ALTERNATIVE,Electricity,T11,42,2025,72,24,0-4-3-1-2,0.6051891153267858,0.12913999443362095,0.0573053887142857,0-3-4-1-2,FALSE,0.01603996239285721,0.0,-0.01603996239285721,STRUCTURALLY UNSTABLE,STRUCTURALLY UNSTABLE,EXECUTABLE
GRU_CONTROLLED_ALTERNATIVE,Electricity,T11,42,2025,48,16,0-3-4-1-2,0.5891491529339286,0.12913999443362095,0.07334535110714291,0-3-4-1-2,TRUE,0.0,0.0,0.0,STRUCTURALLY UNSTABLE,STRUCTURALLY UNSTABLE,EXECUTABLE
GRU_CONTROLLED_ALTERNATIVE,Electricity,T11,123,2025,96,32,2-3-0-4-1,0.31522799292500003,0.28875912408759125,0.35362053761071444,2-3-0-4-1,TRUE,0.0,0.0,0.0,STRUCTURALLY UNSTABLE,STRUCTURALLY UNSTABLE,EXECUTABLE
GRU_CONTROLLED_ALTERNATIVE,Electricity,T11,123,2025,72,24,2-3-0-4-1,0.31522799292500003,0.28875912408759125,0.35362053761071444,2-3-0-4-1,TRUE,0.0,0.0,0.0,STRUCTURALLY UNSTABLE,STRUCTURALLY UNSTABLE,EXECUTABLE
GRU_CONTROLLED_ALTERNATIVE,Electricity,T11,123,2025,48,16,2-3-0-4-1,0.31522799292500003,0.28875912408759125,0.35362053761071444,2-3-0-4-1,TRUE,0.0,0.0,0.0,STRUCTURALLY UNSTABLE,STRUCTURALLY UNSTABLE,EXECUTABLE
GRU_CONTROLLED_ALTERNATIVE,Electricity,T125,42,123,96,32,0-4-1-3-2,0.5324027274410714,0.20825852782764814,0.04546253044642856,0-4-1-3-2,TRUE,0.0,0.0,0.0,STRUCTURALLY UNSTABLE,STRUCTURALLY UNSTABLE,EXECUTABLE
GRU_CONTROLLED_ALTERNATIVE,Electricity,T125,42,123,72,24,0-4-1-3-2,0.5324027274410714,0.20825852782764814,0.04546253044642856,0-4-1-3-2,TRUE,0.0,0.0,0.0,STRUCTURALLY UNSTABLE,STRUCTURALLY UNSTABLE,EXECUTABLE
GRU_CONTROLLED_ALTERNATIVE,Electricity,T125,42,123,48,16,0-4-1-3-2,0.5324027274410714,0.20825852782764814,0.04546253044642856,0-4-1-3-2,TRUE,0.0,0.0,0.0,STRUCTURALLY UNSTABLE,STRUCTURALLY UNSTABLE,EXECUTABLE
GRU_CONTROLLED_ALTERNATIVE,Electricity,T125,42,2025,96,32,3-0-2-4-1,0.5351833128875,0.187795444778685,0.13126332154642872,3-0-2-4-1,TRUE,0.0,0.0,0.0,STRUCTURALLY UNSTABLE,STRUCTURALLY UNSTABLE,EXECUTABLE
GRU_CONTROLLED_ALTERNATIVE,Electricity,T125,42,2025,72,24,3-0-2-4-1,0.5351833128875,0.187795444778685,0.13126332154642872,3-0-2-4-1,TRUE,0.0,0.0,0.0,STRUCTURALLY UNSTABLE,STRUCTURALLY UNSTABLE,EXECUTABLE
GRU_CONTROLLED_ALTERNATIVE,Electricity,T125,42,2025,48,16,3-0-2-4-1,0.5351833128875,0.187795444778685,0.13126332154642872,3-0-2-4-1,TRUE,0.0,0.0,0.0,STRUCTURALLY UNSTABLE,STRUCTURALLY UNSTABLE,EXECUTABLE
GRU_CONTROLLED_ALTERNATIVE,Electricity,T125,123,2025,96,32,3-2-1-4-0,0.5568904914464287,0.19601566777576548,-0.053873441375000164,3-2-1-4-0,TRUE,0.0,0.0,0.0,STRUCTURALLY UNSTABLE,STRUCTURALLY UNSTABLE,EXECUTABLE
GRU_CONTROLLED_ALTERNATIVE,Electricity,T125,123,2025,72,24,3-2-0-4-1,0.5605027685178572,0.19601566777576548,-0.05748571844642869,3-2-1-4-0,FALSE,0.003612277071428527,0.0,-0.003612277071428527,STRUCTURALLY UNSTABLE,STRUCTURALLY UNSTABLE,EXECUTABLE
GRU_CONTROLLED_ALTERNATIVE,Electricity,T125,123,2025,48,16,3-2-1-4-0,0.5568904914464287,0.19601566777576548,-0.053873441375000164,3-2-1-4-0,TRUE,0.0,0.0,0.0,STRUCTURALLY UNSTABLE,STRUCTURALLY UNSTABLE,EXECUTABLE
GRU_CONTROLLED_ALTERNATIVE,Electricity,T26,42,123,96,32,1-4-2-3-0,0.3143644936071429,0.12337662337662338,0.3866101639285715,1-4-2-3-0,TRUE,0.0,0.0,0.0,STRUCTURALLY UNSTABLE,STRUCTURALLY UNSTABLE,EXECUTABLE
GRU_CONTROLLED_ALTERNATIVE,Electricity,T26,42,123,72,24,1-4-2-3-0,0.3143644936071429,0.12337662337662338,0.3866101639285715,1-4-2-3-0,TRUE,0.0,0.0,0.0,STRUCTURALLY UNSTABLE,STRUCTURALLY UNSTABLE,EXECUTABLE
GRU_CONTROLLED_ALTERNATIVE,Electricity,T26,42,123,48,16,0-4-1-3-2,0.5025756330357144,0.12337662337662338,0.19839902450000002,1-4-2-3-0,FALSE,0.18821113942857148,0.0,-0.18821113942857148,STRUCTURALLY UNSTABLE,STRUCTURALLY UNSTABLE,EXECUTABLE
GRU_CONTROLLED_ALTERNATIVE,Electricity,T26,42,2025,96,32,1-4-0-3-2,0.33437017189285717,0.37931034482758624,0.4607401751428571,1-4-0-3-2,TRUE,0.0,0.0,0.0,STRUCTURALLY UNSTABLE,STRUCTURALLY UNSTABLE,EXECUTABLE
GRU_CONTROLLED_ALTERNATIVE,Electricity,T26,42,2025,72,24,1-4-0-2-3,0.3776276161428571,0.37931034482758624,0.41748273089285715,1-4-0-3-2,FALSE,0.04325744424999994,0.0,-0.04325744424999994,STRUCTURALLY UNSTABLE,STRUCTURALLY UNSTABLE,EXECUTABLE
GRU_CONTROLLED_ALTERNATIVE,Electricity,T26,42,2025,48,16,3-4-0-1-2,0.3760079112857143,0.37931034482758624,0.41910243574999995,1-4-0-3-2,FALSE,0.04163773939285714,0.0,-0.04163773939285714,STRUCTURALLY UNSTABLE,STRUCTURALLY UNSTABLE,EXECUTABLE
GRU_CONTROLLED_ALTERNATIVE,Electricity,T26,123,2025,96,32,0-1-2-3-4,0.3585031313571428,0.2241379310344828,0.0,0-1-2-3-4,TRUE,0.0,0.0,0.0,STRUCTURALLY UNSTABLE,STRUCTURALLY UNSTABLE,EXECUTABLE
GRU_CONTROLLED_ALTERNATIVE,Electricity,T26,123,2025,72,24,0-1-2-3-4,0.3585031313571428,0.2241379310344828,0.0,0-1-2-3-4,TRUE,0.0,0.0,0.0,STRUCTURALLY UNSTABLE,STRUCTURALLY UNSTABLE,EXECUTABLE
GRU_CONTROLLED_ALTERNATIVE,Electricity,T26,123,2025,48,16,0-1-2-3-4,0.3585031313571428,0.2241379310344828,0.0,0-1-2-3-4,TRUE,0.0,0.0,0.0,STRUCTURALLY UNSTABLE,STRUCTURALLY UNSTABLE,EXECUTABLE
GRU_CONTROLLED_ALTERNATIVE,Electricity,T2,42,123,96,32,3-2-4-1-0,0.7548455150982143,0.0,-0.2511344961964286,3-2-4-1-0,TRUE,0.0,0.0,0.0,STRUCTURALLY UNSTABLE,STRUCTURALLY UNSTABLE,EXECUTABLE
GRU_CONTROLLED_ALTERNATIVE,Electricity,T2,42,123,72,24,3-2-4-1-0,0.7548455150982143,0.0,-0.2511344961964286,3-2-4-1-0,TRUE,0.0,0.0,0.0,STRUCTURALLY UNSTABLE,STRUCTURALLY UNSTABLE,EXECUTABLE
GRU_CONTROLLED_ALTERNATIVE,Electricity,T2,42,123,48,16,3-2-4-1-0,0.7548455150982143,0.0,-0.2511344961964286,3-2-4-1-0,TRUE,0.0,0.0,0.0,STRUCTURALLY UNSTABLE,STRUCTURALLY UNSTABLE,EXECUTABLE
GRU_CONTROLLED_ALTERNATIVE,Electricity,T2,42,2025,96,32,0-4-1-3-2,0.5148695117232143,0.0,0.1843216874642859,0-4-1-3-2,TRUE,0.0,0.0,0.0,STRUCTURALLY UNSTABLE,STRUCTURALLY UNSTABLE,EXECUTABLE
GRU_CONTROLLED_ALTERNATIVE,Electricity,T2,42,2025,72,24,1-4-3-0-2,0.4518213172767857,0.0,0.24736988191071446,0-4-1-3-2,FALSE,-0.06304819444642856,0.0,0.06304819444642856,STRUCTURALLY UNSTABLE,STRUCTURALLY UNSTABLE,EXECUTABLE
GRU_CONTROLLED_ALTERNATIVE,Electricity,T2,42,2025,48,16,0-4-1-3-2,0.5148695117232143,0.0,0.1843216874642859,0-4-1-3-2,TRUE,0.0,0.0,0.0,STRUCTURALLY UNSTABLE,STRUCTURALLY UNSTABLE,EXECUTABLE
GRU_CONTROLLED_ALTERNATIVE,Electricity,T2,123,2025,96,32,2-4-3-0-1,0.24234769016071428,1.0,0.5153046196785716,2-4-3-0-1,TRUE,0.0,0.0,0.0,SOFT-REPARAMETERISED,SOFT-REPARAMETERISED,EXECUTABLE
GRU_CONTROLLED_ALTERNATIVE,Electricity,T2,123,2025,72,24,2-4-3-0-1,0.24234769016071428,1.0,0.5153046196785716,2-4-3-0-1,TRUE,0.0,0.0,0.0,SOFT-REPARAMETERISED,SOFT-REPARAMETERISED,EXECUTABLE
GRU_CONTROLLED_ALTERNATIVE,Electricity,T2,123,2025,48,16,2-4-3-0-1,0.24234769016071428,1.0,0.5153046196785716,2-4-3-0-1,TRUE,0.0,0.0,0.0,SOFT-REPARAMETERISED,SOFT-REPARAMETERISED,EXECUTABLE
GRU_CONTROLLED_ALTERNATIVE,Electricity,T95,42,123,96,32,4-2-1-0-3,0.473006038875,0.24569050921339408,0.1653524037857142,4-2-1-0-3,TRUE,0.0,0.0,0.0,STRUCTURALLY UNSTABLE,STRUCTURALLY UNSTABLE,EXECUTABLE
GRU_CONTROLLED_ALTERNATIVE,Electricity,T95,42,123,72,24,4-2-1-0-3,0.473006038875,0.24569050921339408,0.1653524037857142,4-2-1-0-3,TRUE,0.0,0.0,0.0,STRUCTURALLY UNSTABLE,STRUCTURALLY UNSTABLE,EXECUTABLE
GRU_CONTROLLED_ALTERNATIVE,Electricity,T95,42,123,48,16,4-2-1-0-3,0.473006038875,0.24569050921339408,0.1653524037857142,4-2-1-0-3,TRUE,0.0,0.0,0.0,STRUCTURALLY UNSTABLE,STRUCTURALLY UNSTABLE,EXECUTABLE
GRU_CONTROLLED_ALTERNATIVE,Electricity,T95,42,2025,96,32,2-3-4-0-1,0.5207436756071429,0.06491193350484863,0.11013944464285708,2-3-4-0-1,TRUE,0.0,0.0,0.0,STRUCTURALLY UNSTABLE,STRUCTURALLY UNSTABLE,EXECUTABLE
GRU_CONTROLLED_ALTERNATIVE,Electricity,T95,42,2025,72,24,2-4-3-0-1,0.5447846885357144,0.06491193350484863,0.08609843171428555,2-3-4-0-1,FALSE,0.024041012928571526,0.0,-0.024041012928571526,STRUCTURALLY UNSTABLE,STRUCTURALLY UNSTABLE,EXECUTABLE
GRU_CONTROLLED_ALTERNATIVE,Electricity,T95,42,2025,48,16,2-4-1-0-3,0.542623368,0.06491193350484863,0.08825975224999993,2-3-4-0-1,FALSE,0.021879692392857142,0.0,-0.021879692392857142,STRUCTURALLY UNSTABLE,STRUCTURALLY UNSTABLE,EXECUTABLE
GRU_CONTROLLED_ALTERNATIVE,Electricity,T95,123,2025,96,32,0-3-1-4-2,0.34453369251785715,0.5636827556878589,0.05006852392857147,0-3-1-4-2,TRUE,0.0,0.0,0.0,STRUCTURALLY UNSTABLE,STRUCTURALLY UNSTABLE,EXECUTABLE
GRU_CONTROLLED_ALTERNATIVE,Electricity,T95,123,2025,72,24,0-3-1-4-2,0.34453369251785715,0.5636827556878589,0.05006852392857147,0-3-1-4-2,TRUE,0.0,0.0,0.0,STRUCTURALLY UNSTABLE,STRUCTURALLY UNSTABLE,EXECUTABLE
GRU_CONTROLLED_ALTERNATIVE,Electricity,T95,123,2025,48,16,0-1-3-4-2,0.33354282798214285,0.5636827556878589,0.06105938846428577,0-3-1-4-2,FALSE,-0.010990864535714295,0.0,0.010990864535714295,STRUCTURALLY UNSTABLE,STRUCTURALLY UNSTABLE,EXECUTABLE
GRU_CONTROLLED_ALTERNATIVE,Electricity,T100,42,123,96,32,1-0-4-3-2,0.6177858058357143,0.005813953488372072,-0.025464447832142856,1-0-4-3-2,TRUE,0.0,0.0,0.0,STRUCTURALLY UNSTABLE,STRUCTURALLY UNSTABLE,EXECUTABLE
GRU_CONTROLLED_ALTERNATIVE,Electricity,T100,42,123,72,24,2-0-4-3-1,0.5727000899607143,0.005813953488372072,0.019621268042857132,1-0-4-3-2,FALSE,-0.04508571587499999,0.0,0.04508571587499999,STRUCTURALLY UNSTABLE,STRUCTURALLY UNSTABLE,EXECUTABLE
GRU_CONTROLLED_ALTERNATIVE,Electricity,T100,42,123,48,16,2-0-4-3-1,0.5727000899607143,0.005813953488372072,0.019621268042857132,1-0-4-3-2,FALSE,-0.04508571587499999,0.0,0.04508571587499999,STRUCTURALLY UNSTABLE,STRUCTURALLY UNSTABLE,EXECUTABLE
GRU_CONTROLLED_ALTERNATIVE,Electricity,T100,42,2025,96,32,2-4-3-1-0,0.5560441028392857,0.18353931107020777,0.025987230499999958,2-4-3-1-0,TRUE,0.0,0.0,0.0,STRUCTURALLY UNSTABLE,STRUCTURALLY UNSTABLE,EXECUTABLE
GRU_CONTROLLED_ALTERNATIVE,Electricity,T100,42,2025,72,24,3-4-2-1-0,0.5226746719821428,0.18353931107020777,0.059356661357142904,2-4-3-1-0,FALSE,-0.033369430857142945,0.0,0.033369430857142945,STRUCTURALLY UNSTABLE,STRUCTURALLY UNSTABLE,EXECUTABLE
GRU_CONTROLLED_ALTERNATIVE,Electricity,T100,42,2025,48,16,3-4-2-1-0,0.5226746719821428,0.18353931107020777,0.059356661357142904,2-4-3-1-0,FALSE,-0.033369430857142945,0.0,0.033369430857142945,STRUCTURALLY UNSTABLE,STRUCTURALLY UNSTABLE,EXECUTABLE
GRU_CONTROLLED_ALTERNATIVE,Electricity,T100,123,2025,96,32,4-1-2-0-3,0.40716960289642856,0.015520357180822786,0.045094380071428575,4-1-2-0-3,TRUE,0.0,0.0,0.0,STRUCTURALLY UNSTABLE,STRUCTURALLY UNSTABLE,EXECUTABLE
GRU_CONTROLLED_ALTERNATIVE,Electricity,T100,123,2025,72,24,4-1-2-0-3,0.40716960289642856,0.015520357180822786,0.045094380071428575,4-1-2-0-3,TRUE,0.0,0.0,0.0,STRUCTURALLY UNSTABLE,STRUCTURALLY UNSTABLE,EXECUTABLE
GRU_CONTROLLED_ALTERNATIVE,Electricity,T100,123,2025,48,16,4-2-1-0-3,0.4123891770035714,0.015520357180822786,0.03987480596428572,4-1-2-0-3,FALSE,0.005219574107142855,0.0,-0.005219574107142855,STRUCTURALLY UNSTABLE,STRUCTURALLY UNSTABLE,EXECUTABLE
GRU_CONTROLLED_ALTERNATIVE,Electricity,T107,42,123,96,32,2-3-4-1-0,0.416557762525,0.06501391348343032,0.29120590602499985,2-3-4-1-0,TRUE,0.0,0.0,0.0,STRUCTURALLY UNSTABLE,STRUCTURALLY UNSTABLE,EXECUTABLE
GRU_CONTROLLED_ALTERNATIVE,Electricity,T107,42,123,72,24,2-3-4-1-0,0.416557762525,0.06501391348343032,0.29120590602499985,2-3-4-1-0,TRUE,0.0,0.0,0.0,STRUCTURALLY UNSTABLE,STRUCTURALLY UNSTABLE,EXECUTABLE
GRU_CONTROLLED_ALTERNATIVE,Electricity,T107,42,123,48,16,2-3-4-1-0,0.416557762525,0.06501391348343032,0.29120590602499985,2-3-4-1-0,TRUE,0.0,0.0,0.0,STRUCTURALLY UNSTABLE,STRUCTURALLY UNSTABLE,EXECUTABLE
GRU_CONTROLLED_ALTERNATIVE,Electricity,T107,42,2025,96,32,1-3-0-4-2,0.4702647854285714,0.2009808066289,0.3477047305714286,1-3-0-4-2,TRUE,0.0,0.0,0.0,STRUCTURALLY UNSTABLE,STRUCTURALLY UNSTABLE,EXECUTABLE
GRU_CONTROLLED_ALTERNATIVE,Electricity,T107,42,2025,72,24,1-3-0-4-2,0.4702647854285714,0.2009808066289,0.3477047305714286,1-3-0-4-2,TRUE,0.0,0.0,0.0,STRUCTURALLY UNSTABLE,STRUCTURALLY UNSTABLE,EXECUTABLE
GRU_CONTROLLED_ALTERNATIVE,Electricity,T107,42,2025,48,16,1-3-0-4-2,0.4702647854285714,0.2009808066289,0.3477047305714286,1-3-0-4-2,TRUE,0.0,0.0,0.0,STRUCTURALLY UNSTABLE,STRUCTURALLY UNSTABLE,EXECUTABLE
GRU_CONTROLLED_ALTERNATIVE,Electricity,T107,123,2025,96,32,3-2-0-1-4,0.5470051472035714,-0.009976976208749063,0.27391142976428573,3-2-0-1-4,TRUE,0.0,0.0,0.0,STRUCTURALLY UNSTABLE,STRUCTURALLY UNSTABLE,EXECUTABLE
GRU_CONTROLLED_ALTERNATIVE,Electricity,T107,123,2025,72,24,3-2-0-1-4,0.5470051472035714,-0.009976976208749063,0.27391142976428573,3-2-0-1-4,TRUE,0.0,0.0,0.0,STRUCTURALLY UNSTABLE,STRUCTURALLY UNSTABLE,EXECUTABLE
GRU_CONTROLLED_ALTERNATIVE,Electricity,T107,123,2025,48,16,0-2-1-3-4,0.716637310775,-0.009976976208749063,0.1042792661928571,3-2-0-1-4,FALSE,0.16963216357142863,0.0,-0.16963216357142863,STRUCTURALLY UNSTABLE,STRUCTURALLY UNSTABLE,EXECUTABLE
GRU_CONTROLLED_ALTERNATIVE,Electricity,T1,42,123,96,32,3-2-4-1-0,0.6134278767321427,0.08981132075471697,0.010160352428571606,3-2-4-1-0,TRUE,0.0,0.0,0.0,STRUCTURALLY UNSTABLE,STRUCTURALLY UNSTABLE,EXECUTABLE
GRU_CONTROLLED_ALTERNATIVE,Electricity,T1,42,123,72,24,3-2-4-1-0,0.6134278767321427,0.08981132075471697,0.010160352428571606,3-2-4-1-0,TRUE,0.0,0.0,0.0,STRUCTURALLY UNSTABLE,STRUCTURALLY UNSTABLE,EXECUTABLE
GRU_CONTROLLED_ALTERNATIVE,Electricity,T1,42,123,48,16,2-1-4-3-0,0.5746485273392857,0.08981132075471697,0.048939701821428594,3-2-4-1-0,FALSE,-0.03877934939285699,0.0,0.03877934939285699,STRUCTURALLY UNSTABLE,STRUCTURALLY UNSTABLE,EXECUTABLE
GRU_CONTROLLED_ALTERNATIVE,Electricity,T1,42,2025,96,32,2-3-0-4-1,0.5649788788403571,0.03392967304133253,0.298253146997857,2-3-0-4-1,TRUE,0.0,0.0,0.0,STRUCTURALLY UNSTABLE,STRUCTURALLY UNSTABLE,EXECUTABLE
GRU_CONTROLLED_ALTERNATIVE,Electricity,T1,42,2025,72,24,2-4-0-3-1,0.5674454620239285,0.03392967304133253,0.2957865638142856,2-3-0-4-1,FALSE,0.0024665831835714025,0.0,-0.0024665831835714025,STRUCTURALLY UNSTABLE,STRUCTURALLY UNSTABLE,EXECUTABLE
GRU_CONTROLLED_ALTERNATIVE,Electricity,T1,42,2025,48,16,2-4-0-3-1,0.5674454620239285,0.03392967304133253,0.2957865638142856,2-3-0-4-1,FALSE,0.0024665831835714025,0.0,-0.0024665831835714025,STRUCTURALLY UNSTABLE,STRUCTURALLY UNSTABLE,EXECUTABLE
GRU_CONTROLLED_ALTERNATIVE,Electricity,T1,123,2025,96,32,0-3-2-1-4,0.6290657076775001,0.18459856387222598,-0.0025760505764286235,0-3-2-1-4,TRUE,0.0,0.0,0.0,STRUCTURALLY UNSTABLE,STRUCTURALLY UNSTABLE,EXECUTABLE
GRU_CONTROLLED_ALTERNATIVE,Electricity,T1,123,2025,72,24,0-3-2-1-4,0.6290657076775001,0.18459856387222598,-0.0025760505764286235,0-3-2-1-4,TRUE,0.0,0.0,0.0,STRUCTURALLY UNSTABLE,STRUCTURALLY UNSTABLE,EXECUTABLE
GRU_CONTROLLED_ALTERNATIVE,Electricity,T1,123,2025,48,16,0-3-2-1-4,0.6290657076775001,0.18459856387222598,-0.0025760505764286235,0-3-2-1-4,TRUE,0.0,0.0,0.0,STRUCTURALLY UNSTABLE,STRUCTURALLY UNSTABLE,EXECUTABLE
GRU_CONTROLLED_ALTERNATIVE,Electricity,T60,42,123,96,32,3-2-4-0-1,0.26090984026785713,0.3862433862433862,0.6986643591428573,3-2-4-0-1,TRUE,0.0,0.0,0.0,STRUCTURALLY UNSTABLE,STRUCTURALLY UNSTABLE,EXECUTABLE
GRU_CONTROLLED_ALTERNATIVE,Electricity,T60,42,123,72,24,3-2-4-1-0,0.3271972799464286,0.3862433862433862,0.6323769194642859,3-2-4-0-1,FALSE,0.06628743967857148,0.0,-0.06628743967857142,STRUCTURALLY UNSTABLE,STRUCTURALLY UNSTABLE,EXECUTABLE
GRU_CONTROLLED_ALTERNATIVE,Electricity,T60,42,123,48,16,0-2-4-1-3,0.3271972799464286,0.3862433862433862,0.6323769194642859,3-2-4-0-1,FALSE,0.06628743967857148,0.0,-0.06628743967857142,STRUCTURALLY UNSTABLE,STRUCTURALLY UNSTABLE,EXECUTABLE
GRU_CONTROLLED_ALTERNATIVE,Electricity,T60,42,2025,96,32,0-4-3-2-1,0.8481164804999999,-0.11604269015754706,-0.11390603917857123,0-4-3-2-1,TRUE,0.0,0.0,0.0,STRUCTURALLY UNSTABLE,STRUCTURALLY UNSTABLE,EXECUTABLE
GRU_CONTROLLED_ALTERNATIVE,Electricity,T60,42,2025,72,24,0-4-3-1-2,0.9053881001785715,-0.11604269015754706,-0.17117765885714287,0-4-3-2-1,FALSE,0.05727161967857164,0.0,-0.05727161967857164,STRUCTURALLY UNSTABLE,STRUCTURALLY UNSTABLE,EXECUTABLE
GRU_CONTROLLED_ALTERNATIVE,Electricity,T60,42,2025,48,16,0-4-3-1-2,0.9053881001785715,-0.11604269015754706,-0.17117765885714287,0-4-3-2-1,FALSE,0.05727161967857164,0.0,-0.05727161967857164,STRUCTURALLY UNSTABLE,STRUCTURALLY UNSTABLE,EXECUTABLE
GRU_CONTROLLED_ALTERNATIVE,Electricity,T60,123,2025,96,32,0-2-3-4-1,0.5025204572321428,0.23809523809523808,0.23235502328571433,0-2-3-4-1,TRUE,0.0,0.0,0.0,STRUCTURALLY UNSTABLE,STRUCTURALLY UNSTABLE,EXECUTABLE
GRU_CONTROLLED_ALTERNATIVE,Electricity,T60,123,2025,72,24,0-1-2-4-3,0.7336551094464286,0.23809523809523808,0.0012203710714284721,0-2-3-4-1,FALSE,0.23113465221428586,0.0,-0.23113465221428586,STRUCTURALLY UNSTABLE,STRUCTURALLY UNSTABLE,EXECUTABLE
GRU_CONTROLLED_ALTERNATIVE,Electricity,T60,123,2025,48,16,0-2-3-4-1,0.5025204572321428,0.23809523809523808,0.23235502328571433,0-2-3-4-1,TRUE,0.0,0.0,0.0,STRUCTURALLY UNSTABLE,STRUCTURALLY UNSTABLE,EXECUTABLE
GRU_CONTROLLED_ALTERNATIVE,Electricity,T321,42,123,96,32,0-3-4-1-2,0.5391009453446428,0.09014385856254044,0.08845775071428574,0-3-4-1-2,TRUE,0.0,0.0,0.0,STRUCTURALLY UNSTABLE,STRUCTURALLY UNSTABLE,EXECUTABLE
GRU_CONTROLLED_ALTERNATIVE,Electricity,T321,42,123,72,24,0-3-4-1-2,0.5391009453446428,0.09014385856254044,0.08845775071428574,0-3-4-1-2,TRUE,0.0,0.0,0.0,STRUCTURALLY UNSTABLE,STRUCTURALLY UNSTABLE,EXECUTABLE
GRU_CONTROLLED_ALTERNATIVE,Electricity,T321,42,123,48,16,0-3-4-1-2,0.5391009453446428,0.09014385856254044,0.08845775071428574,0-3-4-1-2,TRUE,0.0,0.0,0.0,STRUCTURALLY UNSTABLE,STRUCTURALLY UNSTABLE,EXECUTABLE
GRU_CONTROLLED_ALTERNATIVE,Electricity,T321,42,2025,96,32,0-3-4-1-2,0.44668361080714286,0.032304602415773216,0.18770945291785707,0-3-4-1-2,TRUE,0.0,0.0,0.0,STRUCTURALLY UNSTABLE,STRUCTURALLY UNSTABLE,EXECUTABLE
GRU_CONTROLLED_ALTERNATIVE,Electricity,T321,42,2025,72,24,0-3-4-1-2,0.44668361080714286,0.032304602415773216,0.18770945291785707,0-3-4-1-2,TRUE,0.0,0.0,0.0,STRUCTURALLY UNSTABLE,STRUCTURALLY UNSTABLE,EXECUTABLE
GRU_CONTROLLED_ALTERNATIVE,Electricity,T321,42,2025,48,16,0-3-4-1-2,0.44668361080714286,0.032304602415773216,0.18770945291785707,0-3-4-1-2,TRUE,0.0,0.0,0.0,STRUCTURALLY UNSTABLE,STRUCTURALLY UNSTABLE,EXECUTABLE
GRU_CONTROLLED_ALTERNATIVE,Electricity,T321,123,2025,96,32,0-3-1-2-4,0.4656057169410714,0.07695125301425476,-0.03556837433214288,0-3-1-2-4,TRUE,0.0,0.0,0.0,STRUCTURALLY UNSTABLE,STRUCTURALLY UNSTABLE,EXECUTABLE
GRU_CONTROLLED_ALTERNATIVE,Electricity,T321,123,2025,72,24,0-3-1-2-4,0.4656057169410714,0.07695125301425476,-0.03556837433214288,0-3-1-2-4,TRUE,0.0,0.0,0.0,STRUCTURALLY UNSTABLE,STRUCTURALLY UNSTABLE,EXECUTABLE
GRU_CONTROLLED_ALTERNATIVE,Electricity,T321,123,2025,48,16,0-3-1-2-4,0.4656057169410714,0.07695125301425476,-0.03556837433214288,0-3-1-2-4,TRUE,0.0,0.0,0.0,STRUCTURALLY UNSTABLE,STRUCTURALLY UNSTABLE,EXECUTABLE
GRU_CONTROLLED_ALTERNATIVE,Electricity,T237,42,123,96,32,4-2-1-0-3,0.44872859442857144,1.0,0.2618292673928572,4-2-1-0-3,TRUE,0.0,0.0,0.0,SOFT-REPARAMETERISED,SOFT-REPARAMETERISED,EXECUTABLE
GRU_CONTROLLED_ALTERNATIVE,Electricity,T237,42,123,72,24,4-2-1-0-3,0.44872859442857144,1.0,0.2618292673928572,4-2-1-0-3,TRUE,0.0,0.0,0.0,SOFT-REPARAMETERISED,SOFT-REPARAMETERISED,EXECUTABLE
GRU_CONTROLLED_ALTERNATIVE,Electricity,T237,42,123,48,16,0-3-2-4-1,0.46416845860714284,1.0,0.24638940321428582,4-2-1-0-3,FALSE,0.015439864178571405,0.0,-0.015439864178571405,SOFT-REPARAMETERISED,SOFT-REPARAMETERISED,EXECUTABLE
GRU_CONTROLLED_ALTERNATIVE,Electricity,T237,42,2025,96,32,0-4-1-2-3,0.3238050239107143,1.0,0.4606847116428572,0-4-1-2-3,TRUE,0.0,0.0,0.0,SOFT-REPARAMETERISED,SOFT-REPARAMETERISED,EXECUTABLE
GRU_CONTROLLED_ALTERNATIVE,Electricity,T237,42,2025,72,24,4-3-1-2-0,0.32685797587499993,1.0,0.45763175967857156,0-4-1-2-3,FALSE,0.0030529519642856218,0.0,-0.0030529519642856218,SOFT-REPARAMETERISED,SOFT-REPARAMETERISED,EXECUTABLE
GRU_CONTROLLED_ALTERNATIVE,Electricity,T237,42,2025,48,16,4-3-1-2-0,0.32685797587499993,1.0,0.45763175967857156,0-4-1-2-3,FALSE,0.0030529519642856218,0.0,-0.0030529519642856218,SOFT-REPARAMETERISED,SOFT-REPARAMETERISED,EXECUTABLE
GRU_CONTROLLED_ALTERNATIVE,Electricity,T237,123,2025,96,32,2-3-1-0-4,0.42279354880357145,1.0,0.20534884382142848,2-3-1-0-4,TRUE,0.0,0.0,0.0,SOFT-REPARAMETERISED,SOFT-REPARAMETERISED,EXECUTABLE
GRU_CONTROLLED_ALTERNATIVE,Electricity,T237,123,2025,72,24,2-3-4-1-0,0.4834364953392857,1.0,0.14470589728571426,2-3-1-0-4,FALSE,0.060642946535714226,0.0,-0.060642946535714226,SOFT-REPARAMETERISED,SOFT-REPARAMETERISED,EXECUTABLE
GRU_CONTROLLED_ALTERNATIVE,Electricity,T237,123,2025,48,16,2-3-4-1-0,0.4834364953392857,1.0,0.14470589728571426,2-3-1-0-4,FALSE,0.060642946535714226,0.0,-0.060642946535714226,SOFT-REPARAMETERISED,SOFT-REPARAMETERISED,EXECUTABLE
GRU_CONTROLLED_ALTERNATIVE,Electricity,T134,42,123,96,32,0-3-4-1-2,0.46271993925,0.30538461538461537,0.07226572103571427,0-3-4-1-2,TRUE,0.0,0.0,0.0,STRUCTURALLY UNSTABLE,STRUCTURALLY UNSTABLE,EXECUTABLE
GRU_CONTROLLED_ALTERNATIVE,Electricity,T134,42,123,72,24,0-3-4-1-2,0.46271993925,0.30538461538461537,0.07226572103571427,0-3-4-1-2,TRUE,0.0,0.0,0.0,STRUCTURALLY UNSTABLE,STRUCTURALLY UNSTABLE,EXECUTABLE
GRU_CONTROLLED_ALTERNATIVE,Electricity,T134,42,123,48,16,0-3-4-1-2,0.46271993925,0.30538461538461537,0.07226572103571427,0-3-4-1-2,TRUE,0.0,0.0,0.0,STRUCTURALLY UNSTABLE,STRUCTURALLY UNSTABLE,EXECUTABLE
GRU_CONTROLLED_ALTERNATIVE,Electricity,T134,42,2025,96,32,4-2-3-1-0,0.5193146491803572,0.2987432675044883,0.17679614362857132,4-2-3-1-0,TRUE,0.0,0.0,0.0,STRUCTURALLY UNSTABLE,STRUCTURALLY UNSTABLE,EXECUTABLE
GRU_CONTROLLED_ALTERNATIVE,Electricity,T134,42,2025,72,24,4-3-2-1-0,0.4850164940017857,0.2987432675044883,0.2110942988071428,4-2-3-1-0,FALSE,-0.03429815517857149,0.0,0.03429815517857149,STRUCTURALLY UNSTABLE,STRUCTURALLY UNSTABLE,EXECUTABLE
GRU_CONTROLLED_ALTERNATIVE,Electricity,T134,42,2025,48,16,4-3-2-1-0,0.4850164940017857,0.2987432675044883,0.2110942988071428,4-2-3-1-0,FALSE,-0.03429815517857149,0.0,0.03429815517857149,STRUCTURALLY UNSTABLE,STRUCTURALLY UNSTABLE,EXECUTABLE
GRU_CONTROLLED_ALTERNATIVE,Electricity,T134,123,2025,96,32,4-1-3-0-2,0.4511707016089286,0.2384201077199282,0.062211414546428534,4-1-3-0-2,TRUE,0.0,0.0,0.0,STRUCTURALLY UNSTABLE,STRUCTURALLY UNSTABLE,EXECUTABLE
GRU_CONTROLLED_ALTERNATIVE,Electricity,T134,123,2025,72,24,4-1-3-0-2,0.4511707016089286,0.2384201077199282,0.062211414546428534,4-1-3-0-2,TRUE,0.0,0.0,0.0,STRUCTURALLY UNSTABLE,STRUCTURALLY UNSTABLE,EXECUTABLE
GRU_CONTROLLED_ALTERNATIVE,Electricity,T134,123,2025,48,16,4-1-2-3-0,0.4748866619660714,0.2384201077199282,0.03849545418928574,4-1-3-0-2,FALSE,0.023715960357142796,0.0,-0.023715960357142796,STRUCTURALLY UNSTABLE,STRUCTURALLY UNSTABLE,EXECUTABLE
GRU_CONTROLLED_ALTERNATIVE,Dengue,Kaohsiung City,42,123,96,32,2-3-4-1-0,0.6831602263749998,0.13515624999999995,-0.015324623464285536,2-3-4-1-0,TRUE,0.0,0.0,0.0,STRUCTURALLY UNSTABLE,STRUCTURALLY UNSTABLE,EXECUTABLE
GRU_CONTROLLED_ALTERNATIVE,Dengue,Kaohsiung City,42,123,72,24,2-3-4-1-0,0.6831602263749998,0.13515624999999995,-0.015324623464285536,2-3-4-1-0,TRUE,0.0,0.0,0.0,STRUCTURALLY UNSTABLE,STRUCTURALLY UNSTABLE,EXECUTABLE
GRU_CONTROLLED_ALTERNATIVE,Dengue,Kaohsiung City,42,123,48,16,2-3-4-1-0,0.6831602263749998,0.13515624999999995,-0.015324623464285536,2-3-4-1-0,TRUE,0.0,0.0,0.0,STRUCTURALLY UNSTABLE,STRUCTURALLY UNSTABLE,EXECUTABLE
GRU_CONTROLLED_ALTERNATIVE,Dengue,Kaohsiung City,42,2025,96,32,2-3-4-1-0,0.4411780993339286,-0.03250048528881618,0.35543603557142855,2-3-4-1-0,TRUE,0.0,0.0,0.0,STRUCTURALLY UNSTABLE,STRUCTURALLY UNSTABLE,EXECUTABLE
GRU_CONTROLLED_ALTERNATIVE,Dengue,Kaohsiung City,42,2025,72,24,2-3-4-1-0,0.4411780993339286,-0.03250048528881618,0.35543603557142855,2-3-4-1-0,TRUE,0.0,0.0,0.0,STRUCTURALLY UNSTABLE,STRUCTURALLY UNSTABLE,EXECUTABLE
GRU_CONTROLLED_ALTERNATIVE,Dengue,Kaohsiung City,42,2025,48,16,2-3-4-1-0,0.4411780993339286,-0.03250048528881618,0.35543603557142855,2-3-4-1-0,TRUE,0.0,0.0,0.0,STRUCTURALLY UNSTABLE,STRUCTURALLY UNSTABLE,EXECUTABLE
GRU_CONTROLLED_ALTERNATIVE,Dengue,Kaohsiung City,123,2025,96,32,0-4-2-1-3,0.5816702975660714,0.017312610662994332,-0.03436223557142859,0-4-2-1-3,TRUE,0.0,0.0,0.0,STRUCTURALLY UNSTABLE,STRUCTURALLY UNSTABLE,EXECUTABLE
GRU_CONTROLLED_ALTERNATIVE,Dengue,Kaohsiung City,123,2025,72,24,0-4-2-1-3,0.5816702975660714,0.017312610662994332,-0.03436223557142859,0-4-2-1-3,TRUE,0.0,0.0,0.0,STRUCTURALLY UNSTABLE,STRUCTURALLY UNSTABLE,EXECUTABLE
GRU_CONTROLLED_ALTERNATIVE,Dengue,Kaohsiung City,123,2025,48,16,0-4-2-1-3,0.5816702975660714,0.017312610662994332,-0.03436223557142859,0-4-2-1-3,TRUE,0.0,0.0,0.0,STRUCTURALLY UNSTABLE,STRUCTURALLY UNSTABLE,EXECUTABLE
GRU_CONTROLLED_ALTERNATIVE,Dengue,New Taipei City,42,123,96,32,2-3-4-1-0,0.3048786267142857,0.0,0.6465674054999999,2-3-4-1-0,TRUE,0.0,0.0,0.0,STRUCTURALLY UNSTABLE,STRUCTURALLY UNSTABLE,EXECUTABLE
GRU_CONTROLLED_ALTERNATIVE,Dengue,New Taipei City,42,123,72,24,2-3-4-1-0,0.3048786267142857,0.0,0.6465674054999999,2-3-4-1-0,TRUE,0.0,0.0,0.0,STRUCTURALLY UNSTABLE,STRUCTURALLY UNSTABLE,EXECUTABLE
GRU_CONTROLLED_ALTERNATIVE,Dengue,New Taipei City,42,123,48,16,2-3-4-1-0,0.3048786267142857,0.0,0.6465674054999999,2-3-4-1-0,TRUE,0.0,0.0,0.0,STRUCTURALLY UNSTABLE,STRUCTURALLY UNSTABLE,EXECUTABLE
GRU_CONTROLLED_ALTERNATIVE,Dengue,New Taipei City,42,2025,96,32,2-3-4-1-0,0.6951213746607142,0.0,0.2954122721071428,2-3-4-1-0,TRUE,0.0,0.0,0.0,STRUCTURALLY UNSTABLE,STRUCTURALLY UNSTABLE,EXECUTABLE
GRU_CONTROLLED_ALTERNATIVE,Dengue,New Taipei City,42,2025,72,24,2-3-4-1-0,0.6951213746607142,0.0,0.2954122721071428,2-3-4-1-0,TRUE,0.0,0.0,0.0,STRUCTURALLY UNSTABLE,STRUCTURALLY UNSTABLE,EXECUTABLE
GRU_CONTROLLED_ALTERNATIVE,Dengue,New Taipei City,42,2025,48,16,2-3-4-1-0,0.6951213746607142,0.0,0.2954122721071428,2-3-4-1-0,TRUE,0.0,0.0,0.0,STRUCTURALLY UNSTABLE,STRUCTURALLY UNSTABLE,EXECUTABLE
GRU_CONTROLLED_ALTERNATIVE,Dengue,New Taipei City,123,2025,96,32,0-4-2-1-3,0.08946731637499998,1.0,0.910532685,0-4-2-1-3,TRUE,0.0,0.0,0.0,STABLE,STABLE,EXECUTABLE
GRU_CONTROLLED_ALTERNATIVE,Dengue,New Taipei City,123,2025,72,24,0-4-2-1-3,0.08946731637499998,1.0,0.910532685,0-4-2-1-3,TRUE,0.0,0.0,0.0,STABLE,STABLE,EXECUTABLE
GRU_CONTROLLED_ALTERNATIVE,Dengue,New Taipei City,123,2025,48,16,0-4-2-1-3,0.08946731637499998,1.0,0.910532685,0-4-2-1-3,TRUE,0.0,0.0,0.0,STABLE,STABLE,EXECUTABLE
GRU_CONTROLLED_ALTERNATIVE,Dengue,Pingtung County,42,123,96,32,2-3-4-1-0,0.3476377551928572,0.1650412603150787,0.64491657315,2-3-4-1-0,TRUE,0.0,0.0,0.0,STRUCTURALLY UNSTABLE,STRUCTURALLY UNSTABLE,EXECUTABLE
GRU_CONTROLLED_ALTERNATIVE,Dengue,Pingtung County,42,123,72,24,3-2-4-1-0,0.3476377551928572,0.1650412603150787,0.64491657315,2-3-4-1-0,FALSE,0.0,0.0,0.0,STRUCTURALLY UNSTABLE,STRUCTURALLY UNSTABLE,EXECUTABLE
GRU_CONTROLLED_ALTERNATIVE,Dengue,Pingtung County,42,123,48,16,2-3-4-1-0,0.3476377551928572,0.1650412603150787,0.64491657315,2-3-4-1-0,TRUE,0.0,0.0,0.0,STRUCTURALLY UNSTABLE,STRUCTURALLY UNSTABLE,EXECUTABLE
GRU_CONTROLLED_ALTERNATIVE,Dengue,Pingtung County,42,2025,96,32,3-2-4-1-0,0.4624569103571428,-0.06225680933852149,0.4705014661785713,3-2-4-1-0,TRUE,0.0,0.0,0.0,STRUCTURALLY UNSTABLE,STRUCTURALLY UNSTABLE,EXECUTABLE
GRU_CONTROLLED_ALTERNATIVE,Dengue,Pingtung County,42,2025,72,24,3-2-4-1-0,0.4624569103571428,-0.06225680933852149,0.4705014661785713,3-2-4-1-0,TRUE,0.0,0.0,0.0,STRUCTURALLY UNSTABLE,STRUCTURALLY UNSTABLE,EXECUTABLE
GRU_CONTROLLED_ALTERNATIVE,Dengue,Pingtung County,42,2025,48,16,3-2-4-1-0,0.4624569103571428,-0.06225680933852149,0.4705014661785713,3-2-4-1-0,TRUE,0.0,0.0,0.0,STRUCTURALLY UNSTABLE,STRUCTURALLY UNSTABLE,EXECUTABLE
GRU_CONTROLLED_ALTERNATIVE,Dengue,Pingtung County,123,2025,96,32,0-3-2-1-4,0.6571215183785715,0.024603357093584764,-0.01362658299999997,0-3-2-1-4,TRUE,0.0,0.0,0.0,STRUCTURALLY UNSTABLE,STRUCTURALLY UNSTABLE,EXECUTABLE
GRU_CONTROLLED_ALTERNATIVE,Dengue,Pingtung County,123,2025,72,24,0-1-2-3-4,0.6434949353785715,0.024603357093584764,0.0,0-3-2-1-4,FALSE,-0.01362658299999997,0.0,0.01362658299999997,STRUCTURALLY UNSTABLE,STRUCTURALLY UNSTABLE,EXECUTABLE
GRU_CONTROLLED_ALTERNATIVE,Dengue,Pingtung County,123,2025,48,16,0-4-2-1-3,0.4248150059142858,0.024603357093584764,0.21867992946428572,0-3-2-1-4,FALSE,-0.23230651246428569,0.0,0.23230651246428569,STRUCTURALLY UNSTABLE,STRUCTURALLY UNSTABLE,EXECUTABLE
GRU_CONTROLLED_ALTERNATIVE,Dengue,Taichung City,42,123,96,32,2-1-4-3-0,0.5723136063500001,-0.027315619567916578,0.2252009721999998,2-1-4-3-0,TRUE,0.0,0.0,0.0,STRUCTURALLY UNSTABLE,STRUCTURALLY UNSTABLE,EXECUTABLE
GRU_CONTROLLED_ALTERNATIVE,Dengue,Taichung City,42,123,72,24,2-1-4-3-0,0.5723136063500001,-0.027315619567916578,0.2252009721999998,2-1-4-3-0,TRUE,0.0,0.0,0.0,STRUCTURALLY UNSTABLE,STRUCTURALLY UNSTABLE,EXECUTABLE
GRU_CONTROLLED_ALTERNATIVE,Dengue,Taichung City,42,123,48,16,2-3-4-1-0,0.5021954870285714,-0.027315619567916578,0.29531909152142843,2-1-4-3-0,FALSE,-0.07011811932142864,0.0,0.07011811932142864,STRUCTURALLY UNSTABLE,STRUCTURALLY UNSTABLE,EXECUTABLE
GRU_CONTROLLED_ALTERNATIVE,Dengue,Taichung City,42,2025,96,32,3-2-4-1-0,0.4385395338392857,0.0,0.4545964648214287,3-2-4-1-0,TRUE,0.0,0.0,0.0,STRUCTURALLY UNSTABLE,STRUCTURALLY UNSTABLE,EXECUTABLE
GRU_CONTROLLED_ALTERNATIVE,Dengue,Taichung City,42,2025,72,24,3-2-4-1-0,0.4385395338392857,0.0,0.4545964648214287,3-2-4-1-0,TRUE,0.0,0.0,0.0,STRUCTURALLY UNSTABLE,STRUCTURALLY UNSTABLE,EXECUTABLE
GRU_CONTROLLED_ALTERNATIVE,Dengue,Taichung City,42,2025,48,16,3-2-4-1-0,0.4385395338392857,0.0,0.4545964648214287,3-2-4-1-0,TRUE,0.0,0.0,0.0,STRUCTURALLY UNSTABLE,STRUCTURALLY UNSTABLE,EXECUTABLE
GRU_CONTROLLED_ALTERNATIVE,Dengue,Taichung City,123,2025,96,32,0-1-2-4-3,0.4064365634392857,0.0,0.11175369057142859,0-1-2-4-3,TRUE,0.0,0.0,0.0,STRUCTURALLY UNSTABLE,STRUCTURALLY UNSTABLE,EXECUTABLE
GRU_CONTROLLED_ALTERNATIVE,Dengue,Taichung City,123,2025,72,24,0-1-2-4-3,0.4064365634392857,0.0,0.11175369057142859,0-1-2-4-3,TRUE,0.0,0.0,0.0,STRUCTURALLY UNSTABLE,STRUCTURALLY UNSTABLE,EXECUTABLE
GRU_CONTROLLED_ALTERNATIVE,Dengue,Taichung City,123,2025,48,16,0-3-2-1-4,0.6095010262892859,0.0,-0.09131077227857165,0-1-2-4-3,FALSE,0.20306446285000024,0.0,-0.20306446285000024,STRUCTURALLY UNSTABLE,STRUCTURALLY UNSTABLE,EXECUTABLE
GRU_CONTROLLED_ALTERNATIVE,Dengue,Tainan City,42,123,96,32,2-3-4-1-0,0.3679664874178572,0.18929016189290168,0.5479747538964286,2-3-4-1-0,TRUE,0.0,0.0,0.0,STRUCTURALLY UNSTABLE,STRUCTURALLY UNSTABLE,EXECUTABLE
GRU_CONTROLLED_ALTERNATIVE,Dengue,Tainan City,42,123,72,24,2-3-4-1-0,0.3679664874178572,0.18929016189290168,0.5479747538964286,2-3-4-1-0,TRUE,0.0,0.0,0.0,STRUCTURALLY UNSTABLE,STRUCTURALLY UNSTABLE,EXECUTABLE
GRU_CONTROLLED_ALTERNATIVE,Dengue,Tainan City,42,123,48,16,2-3-4-1-0,0.3679664874178572,0.18929016189290168,0.5479747538964286,2-3-4-1-0,TRUE,0.0,0.0,0.0,STRUCTURALLY UNSTABLE,STRUCTURALLY UNSTABLE,EXECUTABLE
GRU_CONTROLLED_ALTERNATIVE,Dengue,Tainan City,42,2025,96,32,1-3-0-4-2,0.6132187106964285,0.0,0.34615078703571434,1-3-0-4-2,TRUE,0.0,0.0,0.0,STRUCTURALLY UNSTABLE,STRUCTURALLY UNSTABLE,EXECUTABLE
GRU_CONTROLLED_ALTERNATIVE,Dengue,Tainan City,42,2025,72,24,1-3-0-4-2,0.6132187106964285,0.0,0.34615078703571434,1-3-0-4-2,TRUE,0.0,0.0,0.0,STRUCTURALLY UNSTABLE,STRUCTURALLY UNSTABLE,EXECUTABLE
GRU_CONTROLLED_ALTERNATIVE,Dengue,Tainan City,42,2025,48,16,1-3-0-4-2,0.6132187106964285,0.0,0.34615078703571434,1-3-0-4-2,TRUE,0.0,0.0,0.0,STRUCTURALLY UNSTABLE,STRUCTURALLY UNSTABLE,EXECUTABLE
GRU_CONTROLLED_ALTERNATIVE,Dengue,Tainan City,123,2025,96,32,0-4-1-3-2,0.4732182731535715,0.0,0.20670701867857139,0-4-1-3-2,TRUE,0.0,0.0,0.0,STRUCTURALLY UNSTABLE,STRUCTURALLY UNSTABLE,EXECUTABLE
GRU_CONTROLLED_ALTERNATIVE,Dengue,Tainan City,123,2025,72,24,0-4-1-3-2,0.4732182731535715,0.0,0.20670701867857139,0-4-1-3-2,TRUE,0.0,0.0,0.0,STRUCTURALLY UNSTABLE,STRUCTURALLY UNSTABLE,EXECUTABLE
GRU_CONTROLLED_ALTERNATIVE,Dengue,Tainan City,123,2025,48,16,0-4-3-1-2,0.5134984580071429,0.0,0.166426833825,0-4-1-3-2,FALSE,0.04028018485357138,0.0,-0.04028018485357138,STRUCTURALLY UNSTABLE,STRUCTURALLY UNSTABLE,EXECUTABLE
GRU_CONTROLLED_ALTERNATIVE,Dengue,Taipei City,42,123,96,32,2-3-4-1-0,0.47577913965357144,-0.021961567257299797,0.49741429255,2-3-4-1-0,TRUE,0.0,0.0,0.0,STRUCTURALLY UNSTABLE,STRUCTURALLY UNSTABLE,EXECUTABLE
GRU_CONTROLLED_ALTERNATIVE,Dengue,Taipei City,42,123,72,24,3-2-4-1-0,0.4783474271535715,-0.021961567257299797,0.49484600505,2-3-4-1-0,FALSE,0.002568287500000044,0.0,-0.002568287500000044,STRUCTURALLY UNSTABLE,STRUCTURALLY UNSTABLE,EXECUTABLE
GRU_CONTROLLED_ALTERNATIVE,Dengue,Taipei City,42,123,48,16,2-3-4-1-0,0.47577913965357144,-0.021961567257299797,0.49741429255,2-3-4-1-0,TRUE,0.0,0.0,0.0,STRUCTURALLY UNSTABLE,STRUCTURALLY UNSTABLE,EXECUTABLE
GRU_CONTROLLED_ALTERNATIVE,Dengue,Taipei City,42,2025,96,32,4-2-3-1-0,0.4376303119714286,0.30491474423269804,0.3365097027357143,4-2-3-1-0,TRUE,0.0,0.0,0.0,STRUCTURALLY UNSTABLE,STRUCTURALLY UNSTABLE,EXECUTABLE
GRU_CONTROLLED_ALTERNATIVE,Dengue,Taipei City,42,2025,72,24,1-2-3-4-0,0.26523507654285716,0.30491474423269804,0.5089049381642857,4-2-3-1-0,FALSE,-0.17239523542857144,0.0,0.17239523542857144,STRUCTURALLY UNSTABLE,STRUCTURALLY UNSTABLE,EXECUTABLE
GRU_CONTROLLED_ALTERNATIVE,Dengue,Taipei City,42,2025,48,16,4-2-3-1-0,0.4376303119714286,0.30491474423269804,0.3365097027357143,4-2-3-1-0,TRUE,0.0,0.0,0.0,STRUCTURALLY UNSTABLE,STRUCTURALLY UNSTABLE,EXECUTABLE
GRU_CONTROLLED_ALTERNATIVE,Dengue,Taipei City,123,2025,96,32,0-3-2-1-4,0.4129894815535714,-0.10594394825993243,0.4142903187142858,0-3-2-1-4,TRUE,0.0,0.0,0.0,STRUCTURALLY UNSTABLE,STRUCTURALLY UNSTABLE,EXECUTABLE
GRU_CONTROLLED_ALTERNATIVE,Dengue,Taipei City,123,2025,72,24,0-3-2-1-4,0.4129894815535714,-0.10594394825993243,0.4142903187142858,0-3-2-1-4,TRUE,0.0,0.0,0.0,STRUCTURALLY UNSTABLE,STRUCTURALLY UNSTABLE,EXECUTABLE
GRU_CONTROLLED_ALTERNATIVE,Dengue,Taipei City,123,2025,48,16,0-1-2-4-3,0.8473334945892858,-0.10594394825993243,-0.02005369432142856,0-3-2-1-4,FALSE,0.43434401303571435,0.0,-0.43434401303571435,STRUCTURALLY UNSTABLE,STRUCTURALLY UNSTABLE,EXECUTABLE
GRU_CONTROLLED_ALTERNATIVE,Dengue,Yunlin County,42,123,96,32,2-3-4-1-0,0.39023539257142853,0.35120426446373254,0.5283568502142857,2-3-4-1-0,TRUE,0.0,0.0,0.0,STRUCTURALLY UNSTABLE,STRUCTURALLY UNSTABLE,EXECUTABLE
GRU_CONTROLLED_ALTERNATIVE,Dengue,Yunlin County,42,123,72,24,2-3-4-1-0,0.39023539257142853,0.35120426446373254,0.5283568502142857,2-3-4-1-0,TRUE,0.0,0.0,0.0,STRUCTURALLY UNSTABLE,STRUCTURALLY UNSTABLE,EXECUTABLE
GRU_CONTROLLED_ALTERNATIVE,Dengue,Yunlin County,42,123,48,16,2-1-4-3-0,0.7683581989999999,0.35120426446373254,0.15023404378571437,2-3-4-1-0,FALSE,0.3781228064285714,0.0,-0.3781228064285713,STRUCTURALLY UNSTABLE,STRUCTURALLY UNSTABLE,EXECUTABLE
GRU_CONTROLLED_ALTERNATIVE,Dengue,Yunlin County,42,2025,96,32,1-2-3-4-0,0.47090169321428565,0.008321814437642938,0.5185220242857144,1-2-3-4-0,TRUE,0.0,0.0,0.0,STRUCTURALLY UNSTABLE,STRUCTURALLY UNSTABLE,EXECUTABLE
GRU_CONTROLLED_ALTERNATIVE,Dengue,Yunlin County,42,2025,72,24,1-2-0-4-3,0.6152833405714285,0.008321814437642938,0.3741403769285715,1-2-3-4-0,FALSE,0.14438164735714287,0.0,-0.14438164735714287,STRUCTURALLY UNSTABLE,STRUCTURALLY UNSTABLE,EXECUTABLE
GRU_CONTROLLED_ALTERNATIVE,Dengue,Yunlin County,42,2025,48,16,2-4-3-1-0,0.8263788515714287,0.008321814437642938,0.16304486592857137,1-2-3-4-0,FALSE,0.355477158357143,0.0,-0.355477158357143,STRUCTURALLY UNSTABLE,STRUCTURALLY UNSTABLE,EXECUTABLE
GRU_CONTROLLED_ALTERNATIVE,Dengue,Yunlin County,123,2025,96,32,0-4-1-2-3,0.3776890060714285,-0.010601606444295307,0.2828071209285715,0-4-1-2-3,TRUE,0.0,0.0,0.0,STRUCTURALLY UNSTABLE,STRUCTURALLY UNSTABLE,EXECUTABLE
GRU_CONTROLLED_ALTERNATIVE,Dengue,Yunlin County,123,2025,72,24,0-4-1-2-3,0.3776890060714285,-0.010601606444295307,0.2828071209285715,0-4-1-2-3,TRUE,0.0,0.0,0.0,STRUCTURALLY UNSTABLE,STRUCTURALLY UNSTABLE,EXECUTABLE
GRU_CONTROLLED_ALTERNATIVE,Dengue,Yunlin County,123,2025,48,16,0-1-2-4-3,0.6135293629999999,-0.010601606444295307,0.046966764000000105,0-4-1-2-3,FALSE,0.23584035692857142,0.0,-0.23584035692857142,STRUCTURALLY UNSTABLE,STRUCTURALLY UNSTABLE,EXECUTABLE
TRANSFORMER_CONTROLLED_ALTERNATIVE,WHO,Australia,42,123,96,32,3-0-4-1-2,0.3987087003285715,0.5182667799490229,0.44190579648571443,3-0-4-1-2,TRUE,0.0,0.0,0.0,STRUCTURALLY UNSTABLE,STRUCTURALLY UNSTABLE,EXECUTABLE
TRANSFORMER_CONTROLLED_ALTERNATIVE,WHO,Australia,42,123,72,24,3-0-4-1-2,0.3987087003285715,0.5182667799490229,0.44190579648571443,3-0-4-1-2,TRUE,0.0,0.0,0.0,STRUCTURALLY UNSTABLE,STRUCTURALLY UNSTABLE,EXECUTABLE
TRANSFORMER_CONTROLLED_ALTERNATIVE,WHO,Australia,42,123,48,16,3-0-2-1-4,0.5342910674714286,0.5182667799490229,0.3063234293428573,3-0-4-1-2,FALSE,0.13558236714285715,0.0,-0.13558236714285715,STRUCTURALLY UNSTABLE,STRUCTURALLY UNSTABLE,EXECUTABLE
TRANSFORMER_CONTROLLED_ALTERNATIVE,WHO,Australia,42,2025,96,32,2-0-3-4-1,0.5005260374785714,0.5182667799490229,0.32098293190000016,2-0-3-4-1,TRUE,0.0,0.0,0.0,STRUCTURALLY UNSTABLE,STRUCTURALLY UNSTABLE,EXECUTABLE
TRANSFORMER_CONTROLLED_ALTERNATIVE,WHO,Australia,42,2025,72,24,2-0-3-4-1,0.5005260374785714,0.5182667799490229,0.32098293190000016,2-0-3-4-1,TRUE,0.0,0.0,0.0,STRUCTURALLY UNSTABLE,STRUCTURALLY UNSTABLE,EXECUTABLE
TRANSFORMER_CONTROLLED_ALTERNATIVE,WHO,Australia,42,2025,48,16,2-0-3-4-1,0.5005260374785714,0.5182667799490229,0.32098293190000016,2-0-3-4-1,TRUE,0.0,0.0,0.0,STRUCTURALLY UNSTABLE,STRUCTURALLY UNSTABLE,EXECUTABLE
TRANSFORMER_CONTROLLED_ALTERNATIVE,WHO,Australia,123,2025,96,32,0-1-3-2-4,0.12271577372142854,1.0,0.0,0-1-3-2-4,TRUE,0.0,0.0,0.0,STABLE,STABLE,EXECUTABLE
TRANSFORMER_CONTROLLED_ALTERNATIVE,WHO,Australia,123,2025,72,24,0-4-3-2-1,0.67660380295,1.0,-0.5538880292285715,0-1-3-2-4,FALSE,0.5538880292285715,0.0,-0.5538880292285715,STABLE,SOFT-REPARAMETERISED,EXECUTABLE
TRANSFORMER_CONTROLLED_ALTERNATIVE,WHO,Australia,123,2025,48,16,0-1-3-2-4,0.12271577372142854,1.0,0.0,0-1-3-2-4,TRUE,0.0,0.0,0.0,STABLE,STABLE,EXECUTABLE
TRANSFORMER_CONTROLLED_ALTERNATIVE,WHO,Austria,42,123,96,32,0-2-4-3-1,0.6577337400910714,0.03494837172359013,0.009313517900000123,0-2-4-3-1,TRUE,0.0,0.0,0.0,STRUCTURALLY UNSTABLE,STRUCTURALLY UNSTABLE,EXECUTABLE
TRANSFORMER_CONTROLLED_ALTERNATIVE,WHO,Austria,42,123,72,24,0-2-4-3-1,0.6577337400910714,0.03494837172359013,0.009313517900000123,0-2-4-3-1,TRUE,0.0,0.0,0.0,STRUCTURALLY UNSTABLE,STRUCTURALLY UNSTABLE,EXECUTABLE
TRANSFORMER_CONTROLLED_ALTERNATIVE,WHO,Austria,42,123,48,16,0-1-4-3-2,0.6618884318767858,0.03494837172359013,0.005158826114285753,0-2-4-3-1,FALSE,0.004154691785714371,0.0,-0.004154691785714371,STRUCTURALLY UNSTABLE,STRUCTURALLY UNSTABLE,EXECUTABLE
TRANSFORMER_CONTROLLED_ALTERNATIVE,WHO,Austria,42,2025,96,32,0-2-4-3-1,0.49526176034464287,0.147239263803681,0.13919737060000004,0-2-4-3-1,TRUE,0.0,0.0,0.0,STRUCTURALLY UNSTABLE,STRUCTURALLY UNSTABLE,EXECUTABLE
TRANSFORMER_CONTROLLED_ALTERNATIVE,WHO,Austria,42,2025,72,24,0-2-4-3-1,0.49526176034464287,0.147239263803681,0.13919737060000004,0-2-4-3-1,TRUE,0.0,0.0,0.0,STRUCTURALLY UNSTABLE,STRUCTURALLY UNSTABLE,EXECUTABLE
TRANSFORMER_CONTROLLED_ALTERNATIVE,WHO,Austria,42,2025,48,16,0-2-4-1-3,0.5008426103089285,0.147239263803681,0.1336165206357144,0-2-4-3-1,FALSE,0.00558084996428565,0.0,-0.00558084996428565,STRUCTURALLY UNSTABLE,STRUCTURALLY UNSTABLE,EXECUTABLE
TRANSFORMER_CONTROLLED_ALTERNATIVE,WHO,Austria,123,2025,96,32,3-1-2-4-0,0.4056732678678571,0.2743521000893655,0.16934035876428571,3-1-2-4-0,TRUE,0.0,0.0,0.0,STRUCTURALLY UNSTABLE,STRUCTURALLY UNSTABLE,EXECUTABLE
TRANSFORMER_CONTROLLED_ALTERNATIVE,WHO,Austria,123,2025,72,24,3-1-2-4-0,0.4056732678678571,0.2743521000893655,0.16934035876428571,3-1-2-4-0,TRUE,0.0,0.0,0.0,STRUCTURALLY UNSTABLE,STRUCTURALLY UNSTABLE,EXECUTABLE
TRANSFORMER_CONTROLLED_ALTERNATIVE,WHO,Austria,123,2025,48,16,3-1-2-4-0,0.4056732678678571,0.2743521000893655,0.16934035876428571,3-1-2-4-0,TRUE,0.0,0.0,0.0,STRUCTURALLY UNSTABLE,STRUCTURALLY UNSTABLE,EXECUTABLE
TRANSFORMER_CONTROLLED_ALTERNATIVE,WHO,Bangladesh,42,123,96,32,3-0-4-1-2,0.6952296701484642,0.15397746671218845,0.08227870467857168,3-0-4-1-2,TRUE,0.0,0.0,0.0,STRUCTURALLY UNSTABLE,STRUCTURALLY UNSTABLE,EXECUTABLE
TRANSFORMER_CONTROLLED_ALTERNATIVE,WHO,Bangladesh,42,123,72,24,1-0-4-3-2,0.6871743270413215,0.15397746671218845,0.0903340477857143,3-0-4-1-2,FALSE,-0.00805534310714262,0.0,0.00805534310714262,STRUCTURALLY UNSTABLE,STRUCTURALLY UNSTABLE,EXECUTABLE
TRANSFORMER_CONTROLLED_ALTERNATIVE,WHO,Bangladesh,42,123,48,16,1-0-4-3-2,0.6871743270413215,0.15397746671218845,0.0903340477857143,3-0-4-1-2,FALSE,-0.00805534310714262,0.0,0.00805534310714262,STRUCTURALLY UNSTABLE,STRUCTURALLY UNSTABLE,EXECUTABLE
TRANSFORMER_CONTROLLED_ALTERNATIVE,WHO,Bangladesh,42,2025,96,32,1-4-3-0-2,0.6288963690770357,0.09530835054588373,-0.039584005035714354,1-4-3-0-2,TRUE,0.0,0.0,0.0,STRUCTURALLY UNSTABLE,STRUCTURALLY UNSTABLE,EXECUTABLE
TRANSFORMER_CONTROLLED_ALTERNATIVE,WHO,Bangladesh,42,2025,72,24,0-4-3-1-2,0.56729026136275,0.09530835054588373,0.02202210267857141,1-4-3-0-2,FALSE,-0.06160610771428576,0.0,0.06160610771428576,STRUCTURALLY UNSTABLE,STRUCTURALLY UNSTABLE,EXECUTABLE
TRANSFORMER_CONTROLLED_ALTERNATIVE,WHO,Bangladesh,42,2025,48,16,3-4-0-1-2,0.726686967280107,0.09530835054588373,-0.1373746032387856,1-4-3-0-2,FALSE,0.09779059820307123,0.0,-0.09779059820307123,STRUCTURALLY UNSTABLE,STRUCTURALLY UNSTABLE,EXECUTABLE
TRANSFORMER_CONTROLLED_ALTERNATIVE,WHO,Bangladesh,123,2025,96,32,4-0-2-1-3,0.6071349808214285,0.0832968439489373,0.18263353821428585,4-0-2-1-3,TRUE,0.0,0.0,0.0,STRUCTURALLY UNSTABLE,STRUCTURALLY UNSTABLE,EXECUTABLE
TRANSFORMER_CONTROLLED_ALTERNATIVE,WHO,Bangladesh,123,2025,72,24,4-1-0-2-3,0.7309647375357142,0.0832968439489373,0.058803781500000096,4-0-2-1-3,FALSE,0.12382975671428575,0.0,-0.12382975671428575,STRUCTURALLY UNSTABLE,STRUCTURALLY UNSTABLE,EXECUTABLE
TRANSFORMER_CONTROLLED_ALTERNATIVE,WHO,Bangladesh,123,2025,48,16,4-1-0-2-3,0.7309647375357142,0.0832968439489373,0.058803781500000096,4-0-2-1-3,FALSE,0.12382975671428575,0.0,-0.12382975671428575,STRUCTURALLY UNSTABLE,STRUCTURALLY UNSTABLE,EXECUTABLE
TRANSFORMER_CONTROLLED_ALTERNATIVE,WHO,Bhutan,42,123,96,32,3-0-4-1-2,0.43848949416725,-0.009096302155428074,0.29755673003571426,3-0-4-1-2,TRUE,0.0,0.0,0.0,STRUCTURALLY UNSTABLE,STRUCTURALLY UNSTABLE,EXECUTABLE
TRANSFORMER_CONTROLLED_ALTERNATIVE,WHO,Bhutan,42,123,72,24,3-0-4-1-2,0.43848949416725,-0.009096302155428074,0.29755673003571426,3-0-4-1-2,TRUE,0.0,0.0,0.0,STRUCTURALLY UNSTABLE,STRUCTURALLY UNSTABLE,EXECUTABLE
TRANSFORMER_CONTROLLED_ALTERNATIVE,WHO,Bhutan,42,123,48,16,3-0-4-1-2,0.43848949416725,-0.009096302155428074,0.29755673003571426,3-0-4-1-2,TRUE,0.0,0.0,0.0,STRUCTURALLY UNSTABLE,STRUCTURALLY UNSTABLE,EXECUTABLE
TRANSFORMER_CONTROLLED_ALTERNATIVE,WHO,Bhutan,42,2025,96,32,1-0-4-3-2,0.4159023528351072,-0.05832012678288424,0.30549709984285706,1-0-4-3-2,TRUE,0.0,0.0,0.0,STRUCTURALLY UNSTABLE,STRUCTURALLY UNSTABLE,EXECUTABLE
TRANSFORMER_CONTROLLED_ALTERNATIVE,WHO,Bhutan,42,2025,72,24,3-0-4-1-2,0.4548721573708214,-0.05832012678288424,0.26652729530714286,1-0-4-3-2,FALSE,0.03896980453571419,0.0,-0.03896980453571419,STRUCTURALLY UNSTABLE,STRUCTURALLY UNSTABLE,EXECUTABLE
TRANSFORMER_CONTROLLED_ALTERNATIVE,WHO,Bhutan,42,2025,48,16,1-0-4-3-2,0.4159023528351072,-0.05832012678288424,0.30549709984285706,1-0-4-3-2,TRUE,0.0,0.0,0.0,STRUCTURALLY UNSTABLE,STRUCTURALLY UNSTABLE,EXECUTABLE
TRANSFORMER_CONTROLLED_ALTERNATIVE,WHO,Bhutan,123,2025,96,32,0-1-2-3-4,0.40505856954642855,0.05558706749858208,0.0,0-1-2-3-4,TRUE,0.0,0.0,0.0,STRUCTURALLY UNSTABLE,STRUCTURALLY UNSTABLE,EXECUTABLE
TRANSFORMER_CONTROLLED_ALTERNATIVE,WHO,Bhutan,123,2025,72,24,0-1-2-3-4,0.40505856954642855,0.05558706749858208,0.0,0-1-2-3-4,TRUE,0.0,0.0,0.0,STRUCTURALLY UNSTABLE,STRUCTURALLY UNSTABLE,EXECUTABLE
TRANSFORMER_CONTROLLED_ALTERNATIVE,WHO,Bhutan,123,2025,48,16,0-1-2-3-4,0.40505856954642855,0.05558706749858208,0.0,0-1-2-3-4,TRUE,0.0,0.0,0.0,STRUCTURALLY UNSTABLE,STRUCTURALLY UNSTABLE,EXECUTABLE
TRANSFORMER_CONTROLLED_ALTERNATIVE,WHO,Brunei Darussalam,42,123,96,32,2-3-4-1-0,0.503967703175,0.17524965733307227,0.20495995132142852,2-3-4-1-0,TRUE,0.0,0.0,0.0,STRUCTURALLY UNSTABLE,STRUCTURALLY UNSTABLE,EXECUTABLE
TRANSFORMER_CONTROLLED_ALTERNATIVE,WHO,Brunei Darussalam,42,123,72,24,2-3-4-1-0,0.503967703175,0.17524965733307227,0.20495995132142852,2-3-4-1-0,TRUE,0.0,0.0,0.0,STRUCTURALLY UNSTABLE,STRUCTURALLY UNSTABLE,EXECUTABLE
TRANSFORMER_CONTROLLED_ALTERNATIVE,WHO,Brunei Darussalam,42,123,48,16,2-3-4-1-0,0.503967703175,0.17524965733307227,0.20495995132142852,2-3-4-1-0,TRUE,0.0,0.0,0.0,STRUCTURALLY UNSTABLE,STRUCTURALLY UNSTABLE,EXECUTABLE
TRANSFORMER_CONTROLLED_ALTERNATIVE,WHO,Brunei Darussalam,42,2025,96,32,2-3-4-1-0,0.3204375342178572,0.1413427561837456,0.602825537925,2-3-4-1-0,TRUE,0.0,0.0,0.0,STRUCTURALLY UNSTABLE,STRUCTURALLY UNSTABLE,EXECUTABLE
TRANSFORMER_CONTROLLED_ALTERNATIVE,WHO,Brunei Darussalam,42,2025,72,24,2-1-4-3-0,0.4432465482142857,0.1413427561837456,0.48001652392857147,2-3-4-1-0,FALSE,0.12280901399642852,0.0,-0.12280901399642857,STRUCTURALLY UNSTABLE,STRUCTURALLY UNSTABLE,EXECUTABLE
TRANSFORMER_CONTROLLED_ALTERNATIVE,WHO,Brunei Darussalam,42,2025,48,16,2-1-4-3-0,0.4432465482142857,0.1413427561837456,0.48001652392857147,2-3-4-1-0,FALSE,0.12280901399642852,0.0,-0.12280901399642857,STRUCTURALLY UNSTABLE,STRUCTURALLY UNSTABLE,EXECUTABLE
TRANSFORMER_CONTROLLED_ALTERNATIVE,WHO,Brunei Darussalam,123,2025,96,32,0-4-2-1-3,0.5314651016392857,-0.03972127401472617,0.17344810779285724,0-4-2-1-3,TRUE,0.0,0.0,0.0,STRUCTURALLY UNSTABLE,STRUCTURALLY UNSTABLE,EXECUTABLE
TRANSFORMER_CONTROLLED_ALTERNATIVE,WHO,Brunei Darussalam,123,2025,72,24,0-4-2-1-3,0.5314651016392857,-0.03972127401472617,0.17344810779285724,0-4-2-1-3,TRUE,0.0,0.0,0.0,STRUCTURALLY UNSTABLE,STRUCTURALLY UNSTABLE,EXECUTABLE
TRANSFORMER_CONTROLLED_ALTERNATIVE,WHO,Brunei Darussalam,123,2025,48,16,0-4-1-2-3,0.552264574675,-0.03972127401472617,0.15264863475714296,0-4-2-1-3,FALSE,0.020799473035714278,0.0,-0.020799473035714278,STRUCTURALLY UNSTABLE,STRUCTURALLY UNSTABLE,EXECUTABLE
TRANSFORMER_CONTROLLED_ALTERNATIVE,WHO,Cambodia,42,123,96,32,2-1-4-3-0,0.6193470728660714,0.4350106972245831,0.0049845121428570005,2-1-4-3-0,TRUE,0.0,0.0,0.0,STRUCTURALLY UNSTABLE,STRUCTURALLY UNSTABLE,EXECUTABLE
TRANSFORMER_CONTROLLED_ALTERNATIVE,WHO,Cambodia,42,123,72,24,0-3-4-1-2,0.5630153137232142,0.4350106972245831,0.06131627128571415,2-1-4-3-0,FALSE,-0.05633175914285715,0.0,0.05633175914285715,STRUCTURALLY UNSTABLE,STRUCTURALLY UNSTABLE,EXECUTABLE
TRANSFORMER_CONTROLLED_ALTERNATIVE,WHO,Cambodia,42,123,48,16,0-1-4-3-2,0.6193470728660714,0.4350106972245831,0.0049845121428570005,2-1-4-3-0,FALSE,0.0,0.0,0.0,STRUCTURALLY UNSTABLE,STRUCTURALLY UNSTABLE,EXECUTABLE
TRANSFORMER_CONTROLLED_ALTERNATIVE,WHO,Cambodia,42,2025,96,32,0-3-4-1-2,0.7712713219017857,-0.017868145409735164,0.15290812194642867,0-3-4-1-2,TRUE,0.0,0.0,0.0,STRUCTURALLY UNSTABLE,STRUCTURALLY UNSTABLE,EXECUTABLE
TRANSFORMER_CONTROLLED_ALTERNATIVE,WHO,Cambodia,42,2025,72,24,0-4-3-1-2,0.44500502993749996,-0.017868145409735164,0.4791744139107144,0-3-4-1-2,FALSE,-0.32626629196428575,0.0,0.32626629196428575,STRUCTURALLY UNSTABLE,STRUCTURALLY UNSTABLE,EXECUTABLE
TRANSFORMER_CONTROLLED_ALTERNATIVE,WHO,Cambodia,42,2025,48,16,0-3-4-1-2,0.7712713219017857,-0.017868145409735164,0.15290812194642867,0-3-4-1-2,TRUE,0.0,0.0,0.0,STRUCTURALLY UNSTABLE,STRUCTURALLY UNSTABLE,EXECUTABLE
TRANSFORMER_CONTROLLED_ALTERNATIVE,WHO,Cambodia,123,2025,96,32,0-3-2-1-4,0.7620046464107142,-0.04422442244224414,-0.016920151928571325,0-3-2-1-4,TRUE,0.0,0.0,0.0,STRUCTURALLY UNSTABLE,STRUCTURALLY UNSTABLE,EXECUTABLE
TRANSFORMER_CONTROLLED_ALTERNATIVE,WHO,Cambodia,123,2025,72,24,0-1-2-3-4,0.7450844944821429,-0.04422442244224414,0.0,0-3-2-1-4,FALSE,-0.016920151928571325,0.0,0.016920151928571325,STRUCTURALLY UNSTABLE,STRUCTURALLY UNSTABLE,EXECUTABLE
TRANSFORMER_CONTROLLED_ALTERNATIVE,WHO,Cambodia,123,2025,48,16,0-3-2-1-4,0.7620046464107142,-0.04422442244224414,-0.016920151928571325,0-3-2-1-4,TRUE,0.0,0.0,0.0,STRUCTURALLY UNSTABLE,STRUCTURALLY UNSTABLE,EXECUTABLE
TRANSFORMER_CONTROLLED_ALTERNATIVE,WHO,China,42,123,96,32,0-2-4-3-1,0.5395338909285715,0.14376321353065538,0.015201351892856985,0-2-4-3-1,TRUE,0.0,0.0,0.0,STRUCTURALLY UNSTABLE,STRUCTURALLY UNSTABLE,EXECUTABLE
TRANSFORMER_CONTROLLED_ALTERNATIVE,WHO,China,42,123,72,24,0-2-4-3-1,0.5395338909285715,0.14376321353065538,0.015201351892856985,0-2-4-3-1,TRUE,0.0,0.0,0.0,STRUCTURALLY UNSTABLE,STRUCTURALLY UNSTABLE,EXECUTABLE
TRANSFORMER_CONTROLLED_ALTERNATIVE,WHO,China,42,123,48,16,2-1-4-3-0,0.8236986914928572,0.14376321353065538,-0.26896344867142874,0-2-4-3-1,FALSE,0.2841648005642857,0.0,-0.2841648005642857,STRUCTURALLY UNSTABLE,STRUCTURALLY UNSTABLE,EXECUTABLE
TRANSFORMER_CONTROLLED_ALTERNATIVE,WHO,China,42,2025,96,32,1-2-0-3-4,0.5682489509928572,-0.02813623862915167,-0.024614862821428662,1-2-0-3-4,TRUE,0.0,0.0,0.0,STRUCTURALLY UNSTABLE,STRUCTURALLY UNSTABLE,EXECUTABLE
TRANSFORMER_CONTROLLED_ALTERNATIVE,WHO,China,42,2025,72,24,1-2-0-3-4,0.5682489509928572,-0.02813623862915167,-0.024614862821428662,1-2-0-3-4,TRUE,0.0,0.0,0.0,STRUCTURALLY UNSTABLE,STRUCTURALLY UNSTABLE,EXECUTABLE
TRANSFORMER_CONTROLLED_ALTERNATIVE,WHO,China,42,2025,48,16,2-4-0-3-1,0.6452491567857143,-0.02813623862915167,-0.10161506861428571,1-2-0-3-4,FALSE,0.07700020579285705,0.0,-0.07700020579285705,STRUCTURALLY UNSTABLE,STRUCTURALLY UNSTABLE,EXECUTABLE
TRANSFORMER_CONTROLLED_ALTERNATIVE,WHO,China,123,2025,96,32,0-1-2-3-4,0.6728505470000001,0.23747680890538034,0.0,0-1-2-3-4,TRUE,0.0,0.0,0.0,STRUCTURALLY UNSTABLE,STRUCTURALLY UNSTABLE,EXECUTABLE
TRANSFORMER_CONTROLLED_ALTERNATIVE,WHO,China,123,2025,72,24,0-1-2-3-4,0.6728505470000001,0.23747680890538034,0.0,0-1-2-3-4,TRUE,0.0,0.0,0.0,STRUCTURALLY UNSTABLE,STRUCTURALLY UNSTABLE,EXECUTABLE
TRANSFORMER_CONTROLLED_ALTERNATIVE,WHO,China,123,2025,48,16,4-3-2-1-0,0.45009570821428563,0.23747680890538034,0.2227548387857145,0-1-2-3-4,FALSE,-0.2227548387857145,0.0,0.2227548387857145,STRUCTURALLY UNSTABLE,STRUCTURALLY UNSTABLE,EXECUTABLE
TRANSFORMER_CONTROLLED_ALTERNATIVE,WHO,Fiji,42,123,96,32,2-3-4-1-0,0.40744696086607135,0.3837309078428008,0.3720860203928573,2-3-4-1-0,TRUE,0.0,0.0,0.0,STRUCTURALLY UNSTABLE,STRUCTURALLY UNSTABLE,EXECUTABLE
TRANSFORMER_CONTROLLED_ALTERNATIVE,WHO,Fiji,42,123,72,24,2-3-4-1-0,0.40744696086607135,0.3837309078428008,0.3720860203928573,2-3-4-1-0,TRUE,0.0,0.0,0.0,STRUCTURALLY UNSTABLE,STRUCTURALLY UNSTABLE,EXECUTABLE
TRANSFORMER_CONTROLLED_ALTERNATIVE,WHO,Fiji,42,123,48,16,2-3-4-1-0,0.40744696086607135,0.3837309078428008,0.3720860203928573,2-3-4-1-0,TRUE,0.0,0.0,0.0,STRUCTURALLY UNSTABLE,STRUCTURALLY UNSTABLE,EXECUTABLE
TRANSFORMER_CONTROLLED_ALTERNATIVE,WHO,Fiji,42,2025,96,32,2-3-4-1-0,0.3979854995375,0.1492993630573248,0.3501763955964286,2-3-4-1-0,TRUE,0.0,0.0,0.0,STRUCTURALLY UNSTABLE,STRUCTURALLY UNSTABLE,EXECUTABLE
TRANSFORMER_CONTROLLED_ALTERNATIVE,WHO,Fiji,42,2025,72,24,2-3-4-1-0,0.3979854995375,0.1492993630573248,0.3501763955964286,2-3-4-1-0,TRUE,0.0,0.0,0.0,STRUCTURALLY UNSTABLE,STRUCTURALLY UNSTABLE,EXECUTABLE
TRANSFORMER_CONTROLLED_ALTERNATIVE,WHO,Fiji,42,2025,48,16,2-1-4-3-0,0.3844907861446428,0.1492993630573248,0.3636711089892858,2-3-4-1-0,FALSE,-0.013494713392857183,0.0,0.013494713392857183,STRUCTURALLY UNSTABLE,STRUCTURALLY UNSTABLE,EXECUTABLE
TRANSFORMER_CONTROLLED_ALTERNATIVE,WHO,Fiji,123,2025,96,32,0-4-1-3-2,0.6473325410178573,0.04553533643673292,-0.10609905417857168,0-4-1-3-2,TRUE,0.0,0.0,0.0,STRUCTURALLY UNSTABLE,STRUCTURALLY UNSTABLE,EXECUTABLE
TRANSFORMER_CONTROLLED_ALTERNATIVE,WHO,Fiji,123,2025,72,24,0-4-2-1-3,0.5255495295892857,0.04553533643673292,0.015683957249999936,0-4-1-3-2,FALSE,-0.12178301142857162,0.0,0.12178301142857162,STRUCTURALLY UNSTABLE,STRUCTURALLY UNSTABLE,EXECUTABLE
TRANSFORMER_CONTROLLED_ALTERNATIVE,WHO,Fiji,123,2025,48,16,0-4-1-3-2,0.6473325410178573,0.04553533643673292,-0.10609905417857168,0-4-1-3-2,TRUE,0.0,0.0,0.0,STRUCTURALLY UNSTABLE,STRUCTURALLY UNSTABLE,EXECUTABLE
TRANSFORMER_CONTROLLED_ALTERNATIVE,WHO,French Polynesia,42,123,96,32,0-4-3-1-2,0.6011970049410714,0.002808271636456443,0.018912708250000132,0-4-3-1-2,TRUE,0.0,0.0,0.0,STRUCTURALLY UNSTABLE,STRUCTURALLY UNSTABLE,EXECUTABLE
TRANSFORMER_CONTROLLED_ALTERNATIVE,WHO,French Polynesia,42,123,72,24,0-4-1-3-2,0.5870975345482142,0.002808271636456443,0.033012178642857326,0-4-3-1-2,FALSE,-0.014099470392857194,0.0,0.014099470392857194,STRUCTURALLY UNSTABLE,STRUCTURALLY UNSTABLE,EXECUTABLE
TRANSFORMER_CONTROLLED_ALTERNATIVE,WHO,French Polynesia,42,123,48,16,0-4-1-3-2,0.5870975345482142,0.002808271636456443,0.033012178642857326,0-4-3-1-2,FALSE,-0.014099470392857194,0.0,0.014099470392857194,STRUCTURALLY UNSTABLE,STRUCTURALLY UNSTABLE,EXECUTABLE
TRANSFORMER_CONTROLLED_ALTERNATIVE,WHO,French Polynesia,42,2025,96,32,0-4-3-1-2,0.542518305625,0.023502653525397967,0.23375635974999998,0-4-3-1-2,TRUE,0.0,0.0,0.0,STRUCTURALLY UNSTABLE,STRUCTURALLY UNSTABLE,EXECUTABLE
TRANSFORMER_CONTROLLED_ALTERNATIVE,WHO,French Polynesia,42,2025,72,24,1-4-0-3-2,0.36682274930357145,0.023502653525397967,0.40945191607142856,0-4-3-1-2,FALSE,-0.17569555632142858,0.0,0.17569555632142858,STRUCTURALLY UNSTABLE,STRUCTURALLY UNSTABLE,EXECUTABLE
TRANSFORMER_CONTROLLED_ALTERNATIVE,WHO,French Polynesia,42,2025,48,16,1-4-0-3-2,0.36682274930357145,0.023502653525397967,0.40945191607142856,0-4-3-1-2,FALSE,-0.17569555632142858,0.0,0.17569555632142858,STRUCTURALLY UNSTABLE,STRUCTURALLY UNSTABLE,EXECUTABLE
TRANSFORMER_CONTROLLED_ALTERNATIVE,WHO,French Polynesia,123,2025,96,32,0-1-2-3-4,0.4476379475767857,0.15184893784421716,0.0,0-1-2-3-4,TRUE,0.0,0.0,0.0,STRUCTURALLY UNSTABLE,STRUCTURALLY UNSTABLE,EXECUTABLE
TRANSFORMER_CONTROLLED_ALTERNATIVE,WHO,French Polynesia,123,2025,72,24,0-1-2-3-4,0.4476379475767857,0.15184893784421716,0.0,0-1-2-3-4,TRUE,0.0,0.0,0.0,STRUCTURALLY UNSTABLE,STRUCTURALLY UNSTABLE,EXECUTABLE
TRANSFORMER_CONTROLLED_ALTERNATIVE,WHO,French Polynesia,123,2025,48,16,0-1-2-3-4,0.4476379475767857,0.15184893784421716,0.0,0-1-2-3-4,TRUE,0.0,0.0,0.0,STRUCTURALLY UNSTABLE,STRUCTURALLY UNSTABLE,EXECUTABLE
TRANSFORMER_CONTROLLED_ALTERNATIVE,WHO,Guam,42,123,96,32,3-0-4-1-2,0.41349473844285717,0.0971018082734704,0.2785932374642856,3-0-4-1-2,TRUE,0.0,0.0,0.0,STRUCTURALLY UNSTABLE,STRUCTURALLY UNSTABLE,EXECUTABLE
TRANSFORMER_CONTROLLED_ALTERNATIVE,WHO,Guam,42,123,72,24,2-0-4-1-3,0.40984727154999995,0.0971018082734704,0.2822407043571428,3-0-4-1-2,FALSE,-0.0036474668928572207,0.0,0.0036474668928572207,STRUCTURALLY UNSTABLE,STRUCTURALLY UNSTABLE,EXECUTABLE
TRANSFORMER_CONTROLLED_ALTERNATIVE,WHO,Guam,42,123,48,16,2-0-4-1-3,0.40984727154999995,0.0971018082734704,0.2822407043571428,3-0-4-1-2,FALSE,-0.0036474668928572207,0.0,0.0036474668928572207,STRUCTURALLY UNSTABLE,STRUCTURALLY UNSTABLE,EXECUTABLE
TRANSFORMER_CONTROLLED_ALTERNATIVE,WHO,Guam,42,2025,96,32,2-0-3-4-1,0.36409579366785705,0.09591975154392603,0.33222319389285715,2-0-3-4-1,TRUE,0.0,0.0,0.0,STRUCTURALLY UNSTABLE,STRUCTURALLY UNSTABLE,EXECUTABLE
TRANSFORMER_CONTROLLED_ALTERNATIVE,WHO,Guam,42,2025,72,24,2-0-3-4-1,0.36409579366785705,0.09591975154392603,0.33222319389285715,2-0-3-4-1,TRUE,0.0,0.0,0.0,STRUCTURALLY UNSTABLE,STRUCTURALLY UNSTABLE,EXECUTABLE
TRANSFORMER_CONTROLLED_ALTERNATIVE,WHO,Guam,42,2025,48,16,1-0-3-4-2,0.34186063152499996,0.09591975154392603,0.35445835603571424,2-0-3-4-1,FALSE,-0.02223516214285709,0.0,0.02223516214285709,STRUCTURALLY UNSTABLE,STRUCTURALLY UNSTABLE,EXECUTABLE
TRANSFORMER_CONTROLLED_ALTERNATIVE,WHO,Guam,123,2025,96,32,4-1-3-2-0,0.516612592225,0.03298119041484154,0.01705383139285721,4-1-3-2-0,TRUE,0.0,0.0,0.0,STRUCTURALLY UNSTABLE,STRUCTURALLY UNSTABLE,EXECUTABLE
TRANSFORMER_CONTROLLED_ALTERNATIVE,WHO,Guam,123,2025,72,24,0-1-3-2-4,0.5624089403321428,0.03298119041484154,-0.028742516714285626,4-1-3-2-0,FALSE,0.04579634810714284,0.0,-0.04579634810714284,STRUCTURALLY UNSTABLE,STRUCTURALLY UNSTABLE,EXECUTABLE
TRANSFORMER_CONTROLLED_ALTERNATIVE,WHO,Guam,123,2025,48,16,0-1-2-4-3,0.5944177435464286,0.03298119041484154,-0.06075131992857141,4-1-3-2-0,FALSE,0.07780515132142862,0.0,-0.07780515132142862,STRUCTURALLY UNSTABLE,STRUCTURALLY UNSTABLE,EXECUTABLE
TRANSFORMER_CONTROLLED_ALTERNATIVE,WHO,Lao People's Democratic Republic,42,123,96,32,2-3-4-1-0,0.6575207255625,-0.021164021164021163,-0.08045825260714279,2-3-4-1-0,TRUE,0.0,0.0,0.0,STRUCTURALLY UNSTABLE,STRUCTURALLY UNSTABLE,EXECUTABLE
TRANSFORMER_CONTROLLED_ALTERNATIVE,WHO,Lao People's Democratic Republic,42,123,72,24,2-3-4-1-0,0.6575207255625,-0.021164021164021163,-0.08045825260714279,2-3-4-1-0,TRUE,0.0,0.0,0.0,STRUCTURALLY UNSTABLE,STRUCTURALLY UNSTABLE,EXECUTABLE
TRANSFORMER_CONTROLLED_ALTERNATIVE,WHO,Lao People's Democratic Republic,42,123,48,16,2-3-4-1-0,0.6575207255625,-0.021164021164021163,-0.08045825260714279,2-3-4-1-0,TRUE,0.0,0.0,0.0,STRUCTURALLY UNSTABLE,STRUCTURALLY UNSTABLE,EXECUTABLE
TRANSFORMER_CONTROLLED_ALTERNATIVE,WHO,Lao People's Democratic Republic,42,2025,96,32,1-3-0-4-2,0.3992819689821429,0.031746031746031744,0.3804707763571427,1-3-0-4-2,TRUE,0.0,0.0,0.0,STRUCTURALLY UNSTABLE,STRUCTURALLY UNSTABLE,EXECUTABLE
TRANSFORMER_CONTROLLED_ALTERNATIVE,WHO,Lao People's Democratic Republic,42,2025,72,24,1-3-0-4-2,0.3992819689821429,0.031746031746031744,0.3804707763571427,1-3-0-4-2,TRUE,0.0,0.0,0.0,STRUCTURALLY UNSTABLE,STRUCTURALLY UNSTABLE,EXECUTABLE
TRANSFORMER_CONTROLLED_ALTERNATIVE,WHO,Lao People's Democratic Republic,42,2025,48,16,1-3-0-4-2,0.3992819689821429,0.031746031746031744,0.3804707763571427,1-3-0-4-2,TRUE,0.0,0.0,0.0,STRUCTURALLY UNSTABLE,STRUCTURALLY UNSTABLE,EXECUTABLE
TRANSFORMER_CONTROLLED_ALTERNATIVE,WHO,Lao People's Democratic Republic,123,2025,96,32,0-4-1-3-2,0.5481340985446427,0.04545454545454541,0.38460618638214306,0-4-1-3-2,TRUE,0.0,0.0,0.0,STRUCTURALLY UNSTABLE,STRUCTURALLY UNSTABLE,EXECUTABLE
TRANSFORMER_CONTROLLED_ALTERNATIVE,WHO,Lao People's Democratic Republic,123,2025,72,24,0-4-1-3-2,0.5481340985446427,0.04545454545454541,0.38460618638214306,0-4-1-3-2,TRUE,0.0,0.0,0.0,STRUCTURALLY UNSTABLE,STRUCTURALLY UNSTABLE,EXECUTABLE
TRANSFORMER_CONTROLLED_ALTERNATIVE,WHO,Lao People's Democratic Republic,123,2025,48,16,0-4-1-3-2,0.5481340985446427,0.04545454545454541,0.38460618638214306,0-4-1-3-2,TRUE,0.0,0.0,0.0,STRUCTURALLY UNSTABLE,STRUCTURALLY UNSTABLE,EXECUTABLE
TRANSFORMER_CONTROLLED_ALTERNATIVE,WHO,Malaysia,42,123,96,32,0-2-4-3-1,0.5995910474392856,-0.0011619561874166785,-0.08771066449999987,0-2-4-3-1,TRUE,0.0,0.0,0.0,STRUCTURALLY UNSTABLE,STRUCTURALLY UNSTABLE,EXECUTABLE
TRANSFORMER_CONTROLLED_ALTERNATIVE,WHO,Malaysia,42,123,72,24,0-2-4-3-1,0.5995910474392856,-0.0011619561874166785,-0.08771066449999987,0-2-4-3-1,TRUE,0.0,0.0,0.0,STRUCTURALLY UNSTABLE,STRUCTURALLY UNSTABLE,EXECUTABLE
TRANSFORMER_CONTROLLED_ALTERNATIVE,WHO,Malaysia,42,123,48,16,0-2-4-1-3,0.6395378415107142,-0.0011619561874166785,-0.12765745857142852,0-2-4-3-1,FALSE,0.03994679407142865,0.0,-0.03994679407142865,STRUCTURALLY UNSTABLE,STRUCTURALLY UNSTABLE,EXECUTABLE
TRANSFORMER_CONTROLLED_ALTERNATIVE,WHO,Malaysia,42,2025,96,32,2-3-0-4-1,0.5804829770267858,0.023049270458870855,0.0641182665714286,2-3-0-4-1,TRUE,0.0,0.0,0.0,STRUCTURALLY UNSTABLE,STRUCTURALLY UNSTABLE,EXECUTABLE
TRANSFORMER_CONTROLLED_ALTERNATIVE,WHO,Malaysia,42,2025,72,24,2-4-0-3-1,0.6015355957767856,0.023049270458870855,0.04306564782142874,2-3-0-4-1,FALSE,0.021052618749999863,0.0,-0.021052618749999863,STRUCTURALLY UNSTABLE,STRUCTURALLY UNSTABLE,EXECUTABLE
TRANSFORMER_CONTROLLED_ALTERNATIVE,WHO,Malaysia,42,2025,48,16,0-3-4-2-1,0.7854970655625,0.023049270458870855,-0.14089582196428563,2-3-0-4-1,FALSE,0.20501408853571423,0.0,-0.20501408853571423,STRUCTURALLY UNSTABLE,STRUCTURALLY UNSTABLE,EXECUTABLE
TRANSFORMER_CONTROLLED_ALTERNATIVE,WHO,Malaysia,123,2025,96,32,0-1-2-3-4,0.6231921928589286,0.028221622743307764,0.0,0-1-2-3-4,TRUE,0.0,0.0,0.0,STRUCTURALLY UNSTABLE,STRUCTURALLY UNSTABLE,EXECUTABLE
TRANSFORMER_CONTROLLED_ALTERNATIVE,WHO,Malaysia,123,2025,72,24,3-1-2-4-0,0.6710830082875,0.028221622743307764,-0.04789081542857143,0-1-2-3-4,FALSE,0.04789081542857143,0.0,-0.04789081542857143,STRUCTURALLY UNSTABLE,STRUCTURALLY UNSTABLE,EXECUTABLE
TRANSFORMER_CONTROLLED_ALTERNATIVE,WHO,Malaysia,123,2025,48,16,0-1-2-3-4,0.6231921928589286,0.028221622743307764,0.0,0-1-2-3-4,TRUE,0.0,0.0,0.0,STRUCTURALLY UNSTABLE,STRUCTURALLY UNSTABLE,EXECUTABLE
TRANSFORMER_CONTROLLED_ALTERNATIVE,WHO,Maldives,42,123,96,32,3-2-4-0-1,0.5222805066482142,0.18860748552165268,0.05123937217857144,3-2-4-0-1,TRUE,0.0,0.0,0.0,STRUCTURALLY UNSTABLE,STRUCTURALLY UNSTABLE,EXECUTABLE
TRANSFORMER_CONTROLLED_ALTERNATIVE,WHO,Maldives,42,123,72,24,0-2-4-3-1,0.5282508053267856,0.18860748552165268,0.04526907350000009,3-2-4-0-1,FALSE,0.005970298678571351,0.0,-0.005970298678571351,STRUCTURALLY UNSTABLE,STRUCTURALLY UNSTABLE,EXECUTABLE
TRANSFORMER_CONTROLLED_ALTERNATIVE,WHO,Maldives,42,123,48,16,0-2-4-3-1,0.5282508053267856,0.18860748552165268,0.04526907350000009,3-2-4-0-1,FALSE,0.005970298678571351,0.0,-0.005970298678571351,STRUCTURALLY UNSTABLE,STRUCTURALLY UNSTABLE,EXECUTABLE
TRANSFORMER_CONTROLLED_ALTERNATIVE,WHO,Maldives,42,2025,96,32,2-0-3-4-1,0.6183667690535714,0.0927250766514912,-0.02722736421428562,2-0-3-4-1,TRUE,0.0,0.0,0.0,STRUCTURALLY UNSTABLE,STRUCTURALLY UNSTABLE,EXECUTABLE
TRANSFORMER_CONTROLLED_ALTERNATIVE,WHO,Maldives,42,2025,72,24,1-4-3-0-2,0.6330809026607142,0.0927250766514912,-0.04194149782142842,2-0-3-4-1,FALSE,0.014714133607142799,0.0,-0.014714133607142799,STRUCTURALLY UNSTABLE,STRUCTURALLY UNSTABLE,EXECUTABLE
TRANSFORMER_CONTROLLED_ALTERNATIVE,WHO,Maldives,42,2025,48,16,1-0-4-2-3,0.5565634815535714,0.0927250766514912,0.03457592328571435,2-0-3-4-1,FALSE,-0.06180328749999997,0.0,0.06180328749999997,STRUCTURALLY UNSTABLE,STRUCTURALLY UNSTABLE,EXECUTABLE
TRANSFORMER_CONTROLLED_ALTERNATIVE,WHO,Maldives,123,2025,96,32,3-1-2-4-0,0.6157630106553571,0.09550444171925944,-0.02784177553571421,3-1-2-4-0,TRUE,0.0,0.0,0.0,STRUCTURALLY UNSTABLE,STRUCTURALLY UNSTABLE,EXECUTABLE
TRANSFORMER_CONTROLLED_ALTERNATIVE,WHO,Maldives,123,2025,72,24,4-1-3-2-0,0.6311073567982143,0.09550444171925944,-0.04318612167857139,3-1-2-4-0,FALSE,0.01534434614285718,0.0,-0.01534434614285718,STRUCTURALLY UNSTABLE,STRUCTURALLY UNSTABLE,EXECUTABLE
TRANSFORMER_CONTROLLED_ALTERNATIVE,WHO,Maldives,123,2025,48,16,1-4-2-3-0,0.5832474183696429,0.09550444171925944,0.004673816750000004,3-1-2-4-0,FALSE,-0.03251559228571421,0.0,0.03251559228571421,STRUCTURALLY UNSTABLE,STRUCTURALLY UNSTABLE,EXECUTABLE
TRANSFORMER_CONTROLLED_ALTERNATIVE,WHO,Mexico,42,123,96,32,1-0-4-2-3,0.5135994158928571,0.38923267326732675,0.13218121728571441,1-0-4-2-3,TRUE,0.0,0.0,0.0,STRUCTURALLY UNSTABLE,STRUCTURALLY UNSTABLE,EXECUTABLE
TRANSFORMER_CONTROLLED_ALTERNATIVE,WHO,Mexico,42,123,72,24,1-0-4-2-3,0.5135994158928571,0.38923267326732675,0.13218121728571441,1-0-4-2-3,TRUE,0.0,0.0,0.0,STRUCTURALLY UNSTABLE,STRUCTURALLY UNSTABLE,EXECUTABLE
TRANSFORMER_CONTROLLED_ALTERNATIVE,WHO,Mexico,42,123,48,16,1-0-4-3-2,0.5133502651678572,0.38923267326732675,0.13243036801071428,1-0-4-2-3,FALSE,-0.00024915072499986923,0.0,0.00024915072499986923,STRUCTURALLY UNSTABLE,STRUCTURALLY UNSTABLE,EXECUTABLE
TRANSFORMER_CONTROLLED_ALTERNATIVE,WHO,Mexico,42,2025,96,32,1-0-4-3-2,0.4543348260821429,0.12014324082363476,0.2803077285499999,1-0-4-3-2,TRUE,0.0,0.0,0.0,STRUCTURALLY UNSTABLE,STRUCTURALLY UNSTABLE,EXECUTABLE
TRANSFORMER_CONTROLLED_ALTERNATIVE,WHO,Mexico,42,2025,72,24,3-0-4-1-2,0.4615896130464285,0.12014324082363476,0.2730529415857143,1-0-4-3-2,FALSE,0.007254786964285609,0.0,-0.007254786964285609,STRUCTURALLY UNSTABLE,STRUCTURALLY UNSTABLE,EXECUTABLE
TRANSFORMER_CONTROLLED_ALTERNATIVE,WHO,Mexico,42,2025,48,16,1-0-4-2-3,0.4805449061178572,0.12014324082363476,0.25409764851428557,1-0-4-3-2,FALSE,0.026210080035714345,0.0,-0.026210080035714345,STRUCTURALLY UNSTABLE,STRUCTURALLY UNSTABLE,EXECUTABLE
TRANSFORMER_CONTROLLED_ALTERNATIVE,WHO,Mexico,123,2025,96,32,0-3-1-2-4,0.6240683089428573,0.10316139767054905,-0.01161228623571442,0-3-1-2-4,TRUE,0.0,0.0,0.0,STRUCTURALLY UNSTABLE,STRUCTURALLY UNSTABLE,EXECUTABLE
TRANSFORMER_CONTROLLED_ALTERNATIVE,WHO,Mexico,123,2025,72,24,0-1-3-2-4,0.6218656047035714,0.10316139767054905,-0.009409581996428606,0-3-1-2-4,FALSE,-0.002202704239285813,0.0,0.002202704239285813,STRUCTURALLY UNSTABLE,STRUCTURALLY UNSTABLE,EXECUTABLE
TRANSFORMER_CONTROLLED_ALTERNATIVE,WHO,Mexico,123,2025,48,16,0-3-1-2-4,0.6240683089428573,0.10316139767054905,-0.01161228623571442,0-3-1-2-4,TRUE,0.0,0.0,0.0,STRUCTURALLY UNSTABLE,STRUCTURALLY UNSTABLE,EXECUTABLE
TRANSFORMER_CONTROLLED_ALTERNATIVE,WHO,Mongolia,42,123,96,32,3-2-4-1-0,0.4804000747116072,0.1147790756729304,-0.012210873607142847,3-2-4-1-0,TRUE,0.0,0.0,0.0,STRUCTURALLY UNSTABLE,STRUCTURALLY UNSTABLE,EXECUTABLE
TRANSFORMER_CONTROLLED_ALTERNATIVE,WHO,Mongolia,42,123,72,24,3-2-4-1-0,0.4804000747116072,0.1147790756729304,-0.012210873607142847,3-2-4-1-0,TRUE,0.0,0.0,0.0,STRUCTURALLY UNSTABLE,STRUCTURALLY UNSTABLE,EXECUTABLE
TRANSFORMER_CONTROLLED_ALTERNATIVE,WHO,Mongolia,42,123,48,16,3-2-4-1-0,0.4804000747116072,0.1147790756729304,-0.012210873607142847,3-2-4-1-0,TRUE,0.0,0.0,0.0,STRUCTURALLY UNSTABLE,STRUCTURALLY UNSTABLE,EXECUTABLE
TRANSFORMER_CONTROLLED_ALTERNATIVE,WHO,Mongolia,42,2025,96,32,1-0-4-3-2,0.4536655729785714,0.324588163514338,0.27478086246428574,1-0-4-3-2,TRUE,0.0,0.0,0.0,STRUCTURALLY UNSTABLE,STRUCTURALLY UNSTABLE,EXECUTABLE
TRANSFORMER_CONTROLLED_ALTERNATIVE,WHO,Mongolia,42,2025,72,24,2-0-4-1-3,0.36726390445,0.324588163514338,0.36118253099285713,1-0-4-3-2,FALSE,-0.0864016685285714,0.0,0.0864016685285714,STRUCTURALLY UNSTABLE,STRUCTURALLY UNSTABLE,EXECUTABLE
TRANSFORMER_CONTROLLED_ALTERNATIVE,WHO,Mongolia,42,2025,48,16,2-3-0-4-1,0.658896926342857,0.324588163514338,0.06954950910000013,1-0-4-3-2,FALSE,0.2052313533642856,0.0,-0.2052313533642856,STRUCTURALLY UNSTABLE,STRUCTURALLY UNSTABLE,EXECUTABLE
TRANSFORMER_CONTROLLED_ALTERNATIVE,WHO,Mongolia,123,2025,96,32,2-3-4-1-0,0.4741711709991071,-0.0427807486631016,0.13398693487678592,2-3-4-1-0,TRUE,0.0,0.0,0.0,STRUCTURALLY UNSTABLE,STRUCTURALLY UNSTABLE,EXECUTABLE
TRANSFORMER_CONTROLLED_ALTERNATIVE,WHO,Mongolia,123,2025,72,24,0-3-1-2-4,0.5910822277616071,-0.0427807486631016,0.017075878114285903,2-3-4-1-0,FALSE,0.11691105676250002,0.0,-0.11691105676250002,STRUCTURALLY UNSTABLE,STRUCTURALLY UNSTABLE,EXECUTABLE
TRANSFORMER_CONTROLLED_ALTERNATIVE,WHO,Mongolia,123,2025,48,16,0-3-1-2-4,0.5910822277616071,-0.0427807486631016,0.017075878114285903,2-3-4-1-0,FALSE,0.11691105676250002,0.0,-0.11691105676250002,STRUCTURALLY UNSTABLE,STRUCTURALLY UNSTABLE,EXECUTABLE
TRANSFORMER_CONTROLLED_ALTERNATIVE,WHO,Myanmar,42,123,96,32,3-1-4-2-0,0.6265514591160715,0.011042546281260158,0.072635075767857,3-1-4-2-0,TRUE,0.0,0.0,0.0,STRUCTURALLY UNSTABLE,STRUCTURALLY UNSTABLE,EXECUTABLE
TRANSFORMER_CONTROLLED_ALTERNATIVE,WHO,Myanmar,42,123,72,24,3-2-4-1-0,0.6013806223303572,0.011042546281260158,0.0978059125535713,3-1-4-2-0,FALSE,-0.0251708367857143,0.0,0.0251708367857143,STRUCTURALLY UNSTABLE,STRUCTURALLY UNSTABLE,EXECUTABLE
TRANSFORMER_CONTROLLED_ALTERNATIVE,WHO,Myanmar,42,123,48,16,3-1-4-2-0,0.6265514591160715,0.011042546281260158,0.072635075767857,3-1-4-2-0,TRUE,0.0,0.0,0.0,STRUCTURALLY UNSTABLE,STRUCTURALLY UNSTABLE,EXECUTABLE
TRANSFORMER_CONTROLLED_ALTERNATIVE,WHO,Myanmar,42,2025,96,32,1-4-0-2-3,0.40700928705357137,0.11922975468214189,0.4586274811428572,1-4-0-2-3,TRUE,0.0,0.0,0.0,STRUCTURALLY UNSTABLE,STRUCTURALLY UNSTABLE,EXECUTABLE
TRANSFORMER_CONTROLLED_ALTERNATIVE,WHO,Myanmar,42,2025,72,24,1-4-0-2-3,0.40700928705357137,0.11922975468214189,0.4586274811428572,1-4-0-2-3,TRUE,0.0,0.0,0.0,STRUCTURALLY UNSTABLE,STRUCTURALLY UNSTABLE,EXECUTABLE
TRANSFORMER_CONTROLLED_ALTERNATIVE,WHO,Myanmar,42,2025,48,16,1-4-0-2-3,0.40700928705357137,0.11922975468214189,0.4586274811428572,1-4-0-2-3,TRUE,0.0,0.0,0.0,STRUCTURALLY UNSTABLE,STRUCTURALLY UNSTABLE,EXECUTABLE
TRANSFORMER_CONTROLLED_ALTERNATIVE,WHO,Myanmar,123,2025,96,32,0-3-2-1-4,0.6726313266339286,-0.01979414093428344,-0.06409268271428559,0-3-2-1-4,TRUE,0.0,0.0,0.0,STRUCTURALLY UNSTABLE,STRUCTURALLY UNSTABLE,EXECUTABLE
TRANSFORMER_CONTROLLED_ALTERNATIVE,WHO,Myanmar,123,2025,72,24,0-3-2-1-4,0.6726313266339286,-0.01979414093428344,-0.06409268271428559,0-3-2-1-4,TRUE,0.0,0.0,0.0,STRUCTURALLY UNSTABLE,STRUCTURALLY UNSTABLE,EXECUTABLE
TRANSFORMER_CONTROLLED_ALTERNATIVE,WHO,Myanmar,123,2025,48,16,0-3-2-1-4,0.6726313266339286,-0.01979414093428344,-0.06409268271428559,0-3-2-1-4,TRUE,0.0,0.0,0.0,STRUCTURALLY UNSTABLE,STRUCTURALLY UNSTABLE,EXECUTABLE
TRANSFORMER_CONTROLLED_ALTERNATIVE,WHO,Nepal,42,123,96,32,1-2-4-3-0,0.6221499256964286,0.30457054218823276,-0.009178932839285614,1-2-4-3-0,TRUE,0.0,0.0,0.0,STRUCTURALLY UNSTABLE,STRUCTURALLY UNSTABLE,EXECUTABLE
TRANSFORMER_CONTROLLED_ALTERNATIVE,WHO,Nepal,42,123,72,24,1-2-4-3-0,0.6221499256964286,0.30457054218823276,-0.009178932839285614,1-2-4-3-0,TRUE,0.0,0.0,0.0,STRUCTURALLY UNSTABLE,STRUCTURALLY UNSTABLE,EXECUTABLE
TRANSFORMER_CONTROLLED_ALTERNATIVE,WHO,Nepal,42,123,48,16,1-2-4-3-0,0.6221499256964286,0.30457054218823276,-0.009178932839285614,1-2-4-3-0,TRUE,0.0,0.0,0.0,STRUCTURALLY UNSTABLE,STRUCTURALLY UNSTABLE,EXECUTABLE
TRANSFORMER_CONTROLLED_ALTERNATIVE,WHO,Nepal,42,2025,96,32,3-2-0-4-1,0.44046713587678565,0.22114437839611975,0.22197794555000017,3-2-0-4-1,TRUE,0.0,0.0,0.0,STRUCTURALLY UNSTABLE,STRUCTURALLY UNSTABLE,EXECUTABLE
TRANSFORMER_CONTROLLED_ALTERNATIVE,WHO,Nepal,42,2025,72,24,3-2-0-4-1,0.44046713587678565,0.22114437839611975,0.22197794555000017,3-2-0-4-1,TRUE,0.0,0.0,0.0,STRUCTURALLY UNSTABLE,STRUCTURALLY UNSTABLE,EXECUTABLE
TRANSFORMER_CONTROLLED_ALTERNATIVE,WHO,Nepal,42,2025,48,16,1-2-0-3-4,0.7026845626267857,0.22114437839611975,-0.04023948119999987,3-2-0-4-1,FALSE,0.26221742675000004,0.0,-0.26221742675000004,STRUCTURALLY UNSTABLE,STRUCTURALLY UNSTABLE,EXECUTABLE
TRANSFORMER_CONTROLLED_ALTERNATIVE,WHO,Nepal,123,2025,96,32,4-1-2-0-3,0.5002671194803571,0.3045975035246381,0.11378677232142864,4-1-2-0-3,TRUE,0.0,0.0,0.0,STRUCTURALLY UNSTABLE,STRUCTURALLY UNSTABLE,EXECUTABLE
TRANSFORMER_CONTROLLED_ALTERNATIVE,WHO,Nepal,123,2025,72,24,4-1-2-0-3,0.5002671194803571,0.3045975035246381,0.11378677232142864,4-1-2-0-3,TRUE,0.0,0.0,0.0,STRUCTURALLY UNSTABLE,STRUCTURALLY UNSTABLE,EXECUTABLE
TRANSFORMER_CONTROLLED_ALTERNATIVE,WHO,Nepal,123,2025,48,16,4-1-2-3-0,0.5588956545875,0.3045975035246381,0.0551582372142857,4-1-2-0-3,FALSE,0.05862853510714294,0.0,-0.05862853510714294,STRUCTURALLY UNSTABLE,STRUCTURALLY UNSTABLE,EXECUTABLE
TRANSFORMER_CONTROLLED_ALTERNATIVE,WHO,New Caledonia,42,123,96,32,3-2-4-1-0,0.31980111975785713,0.2027308300724336,0.5615289379842856,3-2-4-1-0,TRUE,0.0,0.0,0.0,STRUCTURALLY UNSTABLE,STRUCTURALLY UNSTABLE,EXECUTABLE
TRANSFORMER_CONTROLLED_ALTERNATIVE,WHO,New Caledonia,42,123,72,24,2-3-4-1-0,0.31906507882928575,0.2027308300724336,0.5622649789128571,3-2-4-1-0,FALSE,-0.0007360409285713798,0.0,0.0007360409285714908,STRUCTURALLY UNSTABLE,STRUCTURALLY UNSTABLE,EXECUTABLE
TRANSFORMER_CONTROLLED_ALTERNATIVE,WHO,New Caledonia,42,123,48,16,2-3-4-1-0,0.31906507882928575,0.2027308300724336,0.5622649789128571,3-2-4-1-0,FALSE,-0.0007360409285713798,0.0,0.0007360409285714908,STRUCTURALLY UNSTABLE,STRUCTURALLY UNSTABLE,EXECUTABLE
TRANSFORMER_CONTROLLED_ALTERNATIVE,WHO,New Caledonia,42,2025,96,32,2-3-4-1-0,0.4297906694642858,0.0,0.45194040010714287,2-3-4-1-0,TRUE,0.0,0.0,0.0,STRUCTURALLY UNSTABLE,STRUCTURALLY UNSTABLE,EXECUTABLE
TRANSFORMER_CONTROLLED_ALTERNATIVE,WHO,New Caledonia,42,2025,72,24,2-3-4-1-0,0.4297906694642858,0.0,0.45194040010714287,2-3-4-1-0,TRUE,0.0,0.0,0.0,STRUCTURALLY UNSTABLE,STRUCTURALLY UNSTABLE,EXECUTABLE
TRANSFORMER_CONTROLLED_ALTERNATIVE,WHO,New Caledonia,42,2025,48,16,1-2-4-3-0,0.42302593464285704,0.0,0.4587051349285716,2-3-4-1-0,FALSE,-0.006764734821428753,0.0,0.006764734821428753,STRUCTURALLY UNSTABLE,STRUCTURALLY UNSTABLE,EXECUTABLE
TRANSFORMER_CONTROLLED_ALTERNATIVE,WHO,New Caledonia,123,2025,96,32,0-4-2-1-3,0.43796602702785714,0.0,0.2492837688928573,0-4-2-1-3,TRUE,0.0,0.0,0.0,STRUCTURALLY UNSTABLE,STRUCTURALLY UNSTABLE,EXECUTABLE
TRANSFORMER_CONTROLLED_ALTERNATIVE,WHO,New Caledonia,123,2025,72,24,0-4-2-1-3,0.43796602702785714,0.0,0.2492837688928573,0-4-2-1-3,TRUE,0.0,0.0,0.0,STRUCTURALLY UNSTABLE,STRUCTURALLY UNSTABLE,EXECUTABLE
TRANSFORMER_CONTROLLED_ALTERNATIVE,WHO,New Caledonia,123,2025,48,16,0-4-2-1-3,0.43796602702785714,0.0,0.2492837688928573,0-4-2-1-3,TRUE,0.0,0.0,0.0,STRUCTURALLY UNSTABLE,STRUCTURALLY UNSTABLE,EXECUTABLE
TRANSFORMER_CONTROLLED_ALTERNATIVE,WHO,New Zealand,42,123,96,32,3-1-4-0-2,0.4834618721910714,-0.01150251617541333,0.15103858446428575,3-1-4-0-2,TRUE,0.0,0.0,0.0,STRUCTURALLY UNSTABLE,STRUCTURALLY UNSTABLE,EXECUTABLE
TRANSFORMER_CONTROLLED_ALTERNATIVE,WHO,New Zealand,42,123,72,24,3-1-4-0-2,0.4834618721910714,-0.01150251617541333,0.15103858446428575,3-1-4-0-2,TRUE,0.0,0.0,0.0,STRUCTURALLY UNSTABLE,STRUCTURALLY UNSTABLE,EXECUTABLE
TRANSFORMER_CONTROLLED_ALTERNATIVE,WHO,New Zealand,42,123,48,16,3-0-4-1-2,0.48161277504821426,-0.01150251617541333,0.1528876816071429,3-1-4-0-2,FALSE,-0.0018490971428571368,0.0,0.0018490971428571368,STRUCTURALLY UNSTABLE,STRUCTURALLY UNSTABLE,EXECUTABLE
TRANSFORMER_CONTROLLED_ALTERNATIVE,WHO,New Zealand,42,2025,96,32,1-0-4-3-2,0.49468468819464284,-0.009522937459939531,0.15641066842857143,1-0-4-3-2,TRUE,0.0,0.0,0.0,STRUCTURALLY UNSTABLE,STRUCTURALLY UNSTABLE,EXECUTABLE
TRANSFORMER_CONTROLLED_ALTERNATIVE,WHO,New Zealand,42,2025,72,24,1-0-4-3-2,0.49468468819464284,-0.009522937459939531,0.15641066842857143,1-0-4-3-2,TRUE,0.0,0.0,0.0,STRUCTURALLY UNSTABLE,STRUCTURALLY UNSTABLE,EXECUTABLE
TRANSFORMER_CONTROLLED_ALTERNATIVE,WHO,New Zealand,42,2025,48,16,1-0-4-3-2,0.49468468819464284,-0.009522937459939531,0.15641066842857143,1-0-4-3-2,TRUE,0.0,0.0,0.0,STRUCTURALLY UNSTABLE,STRUCTURALLY UNSTABLE,EXECUTABLE
TRANSFORMER_CONTROLLED_ALTERNATIVE,WHO,New Zealand,123,2025,96,32,0-1-3-2-4,0.8038118898142859,0.08021899547726727,-0.017417908178571473,0-1-3-2-4,TRUE,0.0,0.0,0.0,STRUCTURALLY UNSTABLE,STRUCTURALLY UNSTABLE,EXECUTABLE
TRANSFORMER_CONTROLLED_ALTERNATIVE,WHO,New Zealand,123,2025,72,24,0-1-3-2-4,0.8038118898142859,0.08021899547726727,-0.017417908178571473,0-1-3-2-4,TRUE,0.0,0.0,0.0,STRUCTURALLY UNSTABLE,STRUCTURALLY UNSTABLE,EXECUTABLE
TRANSFORMER_CONTROLLED_ALTERNATIVE,WHO,New Zealand,123,2025,48,16,0-1-3-2-4,0.8038118898142859,0.08021899547726727,-0.017417908178571473,0-1-3-2-4,TRUE,0.0,0.0,0.0,STRUCTURALLY UNSTABLE,STRUCTURALLY UNSTABLE,EXECUTABLE
TRANSFORMER_CONTROLLED_ALTERNATIVE,WHO,Northern Mariana Islands,42,123,96,32,2-4-1-3-0,0.6361336387321428,0.081037277147488,0.18063524032142853,2-4-1-3-0,TRUE,0.0,0.0,0.0,STRUCTURALLY UNSTABLE,STRUCTURALLY UNSTABLE,EXECUTABLE
TRANSFORMER_CONTROLLED_ALTERNATIVE,WHO,Northern Mariana Islands,42,123,72,24,2-3-4-1-0,0.4727492442678572,0.081037277147488,0.3440196347857141,2-4-1-3-0,FALSE,-0.1633843944642856,0.0,0.1633843944642856,STRUCTURALLY UNSTABLE,STRUCTURALLY UNSTABLE,EXECUTABLE
TRANSFORMER_CONTROLLED_ALTERNATIVE,WHO,Northern Mariana Islands,42,123,48,16,2-3-4-1-0,0.4727492442678572,0.081037277147488,0.3440196347857141,2-4-1-3-0,FALSE,-0.1633843944642856,0.0,0.1633843944642856,STRUCTURALLY UNSTABLE,STRUCTURALLY UNSTABLE,EXECUTABLE
TRANSFORMER_CONTROLLED_ALTERNATIVE,WHO,Northern Mariana Islands,42,2025,96,32,2-3-4-1-0,0.6563162414464286,0.0,0.3247954703214284,2-3-4-1-0,TRUE,0.0,0.0,0.0,STRUCTURALLY UNSTABLE,STRUCTURALLY UNSTABLE,EXECUTABLE
TRANSFORMER_CONTROLLED_ALTERNATIVE,WHO,Northern Mariana Islands,42,2025,72,24,2-3-4-1-0,0.6563162414464286,0.0,0.3247954703214284,2-3-4-1-0,TRUE,0.0,0.0,0.0,STRUCTURALLY UNSTABLE,STRUCTURALLY UNSTABLE,EXECUTABLE
TRANSFORMER_CONTROLLED_ALTERNATIVE,WHO,Northern Mariana Islands,42,2025,48,16,2-3-4-1-0,0.6563162414464286,0.0,0.3247954703214284,2-3-4-1-0,TRUE,0.0,0.0,0.0,STRUCTURALLY UNSTABLE,STRUCTURALLY UNSTABLE,EXECUTABLE
TRANSFORMER_CONTROLLED_ALTERNATIVE,WHO,Northern Mariana Islands,123,2025,96,32,0-1-2-3-4,0.8521107951785714,0.0,0.0,0-1-2-3-4,TRUE,0.0,0.0,0.0,STRUCTURALLY UNSTABLE,STRUCTURALLY UNSTABLE,EXECUTABLE
TRANSFORMER_CONTROLLED_ALTERNATIVE,WHO,Northern Mariana Islands,123,2025,72,24,0-1-2-3-4,0.8521107951785714,0.0,0.0,0-1-2-3-4,TRUE,0.0,0.0,0.0,STRUCTURALLY UNSTABLE,STRUCTURALLY UNSTABLE,EXECUTABLE
TRANSFORMER_CONTROLLED_ALTERNATIVE,WHO,Northern Mariana Islands,123,2025,48,16,0-4-1-3-2,0.40982422032142857,0.0,0.4422865748571428,0-1-2-3-4,FALSE,-0.4422865748571428,0.0,0.4422865748571428,STRUCTURALLY UNSTABLE,STRUCTURALLY UNSTABLE,EXECUTABLE
TRANSFORMER_CONTROLLED_ALTERNATIVE,WHO,Papua New Guinea,42,123,96,32,2-3-4-1-0,0.42804601414285715,0.41743725231175693,0.3107467861428571,2-3-4-1-0,TRUE,0.0,0.0,0.0,STRUCTURALLY UNSTABLE,STRUCTURALLY UNSTABLE,EXECUTABLE
TRANSFORMER_CONTROLLED_ALTERNATIVE,WHO,Papua New Guinea,42,123,72,24,2-3-4-1-0,0.42804601414285715,0.41743725231175693,0.3107467861428571,2-3-4-1-0,TRUE,0.0,0.0,0.0,STRUCTURALLY UNSTABLE,STRUCTURALLY UNSTABLE,EXECUTABLE
TRANSFORMER_CONTROLLED_ALTERNATIVE,WHO,Papua New Guinea,42,123,48,16,2-3-4-1-0,0.42804601414285715,0.41743725231175693,0.3107467861428571,2-3-4-1-0,TRUE,0.0,0.0,0.0,STRUCTURALLY UNSTABLE,STRUCTURALLY UNSTABLE,EXECUTABLE
TRANSFORMER_CONTROLLED_ALTERNATIVE,WHO,Papua New Guinea,42,2025,96,32,2-3-4-1-0,0.3713559424464286,0.2020857214751028,0.46079426000000007,2-3-4-1-0,TRUE,0.0,0.0,0.0,STRUCTURALLY UNSTABLE,STRUCTURALLY UNSTABLE,EXECUTABLE
TRANSFORMER_CONTROLLED_ALTERNATIVE,WHO,Papua New Guinea,42,2025,72,24,2-3-4-1-0,0.3713559424464286,0.2020857214751028,0.46079426000000007,2-3-4-1-0,TRUE,0.0,0.0,0.0,STRUCTURALLY UNSTABLE,STRUCTURALLY UNSTABLE,EXECUTABLE
TRANSFORMER_CONTROLLED_ALTERNATIVE,WHO,Papua New Guinea,42,2025,48,16,2-3-4-1-0,0.3713559424464286,0.2020857214751028,0.46079426000000007,2-3-4-1-0,TRUE,0.0,0.0,0.0,STRUCTURALLY UNSTABLE,STRUCTURALLY UNSTABLE,EXECUTABLE
TRANSFORMER_CONTROLLED_ALTERNATIVE,WHO,Papua New Guinea,123,2025,96,32,0-1-2-3-4,0.5203692045535714,0.26223337515683814,0.0,0-1-2-3-4,TRUE,0.0,0.0,0.0,STRUCTURALLY UNSTABLE,STRUCTURALLY UNSTABLE,EXECUTABLE
TRANSFORMER_CONTROLLED_ALTERNATIVE,WHO,Papua New Guinea,123,2025,72,24,0-1-2-3-4,0.5203692045535714,0.26223337515683814,0.0,0-1-2-3-4,TRUE,0.0,0.0,0.0,STRUCTURALLY UNSTABLE,STRUCTURALLY UNSTABLE,EXECUTABLE
TRANSFORMER_CONTROLLED_ALTERNATIVE,WHO,Papua New Guinea,123,2025,48,16,0-1-2-3-4,0.5203692045535714,0.26223337515683814,0.0,0-1-2-3-4,TRUE,0.0,0.0,0.0,STRUCTURALLY UNSTABLE,STRUCTURALLY UNSTABLE,EXECUTABLE
TRANSFORMER_CONTROLLED_ALTERNATIVE,WHO,Philippines,42,123,96,32,0-1-4-3-2,0.716467328875,0.19429980816662099,0.16637825542857143,0-1-4-3-2,TRUE,0.0,0.0,0.0,STRUCTURALLY UNSTABLE,STRUCTURALLY UNSTABLE,EXECUTABLE
TRANSFORMER_CONTROLLED_ALTERNATIVE,WHO,Philippines,42,123,72,24,0-2-4-3-1,0.5510301085892858,0.19429980816662099,0.3318154757142856,0-1-4-3-2,FALSE,-0.16543722028571417,0.0,0.16543722028571417,STRUCTURALLY UNSTABLE,STRUCTURALLY UNSTABLE,EXECUTABLE
TRANSFORMER_CONTROLLED_ALTERNATIVE,WHO,Philippines,42,123,48,16,0-1-4-3-2,0.716467328875,0.19429980816662099,0.16637825542857143,0-1-4-3-2,TRUE,0.0,0.0,0.0,STRUCTURALLY UNSTABLE,STRUCTURALLY UNSTABLE,EXECUTABLE
TRANSFORMER_CONTROLLED_ALTERNATIVE,WHO,Philippines,42,2025,96,32,2-4-0-3-1,0.6830720841249999,0.032366824005394486,0.14221464682142881,2-4-0-3-1,TRUE,0.0,0.0,0.0,STRUCTURALLY UNSTABLE,STRUCTURALLY UNSTABLE,EXECUTABLE
TRANSFORMER_CONTROLLED_ALTERNATIVE,WHO,Philippines,42,2025,72,24,3-4-0-2-1,0.6664496495178571,0.032366824005394486,0.15883708142857156,2-4-0-3-1,FALSE,-0.016622434607142744,0.0,0.016622434607142744,STRUCTURALLY UNSTABLE,STRUCTURALLY UNSTABLE,EXECUTABLE
TRANSFORMER_CONTROLLED_ALTERNATIVE,WHO,Philippines,42,2025,48,16,2-0-4-3-1,0.5339306464107142,0.032366824005394486,0.2913560845357145,2-4-0-3-1,FALSE,-0.14914143771428567,0.0,0.14914143771428567,STRUCTURALLY UNSTABLE,STRUCTURALLY UNSTABLE,EXECUTABLE
TRANSFORMER_CONTROLLED_ALTERNATIVE,WHO,Philippines,123,2025,96,32,4-1-2-3-0,0.5721679840357143,0.04661325564457391,0.16176958228571436,4-1-2-3-0,TRUE,0.0,0.0,0.0,STRUCTURALLY UNSTABLE,STRUCTURALLY UNSTABLE,EXECUTABLE
TRANSFORMER_CONTROLLED_ALTERNATIVE,WHO,Philippines,123,2025,72,24,4-1-2-3-0,0.5721679840357143,0.04661325564457391,0.16176958228571436,4-1-2-3-0,TRUE,0.0,0.0,0.0,STRUCTURALLY UNSTABLE,STRUCTURALLY UNSTABLE,EXECUTABLE
TRANSFORMER_CONTROLLED_ALTERNATIVE,WHO,Philippines,123,2025,48,16,0-1-2-3-4,0.7339375663214287,0.04661325564457391,0.0,4-1-2-3-0,FALSE,0.16176958228571436,0.0,-0.16176958228571436,STRUCTURALLY UNSTABLE,STRUCTURALLY UNSTABLE,EXECUTABLE
TRANSFORMER_CONTROLLED_ALTERNATIVE,WHO,Singapore,42,123,96,32,2-1-4-3-0,0.8034018076553571,-0.036715455222029215,-0.16037119582142845,2-1-4-3-0,TRUE,0.0,0.0,0.0,STRUCTURALLY UNSTABLE,STRUCTURALLY UNSTABLE,EXECUTABLE
TRANSFORMER_CONTROLLED_ALTERNATIVE,WHO,Singapore,42,123,72,24,0-1-4-3-2,0.7876769140303572,-0.036715455222029215,-0.1446463021964286,2-1-4-3-0,FALSE,-0.015724893624999847,0.0,0.015724893624999847,STRUCTURALLY UNSTABLE,STRUCTURALLY UNSTABLE,EXECUTABLE
TRANSFORMER_CONTROLLED_ALTERNATIVE,WHO,Singapore,42,123,48,16,2-1-4-3-0,0.8034018076553571,-0.036715455222029215,-0.16037119582142845,2-1-4-3-0,TRUE,0.0,0.0,0.0,STRUCTURALLY UNSTABLE,STRUCTURALLY UNSTABLE,EXECUTABLE
TRANSFORMER_CONTROLLED_ALTERNATIVE,WHO,Singapore,42,2025,96,32,2-4-0-1-3,0.6596463294625,0.013369681853774566,-0.16926639496428575,2-4-0-1-3,TRUE,0.0,0.0,0.0,STRUCTURALLY UNSTABLE,STRUCTURALLY UNSTABLE,EXECUTABLE
TRANSFORMER_CONTROLLED_ALTERNATIVE,WHO,Singapore,42,2025,72,24,2-4-0-3-1,0.5433406382482142,0.013369681853774566,-0.05296070374999995,2-4-0-1-3,FALSE,-0.1163056912142858,0.0,0.1163056912142858,STRUCTURALLY UNSTABLE,STRUCTURALLY UNSTABLE,EXECUTABLE
TRANSFORMER_CONTROLLED_ALTERNATIVE,WHO,Singapore,42,2025,48,16,2-4-1-0-3,0.49695745796250007,0.013369681853774566,-0.006577523464285806,2-4-0-1-3,FALSE,-0.16268887149999994,0.0,0.16268887149999994,STRUCTURALLY UNSTABLE,STRUCTURALLY UNSTABLE,EXECUTABLE
TRANSFORMER_CONTROLLED_ALTERNATIVE,WHO,Singapore,123,2025,96,32,0-3-2-1-4,0.4124152539071429,0.37352719979944854,0.03925675392857142,0-3-2-1-4,TRUE,0.0,0.0,0.0,STRUCTURALLY UNSTABLE,STRUCTURALLY UNSTABLE,EXECUTABLE
TRANSFORMER_CONTROLLED_ALTERNATIVE,WHO,Singapore,123,2025,72,24,0-3-2-1-4,0.4124152539071429,0.37352719979944854,0.03925675392857142,0-3-2-1-4,TRUE,0.0,0.0,0.0,STRUCTURALLY UNSTABLE,STRUCTURALLY UNSTABLE,EXECUTABLE
TRANSFORMER_CONTROLLED_ALTERNATIVE,WHO,Singapore,123,2025,48,16,0-3-2-1-4,0.4124152539071429,0.37352719979944854,0.03925675392857142,0-3-2-1-4,TRUE,0.0,0.0,0.0,STRUCTURALLY UNSTABLE,STRUCTURALLY UNSTABLE,EXECUTABLE
TRANSFORMER_CONTROLLED_ALTERNATIVE,WHO,Sri Lanka,42,123,96,32,0-2-4-1-3,0.6861092800428572,0.025142346767891056,-0.11551433051428572,0-2-4-1-3,TRUE,0.0,0.0,0.0,STRUCTURALLY UNSTABLE,STRUCTURALLY UNSTABLE,EXECUTABLE
TRANSFORMER_CONTROLLED_ALTERNATIVE,WHO,Sri Lanka,42,123,72,24,0-2-4-1-3,0.6861092800428572,0.025142346767891056,-0.11551433051428572,0-2-4-1-3,TRUE,0.0,0.0,0.0,STRUCTURALLY UNSTABLE,STRUCTURALLY UNSTABLE,EXECUTABLE
TRANSFORMER_CONTROLLED_ALTERNATIVE,WHO,Sri Lanka,42,123,48,16,0-1-4-3-2,0.5372009444,0.025142346767891056,0.03339400512857149,0-2-4-1-3,FALSE,-0.14890833564285721,0.0,0.14890833564285721,STRUCTURALLY UNSTABLE,STRUCTURALLY UNSTABLE,EXECUTABLE
TRANSFORMER_CONTROLLED_ALTERNATIVE,WHO,Sri Lanka,42,2025,96,32,1-4-0-3-2,0.49598002739107144,0.002353948213139287,0.28292625991071435,1-4-0-3-2,TRUE,0.0,0.0,0.0,STRUCTURALLY UNSTABLE,STRUCTURALLY UNSTABLE,EXECUTABLE
TRANSFORMER_CONTROLLED_ALTERNATIVE,WHO,Sri Lanka,42,2025,72,24,1-3-0-4-2,0.5665616141767856,0.002353948213139287,0.21234467312500016,1-4-0-3-2,FALSE,0.07058158678571419,0.0,-0.07058158678571419,STRUCTURALLY UNSTABLE,STRUCTURALLY UNSTABLE,EXECUTABLE
TRANSFORMER_CONTROLLED_ALTERNATIVE,WHO,Sri Lanka,42,2025,48,16,1-3-0-4-2,0.5665616141767856,0.002353948213139287,0.21234467312500016,1-4-0-3-2,FALSE,0.07058158678571419,0.0,-0.07058158678571419,STRUCTURALLY UNSTABLE,STRUCTURALLY UNSTABLE,EXECUTABLE
TRANSFORMER_CONTROLLED_ALTERNATIVE,WHO,Sri Lanka,123,2025,96,32,0-3-2-1-4,0.5070376253660716,0.29888712241653415,0.05332777649999987,0-3-2-1-4,TRUE,0.0,0.0,0.0,STRUCTURALLY UNSTABLE,STRUCTURALLY UNSTABLE,EXECUTABLE
TRANSFORMER_CONTROLLED_ALTERNATIVE,WHO,Sri Lanka,123,2025,72,24,0-3-2-1-4,0.5070376253660716,0.29888712241653415,0.05332777649999987,0-3-2-1-4,TRUE,0.0,0.0,0.0,STRUCTURALLY UNSTABLE,STRUCTURALLY UNSTABLE,EXECUTABLE
TRANSFORMER_CONTROLLED_ALTERNATIVE,WHO,Sri Lanka,123,2025,48,16,0-1-3-2-4,0.5762886000089286,0.29888712241653415,-0.015923198142857142,0-3-2-1-4,FALSE,0.06925097464285701,0.0,-0.06925097464285701,STRUCTURALLY UNSTABLE,STRUCTURALLY UNSTABLE,EXECUTABLE
TRANSFORMER_CONTROLLED_ALTERNATIVE,WHO,Switzerland,42,123,96,32,3-0-4-1-2,0.5013395908303571,-0.01634635949769321,0.2232392826428572,3-0-4-1-2,TRUE,0.0,0.0,0.0,STRUCTURALLY UNSTABLE,STRUCTURALLY UNSTABLE,EXECUTABLE
TRANSFORMER_CONTROLLED_ALTERNATIVE,WHO,Switzerland,42,123,72,24,2-0-4-1-3,0.4948621157232142,-0.01634635949769321,0.22971675775000006,3-0-4-1-2,FALSE,-0.0064774751071428605,0.0,0.0064774751071428605,STRUCTURALLY UNSTABLE,STRUCTURALLY UNSTABLE,EXECUTABLE
TRANSFORMER_CONTROLLED_ALTERNATIVE,WHO,Switzerland,42,123,48,16,2-0-4-1-3,0.4948621157232142,-0.01634635949769321,0.22971675775000006,3-0-4-1-2,FALSE,-0.0064774751071428605,0.0,0.0064774751071428605,STRUCTURALLY UNSTABLE,STRUCTURALLY UNSTABLE,EXECUTABLE
TRANSFORMER_CONTROLLED_ALTERNATIVE,WHO,Switzerland,42,2025,96,32,2-0-4-1-3,0.3203213609553571,0.10052910052910052,0.43133221342857153,2-0-4-1-3,TRUE,0.0,0.0,0.0,STRUCTURALLY UNSTABLE,STRUCTURALLY UNSTABLE,EXECUTABLE
TRANSFORMER_CONTROLLED_ALTERNATIVE,WHO,Switzerland,42,2025,72,24,2-0-4-1-3,0.3203213609553571,0.10052910052910052,0.43133221342857153,2-0-4-1-3,TRUE,0.0,0.0,0.0,STRUCTURALLY UNSTABLE,STRUCTURALLY UNSTABLE,EXECUTABLE
TRANSFORMER_CONTROLLED_ALTERNATIVE,WHO,Switzerland,42,2025,48,16,2-0-4-1-3,0.3203213609553571,0.10052910052910052,0.43133221342857153,2-0-4-1-3,TRUE,0.0,0.0,0.0,STRUCTURALLY UNSTABLE,STRUCTURALLY UNSTABLE,EXECUTABLE
TRANSFORMER_CONTROLLED_ALTERNATIVE,WHO,Switzerland,123,2025,96,32,4-1-2-3-0,0.4985447358035714,0.1111111111111111,0.0539873464285715,4-1-2-3-0,TRUE,0.0,0.0,0.0,STRUCTURALLY UNSTABLE,STRUCTURALLY UNSTABLE,EXECUTABLE
TRANSFORMER_CONTROLLED_ALTERNATIVE,WHO,Switzerland,123,2025,72,24,4-1-2-3-0,0.4985447358035714,0.1111111111111111,0.0539873464285715,4-1-2-3-0,TRUE,0.0,0.0,0.0,STRUCTURALLY UNSTABLE,STRUCTURALLY UNSTABLE,EXECUTABLE
TRANSFORMER_CONTROLLED_ALTERNATIVE,WHO,Switzerland,123,2025,48,16,4-1-2-3-0,0.4985447358035714,0.1111111111111111,0.0539873464285715,4-1-2-3-0,TRUE,0.0,0.0,0.0,STRUCTURALLY UNSTABLE,STRUCTURALLY UNSTABLE,EXECUTABLE
TRANSFORMER_CONTROLLED_ALTERNATIVE,WHO,Thailand,42,123,96,32,3-2-4-1-0,0.7777912200892857,0.03528997623866938,-0.13693457839285705,3-2-4-1-0,TRUE,0.0,0.0,0.0,STRUCTURALLY UNSTABLE,STRUCTURALLY UNSTABLE,EXECUTABLE
TRANSFORMER_CONTROLLED_ALTERNATIVE,WHO,Thailand,42,123,72,24,3-2-4-1-0,0.7777912200892857,0.03528997623866938,-0.13693457839285705,3-2-4-1-0,TRUE,0.0,0.0,0.0,STRUCTURALLY UNSTABLE,STRUCTURALLY UNSTABLE,EXECUTABLE
TRANSFORMER_CONTROLLED_ALTERNATIVE,WHO,Thailand,42,123,48,16,3-2-4-1-0,0.7777912200892857,0.03528997623866938,-0.13693457839285705,3-2-4-1-0,TRUE,0.0,0.0,0.0,STRUCTURALLY UNSTABLE,STRUCTURALLY UNSTABLE,EXECUTABLE
TRANSFORMER_CONTROLLED_ALTERNATIVE,WHO,Thailand,42,2025,96,32,2-3-0-4-1,0.5872886472196429,0.27335009973115953,0.16741143431071426,2-3-0-4-1,TRUE,0.0,0.0,0.0,STRUCTURALLY UNSTABLE,STRUCTURALLY UNSTABLE,EXECUTABLE
TRANSFORMER_CONTROLLED_ALTERNATIVE,WHO,Thailand,42,2025,72,24,2-3-1-4-0,0.6547724113267858,0.27335009973115953,0.0999276702035714,2-3-0-4-1,FALSE,0.06748376410714285,0.0,-0.06748376410714285,STRUCTURALLY UNSTABLE,STRUCTURALLY UNSTABLE,EXECUTABLE
TRANSFORMER_CONTROLLED_ALTERNATIVE,WHO,Thailand,42,2025,48,16,2-4-0-3-1,0.4698752176839286,0.27335009973115953,0.2848248638464286,2-3-0-4-1,FALSE,-0.11741342953571432,0.0,0.11741342953571432,STRUCTURALLY UNSTABLE,STRUCTURALLY UNSTABLE,EXECUTABLE
TRANSFORMER_CONTROLLED_ALTERNATIVE,WHO,Thailand,123,2025,96,32,0-1-2-3-4,0.5596812467732144,0.029577248270561098,0.0,0-1-2-3-4,TRUE,0.0,0.0,0.0,STRUCTURALLY UNSTABLE,STRUCTURALLY UNSTABLE,EXECUTABLE
TRANSFORMER_CONTROLLED_ALTERNATIVE,WHO,Thailand,123,2025,72,24,0-1-2-3-4,0.5596812467732144,0.029577248270561098,0.0,0-1-2-3-4,TRUE,0.0,0.0,0.0,STRUCTURALLY UNSTABLE,STRUCTURALLY UNSTABLE,EXECUTABLE
TRANSFORMER_CONTROLLED_ALTERNATIVE,WHO,Thailand,123,2025,48,16,0-1-4-2-3,0.5994969188696428,0.029577248270561098,-0.039815672096428445,0-1-2-3-4,FALSE,0.039815672096428445,0.0,-0.039815672096428445,STRUCTURALLY UNSTABLE,STRUCTURALLY UNSTABLE,EXECUTABLE
TRANSFORMER_CONTROLLED_ALTERNATIVE,WHO,Timor-Leste,42,123,96,32,2-3-4-1-0,0.43366049107142857,0.20903468012431914,0.17202316510714277,2-3-4-1-0,TRUE,0.0,0.0,0.0,STRUCTURALLY UNSTABLE,STRUCTURALLY UNSTABLE,EXECUTABLE
TRANSFORMER_CONTROLLED_ALTERNATIVE,WHO,Timor-Leste,42,123,72,24,2-3-4-1-0,0.43366049107142857,0.20903468012431914,0.17202316510714277,2-3-4-1-0,TRUE,0.0,0.0,0.0,STRUCTURALLY UNSTABLE,STRUCTURALLY UNSTABLE,EXECUTABLE
TRANSFORMER_CONTROLLED_ALTERNATIVE,WHO,Timor-Leste,42,123,48,16,2-3-4-1-0,0.43366049107142857,0.20903468012431914,0.17202316510714277,2-3-4-1-0,TRUE,0.0,0.0,0.0,STRUCTURALLY UNSTABLE,STRUCTURALLY UNSTABLE,EXECUTABLE
TRANSFORMER_CONTROLLED_ALTERNATIVE,WHO,Timor-Leste,42,2025,96,32,1-3-0-4-2,0.41617235796303576,-0.04090897814383883,0.3287077696096429,1-3-0-4-2,TRUE,0.0,0.0,0.0,STRUCTURALLY UNSTABLE,STRUCTURALLY UNSTABLE,EXECUTABLE
TRANSFORMER_CONTROLLED_ALTERNATIVE,WHO,Timor-Leste,42,2025,72,24,1-3-0-4-2,0.41617235796303576,-0.04090897814383883,0.3287077696096429,1-3-0-4-2,TRUE,0.0,0.0,0.0,STRUCTURALLY UNSTABLE,STRUCTURALLY UNSTABLE,EXECUTABLE
TRANSFORMER_CONTROLLED_ALTERNATIVE,WHO,Timor-Leste,42,2025,48,16,1-3-0-4-2,0.41617235796303576,-0.04090897814383883,0.3287077696096429,1-3-0-4-2,TRUE,0.0,0.0,0.0,STRUCTURALLY UNSTABLE,STRUCTURALLY UNSTABLE,EXECUTABLE
TRANSFORMER_CONTROLLED_ALTERNATIVE,WHO,Timor-Leste,123,2025,96,32,0-4-1-3-2,0.52511857300125,-0.060375546513684986,-0.04972434685714289,0-4-1-3-2,TRUE,0.0,0.0,0.0,STRUCTURALLY UNSTABLE,STRUCTURALLY UNSTABLE,EXECUTABLE
TRANSFORMER_CONTROLLED_ALTERNATIVE,WHO,Timor-Leste,123,2025,72,24,0-3-2-1-4,0.48477779042982144,-0.060375546513684986,-0.009383564285714352,0-4-1-3-2,FALSE,-0.040340782571428535,0.0,0.040340782571428535,STRUCTURALLY UNSTABLE,STRUCTURALLY UNSTABLE,EXECUTABLE
TRANSFORMER_CONTROLLED_ALTERNATIVE,WHO,Timor-Leste,123,2025,48,16,0-3-2-1-4,0.48477779042982144,-0.060375546513684986,-0.009383564285714352,0-4-1-3-2,FALSE,-0.040340782571428535,0.0,0.040340782571428535,STRUCTURALLY UNSTABLE,STRUCTURALLY UNSTABLE,EXECUTABLE
TRANSFORMER_CONTROLLED_ALTERNATIVE,WHO,United Kingdom of Great Britain and Northern Ireland,42,123,96,32,0-2-3-1-4,0.45787788389642853,0.24546240276577358,0.15321928239285715,0-2-3-1-4,TRUE,0.0,0.0,0.0,STRUCTURALLY UNSTABLE,STRUCTURALLY UNSTABLE,EXECUTABLE
TRANSFORMER_CONTROLLED_ALTERNATIVE,WHO,United Kingdom of Great Britain and Northern Ireland,42,123,72,24,0-3-2-1-4,0.6099809846107143,0.24546240276577358,0.0011161816785714151,0-2-3-1-4,FALSE,0.15210310071428573,0.0,-0.15210310071428573,STRUCTURALLY UNSTABLE,STRUCTURALLY UNSTABLE,EXECUTABLE
TRANSFORMER_CONTROLLED_ALTERNATIVE,WHO,United Kingdom of Great Britain and Northern Ireland,42,123,48,16,0-2-3-1-4,0.45787788389642853,0.24546240276577358,0.15321928239285715,0-2-3-1-4,TRUE,0.0,0.0,0.0,STRUCTURALLY UNSTABLE,STRUCTURALLY UNSTABLE,EXECUTABLE
TRANSFORMER_CONTROLLED_ALTERNATIVE,WHO,United Kingdom of Great Britain and Northern Ireland,42,2025,96,32,0-3-4-1-2,0.5346190020928572,0.23737517831669047,0.09613481424285708,0-3-4-1-2,TRUE,0.0,0.0,0.0,STRUCTURALLY UNSTABLE,STRUCTURALLY UNSTABLE,EXECUTABLE
TRANSFORMER_CONTROLLED_ALTERNATIVE,WHO,United Kingdom of Great Britain and Northern Ireland,42,2025,72,24,0-2-4-1-3,0.5007725695571429,0.23737517831669047,0.12998124677857137,0-3-4-1-2,FALSE,-0.03384643253571429,0.0,0.03384643253571429,STRUCTURALLY UNSTABLE,STRUCTURALLY UNSTABLE,EXECUTABLE
TRANSFORMER_CONTROLLED_ALTERNATIVE,WHO,United Kingdom of Great Britain and Northern Ireland,42,2025,48,16,0-2-4-1-3,0.5007725695571429,0.23737517831669047,0.12998124677857137,0-3-4-1-2,FALSE,-0.03384643253571429,0.0,0.03384643253571429,STRUCTURALLY UNSTABLE,STRUCTURALLY UNSTABLE,EXECUTABLE
TRANSFORMER_CONTROLLED_ALTERNATIVE,WHO,United Kingdom of Great Britain and Northern Ireland,123,2025,96,32,0-1-4-2-3,0.6272928711964286,0.2071019215642207,0.005807909428571456,0-1-4-2-3,TRUE,0.0,0.0,0.0,STRUCTURALLY UNSTABLE,STRUCTURALLY UNSTABLE,EXECUTABLE
TRANSFORMER_CONTROLLED_ALTERNATIVE,WHO,United Kingdom of Great Britain and Northern Ireland,123,2025,72,24,0-1-4-2-3,0.6272928711964286,0.2071019215642207,0.005807909428571456,0-1-4-2-3,TRUE,0.0,0.0,0.0,STRUCTURALLY UNSTABLE,STRUCTURALLY UNSTABLE,EXECUTABLE
TRANSFORMER_CONTROLLED_ALTERNATIVE,WHO,United Kingdom of Great Britain and Northern Ireland,123,2025,48,16,0-1-2-4-3,0.5698476942321429,0.2071019215642207,0.0632530863928572,0-1-4-2-3,FALSE,-0.05744517696428575,0.0,0.05744517696428575,STRUCTURALLY UNSTABLE,STRUCTURALLY UNSTABLE,EXECUTABLE
TRANSFORMER_CONTROLLED_ALTERNATIVE,WHO,Vanuatu,42,123,96,32,2-1-4-3-0,0.42730488202321426,0.031746031746031744,0.18155866146428568,2-1-4-3-0,TRUE,0.0,0.0,0.0,STRUCTURALLY UNSTABLE,STRUCTURALLY UNSTABLE,EXECUTABLE
TRANSFORMER_CONTROLLED_ALTERNATIVE,WHO,Vanuatu,42,123,72,24,2-3-4-1-0,0.5738153427982143,0.031746031746031744,0.0350482006892856,2-1-4-3-0,FALSE,0.14651046077500007,0.0,-0.14651046077500007,STRUCTURALLY UNSTABLE,STRUCTURALLY UNSTABLE,EXECUTABLE
TRANSFORMER_CONTROLLED_ALTERNATIVE,WHO,Vanuatu,42,123,48,16,2-1-4-3-0,0.42730488202321426,0.031746031746031744,0.18155866146428568,2-1-4-3-0,TRUE,0.0,0.0,0.0,STRUCTURALLY UNSTABLE,STRUCTURALLY UNSTABLE,EXECUTABLE
TRANSFORMER_CONTROLLED_ALTERNATIVE,WHO,Vanuatu,42,2025,96,32,2-4-3-1-0,0.4871770742910714,0.24726186525058078,0.2543955188464285,2-4-3-1-0,TRUE,0.0,0.0,0.0,STRUCTURALLY UNSTABLE,STRUCTURALLY UNSTABLE,EXECUTABLE
TRANSFORMER_CONTROLLED_ALTERNATIVE,WHO,Vanuatu,42,2025,72,24,2-4-3-1-0,0.4871770742910714,0.24726186525058078,0.2543955188464285,2-4-3-1-0,TRUE,0.0,0.0,0.0,STRUCTURALLY UNSTABLE,STRUCTURALLY UNSTABLE,EXECUTABLE
TRANSFORMER_CONTROLLED_ALTERNATIVE,WHO,Vanuatu,42,2025,48,16,2-4-3-1-0,0.4871770742910714,0.24726186525058078,0.2543955188464285,2-4-3-1-0,TRUE,0.0,0.0,0.0,STRUCTURALLY UNSTABLE,STRUCTURALLY UNSTABLE,EXECUTABLE
TRANSFORMER_CONTROLLED_ALTERNATIVE,WHO,Vanuatu,123,2025,96,32,0-3-2-1-4,0.3740142304464286,0.13756613756613756,0.14249597285714283,0-3-2-1-4,TRUE,0.0,0.0,0.0,STRUCTURALLY UNSTABLE,STRUCTURALLY UNSTABLE,EXECUTABLE
TRANSFORMER_CONTROLLED_ALTERNATIVE,WHO,Vanuatu,123,2025,72,24,0-3-1-2-4,0.4140733823392857,0.13756613756613756,0.10243682096428575,0-3-2-1-4,FALSE,0.04005915189285708,0.0,-0.04005915189285708,STRUCTURALLY UNSTABLE,STRUCTURALLY UNSTABLE,EXECUTABLE
TRANSFORMER_CONTROLLED_ALTERNATIVE,WHO,Vanuatu,123,2025,48,16,0-3-1-2-4,0.4140733823392857,0.13756613756613756,0.10243682096428575,0-3-2-1-4,FALSE,0.04005915189285708,0.0,-0.04005915189285708,STRUCTURALLY UNSTABLE,STRUCTURALLY UNSTABLE,EXECUTABLE
TRANSFORMER_CONTROLLED_ALTERNATIVE,WHO,Viet Nam,42,123,96,32,0-2-4-1-3,0.5403446018392858,0.09406830437387663,-0.06372836392857156,0-2-4-1-3,TRUE,0.0,0.0,0.0,STRUCTURALLY UNSTABLE,STRUCTURALLY UNSTABLE,EXECUTABLE
TRANSFORMER_CONTROLLED_ALTERNATIVE,WHO,Viet Nam,42,123,72,24,3-2-4-1-0,0.7057573274107144,0.09406830437387663,-0.22914108950000017,0-2-4-1-3,FALSE,0.1654127255714286,0.0,-0.1654127255714286,STRUCTURALLY UNSTABLE,STRUCTURALLY UNSTABLE,EXECUTABLE
TRANSFORMER_CONTROLLED_ALTERNATIVE,WHO,Viet Nam,42,123,48,16,0-2-4-1-3,0.5403446018392858,0.09406830437387663,-0.06372836392857156,0-2-4-1-3,TRUE,0.0,0.0,0.0,STRUCTURALLY UNSTABLE,STRUCTURALLY UNSTABLE,EXECUTABLE
TRANSFORMER_CONTROLLED_ALTERNATIVE,WHO,Viet Nam,42,2025,96,32,2-0-4-1-3,0.7979962746428573,0.10856795624873403,-0.29687005742857153,2-0-4-1-3,TRUE,0.0,0.0,0.0,STRUCTURALLY UNSTABLE,STRUCTURALLY UNSTABLE,EXECUTABLE
TRANSFORMER_CONTROLLED_ALTERNATIVE,WHO,Viet Nam,42,2025,72,24,2-0-4-1-3,0.7979962746428573,0.10856795624873403,-0.29687005742857153,2-0-4-1-3,TRUE,0.0,0.0,0.0,STRUCTURALLY UNSTABLE,STRUCTURALLY UNSTABLE,EXECUTABLE
TRANSFORMER_CONTROLLED_ALTERNATIVE,WHO,Viet Nam,42,2025,48,16,0-3-2-4-1,0.4974370115714285,0.10856795624873403,0.0036892056428572406,2-0-4-1-3,FALSE,-0.3005592630714288,0.0,0.3005592630714288,STRUCTURALLY UNSTABLE,STRUCTURALLY UNSTABLE,EXECUTABLE
TRANSFORMER_CONTROLLED_ALTERNATIVE,WHO,Viet Nam,123,2025,96,32,0-1-3-2-4,0.35079652219642865,0.6010019850647509,0.024813439285714278,0-1-3-2-4,TRUE,0.0,0.0,0.0,STRUCTURALLY UNSTABLE,STRUCTURALLY UNSTABLE,EXECUTABLE
TRANSFORMER_CONTROLLED_ALTERNATIVE,WHO,Viet Nam,123,2025,72,24,0-3-2-1-4,0.3018919864821429,0.6010019850647509,0.07371797500000005,0-1-3-2-4,FALSE,-0.04890453571428577,0.0,0.04890453571428577,STRUCTURALLY UNSTABLE,STRUCTURALLY UNSTABLE,EXECUTABLE
TRANSFORMER_CONTROLLED_ALTERNATIVE,WHO,Viet Nam,123,2025,48,16,0-3-2-1-4,0.3018919864821429,0.6010019850647509,0.07371797500000005,0-1-3-2-4,FALSE,-0.04890453571428577,0.0,0.04890453571428577,STRUCTURALLY UNSTABLE,STRUCTURALLY UNSTABLE,EXECUTABLE
TRANSFORMER_CONTROLLED_ALTERNATIVE,Electricity,T7,42,123,96,32,0-3-4-1-2,0.6582130581785713,0.0018496434568862864,0.11267327092857138,0-3-4-1-2,TRUE,0.0,0.0,0.0,STRUCTURALLY UNSTABLE,STRUCTURALLY UNSTABLE,EXECUTABLE
TRANSFORMER_CONTROLLED_ALTERNATIVE,Electricity,T7,42,123,72,24,0-2-4-1-3,0.6513803476428571,0.0018496434568862864,0.1195059814642856,0-3-4-1-2,FALSE,-0.006832710535714215,0.0,0.006832710535714215,STRUCTURALLY UNSTABLE,STRUCTURALLY UNSTABLE,EXECUTABLE
TRANSFORMER_CONTROLLED_ALTERNATIVE,Electricity,T7,42,123,48,16,2-3-4-1-0,0.5296776542857143,0.0018496434568862864,0.24120867482142838,0-3-4-1-2,FALSE,-0.128535403892857,0.0,0.128535403892857,STRUCTURALLY UNSTABLE,STRUCTURALLY UNSTABLE,EXECUTABLE
TRANSFORMER_CONTROLLED_ALTERNATIVE,Electricity,T7,42,2025,96,32,1-3-0-4-2,0.43681598828035717,0.037037037037037035,0.391758685892857,1-3-0-4-2,TRUE,0.0,0.0,0.0,STRUCTURALLY UNSTABLE,STRUCTURALLY UNSTABLE,EXECUTABLE
TRANSFORMER_CONTROLLED_ALTERNATIVE,Electricity,T7,42,2025,72,24,1-3-0-4-2,0.43681598828035717,0.037037037037037035,0.391758685892857,1-3-0-4-2,TRUE,0.0,0.0,0.0,STRUCTURALLY UNSTABLE,STRUCTURALLY UNSTABLE,EXECUTABLE
TRANSFORMER_CONTROLLED_ALTERNATIVE,Electricity,T7,42,2025,48,16,0-1-3-4-2,0.7780384340660714,0.037037037037037035,0.05053624010714275,1-3-0-4-2,FALSE,0.34122244578571426,0.0,-0.34122244578571426,STRUCTURALLY UNSTABLE,STRUCTURALLY UNSTABLE,EXECUTABLE
TRANSFORMER_CONTROLLED_ALTERNATIVE,Electricity,T7,123,2025,96,32,0-4-3-1-2,0.3328694208053572,0.3915343915343915,-0.03666751362142867,0-4-3-1-2,TRUE,0.0,0.0,0.0,STRUCTURALLY UNSTABLE,STRUCTURALLY UNSTABLE,EXECUTABLE
TRANSFORMER_CONTROLLED_ALTERNATIVE,Electricity,T7,123,2025,72,24,0-1-3-2-4,0.29337977814821425,0.3915343915343915,0.0028221290357142714,0-4-3-1-2,FALSE,-0.03948964265714294,0.0,0.03948964265714294,STRUCTURALLY UNSTABLE,STRUCTURALLY UNSTABLE,EXECUTABLE
TRANSFORMER_CONTROLLED_ALTERNATIVE,Electricity,T7,123,2025,48,16,0-4-2-1-3,0.3497400052553572,0.3915343915343915,-0.053538098071428675,0-4-3-1-2,FALSE,0.016870584450000004,0.0,-0.016870584450000004,STRUCTURALLY UNSTABLE,STRUCTURALLY UNSTABLE,EXECUTABLE
TRANSFORMER_CONTROLLED_ALTERNATIVE,Electricity,T314,42,123,96,32,3-0-1-4-2,0.72102286385,0.0,0.15334995387142858,3-0-1-4-2,TRUE,0.0,0.0,0.0,STRUCTURALLY UNSTABLE,STRUCTURALLY UNSTABLE,EXECUTABLE
TRANSFORMER_CONTROLLED_ALTERNATIVE,Electricity,T314,42,123,72,24,0-3-1-4-2,0.7563789026,0.0,0.11799391512142865,3-0-1-4-2,FALSE,0.03535603874999993,0.0,-0.03535603874999993,STRUCTURALLY UNSTABLE,STRUCTURALLY UNSTABLE,EXECUTABLE
TRANSFORMER_CONTROLLED_ALTERNATIVE,Electricity,T314,42,123,48,16,0-2-1-4-3,0.734979498042857,0.0,0.1393933196785716,3-0-1-4-2,FALSE,0.013956634192856976,0.0,-0.013956634192856976,STRUCTURALLY UNSTABLE,STRUCTURALLY UNSTABLE,EXECUTABLE
TRANSFORMER_CONTROLLED_ALTERNATIVE,Electricity,T314,42,2025,96,32,2-3-4-0-1,0.7314939118285715,0.0,0.0108190239999999,2-3-4-0-1,TRUE,0.0,0.0,0.0,STRUCTURALLY UNSTABLE,STRUCTURALLY UNSTABLE,EXECUTABLE
TRANSFORMER_CONTROLLED_ALTERNATIVE,Electricity,T314,42,2025,72,24,2-3-4-0-1,0.7314939118285715,0.0,0.0108190239999999,2-3-4-0-1,TRUE,0.0,0.0,0.0,STRUCTURALLY UNSTABLE,STRUCTURALLY UNSTABLE,EXECUTABLE
TRANSFORMER_CONTROLLED_ALTERNATIVE,Electricity,T314,42,2025,48,16,2-1-4-0-3,0.74842983065,0.0,-0.006116894821428631,2-3-4-0-1,FALSE,0.01693591882142853,0.0,-0.01693591882142853,STRUCTURALLY UNSTABLE,STRUCTURALLY UNSTABLE,EXECUTABLE
TRANSFORMER_CONTROLLED_ALTERNATIVE,Electricity,T314,123,2025,96,32,2-3-1-4-0,0.5378512107857143,-0.020673360897814512,0.09058325710714288,2-3-1-4-0,TRUE,0.0,0.0,0.0,STRUCTURALLY UNSTABLE,STRUCTURALLY UNSTABLE,EXECUTABLE
TRANSFORMER_CONTROLLED_ALTERNATIVE,Electricity,T314,123,2025,72,24,2-3-1-4-0,0.5378512107857143,-0.020673360897814512,0.09058325710714288,2-3-1-4-0,TRUE,0.0,0.0,0.0,STRUCTURALLY UNSTABLE,STRUCTURALLY UNSTABLE,EXECUTABLE
TRANSFORMER_CONTROLLED_ALTERNATIVE,Electricity,T314,123,2025,48,16,2-1-3-4-0,0.5648074213571429,-0.020673360897814512,0.06362704653571427,2-3-1-4-0,FALSE,0.026956210571428607,0.0,-0.026956210571428607,STRUCTURALLY UNSTABLE,STRUCTURALLY UNSTABLE,EXECUTABLE
TRANSFORMER_CONTROLLED_ALTERNATIVE,Electricity,T108,42,123,96,32,2-0-4-1-3,0.5822300130046428,0.04305248158142077,0.032819637583571426,2-0-4-1-3,TRUE,0.0,0.0,0.0,STRUCTURALLY UNSTABLE,STRUCTURALLY UNSTABLE,EXECUTABLE
TRANSFORMER_CONTROLLED_ALTERNATIVE,Electricity,T108,42,123,72,24,3-2-4-1-0,0.5201859850560714,0.04305248158142077,0.09486366553214287,2-0-4-1-3,FALSE,-0.062044027948571445,0.0,0.062044027948571445,STRUCTURALLY UNSTABLE,STRUCTURALLY UNSTABLE,EXECUTABLE
TRANSFORMER_CONTROLLED_ALTERNATIVE,Electricity,T108,42,123,48,16,3-1-4-2-0,0.49817544755607146,0.04305248158142077,0.1168742030321428,2-0-4-1-3,FALSE,-0.08405456544857137,0.0,0.08405456544857137,STRUCTURALLY UNSTABLE,STRUCTURALLY UNSTABLE,EXECUTABLE
TRANSFORMER_CONTROLLED_ALTERNATIVE,Electricity,T108,42,2025,96,32,2-0-4-1-3,0.31886073565428574,0.19412400338775151,0.3998975545200001,2-0-4-1-3,TRUE,0.0,0.0,0.0,STRUCTURALLY UNSTABLE,STRUCTURALLY UNSTABLE,EXECUTABLE
TRANSFORMER_CONTROLLED_ALTERNATIVE,Electricity,T108,42,2025,72,24,2-0-4-3-1,0.3472072416542857,0.19412400338775151,0.37155104852000015,2-0-4-1-3,FALSE,0.028346505999999938,0.0,-0.028346505999999938,STRUCTURALLY UNSTABLE,STRUCTURALLY UNSTABLE,EXECUTABLE
TRANSFORMER_CONTROLLED_ALTERNATIVE,Electricity,T108,42,2025,48,16,2-0-4-1-3,0.31886073565428574,0.19412400338775151,0.3998975545200001,2-0-4-1-3,TRUE,0.0,0.0,0.0,STRUCTURALLY UNSTABLE,STRUCTURALLY UNSTABLE,EXECUTABLE
TRANSFORMER_CONTROLLED_ALTERNATIVE,Electricity,T108,123,2025,96,32,0-1-2-3-4,0.5336602916232142,0.09771018552928729,0.0,0-1-2-3-4,TRUE,0.0,0.0,0.0,STRUCTURALLY UNSTABLE,STRUCTURALLY UNSTABLE,EXECUTABLE
TRANSFORMER_CONTROLLED_ALTERNATIVE,Electricity,T108,123,2025,72,24,0-1-2-3-4,0.5336602916232142,0.09771018552928729,0.0,0-1-2-3-4,TRUE,0.0,0.0,0.0,STRUCTURALLY UNSTABLE,STRUCTURALLY UNSTABLE,EXECUTABLE
TRANSFORMER_CONTROLLED_ALTERNATIVE,Electricity,T108,123,2025,48,16,1-3-0-2-4,0.5444451772660714,0.09771018552928729,-0.01078488564285729,0-1-2-3-4,FALSE,0.01078488564285729,0.0,-0.01078488564285729,STRUCTURALLY UNSTABLE,STRUCTURALLY UNSTABLE,EXECUTABLE
TRANSFORMER_CONTROLLED_ALTERNATIVE,Electricity,T84,42,123,96,32,0-2-4-1-3,0.45077440462857143,0.1540888133948071,0.30338305548214295,0-2-4-1-3,TRUE,0.0,0.0,0.0,STRUCTURALLY UNSTABLE,STRUCTURALLY UNSTABLE,EXECUTABLE
TRANSFORMER_CONTROLLED_ALTERNATIVE,Electricity,T84,42,123,72,24,1-2-4-0-3,0.4989321963178571,0.1540888133948071,0.25522526379285726,0-2-4-1-3,FALSE,0.04815779168928569,0.0,-0.04815779168928569,STRUCTURALLY UNSTABLE,STRUCTURALLY UNSTABLE,EXECUTABLE
TRANSFORMER_CONTROLLED_ALTERNATIVE,Electricity,T84,42,123,48,16,3-2-4-0-1,0.4947963554964286,0.1540888133948071,0.2593611046142858,0-2-4-1-3,FALSE,0.04402195086785715,0.0,-0.04402195086785715,STRUCTURALLY UNSTABLE,STRUCTURALLY UNSTABLE,EXECUTABLE
TRANSFORMER_CONTROLLED_ALTERNATIVE,Electricity,T84,42,2025,96,32,2-0-4-3-1,0.4222907541660715,0.10330179571345817,0.24630385727499998,2-0-4-3-1,TRUE,0.0,0.0,0.0,STRUCTURALLY UNSTABLE,STRUCTURALLY UNSTABLE,EXECUTABLE
TRANSFORMER_CONTROLLED_ALTERNATIVE,Electricity,T84,42,2025,72,24,2-0-4-3-1,0.4222907541660715,0.10330179571345817,0.24630385727499998,2-0-4-3-1,TRUE,0.0,0.0,0.0,STRUCTURALLY UNSTABLE,STRUCTURALLY UNSTABLE,EXECUTABLE
TRANSFORMER_CONTROLLED_ALTERNATIVE,Electricity,T84,42,2025,48,16,2-0-4-3-1,0.4222907541660715,0.10330179571345817,0.24630385727499998,2-0-4-3-1,TRUE,0.0,0.0,0.0,STRUCTURALLY UNSTABLE,STRUCTURALLY UNSTABLE,EXECUTABLE
TRANSFORMER_CONTROLLED_ALTERNATIVE,Electricity,T84,123,2025,96,32,0-1-2-3-4,0.4013557528839286,0.27012522361359576,0.0,0-1-2-3-4,TRUE,0.0,0.0,0.0,STRUCTURALLY UNSTABLE,STRUCTURALLY UNSTABLE,EXECUTABLE
TRANSFORMER_CONTROLLED_ALTERNATIVE,Electricity,T84,123,2025,72,24,2-1-0-3-4,0.43181440289107137,0.27012522361359576,-0.030458650007142762,0-1-2-3-4,FALSE,0.030458650007142762,0.0,-0.030458650007142762,STRUCTURALLY UNSTABLE,STRUCTURALLY UNSTABLE,EXECUTABLE
TRANSFORMER_CONTROLLED_ALTERNATIVE,Electricity,T84,123,2025,48,16,0-1-2-3-4,0.4013557528839286,0.27012522361359576,0.0,0-1-2-3-4,TRUE,0.0,0.0,0.0,STRUCTURALLY UNSTABLE,STRUCTURALLY UNSTABLE,EXECUTABLE
TRANSFORMER_CONTROLLED_ALTERNATIVE,Electricity,T106,42,123,96,32,0-2-4-1-3,0.42483681246785715,0.051638269986893845,0.17233164595714284,0-2-4-1-3,TRUE,0.0,0.0,0.0,STRUCTURALLY UNSTABLE,STRUCTURALLY UNSTABLE,EXECUTABLE
TRANSFORMER_CONTROLLED_ALTERNATIVE,Electricity,T106,42,123,72,24,0-1-4-2-3,0.4546898767535715,0.051638269986893845,0.14247858167142852,0-2-4-1-3,FALSE,0.029853064285714326,0.0,-0.029853064285714326,STRUCTURALLY UNSTABLE,STRUCTURALLY UNSTABLE,EXECUTABLE
TRANSFORMER_CONTROLLED_ALTERNATIVE,Electricity,T106,42,123,48,16,0-1-4-2-3,0.4546898767535715,0.051638269986893845,0.14247858167142852,0-2-4-1-3,FALSE,0.029853064285714326,0.0,-0.029853064285714326,STRUCTURALLY UNSTABLE,STRUCTURALLY UNSTABLE,EXECUTABLE
TRANSFORMER_CONTROLLED_ALTERNATIVE,Electricity,T106,42,2025,96,32,0-3-4-1-2,0.5150997540321428,0.129230070406541,0.07176152092857158,0-3-4-1-2,TRUE,0.0,0.0,0.0,STRUCTURALLY UNSTABLE,STRUCTURALLY UNSTABLE,EXECUTABLE
TRANSFORMER_CONTROLLED_ALTERNATIVE,Electricity,T106,42,2025,72,24,0-3-4-2-1,0.5136158214964286,0.129230070406541,0.07324545346428579,0-3-4-1-2,FALSE,-0.0014839325357142163,0.0,0.0014839325357142163,STRUCTURALLY UNSTABLE,STRUCTURALLY UNSTABLE,EXECUTABLE
TRANSFORMER_CONTROLLED_ALTERNATIVE,Electricity,T106,42,2025,48,16,0-3-4-1-2,0.5150997540321428,0.129230070406541,0.07176152092857158,0-3-4-1-2,TRUE,0.0,0.0,0.0,STRUCTURALLY UNSTABLE,STRUCTURALLY UNSTABLE,EXECUTABLE
TRANSFORMER_CONTROLLED_ALTERNATIVE,Electricity,T106,123,2025,96,32,0-3-1-2-4,0.48380038507142853,0.14977025159859902,0.04744979189285714,0-3-1-2-4,TRUE,0.0,0.0,0.0,STRUCTURALLY UNSTABLE,STRUCTURALLY UNSTABLE,EXECUTABLE
TRANSFORMER_CONTROLLED_ALTERNATIVE,Electricity,T106,123,2025,72,24,3-1-0-2-4,0.5586444681071429,0.14977025159859902,-0.027394291142857186,0-3-1-2-4,FALSE,0.07484408303571433,0.0,-0.07484408303571433,STRUCTURALLY UNSTABLE,STRUCTURALLY UNSTABLE,EXECUTABLE
TRANSFORMER_CONTROLLED_ALTERNATIVE,Electricity,T106,123,2025,48,16,0-3-1-2-4,0.48380038507142853,0.14977025159859902,0.04744979189285714,0-3-1-2-4,TRUE,0.0,0.0,0.0,STRUCTURALLY UNSTABLE,STRUCTURALLY UNSTABLE,EXECUTABLE
TRANSFORMER_CONTROLLED_ALTERNATIVE,Electricity,T318,42,123,96,32,3-0-4-1-2,0.5472324592678571,0.20623219477811391,0.052995403821428755,3-0-4-1-2,TRUE,0.0,0.0,0.0,STRUCTURALLY UNSTABLE,STRUCTURALLY UNSTABLE,EXECUTABLE
TRANSFORMER_CONTROLLED_ALTERNATIVE,Electricity,T318,42,123,72,24,3-0-4-1-2,0.5472324592678571,0.20623219477811391,0.052995403821428755,3-0-4-1-2,TRUE,0.0,0.0,0.0,STRUCTURALLY UNSTABLE,STRUCTURALLY UNSTABLE,EXECUTABLE
TRANSFORMER_CONTROLLED_ALTERNATIVE,Electricity,T318,42,123,48,16,3-0-4-1-2,0.5472324592678571,0.20623219477811391,0.052995403821428755,3-0-4-1-2,TRUE,0.0,0.0,0.0,STRUCTURALLY UNSTABLE,STRUCTURALLY UNSTABLE,EXECUTABLE
TRANSFORMER_CONTROLLED_ALTERNATIVE,Electricity,T318,42,2025,96,32,1-3-4-0-2,0.41998864776785716,0.1686314530034838,0.3551325406785715,1-3-4-0-2,TRUE,0.0,0.0,0.0,STRUCTURALLY UNSTABLE,STRUCTURALLY UNSTABLE,EXECUTABLE
TRANSFORMER_CONTROLLED_ALTERNATIVE,Electricity,T318,42,2025,72,24,1-3-4-0-2,0.41998864776785716,0.1686314530034838,0.3551325406785715,1-3-4-0-2,TRUE,0.0,0.0,0.0,STRUCTURALLY UNSTABLE,STRUCTURALLY UNSTABLE,EXECUTABLE
TRANSFORMER_CONTROLLED_ALTERNATIVE,Electricity,T318,42,2025,48,16,1-3-4-0-2,0.41998864776785716,0.1686314530034838,0.3551325406785715,1-3-4-0-2,TRUE,0.0,0.0,0.0,STRUCTURALLY UNSTABLE,STRUCTURALLY UNSTABLE,EXECUTABLE
TRANSFORMER_CONTROLLED_ALTERNATIVE,Electricity,T318,123,2025,96,32,3-1-4-2-0,0.5839133906071429,0.16969306466729148,-0.05705057557142856,3-1-4-2-0,TRUE,0.0,0.0,0.0,STRUCTURALLY UNSTABLE,STRUCTURALLY UNSTABLE,EXECUTABLE
TRANSFORMER_CONTROLLED_ALTERNATIVE,Electricity,T318,123,2025,72,24,3-1-4-2-0,0.5839133906071429,0.16969306466729148,-0.05705057557142856,3-1-4-2-0,TRUE,0.0,0.0,0.0,STRUCTURALLY UNSTABLE,STRUCTURALLY UNSTABLE,EXECUTABLE
TRANSFORMER_CONTROLLED_ALTERNATIVE,Electricity,T318,123,2025,48,16,0-1-3-2-4,0.46052767528571437,0.16969306466729148,0.06633513974999994,3-1-4-2-0,FALSE,-0.1233857153214285,0.0,0.1233857153214285,STRUCTURALLY UNSTABLE,STRUCTURALLY UNSTABLE,EXECUTABLE
TRANSFORMER_CONTROLLED_ALTERNATIVE,Electricity,T82,42,123,96,32,3-4-2-1-0,0.47786836818928563,0.23191243214381063,0.21803001787142867,3-4-2-1-0,TRUE,0.0,0.0,0.0,STRUCTURALLY UNSTABLE,STRUCTURALLY UNSTABLE,EXECUTABLE
TRANSFORMER_CONTROLLED_ALTERNATIVE,Electricity,T82,42,123,72,24,3-2-4-1-0,0.4748900101178571,0.23191243214381063,0.22100837594285722,3-4-2-1-0,FALSE,-0.002978358071428544,0.0,0.002978358071428544,STRUCTURALLY UNSTABLE,STRUCTURALLY UNSTABLE,EXECUTABLE
TRANSFORMER_CONTROLLED_ALTERNATIVE,Electricity,T82,42,123,48,16,3-4-2-1-0,0.47786836818928563,0.23191243214381063,0.21803001787142867,3-4-2-1-0,TRUE,0.0,0.0,0.0,STRUCTURALLY UNSTABLE,STRUCTURALLY UNSTABLE,EXECUTABLE
TRANSFORMER_CONTROLLED_ALTERNATIVE,Electricity,T82,42,2025,96,32,2-0-4-1-3,0.44041194224999997,0.031102328378726698,0.34771430392857156,2-0-4-1-3,TRUE,0.0,0.0,0.0,STRUCTURALLY UNSTABLE,STRUCTURALLY UNSTABLE,EXECUTABLE
TRANSFORMER_CONTROLLED_ALTERNATIVE,Electricity,T82,42,2025,72,24,1-0-4-3-2,0.4828526751785714,0.031102328378726698,0.30527357100000013,2-0-4-1-3,FALSE,0.04244073292857142,0.0,-0.04244073292857142,STRUCTURALLY UNSTABLE,STRUCTURALLY UNSTABLE,EXECUTABLE
TRANSFORMER_CONTROLLED_ALTERNATIVE,Electricity,T82,42,2025,48,16,3-0-4-1-2,0.44977345160714277,0.031102328378726698,0.33835279457142875,2-0-4-1-3,FALSE,0.009361509357142805,0.0,-0.009361509357142805,STRUCTURALLY UNSTABLE,STRUCTURALLY UNSTABLE,EXECUTABLE
TRANSFORMER_CONTROLLED_ALTERNATIVE,Electricity,T82,123,2025,96,32,0-1-2-3-4,0.4487923315464286,0.037923135657928264,0.0,0-1-2-3-4,TRUE,0.0,0.0,0.0,STRUCTURALLY UNSTABLE,STRUCTURALLY UNSTABLE,EXECUTABLE
TRANSFORMER_CONTROLLED_ALTERNATIVE,Electricity,T82,123,2025,72,24,0-3-2-1-4,0.5025398816892858,0.037923135657928264,-0.05374755014285715,0-1-2-3-4,FALSE,0.05374755014285715,0.0,-0.05374755014285715,STRUCTURALLY UNSTABLE,STRUCTURALLY UNSTABLE,EXECUTABLE
TRANSFORMER_CONTROLLED_ALTERNATIVE,Electricity,T82,123,2025,48,16,0-1-2-3-4,0.4487923315464286,0.037923135657928264,0.0,0-1-2-3-4,TRUE,0.0,0.0,0.0,STRUCTURALLY UNSTABLE,STRUCTURALLY UNSTABLE,EXECUTABLE
TRANSFORMER_CONTROLLED_ALTERNATIVE,Electricity,T128,42,123,96,32,3-2-4-1-0,0.3288087446964286,0.706171400016657,0.30161276875,3-2-4-1-0,TRUE,0.0,0.0,0.0,STRUCTURALLY UNSTABLE,STRUCTURALLY UNSTABLE,EXECUTABLE
TRANSFORMER_CONTROLLED_ALTERNATIVE,Electricity,T128,42,123,72,24,2-3-4-1-0,0.35569416462500003,0.706171400016657,0.2747273488214286,3-2-4-1-0,FALSE,0.026885419928571408,0.0,-0.026885419928571408,STRUCTURALLY UNSTABLE,STRUCTURALLY UNSTABLE,EXECUTABLE
TRANSFORMER_CONTROLLED_ALTERNATIVE,Electricity,T128,42,123,48,16,3-2-4-1-0,0.3288087446964286,0.706171400016657,0.30161276875,3-2-4-1-0,TRUE,0.0,0.0,0.0,STRUCTURALLY UNSTABLE,STRUCTURALLY UNSTABLE,EXECUTABLE
TRANSFORMER_CONTROLLED_ALTERNATIVE,Electricity,T128,42,2025,96,32,2-4-3-1-0,0.4710876124464285,0.0930752047654505,0.29453058539285704,2-4-3-1-0,TRUE,0.0,0.0,0.0,STRUCTURALLY UNSTABLE,STRUCTURALLY UNSTABLE,EXECUTABLE
TRANSFORMER_CONTROLLED_ALTERNATIVE,Electricity,T128,42,2025,72,24,2-4-3-1-0,0.4710876124464285,0.0930752047654505,0.29453058539285704,2-4-3-1-0,TRUE,0.0,0.0,0.0,STRUCTURALLY UNSTABLE,STRUCTURALLY UNSTABLE,EXECUTABLE
TRANSFORMER_CONTROLLED_ALTERNATIVE,Electricity,T128,42,2025,48,16,2-3-0-4-1,0.5808654092321429,0.0930752047654505,0.18475278860714262,2-4-3-1-0,FALSE,0.10977779678571442,0.0,-0.10977779678571442,STRUCTURALLY UNSTABLE,STRUCTURALLY UNSTABLE,EXECUTABLE
TRANSFORMER_CONTROLLED_ALTERNATIVE,Electricity,T128,123,2025,96,32,0-3-2-1-4,0.48254071578571434,0.00025322866548487536,0.01841701271428564,0-3-2-1-4,TRUE,0.0,0.0,0.0,STRUCTURALLY UNSTABLE,STRUCTURALLY UNSTABLE,EXECUTABLE
TRANSFORMER_CONTROLLED_ALTERNATIVE,Electricity,T128,123,2025,72,24,0-3-2-1-4,0.48254071578571434,0.00025322866548487536,0.01841701271428564,0-3-2-1-4,TRUE,0.0,0.0,0.0,STRUCTURALLY UNSTABLE,STRUCTURALLY UNSTABLE,EXECUTABLE
TRANSFORMER_CONTROLLED_ALTERNATIVE,Electricity,T128,123,2025,48,16,1-3-2-4-0,0.6003617162142857,0.00025322866548487536,-0.09940398771428571,0-3-2-1-4,FALSE,0.11782100042857135,0.0,-0.11782100042857135,STRUCTURALLY UNSTABLE,STRUCTURALLY UNSTABLE,EXECUTABLE
TRANSFORMER_CONTROLLED_ALTERNATIVE,Electricity,T129,42,123,96,32,2-3-4-0-1,0.5258755776964285,0.14908093835685998,0.21798962046428583,2-3-4-0-1,TRUE,0.0,0.0,0.0,STRUCTURALLY UNSTABLE,STRUCTURALLY UNSTABLE,EXECUTABLE
TRANSFORMER_CONTROLLED_ALTERNATIVE,Electricity,T129,42,123,72,24,2-3-4-0-1,0.5258755776964285,0.14908093835685998,0.21798962046428583,2-3-4-0-1,TRUE,0.0,0.0,0.0,STRUCTURALLY UNSTABLE,STRUCTURALLY UNSTABLE,EXECUTABLE
TRANSFORMER_CONTROLLED_ALTERNATIVE,Electricity,T129,42,123,48,16,2-3-4-0-1,0.5258755776964285,0.14908093835685998,0.21798962046428583,2-3-4-0-1,TRUE,0.0,0.0,0.0,STRUCTURALLY UNSTABLE,STRUCTURALLY UNSTABLE,EXECUTABLE
TRANSFORMER_CONTROLLED_ALTERNATIVE,Electricity,T129,42,2025,96,32,2-4-3-0-1,0.5157229330535714,0.464874587788548,0.17558244671428558,2-4-3-0-1,TRUE,0.0,0.0,0.0,STRUCTURALLY UNSTABLE,STRUCTURALLY UNSTABLE,EXECUTABLE
TRANSFORMER_CONTROLLED_ALTERNATIVE,Electricity,T129,42,2025,72,24,2-4-3-0-1,0.5157229330535714,0.464874587788548,0.17558244671428558,2-4-3-0-1,TRUE,0.0,0.0,0.0,STRUCTURALLY UNSTABLE,STRUCTURALLY UNSTABLE,EXECUTABLE
TRANSFORMER_CONTROLLED_ALTERNATIVE,Electricity,T129,42,2025,48,16,2-4-3-1-0,0.5708290749821429,0.464874587788548,0.12047630478571414,2-4-3-0-1,FALSE,0.05510614192857144,0.0,-0.05510614192857144,STRUCTURALLY UNSTABLE,STRUCTURALLY UNSTABLE,EXECUTABLE
TRANSFORMER_CONTROLLED_ALTERNATIVE,Electricity,T129,123,2025,96,32,0-2-1-4-3,0.3536696622142857,0.3587291795188156,0.013227084285714397,0-2-1-4-3,TRUE,0.0,0.0,0.0,STRUCTURALLY UNSTABLE,STRUCTURALLY UNSTABLE,EXECUTABLE
TRANSFORMER_CONTROLLED_ALTERNATIVE,Electricity,T129,123,2025,72,24,0-2-1-4-3,0.3536696622142857,0.3587291795188156,0.013227084285714397,0-2-1-4-3,TRUE,0.0,0.0,0.0,STRUCTURALLY UNSTABLE,STRUCTURALLY UNSTABLE,EXECUTABLE
TRANSFORMER_CONTROLLED_ALTERNATIVE,Electricity,T129,123,2025,48,16,0-2-1-4-3,0.3536696622142857,0.3587291795188156,0.013227084285714397,0-2-1-4-3,TRUE,0.0,0.0,0.0,STRUCTURALLY UNSTABLE,STRUCTURALLY UNSTABLE,EXECUTABLE
TRANSFORMER_CONTROLLED_ALTERNATIVE,Electricity,T104,42,123,96,32,2-0-4-1-3,0.6159846622071431,-0.0009407337723424471,-0.0695849198428573,2-0-4-1-3,TRUE,0.0,0.0,0.0,STRUCTURALLY UNSTABLE,STRUCTURALLY UNSTABLE,EXECUTABLE
TRANSFORMER_CONTROLLED_ALTERNATIVE,Electricity,T104,42,123,72,24,2-0-4-1-3,0.6159846622071431,-0.0009407337723424471,-0.0695849198428573,2-0-4-1-3,TRUE,0.0,0.0,0.0,STRUCTURALLY UNSTABLE,STRUCTURALLY UNSTABLE,EXECUTABLE
TRANSFORMER_CONTROLLED_ALTERNATIVE,Electricity,T104,42,123,48,16,2-0-4-1-3,0.6159846622071431,-0.0009407337723424471,-0.0695849198428573,2-0-4-1-3,TRUE,0.0,0.0,0.0,STRUCTURALLY UNSTABLE,STRUCTURALLY UNSTABLE,EXECUTABLE
TRANSFORMER_CONTROLLED_ALTERNATIVE,Electricity,T104,42,2025,96,32,1-0-4-3-2,0.41979891673035713,0.18120805369127516,0.3533575521535714,1-0-4-3-2,TRUE,0.0,0.0,0.0,STRUCTURALLY UNSTABLE,STRUCTURALLY UNSTABLE,EXECUTABLE
TRANSFORMER_CONTROLLED_ALTERNATIVE,Electricity,T104,42,2025,72,24,1-0-4-3-2,0.41979891673035713,0.18120805369127516,0.3533575521535714,1-0-4-3-2,TRUE,0.0,0.0,0.0,STRUCTURALLY UNSTABLE,STRUCTURALLY UNSTABLE,EXECUTABLE
TRANSFORMER_CONTROLLED_ALTERNATIVE,Electricity,T104,42,2025,48,16,2-0-4-1-3,0.42245671433749993,0.18120805369127516,0.3506997545464286,1-0-4-3-2,FALSE,0.0026577976071427978,0.0,-0.0026577976071427978,STRUCTURALLY UNSTABLE,STRUCTURALLY UNSTABLE,EXECUTABLE
TRANSFORMER_CONTROLLED_ALTERNATIVE,Electricity,T104,123,2025,96,32,0-3-2-1-4,0.6185685900517858,0.19654427645788336,-0.006886393464285656,0-3-2-1-4,TRUE,0.0,0.0,0.0,STRUCTURALLY UNSTABLE,STRUCTURALLY UNSTABLE,EXECUTABLE
TRANSFORMER_CONTROLLED_ALTERNATIVE,Electricity,T104,123,2025,72,24,0-1-2-3-4,0.6116821965875001,0.19654427645788336,0.0,0-3-2-1-4,FALSE,-0.006886393464285656,0.0,0.006886393464285656,STRUCTURALLY UNSTABLE,STRUCTURALLY UNSTABLE,EXECUTABLE
TRANSFORMER_CONTROLLED_ALTERNATIVE,Electricity,T104,123,2025,48,16,0-1-2-3-4,0.6116821965875001,0.19654427645788336,0.0,0-3-2-1-4,FALSE,-0.006886393464285656,0.0,0.006886393464285656,STRUCTURALLY UNSTABLE,STRUCTURALLY UNSTABLE,EXECUTABLE
TRANSFORMER_CONTROLLED_ALTERNATIVE,Electricity,T85,42,123,96,32,3-2-4-1-0,0.4966265012142857,0.27961579509071505,0.22777408596428567,3-2-4-1-0,TRUE,0.0,0.0,0.0,STRUCTURALLY UNSTABLE,STRUCTURALLY UNSTABLE,EXECUTABLE
TRANSFORMER_CONTROLLED_ALTERNATIVE,Electricity,T85,42,123,72,24,3-2-4-1-0,0.4966265012142857,0.27961579509071505,0.22777408596428567,3-2-4-1-0,TRUE,0.0,0.0,0.0,STRUCTURALLY UNSTABLE,STRUCTURALLY UNSTABLE,EXECUTABLE
TRANSFORMER_CONTROLLED_ALTERNATIVE,Electricity,T85,42,123,48,16,3-2-4-1-0,0.4966265012142857,0.27961579509071505,0.22777408596428567,3-2-4-1-0,TRUE,0.0,0.0,0.0,STRUCTURALLY UNSTABLE,STRUCTURALLY UNSTABLE,EXECUTABLE
TRANSFORMER_CONTROLLED_ALTERNATIVE,Electricity,T85,42,2025,96,32,2-0-4-1-3,0.35109445231071434,0.10778443113772455,0.34837336039285705,2-0-4-1-3,TRUE,0.0,0.0,0.0,STRUCTURALLY UNSTABLE,STRUCTURALLY UNSTABLE,EXECUTABLE
TRANSFORMER_CONTROLLED_ALTERNATIVE,Electricity,T85,42,2025,72,24,2-0-4-1-3,0.35109445231071434,0.10778443113772455,0.34837336039285705,2-0-4-1-3,TRUE,0.0,0.0,0.0,STRUCTURALLY UNSTABLE,STRUCTURALLY UNSTABLE,EXECUTABLE
TRANSFORMER_CONTROLLED_ALTERNATIVE,Electricity,T85,42,2025,48,16,2-0-4-1-3,0.35109445231071434,0.10778443113772455,0.34837336039285705,2-0-4-1-3,TRUE,0.0,0.0,0.0,STRUCTURALLY UNSTABLE,STRUCTURALLY UNSTABLE,EXECUTABLE
TRANSFORMER_CONTROLLED_ALTERNATIVE,Electricity,T85,123,2025,96,32,2-1-0-3-4,0.5324891605464286,0.034482758620689634,0.015769871107142897,2-1-0-3-4,TRUE,0.0,0.0,0.0,STRUCTURALLY UNSTABLE,STRUCTURALLY UNSTABLE,EXECUTABLE
TRANSFORMER_CONTROLLED_ALTERNATIVE,Electricity,T85,123,2025,72,24,3-1-0-2-4,0.5354567899035715,0.034482758620689634,0.012802241749999999,2-1-0-3-4,FALSE,0.002967629357142898,0.0,-0.002967629357142898,STRUCTURALLY UNSTABLE,STRUCTURALLY UNSTABLE,EXECUTABLE
TRANSFORMER_CONTROLLED_ALTERNATIVE,Electricity,T85,123,2025,48,16,2-1-0-3-4,0.5324891605464286,0.034482758620689634,0.015769871107142897,2-1-0-3-4,TRUE,0.0,0.0,0.0,STRUCTURALLY UNSTABLE,STRUCTURALLY UNSTABLE,EXECUTABLE
TRANSFORMER_CONTROLLED_ALTERNATIVE,Electricity,T86,42,123,96,32,3-4-2-1-0,0.5151011966607143,0.10755843367398564,0.08043554264285713,3-4-2-1-0,TRUE,0.0,0.0,0.0,STRUCTURALLY UNSTABLE,STRUCTURALLY UNSTABLE,EXECUTABLE
TRANSFORMER_CONTROLLED_ALTERNATIVE,Electricity,T86,42,123,72,24,2-0-4-1-3,0.6536428103392857,0.10755843367398564,-0.0581060710357143,3-4-2-1-0,FALSE,0.13854161367857143,0.0,-0.13854161367857143,STRUCTURALLY UNSTABLE,STRUCTURALLY UNSTABLE,EXECUTABLE
TRANSFORMER_CONTROLLED_ALTERNATIVE,Electricity,T86,42,123,48,16,2-4-0-1-3,0.6344698249821429,0.10755843367398564,-0.038933085678571455,3-4-2-1-0,FALSE,0.11936862832142858,0.0,-0.11936862832142858,STRUCTURALLY UNSTABLE,STRUCTURALLY UNSTABLE,EXECUTABLE
TRANSFORMER_CONTROLLED_ALTERNATIVE,Electricity,T86,42,2025,96,32,3-0-1-4-2,0.4934409023571429,0.04401455319904162,0.2494755361071428,3-0-1-4-2,TRUE,0.0,0.0,0.0,STRUCTURALLY UNSTABLE,STRUCTURALLY UNSTABLE,EXECUTABLE
TRANSFORMER_CONTROLLED_ALTERNATIVE,Electricity,T86,42,2025,72,24,3-0-1-4-2,0.4934409023571429,0.04401455319904162,0.2494755361071428,3-0-1-4-2,TRUE,0.0,0.0,0.0,STRUCTURALLY UNSTABLE,STRUCTURALLY UNSTABLE,EXECUTABLE
TRANSFORMER_CONTROLLED_ALTERNATIVE,Electricity,T86,42,2025,48,16,3-0-1-4-2,0.4934409023571429,0.04401455319904162,0.2494755361071428,3-0-1-4-2,TRUE,0.0,0.0,0.0,STRUCTURALLY UNSTABLE,STRUCTURALLY UNSTABLE,EXECUTABLE
TRANSFORMER_CONTROLLED_ALTERNATIVE,Electricity,T86,123,2025,96,32,0-1-2-3-4,0.5951917558035714,-0.057846488972256666,0.0,0-1-2-3-4,TRUE,0.0,0.0,0.0,STRUCTURALLY UNSTABLE,STRUCTURALLY UNSTABLE,EXECUTABLE
TRANSFORMER_CONTROLLED_ALTERNATIVE,Electricity,T86,123,2025,72,24,0-3-1-2-4,0.6051450563035715,-0.057846488972256666,-0.009953300500000095,0-1-2-3-4,FALSE,0.009953300500000095,0.0,-0.009953300500000095,STRUCTURALLY UNSTABLE,STRUCTURALLY UNSTABLE,EXECUTABLE
TRANSFORMER_CONTROLLED_ALTERNATIVE,Electricity,T86,123,2025,48,16,0-3-1-2-4,0.6051450563035715,-0.057846488972256666,-0.009953300500000095,0-1-2-3-4,FALSE,0.009953300500000095,0.0,-0.009953300500000095,STRUCTURALLY UNSTABLE,STRUCTURALLY UNSTABLE,EXECUTABLE
TRANSFORMER_CONTROLLED_ALTERNATIVE,Electricity,T135,42,123,96,32,3-2-4-1-0,0.40078397796732146,0.188619397883569,0.24075606485107148,3-2-4-1-0,TRUE,0.0,0.0,0.0,STRUCTURALLY UNSTABLE,STRUCTURALLY UNSTABLE,EXECUTABLE
TRANSFORMER_CONTROLLED_ALTERNATIVE,Electricity,T135,42,123,72,24,0-3-4-1-2,0.4438417368244644,0.188619397883569,0.19769830599392857,3-2-4-1-0,FALSE,0.043057758857142914,0.0,-0.043057758857142914,STRUCTURALLY UNSTABLE,STRUCTURALLY UNSTABLE,EXECUTABLE
TRANSFORMER_CONTROLLED_ALTERNATIVE,Electricity,T135,42,123,48,16,2-3-4-1-0,0.4433320391458929,0.188619397883569,0.19820800367250002,3-2-4-1-0,FALSE,0.04254806117857146,0.0,-0.04254806117857146,STRUCTURALLY UNSTABLE,STRUCTURALLY UNSTABLE,EXECUTABLE
TRANSFORMER_CONTROLLED_ALTERNATIVE,Electricity,T135,42,2025,96,32,1-4-0-2-3,0.4188662928905357,0.08223934953840938,0.4572410106367858,1-4-0-2-3,TRUE,0.0,0.0,0.0,STRUCTURALLY UNSTABLE,STRUCTURALLY UNSTABLE,EXECUTABLE
TRANSFORMER_CONTROLLED_ALTERNATIVE,Electricity,T135,42,2025,72,24,1-4-0-2-3,0.4188662928905357,0.08223934953840938,0.4572410106367858,1-4-0-2-3,TRUE,0.0,0.0,0.0,STRUCTURALLY UNSTABLE,STRUCTURALLY UNSTABLE,EXECUTABLE
TRANSFORMER_CONTROLLED_ALTERNATIVE,Electricity,T135,42,2025,48,16,1-4-0-2-3,0.4188662928905357,0.08223934953840938,0.4572410106367858,1-4-0-2-3,TRUE,0.0,0.0,0.0,STRUCTURALLY UNSTABLE,STRUCTURALLY UNSTABLE,EXECUTABLE
TRANSFORMER_CONTROLLED_ALTERNATIVE,Electricity,T135,123,2025,96,32,2-4-3-1-0,0.47113043186250003,0.05560673310443007,0.20644874713214267,2-4-3-1-0,TRUE,0.0,0.0,0.0,STRUCTURALLY UNSTABLE,STRUCTURALLY UNSTABLE,EXECUTABLE
TRANSFORMER_CONTROLLED_ALTERNATIVE,Electricity,T135,123,2025,72,24,2-4-3-1-0,0.47113043186250003,0.05560673310443007,0.20644874713214267,2-4-3-1-0,TRUE,0.0,0.0,0.0,STRUCTURALLY UNSTABLE,STRUCTURALLY UNSTABLE,EXECUTABLE
TRANSFORMER_CONTROLLED_ALTERNATIVE,Electricity,T135,123,2025,48,16,2-4-1-3-0,0.4594099306839286,0.05560673310443007,0.2181692483107141,2-4-3-1-0,FALSE,-0.01172050117857143,0.0,0.01172050117857143,STRUCTURALLY UNSTABLE,STRUCTURALLY UNSTABLE,EXECUTABLE
TRANSFORMER_CONTROLLED_ALTERNATIVE,Electricity,T144,42,123,96,32,0-1-4-3-2,0.3401214702975,0.6829684472337102,0.27079341964285714,0-1-4-3-2,TRUE,0.0,0.0,0.0,STRUCTURALLY UNSTABLE,STRUCTURALLY UNSTABLE,EXECUTABLE
TRANSFORMER_CONTROLLED_ALTERNATIVE,Electricity,T144,42,123,72,24,0-3-1-2-4,0.6296445300117857,0.6829684472337102,-0.01872964007142852,0-1-4-3-2,FALSE,0.28952305971428566,0.0,-0.28952305971428566,STRUCTURALLY UNSTABLE,STRUCTURALLY UNSTABLE,EXECUTABLE
TRANSFORMER_CONTROLLED_ALTERNATIVE,Electricity,T144,42,123,48,16,0-3-4-1-2,0.3931269407617858,0.6829684472337102,0.21778794917857136,0-1-4-3-2,FALSE,0.053005470464285775,0.0,-0.053005470464285775,STRUCTURALLY UNSTABLE,STRUCTURALLY UNSTABLE,EXECUTABLE
TRANSFORMER_CONTROLLED_ALTERNATIVE,Electricity,T144,42,2025,96,32,0-3-4-2-1,0.6293956024225,-0.10974416328813089,0.06631838661928569,0-3-4-2-1,TRUE,0.0,0.0,0.0,STRUCTURALLY UNSTABLE,STRUCTURALLY UNSTABLE,EXECUTABLE
TRANSFORMER_CONTROLLED_ALTERNATIVE,Electricity,T144,42,2025,72,24,0-2-4-3-1,0.6006085413275001,-0.10974416328813089,0.09510544771428564,0-3-4-2-1,FALSE,-0.028787061094999955,0.0,0.028787061094999955,STRUCTURALLY UNSTABLE,STRUCTURALLY UNSTABLE,EXECUTABLE
TRANSFORMER_CONTROLLED_ALTERNATIVE,Electricity,T144,42,2025,48,16,0-4-1-3-2,0.6192502222917857,-0.10974416328813089,0.07646376675,0-3-4-2-1,FALSE,-0.01014538013071431,0.0,0.01014538013071431,STRUCTURALLY UNSTABLE,STRUCTURALLY UNSTABLE,EXECUTABLE
TRANSFORMER_CONTROLLED_ALTERNATIVE,Electricity,T144,123,2025,96,32,0-4-2-3-1,0.5447484866964286,-0.05512909979064894,-0.008010710392857168,0-4-2-3-1,TRUE,0.0,0.0,0.0,STRUCTURALLY UNSTABLE,STRUCTURALLY UNSTABLE,EXECUTABLE
TRANSFORMER_CONTROLLED_ALTERNATIVE,Electricity,T144,123,2025,72,24,0-4-2-3-1,0.5447484866964286,-0.05512909979064894,-0.008010710392857168,0-4-2-3-1,TRUE,0.0,0.0,0.0,STRUCTURALLY UNSTABLE,STRUCTURALLY UNSTABLE,EXECUTABLE
TRANSFORMER_CONTROLLED_ALTERNATIVE,Electricity,T144,123,2025,48,16,0-4-2-3-1,0.5447484866964286,-0.05512909979064894,-0.008010710392857168,0-4-2-3-1,TRUE,0.0,0.0,0.0,STRUCTURALLY UNSTABLE,STRUCTURALLY UNSTABLE,EXECUTABLE
TRANSFORMER_CONTROLLED_ALTERNATIVE,Electricity,T20,42,123,96,32,2-0-4-3-1,0.43389405745196424,0.17138770560616898,0.1508007679460715,2-0-4-3-1,TRUE,0.0,0.0,0.0,STRUCTURALLY UNSTABLE,STRUCTURALLY UNSTABLE,EXECUTABLE
TRANSFORMER_CONTROLLED_ALTERNATIVE,Electricity,T20,42,123,72,24,2-4-0-3-1,0.4964274241305357,0.17138770560616898,0.08826740126750005,2-0-4-3-1,FALSE,0.06253336667857146,0.0,-0.06253336667857146,STRUCTURALLY UNSTABLE,STRUCTURALLY UNSTABLE,EXECUTABLE
TRANSFORMER_CONTROLLED_ALTERNATIVE,Electricity,T20,42,123,48,16,2-0-4-3-1,0.43389405745196424,0.17138770560616898,0.1508007679460715,2-0-4-3-1,TRUE,0.0,0.0,0.0,STRUCTURALLY UNSTABLE,STRUCTURALLY UNSTABLE,EXECUTABLE
TRANSFORMER_CONTROLLED_ALTERNATIVE,Electricity,T20,42,2025,96,32,2-4-0-3-1,0.38923846769660714,0.09431809538297704,0.27503796673178577,2-4-0-3-1,TRUE,0.0,0.0,0.0,STRUCTURALLY UNSTABLE,STRUCTURALLY UNSTABLE,EXECUTABLE
TRANSFORMER_CONTROLLED_ALTERNATIVE,Electricity,T20,42,2025,72,24,2-4-0-3-1,0.38923846769660714,0.09431809538297704,0.27503796673178577,2-4-0-3-1,TRUE,0.0,0.0,0.0,STRUCTURALLY UNSTABLE,STRUCTURALLY UNSTABLE,EXECUTABLE
TRANSFORMER_CONTROLLED_ALTERNATIVE,Electricity,T20,42,2025,48,16,2-4-0-3-1,0.38923846769660714,0.09431809538297704,0.27503796673178577,2-4-0-3-1,TRUE,0.0,0.0,0.0,STRUCTURALLY UNSTABLE,STRUCTURALLY UNSTABLE,EXECUTABLE
TRANSFORMER_CONTROLLED_ALTERNATIVE,Electricity,T20,123,2025,96,32,0-1-2-4-3,0.6176571620410715,-0.022364652938769988,-0.07034404699999997,0-1-2-4-3,TRUE,0.0,0.0,0.0,STRUCTURALLY UNSTABLE,STRUCTURALLY UNSTABLE,EXECUTABLE
TRANSFORMER_CONTROLLED_ALTERNATIVE,Electricity,T20,123,2025,72,24,0-1-3-2-4,0.5094682850410714,-0.022364652938769988,0.03784483000000005,0-1-2-4-3,FALSE,-0.10818887700000002,0.0,0.10818887700000002,STRUCTURALLY UNSTABLE,STRUCTURALLY UNSTABLE,EXECUTABLE
TRANSFORMER_CONTROLLED_ALTERNATIVE,Electricity,T20,123,2025,48,16,0-1-2-4-3,0.6176571620410715,-0.022364652938769988,-0.07034404699999997,0-1-2-4-3,TRUE,0.0,0.0,0.0,STRUCTURALLY UNSTABLE,STRUCTURALLY UNSTABLE,EXECUTABLE
TRANSFORMER_CONTROLLED_ALTERNATIVE,Electricity,T234,42,123,96,32,0-1-2-4-3,0.29429002912499996,1.0,0.1549690103571429,0-1-2-4-3,TRUE,0.0,0.0,0.0,SOFT-REPARAMETERISED,SOFT-REPARAMETERISED,EXECUTABLE
TRANSFORMER_CONTROLLED_ALTERNATIVE,Electricity,T234,42,123,72,24,0-1-2-4-3,0.29429002912499996,1.0,0.1549690103571429,0-1-2-4-3,TRUE,0.0,0.0,0.0,SOFT-REPARAMETERISED,SOFT-REPARAMETERISED,EXECUTABLE
TRANSFORMER_CONTROLLED_ALTERNATIVE,Electricity,T234,42,123,48,16,0-1-2-4-3,0.29429002912499996,1.0,0.1549690103571429,0-1-2-4-3,TRUE,0.0,0.0,0.0,SOFT-REPARAMETERISED,SOFT-REPARAMETERISED,EXECUTABLE
TRANSFORMER_CONTROLLED_ALTERNATIVE,Electricity,T234,42,2025,96,32,4-1-3-0-2,0.2942879725555357,1.0,0.15497106778178577,4-1-3-0-2,TRUE,0.0,0.0,0.0,SOFT-REPARAMETERISED,SOFT-REPARAMETERISED,EXECUTABLE
TRANSFORMER_CONTROLLED_ALTERNATIVE,Electricity,T234,42,2025,72,24,4-1-3-0-2,0.2942879725555357,1.0,0.15497106778178577,4-1-3-0-2,TRUE,0.0,0.0,0.0,SOFT-REPARAMETERISED,SOFT-REPARAMETERISED,EXECUTABLE
TRANSFORMER_CONTROLLED_ALTERNATIVE,Electricity,T234,42,2025,48,16,4-1-3-0-2,0.2942879725555357,1.0,0.15497106778178577,4-1-3-0-2,TRUE,0.0,0.0,0.0,SOFT-REPARAMETERISED,SOFT-REPARAMETERISED,EXECUTABLE
TRANSFORMER_CONTROLLED_ALTERNATIVE,Electricity,T234,123,2025,96,32,0-3-1-2-4,0.17628814049803573,0.0,0.0,0-3-1-2-4,TRUE,0.0,0.0,0.0,STRUCTURALLY UNSTABLE,STRUCTURALLY UNSTABLE,EXECUTABLE
TRANSFORMER_CONTROLLED_ALTERNATIVE,Electricity,T234,123,2025,72,24,0-3-1-2-4,0.17628814049803573,0.0,0.0,0-3-1-2-4,TRUE,0.0,0.0,0.0,STRUCTURALLY UNSTABLE,STRUCTURALLY UNSTABLE,EXECUTABLE
TRANSFORMER_CONTROLLED_ALTERNATIVE,Electricity,T234,123,2025,48,16,4-3-1-2-0,0.03622199478374999,1.0,0.14006614571428574,0-3-1-2-4,FALSE,-0.14006614571428574,1.0,0.14006614571428574,STRUCTURALLY UNSTABLE,STABLE,EXECUTABLE
TRANSFORMER_CONTROLLED_ALTERNATIVE,Electricity,T115,42,123,96,32,4-2-1-0-3,0.4160998819589286,0.01654364978365985,0.4355689792857143,4-2-1-0-3,TRUE,0.0,0.0,0.0,STRUCTURALLY UNSTABLE,STRUCTURALLY UNSTABLE,EXECUTABLE
TRANSFORMER_CONTROLLED_ALTERNATIVE,Electricity,T115,42,123,72,24,4-2-1-0-3,0.4160998819589286,0.01654364978365985,0.4355689792857143,4-2-1-0-3,TRUE,0.0,0.0,0.0,STRUCTURALLY UNSTABLE,STRUCTURALLY UNSTABLE,EXECUTABLE
TRANSFORMER_CONTROLLED_ALTERNATIVE,Electricity,T115,42,123,48,16,4-2-1-0-3,0.4160998819589286,0.01654364978365985,0.4355689792857143,4-2-1-0-3,TRUE,0.0,0.0,0.0,STRUCTURALLY UNSTABLE,STRUCTURALLY UNSTABLE,EXECUTABLE
TRANSFORMER_CONTROLLED_ALTERNATIVE,Electricity,T115,42,2025,96,32,2-1-4-0-3,0.4714084618267858,-0.1596723803090433,0.35035836049999997,2-1-4-0-3,TRUE,0.0,0.0,0.0,STRUCTURALLY UNSTABLE,STRUCTURALLY UNSTABLE,EXECUTABLE
TRANSFORMER_CONTROLLED_ALTERNATIVE,Electricity,T115,42,2025,72,24,2-1-4-0-3,0.4714084618267858,-0.1596723803090433,0.35035836049999997,2-1-4-0-3,TRUE,0.0,0.0,0.0,STRUCTURALLY UNSTABLE,STRUCTURALLY UNSTABLE,EXECUTABLE
TRANSFORMER_CONTROLLED_ALTERNATIVE,Electricity,T115,42,2025,48,16,2-1-4-0-3,0.4714084618267858,-0.1596723803090433,0.35035836049999997,2-1-4-0-3,TRUE,0.0,0.0,0.0,STRUCTURALLY UNSTABLE,STRUCTURALLY UNSTABLE,EXECUTABLE
TRANSFORMER_CONTROLLED_ALTERNATIVE,Electricity,T115,123,2025,96,32,0-4-1-3-2,0.3519095615714286,0.4462596732588135,0.4970812447142857,0-4-1-3-2,TRUE,0.0,0.0,0.0,STRUCTURALLY UNSTABLE,STRUCTURALLY UNSTABLE,EXECUTABLE
TRANSFORMER_CONTROLLED_ALTERNATIVE,Electricity,T115,123,2025,72,24,0-4-1-3-2,0.3519095615714286,0.4462596732588135,0.4970812447142857,0-4-1-3-2,TRUE,0.0,0.0,0.0,STRUCTURALLY UNSTABLE,STRUCTURALLY UNSTABLE,EXECUTABLE
TRANSFORMER_CONTROLLED_ALTERNATIVE,Electricity,T115,123,2025,48,16,0-4-1-3-2,0.3519095615714286,0.4462596732588135,0.4970812447142857,0-4-1-3-2,TRUE,0.0,0.0,0.0,STRUCTURALLY UNSTABLE,STRUCTURALLY UNSTABLE,EXECUTABLE
TRANSFORMER_CONTROLLED_ALTERNATIVE,Electricity,T3,42,123,96,32,2-1-4-3-0,0.520160839,0.0,0.015975733357142863,2-1-4-3-0,TRUE,0.0,0.0,0.0,STRUCTURALLY UNSTABLE,STRUCTURALLY UNSTABLE,EXECUTABLE
TRANSFORMER_CONTROLLED_ALTERNATIVE,Electricity,T3,42,123,72,24,2-1-4-3-0,0.520160839,0.0,0.015975733357142863,2-1-4-3-0,TRUE,0.0,0.0,0.0,STRUCTURALLY UNSTABLE,STRUCTURALLY UNSTABLE,EXECUTABLE
TRANSFORMER_CONTROLLED_ALTERNATIVE,Electricity,T3,42,123,48,16,2-1-4-3-0,0.520160839,0.0,0.015975733357142863,2-1-4-3-0,TRUE,0.0,0.0,0.0,STRUCTURALLY UNSTABLE,STRUCTURALLY UNSTABLE,EXECUTABLE
TRANSFORMER_CONTROLLED_ALTERNATIVE,Electricity,T3,42,2025,96,32,2-4-3-1-0,0.6088790178214285,0.0,0.20742636453571406,2-4-3-1-0,TRUE,0.0,0.0,0.0,STRUCTURALLY UNSTABLE,STRUCTURALLY UNSTABLE,EXECUTABLE
TRANSFORMER_CONTROLLED_ALTERNATIVE,Electricity,T3,42,2025,72,24,2-4-1-3-0,0.6088790178214285,0.0,0.20742636453571406,2-4-3-1-0,FALSE,0.0,0.0,0.0,STRUCTURALLY UNSTABLE,STRUCTURALLY UNSTABLE,EXECUTABLE
TRANSFORMER_CONTROLLED_ALTERNATIVE,Electricity,T3,42,2025,48,16,2-4-3-1-0,0.6088790178214285,0.0,0.20742636453571406,2-4-3-1-0,TRUE,0.0,0.0,0.0,STRUCTURALLY UNSTABLE,STRUCTURALLY UNSTABLE,EXECUTABLE
TRANSFORMER_CONTROLLED_ALTERNATIVE,Electricity,T3,123,2025,96,32,0-4-2-1-3,0.29137558964285715,1.0,-0.010093751250000005,0-4-2-1-3,TRUE,0.0,0.0,0.0,SOFT-REPARAMETERISED,SOFT-REPARAMETERISED,EXECUTABLE
TRANSFORMER_CONTROLLED_ALTERNATIVE,Electricity,T3,123,2025,72,24,0-4-2-3-1,0.29026256125,1.0,-0.008980722857142853,0-4-2-1-3,FALSE,-0.0011130283928571516,0.0,0.0011130283928571516,SOFT-REPARAMETERISED,SOFT-REPARAMETERISED,EXECUTABLE
TRANSFORMER_CONTROLLED_ALTERNATIVE,Electricity,T3,123,2025,48,16,0-4-2-1-3,0.29137558964285715,1.0,-0.010093751250000005,0-4-2-1-3,TRUE,0.0,0.0,0.0,SOFT-REPARAMETERISED,SOFT-REPARAMETERISED,EXECUTABLE
TRANSFORMER_CONTROLLED_ALTERNATIVE,Electricity,T30,42,123,96,32,1-3-4-0-2,0.5979095789642856,0.0006220839813374783,0.1501880834285716,1-3-4-0-2,TRUE,0.0,0.0,0.0,STRUCTURALLY UNSTABLE,STRUCTURALLY UNSTABLE,EXECUTABLE
TRANSFORMER_CONTROLLED_ALTERNATIVE,Electricity,T30,42,123,72,24,3-1-4-0-2,0.5995352382857143,0.0006220839813374783,0.14856242410714293,1-3-4-0-2,FALSE,0.001625659321428663,0.0,-0.001625659321428663,STRUCTURALLY UNSTABLE,STRUCTURALLY UNSTABLE,EXECUTABLE
TRANSFORMER_CONTROLLED_ALTERNATIVE,Electricity,T30,42,123,48,16,3-2-4-1-0,0.5968496127142856,0.0006220839813374783,0.15124804967857164,1-3-4-0-2,FALSE,-0.001059966250000044,0.0,0.001059966250000044,STRUCTURALLY UNSTABLE,STRUCTURALLY UNSTABLE,EXECUTABLE
TRANSFORMER_CONTROLLED_ALTERNATIVE,Electricity,T30,42,2025,96,32,1-0-4-3-2,0.36755930879821425,0.3559911476446412,0.24543598892857127,1-0-4-3-2,TRUE,0.0,0.0,0.0,STRUCTURALLY UNSTABLE,STRUCTURALLY UNSTABLE,EXECUTABLE
TRANSFORMER_CONTROLLED_ALTERNATIVE,Electricity,T30,42,2025,72,24,1-0-4-3-2,0.36755930879821425,0.3559911476446412,0.24543598892857127,1-0-4-3-2,TRUE,0.0,0.0,0.0,STRUCTURALLY UNSTABLE,STRUCTURALLY UNSTABLE,EXECUTABLE
TRANSFORMER_CONTROLLED_ALTERNATIVE,Electricity,T30,42,2025,48,16,1-0-4-3-2,0.36755930879821425,0.3559911476446412,0.24543598892857127,1-0-4-3-2,TRUE,0.0,0.0,0.0,STRUCTURALLY UNSTABLE,STRUCTURALLY UNSTABLE,EXECUTABLE
TRANSFORMER_CONTROLLED_ALTERNATIVE,Electricity,T30,123,2025,96,32,0-1-2-3-4,0.5382575717982143,0.16547231270358304,0.0,0-1-2-3-4,TRUE,0.0,0.0,0.0,STRUCTURALLY UNSTABLE,STRUCTURALLY UNSTABLE,EXECUTABLE
TRANSFORMER_CONTROLLED_ALTERNATIVE,Electricity,T30,123,2025,72,24,0-1-2-3-4,0.5382575717982143,0.16547231270358304,0.0,0-1-2-3-4,TRUE,0.0,0.0,0.0,STRUCTURALLY UNSTABLE,STRUCTURALLY UNSTABLE,EXECUTABLE
TRANSFORMER_CONTROLLED_ALTERNATIVE,Electricity,T30,123,2025,48,16,0-3-1-2-4,0.4964074025125,0.16547231270358304,0.041850169285714334,0-1-2-3-4,FALSE,-0.041850169285714334,0.0,0.041850169285714334,STRUCTURALLY UNSTABLE,STRUCTURALLY UNSTABLE,EXECUTABLE
TRANSFORMER_CONTROLLED_ALTERNATIVE,Electricity,T208,42,123,96,32,4-2-1-0-3,0.31065038502500003,1.0,0.1451504135714285,4-2-1-0-3,TRUE,0.0,0.0,0.0,SOFT-REPARAMETERISED,SOFT-REPARAMETERISED,EXECUTABLE
TRANSFORMER_CONTROLLED_ALTERNATIVE,Electricity,T208,42,123,72,24,4-3-1-0-2,0.31065038502500003,1.0,0.1451504135714285,4-2-1-0-3,FALSE,0.0,0.0,0.0,SOFT-REPARAMETERISED,SOFT-REPARAMETERISED,EXECUTABLE
TRANSFORMER_CONTROLLED_ALTERNATIVE,Electricity,T208,42,123,48,16,2-1-4-0-3,0.5681087435964286,1.0,-0.11230794500000008,4-2-1-0-3,FALSE,0.25745835857142857,0.0,-0.25745835857142857,SOFT-REPARAMETERISED,SOFT-REPARAMETERISED,EXECUTABLE
TRANSFORMER_CONTROLLED_ALTERNATIVE,Electricity,T208,42,2025,96,32,2-3-4-0-1,0.29038589476607146,1.0,0.26295648128571414,2-3-4-0-1,TRUE,0.0,0.0,0.0,SOFT-REPARAMETERISED,SOFT-REPARAMETERISED,EXECUTABLE
TRANSFORMER_CONTROLLED_ALTERNATIVE,Electricity,T208,42,2025,72,24,2-3-4-0-1,0.29038589476607146,1.0,0.26295648128571414,2-3-4-0-1,TRUE,0.0,0.0,0.0,SOFT-REPARAMETERISED,SOFT-REPARAMETERISED,EXECUTABLE
TRANSFORMER_CONTROLLED_ALTERNATIVE,Electricity,T208,42,2025,48,16,2-3-4-0-1,0.29038589476607146,1.0,0.26295648128571414,2-3-4-0-1,TRUE,0.0,0.0,0.0,SOFT-REPARAMETERISED,SOFT-REPARAMETERISED,EXECUTABLE
TRANSFORMER_CONTROLLED_ALTERNATIVE,Electricity,T208,123,2025,96,32,0-4-3-1-2,0.09416247861607144,1.0,0.18367120235714288,0-4-3-1-2,TRUE,0.0,0.0,0.0,STABLE,STABLE,EXECUTABLE
TRANSFORMER_CONTROLLED_ALTERNATIVE,Electricity,T208,123,2025,72,24,0-3-1-4-2,0.09440076468750003,1.0,0.1834329162857143,0-4-3-1-2,FALSE,0.00023828607142858949,0.0,-0.00023828607142858949,STABLE,STABLE,EXECUTABLE
TRANSFORMER_CONTROLLED_ALTERNATIVE,Electricity,T208,123,2025,48,16,0-4-1-3-2,0.09440076468750001,1.0,0.1834329162857143,0-4-3-1-2,FALSE,0.0002382860714285756,0.0,-0.00023828607142858949,STABLE,STABLE,EXECUTABLE
TRANSFORMER_CONTROLLED_ALTERNATIVE,Electricity,T316,42,123,96,32,3-1-4-0-2,0.574140425125,0.4143150966680378,0.08625473085714297,3-1-4-0-2,TRUE,0.0,0.0,0.0,STRUCTURALLY UNSTABLE,STRUCTURALLY UNSTABLE,EXECUTABLE
TRANSFORMER_CONTROLLED_ALTERNATIVE,Electricity,T316,42,123,72,24,3-1-4-0-2,0.574140425125,0.4143150966680378,0.08625473085714297,3-1-4-0-2,TRUE,0.0,0.0,0.0,STRUCTURALLY UNSTABLE,STRUCTURALLY UNSTABLE,EXECUTABLE
TRANSFORMER_CONTROLLED_ALTERNATIVE,Electricity,T316,42,123,48,16,3-1-4-0-2,0.574140425125,0.4143150966680378,0.08625473085714297,3-1-4-0-2,TRUE,0.0,0.0,0.0,STRUCTURALLY UNSTABLE,STRUCTURALLY UNSTABLE,EXECUTABLE
TRANSFORMER_CONTROLLED_ALTERNATIVE,Electricity,T316,42,2025,96,32,3-1-4-0-2,0.46273576403571426,0.32905516111414523,0.19014394889285724,3-1-4-0-2,TRUE,0.0,0.0,0.0,STRUCTURALLY UNSTABLE,STRUCTURALLY UNSTABLE,EXECUTABLE
TRANSFORMER_CONTROLLED_ALTERNATIVE,Electricity,T316,42,2025,72,24,2-3-4-0-1,0.3971965792142857,0.32905516111414523,0.2556831337142858,3-1-4-0-2,FALSE,-0.06553918482142856,0.0,0.06553918482142856,STRUCTURALLY UNSTABLE,STRUCTURALLY UNSTABLE,EXECUTABLE
TRANSFORMER_CONTROLLED_ALTERNATIVE,Electricity,T316,42,2025,48,16,3-1-4-0-2,0.46273576403571426,0.32905516111414523,0.19014394889285724,3-1-4-0-2,TRUE,0.0,0.0,0.0,STRUCTURALLY UNSTABLE,STRUCTURALLY UNSTABLE,EXECUTABLE
TRANSFORMER_CONTROLLED_ALTERNATIVE,Electricity,T316,123,2025,96,32,0-4-2-3-1,0.3331545189821429,0.681627408993576,0.09849619653571434,0-4-2-3-1,TRUE,0.0,0.0,0.0,STRUCTURALLY UNSTABLE,STRUCTURALLY UNSTABLE,EXECUTABLE
TRANSFORMER_CONTROLLED_ALTERNATIVE,Electricity,T316,123,2025,72,24,0-4-2-3-1,0.3331545189821429,0.681627408993576,0.09849619653571434,0-4-2-3-1,TRUE,0.0,0.0,0.0,STRUCTURALLY UNSTABLE,STRUCTURALLY UNSTABLE,EXECUTABLE
TRANSFORMER_CONTROLLED_ALTERNATIVE,Electricity,T316,123,2025,48,16,0-1-3-2-4,0.4539703930535714,0.681627408993576,-0.022319677535714177,0-4-2-3-1,FALSE,0.12081587407142852,0.0,-0.12081587407142852,STRUCTURALLY UNSTABLE,STRUCTURALLY UNSTABLE,EXECUTABLE
TRANSFORMER_CONTROLLED_ALTERNATIVE,Electricity,T249,42,123,96,32,0-2-4-1-3,0.4468948698214286,1.0,0.0,0-2-4-1-3,TRUE,0.0,0.0,0.0,SOFT-REPARAMETERISED,SOFT-REPARAMETERISED,EXECUTABLE
TRANSFORMER_CONTROLLED_ALTERNATIVE,Electricity,T249,42,123,72,24,0-3-4-1-2,0.4468948698214286,1.0,0.0,0-2-4-1-3,FALSE,0.0,0.0,0.0,SOFT-REPARAMETERISED,SOFT-REPARAMETERISED,EXECUTABLE
TRANSFORMER_CONTROLLED_ALTERNATIVE,Electricity,T249,42,123,48,16,0-2-1-4-3,0.15415844517857144,1.0,0.2927364246428572,0-2-4-1-3,FALSE,-0.2927364246428572,0.0,0.2927364246428572,SOFT-REPARAMETERISED,SOFT-REPARAMETERISED,EXECUTABLE
TRANSFORMER_CONTROLLED_ALTERNATIVE,Electricity,T249,42,2025,96,32,0-3-4-2-1,0.39327918175,1.0,0.05361568792857141,0-3-4-2-1,TRUE,0.0,0.0,0.0,SOFT-REPARAMETERISED,SOFT-REPARAMETERISED,EXECUTABLE
TRANSFORMER_CONTROLLED_ALTERNATIVE,Electricity,T249,42,2025,72,24,0-3-4-2-1,0.39327918175,1.0,0.05361568792857141,0-3-4-2-1,TRUE,0.0,0.0,0.0,SOFT-REPARAMETERISED,SOFT-REPARAMETERISED,EXECUTABLE
TRANSFORMER_CONTROLLED_ALTERNATIVE,Electricity,T249,42,2025,48,16,0-3-4-2-1,0.39327918175,1.0,0.05361568792857141,0-3-4-2-1,TRUE,0.0,0.0,0.0,SOFT-REPARAMETERISED,SOFT-REPARAMETERISED,EXECUTABLE
TRANSFORMER_CONTROLLED_ALTERNATIVE,Electricity,T249,123,2025,96,32,0-3-1-2-4,0.29273642450000004,1.0,0.0,0-3-1-2-4,TRUE,0.0,0.0,0.0,SOFT-REPARAMETERISED,SOFT-REPARAMETERISED,EXECUTABLE
TRANSFORMER_CONTROLLED_ALTERNATIVE,Electricity,T249,123,2025,72,24,0-4-1-3-2,0.23912073657142854,1.0,0.05361568792857149,0-3-1-2-4,FALSE,-0.05361568792857149,0.0,0.05361568792857149,SOFT-REPARAMETERISED,SOFT-REPARAMETERISED,EXECUTABLE
TRANSFORMER_CONTROLLED_ALTERNATIVE,Electricity,T249,123,2025,48,16,0-4-1-3-2,0.23912073657142854,1.0,0.05361568792857149,0-3-1-2-4,FALSE,-0.05361568792857149,0.0,0.05361568792857149,SOFT-REPARAMETERISED,SOFT-REPARAMETERISED,EXECUTABLE
TRANSFORMER_CONTROLLED_ALTERNATIVE,Electricity,T133,42,123,96,32,3-4-2-1-0,0.45248991424999996,0.41481903270579024,0.3166084553571429,3-4-2-1-0,TRUE,0.0,0.0,0.0,STRUCTURALLY UNSTABLE,STRUCTURALLY UNSTABLE,EXECUTABLE
TRANSFORMER_CONTROLLED_ALTERNATIVE,Electricity,T133,42,123,72,24,3-4-2-1-0,0.45248991424999996,0.41481903270579024,0.3166084553571429,3-4-2-1-0,TRUE,0.0,0.0,0.0,STRUCTURALLY UNSTABLE,STRUCTURALLY UNSTABLE,EXECUTABLE
TRANSFORMER_CONTROLLED_ALTERNATIVE,Electricity,T133,42,123,48,16,3-4-2-1-0,0.45248991424999996,0.41481903270579024,0.3166084553571429,3-4-2-1-0,TRUE,0.0,0.0,0.0,STRUCTURALLY UNSTABLE,STRUCTURALLY UNSTABLE,EXECUTABLE
TRANSFORMER_CONTROLLED_ALTERNATIVE,Electricity,T133,42,2025,96,32,2-0-1-4-3,0.4537637627678572,0.5344827586206896,0.3335471543571428,2-0-1-4-3,TRUE,0.0,0.0,0.0,STRUCTURALLY UNSTABLE,STRUCTURALLY UNSTABLE,EXECUTABLE
TRANSFORMER_CONTROLLED_ALTERNATIVE,Electricity,T133,42,2025,72,24,2-0-1-4-3,0.4537637627678572,0.5344827586206896,0.3335471543571428,2-0-1-4-3,TRUE,0.0,0.0,0.0,STRUCTURALLY UNSTABLE,STRUCTURALLY UNSTABLE,EXECUTABLE
TRANSFORMER_CONTROLLED_ALTERNATIVE,Electricity,T133,42,2025,48,16,2-0-1-4-3,0.4537637627678572,0.5344827586206896,0.3335471543571428,2-0-1-4-3,TRUE,0.0,0.0,0.0,STRUCTURALLY UNSTABLE,STRUCTURALLY UNSTABLE,EXECUTABLE
TRANSFORMER_CONTROLLED_ALTERNATIVE,Electricity,T133,123,2025,96,32,0-3-2-1-4,0.4987105782321429,0.05679513184584176,-0.022644637785714294,0-3-2-1-4,TRUE,0.0,0.0,0.0,STRUCTURALLY UNSTABLE,STRUCTURALLY UNSTABLE,EXECUTABLE
TRANSFORMER_CONTROLLED_ALTERNATIVE,Electricity,T133,123,2025,72,24,0-3-1-2-4,0.5031919643392858,0.05679513184584176,-0.02712602389285723,0-3-2-1-4,FALSE,0.004481386107142937,0.0,-0.004481386107142937,STRUCTURALLY UNSTABLE,STRUCTURALLY UNSTABLE,EXECUTABLE
TRANSFORMER_CONTROLLED_ALTERNATIVE,Electricity,T133,123,2025,48,16,0-3-1-2-4,0.5031919643392858,0.05679513184584176,-0.02712602389285723,0-3-2-1-4,FALSE,0.004481386107142937,0.0,-0.004481386107142937,STRUCTURALLY UNSTABLE,STRUCTURALLY UNSTABLE,EXECUTABLE
TRANSFORMER_CONTROLLED_ALTERNATIVE,Electricity,T224,42,123,96,32,0-2-1-4-3,0.24239270150000003,1.0,0.05536538199999991,0-2-1-4-3,TRUE,0.0,0.0,0.0,SOFT-REPARAMETERISED,SOFT-REPARAMETERISED,EXECUTABLE
TRANSFORMER_CONTROLLED_ALTERNATIVE,Electricity,T224,42,123,72,24,0-2-1-4-3,0.24239270150000003,1.0,0.05536538199999991,0-2-1-4-3,TRUE,0.0,0.0,0.0,SOFT-REPARAMETERISED,SOFT-REPARAMETERISED,EXECUTABLE
TRANSFORMER_CONTROLLED_ALTERNATIVE,Electricity,T224,42,123,48,16,0-2-1-4-3,0.24239270150000003,1.0,0.05536538199999991,0-2-1-4-3,TRUE,0.0,0.0,0.0,SOFT-REPARAMETERISED,SOFT-REPARAMETERISED,EXECUTABLE
TRANSFORMER_CONTROLLED_ALTERNATIVE,Electricity,T224,42,2025,96,32,0-3-4-2-1,0.252565891,1.0,0.10769927799999995,0-3-4-2-1,TRUE,0.0,0.0,0.0,SOFT-REPARAMETERISED,SOFT-REPARAMETERISED,EXECUTABLE
TRANSFORMER_CONTROLLED_ALTERNATIVE,Electricity,T224,42,2025,72,24,0-1-3-4-2,0.224434439,1.0,0.13583072999999993,0-3-4-2-1,FALSE,-0.028131451999999973,0.0,0.028131451999999973,SOFT-REPARAMETERISED,SOFT-REPARAMETERISED,EXECUTABLE
TRANSFORMER_CONTROLLED_ALTERNATIVE,Electricity,T224,42,2025,48,16,0-1-3-4-2,0.224434439,1.0,0.13583072999999993,0-3-4-2-1,FALSE,-0.028131451999999973,0.0,0.028131451999999973,SOFT-REPARAMETERISED,SOFT-REPARAMETERISED,EXECUTABLE
TRANSFORMER_CONTROLLED_ALTERNATIVE,Electricity,T224,123,2025,96,32,0-4-3-1-2,0.1757025775,1.0,0.08546764999999995,0-4-3-1-2,TRUE,0.0,0.0,0.0,SOFT-REPARAMETERISED,SOFT-REPARAMETERISED,EXECUTABLE
TRANSFORMER_CONTROLLED_ALTERNATIVE,Electricity,T224,123,2025,72,24,0-4-3-1-2,0.1757025775,1.0,0.08546764999999995,0-4-3-1-2,TRUE,0.0,0.0,0.0,SOFT-REPARAMETERISED,SOFT-REPARAMETERISED,EXECUTABLE
TRANSFORMER_CONTROLLED_ALTERNATIVE,Electricity,T224,123,2025,48,16,0-4-3-1-2,0.1757025775,1.0,0.08546764999999995,0-4-3-1-2,TRUE,0.0,0.0,0.0,SOFT-REPARAMETERISED,SOFT-REPARAMETERISED,EXECUTABLE
TRANSFORMER_CONTROLLED_ALTERNATIVE,Electricity,T11,42,123,96,32,1-3-4-0-2,0.4703249043982143,0.2946181981040531,0.13307819895357142,1-3-4-0-2,TRUE,0.0,0.0,0.0,STRUCTURALLY UNSTABLE,STRUCTURALLY UNSTABLE,EXECUTABLE
TRANSFORMER_CONTROLLED_ALTERNATIVE,Electricity,T11,42,123,72,24,3-4-2-0-1,0.5723602311839285,0.2946181981040531,0.031042872167857172,1-3-4-0-2,FALSE,0.10203532678571425,0.0,-0.10203532678571425,STRUCTURALLY UNSTABLE,STRUCTURALLY UNSTABLE,EXECUTABLE
TRANSFORMER_CONTROLLED_ALTERNATIVE,Electricity,T11,42,123,48,16,1-3-2-0-4,0.47447574971964285,0.2946181981040531,0.12892735363214286,1-3-4-0-2,FALSE,0.0041508453214285645,0.0,-0.0041508453214285645,STRUCTURALLY UNSTABLE,STRUCTURALLY UNSTABLE,EXECUTABLE
TRANSFORMER_CONTROLLED_ALTERNATIVE,Electricity,T11,42,2025,96,32,2-4-3-0-1,0.4366373123678572,0.20953853723684673,0.22379462319285703,2-4-3-0-1,TRUE,0.0,0.0,0.0,STRUCTURALLY UNSTABLE,STRUCTURALLY UNSTABLE,EXECUTABLE
TRANSFORMER_CONTROLLED_ALTERNATIVE,Electricity,T11,42,2025,72,24,2-4-3-0-1,0.4366373123678572,0.20953853723684673,0.22379462319285703,2-4-3-0-1,TRUE,0.0,0.0,0.0,STRUCTURALLY UNSTABLE,STRUCTURALLY UNSTABLE,EXECUTABLE
TRANSFORMER_CONTROLLED_ALTERNATIVE,Electricity,T11,42,2025,48,16,2-4-3-0-1,0.4366373123678572,0.20953853723684673,0.22379462319285703,2-4-3-0-1,TRUE,0.0,0.0,0.0,STRUCTURALLY UNSTABLE,STRUCTURALLY UNSTABLE,EXECUTABLE
TRANSFORMER_CONTROLLED_ALTERNATIVE,Electricity,T11,123,2025,96,32,0-3-1-4-2,0.42338582262678565,0.20146100691016783,0.2291884684642858,0-3-1-4-2,TRUE,0.0,0.0,0.0,STRUCTURALLY UNSTABLE,STRUCTURALLY UNSTABLE,EXECUTABLE
TRANSFORMER_CONTROLLED_ALTERNATIVE,Electricity,T11,123,2025,72,24,0-1-3-4-2,0.5353450772339285,0.20146100691016783,0.11722921385714291,0-3-1-4-2,FALSE,0.1119592546071429,0.0,-0.1119592546071429,STRUCTURALLY UNSTABLE,STRUCTURALLY UNSTABLE,EXECUTABLE
TRANSFORMER_CONTROLLED_ALTERNATIVE,Electricity,T11,123,2025,48,16,0-3-1-4-2,0.42338582262678565,0.20146100691016783,0.2291884684642858,0-3-1-4-2,TRUE,0.0,0.0,0.0,STRUCTURALLY UNSTABLE,STRUCTURALLY UNSTABLE,EXECUTABLE
TRANSFORMER_CONTROLLED_ALTERNATIVE,Electricity,T125,42,123,96,32,0-4-2-3-1,0.4662860420178571,0.0383636918693396,0.1081906390357143,0-4-2-3-1,TRUE,0.0,0.0,0.0,STRUCTURALLY UNSTABLE,STRUCTURALLY UNSTABLE,EXECUTABLE
TRANSFORMER_CONTROLLED_ALTERNATIVE,Electricity,T125,42,123,72,24,0-1-4-3-2,0.5249376673392857,0.0383636918693396,0.04953901371428571,0-4-2-3-1,FALSE,0.05865162532142859,0.0,-0.05865162532142859,STRUCTURALLY UNSTABLE,STRUCTURALLY UNSTABLE,EXECUTABLE
TRANSFORMER_CONTROLLED_ALTERNATIVE,Electricity,T125,42,123,48,16,0-4-2-3-1,0.4662860420178571,0.0383636918693396,0.1081906390357143,0-4-2-3-1,TRUE,0.0,0.0,0.0,STRUCTURALLY UNSTABLE,STRUCTURALLY UNSTABLE,EXECUTABLE
TRANSFORMER_CONTROLLED_ALTERNATIVE,Electricity,T125,42,2025,96,32,2-0-4-3-1,0.48752650285714283,0.14327343370568238,0.2735613208571428,2-0-4-3-1,TRUE,0.0,0.0,0.0,STRUCTURALLY UNSTABLE,STRUCTURALLY UNSTABLE,EXECUTABLE
TRANSFORMER_CONTROLLED_ALTERNATIVE,Electricity,T125,42,2025,72,24,2-0-4-3-1,0.48752650285714283,0.14327343370568238,0.2735613208571428,2-0-4-3-1,TRUE,0.0,0.0,0.0,STRUCTURALLY UNSTABLE,STRUCTURALLY UNSTABLE,EXECUTABLE
TRANSFORMER_CONTROLLED_ALTERNATIVE,Electricity,T125,42,2025,48,16,2-0-4-3-1,0.48752650285714283,0.14327343370568238,0.2735613208571428,2-0-4-3-1,TRUE,0.0,0.0,0.0,STRUCTURALLY UNSTABLE,STRUCTURALLY UNSTABLE,EXECUTABLE
TRANSFORMER_CONTROLLED_ALTERNATIVE,Electricity,T125,123,2025,96,32,0-3-2-1-4,0.6073248126964286,0.1521081889405416,-0.011524914214285586,0-3-2-1-4,TRUE,0.0,0.0,0.0,STRUCTURALLY UNSTABLE,STRUCTURALLY UNSTABLE,EXECUTABLE
TRANSFORMER_CONTROLLED_ALTERNATIVE,Electricity,T125,123,2025,72,24,0-3-2-1-4,0.6073248126964286,0.1521081889405416,-0.011524914214285586,0-3-2-1-4,TRUE,0.0,0.0,0.0,STRUCTURALLY UNSTABLE,STRUCTURALLY UNSTABLE,EXECUTABLE
TRANSFORMER_CONTROLLED_ALTERNATIVE,Electricity,T125,123,2025,48,16,3-4-2-1-0,0.5303928750535715,0.1521081889405416,0.06540702342857152,0-3-2-1-4,FALSE,-0.0769319376428571,0.0,0.0769319376428571,STRUCTURALLY UNSTABLE,STRUCTURALLY UNSTABLE,EXECUTABLE
TRANSFORMER_CONTROLLED_ALTERNATIVE,Electricity,T26,42,123,96,32,3-4-2-1-0,0.4619801112142858,0.3731343283582089,0.3306503838571427,3-4-2-1-0,TRUE,0.0,0.0,0.0,STRUCTURALLY UNSTABLE,STRUCTURALLY UNSTABLE,EXECUTABLE
TRANSFORMER_CONTROLLED_ALTERNATIVE,Electricity,T26,42,123,72,24,1-4-2-3-0,0.40506176585714293,0.3731343283582089,0.38756872921428553,3-4-2-1-0,FALSE,-0.05691834535714285,0.0,0.05691834535714285,STRUCTURALLY UNSTABLE,STRUCTURALLY UNSTABLE,EXECUTABLE
TRANSFORMER_CONTROLLED_ALTERNATIVE,Electricity,T26,42,123,48,16,3-4-2-1-0,0.4619801112142858,0.3731343283582089,0.3306503838571427,3-4-2-1-0,TRUE,0.0,0.0,0.0,STRUCTURALLY UNSTABLE,STRUCTURALLY UNSTABLE,EXECUTABLE
TRANSFORMER_CONTROLLED_ALTERNATIVE,Electricity,T26,42,2025,96,32,2-0-1-4-3,0.4859958643035714,0.26459143968871596,0.37784827253571446,2-0-1-4-3,TRUE,0.0,0.0,0.0,STRUCTURALLY UNSTABLE,STRUCTURALLY UNSTABLE,EXECUTABLE
TRANSFORMER_CONTROLLED_ALTERNATIVE,Electricity,T26,42,2025,72,24,2-0-4-1-3,0.49860947666071426,0.26459143968871596,0.3652346601785716,2-0-1-4-3,FALSE,0.012613612357142867,0.0,-0.012613612357142867,STRUCTURALLY UNSTABLE,STRUCTURALLY UNSTABLE,EXECUTABLE
TRANSFORMER_CONTROLLED_ALTERNATIVE,Electricity,T26,42,2025,48,16,2-0-1-4-3,0.4859958643035714,0.26459143968871596,0.37784827253571446,2-0-1-4-3,TRUE,0.0,0.0,0.0,STRUCTURALLY UNSTABLE,STRUCTURALLY UNSTABLE,EXECUTABLE
TRANSFORMER_CONTROLLED_ALTERNATIVE,Electricity,T26,123,2025,96,32,3-1-0-2-4,0.37295007133928565,0.22996831145314625,0.03744748282142868,3-1-0-2-4,TRUE,0.0,0.0,0.0,STRUCTURALLY UNSTABLE,STRUCTURALLY UNSTABLE,EXECUTABLE
TRANSFORMER_CONTROLLED_ALTERNATIVE,Electricity,T26,123,2025,72,24,3-1-0-2-4,0.37295007133928565,0.22996831145314625,0.03744748282142868,3-1-0-2-4,TRUE,0.0,0.0,0.0,STRUCTURALLY UNSTABLE,STRUCTURALLY UNSTABLE,EXECUTABLE
TRANSFORMER_CONTROLLED_ALTERNATIVE,Electricity,T26,123,2025,48,16,0-3-1-2-4,0.43144895176785714,0.22996831145314625,-0.021051397607142808,3-1-0-2-4,FALSE,0.05849888042857149,0.0,-0.05849888042857149,STRUCTURALLY UNSTABLE,STRUCTURALLY UNSTABLE,EXECUTABLE
TRANSFORMER_CONTROLLED_ALTERNATIVE,Electricity,T2,42,123,96,32,3-2-4-1-0,0.754793257375,0.0,-0.1292318773214286,3-2-4-1-0,TRUE,0.0,0.0,0.0,STRUCTURALLY UNSTABLE,STRUCTURALLY UNSTABLE,EXECUTABLE
TRANSFORMER_CONTROLLED_ALTERNATIVE,Electricity,T2,42,123,72,24,3-2-4-1-0,0.754793257375,0.0,-0.1292318773214286,3-2-4-1-0,TRUE,0.0,0.0,0.0,STRUCTURALLY UNSTABLE,STRUCTURALLY UNSTABLE,EXECUTABLE
TRANSFORMER_CONTROLLED_ALTERNATIVE,Electricity,T2,42,123,48,16,3-2-4-1-0,0.754793257375,0.0,-0.1292318773214286,3-2-4-1-0,TRUE,0.0,0.0,0.0,STRUCTURALLY UNSTABLE,STRUCTURALLY UNSTABLE,EXECUTABLE
TRANSFORMER_CONTROLLED_ALTERNATIVE,Electricity,T2,42,2025,96,32,2-3-4-0-1,0.56042655295,1.0,0.11471941834999999,2-3-4-0-1,TRUE,0.0,0.0,0.0,SOFT-REPARAMETERISED,SOFT-REPARAMETERISED,EXECUTABLE
TRANSFORMER_CONTROLLED_ALTERNATIVE,Electricity,T2,42,2025,72,24,2-3-4-0-1,0.56042655295,1.0,0.11471941834999999,2-3-4-0-1,TRUE,0.0,0.0,0.0,SOFT-REPARAMETERISED,SOFT-REPARAMETERISED,EXECUTABLE
TRANSFORMER_CONTROLLED_ALTERNATIVE,Electricity,T2,42,2025,48,16,2-4-3-0-1,0.5570557336571429,1.0,0.11809023764285709,2-3-4-0-1,FALSE,-0.003370819292857097,0.0,0.003370819292857097,SOFT-REPARAMETERISED,SOFT-REPARAMETERISED,EXECUTABLE
TRANSFORMER_CONTROLLED_ALTERNATIVE,Electricity,T2,123,2025,96,32,0-4-3-2-1,0.05931745746785714,1.0,-0.007089172328571439,0-4-3-2-1,TRUE,0.0,0.0,0.0,STABLE,STABLE,EXECUTABLE
TRANSFORMER_CONTROLLED_ALTERNATIVE,Electricity,T2,123,2025,72,24,0-4-3-2-1,0.05931745746785714,1.0,-0.007089172328571439,0-4-3-2-1,TRUE,0.0,0.0,0.0,STABLE,STABLE,EXECUTABLE
TRANSFORMER_CONTROLLED_ALTERNATIVE,Electricity,T2,123,2025,48,16,0-4-2-1-3,0.05931745746785714,1.0,-0.007089172328571439,0-4-3-2-1,FALSE,0.0,0.0,0.0,STABLE,STABLE,EXECUTABLE
TRANSFORMER_CONTROLLED_ALTERNATIVE,Electricity,T95,42,123,96,32,4-2-1-0-3,0.5477358557357143,0.3570152808096844,0.039144322464285786,4-2-1-0-3,TRUE,0.0,0.0,0.0,STRUCTURALLY UNSTABLE,STRUCTURALLY UNSTABLE,EXECUTABLE
TRANSFORMER_CONTROLLED_ALTERNATIVE,Electricity,T95,42,123,72,24,3-1-4-0-2,0.41242716612857144,0.3570152808096844,0.1744530120714286,4-2-1-0-3,FALSE,-0.13530868960714282,0.0,0.13530868960714282,STRUCTURALLY UNSTABLE,STRUCTURALLY UNSTABLE,EXECUTABLE
TRANSFORMER_CONTROLLED_ALTERNATIVE,Electricity,T95,42,123,48,16,3-1-4-0-2,0.41242716612857144,0.3570152808096844,0.1744530120714286,4-2-1-0-3,FALSE,-0.13530868960714282,0.0,0.13530868960714282,STRUCTURALLY UNSTABLE,STRUCTURALLY UNSTABLE,EXECUTABLE
TRANSFORMER_CONTROLLED_ALTERNATIVE,Electricity,T95,42,2025,96,32,2-3-4-0-1,0.5787699917678573,-0.12092934679108733,0.06241304035714268,2-3-4-0-1,TRUE,0.0,0.0,0.0,STRUCTURALLY UNSTABLE,STRUCTURALLY UNSTABLE,EXECUTABLE
TRANSFORMER_CONTROLLED_ALTERNATIVE,Electricity,T95,42,2025,72,24,2-1-4-0-3,0.5676283924821429,-0.12092934679108733,0.07355463964285702,2-3-4-0-1,FALSE,-0.011141599285714343,0.0,0.011141599285714343,STRUCTURALLY UNSTABLE,STRUCTURALLY UNSTABLE,EXECUTABLE
TRANSFORMER_CONTROLLED_ALTERNATIVE,Electricity,T95,42,2025,48,16,2-4-1-0-3,0.6004921984464284,-0.12092934679108733,0.040690833678571514,2-3-4-0-1,FALSE,0.021722206678571165,0.0,-0.021722206678571165,STRUCTURALLY UNSTABLE,STRUCTURALLY UNSTABLE,EXECUTABLE
TRANSFORMER_CONTROLLED_ALTERNATIVE,Electricity,T95,123,2025,96,32,0-3-1-2-4,0.35841446153214285,0.07705636798025678,0.020068123435714402,0-3-1-2-4,TRUE,0.0,0.0,0.0,STRUCTURALLY UNSTABLE,STRUCTURALLY UNSTABLE,EXECUTABLE
TRANSFORMER_CONTROLLED_ALTERNATIVE,Electricity,T95,123,2025,72,24,0-3-1-2-4,0.35841446153214285,0.07705636798025678,0.020068123435714402,0-3-1-2-4,TRUE,0.0,0.0,0.0,STRUCTURALLY UNSTABLE,STRUCTURALLY UNSTABLE,EXECUTABLE
TRANSFORMER_CONTROLLED_ALTERNATIVE,Electricity,T95,123,2025,48,16,0-3-1-2-4,0.35841446153214285,0.07705636798025678,0.020068123435714402,0-3-1-2-4,TRUE,0.0,0.0,0.0,STRUCTURALLY UNSTABLE,STRUCTURALLY UNSTABLE,EXECUTABLE
TRANSFORMER_CONTROLLED_ALTERNATIVE,Electricity,T100,42,123,96,32,1-0-4-3-2,0.6196511523785714,0.04602334466683026,0.024639324035714227,1-0-4-3-2,TRUE,0.0,0.0,0.0,STRUCTURALLY UNSTABLE,STRUCTURALLY UNSTABLE,EXECUTABLE
TRANSFORMER_CONTROLLED_ALTERNATIVE,Electricity,T100,42,123,72,24,1-0-4-3-2,0.6196511523785714,0.04602334466683026,0.024639324035714227,1-0-4-3-2,TRUE,0.0,0.0,0.0,STRUCTURALLY UNSTABLE,STRUCTURALLY UNSTABLE,EXECUTABLE
TRANSFORMER_CONTROLLED_ALTERNATIVE,Electricity,T100,42,123,48,16,2-0-4-3-1,0.5179048761999999,0.04602334466683026,0.1263856002142857,1-0-4-3-2,FALSE,-0.10174627617857146,0.0,0.10174627617857146,STRUCTURALLY UNSTABLE,STRUCTURALLY UNSTABLE,EXECUTABLE
TRANSFORMER_CONTROLLED_ALTERNATIVE,Electricity,T100,42,2025,96,32,2-4-0-1-3,0.5493057415089285,0.06307019370964384,0.060504142400000016,2-4-0-1-3,TRUE,0.0,0.0,0.0,STRUCTURALLY UNSTABLE,STRUCTURALLY UNSTABLE,EXECUTABLE
TRANSFORMER_CONTROLLED_ALTERNATIVE,Electricity,T100,42,2025,72,24,3-4-0-1-2,0.5343047224732143,0.06307019370964384,0.07550516143571429,2-4-0-1-3,FALSE,-0.01500101903571427,0.0,0.01500101903571427,STRUCTURALLY UNSTABLE,STRUCTURALLY UNSTABLE,EXECUTABLE
TRANSFORMER_CONTROLLED_ALTERNATIVE,Electricity,T100,42,2025,48,16,3-4-0-1-2,0.5343047224732143,0.06307019370964384,0.07550516143571429,2-4-0-1-3,FALSE,-0.01500101903571427,0.0,0.01500101903571427,STRUCTURALLY UNSTABLE,STRUCTURALLY UNSTABLE,EXECUTABLE
TRANSFORMER_CONTROLLED_ALTERNATIVE,Electricity,T100,123,2025,96,32,4-1-3-2-0,0.5179676014589285,0.2878577005329441,-0.11062601110714271,4-1-3-2-0,TRUE,0.0,0.0,0.0,STRUCTURALLY UNSTABLE,STRUCTURALLY UNSTABLE,EXECUTABLE
TRANSFORMER_CONTROLLED_ALTERNATIVE,Electricity,T100,123,2025,72,24,4-1-3-2-0,0.5179676014589285,0.2878577005329441,-0.11062601110714271,4-1-3-2-0,TRUE,0.0,0.0,0.0,STRUCTURALLY UNSTABLE,STRUCTURALLY UNSTABLE,EXECUTABLE
TRANSFORMER_CONTROLLED_ALTERNATIVE,Electricity,T100,123,2025,48,16,4-1-3-2-0,0.5179676014589285,0.2878577005329441,-0.11062601110714271,4-1-3-2-0,TRUE,0.0,0.0,0.0,STRUCTURALLY UNSTABLE,STRUCTURALLY UNSTABLE,EXECUTABLE
TRANSFORMER_CONTROLLED_ALTERNATIVE,Electricity,T107,42,123,96,32,2-0-4-3-1,0.40012810944285715,0.6677379480840544,0.25357761447142857,2-0-4-3-1,TRUE,0.0,0.0,0.0,STRUCTURALLY UNSTABLE,STRUCTURALLY UNSTABLE,EXECUTABLE
TRANSFORMER_CONTROLLED_ALTERNATIVE,Electricity,T107,42,123,72,24,3-2-4-1-0,0.3959449140142858,0.6677379480840544,0.25776080989999994,2-0-4-3-1,FALSE,-0.0041831954285713735,0.0,0.0041831954285713735,STRUCTURALLY UNSTABLE,STRUCTURALLY UNSTABLE,EXECUTABLE
TRANSFORMER_CONTROLLED_ALTERNATIVE,Electricity,T107,42,123,48,16,2-1-4-3-0,0.40033617605,0.6677379480840544,0.2533695478642857,2-0-4-3-1,FALSE,0.00020806660714284275,0.0,-0.00020806660714284275,STRUCTURALLY UNSTABLE,STRUCTURALLY UNSTABLE,EXECUTABLE
TRANSFORMER_CONTROLLED_ALTERNATIVE,Electricity,T107,42,2025,96,32,1-0-4-2-3,0.3398498404,0.24132496803544345,0.40289871604642846,1-0-4-2-3,TRUE,0.0,0.0,0.0,STRUCTURALLY UNSTABLE,STRUCTURALLY UNSTABLE,EXECUTABLE
TRANSFORMER_CONTROLLED_ALTERNATIVE,Electricity,T107,42,2025,72,24,1-4-0-2-3,0.5139029086857143,0.24132496803544345,0.22884564776071414,1-0-4-2-3,FALSE,0.17405306828571432,0.0,-0.17405306828571432,STRUCTURALLY UNSTABLE,STRUCTURALLY UNSTABLE,EXECUTABLE
TRANSFORMER_CONTROLLED_ALTERNATIVE,Electricity,T107,42,2025,48,16,1-4-0-2-3,0.5139029086857143,0.24132496803544345,0.22884564776071414,1-0-4-2-3,FALSE,0.17405306828571432,0.0,-0.17405306828571432,STRUCTURALLY UNSTABLE,STRUCTURALLY UNSTABLE,EXECUTABLE
TRANSFORMER_CONTROLLED_ALTERNATIVE,Electricity,T107,123,2025,96,32,3-1-0-2-4,0.34721711805,0.19171365530767345,0.2074807335357144,3-1-0-2-4,TRUE,0.0,0.0,0.0,STRUCTURALLY UNSTABLE,STRUCTURALLY UNSTABLE,EXECUTABLE
TRANSFORMER_CONTROLLED_ALTERNATIVE,Electricity,T107,123,2025,72,24,0-3-2-1-4,0.5187447816928572,0.19171365530767345,0.03595306989285718,3-1-0-2-4,FALSE,0.1715276636428572,0.0,-0.1715276636428572,STRUCTURALLY UNSTABLE,STRUCTURALLY UNSTABLE,EXECUTABLE
TRANSFORMER_CONTROLLED_ALTERNATIVE,Electricity,T107,123,2025,48,16,0-3-2-1-4,0.5187447816928572,0.19171365530767345,0.03595306989285718,3-1-0-2-4,FALSE,0.1715276636428572,0.0,-0.1715276636428572,STRUCTURALLY UNSTABLE,STRUCTURALLY UNSTABLE,EXECUTABLE
TRANSFORMER_CONTROLLED_ALTERNATIVE,Electricity,T1,42,123,96,32,3-2-4-1-0,0.5558011803214286,0.2999189721032527,0.1381508069642856,3-2-4-1-0,TRUE,0.0,0.0,0.0,STRUCTURALLY UNSTABLE,STRUCTURALLY UNSTABLE,EXECUTABLE
TRANSFORMER_CONTROLLED_ALTERNATIVE,Electricity,T1,42,123,72,24,3-2-4-1-0,0.5558011803214286,0.2999189721032527,0.1381508069642856,3-2-4-1-0,TRUE,0.0,0.0,0.0,STRUCTURALLY UNSTABLE,STRUCTURALLY UNSTABLE,EXECUTABLE
TRANSFORMER_CONTROLLED_ALTERNATIVE,Electricity,T1,42,123,48,16,3-2-4-1-0,0.5558011803214286,0.2999189721032527,0.1381508069642856,3-2-4-1-0,TRUE,0.0,0.0,0.0,STRUCTURALLY UNSTABLE,STRUCTURALLY UNSTABLE,EXECUTABLE
TRANSFORMER_CONTROLLED_ALTERNATIVE,Electricity,T1,42,2025,96,32,1-2-3-4-0,0.678320056625,0.0473846153846154,0.23335875607142853,1-2-3-4-0,TRUE,0.0,0.0,0.0,STRUCTURALLY UNSTABLE,STRUCTURALLY UNSTABLE,EXECUTABLE
TRANSFORMER_CONTROLLED_ALTERNATIVE,Electricity,T1,42,2025,72,24,2-1-3-4-0,0.7122162714464286,0.0473846153846154,0.19946254124999985,1-2-3-4-0,FALSE,0.03389621482142868,0.0,-0.03389621482142868,STRUCTURALLY UNSTABLE,STRUCTURALLY UNSTABLE,EXECUTABLE
TRANSFORMER_CONTROLLED_ALTERNATIVE,Electricity,T1,42,2025,48,16,1-2-3-4-0,0.678320056625,0.0473846153846154,0.23335875607142853,1-2-3-4-0,TRUE,0.0,0.0,0.0,STRUCTURALLY UNSTABLE,STRUCTURALLY UNSTABLE,EXECUTABLE
TRANSFORMER_CONTROLLED_ALTERNATIVE,Electricity,T1,123,2025,96,32,0-4-2-3-1,0.6572693508392857,0.03630095315351858,-0.023759089142857293,0-4-2-3-1,TRUE,0.0,0.0,0.0,STRUCTURALLY UNSTABLE,STRUCTURALLY UNSTABLE,EXECUTABLE
TRANSFORMER_CONTROLLED_ALTERNATIVE,Electricity,T1,123,2025,72,24,0-4-2-3-1,0.6572693508392857,0.03630095315351858,-0.023759089142857293,0-4-2-3-1,TRUE,0.0,0.0,0.0,STRUCTURALLY UNSTABLE,STRUCTURALLY UNSTABLE,EXECUTABLE
TRANSFORMER_CONTROLLED_ALTERNATIVE,Electricity,T1,123,2025,48,16,0-1-2-3-4,0.6335102616964284,0.03630095315351858,0.0,0-4-2-3-1,FALSE,-0.023759089142857293,0.0,0.023759089142857293,STRUCTURALLY UNSTABLE,STRUCTURALLY UNSTABLE,EXECUTABLE
TRANSFORMER_CONTROLLED_ALTERNATIVE,Electricity,T60,42,123,96,32,0-2-4-3-1,0.2879719058928571,0.0,0.6687201063571429,0-2-4-3-1,TRUE,0.0,0.0,0.0,STRUCTURALLY UNSTABLE,STRUCTURALLY UNSTABLE,EXECUTABLE
TRANSFORMER_CONTROLLED_ALTERNATIVE,Electricity,T60,42,123,72,24,0-2-4-3-1,0.2879719058928571,0.0,0.6687201063571429,0-2-4-3-1,TRUE,0.0,0.0,0.0,STRUCTURALLY UNSTABLE,STRUCTURALLY UNSTABLE,EXECUTABLE
TRANSFORMER_CONTROLLED_ALTERNATIVE,Electricity,T60,42,123,48,16,0-2-4-3-1,0.2879719058928571,0.0,0.6687201063571429,0-2-4-3-1,TRUE,0.0,0.0,0.0,STRUCTURALLY UNSTABLE,STRUCTURALLY UNSTABLE,EXECUTABLE
TRANSFORMER_CONTROLLED_ALTERNATIVE,Electricity,T60,42,2025,96,32,0-3-4-2-1,0.914927638732143,0.0,-0.037815829107143095,0-3-4-2-1,TRUE,0.0,0.0,0.0,STRUCTURALLY UNSTABLE,STRUCTURALLY UNSTABLE,EXECUTABLE
TRANSFORMER_CONTROLLED_ALTERNATIVE,Electricity,T60,42,2025,72,24,0-2-4-3-1,0.914927638732143,0.0,-0.037815829107143095,0-3-4-2-1,FALSE,0.0,0.0,0.0,STRUCTURALLY UNSTABLE,STRUCTURALLY UNSTABLE,EXECUTABLE
TRANSFORMER_CONTROLLED_ALTERNATIVE,Electricity,T60,42,2025,48,16,0-3-1-2-4,0.4936239491607143,0.0,0.3834878604642856,0-3-4-2-1,FALSE,-0.4213036895714287,0.0,0.4213036895714287,STRUCTURALLY UNSTABLE,STRUCTURALLY UNSTABLE,EXECUTABLE
TRANSFORMER_CONTROLLED_ALTERNATIVE,Electricity,T60,123,2025,96,32,0-1-2-3-4,0.7094098319821429,0.558282208588957,0.0,0-1-2-3-4,TRUE,0.0,0.0,0.0,STRUCTURALLY UNSTABLE,STRUCTURALLY UNSTABLE,EXECUTABLE
TRANSFORMER_CONTROLLED_ALTERNATIVE,Electricity,T60,123,2025,72,24,0-1-2-3-4,0.7094098319821429,0.558282208588957,0.0,0-1-2-3-4,TRUE,0.0,0.0,0.0,STRUCTURALLY UNSTABLE,STRUCTURALLY UNSTABLE,EXECUTABLE
TRANSFORMER_CONTROLLED_ALTERNATIVE,Electricity,T60,123,2025,48,16,0-1-2-3-4,0.7094098319821429,0.558282208588957,0.0,0-1-2-3-4,TRUE,0.0,0.0,0.0,STRUCTURALLY UNSTABLE,STRUCTURALLY UNSTABLE,EXECUTABLE
TRANSFORMER_CONTROLLED_ALTERNATIVE,Electricity,T321,42,123,96,32,0-3-4-1-2,0.45707287118875,0.11328527291452112,0.03643436429392849,0-3-4-1-2,TRUE,0.0,0.0,0.0,STRUCTURALLY UNSTABLE,STRUCTURALLY UNSTABLE,EXECUTABLE
TRANSFORMER_CONTROLLED_ALTERNATIVE,Electricity,T321,42,123,72,24,0-3-1-2-4,0.37898217369696424,0.11328527291452112,0.11452506178571425,0-3-4-1-2,FALSE,-0.07809069749178577,0.0,0.07809069749178577,STRUCTURALLY UNSTABLE,STRUCTURALLY UNSTABLE,EXECUTABLE
TRANSFORMER_CONTROLLED_ALTERNATIVE,Electricity,T321,42,123,48,16,0-2-4-1-3,0.43440789558875004,0.11328527291452112,0.05909933989392846,0-3-4-1-2,FALSE,-0.02266497559999997,0.0,0.02266497559999997,STRUCTURALLY UNSTABLE,STRUCTURALLY UNSTABLE,EXECUTABLE
TRANSFORMER_CONTROLLED_ALTERNATIVE,Electricity,T321,42,2025,96,32,0-4-1-3-2,0.46820698763874996,0.07933194154488517,0.11949418903571435,0-4-1-3-2,TRUE,0.0,0.0,0.0,STRUCTURALLY UNSTABLE,STRUCTURALLY UNSTABLE,EXECUTABLE
TRANSFORMER_CONTROLLED_ALTERNATIVE,Electricity,T321,42,2025,72,24,0-3-4-2-1,0.48395713711125,0.07933194154488517,0.10374403956321432,0-4-1-3-2,FALSE,0.01575014947250003,0.0,-0.01575014947250003,STRUCTURALLY UNSTABLE,STRUCTURALLY UNSTABLE,EXECUTABLE
TRANSFORMER_CONTROLLED_ALTERNATIVE,Electricity,T321,42,2025,48,16,0-2-4-3-1,0.49231267561124986,0.07933194154488517,0.09538850106321445,0-4-1-3-2,FALSE,0.0241056879724999,0.0,-0.0241056879724999,STRUCTURALLY UNSTABLE,STRUCTURALLY UNSTABLE,EXECUTABLE
TRANSFORMER_CONTROLLED_ALTERNATIVE,Electricity,T321,123,2025,96,32,0-1-3-2-4,0.4902388758357143,0.10311418685121108,0.001631682678571389,0-1-3-2-4,TRUE,0.0,0.0,0.0,STRUCTURALLY UNSTABLE,STRUCTURALLY UNSTABLE,EXECUTABLE
TRANSFORMER_CONTROLLED_ALTERNATIVE,Electricity,T321,123,2025,72,24,0-4-2-3-1,0.4709479765142857,0.10311418685121108,0.020922581999999967,0-1-3-2-4,FALSE,-0.01929089932142858,0.0,0.01929089932142858,STRUCTURALLY UNSTABLE,STRUCTURALLY UNSTABLE,EXECUTABLE
TRANSFORMER_CONTROLLED_ALTERNATIVE,Electricity,T321,123,2025,48,16,0-1-3-2-4,0.4902388758357143,0.10311418685121108,0.001631682678571389,0-1-3-2-4,TRUE,0.0,0.0,0.0,STRUCTURALLY UNSTABLE,STRUCTURALLY UNSTABLE,EXECUTABLE
TRANSFORMER_CONTROLLED_ALTERNATIVE,Electricity,T237,42,123,96,32,4-1-2-0-3,0.5334841168928571,1.0,0.1469155185714287,4-1-2-0-3,TRUE,0.0,0.0,0.0,SOFT-REPARAMETERISED,SOFT-REPARAMETERISED,EXECUTABLE
TRANSFORMER_CONTROLLED_ALTERNATIVE,Electricity,T237,42,123,72,24,4-1-2-0-3,0.5334841168928571,1.0,0.1469155185714287,4-1-2-0-3,TRUE,0.0,0.0,0.0,SOFT-REPARAMETERISED,SOFT-REPARAMETERISED,EXECUTABLE
TRANSFORMER_CONTROLLED_ALTERNATIVE,Electricity,T237,42,123,48,16,4-1-2-0-3,0.5334841168928571,1.0,0.1469155185714287,4-1-2-0-3,TRUE,0.0,0.0,0.0,SOFT-REPARAMETERISED,SOFT-REPARAMETERISED,EXECUTABLE
TRANSFORMER_CONTROLLED_ALTERNATIVE,Electricity,T237,42,2025,96,32,2-3-1-0-4,0.2987394639994642,0.9048151982317226,0.36227568867964305,2-3-1-0-4,TRUE,0.0,0.0,0.0,SOFT-REPARAMETERISED,SOFT-REPARAMETERISED,EXECUTABLE
TRANSFORMER_CONTROLLED_ALTERNATIVE,Electricity,T237,42,2025,72,24,2-3-1-0-4,0.2987394639994642,0.9048151982317226,0.36227568867964305,2-3-1-0-4,TRUE,0.0,0.0,0.0,SOFT-REPARAMETERISED,SOFT-REPARAMETERISED,EXECUTABLE
TRANSFORMER_CONTROLLED_ALTERNATIVE,Electricity,T237,42,2025,48,16,2-3-4-0-1,0.38250910596375004,0.9048151982317226,0.2785060467153572,2-3-1-0-4,FALSE,0.08376964196428582,0.0,-0.08376964196428582,SOFT-REPARAMETERISED,SOFT-REPARAMETERISED,EXECUTABLE
TRANSFORMER_CONTROLLED_ALTERNATIVE,Electricity,T237,123,2025,96,32,0-4-1-3-2,0.47291197528625,0.9048151982317226,-0.10857863667857148,0-4-1-3-2,TRUE,0.0,0.0,0.0,SOFT-REPARAMETERISED,SOFT-REPARAMETERISED,EXECUTABLE
TRANSFORMER_CONTROLLED_ALTERNATIVE,Electricity,T237,123,2025,72,24,0-4-1-3-2,0.47291197528625,0.9048151982317226,-0.10857863667857148,0-4-1-3-2,TRUE,0.0,0.0,0.0,SOFT-REPARAMETERISED,SOFT-REPARAMETERISED,EXECUTABLE
TRANSFORMER_CONTROLLED_ALTERNATIVE,Electricity,T237,123,2025,48,16,0-4-3-1-2,0.47291197528625,0.9048151982317226,-0.10857863667857148,0-4-1-3-2,FALSE,0.0,0.0,0.0,SOFT-REPARAMETERISED,SOFT-REPARAMETERISED,EXECUTABLE
TRANSFORMER_CONTROLLED_ALTERNATIVE,Electricity,T134,42,123,96,32,0-3-1-4-2,0.4712764656517857,0.3023724036106171,0.13906216808928584,0-3-1-4-2,TRUE,0.0,0.0,0.0,STRUCTURALLY UNSTABLE,STRUCTURALLY UNSTABLE,EXECUTABLE
TRANSFORMER_CONTROLLED_ALTERNATIVE,Electricity,T134,42,123,72,24,0-1-4-3-2,0.594490726205357,0.3023724036106171,0.015847907535714523,0-3-1-4-2,FALSE,0.12321426055357132,0.0,-0.12321426055357132,STRUCTURALLY UNSTABLE,STRUCTURALLY UNSTABLE,EXECUTABLE
TRANSFORMER_CONTROLLED_ALTERNATIVE,Electricity,T134,42,123,48,16,0-1-4-3-2,0.594490726205357,0.3023724036106171,0.015847907535714523,0-3-1-4-2,FALSE,0.12321426055357132,0.0,-0.12321426055357132,STRUCTURALLY UNSTABLE,STRUCTURALLY UNSTABLE,EXECUTABLE
TRANSFORMER_CONTROLLED_ALTERNATIVE,Electricity,T134,42,2025,96,32,0-4-2-1-3,0.5506979186785714,0.09566242501993688,0.045386054107142915,0-4-2-1-3,TRUE,0.0,0.0,0.0,STRUCTURALLY UNSTABLE,STRUCTURALLY UNSTABLE,EXECUTABLE
TRANSFORMER_CONTROLLED_ALTERNATIVE,Electricity,T134,42,2025,72,24,0-4-2-1-3,0.5506979186785714,0.09566242501993688,0.045386054107142915,0-4-2-1-3,TRUE,0.0,0.0,0.0,STRUCTURALLY UNSTABLE,STRUCTURALLY UNSTABLE,EXECUTABLE
TRANSFORMER_CONTROLLED_ALTERNATIVE,Electricity,T134,42,2025,48,16,0-4-2-1-3,0.5506979186785714,0.09566242501993688,0.045386054107142915,0-4-2-1-3,TRUE,0.0,0.0,0.0,STRUCTURALLY UNSTABLE,STRUCTURALLY UNSTABLE,EXECUTABLE
TRANSFORMER_CONTROLLED_ALTERNATIVE,Electricity,T134,123,2025,96,32,0-1-2-4-3,0.40981448754464284,0.36907722178696734,0.04436347628571424,0-1-2-4-3,TRUE,0.0,0.0,0.0,STRUCTURALLY UNSTABLE,STRUCTURALLY UNSTABLE,EXECUTABLE
TRANSFORMER_CONTROLLED_ALTERNATIVE,Electricity,T134,123,2025,72,24,0-1-2-4-3,0.40981448754464284,0.36907722178696734,0.04436347628571424,0-1-2-4-3,TRUE,0.0,0.0,0.0,STRUCTURALLY UNSTABLE,STRUCTURALLY UNSTABLE,EXECUTABLE
TRANSFORMER_CONTROLLED_ALTERNATIVE,Electricity,T134,123,2025,48,16,0-1-2-4-3,0.40981448754464284,0.36907722178696734,0.04436347628571424,0-1-2-4-3,TRUE,0.0,0.0,0.0,STRUCTURALLY UNSTABLE,STRUCTURALLY UNSTABLE,EXECUTABLE
TRANSFORMER_CONTROLLED_ALTERNATIVE,Dengue,Kaohsiung City,42,123,96,32,3-2-4-1-0,0.7369077082476787,-0.0346429262628217,0.033915473346428415,3-2-4-1-0,TRUE,0.0,0.0,0.0,STRUCTURALLY UNSTABLE,STRUCTURALLY UNSTABLE,EXECUTABLE
TRANSFORMER_CONTROLLED_ALTERNATIVE,Dengue,Kaohsiung City,42,123,72,24,3-2-4-1-0,0.7369077082476787,-0.0346429262628217,0.033915473346428415,3-2-4-1-0,TRUE,0.0,0.0,0.0,STRUCTURALLY UNSTABLE,STRUCTURALLY UNSTABLE,EXECUTABLE
TRANSFORMER_CONTROLLED_ALTERNATIVE,Dengue,Kaohsiung City,42,123,48,16,3-2-4-1-0,0.7369077082476787,-0.0346429262628217,0.033915473346428415,3-2-4-1-0,TRUE,0.0,0.0,0.0,STRUCTURALLY UNSTABLE,STRUCTURALLY UNSTABLE,EXECUTABLE
TRANSFORMER_CONTROLLED_ALTERNATIVE,Dengue,Kaohsiung City,42,2025,96,32,1-2-4-3-0,0.5878754811619642,0.06767215717404249,0.21000050457142871,1-2-4-3-0,TRUE,0.0,0.0,0.0,STRUCTURALLY UNSTABLE,STRUCTURALLY UNSTABLE,EXECUTABLE
TRANSFORMER_CONTROLLED_ALTERNATIVE,Dengue,Kaohsiung City,42,2025,72,24,1-2-4-3-0,0.5878754811619642,0.06767215717404249,0.21000050457142871,1-2-4-3-0,TRUE,0.0,0.0,0.0,STRUCTURALLY UNSTABLE,STRUCTURALLY UNSTABLE,EXECUTABLE
TRANSFORMER_CONTROLLED_ALTERNATIVE,Dengue,Kaohsiung City,42,2025,48,16,1-3-4-2-0,0.5604520735191071,0.06767215717404249,0.23742391221428583,1-2-4-3-0,FALSE,-0.02742340764285711,0.0,0.02742340764285711,STRUCTURALLY UNSTABLE,STRUCTURALLY UNSTABLE,EXECUTABLE
TRANSFORMER_CONTROLLED_ALTERNATIVE,Dengue,Kaohsiung City,123,2025,96,32,0-4-2-1-3,0.5921849192,-0.03518233896884175,0.0777466982142857,0-4-2-1-3,TRUE,0.0,0.0,0.0,STRUCTURALLY UNSTABLE,STRUCTURALLY UNSTABLE,EXECUTABLE
TRANSFORMER_CONTROLLED_ALTERNATIVE,Dengue,Kaohsiung City,123,2025,72,24,0-4-2-1-3,0.5921849192,-0.03518233896884175,0.0777466982142857,0-4-2-1-3,TRUE,0.0,0.0,0.0,STRUCTURALLY UNSTABLE,STRUCTURALLY UNSTABLE,EXECUTABLE
TRANSFORMER_CONTROLLED_ALTERNATIVE,Dengue,Kaohsiung City,123,2025,48,16,0-4-2-1-3,0.5921849192,-0.03518233896884175,0.0777466982142857,0-4-2-1-3,TRUE,0.0,0.0,0.0,STRUCTURALLY UNSTABLE,STRUCTURALLY UNSTABLE,EXECUTABLE
TRANSFORMER_CONTROLLED_ALTERNATIVE,Dengue,New Taipei City,42,123,96,32,3-2-4-1-0,0.48169746694642857,0.0,0.504230520107143,3-2-4-1-0,TRUE,0.0,0.0,0.0,STRUCTURALLY UNSTABLE,STRUCTURALLY UNSTABLE,EXECUTABLE
TRANSFORMER_CONTROLLED_ALTERNATIVE,Dengue,New Taipei City,42,123,72,24,2-3-4-1-0,0.48169746694642857,0.0,0.504230520107143,3-2-4-1-0,FALSE,0.0,0.0,0.0,STRUCTURALLY UNSTABLE,STRUCTURALLY UNSTABLE,EXECUTABLE
TRANSFORMER_CONTROLLED_ALTERNATIVE,Dengue,New Taipei City,42,123,48,16,2-1-4-3-0,0.9859279870535715,0.0,0.0,3-2-4-1-0,FALSE,0.504230520107143,0.0,-0.504230520107143,STRUCTURALLY UNSTABLE,STRUCTURALLY UNSTABLE,EXECUTABLE
TRANSFORMER_CONTROLLED_ALTERNATIVE,Dengue,New Taipei City,42,2025,96,32,2-3-4-1-0,0.5183025384107143,0.0,0.47121803332142864,2-3-4-1-0,TRUE,0.0,0.0,0.0,STRUCTURALLY UNSTABLE,STRUCTURALLY UNSTABLE,EXECUTABLE
TRANSFORMER_CONTROLLED_ALTERNATIVE,Dengue,New Taipei City,42,2025,72,24,2-3-4-1-0,0.5183025384107143,0.0,0.47121803332142864,2-3-4-1-0,TRUE,0.0,0.0,0.0,STRUCTURALLY UNSTABLE,STRUCTURALLY UNSTABLE,EXECUTABLE
TRANSFORMER_CONTROLLED_ALTERNATIVE,Dengue,New Taipei City,42,2025,48,16,2-3-4-1-0,0.5183025384107143,0.0,0.47121803332142864,2-3-4-1-0,TRUE,0.0,0.0,0.0,STRUCTURALLY UNSTABLE,STRUCTURALLY UNSTABLE,EXECUTABLE
TRANSFORMER_CONTROLLED_ALTERNATIVE,Dengue,New Taipei City,123,2025,96,32,0-3-2-1-4,0.9895205827499999,0.0,0.010479422607143074,0-3-2-1-4,TRUE,0.0,0.0,0.0,STRUCTURALLY UNSTABLE,STRUCTURALLY UNSTABLE,EXECUTABLE
TRANSFORMER_CONTROLLED_ALTERNATIVE,Dengue,New Taipei City,123,2025,72,24,0-4-2-1-3,0.07658797464285715,1.0,0.9234120307142858,0-3-2-1-4,FALSE,-0.9129326081071427,1.0,0.9129326081071427,STRUCTURALLY UNSTABLE,STABLE,EXECUTABLE
TRANSFORMER_CONTROLLED_ALTERNATIVE,Dengue,New Taipei City,123,2025,48,16,0-4-2-1-3,0.07658797464285715,1.0,0.9234120307142858,0-3-2-1-4,FALSE,-0.9129326081071427,1.0,0.9129326081071427,STRUCTURALLY UNSTABLE,STABLE,EXECUTABLE
TRANSFORMER_CONTROLLED_ALTERNATIVE,Dengue,Pingtung County,42,123,96,32,2-3-4-1-0,0.5040424211250001,0.42223102833366355,0.4506723724285714,2-3-4-1-0,TRUE,0.0,0.0,0.0,STRUCTURALLY UNSTABLE,STRUCTURALLY UNSTABLE,EXECUTABLE
TRANSFORMER_CONTROLLED_ALTERNATIVE,Dengue,Pingtung County,42,123,72,24,2-3-4-1-0,0.5040424211250001,0.42223102833366355,0.4506723724285714,2-3-4-1-0,TRUE,0.0,0.0,0.0,STRUCTURALLY UNSTABLE,STRUCTURALLY UNSTABLE,EXECUTABLE
TRANSFORMER_CONTROLLED_ALTERNATIVE,Dengue,Pingtung County,42,123,48,16,2-3-4-1-0,0.5040424211250001,0.42223102833366355,0.4506723724285714,2-3-4-1-0,TRUE,0.0,0.0,0.0,STRUCTURALLY UNSTABLE,STRUCTURALLY UNSTABLE,EXECUTABLE
TRANSFORMER_CONTROLLED_ALTERNATIVE,Dengue,Pingtung County,42,2025,96,32,1-3-4-2-0,0.5795302534107144,0.03181029496818972,0.331616362642857,1-3-4-2-0,TRUE,0.0,0.0,0.0,STRUCTURALLY UNSTABLE,STRUCTURALLY UNSTABLE,EXECUTABLE
TRANSFORMER_CONTROLLED_ALTERNATIVE,Dengue,Pingtung County,42,2025,72,24,1-3-4-2-0,0.5795302534107144,0.03181029496818972,0.331616362642857,1-3-4-2-0,TRUE,0.0,0.0,0.0,STRUCTURALLY UNSTABLE,STRUCTURALLY UNSTABLE,EXECUTABLE
TRANSFORMER_CONTROLLED_ALTERNATIVE,Dengue,Pingtung County,42,2025,48,16,1-2-3-4-0,0.38667365855357144,0.03181029496818972,0.5244729575,1-3-4-2-0,FALSE,-0.19285659485714296,0.0,0.19285659485714302,STRUCTURALLY UNSTABLE,STRUCTURALLY UNSTABLE,EXECUTABLE
TRANSFORMER_CONTROLLED_ALTERNATIVE,Dengue,Pingtung County,123,2025,96,32,0-3-2-1-4,0.7030778388214286,-0.055207740466704576,0.03206152857142841,0-3-2-1-4,TRUE,0.0,0.0,0.0,STRUCTURALLY UNSTABLE,STRUCTURALLY UNSTABLE,EXECUTABLE
TRANSFORMER_CONTROLLED_ALTERNATIVE,Dengue,Pingtung County,123,2025,72,24,0-3-2-1-4,0.7030778388214286,-0.055207740466704576,0.03206152857142841,0-3-2-1-4,TRUE,0.0,0.0,0.0,STRUCTURALLY UNSTABLE,STRUCTURALLY UNSTABLE,EXECUTABLE
TRANSFORMER_CONTROLLED_ALTERNATIVE,Dengue,Pingtung County,123,2025,48,16,0-3-2-1-4,0.7030778388214286,-0.055207740466704576,0.03206152857142841,0-3-2-1-4,TRUE,0.0,0.0,0.0,STRUCTURALLY UNSTABLE,STRUCTURALLY UNSTABLE,EXECUTABLE
TRANSFORMER_CONTROLLED_ALTERNATIVE,Dengue,Taichung City,42,123,96,32,3-2-1-4-0,0.6630742126428572,0.04521477015825176,0.223951378892857,3-2-1-4-0,TRUE,0.0,0.0,0.0,STRUCTURALLY UNSTABLE,STRUCTURALLY UNSTABLE,EXECUTABLE
TRANSFORMER_CONTROLLED_ALTERNATIVE,Dengue,Taichung City,42,123,72,24,2-1-4-3-0,0.7764635321785713,0.04521477015825176,0.1105620593571428,3-2-1-4-0,FALSE,0.11338931953571418,0.0,-0.11338931953571418,STRUCTURALLY UNSTABLE,STRUCTURALLY UNSTABLE,EXECUTABLE
TRANSFORMER_CONTROLLED_ALTERNATIVE,Dengue,Taichung City,42,123,48,16,1-2-4-3-0,0.7921862453928571,0.04521477015825176,0.09483934614285705,3-2-1-4-0,FALSE,0.12911203274999994,0.0,-0.12911203274999994,STRUCTURALLY UNSTABLE,STRUCTURALLY UNSTABLE,EXECUTABLE
TRANSFORMER_CONTROLLED_ALTERNATIVE,Dengue,Taichung City,42,2025,96,32,1-2-3-4-0,0.42684125782142857,0.0,0.45579496839285705,1-2-3-4-0,TRUE,0.0,0.0,0.0,STRUCTURALLY UNSTABLE,STRUCTURALLY UNSTABLE,EXECUTABLE
TRANSFORMER_CONTROLLED_ALTERNATIVE,Dengue,Taichung City,42,2025,72,24,1-2-3-4-0,0.42684125782142857,0.0,0.45579496839285705,1-2-3-4-0,TRUE,0.0,0.0,0.0,STRUCTURALLY UNSTABLE,STRUCTURALLY UNSTABLE,EXECUTABLE
TRANSFORMER_CONTROLLED_ALTERNATIVE,Dengue,Taichung City,42,2025,48,16,1-2-4-3-0,0.46051794621428577,0.0,0.42211827999999985,1-2-3-4-0,FALSE,0.0336766883928572,0.0,-0.0336766883928572,STRUCTURALLY UNSTABLE,STRUCTURALLY UNSTABLE,EXECUTABLE
TRANSFORMER_CONTROLLED_ALTERNATIVE,Dengue,Taichung City,123,2025,96,32,0-1-2-4-3,0.5726135120357144,-0.08521739130434788,0.11105173992857109,0-1-2-4-3,TRUE,0.0,0.0,0.0,STRUCTURALLY UNSTABLE,STRUCTURALLY UNSTABLE,EXECUTABLE
TRANSFORMER_CONTROLLED_ALTERNATIVE,Dengue,Taichung City,123,2025,72,24,0-3-2-1-4,0.6405598438571429,-0.08521739130434788,0.043105408107142584,0-1-2-4-3,FALSE,0.06794633182142851,0.0,-0.06794633182142851,STRUCTURALLY UNSTABLE,STRUCTURALLY UNSTABLE,EXECUTABLE
TRANSFORMER_CONTROLLED_ALTERNATIVE,Dengue,Taichung City,123,2025,48,16,0-3-2-1-4,0.6405598438571429,-0.08521739130434788,0.043105408107142584,0-1-2-4-3,FALSE,0.06794633182142851,0.0,-0.06794633182142851,STRUCTURALLY UNSTABLE,STRUCTURALLY UNSTABLE,EXECUTABLE
TRANSFORMER_CONTROLLED_ALTERNATIVE,Dengue,Tainan City,42,123,96,32,2-3-4-1-0,0.5037192670535714,0.08465608465608465,0.38083434928571436,2-3-4-1-0,TRUE,0.0,0.0,0.0,STRUCTURALLY UNSTABLE,STRUCTURALLY UNSTABLE,EXECUTABLE
TRANSFORMER_CONTROLLED_ALTERNATIVE,Dengue,Tainan City,42,123,72,24,2-3-4-1-0,0.5037192670535714,0.08465608465608465,0.38083434928571436,2-3-4-1-0,TRUE,0.0,0.0,0.0,STRUCTURALLY UNSTABLE,STRUCTURALLY UNSTABLE,EXECUTABLE
TRANSFORMER_CONTROLLED_ALTERNATIVE,Dengue,Tainan City,42,123,48,16,3-2-4-1-0,0.4813700071964285,0.08465608465608465,0.4031836091428573,2-3-4-1-0,FALSE,-0.022349259857142922,0.0,0.022349259857142922,STRUCTURALLY UNSTABLE,STRUCTURALLY UNSTABLE,EXECUTABLE
TRANSFORMER_CONTROLLED_ALTERNATIVE,Dengue,Tainan City,42,2025,96,32,1-3-2-4-0,0.6085884520000001,0.0,0.34919452360714276,1-3-2-4-0,TRUE,0.0,0.0,0.0,STRUCTURALLY UNSTABLE,STRUCTURALLY UNSTABLE,EXECUTABLE
TRANSFORMER_CONTROLLED_ALTERNATIVE,Dengue,Tainan City,42,2025,72,24,1-3-2-4-0,0.6085884520000001,0.0,0.34919452360714276,1-3-2-4-0,TRUE,0.0,0.0,0.0,STRUCTURALLY UNSTABLE,STRUCTURALLY UNSTABLE,EXECUTABLE
TRANSFORMER_CONTROLLED_ALTERNATIVE,Dengue,Tainan City,42,2025,48,16,1-3-2-4-0,0.6085884520000001,0.0,0.34919452360714276,1-3-2-4-0,TRUE,0.0,0.0,0.0,STRUCTURALLY UNSTABLE,STRUCTURALLY UNSTABLE,EXECUTABLE
TRANSFORMER_CONTROLLED_ALTERNATIVE,Dengue,Tainan City,123,2025,96,32,0-4-1-3-2,0.45698339294642853,0.0,0.3219010866785714,0-4-1-3-2,TRUE,0.0,0.0,0.0,STRUCTURALLY UNSTABLE,STRUCTURALLY UNSTABLE,EXECUTABLE
TRANSFORMER_CONTROLLED_ALTERNATIVE,Dengue,Tainan City,123,2025,72,24,0-3-1-4-2,0.7100574090178572,0.0,0.06882707060714277,0-4-1-3-2,FALSE,0.25307401607142865,0.0,-0.25307401607142865,STRUCTURALLY UNSTABLE,STRUCTURALLY UNSTABLE,EXECUTABLE
TRANSFORMER_CONTROLLED_ALTERNATIVE,Dengue,Tainan City,123,2025,48,16,0-1-3-4-2,0.6942924502321429,0.0,0.08459202939285704,0-4-1-3-2,FALSE,0.2373090572857144,0.0,-0.2373090572857144,STRUCTURALLY UNSTABLE,STRUCTURALLY UNSTABLE,EXECUTABLE
TRANSFORMER_CONTROLLED_ALTERNATIVE,Dengue,Taipei City,42,123,96,32,2-3-4-1-0,0.4940100987889643,0.004015056461731479,0.4186249272142857,2-3-4-1-0,TRUE,0.0,0.0,0.0,STRUCTURALLY UNSTABLE,STRUCTURALLY UNSTABLE,EXECUTABLE
TRANSFORMER_CONTROLLED_ALTERNATIVE,Dengue,Taipei City,42,123,72,24,2-1-4-3-0,0.8048980118961071,0.004015056461731479,0.10773701410714287,2-3-4-1-0,FALSE,0.3108879131071428,0.0,-0.3108879131071428,STRUCTURALLY UNSTABLE,STRUCTURALLY UNSTABLE,EXECUTABLE
TRANSFORMER_CONTROLLED_ALTERNATIVE,Dengue,Taipei City,42,123,48,16,2-1-4-3-0,0.8048980118961071,0.004015056461731479,0.10773701410714287,2-3-4-1-0,FALSE,0.3108879131071428,0.0,-0.3108879131071428,STRUCTURALLY UNSTABLE,STRUCTURALLY UNSTABLE,EXECUTABLE
TRANSFORMER_CONTROLLED_ALTERNATIVE,Dengue,Taipei City,42,2025,96,32,2-3-4-1-0,0.4551841191802857,0.0,0.49131306456800017,2-3-4-1-0,TRUE,0.0,0.0,0.0,STRUCTURALLY UNSTABLE,STRUCTURALLY UNSTABLE,EXECUTABLE
TRANSFORMER_CONTROLLED_ALTERNATIVE,Dengue,Taipei City,42,2025,72,24,2-3-4-1-0,0.4551841191802857,0.0,0.49131306456800017,2-3-4-1-0,TRUE,0.0,0.0,0.0,STRUCTURALLY UNSTABLE,STRUCTURALLY UNSTABLE,EXECUTABLE
TRANSFORMER_CONTROLLED_ALTERNATIVE,Dengue,Taipei City,42,2025,48,16,3-2-4-1-0,0.45785793453742857,0.0,0.4886392492108573,2-3-4-1-0,FALSE,0.0026738153571428946,0.0,-0.0026738153571428946,STRUCTURALLY UNSTABLE,STRUCTURALLY UNSTABLE,EXECUTABLE
TRANSFORMER_CONTROLLED_ALTERNATIVE,Dengue,Taipei City,123,2025,96,32,0-3-2-1-4,0.8216835091021786,0.0,0.0007816977857142415,0-3-2-1-4,TRUE,0.0,0.0,0.0,STRUCTURALLY UNSTABLE,STRUCTURALLY UNSTABLE,EXECUTABLE
TRANSFORMER_CONTROLLED_ALTERNATIVE,Dengue,Taipei City,123,2025,72,24,0-3-2-1-4,0.8216835091021786,0.0,0.0007816977857142415,0-3-2-1-4,TRUE,0.0,0.0,0.0,STRUCTURALLY UNSTABLE,STRUCTURALLY UNSTABLE,EXECUTABLE
TRANSFORMER_CONTROLLED_ALTERNATIVE,Dengue,Taipei City,123,2025,48,16,0-1-2-4-3,0.7186739432549641,0.0,0.10379126363292868,0-3-2-1-4,FALSE,-0.10300956584721443,0.0,0.10300956584721443,STRUCTURALLY UNSTABLE,STRUCTURALLY UNSTABLE,EXECUTABLE
TRANSFORMER_CONTROLLED_ALTERNATIVE,Dengue,Yunlin County,42,123,96,32,2-3-4-1-0,0.3221157365321428,0.6282722513089005,0.6765235289285714,2-3-4-1-0,TRUE,0.0,0.0,0.0,STRUCTURALLY UNSTABLE,STRUCTURALLY UNSTABLE,EXECUTABLE
TRANSFORMER_CONTROLLED_ALTERNATIVE,Dengue,Yunlin County,42,123,72,24,2-3-4-1-0,0.3221157365321428,0.6282722513089005,0.6765235289285714,2-3-4-1-0,TRUE,0.0,0.0,0.0,STRUCTURALLY UNSTABLE,STRUCTURALLY UNSTABLE,EXECUTABLE
TRANSFORMER_CONTROLLED_ALTERNATIVE,Dengue,Yunlin County,42,123,48,16,2-1-4-3-0,0.681754380817857,0.6282722513089005,0.31688488464285725,2-3-4-1-0,FALSE,0.3596386442857142,0.0,-0.3596386442857141,STRUCTURALLY UNSTABLE,STRUCTURALLY UNSTABLE,EXECUTABLE
TRANSFORMER_CONTROLLED_ALTERNATIVE,Dengue,Yunlin County,42,2025,96,32,1-2-4-3-0,0.5037635044142857,-0.03152088258471242,0.49363010392857154,1-2-4-3-0,TRUE,0.0,0.0,0.0,STRUCTURALLY UNSTABLE,STRUCTURALLY UNSTABLE,EXECUTABLE
TRANSFORMER_CONTROLLED_ALTERNATIVE,Dengue,Yunlin County,42,2025,72,24,1-3-0-4-2,0.6393965381214285,-0.03152088258471242,0.3579970702214288,1-2-4-3-0,FALSE,0.13563303370714275,0.0,-0.13563303370714275,STRUCTURALLY UNSTABLE,STRUCTURALLY UNSTABLE,EXECUTABLE
TRANSFORMER_CONTROLLED_ALTERNATIVE,Dengue,Yunlin County,42,2025,48,16,1-3-4-2-0,0.5063698863357142,-0.03152088258471242,0.49102372200714306,1-2-4-3-0,FALSE,0.00260638192142848,0.0,-0.00260638192142848,STRUCTURALLY UNSTABLE,STRUCTURALLY UNSTABLE,EXECUTABLE
TRANSFORMER_CONTROLLED_ALTERNATIVE,Dengue,Yunlin County,123,2025,96,32,0-3-1-2-4,0.6972622905892857,-0.022222222222222223,-0.07391759564999989,0-3-1-2-4,TRUE,0.0,0.0,0.0,STRUCTURALLY UNSTABLE,STRUCTURALLY UNSTABLE,EXECUTABLE
TRANSFORMER_CONTROLLED_ALTERNATIVE,Dengue,Yunlin County,123,2025,72,24,0-4-1-2-3,0.48668977658928575,-0.022222222222222223,0.13665491835000004,0-3-1-2-4,FALSE,-0.21057251399999993,0.0,0.21057251399999993,STRUCTURALLY UNSTABLE,STRUCTURALLY UNSTABLE,EXECUTABLE
TRANSFORMER_CONTROLLED_ALTERNATIVE,Dengue,Yunlin County,123,2025,48,16,0-1-2-3-4,0.6233446949392858,-0.022222222222222223,0.0,0-3-1-2-4,FALSE,-0.07391759564999989,0.0,0.07391759564999989,STRUCTURALLY UNSTABLE,STRUCTURALLY UNSTABLE,EXECUTABLE
