receiver_architecture,country,sender_seed,receiver_seed,receiver_stratum,sender_source,P_align_sender_to_receiver,swap_mean_abs_deviation,receiver_neutral_mean_abs_deviation,swap_to_neutral_ratio,receiver_native_equivalence_error,checkpoint_hash_verified
GRU,Australia,42,42,CROSS_ARCH_SAME_SEED_ID,FUNCTIONAL,1-0-2-3-4,12026.705078125,8493.72265625,1.4159521760785654,0.0,TRUE
GRU,Australia,123,42,CROSS_ARCH_CROSS_SEED,FUNCTIONAL,3-0-4-1-2,10170.671875,8493.72265625,1.1974339505324014,0.0,TRUE
GRU,Australia,2025,42,CROSS_ARCH_CROSS_SEED,FUNCTIONAL,0-3-4-1-2,9328.1103515625,8493.72265625,1.0982358064986413,0.0,TRUE
GRU,Australia,42,42,CROSS_ARCH_SAME_SEED_ID,THETA_RKA_1e-3,1-0-2-3-4,9263.6318359375,8493.72265625,1.0906444925089438,0.0,TRUE
GRU,Australia,123,42,CROSS_ARCH_CROSS_SEED,THETA_RKA_1e-3,0-3-1-4-2,7874.3935546875,8493.72265625,0.9270839034158038,0.0,TRUE
GRU,Australia,2025,42,CROSS_ARCH_CROSS_SEED,THETA_RKA_1e-3,0-3-4-2-1,4380.14453125,8493.72265625,0.5156919655278508,0.0,TRUE
GRU,Australia,42,123,CROSS_ARCH_CROSS_SEED,FUNCTIONAL,1-2-0-4-3,2994.73046875,9927.1806640625,0.3016697862255351,0.0,TRUE
GRU,Australia,123,123,CROSS_ARCH_SAME_SEED_ID,FUNCTIONAL,0-1-2-3-4,5853.92236328125,9927.1806640625,0.5896862927530977,0.0,TRUE
GRU,Australia,2025,123,CROSS_ARCH_CROSS_SEED,FUNCTIONAL,0-3-2-1-4,1919.7374267578125,9927.1806640625,0.193381937099974,0.0,TRUE
GRU,Australia,42,123,CROSS_ARCH_CROSS_SEED,THETA_RKA_1e-3,1-2-0-4-3,1424.140869140625,9927.1806640625,0.1434587439610295,0.0,TRUE
GRU,Australia,123,123,CROSS_ARCH_SAME_SEED_ID,THETA_RKA_1e-3,0-1-2-3-4,5674.36767578125,9927.1806640625,0.5715991143712226,0.0,TRUE
GRU,Australia,2025,123,CROSS_ARCH_CROSS_SEED,THETA_RKA_1e-3,0-3-2-1-4,6931.45263671875,9927.1806640625,0.6982297261710347,0.0,TRUE
GRU,Australia,42,2025,CROSS_ARCH_CROSS_SEED,FUNCTIONAL,1-4-0-3-2,8573.2607421875,9527.6787109375,0.8998268101070247,0.0,TRUE
GRU,Australia,123,2025,CROSS_ARCH_CROSS_SEED,FUNCTIONAL,0-1-2-3-4,10295.771484375,9527.6787109375,1.0806169893780897,0.0,TRUE
GRU,Australia,2025,2025,CROSS_ARCH_SAME_SEED_ID,FUNCTIONAL,0-1-2-3-4,3895.60107421875,9527.6787109375,0.40887200255259576,0.0,TRUE
GRU,Australia,42,2025,CROSS_ARCH_CROSS_SEED,THETA_RKA_1e-3,1-4-0-3-2,4974.01708984375,9527.6787109375,0.5220597000330964,0.0,TRUE
GRU,Australia,123,2025,CROSS_ARCH_CROSS_SEED,THETA_RKA_1e-3,0-1-2-3-4,1654.2930908203125,9527.6787109375,0.1736302347098703,0.0,TRUE
GRU,Australia,2025,2025,CROSS_ARCH_SAME_SEED_ID,THETA_RKA_1e-3,0-1-2-3-4,3234.25390625,9527.6787109375,0.33945875006649523,0.0,TRUE
GRU,Austria,42,42,CROSS_ARCH_SAME_SEED_ID,FUNCTIONAL,0-1-2-3-4,193.778564453125,235.9131622314453,0.8213978508881006,0.0,TRUE
GRU,Austria,123,42,CROSS_ARCH_CROSS_SEED,FUNCTIONAL,0-2-3-4-1,345.13623046875,235.9131622314453,1.4629799677313051,0.0,TRUE
GRU,Austria,2025,42,CROSS_ARCH_CROSS_SEED,FUNCTIONAL,0-3-4-2-1,383.3977966308594,235.9131622314453,1.6251649251122435,0.0,TRUE
GRU,Austria,42,42,CROSS_ARCH_SAME_SEED_ID,THETA_RKA_1e-3,0-1-2-3-4,205.297607421875,235.9131622314453,0.8702253213852706,0.0,TRUE
GRU,Austria,123,42,CROSS_ARCH_CROSS_SEED,THETA_RKA_1e-3,0-2-3-4-1,520.96923828125,235.9131622314453,2.208309334475145,0.0,TRUE
GRU,Austria,2025,42,CROSS_ARCH_CROSS_SEED,THETA_RKA_1e-3,0-3-4-2-1,401.58294677734375,235.9131622314453,1.7022490096731704,0.0,TRUE
GRU,Austria,42,123,CROSS_ARCH_CROSS_SEED,FUNCTIONAL,2-3-1-0-4,314.8028869628906,282.9295349121094,1.1126547359599008,0.0,TRUE
GRU,Austria,123,123,CROSS_ARCH_SAME_SEED_ID,FUNCTIONAL,0-1-2-3-4,213.60885620117188,282.9295349121094,0.7549895993273674,0.0,TRUE
GRU,Austria,2025,123,CROSS_ARCH_CROSS_SEED,FUNCTIONAL,3-1-0-2-4,415.8780212402344,282.9295349121094,1.4698996390370653,0.0,TRUE
GRU,Austria,42,123,CROSS_ARCH_CROSS_SEED,THETA_RKA_1e-3,2-4-1-3-0,340.9313659667969,282.9295349121094,1.2050045113625394,0.0,TRUE
GRU,Austria,123,123,CROSS_ARCH_SAME_SEED_ID,THETA_RKA_1e-3,0-1-2-3-4,103.46979522705078,282.9295349121094,0.3657087099768257,0.0,TRUE
GRU,Austria,2025,123,CROSS_ARCH_CROSS_SEED,THETA_RKA_1e-3,3-1-0-2-4,397.3723449707031,282.9295349121094,1.4044922708198169,0.0,TRUE
GRU,Austria,42,2025,CROSS_ARCH_CROSS_SEED,FUNCTIONAL,0-4-3-1-2,257.2748107910156,434.2049865722656,0.592519244935472,0.0,TRUE
GRU,Austria,123,2025,CROSS_ARCH_CROSS_SEED,FUNCTIONAL,1-4-0-2-3,546.201416015625,434.2049865722656,1.2579344616179795,0.0,TRUE
GRU,Austria,2025,2025,CROSS_ARCH_SAME_SEED_ID,FUNCTIONAL,0-1-2-3-4,167.57923889160156,434.2049865722656,0.3859449892883969,0.0,TRUE
GRU,Austria,42,2025,CROSS_ARCH_CROSS_SEED,THETA_RKA_1e-3,0-4-3-1-2,252.8397674560547,434.2049865722656,0.5823050754254155,0.0,TRUE
GRU,Austria,123,2025,CROSS_ARCH_CROSS_SEED,THETA_RKA_1e-3,1-4-0-2-3,542.4430541992188,434.2049865722656,1.2492787300335135,0.0,TRUE
GRU,Austria,2025,2025,CROSS_ARCH_SAME_SEED_ID,THETA_RKA_1e-3,0-1-2-3-4,104.95552825927734,434.2049865722656,0.24171884594837414,0.0,TRUE
GRU,Bangladesh,42,42,CROSS_ARCH_SAME_SEED_ID,FUNCTIONAL,0-1-2-3-4,13.906173706054688,51.91279983520508,0.2678756250905216,0.0,TRUE
GRU,Bangladesh,123,42,CROSS_ARCH_CROSS_SEED,FUNCTIONAL,4-0-3-1-2,60.76816177368164,51.91279983520508,1.1705814744453684,0.0,TRUE
GRU,Bangladesh,2025,42,CROSS_ARCH_CROSS_SEED,FUNCTIONAL,2-4-0-3-1,49.884605407714844,51.91279983520508,0.9609307447502611,0.0,TRUE
GRU,Bangladesh,42,42,CROSS_ARCH_SAME_SEED_ID,THETA_RKA_1e-3,0-1-2-3-4,12.760824203491211,51.91279983520508,0.24581267517837396,0.0,TRUE
GRU,Bangladesh,123,42,CROSS_ARCH_CROSS_SEED,THETA_RKA_1e-3,2-0-4-1-3,63.61001968383789,51.91279983520508,1.2253243879306284,0.0,TRUE
GRU,Bangladesh,2025,42,CROSS_ARCH_CROSS_SEED,THETA_RKA_1e-3,2-4-0-3-1,55.305728912353516,51.91279983520508,1.0653582370421002,0.0,TRUE
GRU,Bangladesh,42,123,CROSS_ARCH_CROSS_SEED,FUNCTIONAL,1-0-3-4-2,52.23555374145508,35.129295349121094,1.4869513670094714,0.0,TRUE
GRU,Bangladesh,123,123,CROSS_ARCH_SAME_SEED_ID,FUNCTIONAL,0-1-2-3-4,24.126705169677734,35.129295349121094,0.6867972992313769,0.0,TRUE
GRU,Bangladesh,2025,123,CROSS_ARCH_CROSS_SEED,FUNCTIONAL,4-1-0-2-3,39.0129280090332,35.129295349121094,1.1105525351794248,0.0,TRUE
GRU,Bangladesh,42,123,CROSS_ARCH_CROSS_SEED,THETA_RKA_1e-3,1-4-3-0-2,40.5606689453125,35.129295349121094,1.1546109462832506,0.0,TRUE
GRU,Bangladesh,123,123,CROSS_ARCH_SAME_SEED_ID,THETA_RKA_1e-3,0-1-2-3-4,55.92087936401367,35.129295349121094,1.5918588405563554,0.0,TRUE
GRU,Bangladesh,2025,123,CROSS_ARCH_CROSS_SEED,THETA_RKA_1e-3,4-1-0-2-3,35.101463317871094,35.129295349121094,0.9992077258887945,0.0,TRUE
GRU,Bangladesh,42,2025,CROSS_ARCH_CROSS_SEED,FUNCTIONAL,2-4-0-3-1,61.720149993896484,48.737396240234375,1.26638176749673,0.0,TRUE
GRU,Bangladesh,123,2025,CROSS_ARCH_CROSS_SEED,FUNCTIONAL,2-3-1-4-0,38.95737075805664,48.737396240234375,0.799332212291965,0.0,TRUE
GRU,Bangladesh,2025,2025,CROSS_ARCH_SAME_SEED_ID,FUNCTIONAL,0-1-2-3-4,8.193550109863281,48.737396240234375,0.16811628732638834,0.0,TRUE
GRU,Bangladesh,42,2025,CROSS_ARCH_CROSS_SEED,THETA_RKA_1e-3,2-4-0-3-1,62.787391662597656,48.737396240234375,1.28827956571805,0.0,TRUE
GRU,Bangladesh,123,2025,CROSS_ARCH_CROSS_SEED,THETA_RKA_1e-3,2-3-1-4-0,53.78687286376953,48.737396240234375,1.1036057937655406,0.0,TRUE
GRU,Bangladesh,2025,2025,CROSS_ARCH_SAME_SEED_ID,THETA_RKA_1e-3,0-1-2-3-4,10.869925498962402,48.737396240234375,0.22303049275309686,0.0,TRUE
GRU,Bhutan,42,42,CROSS_ARCH_SAME_SEED_ID,FUNCTIONAL,0-1-2-3-4,0.068122498691082,0.12623469531536102,0.539649567188304,0.0,TRUE
GRU,Bhutan,123,42,CROSS_ARCH_CROSS_SEED,FUNCTIONAL,3-0-4-1-2,0.1024446114897728,0.12623469531536102,0.8115408464673238,0.0,TRUE
GRU,Bhutan,2025,42,CROSS_ARCH_CROSS_SEED,FUNCTIONAL,1-0-4-3-2,0.1360553801059723,0.12623469531536102,1.0777970332647226,0.0,TRUE
GRU,Bhutan,42,42,CROSS_ARCH_SAME_SEED_ID,THETA_RKA_1e-3,0-1-2-3-4,0.07293672859668732,0.12623469531536102,0.5777867044751517,0.0,TRUE
GRU,Bhutan,123,42,CROSS_ARCH_CROSS_SEED,THETA_RKA_1e-3,3-0-4-1-2,0.23819802701473236,0.12623469531536102,1.886945791089076,0.0,TRUE
GRU,Bhutan,2025,42,CROSS_ARCH_CROSS_SEED,THETA_RKA_1e-3,1-0-4-3-2,0.15897320210933685,0.12623469531536102,1.2593463446177622,0.0,TRUE
GRU,Bhutan,42,123,CROSS_ARCH_CROSS_SEED,FUNCTIONAL,4-3-2-0-1,0.1346750557422638,0.18604132533073425,0.7238986042635728,0.0,TRUE
GRU,Bhutan,123,123,CROSS_ARCH_SAME_SEED_ID,FUNCTIONAL,0-1-2-3-4,0.19740043580532074,0.18604132533073425,1.061056920844833,0.0,TRUE
GRU,Bhutan,2025,123,CROSS_ARCH_CROSS_SEED,FUNCTIONAL,0-1-3-2-4,0.1019735336303711,0.18604132533073425,0.5481230229309968,0.0,TRUE
GRU,Bhutan,42,123,CROSS_ARCH_CROSS_SEED,THETA_RKA_1e-3,4-3-2-0-1,0.14218547940254211,0.18604132533073425,0.7642682567960233,0.0,TRUE
GRU,Bhutan,123,123,CROSS_ARCH_SAME_SEED_ID,THETA_RKA_1e-3,0-1-2-3-4,0.1919325888156891,0.18604132533073425,1.0316664239758648,0.0,TRUE
GRU,Bhutan,2025,123,CROSS_ARCH_CROSS_SEED,THETA_RKA_1e-3,0-1-2-3-4,0.26397112011909485,0.18604132533073425,1.4188843239523325,0.0,TRUE
GRU,Bhutan,42,2025,CROSS_ARCH_CROSS_SEED,FUNCTIONAL,1-0-4-2-3,0.05690830945968628,0.02494646981358528,2.2812169371032733,0.0,TRUE
GRU,Bhutan,123,2025,CROSS_ARCH_CROSS_SEED,FUNCTIONAL,0-1-2-3-4,0.1395224928855896,0.02494646981358528,5.592875221551741,0.0,TRUE
GRU,Bhutan,2025,2025,CROSS_ARCH_SAME_SEED_ID,FUNCTIONAL,0-1-2-3-4,0.0026233026292175055,0.02494646981358528,0.10515726869654778,0.0,TRUE
GRU,Bhutan,42,2025,CROSS_ARCH_CROSS_SEED,THETA_RKA_1e-3,1-0-4-2-3,0.06449433416128159,0.02494646981358528,2.5853090494655655,0.0,TRUE
GRU,Bhutan,123,2025,CROSS_ARCH_CROSS_SEED,THETA_RKA_1e-3,0-3-2-4-1,0.025433039292693138,0.02494646981358528,1.0195045424360156,0.0,TRUE
GRU,Bhutan,2025,2025,CROSS_ARCH_SAME_SEED_ID,THETA_RKA_1e-3,0-1-2-3-4,0.014540319330990314,0.02494646981358528,0.5828607991288606,0.0,TRUE
GRU,Brunei Darussalam,42,42,CROSS_ARCH_SAME_SEED_ID,FUNCTIONAL,0-1-2-3-4,0.9677447080612183,1.0613408088684082,0.9118133402342447,0.0,TRUE
GRU,Brunei Darussalam,123,42,CROSS_ARCH_CROSS_SEED,FUNCTIONAL,2-3-4-1-0,1.2782624959945679,1.0613408088684082,1.2043845721502404,0.0,TRUE
GRU,Brunei Darussalam,2025,42,CROSS_ARCH_CROSS_SEED,FUNCTIONAL,1-0-4-3-2,0.9541855454444885,1.0613408088684082,0.8990378373011326,0.0,TRUE
GRU,Brunei Darussalam,42,42,CROSS_ARCH_SAME_SEED_ID,THETA_RKA_1e-3,0-1-2-3-4,1.197440266609192,1.0613408088684082,1.1282335104836794,0.0,TRUE
GRU,Brunei Darussalam,123,42,CROSS_ARCH_CROSS_SEED,THETA_RKA_1e-3,2-3-4-1-0,0.8918994665145874,1.0613408088684082,0.8403516185018104,0.0,TRUE
GRU,Brunei Darussalam,2025,42,CROSS_ARCH_CROSS_SEED,THETA_RKA_1e-3,1-3-4-2-0,0.7322831749916077,1.0613408088684082,0.6899604433116646,0.0,TRUE
GRU,Brunei Darussalam,42,123,CROSS_ARCH_CROSS_SEED,FUNCTIONAL,4-0-1-3-2,2.1696646213531494,0.8942786455154419,2.426161725132779,0.0,TRUE
GRU,Brunei Darussalam,123,123,CROSS_ARCH_SAME_SEED_ID,FUNCTIONAL,0-1-2-3-4,0.6296586394309998,0.8942786455154419,0.7040966957989686,0.0,TRUE
GRU,Brunei Darussalam,2025,123,CROSS_ARCH_CROSS_SEED,FUNCTIONAL,2-3-0-1-4,0.9116986989974976,0.8942786455154419,1.0194794470039203,0.0,TRUE
GRU,Brunei Darussalam,42,123,CROSS_ARCH_CROSS_SEED,THETA_RKA_1e-3,4-3-0-1-2,2.96803879737854,0.8942786455154419,3.3189194578920422,0.0,TRUE
GRU,Brunei Darussalam,123,123,CROSS_ARCH_SAME_SEED_ID,THETA_RKA_1e-3,0-1-2-3-4,3.0356605052948,0.8942786455154419,3.394535383929596,0.0,TRUE
GRU,Brunei Darussalam,2025,123,CROSS_ARCH_CROSS_SEED,THETA_RKA_1e-3,0-3-2-1-4,2.178804636001587,0.8942786455154419,2.4363822695841892,0.0,TRUE
GRU,Brunei Darussalam,42,2025,CROSS_ARCH_CROSS_SEED,FUNCTIONAL,1-4-2-0-3,1.5608335733413696,1.1506181955337524,1.3565173742253616,0.0,TRUE
GRU,Brunei Darussalam,123,2025,CROSS_ARCH_CROSS_SEED,FUNCTIONAL,0-2-4-3-1,0.7200441360473633,1.1506181955337524,0.6257889357584397,0.0,TRUE
GRU,Brunei Darussalam,2025,2025,CROSS_ARCH_SAME_SEED_ID,FUNCTIONAL,2-1-4-3-0,0.1911173164844513,1.1506181955337524,0.16609968208941384,0.0,TRUE
GRU,Brunei Darussalam,42,2025,CROSS_ARCH_CROSS_SEED,THETA_RKA_1e-3,2-0-4-1-3,1.6749858856201172,1.1506181955337524,1.4557269232502614,0.0,TRUE
GRU,Brunei Darussalam,123,2025,CROSS_ARCH_CROSS_SEED,THETA_RKA_1e-3,4-2-0-3-1,1.4564679861068726,1.1506181955337524,1.2658134485968575,0.0,TRUE
GRU,Brunei Darussalam,2025,2025,CROSS_ARCH_SAME_SEED_ID,THETA_RKA_1e-3,0-1-4-3-2,1.0904382467269897,1.1506181955337524,0.9476977254137319,0.0,TRUE
GRU,Cambodia,42,42,CROSS_ARCH_SAME_SEED_ID,FUNCTIONAL,0-1-2-3-4,0.19909213483333588,0.5768212080001831,0.34515397851542357,0.0,TRUE
GRU,Cambodia,123,42,CROSS_ARCH_CROSS_SEED,FUNCTIONAL,3-2-4-1-0,0.7902008891105652,0.5768212080001831,1.369923432340779,0.0,TRUE
GRU,Cambodia,2025,42,CROSS_ARCH_CROSS_SEED,FUNCTIONAL,1-3-0-4-2,0.1268623322248459,0.5768212080001831,0.21993354347124772,0.0,TRUE
GRU,Cambodia,42,42,CROSS_ARCH_SAME_SEED_ID,THETA_RKA_1e-3,0-1-2-3-4,0.34423667192459106,0.5768212080001831,0.5967822735194608,0.0,TRUE
GRU,Cambodia,123,42,CROSS_ARCH_CROSS_SEED,THETA_RKA_1e-3,2-3-4-1-0,0.20992468297481537,0.5768212080001831,0.3639337112839803,0.0,TRUE
GRU,Cambodia,2025,42,CROSS_ARCH_CROSS_SEED,THETA_RKA_1e-3,1-2-0-4-3,0.1694594919681549,0.5768212080001831,0.2937816599283241,0.0,TRUE
GRU,Cambodia,42,123,CROSS_ARCH_CROSS_SEED,FUNCTIONAL,2-3-4-0-1,0.4033997654914856,0.893738865852356,0.45136200394145837,0.0,TRUE
GRU,Cambodia,123,123,CROSS_ARCH_SAME_SEED_ID,FUNCTIONAL,0-1-2-3-4,0.6050084233283997,0.893738865852356,0.6769409348125474,0.0,TRUE
GRU,Cambodia,2025,123,CROSS_ARCH_CROSS_SEED,FUNCTIONAL,2-4-1-3-0,0.869148313999176,0.893738865852356,0.9724857530619663,0.0,TRUE
GRU,Cambodia,42,123,CROSS_ARCH_CROSS_SEED,THETA_RKA_1e-3,2-0-3-4-1,1.083316445350647,0.893738865852356,1.212117416777541,0.0,TRUE
GRU,Cambodia,123,123,CROSS_ARCH_SAME_SEED_ID,THETA_RKA_1e-3,0-1-2-3-4,0.10704616457223892,0.893738865852356,0.11977342450039848,0.0,TRUE
GRU,Cambodia,2025,123,CROSS_ARCH_CROSS_SEED,THETA_RKA_1e-3,0-4-2-1-3,0.9364794492721558,0.893738865852356,1.0478222275575295,0.0,TRUE
GRU,Cambodia,42,2025,CROSS_ARCH_CROSS_SEED,FUNCTIONAL,2-0-3-1-4,0.7580570578575134,0.2666439116001129,2.842956560712232,0.0,TRUE
GRU,Cambodia,123,2025,CROSS_ARCH_CROSS_SEED,FUNCTIONAL,0-3-1-4-2,0.5160632729530334,0.2666439116001129,1.9354024243650305,0.0,TRUE
GRU,Cambodia,2025,2025,CROSS_ARCH_SAME_SEED_ID,FUNCTIONAL,0-1-2-3-4,0.7873560190200806,0.2666439116001129,2.9528370413380447,0.0,TRUE
GRU,Cambodia,42,2025,CROSS_ARCH_CROSS_SEED,THETA_RKA_1e-3,2-0-3-1-4,0.7064133286476135,0.2666439116001129,2.649276049126615,0.0,TRUE
GRU,Cambodia,123,2025,CROSS_ARCH_CROSS_SEED,THETA_RKA_1e-3,0-3-2-1-4,1.0536091327667236,0.2666439116001129,3.9513714243242353,0.0,TRUE
GRU,Cambodia,2025,2025,CROSS_ARCH_SAME_SEED_ID,THETA_RKA_1e-3,0-1-2-4-3,1.833793044090271,0.2666439116001129,6.877310766579282,0.0,TRUE
GRU,China,42,42,CROSS_ARCH_SAME_SEED_ID,FUNCTIONAL,0-1-2-3-4,5.680262088775635,13.61028003692627,0.41735086077321143,0.0,TRUE
GRU,China,123,42,CROSS_ARCH_CROSS_SEED,FUNCTIONAL,2-0-4-3-1,11.1243257522583,13.61028003692627,0.8173473082167827,0.0,TRUE
GRU,China,2025,42,CROSS_ARCH_CROSS_SEED,FUNCTIONAL,2-3-4-0-1,7.914434909820557,13.61028003692627,0.581504193032603,0.0,TRUE
GRU,China,42,42,CROSS_ARCH_SAME_SEED_ID,THETA_RKA_1e-3,0-1-2-3-4,4.233394622802734,13.61028003692627,0.311043902940795,0.0,TRUE
GRU,China,123,42,CROSS_ARCH_CROSS_SEED,THETA_RKA_1e-3,2-0-4-3-1,12.878653526306152,13.61028003692627,0.9462445659725495,0.0,TRUE
GRU,China,2025,42,CROSS_ARCH_CROSS_SEED,THETA_RKA_1e-3,2-4-0-3-1,11.699905395507812,13.61028003692627,0.8596373743791171,0.0,TRUE
GRU,China,42,123,CROSS_ARCH_CROSS_SEED,FUNCTIONAL,0-4-3-1-2,11.222060203552246,17.64737319946289,0.6359054164442897,0.0,TRUE
GRU,China,123,123,CROSS_ARCH_SAME_SEED_ID,FUNCTIONAL,0-1-2-3-4,4.939593315124512,17.64737319946289,0.2799053014459314,0.0,TRUE
GRU,China,2025,123,CROSS_ARCH_CROSS_SEED,FUNCTIONAL,0-1-2-3-4,18.061717987060547,17.64737319946289,1.0234791196918909,0.0,TRUE
GRU,China,42,123,CROSS_ARCH_CROSS_SEED,THETA_RKA_1e-3,0-4-3-1-2,11.455596923828125,17.64737319946289,0.649138928176392,0.0,TRUE
GRU,China,123,123,CROSS_ARCH_SAME_SEED_ID,THETA_RKA_1e-3,0-1-2-3-4,5.397036552429199,17.64737319946289,0.30582662311428094,0.0,TRUE
GRU,China,2025,123,CROSS_ARCH_CROSS_SEED,THETA_RKA_1e-3,0-1-2-3-4,17.451032638549805,17.64737319946289,0.9888742330830822,0.0,TRUE
GRU,China,42,2025,CROSS_ARCH_CROSS_SEED,FUNCTIONAL,1-4-3-2-0,4.7671380043029785,3.4924519062042236,1.3649831500426155,0.0,TRUE
GRU,China,123,2025,CROSS_ARCH_CROSS_SEED,FUNCTIONAL,0-1-2-3-4,4.71144962310791,3.4924519062042236,1.3490377962651907,0.0,TRUE
GRU,China,2025,2025,CROSS_ARCH_SAME_SEED_ID,FUNCTIONAL,0-1-2-3-4,2.921135663986206,3.4924519062042236,0.8364139986571917,0.0,TRUE
GRU,China,42,2025,CROSS_ARCH_CROSS_SEED,THETA_RKA_1e-3,1-3-0-2-4,4.559950828552246,3.4924519062042236,1.3056588754884917,0.0,TRUE
GRU,China,123,2025,CROSS_ARCH_CROSS_SEED,THETA_RKA_1e-3,0-1-2-3-4,6.1340436935424805,3.4924519062042236,1.7563717005366797,0.0,TRUE
GRU,China,2025,2025,CROSS_ARCH_SAME_SEED_ID,THETA_RKA_1e-3,0-1-2-3-4,0.7320093512535095,3.4924519062042236,0.20959754662709013,0.0,TRUE
GRU,Fiji,42,42,CROSS_ARCH_SAME_SEED_ID,FUNCTIONAL,0-1-2-3-4,2.5037198066711426,4.9573893547058105,0.5050480459628377,0.0,TRUE
GRU,Fiji,123,42,CROSS_ARCH_CROSS_SEED,FUNCTIONAL,3-0-4-1-2,7.316901683807373,4.9573893547058105,1.475958646835313,0.0,TRUE
GRU,Fiji,2025,42,CROSS_ARCH_CROSS_SEED,FUNCTIONAL,1-3-0-4-2,8.196633338928223,4.9573893547058105,1.6534173034336215,0.0,TRUE
GRU,Fiji,42,42,CROSS_ARCH_SAME_SEED_ID,THETA_RKA_1e-3,0-1-2-3-4,2.214395761489868,4.9573893547058105,0.4466858669044926,0.0,TRUE
GRU,Fiji,123,42,CROSS_ARCH_CROSS_SEED,THETA_RKA_1e-3,2-3-4-1-0,2.5659501552581787,4.9573893547058105,0.5176010943789287,0.0,TRUE
GRU,Fiji,2025,42,CROSS_ARCH_CROSS_SEED,THETA_RKA_1e-3,1-3-0-4-2,5.721871852874756,4.9573893547058105,1.1542107031482727,0.0,TRUE
GRU,Fiji,42,123,CROSS_ARCH_CROSS_SEED,FUNCTIONAL,4-3-0-1-2,0.9391190409660339,3.1473915576934814,0.29838011056185626,0.0,TRUE
GRU,Fiji,123,123,CROSS_ARCH_SAME_SEED_ID,FUNCTIONAL,0-1-2-3-4,4.989437580108643,3.1473915576934814,1.5852611563097274,0.0,TRUE
GRU,Fiji,2025,123,CROSS_ARCH_CROSS_SEED,FUNCTIONAL,0-4-1-3-2,3.602618455886841,3.1473915576934814,1.1446362455540695,0.0,TRUE
GRU,Fiji,42,123,CROSS_ARCH_CROSS_SEED,THETA_RKA_1e-3,4-3-0-1-2,1.0636975765228271,3.1473915576934814,0.3379616285500689,0.0,TRUE
GRU,Fiji,123,123,CROSS_ARCH_SAME_SEED_ID,THETA_RKA_1e-3,0-1-2-3-4,1.7602856159210205,3.1473915576934814,0.5592839605921226,0.0,TRUE
GRU,Fiji,2025,123,CROSS_ARCH_CROSS_SEED,THETA_RKA_1e-3,0-4-1-3-2,3.7939860820770264,3.1473915576934814,1.2054382216292758,0.0,TRUE
GRU,Fiji,42,2025,CROSS_ARCH_CROSS_SEED,FUNCTIONAL,2-0-4-1-3,1.329099416732788,1.8214231729507446,0.7297038033065202,0.0,TRUE
GRU,Fiji,123,2025,CROSS_ARCH_CROSS_SEED,FUNCTIONAL,4-3-2-0-1,2.0526795387268066,1.8214231729507446,1.126964655556359,0.0,TRUE
GRU,Fiji,2025,2025,CROSS_ARCH_SAME_SEED_ID,FUNCTIONAL,0-1-2-3-4,0.3591434061527252,1.8214231729507446,0.1971773564135045,0.0,TRUE
GRU,Fiji,42,2025,CROSS_ARCH_CROSS_SEED,THETA_RKA_1e-3,2-0-4-1-3,1.3526594638824463,1.8214231729507446,0.7426387694909519,0.0,TRUE
GRU,Fiji,123,2025,CROSS_ARCH_CROSS_SEED,THETA_RKA_1e-3,0-2-4-3-1,2.6008667945861816,1.8214231729507446,1.4279310998183479,0.0,TRUE
GRU,Fiji,2025,2025,CROSS_ARCH_SAME_SEED_ID,THETA_RKA_1e-3,0-1-2-3-4,0.2016524225473404,1.8214231729507446,0.11071146208196042,0.0,TRUE
GRU,French Polynesia,42,42,CROSS_ARCH_SAME_SEED_ID,FUNCTIONAL,0-1-2-3-4,1.335389256477356,2.810231924057007,0.47518827362458893,0.0,TRUE
GRU,French Polynesia,123,42,CROSS_ARCH_CROSS_SEED,FUNCTIONAL,2-4-0-1-3,6.22881555557251,2.810231924057007,2.2164774025412983,0.0,TRUE
GRU,French Polynesia,2025,42,CROSS_ARCH_CROSS_SEED,FUNCTIONAL,2-3-0-4-1,2.9603521823883057,2.810231924057007,1.0534191705126519,0.0,TRUE
GRU,French Polynesia,42,42,CROSS_ARCH_SAME_SEED_ID,THETA_RKA_1e-3,0-1-2-3-4,2.8189353942871094,2.810231924057007,1.0030970647495663,0.0,TRUE
GRU,French Polynesia,123,42,CROSS_ARCH_CROSS_SEED,THETA_RKA_1e-3,3-4-2-1-0,17.50311851501465,2.810231924057007,6.2283537401945726,0.0,TRUE
GRU,French Polynesia,2025,42,CROSS_ARCH_CROSS_SEED,THETA_RKA_1e-3,1-3-4-2-0,4.052702903747559,2.810231924057007,1.4421240001774842,0.0,TRUE
GRU,French Polynesia,42,123,CROSS_ARCH_CROSS_SEED,FUNCTIONAL,3-4-2-0-1,8.753890991210938,5.409509181976318,1.618241266763647,0.0,TRUE
GRU,French Polynesia,123,123,CROSS_ARCH_SAME_SEED_ID,FUNCTIONAL,0-3-1-2-4,5.453025817871094,5.409509181976318,1.008044470289424,0.0,TRUE
GRU,French Polynesia,2025,123,CROSS_ARCH_CROSS_SEED,FUNCTIONAL,1-4-0-2-3,5.050319194793701,5.409509181976318,0.9336002629629718,0.0,TRUE
GRU,French Polynesia,42,123,CROSS_ARCH_CROSS_SEED,THETA_RKA_1e-3,3-4-2-0-1,9.104668617248535,5.409509181976318,1.6830858976233813,0.0,TRUE
GRU,French Polynesia,123,123,CROSS_ARCH_SAME_SEED_ID,THETA_RKA_1e-3,0-1-2-3-4,5.25777530670166,5.409509181976318,0.9719505281957533,0.0,TRUE
GRU,French Polynesia,2025,123,CROSS_ARCH_CROSS_SEED,THETA_RKA_1e-3,1-2-0-3-4,2.6854376792907715,5.409509181976318,0.4964290823718816,0.0,TRUE
GRU,French Polynesia,42,2025,CROSS_ARCH_CROSS_SEED,FUNCTIONAL,2-0-1-3-4,4.200207233428955,4.405749797821045,0.953346745996846,0.0,TRUE
GRU,French Polynesia,123,2025,CROSS_ARCH_CROSS_SEED,FUNCTIONAL,0-2-1-4-3,5.154327392578125,4.405749797821045,1.1699092388603876,0.0,TRUE
GRU,French Polynesia,2025,2025,CROSS_ARCH_SAME_SEED_ID,FUNCTIONAL,0-2-1-3-4,2.224271535873413,4.405749797821045,0.5048565256641384,0.0,TRUE
GRU,French Polynesia,42,2025,CROSS_ARCH_CROSS_SEED,THETA_RKA_1e-3,4-0-2-1-3,2.182497501373291,4.405749797821045,0.49537481734725164,0.0,TRUE
GRU,French Polynesia,123,2025,CROSS_ARCH_CROSS_SEED,THETA_RKA_1e-3,0-3-2-4-1,6.125976085662842,4.405749797821045,1.3904502903665956,0.0,TRUE
GRU,French Polynesia,2025,2025,CROSS_ARCH_SAME_SEED_ID,THETA_RKA_1e-3,0-1-4-3-2,2.3505003452301025,4.405749797821045,0.5335074511931185,0.0,TRUE
GRU,Guam,42,42,CROSS_ARCH_SAME_SEED_ID,FUNCTIONAL,3-1-2-0-4,4.113333225250244,5.6041364669799805,0.733981631155189,0.0,TRUE
GRU,Guam,123,42,CROSS_ARCH_CROSS_SEED,FUNCTIONAL,0-2-4-1-3,8.4740629196167,5.6041364669799805,1.512108595061265,0.0,TRUE
GRU,Guam,2025,42,CROSS_ARCH_CROSS_SEED,FUNCTIONAL,4-0-2-1-3,5.515189170837402,5.6041364669799805,0.9841282779841886,0.0,TRUE
GRU,Guam,42,42,CROSS_ARCH_SAME_SEED_ID,THETA_RKA_1e-3,3-1-2-0-4,4.64238977432251,5.6041364669799805,0.828386282467574,0.0,TRUE
GRU,Guam,123,42,CROSS_ARCH_CROSS_SEED,THETA_RKA_1e-3,0-2-1-3-4,9.860855102539062,5.6041364669799805,1.759567269755119,0.0,TRUE
GRU,Guam,2025,42,CROSS_ARCH_CROSS_SEED,THETA_RKA_1e-3,1-3-2-4-0,6.776088237762451,5.6041364669799805,1.2091226324854336,0.0,TRUE
GRU,Guam,42,123,CROSS_ARCH_CROSS_SEED,FUNCTIONAL,0-3-1-4-2,2.8747622966766357,7.1966328620910645,0.39945935158367113,0.0,TRUE
GRU,Guam,123,123,CROSS_ARCH_SAME_SEED_ID,FUNCTIONAL,0-1-2-3-4,4.8683013916015625,7.1966328620910645,0.676469327377501,0.0,TRUE
GRU,Guam,2025,123,CROSS_ARCH_CROSS_SEED,FUNCTIONAL,4-1-0-3-2,5.310980319976807,7.1966328620910645,0.7379812784327087,0.0,TRUE
GRU,Guam,42,123,CROSS_ARCH_CROSS_SEED,THETA_RKA_1e-3,0-3-1-4-2,3.5018670558929443,7.1966328620910645,0.4865979858913404,0.0,TRUE
GRU,Guam,123,123,CROSS_ARCH_SAME_SEED_ID,THETA_RKA_1e-3,0-4-2-3-1,5.984053611755371,7.1966328620910645,0.8315074183201608,0.0,TRUE
GRU,Guam,2025,123,CROSS_ARCH_CROSS_SEED,THETA_RKA_1e-3,1-4-0-3-2,3.7031993865966797,7.1966328620910645,0.5145738927580463,0.0,TRUE
GRU,Guam,42,2025,CROSS_ARCH_CROSS_SEED,FUNCTIONAL,1-4-2-0-3,2.868051767349243,4.414417266845703,0.6497011029948678,0.0,TRUE
GRU,Guam,123,2025,CROSS_ARCH_CROSS_SEED,FUNCTIONAL,4-2-1-3-0,11.874119758605957,4.414417266845703,2.689849880704762,0.0,TRUE
GRU,Guam,2025,2025,CROSS_ARCH_SAME_SEED_ID,FUNCTIONAL,0-1-2-3-4,8.511892318725586,4.414417266845703,1.9282029323901477,0.0,TRUE
GRU,Guam,42,2025,CROSS_ARCH_CROSS_SEED,THETA_RKA_1e-3,1-4-2-0-3,3.1270318031311035,4.414417266845703,0.7083679711513784,0.0,TRUE
GRU,Guam,123,2025,CROSS_ARCH_CROSS_SEED,THETA_RKA_1e-3,1-3-2-0-4,5.741610050201416,4.414417266845703,1.3006495995119307,0.0,TRUE
GRU,Guam,2025,2025,CROSS_ARCH_SAME_SEED_ID,THETA_RKA_1e-3,0-1-2-3-4,5.278411865234375,4.414417266845703,1.195721098881537,0.0,TRUE
GRU,Lao People's Democratic Republic,42,42,CROSS_ARCH_SAME_SEED_ID,FUNCTIONAL,0-1-2-3-4,12.314422607421875,17.897823333740234,0.6880402369492181,0.0,TRUE
GRU,Lao People's Democratic Republic,123,42,CROSS_ARCH_CROSS_SEED,FUNCTIONAL,2-3-4-1-0,9.481221199035645,17.897823333740234,0.5297415793104874,0.0,TRUE
GRU,Lao People's Democratic Republic,2025,42,CROSS_ARCH_CROSS_SEED,FUNCTIONAL,1-3-0-4-2,7.734091758728027,17.897823333740234,0.43212471229102134,0.0,TRUE
GRU,Lao People's Democratic Republic,42,42,CROSS_ARCH_SAME_SEED_ID,THETA_RKA_1e-3,0-1-2-3-4,13.322840690612793,17.897823333740234,0.7443832941124816,0.0,TRUE
GRU,Lao People's Democratic Republic,123,42,CROSS_ARCH_CROSS_SEED,THETA_RKA_1e-3,2-3-4-1-0,8.396342277526855,17.897823333740234,0.4691264474433838,0.0,TRUE
GRU,Lao People's Democratic Republic,2025,42,CROSS_ARCH_CROSS_SEED,THETA_RKA_1e-3,1-3-0-4-2,7.8945770263671875,17.897823333740234,0.44109146007071476,0.0,TRUE
GRU,Lao People's Democratic Republic,42,123,CROSS_ARCH_CROSS_SEED,FUNCTIONAL,4-1-0-3-2,14.393975257873535,10.29555606842041,1.398076525659864,0.0,TRUE
GRU,Lao People's Democratic Republic,123,123,CROSS_ARCH_SAME_SEED_ID,FUNCTIONAL,0-1-2-3-4,1.5494734048843384,10.29555606842041,0.15049924400266662,0.0,TRUE
GRU,Lao People's Democratic Republic,2025,123,CROSS_ARCH_CROSS_SEED,FUNCTIONAL,0-4-1-3-2,10.387747764587402,10.29555606842041,1.0089545135351914,0.0,TRUE
GRU,Lao People's Democratic Republic,42,123,CROSS_ARCH_CROSS_SEED,THETA_RKA_1e-3,4-1-0-3-2,14.179524421691895,10.29555606842041,1.3772470692656216,0.0,TRUE
GRU,Lao People's Democratic Republic,123,123,CROSS_ARCH_SAME_SEED_ID,THETA_RKA_1e-3,0-1-2-3-4,1.9187120199203491,10.29555606842041,0.18636312668973948,0.0,TRUE
GRU,Lao People's Democratic Republic,2025,123,CROSS_ARCH_CROSS_SEED,THETA_RKA_1e-3,0-4-1-3-2,9.956159591674805,10.29555606842041,0.9670346628690958,0.0,TRUE
GRU,Lao People's Democratic Republic,42,2025,CROSS_ARCH_CROSS_SEED,FUNCTIONAL,2-0-4-1-3,8.03672981262207,5.650665283203125,1.4222625849936001,0.0,TRUE
GRU,Lao People's Democratic Republic,123,2025,CROSS_ARCH_CROSS_SEED,FUNCTIONAL,0-2-4-3-1,9.880684852600098,5.650665283203125,1.7485878843276932,0.0,TRUE
GRU,Lao People's Democratic Republic,2025,2025,CROSS_ARCH_SAME_SEED_ID,FUNCTIONAL,0-1-2-3-4,3.7999813556671143,5.650665283203125,0.6724838873331858,0.0,TRUE
GRU,Lao People's Democratic Republic,42,2025,CROSS_ARCH_CROSS_SEED,THETA_RKA_1e-3,2-0-4-1-3,8.29396915435791,5.650665283203125,1.4677863116423004,0.0,TRUE
GRU,Lao People's Democratic Republic,123,2025,CROSS_ARCH_CROSS_SEED,THETA_RKA_1e-3,0-2-4-3-1,9.45795726776123,5.650665283203125,1.6737776516113005,0.0,TRUE
GRU,Lao People's Democratic Republic,2025,2025,CROSS_ARCH_SAME_SEED_ID,THETA_RKA_1e-3,0-1-2-3-4,6.2748847007751465,5.650665283203125,1.1104683052856703,0.0,TRUE
GRU,Malaysia,42,42,CROSS_ARCH_SAME_SEED_ID,FUNCTIONAL,2-3-1-0-4,111.85186767578125,89.24592590332031,1.253299425644929,0.0,TRUE
GRU,Malaysia,123,42,CROSS_ARCH_CROSS_SEED,FUNCTIONAL,0-3-1-4-2,51.62257766723633,89.24592590332031,0.5784306358495157,0.0,TRUE
GRU,Malaysia,2025,42,CROSS_ARCH_CROSS_SEED,FUNCTIONAL,3-0-4-1-2,157.3146209716797,89.24592590332031,1.7627092708085954,0.0,TRUE
GRU,Malaysia,42,42,CROSS_ARCH_SAME_SEED_ID,THETA_RKA_1e-3,0-1-4-3-2,26.313066482543945,89.24592590332031,0.29483773310894623,0.0,TRUE
GRU,Malaysia,123,42,CROSS_ARCH_CROSS_SEED,THETA_RKA_1e-3,0-3-1-2-4,78.71758270263672,89.24592590332031,0.8820299851884679,0.0,TRUE
GRU,Malaysia,2025,42,CROSS_ARCH_CROSS_SEED,THETA_RKA_1e-3,3-0-4-2-1,77.1676025390625,89.24592590332031,0.8646624678717301,0.0,TRUE
GRU,Malaysia,42,123,CROSS_ARCH_CROSS_SEED,FUNCTIONAL,2-3-1-0-4,302.64678955078125,261.0650939941406,1.1592771171375897,0.0,TRUE
GRU,Malaysia,123,123,CROSS_ARCH_SAME_SEED_ID,FUNCTIONAL,0-1-2-3-4,90.42052459716797,261.0650939941406,0.3463524104804198,0.0,TRUE
GRU,Malaysia,2025,123,CROSS_ARCH_CROSS_SEED,FUNCTIONAL,3-1-4-2-0,420.4473571777344,261.0650939941406,1.6105077501750231,0.0,TRUE
GRU,Malaysia,42,123,CROSS_ARCH_CROSS_SEED,THETA_RKA_1e-3,2-3-1-0-4,293.7393493652344,261.0650939941406,1.1251575033306715,0.0,TRUE
GRU,Malaysia,123,123,CROSS_ARCH_SAME_SEED_ID,THETA_RKA_1e-3,0-1-2-3-4,28.110700607299805,261.0650939941406,0.10767697886079984,0.0,TRUE
GRU,Malaysia,2025,123,CROSS_ARCH_CROSS_SEED,THETA_RKA_1e-3,3-2-4-1-0,226.69241333007812,261.0650939941406,0.8683367426177857,0.0,TRUE
GRU,Malaysia,42,2025,CROSS_ARCH_CROSS_SEED,FUNCTIONAL,2-0-4-1-3,212.1077423095703,143.1501007080078,1.4817156345717122,0.0,TRUE
GRU,Malaysia,123,2025,CROSS_ARCH_CROSS_SEED,FUNCTIONAL,0-2-1-3-4,67.69932556152344,143.1501007080078,0.4729254483698476,0.0,TRUE
GRU,Malaysia,2025,2025,CROSS_ARCH_SAME_SEED_ID,FUNCTIONAL,0-1-2-3-4,57.68902587890625,143.1501007080078,0.40299675371223215,0.0,TRUE
GRU,Malaysia,42,2025,CROSS_ARCH_CROSS_SEED,THETA_RKA_1e-3,2-1-4-0-3,151.40538024902344,143.1501007080078,1.0576686953078325,0.0,TRUE
GRU,Malaysia,123,2025,CROSS_ARCH_CROSS_SEED,THETA_RKA_1e-3,0-2-1-3-4,101.17012023925781,143.1501007080078,0.7067415233302616,0.0,TRUE
GRU,Malaysia,2025,2025,CROSS_ARCH_SAME_SEED_ID,THETA_RKA_1e-3,0-1-2-3-4,62.91787338256836,143.1501007080078,0.4395237800838567,0.0,TRUE
GRU,Maldives,42,42,CROSS_ARCH_SAME_SEED_ID,FUNCTIONAL,0-1-2-3-4,0.2954687476158142,0.9746415019035339,0.3031563370108351,0.0,TRUE
GRU,Maldives,123,42,CROSS_ARCH_CROSS_SEED,FUNCTIONAL,3-1-4-0-2,1.7449084520339966,0.9746415019035339,1.7903079733687561,0.0,TRUE
GRU,Maldives,2025,42,CROSS_ARCH_CROSS_SEED,FUNCTIONAL,2-0-4-1-3,1.1199455261230469,0.9746415019035339,1.1490845853944505,0.0,TRUE
GRU,Maldives,42,42,CROSS_ARCH_SAME_SEED_ID,THETA_RKA_1e-3,0-1-2-3-4,0.2416929453611374,0.9746415019035339,0.24798138073239895,0.0,TRUE
GRU,Maldives,123,42,CROSS_ARCH_CROSS_SEED,THETA_RKA_1e-3,3-1-4-0-2,1.7569059133529663,0.9746415019035339,1.802617588027621,0.0,TRUE
GRU,Maldives,2025,42,CROSS_ARCH_CROSS_SEED,THETA_RKA_1e-3,2-0-4-3-1,1.5689489841461182,0.9746415019035339,1.6097703423072645,0.0,TRUE
GRU,Maldives,42,123,CROSS_ARCH_CROSS_SEED,FUNCTIONAL,3-1-4-0-2,1.287689208984375,1.173948884010315,1.096886948421053,0.0,TRUE
GRU,Maldives,123,123,CROSS_ARCH_SAME_SEED_ID,FUNCTIONAL,0-1-2-3-4,0.4051859676837921,1.173948884010315,0.34514787926680457,0.0,TRUE
GRU,Maldives,2025,123,CROSS_ARCH_CROSS_SEED,FUNCTIONAL,3-1-0-2-4,1.2269545793533325,1.173948884010315,1.045151621220462,0.0,TRUE
GRU,Maldives,42,123,CROSS_ARCH_CROSS_SEED,THETA_RKA_1e-3,3-1-4-0-2,1.290905237197876,1.173948884010315,1.099626444371264,0.0,TRUE
GRU,Maldives,123,123,CROSS_ARCH_SAME_SEED_ID,THETA_RKA_1e-3,0-1-2-3-4,0.3450646996498108,1.173948884010315,0.29393502932686366,0.0,TRUE
GRU,Maldives,2025,123,CROSS_ARCH_CROSS_SEED,THETA_RKA_1e-3,3-1-0-2-4,1.2217633724212646,1.173948884010315,1.0407296169894646,0.0,TRUE
GRU,Maldives,42,2025,CROSS_ARCH_CROSS_SEED,FUNCTIONAL,1-3-0-2-4,14.056015968322754,7.188027381896973,1.955476130172068,0.0,TRUE
GRU,Maldives,123,2025,CROSS_ARCH_CROSS_SEED,FUNCTIONAL,4-1-3-0-2,8.508069038391113,7.188027381896973,1.1836444947077778,0.0,TRUE
GRU,Maldives,2025,2025,CROSS_ARCH_SAME_SEED_ID,FUNCTIONAL,0-1-2-3-4,8.599210739135742,7.188027381896973,1.196324148791201,0.0,TRUE
GRU,Maldives,42,2025,CROSS_ARCH_CROSS_SEED,THETA_RKA_1e-3,1-4-0-2-3,12.263131141662598,7.188027381896973,1.706049586364579,0.0,TRUE
GRU,Maldives,123,2025,CROSS_ARCH_CROSS_SEED,THETA_RKA_1e-3,4-1-3-0-2,8.538269996643066,7.188027381896973,1.1878460588709883,0.0,TRUE
GRU,Maldives,2025,2025,CROSS_ARCH_SAME_SEED_ID,THETA_RKA_1e-3,0-1-2-3-4,7.680912971496582,7.188027381896973,1.0685703550380095,0.0,TRUE
GRU,Mexico,42,42,CROSS_ARCH_SAME_SEED_ID,FUNCTIONAL,0-1-2-3-4,615.3114013671875,590.3019409179688,1.0423672339791514,0.0,TRUE
GRU,Mexico,123,42,CROSS_ARCH_CROSS_SEED,FUNCTIONAL,1-4-3-0-2,1259.6727294921875,590.3019409179688,2.1339464470221654,0.0,TRUE
GRU,Mexico,2025,42,CROSS_ARCH_CROSS_SEED,FUNCTIONAL,1-0-4-3-2,362.794677734375,590.3019409179688,0.6145917073730082,0.0,TRUE
GRU,Mexico,42,42,CROSS_ARCH_SAME_SEED_ID,THETA_RKA_1e-3,0-1-2-3-4,1186.78515625,590.3019409179688,2.0104713774182246,0.0,TRUE
GRU,Mexico,123,42,CROSS_ARCH_CROSS_SEED,THETA_RKA_1e-3,1-2-3-0-4,438.11016845703125,590.3019409179688,0.7421797864593388,0.0,TRUE
GRU,Mexico,2025,42,CROSS_ARCH_CROSS_SEED,THETA_RKA_1e-3,1-0-4-3-2,464.1477355957031,590.3019409179688,0.7862886828288498,0.0,TRUE
GRU,Mexico,42,123,CROSS_ARCH_CROSS_SEED,FUNCTIONAL,4-0-2-3-1,936.0450439453125,813.4926147460938,1.1506497133197326,0.0,TRUE
GRU,Mexico,123,123,CROSS_ARCH_SAME_SEED_ID,FUNCTIONAL,0-1-2-3-4,826.4337768554688,813.4926147460938,1.0159081494715403,0.0,TRUE
GRU,Mexico,2025,123,CROSS_ARCH_CROSS_SEED,FUNCTIONAL,2-1-4-3-0,1386.0555419921875,813.4926147460938,1.7038329750846002,0.0,TRUE
GRU,Mexico,42,123,CROSS_ARCH_CROSS_SEED,THETA_RKA_1e-3,4-0-2-3-1,564.4195556640625,813.4926147460938,0.6938225933867002,0.0,TRUE
GRU,Mexico,123,123,CROSS_ARCH_SAME_SEED_ID,THETA_RKA_1e-3,0-1-2-3-4,1599.337646484375,813.4926147460938,1.966013725869605,0.0,TRUE
GRU,Mexico,2025,123,CROSS_ARCH_CROSS_SEED,THETA_RKA_1e-3,2-1-4-3-0,1415.0340576171875,813.4926147460938,1.739455321372335,0.0,TRUE
GRU,Mexico,42,2025,CROSS_ARCH_CROSS_SEED,FUNCTIONAL,1-0-4-3-2,547.6173095703125,626.9422607421875,0.8734732747510617,0.0,TRUE
GRU,Mexico,123,2025,CROSS_ARCH_CROSS_SEED,FUNCTIONAL,0-1-2-3-4,1233.0609130859375,626.9422607421875,1.9667854446854707,0.0,TRUE
GRU,Mexico,2025,2025,CROSS_ARCH_SAME_SEED_ID,FUNCTIONAL,0-1-2-3-4,181.291748046875,626.9422607421875,0.28916817289084645,0.0,TRUE
GRU,Mexico,42,2025,CROSS_ARCH_CROSS_SEED,THETA_RKA_1e-3,1-0-4-3-2,801.7330322265625,626.9422607421875,1.2787988343255947,0.0,TRUE
GRU,Mexico,123,2025,CROSS_ARCH_CROSS_SEED,THETA_RKA_1e-3,4-1-2-0-3,748.4998779296875,626.9422607421875,1.1938896526828444,0.0,TRUE
GRU,Mexico,2025,2025,CROSS_ARCH_SAME_SEED_ID,THETA_RKA_1e-3,0-1-2-3-4,185.5340576171875,626.9422607421875,0.2959348399923597,0.0,TRUE
GRU,Mongolia,42,42,CROSS_ARCH_SAME_SEED_ID,FUNCTIONAL,0-1-2-3-4,120.15743255615234,150.4821014404297,0.7984832176451113,0.0,TRUE
GRU,Mongolia,123,42,CROSS_ARCH_CROSS_SEED,FUNCTIONAL,2-0-1-3-4,102.65541076660156,150.4821014404297,0.6821768820608812,0.0,TRUE
GRU,Mongolia,2025,42,CROSS_ARCH_CROSS_SEED,FUNCTIONAL,0-3-4-1-2,209.5980224609375,150.4821014404297,1.3928435372356203,0.0,TRUE
GRU,Mongolia,42,42,CROSS_ARCH_SAME_SEED_ID,THETA_RKA_1e-3,0-1-2-3-4,137.10987854003906,150.4821014404297,0.9111374524120119,0.0,TRUE
GRU,Mongolia,123,42,CROSS_ARCH_CROSS_SEED,THETA_RKA_1e-3,3-2-4-1-0,132.29270935058594,150.4821014404297,0.8791258766608582,0.0,TRUE
GRU,Mongolia,2025,42,CROSS_ARCH_CROSS_SEED,THETA_RKA_1e-3,2-3-4-1-0,144.91346740722656,150.4821014404297,0.9629947084742996,0.0,TRUE
GRU,Mongolia,42,123,CROSS_ARCH_CROSS_SEED,FUNCTIONAL,4-3-2-0-1,120.27338409423828,97.50385284423828,1.2335244258129385,0.0,TRUE
GRU,Mongolia,123,123,CROSS_ARCH_SAME_SEED_ID,FUNCTIONAL,0-1-2-3-4,68.33464813232422,97.50385284423828,0.7008404913135929,0.0,TRUE
GRU,Mongolia,2025,123,CROSS_ARCH_CROSS_SEED,FUNCTIONAL,2-3-0-1-4,162.9701385498047,97.50385284423828,1.671422551990313,0.0,TRUE
GRU,Mongolia,42,123,CROSS_ARCH_CROSS_SEED,THETA_RKA_1e-3,4-3-2-0-1,104.80854034423828,97.50385284423828,1.0749169113518948,0.0,TRUE
GRU,Mongolia,123,123,CROSS_ARCH_SAME_SEED_ID,THETA_RKA_1e-3,0-1-2-3-4,82.09357452392578,97.50385284423828,0.841952108857377,0.0,TRUE
GRU,Mongolia,2025,123,CROSS_ARCH_CROSS_SEED,THETA_RKA_1e-3,0-3-2-1-4,98.57350158691406,97.50385284423828,1.010970322828007,0.0,TRUE
GRU,Mongolia,42,2025,CROSS_ARCH_CROSS_SEED,FUNCTIONAL,4-3-0-1-2,23.927419662475586,44.0893669128418,0.5427027271626871,0.0,TRUE
GRU,Mongolia,123,2025,CROSS_ARCH_CROSS_SEED,FUNCTIONAL,0-2-4-1-3,83.32805633544922,44.0893669128418,1.8899807860742601,0.0,TRUE
GRU,Mongolia,2025,2025,CROSS_ARCH_SAME_SEED_ID,FUNCTIONAL,0-1-2-3-4,9.702454566955566,44.0893669128418,0.22006336779876867,0.0,TRUE
GRU,Mongolia,42,2025,CROSS_ARCH_CROSS_SEED,THETA_RKA_1e-3,2-0-4-1-3,19.378116607666016,44.0893669128418,0.43951904879862996,0.0,TRUE
GRU,Mongolia,123,2025,CROSS_ARCH_CROSS_SEED,THETA_RKA_1e-3,4-0-3-1-2,102.22534942626953,44.0893669128418,2.318594177783365,0.0,TRUE
GRU,Mongolia,2025,2025,CROSS_ARCH_SAME_SEED_ID,THETA_RKA_1e-3,0-1-2-3-4,15.833444595336914,44.0893669128418,0.35912161375864865,0.0,TRUE
GRU,Myanmar,42,42,CROSS_ARCH_SAME_SEED_ID,FUNCTIONAL,0-1-2-3-4,15.546759605407715,34.849491119384766,0.44611152433040685,0.0,TRUE
GRU,Myanmar,123,42,CROSS_ARCH_CROSS_SEED,FUNCTIONAL,2-4-3-1-0,48.2823371887207,34.849491119384766,1.385453148320551,0.0,TRUE
GRU,Myanmar,2025,42,CROSS_ARCH_CROSS_SEED,FUNCTIONAL,1-0-2-4-3,54.22722625732422,34.849491119384766,1.5560406914280804,0.0,TRUE
GRU,Myanmar,42,42,CROSS_ARCH_SAME_SEED_ID,THETA_RKA_1e-3,0-1-2-3-4,19.514923095703125,34.849491119384766,0.5599772756752852,0.0,TRUE
GRU,Myanmar,123,42,CROSS_ARCH_CROSS_SEED,THETA_RKA_1e-3,2-4-3-1-0,38.39130783081055,34.849491119384766,1.101631805735484,0.0,TRUE
GRU,Myanmar,2025,42,CROSS_ARCH_CROSS_SEED,THETA_RKA_1e-3,1-0-2-4-3,51.07821273803711,34.849491119384766,1.4656803039980473,0.0,TRUE
GRU,Myanmar,42,123,CROSS_ARCH_CROSS_SEED,FUNCTIONAL,4-2-1-0-3,45.86014938354492,36.68961715698242,1.2499489756822728,0.0,TRUE
GRU,Myanmar,123,123,CROSS_ARCH_SAME_SEED_ID,FUNCTIONAL,0-2-1-3-4,40.30950164794922,36.68961715698242,1.0986623674888332,0.0,TRUE
GRU,Myanmar,2025,123,CROSS_ARCH_CROSS_SEED,FUNCTIONAL,0-1-2-3-4,17.348360061645508,36.68961715698242,0.4728411307051192,0.0,TRUE
GRU,Myanmar,42,123,CROSS_ARCH_CROSS_SEED,THETA_RKA_1e-3,0-2-3-4-1,62.3619499206543,36.68961715698242,1.6997165616045726,0.0,TRUE
GRU,Myanmar,123,123,CROSS_ARCH_SAME_SEED_ID,THETA_RKA_1e-3,0-2-1-3-4,36.442237854003906,36.68961715698242,0.993257512011639,0.0,TRUE
GRU,Myanmar,2025,123,CROSS_ARCH_CROSS_SEED,THETA_RKA_1e-3,1-3-0-2-4,28.48883628845215,36.68961715698242,0.7764822447331103,0.0,TRUE
GRU,Myanmar,42,2025,CROSS_ARCH_CROSS_SEED,FUNCTIONAL,3-1-0-2-4,34.48382568359375,51.08232498168945,0.6750637465298327,0.0,TRUE
GRU,Myanmar,123,2025,CROSS_ARCH_CROSS_SEED,FUNCTIONAL,0-1-2-3-4,54.004661560058594,51.08232498168945,1.0572083705942643,0.0,TRUE
GRU,Myanmar,2025,2025,CROSS_ARCH_SAME_SEED_ID,FUNCTIONAL,0-1-2-3-4,13.77451229095459,51.08232498168945,0.26965319796802684,0.0,TRUE
GRU,Myanmar,42,2025,CROSS_ARCH_CROSS_SEED,THETA_RKA_1e-3,1-3-0-2-4,46.278953552246094,51.08232498168945,0.9059680343217514,0.0,TRUE
GRU,Myanmar,123,2025,CROSS_ARCH_CROSS_SEED,THETA_RKA_1e-3,4-1-2-0-3,38.39673614501953,51.08232498168945,0.7516638320355017,0.0,TRUE
GRU,Myanmar,2025,2025,CROSS_ARCH_SAME_SEED_ID,THETA_RKA_1e-3,0-1-2-3-4,15.155282020568848,51.08232498168945,0.2966834815369364,0.0,TRUE
GRU,Nepal,42,42,CROSS_ARCH_SAME_SEED_ID,FUNCTIONAL,0-1-2-3-4,40.34236526489258,13.107124328613281,3.0778959788169455,0.0,TRUE
GRU,Nepal,123,42,CROSS_ARCH_CROSS_SEED,FUNCTIONAL,4-0-3-1-2,9.51356029510498,13.107124328613281,0.7258312393006425,0.0,TRUE
GRU,Nepal,2025,42,CROSS_ARCH_CROSS_SEED,FUNCTIONAL,1-4-0-3-2,12.729948043823242,13.107124328613281,0.9712235670209788,0.0,TRUE
GRU,Nepal,42,42,CROSS_ARCH_SAME_SEED_ID,THETA_RKA_1e-3,0-1-2-3-4,27.470478057861328,13.107124328613281,2.095843250520816,0.0,TRUE
GRU,Nepal,123,42,CROSS_ARCH_CROSS_SEED,THETA_RKA_1e-3,2-0-4-1-3,17.32329559326172,13.107124328613281,1.3216701969816824,0.0,TRUE
GRU,Nepal,2025,42,CROSS_ARCH_CROSS_SEED,THETA_RKA_1e-3,2-4-0-1-3,18.748065948486328,13.107124328613281,1.4303721761117874,0.0,TRUE
GRU,Nepal,42,123,CROSS_ARCH_CROSS_SEED,FUNCTIONAL,2-3-0-1-4,27.951215744018555,44.06291580200195,0.6343478463753554,0.0,TRUE
GRU,Nepal,123,123,CROSS_ARCH_SAME_SEED_ID,FUNCTIONAL,0-2-1-3-4,19.985265731811523,44.06291580200195,0.453562034378658,0.0,TRUE
GRU,Nepal,2025,123,CROSS_ARCH_CROSS_SEED,FUNCTIONAL,4-1-2-3-0,22.363000869750977,44.06291580200195,0.5075243084284253,0.0,TRUE
GRU,Nepal,42,123,CROSS_ARCH_CROSS_SEED,THETA_RKA_1e-3,2-3-4-1-0,21.576786041259766,44.06291580200195,0.48968130339389493,0.0,TRUE
GRU,Nepal,123,123,CROSS_ARCH_SAME_SEED_ID,THETA_RKA_1e-3,0-1-2-3-4,13.760886192321777,44.06291580200195,0.3123008530383404,0.0,TRUE
GRU,Nepal,2025,123,CROSS_ARCH_CROSS_SEED,THETA_RKA_1e-3,2-4-1-3-0,25.107852935791016,44.06291580200195,0.5698182355569458,0.0,TRUE
GRU,Nepal,42,2025,CROSS_ARCH_CROSS_SEED,FUNCTIONAL,4-0-3-1-2,32.73960494995117,51.463172912597656,0.6361754065485701,0.0,TRUE
GRU,Nepal,123,2025,CROSS_ARCH_CROSS_SEED,FUNCTIONAL,4-1-2-3-0,40.125728607177734,51.463172912597656,0.7796979147656745,0.0,TRUE
GRU,Nepal,2025,2025,CROSS_ARCH_SAME_SEED_ID,FUNCTIONAL,0-1-2-3-4,19.013484954833984,51.463172912597656,0.36945807805370817,0.0,TRUE
GRU,Nepal,42,2025,CROSS_ARCH_CROSS_SEED,THETA_RKA_1e-3,4-3-0-1-2,32.047420501708984,51.463172912597656,0.622725313811036,0.0,TRUE
GRU,Nepal,123,2025,CROSS_ARCH_CROSS_SEED,THETA_RKA_1e-3,4-1-2-3-0,16.99028778076172,51.463172912597656,0.33014458338231745,0.0,TRUE
GRU,Nepal,2025,2025,CROSS_ARCH_SAME_SEED_ID,THETA_RKA_1e-3,0-1-2-3-4,21.821901321411133,51.463172912597656,0.4240294580839837,0.0,TRUE
GRU,New Caledonia,42,42,CROSS_ARCH_SAME_SEED_ID,FUNCTIONAL,0-1-2-3-4,0.27685272693634033,0.7776300311088562,0.3560211358370048,0.0,TRUE
GRU,New Caledonia,123,42,CROSS_ARCH_CROSS_SEED,FUNCTIONAL,3-2-4-1-0,1.1044914722442627,0.7776300311088562,1.4203302702563076,0.0,TRUE
GRU,New Caledonia,2025,42,CROSS_ARCH_CROSS_SEED,FUNCTIONAL,1-2-4-3-0,0.4688200354576111,0.7776300311088562,0.6028831407000838,0.0,TRUE
GRU,New Caledonia,42,42,CROSS_ARCH_SAME_SEED_ID,THETA_RKA_1e-3,0-1-2-3-4,0.27229711413383484,0.7776300311088562,0.3501628065283881,0.0,TRUE
GRU,New Caledonia,123,42,CROSS_ARCH_CROSS_SEED,THETA_RKA_1e-3,3-2-4-1-0,0.9014504551887512,0.7776300311088562,1.1592279350417243,0.0,TRUE
GRU,New Caledonia,2025,42,CROSS_ARCH_CROSS_SEED,THETA_RKA_1e-3,2-3-4-1-0,0.5592622756958008,0.7776300311088562,0.7191881142994498,0.0,TRUE
GRU,New Caledonia,42,123,CROSS_ARCH_CROSS_SEED,FUNCTIONAL,0-2-4-3-1,0.8966872096061707,0.5498195290565491,1.6308755186357633,0.0,TRUE
GRU,New Caledonia,123,123,CROSS_ARCH_SAME_SEED_ID,FUNCTIONAL,0-1-2-3-4,0.6459256410598755,0.5498195290565491,1.1747957410102141,0.0,TRUE
GRU,New Caledonia,2025,123,CROSS_ARCH_CROSS_SEED,FUNCTIONAL,0-4-2-1-3,0.8793322443962097,0.5498195290565491,1.5993106790969773,0.0,TRUE
GRU,New Caledonia,42,123,CROSS_ARCH_CROSS_SEED,THETA_RKA_1e-3,0-2-4-3-1,0.8992406129837036,0.5498195290565491,1.6355195940870564,0.0,TRUE
GRU,New Caledonia,123,123,CROSS_ARCH_SAME_SEED_ID,THETA_RKA_1e-3,0-1-2-3-4,0.4184083640575409,0.5498195290565491,0.7609921836998036,0.0,TRUE
GRU,New Caledonia,2025,123,CROSS_ARCH_CROSS_SEED,THETA_RKA_1e-3,0-4-2-1-3,0.7328887581825256,0.5498195290565491,1.332962398480298,0.0,TRUE
GRU,New Caledonia,42,2025,CROSS_ARCH_CROSS_SEED,FUNCTIONAL,0-3-1-4-2,1.8892561197280884,0.6147938966751099,3.0729910136477376,0.0,TRUE
GRU,New Caledonia,123,2025,CROSS_ARCH_CROSS_SEED,FUNCTIONAL,0-3-2-1-4,1.6131757497787476,0.6147938966751099,2.6239293501497403,0.0,TRUE
GRU,New Caledonia,2025,2025,CROSS_ARCH_SAME_SEED_ID,FUNCTIONAL,0-1-2-3-4,0.1867559254169464,0.6147938966751099,0.3037699730380347,0.0,TRUE
GRU,New Caledonia,42,2025,CROSS_ARCH_CROSS_SEED,THETA_RKA_1e-3,0-3-1-4-2,1.916629433631897,0.6147938966751099,3.1175153884859514,0.0,TRUE
GRU,New Caledonia,123,2025,CROSS_ARCH_CROSS_SEED,THETA_RKA_1e-3,0-3-2-4-1,0.9026007652282715,0.6147938966751099,1.4681355330780947,0.0,TRUE
GRU,New Caledonia,2025,2025,CROSS_ARCH_SAME_SEED_ID,THETA_RKA_1e-3,0-1-2-3-4,0.21521392464637756,0.6147938966751099,0.35005865512049505,0.0,TRUE
GRU,New Zealand,42,42,CROSS_ARCH_SAME_SEED_ID,FUNCTIONAL,0-1-2-3-4,0.11841773986816406,1.455568552017212,0.08135497273835289,0.0,TRUE
GRU,New Zealand,123,42,CROSS_ARCH_CROSS_SEED,FUNCTIONAL,0-2-4-1-3,1.1032969951629639,1.455568552017212,0.7579835340863544,0.0,TRUE
GRU,New Zealand,2025,42,CROSS_ARCH_CROSS_SEED,FUNCTIONAL,1-0-4-3-2,0.934122622013092,1.455568552017212,0.6417579032732813,0.0,TRUE
GRU,New Zealand,42,42,CROSS_ARCH_SAME_SEED_ID,THETA_RKA_1e-3,0-1-2-3-4,0.1192256361246109,1.455568552017212,0.08191001101211004,0.0,TRUE
GRU,New Zealand,123,42,CROSS_ARCH_CROSS_SEED,THETA_RKA_1e-3,0-2-4-1-3,1.1412240266799927,1.455568552017212,0.7840400406414509,0.0,TRUE
GRU,New Zealand,2025,42,CROSS_ARCH_CROSS_SEED,THETA_RKA_1e-3,1-0-4-3-2,0.9285275340080261,1.455568552017212,0.6379139840038578,0.0,TRUE
GRU,New Zealand,42,123,CROSS_ARCH_CROSS_SEED,FUNCTIONAL,0-3-1-4-2,2.1143102645874023,1.8557652235031128,1.13931990847217,0.0,TRUE
GRU,New Zealand,123,123,CROSS_ARCH_SAME_SEED_ID,FUNCTIONAL,0-1-2-3-4,0.09805461019277573,1.8557652235031128,0.052837831505258434,0.0,TRUE
GRU,New Zealand,2025,123,CROSS_ARCH_CROSS_SEED,FUNCTIONAL,0-1-3-2-4,2.9002602100372314,1.8557652235031128,1.5628378920488843,0.0,TRUE
GRU,New Zealand,42,123,CROSS_ARCH_CROSS_SEED,THETA_RKA_1e-3,0-3-1-4-2,2.150818347930908,1.8557652235031128,1.1589927005264309,0.0,TRUE
GRU,New Zealand,123,123,CROSS_ARCH_SAME_SEED_ID,THETA_RKA_1e-3,0-1-2-3-4,0.16125991940498352,1.8557652235031128,0.08689672452239108,0.0,TRUE
GRU,New Zealand,2025,123,CROSS_ARCH_CROSS_SEED,THETA_RKA_1e-3,0-1-3-2-4,2.978563070297241,1.8557652235031128,1.6050322705555566,0.0,TRUE
GRU,New Zealand,42,2025,CROSS_ARCH_CROSS_SEED,FUNCTIONAL,1-3-0-4-2,0.8316475749015808,0.6132425665855408,1.3561478283089385,0.0,TRUE
GRU,New Zealand,123,2025,CROSS_ARCH_CROSS_SEED,FUNCTIONAL,0-1-3-2-4,2.9788119792938232,0.6132425665855408,4.8574775164083634,0.0,TRUE
GRU,New Zealand,2025,2025,CROSS_ARCH_SAME_SEED_ID,FUNCTIONAL,0-1-2-3-4,0.2484915554523468,0.6132425665855408,0.40520924181098067,0.0,TRUE
GRU,New Zealand,42,2025,CROSS_ARCH_CROSS_SEED,THETA_RKA_1e-3,1-3-0-4-2,0.8273528218269348,0.6132425665855408,1.3491444770925372,0.0,TRUE
GRU,New Zealand,123,2025,CROSS_ARCH_CROSS_SEED,THETA_RKA_1e-3,0-1-3-2-4,2.990370035171509,0.6132425665855408,4.876324961950247,0.0,TRUE
GRU,New Zealand,2025,2025,CROSS_ARCH_SAME_SEED_ID,THETA_RKA_1e-3,0-1-2-3-4,0.3403737246990204,0.6132425665855408,0.5550392996920932,0.0,TRUE
GRU,Northern Mariana Islands,42,42,CROSS_ARCH_SAME_SEED_ID,FUNCTIONAL,0-1-2-3-4,0.7392032742500305,1.5445860624313354,0.47857694189370675,0.0,TRUE
GRU,Northern Mariana Islands,123,42,CROSS_ARCH_CROSS_SEED,FUNCTIONAL,2-3-4-1-0,1.8375656604766846,1.5445860624313354,1.189681627441445,0.0,TRUE
GRU,Northern Mariana Islands,2025,42,CROSS_ARCH_CROSS_SEED,FUNCTIONAL,1-2-4-3-0,4.198183536529541,1.5445860624313354,2.7179991058064927,0.0,TRUE
GRU,Northern Mariana Islands,42,42,CROSS_ARCH_SAME_SEED_ID,THETA_RKA_1e-3,0-1-2-3-4,0.8009212613105774,1.5445860624313354,0.518534564561489,0.0,TRUE
GRU,Northern Mariana Islands,123,42,CROSS_ARCH_CROSS_SEED,THETA_RKA_1e-3,2-4-1-3-0,4.023751735687256,1.5445860624313354,2.605068007252028,0.0,TRUE
GRU,Northern Mariana Islands,2025,42,CROSS_ARCH_CROSS_SEED,THETA_RKA_1e-3,2-3-4-1-0,4.190245151519775,1.5445860624313354,2.712859615555448,0.0,TRUE
GRU,Northern Mariana Islands,42,123,CROSS_ARCH_CROSS_SEED,FUNCTIONAL,0-3-2-4-1,1.1441994905471802,5.13007116317749,0.22303774239234528,0.0,TRUE
GRU,Northern Mariana Islands,123,123,CROSS_ARCH_SAME_SEED_ID,FUNCTIONAL,0-1-2-3-4,2.728132724761963,5.13007116317749,0.531792374410689,0.0,TRUE
GRU,Northern Mariana Islands,2025,123,CROSS_ARCH_CROSS_SEED,FUNCTIONAL,0-1-2-3-4,12.891349792480469,5.13007116317749,2.5128988239016468,0.0,TRUE
GRU,Northern Mariana Islands,42,123,CROSS_ARCH_CROSS_SEED,THETA_RKA_1e-3,0-3-2-4-1,1.0435781478881836,5.13007116317749,0.2034237176627793,0.0,TRUE
GRU,Northern Mariana Islands,123,123,CROSS_ARCH_SAME_SEED_ID,THETA_RKA_1e-3,0-1-2-3-4,0.9070705771446228,5.13007116317749,0.17681442387298127,0.0,TRUE
GRU,Northern Mariana Islands,2025,123,CROSS_ARCH_CROSS_SEED,THETA_RKA_1e-3,0-1-2-3-4,11.662078857421875,5.13007116317749,2.2732781839615956,0.0,TRUE
GRU,Northern Mariana Islands,42,2025,CROSS_ARCH_CROSS_SEED,FUNCTIONAL,0-3-1-4-2,7.68834924697876,1.276165246963501,6.024571868942808,0.0,TRUE
GRU,Northern Mariana Islands,123,2025,CROSS_ARCH_CROSS_SEED,FUNCTIONAL,0-1-4-3-2,4.072377681732178,1.276165246963501,3.1911052988019897,0.0,TRUE
GRU,Northern Mariana Islands,2025,2025,CROSS_ARCH_SAME_SEED_ID,FUNCTIONAL,0-1-2-3-4,0.6626600623130798,1.276165246963501,0.5192588216062213,0.0,TRUE
GRU,Northern Mariana Islands,42,2025,CROSS_ARCH_CROSS_SEED,THETA_RKA_1e-3,0-3-1-4-2,8.031579971313477,1.276165246963501,6.293526634128114,0.0,TRUE
GRU,Northern Mariana Islands,123,2025,CROSS_ARCH_CROSS_SEED,THETA_RKA_1e-3,0-1-4-3-2,9.018630981445312,1.276165246963501,7.066977417622195,0.0,TRUE
GRU,Northern Mariana Islands,2025,2025,CROSS_ARCH_SAME_SEED_ID,THETA_RKA_1e-3,0-1-2-3-4,0.5525087714195251,1.276165246963501,0.43294453655916487,0.0,TRUE
GRU,Papua New Guinea,42,42,CROSS_ARCH_SAME_SEED_ID,FUNCTIONAL,0-1-2-3-4,0.17927050590515137,0.6895301938056946,0.25998934856748085,0.0,TRUE
GRU,Papua New Guinea,123,42,CROSS_ARCH_CROSS_SEED,FUNCTIONAL,3-0-4-1-2,1.2256453037261963,0.6895301938056946,1.7775078085580915,0.0,TRUE
GRU,Papua New Guinea,2025,42,CROSS_ARCH_CROSS_SEED,FUNCTIONAL,2-3-4-1-0,1.8916233777999878,0.6895301938056946,2.743351045092937,0.0,TRUE
GRU,Papua New Guinea,42,42,CROSS_ARCH_SAME_SEED_ID,THETA_RKA_1e-3,0-1-2-3-4,0.2828778326511383,0.6895301938056946,0.4102472019243461,0.0,TRUE
GRU,Papua New Guinea,123,42,CROSS_ARCH_CROSS_SEED,THETA_RKA_1e-3,2-3-4-1-0,1.4455339908599854,0.6895301938056946,2.0964041949805146,0.0,TRUE
GRU,Papua New Guinea,2025,42,CROSS_ARCH_CROSS_SEED,THETA_RKA_1e-3,2-3-4-1-0,2.0688834190368652,0.6895301938056946,3.000424691510846,0.0,TRUE
GRU,Papua New Guinea,42,123,CROSS_ARCH_CROSS_SEED,FUNCTIONAL,4-3-1-0-2,1.0912445783615112,0.8918259739875793,1.2236070827610916,0.0,TRUE
GRU,Papua New Guinea,123,123,CROSS_ARCH_SAME_SEED_ID,FUNCTIONAL,0-1-2-3-4,0.6736277341842651,0.8918259739875793,0.7553354060459859,0.0,TRUE
GRU,Papua New Guinea,2025,123,CROSS_ARCH_CROSS_SEED,FUNCTIONAL,0-3-2-1-4,1.9216439723968506,0.8918259739875793,2.1547297661725353,0.0,TRUE
GRU,Papua New Guinea,42,123,CROSS_ARCH_CROSS_SEED,THETA_RKA_1e-3,4-3-1-0-2,1.086654543876648,0.8918259739875793,1.2184603000717067,0.0,TRUE
GRU,Papua New Guinea,123,123,CROSS_ARCH_SAME_SEED_ID,THETA_RKA_1e-3,0-1-2-3-4,0.21198712289333344,0.8918259739875793,0.23770009965675862,0.0,TRUE
GRU,Papua New Guinea,2025,123,CROSS_ARCH_CROSS_SEED,THETA_RKA_1e-3,0-1-2-3-4,1.9651256799697876,0.8918259739875793,2.2034855871972576,0.0,TRUE
GRU,Papua New Guinea,42,2025,CROSS_ARCH_CROSS_SEED,FUNCTIONAL,1-0-4-3-2,0.4116104245185852,1.0449144840240479,0.3939178093631558,0.0,TRUE
GRU,Papua New Guinea,123,2025,CROSS_ARCH_CROSS_SEED,FUNCTIONAL,0-1-2-3-4,0.8468126058578491,1.0449144840240479,0.8104133101846834,0.0,TRUE
GRU,Papua New Guinea,2025,2025,CROSS_ARCH_SAME_SEED_ID,FUNCTIONAL,0-1-2-3-4,0.1245504766702652,1.0449144840240479,0.11919681330343083,0.0,TRUE
GRU,Papua New Guinea,42,2025,CROSS_ARCH_CROSS_SEED,THETA_RKA_1e-3,1-0-4-2-3,0.3621087074279785,1.0449144840240479,0.34654386838764967,0.0,TRUE
GRU,Papua New Guinea,123,2025,CROSS_ARCH_CROSS_SEED,THETA_RKA_1e-3,0-3-2-4-1,0.7424548864364624,1.0449144840240479,0.7105412909745592,0.0,TRUE
GRU,Papua New Guinea,2025,2025,CROSS_ARCH_SAME_SEED_ID,THETA_RKA_1e-3,0-1-2-3-4,0.15981268882751465,1.0449144840240479,0.15294331858820007,0.0,TRUE
GRU,Philippines,42,42,CROSS_ARCH_SAME_SEED_ID,FUNCTIONAL,0-1-2-3-4,110.1192398071289,225.25938415527344,0.48885528218980956,0.0,TRUE
GRU,Philippines,123,42,CROSS_ARCH_CROSS_SEED,FUNCTIONAL,0-2-4-3-1,346.76300048828125,225.25938415527344,1.5393942489394992,0.0,TRUE
GRU,Philippines,2025,42,CROSS_ARCH_CROSS_SEED,FUNCTIONAL,3-4-0-2-1,109.0785903930664,225.25938415527344,0.48423549945372085,0.0,TRUE
GRU,Philippines,42,42,CROSS_ARCH_SAME_SEED_ID,THETA_RKA_1e-3,0-1-2-3-4,119.45359802246094,225.25938415527344,0.5302935479044035,0.0,TRUE
GRU,Philippines,123,42,CROSS_ARCH_CROSS_SEED,THETA_RKA_1e-3,0-2-4-3-1,352.4636535644531,225.25938415527344,1.5647013103857932,0.0,TRUE
GRU,Philippines,2025,42,CROSS_ARCH_CROSS_SEED,THETA_RKA_1e-3,0-3-4-2-1,324.6045227050781,225.25938415527344,1.441025526738212,0.0,TRUE
GRU,Philippines,42,123,CROSS_ARCH_CROSS_SEED,FUNCTIONAL,0-1-4-3-2,985.939453125,763.8327026367188,1.2907793155773222,0.0,TRUE
GRU,Philippines,123,123,CROSS_ARCH_SAME_SEED_ID,FUNCTIONAL,0-1-2-3-4,195.2560577392578,763.8327026367188,0.25562673222191457,0.0,TRUE
GRU,Philippines,2025,123,CROSS_ARCH_CROSS_SEED,FUNCTIONAL,3-2-1-4-0,1001.1386108398438,763.8327026367188,1.3106778583634282,0.0,TRUE
GRU,Philippines,42,123,CROSS_ARCH_CROSS_SEED,THETA_RKA_1e-3,0-1-4-3-2,955.7984008789062,763.8327026367188,1.251319035673034,0.0,TRUE
GRU,Philippines,123,123,CROSS_ARCH_SAME_SEED_ID,THETA_RKA_1e-3,0-1-2-3-4,202.79725646972656,763.8327026367188,0.26549957309981476,0.0,TRUE
GRU,Philippines,2025,123,CROSS_ARCH_CROSS_SEED,THETA_RKA_1e-3,4-1-2-3-0,329.0075988769531,763.8327026367188,0.43073253834410674,0.0,TRUE
GRU,Philippines,42,2025,CROSS_ARCH_CROSS_SEED,FUNCTIONAL,0-4-3-1-2,181.9169921875,150.27767944335938,1.2105390026072747,0.0,TRUE
GRU,Philippines,123,2025,CROSS_ARCH_CROSS_SEED,FUNCTIONAL,4-1-2-3-0,32.5013542175293,150.27767944335938,0.21627532670132338,0.0,TRUE
GRU,Philippines,2025,2025,CROSS_ARCH_SAME_SEED_ID,FUNCTIONAL,0-1-2-3-4,110.10636901855469,150.27767944335938,0.7326861143078436,0.0,TRUE
GRU,Philippines,42,2025,CROSS_ARCH_CROSS_SEED,THETA_RKA_1e-3,0-4-3-1-2,186.9995574951172,150.27767944335938,1.2443601617204805,0.0,TRUE
GRU,Philippines,123,2025,CROSS_ARCH_CROSS_SEED,THETA_RKA_1e-3,4-1-2-3-0,33.15941619873047,150.27767944335938,0.22065430023643975,0.0,TRUE
GRU,Philippines,2025,2025,CROSS_ARCH_SAME_SEED_ID,THETA_RKA_1e-3,0-1-2-3-4,27.087249755859375,150.27767944335938,0.18024799062770153,0.0,TRUE
GRU,Singapore,42,42,CROSS_ARCH_SAME_SEED_ID,FUNCTIONAL,0-1-2-3-4,0.8177866339683533,1.7670042514801025,0.4628096583714202,0.0,TRUE
GRU,Singapore,123,42,CROSS_ARCH_CROSS_SEED,FUNCTIONAL,3-1-4-2-0,2.9027938842773438,1.7670042514801025,1.642776966634837,0.0,TRUE
GRU,Singapore,2025,42,CROSS_ARCH_CROSS_SEED,FUNCTIONAL,3-4-0-2-1,2.173609495162964,1.7670042514801025,1.2301099407894889,0.0,TRUE
GRU,Singapore,42,42,CROSS_ARCH_SAME_SEED_ID,THETA_RKA_1e-3,0-1-2-3-4,1.2579820156097412,1.7670042514801025,0.7119292523241033,0.0,TRUE
GRU,Singapore,123,42,CROSS_ARCH_CROSS_SEED,THETA_RKA_1e-3,3-1-4-0-2,4.188353538513184,1.7670042514801025,2.3703132208113686,0.0,TRUE
GRU,Singapore,2025,42,CROSS_ARCH_CROSS_SEED,THETA_RKA_1e-3,1-4-0-2-3,3.503410816192627,1.7670042514801025,1.9826838635266733,0.0,TRUE
GRU,Singapore,42,123,CROSS_ARCH_CROSS_SEED,FUNCTIONAL,2-1-0-3-4,40.87346267700195,23.597707748413086,1.7320946217647195,0.0,TRUE
GRU,Singapore,123,123,CROSS_ARCH_SAME_SEED_ID,FUNCTIONAL,0-1-2-3-4,67.80162048339844,23.597707748413086,2.87322909522676,0.0,TRUE
GRU,Singapore,2025,123,CROSS_ARCH_CROSS_SEED,FUNCTIONAL,3-1-0-2-4,20.734739303588867,23.597707748413086,0.8786759936453256,0.0,TRUE
GRU,Singapore,42,123,CROSS_ARCH_CROSS_SEED,THETA_RKA_1e-3,2-1-0-3-4,35.64299392700195,23.597707748413086,1.5104430611231252,0.0,TRUE
GRU,Singapore,123,123,CROSS_ARCH_SAME_SEED_ID,THETA_RKA_1e-3,0-1-2-3-4,61.789794921875,23.597707748413086,2.6184659790114693,0.0,TRUE
GRU,Singapore,2025,123,CROSS_ARCH_CROSS_SEED,THETA_RKA_1e-3,3-1-0-2-4,17.67137336730957,23.597707748413086,0.7488597433154475,0.0,TRUE
GRU,Singapore,42,2025,CROSS_ARCH_CROSS_SEED,FUNCTIONAL,2-0-4-1-3,73.59034729003906,91.62602996826172,0.8031598369538654,0.0,TRUE
GRU,Singapore,123,2025,CROSS_ARCH_CROSS_SEED,FUNCTIONAL,4-1-3-2-0,107.6708984375,91.62602996826172,1.175112557804764,0.0,TRUE
GRU,Singapore,2025,2025,CROSS_ARCH_SAME_SEED_ID,FUNCTIONAL,0-1-2-3-4,65.44539642333984,91.62602996826172,0.7142664202084215,0.0,TRUE
GRU,Singapore,42,2025,CROSS_ARCH_CROSS_SEED,THETA_RKA_1e-3,2-0-3-1-4,73.03292083740234,91.62602996826172,0.7970761241396159,0.0,TRUE
GRU,Singapore,123,2025,CROSS_ARCH_CROSS_SEED,THETA_RKA_1e-3,0-3-1-2-4,142.97879028320312,91.62602996826172,1.5604603880876369,0.0,TRUE
GRU,Singapore,2025,2025,CROSS_ARCH_SAME_SEED_ID,THETA_RKA_1e-3,0-1-2-3-4,54.07169723510742,91.62602996826172,0.590134673016361,0.0,TRUE
GRU,Sri Lanka,42,42,CROSS_ARCH_SAME_SEED_ID,FUNCTIONAL,0-1-2-3-4,392.98443603515625,314.87640380859375,1.2480593378284472,0.0,TRUE
GRU,Sri Lanka,123,42,CROSS_ARCH_CROSS_SEED,FUNCTIONAL,2-0-4-3-1,450.3836975097656,314.87640380859375,1.4303507409959613,0.0,TRUE
GRU,Sri Lanka,2025,42,CROSS_ARCH_CROSS_SEED,FUNCTIONAL,1-0-4-3-2,292.6338195800781,314.87640380859375,0.9293609049154525,0.0,TRUE
GRU,Sri Lanka,42,42,CROSS_ARCH_SAME_SEED_ID,THETA_RKA_1e-3,0-1-2-3-4,430.21014404296875,314.87640380859375,1.3662825757641839,0.0,TRUE
GRU,Sri Lanka,123,42,CROSS_ARCH_CROSS_SEED,THETA_RKA_1e-3,3-0-4-1-2,323.45452880859375,314.87640380859375,1.0272428320961593,0.0,TRUE
GRU,Sri Lanka,2025,42,CROSS_ARCH_CROSS_SEED,THETA_RKA_1e-3,2-1-4-0-3,342.8344421386719,314.87640380859375,1.0887905158719775,0.0,TRUE
GRU,Sri Lanka,42,123,CROSS_ARCH_CROSS_SEED,FUNCTIONAL,1-3-4-0-2,31.261343002319336,24.27553367614746,1.2877716065635236,0.0,TRUE
GRU,Sri Lanka,123,123,CROSS_ARCH_SAME_SEED_ID,FUNCTIONAL,0-1-2-3-4,34.86220169067383,24.27553367614746,1.4361044397935756,0.0,TRUE
GRU,Sri Lanka,2025,123,CROSS_ARCH_CROSS_SEED,FUNCTIONAL,0-3-2-1-4,20.11819839477539,24.27553367614746,0.8287438151995412,0.0,TRUE
GRU,Sri Lanka,42,123,CROSS_ARCH_CROSS_SEED,THETA_RKA_1e-3,1-3-4-0-2,34.010902404785156,24.27553367614746,1.4010362391416107,0.0,TRUE
GRU,Sri Lanka,123,123,CROSS_ARCH_SAME_SEED_ID,THETA_RKA_1e-3,0-1-2-3-4,4.231146812438965,24.27553367614746,0.17429675775146336,0.0,TRUE
GRU,Sri Lanka,2025,123,CROSS_ARCH_CROSS_SEED,THETA_RKA_1e-3,2-0-3-1-4,36.68569564819336,24.27553367614746,1.511220974072336,0.0,TRUE
GRU,Sri Lanka,42,2025,CROSS_ARCH_CROSS_SEED,FUNCTIONAL,1-4-0-3-2,693.9548950195312,200.78762817382812,3.456163615911399,0.0,TRUE
GRU,Sri Lanka,123,2025,CROSS_ARCH_CROSS_SEED,FUNCTIONAL,1-3-2-0-4,286.59893798828125,200.78762817382812,1.4273734920568093,0.0,TRUE
GRU,Sri Lanka,2025,2025,CROSS_ARCH_SAME_SEED_ID,FUNCTIONAL,0-1-2-3-4,222.7097625732422,200.78762817382812,1.1091807030084313,0.0,TRUE
GRU,Sri Lanka,42,2025,CROSS_ARCH_CROSS_SEED,THETA_RKA_1e-3,1-4-0-3-2,731.7489013671875,200.78762817382812,3.6443923762757415,0.0,TRUE
GRU,Sri Lanka,123,2025,CROSS_ARCH_CROSS_SEED,THETA_RKA_1e-3,0-3-2-1-4,279.2568664550781,200.78762817382812,1.3908071378447517,0.0,TRUE
GRU,Sri Lanka,2025,2025,CROSS_ARCH_SAME_SEED_ID,THETA_RKA_1e-3,0-1-2-3-4,252.10145568847656,200.78762817382812,1.2555626956767698,0.0,TRUE
GRU,Switzerland,42,42,CROSS_ARCH_SAME_SEED_ID,FUNCTIONAL,0-1-2-3-4,449.8883972167969,894.1630249023438,0.503139119699041,0.0,TRUE
GRU,Switzerland,123,42,CROSS_ARCH_CROSS_SEED,FUNCTIONAL,0-1-4-3-2,1362.837890625,894.1630249023438,1.5241492352849668,0.0,TRUE
GRU,Switzerland,2025,42,CROSS_ARCH_CROSS_SEED,FUNCTIONAL,3-4-0-2-1,471.0442199707031,894.1630249023438,0.5267990364756453,0.0,TRUE
GRU,Switzerland,42,42,CROSS_ARCH_SAME_SEED_ID,THETA_RKA_1e-3,0-1-2-3-4,292.7411193847656,894.1630249023438,0.32739121528396614,0.0,TRUE
GRU,Switzerland,123,42,CROSS_ARCH_CROSS_SEED,THETA_RKA_1e-3,0-1-4-3-2,1503.7567138671875,894.1630249023438,1.6817478155411545,0.0,TRUE
GRU,Switzerland,2025,42,CROSS_ARCH_CROSS_SEED,THETA_RKA_1e-3,3-4-0-2-1,1055.464599609375,894.1630249023438,1.1803939217064447,0.0,TRUE
GRU,Switzerland,42,123,CROSS_ARCH_CROSS_SEED,FUNCTIONAL,0-2-3-4-1,1556.08984375,811.2763671875,1.918076141111554,0.0,TRUE
GRU,Switzerland,123,123,CROSS_ARCH_SAME_SEED_ID,FUNCTIONAL,0-1-2-3-4,1466.400634765625,811.2763671875,1.8075229281598368,0.0,TRUE
GRU,Switzerland,2025,123,CROSS_ARCH_CROSS_SEED,FUNCTIONAL,3-4-1-0-2,2616.794677734375,811.2763671875,3.2255280488524183,0.0,TRUE
GRU,Switzerland,42,123,CROSS_ARCH_CROSS_SEED,THETA_RKA_1e-3,0-2-3-4-1,1732.3033447265625,811.2763671875,2.1352814093821584,0.0,TRUE
GRU,Switzerland,123,123,CROSS_ARCH_SAME_SEED_ID,THETA_RKA_1e-3,0-1-2-3-4,457.29693603515625,811.2763671875,0.5636758995217557,0.0,TRUE
GRU,Switzerland,2025,123,CROSS_ARCH_CROSS_SEED,THETA_RKA_1e-3,3-4-1-0-2,1253.3841552734375,811.2763671875,1.5449533672706612,0.0,TRUE
GRU,Switzerland,42,2025,CROSS_ARCH_CROSS_SEED,FUNCTIONAL,2-3-4-0-1,483.2253723144531,493.27972412109375,0.9796173422198631,0.0,TRUE
GRU,Switzerland,123,2025,CROSS_ARCH_CROSS_SEED,FUNCTIONAL,1-3-2-0-4,731.1787719726562,493.27972412109375,1.4822802077978,0.0,TRUE
GRU,Switzerland,2025,2025,CROSS_ARCH_SAME_SEED_ID,FUNCTIONAL,0-1-2-3-4,486.1212463378906,493.27972412109375,0.9854879950803617,0.0,TRUE
GRU,Switzerland,42,2025,CROSS_ARCH_CROSS_SEED,THETA_RKA_1e-3,2-3-4-1-0,1293.5625,493.27972412109375,2.622371114695254,0.0,TRUE
GRU,Switzerland,123,2025,CROSS_ARCH_CROSS_SEED,THETA_RKA_1e-3,1-3-2-0-4,967.0060424804688,493.27972412109375,1.960360410522532,0.0,TRUE
GRU,Switzerland,2025,2025,CROSS_ARCH_SAME_SEED_ID,THETA_RKA_1e-3,0-1-2-3-4,549.26513671875,493.27972412109375,1.1134962777912853,0.0,TRUE
GRU,Thailand,42,42,CROSS_ARCH_SAME_SEED_ID,FUNCTIONAL,0-1-2-3-4,12.470598220825195,153.0994415283203,0.08145423716988795,0.0,TRUE
GRU,Thailand,123,42,CROSS_ARCH_CROSS_SEED,FUNCTIONAL,0-1-4-3-2,106.72856140136719,153.0994415283203,0.6971192078556638,0.0,TRUE
GRU,Thailand,2025,42,CROSS_ARCH_CROSS_SEED,FUNCTIONAL,1-4-0-3-2,130.73068237304688,153.0994415283203,0.8538939206310843,0.0,TRUE
GRU,Thailand,42,42,CROSS_ARCH_SAME_SEED_ID,THETA_RKA_1e-3,0-1-2-3-4,12.899500846862793,153.0994415283203,0.08425570151068543,0.0,TRUE
GRU,Thailand,123,42,CROSS_ARCH_CROSS_SEED,THETA_RKA_1e-3,0-3-4-1-2,203.88943481445312,153.0994415283203,1.3317451244702136,0.0,TRUE
GRU,Thailand,2025,42,CROSS_ARCH_CROSS_SEED,THETA_RKA_1e-3,1-3-4-0-2,114.65106964111328,153.0994415283203,0.7488666744738265,0.0,TRUE
GRU,Thailand,42,123,CROSS_ARCH_CROSS_SEED,FUNCTIONAL,0-1-4-3-2,90.74712371826172,51.8563232421875,1.7499721932548193,0.0,TRUE
GRU,Thailand,123,123,CROSS_ARCH_SAME_SEED_ID,FUNCTIONAL,0-1-2-3-4,99.73641204833984,51.8563232421875,1.9233220909730773,0.0,TRUE
GRU,Thailand,2025,123,CROSS_ARCH_CROSS_SEED,FUNCTIONAL,0-3-2-1-4,89.416748046875,51.8563232421875,1.7243171604987677,0.0,TRUE
GRU,Thailand,42,123,CROSS_ARCH_CROSS_SEED,THETA_RKA_1e-3,0-1-4-3-2,89.63288116455078,51.8563232421875,1.728485082637527,0.0,TRUE
GRU,Thailand,123,123,CROSS_ARCH_SAME_SEED_ID,THETA_RKA_1e-3,0-1-2-3-4,67.22869873046875,51.8563232421875,1.2964416782209334,0.0,TRUE
GRU,Thailand,2025,123,CROSS_ARCH_CROSS_SEED,THETA_RKA_1e-3,2-3-1-0-4,83.97642517089844,51.8563232421875,1.619405694821413,0.0,TRUE
GRU,Thailand,42,2025,CROSS_ARCH_CROSS_SEED,FUNCTIONAL,2-0-4-1-3,147.360107421875,96.31309509277344,1.5300111296385046,0.0,TRUE
GRU,Thailand,123,2025,CROSS_ARCH_CROSS_SEED,FUNCTIONAL,0-2-3-1-4,168.79849243164062,96.31309509277344,1.7526016817240246,0.0,TRUE
GRU,Thailand,2025,2025,CROSS_ARCH_SAME_SEED_ID,FUNCTIONAL,0-1-2-3-4,22.278757095336914,96.31309509277344,0.2313159708332178,0.0,TRUE
GRU,Thailand,42,2025,CROSS_ARCH_CROSS_SEED,THETA_RKA_1e-3,2-0-4-1-3,146.16958618164062,96.31309509277344,1.5176501808071166,0.0,TRUE
GRU,Thailand,123,2025,CROSS_ARCH_CROSS_SEED,THETA_RKA_1e-3,0-2-3-1-4,80.69905090332031,96.31309509277344,0.8378824377472978,0.0,TRUE
GRU,Thailand,2025,2025,CROSS_ARCH_SAME_SEED_ID,THETA_RKA_1e-3,0-1-2-3-4,88.68171691894531,96.31309509277344,0.9207648952982228,0.0,TRUE
GRU,Timor-Leste,42,42,CROSS_ARCH_SAME_SEED_ID,FUNCTIONAL,0-1-2-3-4,0.02279561571776867,0.030588209629058838,0.7452419083761217,0.0,TRUE
GRU,Timor-Leste,123,42,CROSS_ARCH_CROSS_SEED,FUNCTIONAL,2-3-4-1-0,0.0795489177107811,0.030588209629058838,2.600639876457808,0.0,TRUE
GRU,Timor-Leste,2025,42,CROSS_ARCH_CROSS_SEED,FUNCTIONAL,2-1-4-3-0,0.0469299741089344,0.030588209629058838,1.5342504408741486,0.0,TRUE
GRU,Timor-Leste,42,42,CROSS_ARCH_SAME_SEED_ID,THETA_RKA_1e-3,0-1-2-3-4,0.021293682977557182,0.030588209629058838,0.6961402199012052,0.0,TRUE
GRU,Timor-Leste,123,42,CROSS_ARCH_CROSS_SEED,THETA_RKA_1e-3,2-3-4-1-0,0.07330607622861862,0.030588209629058838,2.396546810604363,0.0,TRUE
GRU,Timor-Leste,2025,42,CROSS_ARCH_CROSS_SEED,THETA_RKA_1e-3,2-1-4-3-0,0.048789627850055695,0.030588209629058838,1.595046864191276,0.0,TRUE
GRU,Timor-Leste,42,123,CROSS_ARCH_CROSS_SEED,FUNCTIONAL,4-3-0-1-2,0.0765119418501854,0.0891328826546669,0.8584030895379026,0.0,TRUE
GRU,Timor-Leste,123,123,CROSS_ARCH_SAME_SEED_ID,FUNCTIONAL,0-1-2-3-4,0.06025918573141098,0.0891328826546669,0.6760601019140928,0.0,TRUE
GRU,Timor-Leste,2025,123,CROSS_ARCH_CROSS_SEED,FUNCTIONAL,0-3-2-1-4,0.09266864508390427,0.0891328826546669,1.0396684402426004,0.0,TRUE
GRU,Timor-Leste,42,123,CROSS_ARCH_CROSS_SEED,THETA_RKA_1e-3,4-3-0-1-2,0.07786846160888672,0.0891328826546669,0.8736221615380416,0.0,TRUE
GRU,Timor-Leste,123,123,CROSS_ARCH_SAME_SEED_ID,THETA_RKA_1e-3,0-1-2-3-4,0.06270469725131989,0.0891328826546669,0.7034967947156002,0.0,TRUE
GRU,Timor-Leste,2025,123,CROSS_ARCH_CROSS_SEED,THETA_RKA_1e-3,0-3-2-1-4,0.09008477628231049,0.0891328826546669,1.0106794888630672,0.0,TRUE
GRU,Timor-Leste,42,2025,CROSS_ARCH_CROSS_SEED,FUNCTIONAL,2-0-4-1-3,0.018190661445260048,0.013199685141444206,1.378113284546859,0.0,TRUE
GRU,Timor-Leste,123,2025,CROSS_ARCH_CROSS_SEED,FUNCTIONAL,0-2-4-3-1,0.0537431426346302,0.013199685141444206,4.0715473178892845,0.0,TRUE
GRU,Timor-Leste,2025,2025,CROSS_ARCH_SAME_SEED_ID,FUNCTIONAL,0-1-2-3-4,0.03250763565301895,0.013199685141444206,2.4627584146648984,0.0,TRUE
GRU,Timor-Leste,42,2025,CROSS_ARCH_CROSS_SEED,THETA_RKA_1e-3,2-0-4-1-3,0.017535677179694176,0.013199685141444206,1.3284920808175853,0.0,TRUE
GRU,Timor-Leste,123,2025,CROSS_ARCH_CROSS_SEED,THETA_RKA_1e-3,0-2-4-3-1,0.05530901998281479,0.013199685141444206,4.190177219391106,0.0,TRUE
GRU,Timor-Leste,2025,2025,CROSS_ARCH_SAME_SEED_ID,THETA_RKA_1e-3,0-1-2-3-4,0.03143899887800217,0.013199685141444206,2.381799152109348,0.0,TRUE
GRU,United Kingdom of Great Britain and Northern Ireland,42,42,CROSS_ARCH_SAME_SEED_ID,FUNCTIONAL,3-1-2-4-0,6133.77783203125,5501.3037109375,1.114968042908863,0.0,TRUE
GRU,United Kingdom of Great Britain and Northern Ireland,123,42,CROSS_ARCH_CROSS_SEED,FUNCTIONAL,1-2-3-0-4,7263.43408203125,5501.3037109375,1.320311414109049,0.0,TRUE
GRU,United Kingdom of Great Britain and Northern Ireland,2025,42,CROSS_ARCH_CROSS_SEED,FUNCTIONAL,1-3-2-0-4,4765.80712890625,5501.3037109375,0.866305039554722,0.0,TRUE
GRU,United Kingdom of Great Britain and Northern Ireland,42,42,CROSS_ARCH_SAME_SEED_ID,THETA_RKA_1e-3,3-1-2-4-0,5772.92333984375,5501.3037109375,1.0493736836172534,0.0,TRUE
GRU,United Kingdom of Great Britain and Northern Ireland,123,42,CROSS_ARCH_CROSS_SEED,THETA_RKA_1e-3,1-2-4-0-3,8505.5419921875,5501.3037109375,1.5460956964213917,0.0,TRUE
GRU,United Kingdom of Great Britain and Northern Ireland,2025,42,CROSS_ARCH_CROSS_SEED,THETA_RKA_1e-3,2-3-4-0-1,3262.947021484375,5501.3037109375,0.5931225020347627,0.0,TRUE
GRU,United Kingdom of Great Britain and Northern Ireland,42,123,CROSS_ARCH_CROSS_SEED,FUNCTIONAL,2-0-1-3-4,10488.873046875,12590.3076171875,0.8330910860792827,0.0,TRUE
GRU,United Kingdom of Great Britain and Northern Ireland,123,123,CROSS_ARCH_SAME_SEED_ID,FUNCTIONAL,0-1-2-3-4,7510.2978515625,12590.3076171875,0.5965142457131001,0.0,TRUE
GRU,United Kingdom of Great Britain and Northern Ireland,2025,123,CROSS_ARCH_CROSS_SEED,FUNCTIONAL,0-1-3-4-2,13943.654296875,12590.3076171875,1.107491152784861,0.0,TRUE
GRU,United Kingdom of Great Britain and Northern Ireland,42,123,CROSS_ARCH_CROSS_SEED,THETA_RKA_1e-3,2-0-1-3-4,11723.7880859375,12590.3076171875,0.9311756664255699,0.0,TRUE
GRU,United Kingdom of Great Britain and Northern Ireland,123,123,CROSS_ARCH_SAME_SEED_ID,THETA_RKA_1e-3,0-1-2-3-4,4097.94775390625,12590.3076171875,0.3254843232195525,0.0,TRUE
GRU,United Kingdom of Great Britain and Northern Ireland,2025,123,CROSS_ARCH_CROSS_SEED,THETA_RKA_1e-3,0-1-3-4-2,10172.7548828125,12590.3076171875,0.8079830288598582,0.0,TRUE
GRU,United Kingdom of Great Britain and Northern Ireland,42,2025,CROSS_ARCH_CROSS_SEED,FUNCTIONAL,4-3-0-1-2,8979.9296875,5221.85986328125,1.7196803289656455,0.0,TRUE
GRU,United Kingdom of Great Britain and Northern Ireland,123,2025,CROSS_ARCH_CROSS_SEED,FUNCTIONAL,0-1-4-2-3,8892.4677734375,5221.85986328125,1.702931140677865,0.0,TRUE
GRU,United Kingdom of Great Britain and Northern Ireland,2025,2025,CROSS_ARCH_SAME_SEED_ID,FUNCTIONAL,0-1-2-4-3,3552.380126953125,5221.85986328125,0.6802902069303949,0.0,TRUE
GRU,United Kingdom of Great Britain and Northern Ireland,42,2025,CROSS_ARCH_CROSS_SEED,THETA_RKA_1e-3,4-3-0-1-2,8550.9501953125,5221.85986328125,1.6375296195596019,0.0,TRUE
GRU,United Kingdom of Great Britain and Northern Ireland,123,2025,CROSS_ARCH_CROSS_SEED,THETA_RKA_1e-3,0-1-2-4-3,6868.88623046875,5221.85986328125,1.315409913385259,0.0,TRUE
GRU,United Kingdom of Great Britain and Northern Ireland,2025,2025,CROSS_ARCH_SAME_SEED_ID,THETA_RKA_1e-3,0-1-2-3-4,4340.73388671875,5221.85986328125,0.831262040799228,0.0,TRUE
GRU,Viet Nam,42,42,CROSS_ARCH_SAME_SEED_ID,FUNCTIONAL,0-4-2-3-1,2797.460205078125,3802.232421875,0.7357415051704308,0.0,TRUE
GRU,Viet Nam,123,42,CROSS_ARCH_CROSS_SEED,FUNCTIONAL,0-4-2-1-3,3065.710693359375,3802.232421875,0.8062922917919828,0.0,TRUE
GRU,Viet Nam,2025,42,CROSS_ARCH_CROSS_SEED,FUNCTIONAL,2-0-4-1-3,5064.83251953125,3802.232421875,1.332068100411816,0.0,TRUE
GRU,Viet Nam,42,42,CROSS_ARCH_SAME_SEED_ID,THETA_RKA_1e-3,0-1-2-3-4,3098.455810546875,3802.232421875,0.8149043684759621,0.0,TRUE
GRU,Viet Nam,123,42,CROSS_ARCH_CROSS_SEED,THETA_RKA_1e-3,0-4-2-1-3,3102.164306640625,3802.232421875,0.8158797155043064,0.0,TRUE
GRU,Viet Nam,2025,42,CROSS_ARCH_CROSS_SEED,THETA_RKA_1e-3,0-2-3-4-1,3528.664794921875,3802.232421875,0.9280507879057482,0.0,TRUE
GRU,Viet Nam,42,123,CROSS_ARCH_CROSS_SEED,FUNCTIONAL,1-2-0-3-4,1753.2286376953125,1184.163330078125,1.4805631901974565,0.0,TRUE
GRU,Viet Nam,123,123,CROSS_ARCH_SAME_SEED_ID,FUNCTIONAL,0-1-2-3-4,1593.5380859375,1184.163330078125,1.3457080163361979,0.0,TRUE
GRU,Viet Nam,2025,123,CROSS_ARCH_CROSS_SEED,FUNCTIONAL,4-3-2-1-0,1971.6910400390625,1184.163330078125,1.665049904820968,0.0,TRUE
GRU,Viet Nam,42,123,CROSS_ARCH_CROSS_SEED,THETA_RKA_1e-3,1-2-0-3-4,1851.593994140625,1184.163330078125,1.5636305795911332,0.0,TRUE
GRU,Viet Nam,123,123,CROSS_ARCH_SAME_SEED_ID,THETA_RKA_1e-3,0-1-2-3-4,1254.9544677734375,1184.163330078125,1.0597815655131309,0.0,TRUE
GRU,Viet Nam,2025,123,CROSS_ARCH_CROSS_SEED,THETA_RKA_1e-3,0-3-2-1-4,943.7160034179688,1184.163330078125,0.796947498243935,0.0,TRUE
GRU,Viet Nam,42,2025,CROSS_ARCH_CROSS_SEED,FUNCTIONAL,0-3-4-2-1,7700.98388671875,5366.37939453125,1.4350427579843945,0.0,TRUE
GRU,Viet Nam,123,2025,CROSS_ARCH_CROSS_SEED,FUNCTIONAL,0-1-3-4-2,4313.06884765625,5366.37939453125,0.8037204473562932,0.0,TRUE
GRU,Viet Nam,2025,2025,CROSS_ARCH_SAME_SEED_ID,FUNCTIONAL,0-1-2-3-4,3623.49658203125,5366.37939453125,0.6752218424444365,0.0,TRUE
GRU,Viet Nam,42,2025,CROSS_ARCH_CROSS_SEED,THETA_RKA_1e-3,1-3-4-2-0,6478.65869140625,5366.37939453125,1.2072681066881885,0.0,TRUE
GRU,Viet Nam,123,2025,CROSS_ARCH_CROSS_SEED,THETA_RKA_1e-3,0-1-3-4-2,6797.4619140625,5366.37939453125,1.2666756139138489,0.0,TRUE
GRU,Viet Nam,2025,2025,CROSS_ARCH_SAME_SEED_ID,THETA_RKA_1e-3,0-2-1-3-4,3112.002197265625,5366.37939453125,0.579907227662098,0.0,TRUE
TRANSFORMER,Australia,42,42,CROSS_ARCH_SAME_SEED_ID,FUNCTIONAL,0-1-2-3-4,3429.98046875,10952.578125,0.31316649190758455,0.0,TRUE
TRANSFORMER,Australia,123,42,CROSS_ARCH_CROSS_SEED,FUNCTIONAL,3-0-4-1-2,10345.8779296875,10952.578125,0.9446066315721897,0.0,TRUE
TRANSFORMER,Australia,2025,42,CROSS_ARCH_CROSS_SEED,FUNCTIONAL,1-0-4-3-2,5855.69140625,10952.578125,0.5346404599373721,0.0,TRUE
TRANSFORMER,Australia,42,42,CROSS_ARCH_SAME_SEED_ID,THETA_RKA_1e-3,0-1-2-3-4,3605.208251953125,10952.578125,0.3291652623526139,0.0,TRUE
TRANSFORMER,Australia,123,42,CROSS_ARCH_CROSS_SEED,THETA_RKA_1e-3,2-0-3-4-1,6693.60400390625,10952.578125,0.6111441459274001,0.0,TRUE
TRANSFORMER,Australia,2025,42,CROSS_ARCH_CROSS_SEED,THETA_RKA_1e-3,1-0-4-3-2,1507.298828125,10952.578125,0.13762045893874872,0.0,TRUE
TRANSFORMER,Australia,42,123,CROSS_ARCH_CROSS_SEED,FUNCTIONAL,1-4-3-0-2,7234.85009765625,16599.248046875,0.4358540867167952,0.0,TRUE
TRANSFORMER,Australia,123,123,CROSS_ARCH_SAME_SEED_ID,FUNCTIONAL,0-1-2-3-4,15597.849609375,16599.248046875,0.9396720601636817,0.0,TRUE
TRANSFORMER,Australia,2025,123,CROSS_ARCH_CROSS_SEED,FUNCTIONAL,0-1-3-2-4,9555.4375,16599.248046875,0.5756548412925802,0.0,TRUE
TRANSFORMER,Australia,42,123,CROSS_ARCH_CROSS_SEED,THETA_RKA_1e-3,1-4-3-0-2,6328.66162109375,16599.248046875,0.3812619465184264,0.0,TRUE
TRANSFORMER,Australia,123,123,CROSS_ARCH_SAME_SEED_ID,THETA_RKA_1e-3,0-1-2-3-4,2695.984130859375,16599.248046875,0.16241603976554378,0.0,TRUE
TRANSFORMER,Australia,2025,123,CROSS_ARCH_CROSS_SEED,THETA_RKA_1e-3,0-1-2-3-4,3721.91357421875,16599.248046875,0.22422181798285995,0.0,TRUE
TRANSFORMER,Australia,42,2025,CROSS_ARCH_CROSS_SEED,FUNCTIONAL,1-4-0-3-2,10180.720703125,20457.443359375,0.49765361801476027,0.0,TRUE
TRANSFORMER,Australia,123,2025,CROSS_ARCH_CROSS_SEED,FUNCTIONAL,0-1-3-2-4,9769.9609375,20457.443359375,0.4775748741361044,0.0,TRUE
TRANSFORMER,Australia,2025,2025,CROSS_ARCH_SAME_SEED_ID,FUNCTIONAL,0-1-2-3-4,6389.98876953125,20457.443359375,0.3123551979237386,0.0,TRUE
TRANSFORMER,Australia,42,2025,CROSS_ARCH_CROSS_SEED,THETA_RKA_1e-3,1-4-0-3-2,11760.3359375,20457.443359375,0.5748683122766955,0.0,TRUE
TRANSFORMER,Australia,123,2025,CROSS_ARCH_CROSS_SEED,THETA_RKA_1e-3,0-1-3-2-4,133.4053497314453,20457.443359375,0.006521115438909909,0.0,TRUE
TRANSFORMER,Australia,2025,2025,CROSS_ARCH_SAME_SEED_ID,THETA_RKA_1e-3,0-1-2-3-4,13888.734375,20457.443359375,0.6789086070540301,0.0,TRUE
TRANSFORMER,Austria,42,42,CROSS_ARCH_SAME_SEED_ID,FUNCTIONAL,0-1-2-3-4,33.921165466308594,64.46717071533203,0.5261773564733349,0.0,TRUE
TRANSFORMER,Austria,123,42,CROSS_ARCH_CROSS_SEED,FUNCTIONAL,4-2-1-3-0,75.16468048095703,64.46717071533203,1.1659373235543722,0.0,TRUE
TRANSFORMER,Austria,2025,42,CROSS_ARCH_CROSS_SEED,FUNCTIONAL,0-2-3-4-1,75.62568664550781,64.46717071533203,1.1730883456860313,0.0,TRUE
TRANSFORMER,Austria,42,42,CROSS_ARCH_SAME_SEED_ID,THETA_RKA_1e-3,0-1-2-3-4,49.29799270629883,64.46717071533203,0.7646991819136005,0.0,TRUE
TRANSFORMER,Austria,123,42,CROSS_ARCH_CROSS_SEED,THETA_RKA_1e-3,4-2-3-1-0,118.878662109375,64.46717071533203,1.8440186034269757,0.0,TRUE
TRANSFORMER,Austria,2025,42,CROSS_ARCH_CROSS_SEED,THETA_RKA_1e-3,4-3-0-2-1,105.56077575683594,64.46717071533203,1.6374345978817826,0.0,TRUE
TRANSFORMER,Austria,42,123,CROSS_ARCH_CROSS_SEED,FUNCTIONAL,0-3-1-2-4,407.1575622558594,315.89312744140625,1.2889092129153124,0.0,TRUE
TRANSFORMER,Austria,123,123,CROSS_ARCH_SAME_SEED_ID,FUNCTIONAL,0-1-2-3-4,238.6109161376953,315.89312744140625,0.7553532996122376,0.0,TRUE
TRANSFORMER,Austria,2025,123,CROSS_ARCH_CROSS_SEED,FUNCTIONAL,0-1-2-3-4,257.080322265625,315.89312744140625,0.8138205612381035,0.0,TRUE
TRANSFORMER,Austria,42,123,CROSS_ARCH_CROSS_SEED,THETA_RKA_1e-3,0-3-1-2-4,389.6624450683594,315.89312744140625,1.2335261872407663,0.0,TRUE
TRANSFORMER,Austria,123,123,CROSS_ARCH_SAME_SEED_ID,THETA_RKA_1e-3,0-1-2-3-4,194.05014038085938,315.89312744140625,0.6142904784050832,0.0,TRUE
TRANSFORMER,Austria,2025,123,CROSS_ARCH_CROSS_SEED,THETA_RKA_1e-3,0-1-2-3-4,196.69630432128906,315.89312744140625,0.6226672479849169,0.0,TRUE
TRANSFORMER,Austria,42,2025,CROSS_ARCH_CROSS_SEED,FUNCTIONAL,4-3-1-0-2,256.42108154296875,337.8683776855469,0.7589377949469397,0.0,TRUE
TRANSFORMER,Austria,123,2025,CROSS_ARCH_CROSS_SEED,FUNCTIONAL,4-0-2-1-3,262.26483154296875,337.8683776855469,0.7762337314297518,0.0,TRUE
TRANSFORMER,Austria,2025,2025,CROSS_ARCH_SAME_SEED_ID,FUNCTIONAL,0-1-2-3-4,256.96978759765625,337.8683776855469,0.7605618180604558,0.0,TRUE
TRANSFORMER,Austria,42,2025,CROSS_ARCH_CROSS_SEED,THETA_RKA_1e-3,0-3-1-4-2,343.7937316894531,337.8683776855469,1.017537462500918,0.0,TRUE
TRANSFORMER,Austria,123,2025,CROSS_ARCH_CROSS_SEED,THETA_RKA_1e-3,4-1-2-0-3,255.66282653808594,337.8683776855469,0.7566935630064515,0.0,TRUE
TRANSFORMER,Austria,2025,2025,CROSS_ARCH_SAME_SEED_ID,THETA_RKA_1e-3,0-1-2-3-4,244.87625122070312,337.8683776855469,0.7247681860556028,0.0,TRUE
TRANSFORMER,Bangladesh,42,42,CROSS_ARCH_SAME_SEED_ID,FUNCTIONAL,0-1-2-3-4,22.214923858642578,49.84000015258789,0.44572479515711017,0.0,TRUE
TRANSFORMER,Bangladesh,123,42,CROSS_ARCH_CROSS_SEED,FUNCTIONAL,4-0-3-1-2,37.41768264770508,49.84000015258789,0.7507560700872551,0.0,TRUE
TRANSFORMER,Bangladesh,2025,42,CROSS_ARCH_CROSS_SEED,FUNCTIONAL,3-4-0-2-1,58.707000732421875,49.84000015258789,1.1779093208805613,0.0,TRUE
TRANSFORMER,Bangladesh,42,42,CROSS_ARCH_SAME_SEED_ID,THETA_RKA_1e-3,0-1-2-3-4,22.162189483642578,49.84000015258789,0.44466672182567857,0.0,TRUE
TRANSFORMER,Bangladesh,123,42,CROSS_ARCH_CROSS_SEED,THETA_RKA_1e-3,2-0-4-1-3,66.2491226196289,49.84000015258789,1.3292360035474236,0.0,TRUE
TRANSFORMER,Bangladesh,2025,42,CROSS_ARCH_CROSS_SEED,THETA_RKA_1e-3,3-4-1-0-2,65.04180145263672,49.84000015258789,1.3050120636739102,0.0,TRUE
TRANSFORMER,Bangladesh,42,123,CROSS_ARCH_CROSS_SEED,FUNCTIONAL,1-3-0-4-2,33.823734283447266,31.83382797241211,1.06250917460381,0.0,TRUE
TRANSFORMER,Bangladesh,123,123,CROSS_ARCH_SAME_SEED_ID,FUNCTIONAL,0-1-2-3-4,7.423314571380615,31.83382797241211,0.23318950450488776,0.0,TRUE
TRANSFORMER,Bangladesh,2025,123,CROSS_ARCH_CROSS_SEED,FUNCTIONAL,4-2-0-1-3,17.807100296020508,31.83382797241211,0.5593766577947374,0.0,TRUE
TRANSFORMER,Bangladesh,42,123,CROSS_ARCH_CROSS_SEED,THETA_RKA_1e-3,1-3-0-4-2,32.655723571777344,31.83382797241211,1.0258183087524853,0.0,TRUE
TRANSFORMER,Bangladesh,123,123,CROSS_ARCH_SAME_SEED_ID,THETA_RKA_1e-3,0-1-2-3-4,7.201327323913574,31.83382797241211,0.22621619147261843,0.0,TRUE
TRANSFORMER,Bangladesh,2025,123,CROSS_ARCH_CROSS_SEED,THETA_RKA_1e-3,4-0-2-1-3,16.32679557800293,31.83382797241211,0.5128756614552321,0.0,TRUE
TRANSFORMER,Bangladesh,42,2025,CROSS_ARCH_CROSS_SEED,FUNCTIONAL,2-0-4-3-1,79.16606903076172,32.720767974853516,2.4194441001996725,0.0,TRUE
TRANSFORMER,Bangladesh,123,2025,CROSS_ARCH_CROSS_SEED,FUNCTIONAL,1-3-2-4-0,39.173946380615234,32.720767974853516,1.1972196499397905,0.0,TRUE
TRANSFORMER,Bangladesh,2025,2025,CROSS_ARCH_SAME_SEED_ID,FUNCTIONAL,0-1-2-3-4,31.55704689025879,32.720767974853516,0.9644347869374867,0.0,TRUE
TRANSFORMER,Bangladesh,42,2025,CROSS_ARCH_CROSS_SEED,THETA_RKA_1e-3,2-0-4-3-1,76.92774200439453,32.720767974853516,2.351037178085638,0.0,TRUE
TRANSFORMER,Bangladesh,123,2025,CROSS_ARCH_CROSS_SEED,THETA_RKA_1e-3,1-3-2-4-0,37.43857955932617,32.720767974853516,1.1441840114540824,0.0,TRUE
TRANSFORMER,Bangladesh,2025,2025,CROSS_ARCH_SAME_SEED_ID,THETA_RKA_1e-3,0-1-2-3-4,26.917205810546875,32.720767974853516,0.8226336811908944,0.0,TRUE
TRANSFORMER,Bhutan,42,42,CROSS_ARCH_SAME_SEED_ID,FUNCTIONAL,0-1-2-3-4,0.09452992677688599,0.4231750965118408,0.22338253729030805,0.0,TRUE
TRANSFORMER,Bhutan,123,42,CROSS_ARCH_CROSS_SEED,FUNCTIONAL,3-0-4-1-2,0.2919846177101135,0.4231750965118408,0.6899853514937251,0.0,TRUE
TRANSFORMER,Bhutan,2025,42,CROSS_ARCH_CROSS_SEED,FUNCTIONAL,1-0-4-3-2,0.38424092531204224,0.4231750965118408,0.9079951265546432,0.0,TRUE
TRANSFORMER,Bhutan,42,42,CROSS_ARCH_SAME_SEED_ID,THETA_RKA_1e-3,0-1-2-3-4,0.09993299096822739,0.4231750965118408,0.23615045354029043,0.0,TRUE
TRANSFORMER,Bhutan,123,42,CROSS_ARCH_CROSS_SEED,THETA_RKA_1e-3,3-0-4-1-2,0.3373076915740967,0.4231750965118408,0.7970877642717298,0.0,TRUE
TRANSFORMER,Bhutan,2025,42,CROSS_ARCH_CROSS_SEED,THETA_RKA_1e-3,1-0-4-3-2,0.37370362877845764,0.4231750965118408,0.8830945673760863,0.0,TRUE
TRANSFORMER,Bhutan,42,123,CROSS_ARCH_CROSS_SEED,FUNCTIONAL,1-3-4-0-2,0.34310442209243774,0.11684781312942505,2.9363358449199417,0.0,TRUE
TRANSFORMER,Bhutan,123,123,CROSS_ARCH_SAME_SEED_ID,FUNCTIONAL,0-1-2-3-4,0.1037955954670906,0.11684781312942505,0.8882972876190903,0.0,TRUE
TRANSFORMER,Bhutan,2025,123,CROSS_ARCH_CROSS_SEED,FUNCTIONAL,0-1-2-3-4,0.1361873894929886,0.11684781312942505,1.1655108114188006,0.0,TRUE
TRANSFORMER,Bhutan,42,123,CROSS_ARCH_CROSS_SEED,THETA_RKA_1e-3,1-3-4-0-2,0.3622500002384186,0.11684781312942505,3.1001863923390403,0.0,TRUE
TRANSFORMER,Bhutan,123,123,CROSS_ARCH_SAME_SEED_ID,THETA_RKA_1e-3,0-1-2-3-4,0.04140951856970787,0.11684781312942505,0.35438847729089396,0.0,TRUE
TRANSFORMER,Bhutan,2025,123,CROSS_ARCH_CROSS_SEED,THETA_RKA_1e-3,0-1-2-3-4,0.11996759474277496,0.11684781312942505,1.0266995293261871,0.0,TRUE
TRANSFORMER,Bhutan,42,2025,CROSS_ARCH_CROSS_SEED,FUNCTIONAL,1-0-4-3-2,0.28301361203193665,0.21787896752357483,1.2989487477781174,0.0,TRUE
TRANSFORMER,Bhutan,123,2025,CROSS_ARCH_CROSS_SEED,FUNCTIONAL,0-1-2-3-4,0.2464928776025772,0.21787896752357483,1.1313293816481222,0.0,TRUE
TRANSFORMER,Bhutan,2025,2025,CROSS_ARCH_SAME_SEED_ID,FUNCTIONAL,0-1-2-3-4,0.08302903920412064,0.21787896752357483,0.38107872525665776,0.0,TRUE
TRANSFORMER,Bhutan,42,2025,CROSS_ARCH_CROSS_SEED,THETA_RKA_1e-3,1-0-4-3-2,0.2772628366947174,0.21787896752357483,1.2725543903851901,0.0,TRUE
TRANSFORMER,Bhutan,123,2025,CROSS_ARCH_CROSS_SEED,THETA_RKA_1e-3,0-1-3-2-4,0.5175236463546753,0.21787896752357483,2.3752804239751986,0.0,TRUE
TRANSFORMER,Bhutan,2025,2025,CROSS_ARCH_SAME_SEED_ID,THETA_RKA_1e-3,0-1-2-3-4,0.03400420770049095,0.21787896752357483,0.1560692529755615,0.0,TRUE
TRANSFORMER,Brunei Darussalam,42,42,CROSS_ARCH_SAME_SEED_ID,FUNCTIONAL,0-1-2-3-4,1.4298032522201538,0.3775078356266022,3.78747966872505,0.0,TRUE
TRANSFORMER,Brunei Darussalam,123,42,CROSS_ARCH_CROSS_SEED,FUNCTIONAL,3-2-4-1-0,0.7756058573722839,0.3775078356266022,2.0545424072719,0.0,TRUE
TRANSFORMER,Brunei Darussalam,2025,42,CROSS_ARCH_CROSS_SEED,FUNCTIONAL,1-0-4-3-2,1.1893640756607056,0.3775078356266022,3.1505679178461365,0.0,TRUE
TRANSFORMER,Brunei Darussalam,42,42,CROSS_ARCH_SAME_SEED_ID,THETA_RKA_1e-3,0-1-2-3-4,1.5672752857208252,0.3775078356266022,4.15163643721302,0.0,TRUE
TRANSFORMER,Brunei Darussalam,123,42,CROSS_ARCH_CROSS_SEED,THETA_RKA_1e-3,2-4-1-3-0,1.4363638162612915,0.3775078356266022,3.8048582855960036,0.0,TRUE
TRANSFORMER,Brunei Darussalam,2025,42,CROSS_ARCH_CROSS_SEED,THETA_RKA_1e-3,3-2-4-1-0,0.465822696685791,0.3775078356266022,1.2339417959698782,0.0,TRUE
TRANSFORMER,Brunei Darussalam,42,123,CROSS_ARCH_CROSS_SEED,FUNCTIONAL,4-3-0-1-2,0.08094843477010727,0.1803254336118698,0.44890192774658544,0.0,TRUE
TRANSFORMER,Brunei Darussalam,123,123,CROSS_ARCH_SAME_SEED_ID,FUNCTIONAL,0-1-2-3-4,0.19863489270210266,0.1803254336118698,1.1015356443264785,0.0,TRUE
TRANSFORMER,Brunei Darussalam,2025,123,CROSS_ARCH_CROSS_SEED,FUNCTIONAL,2-3-0-1-4,0.0971875712275505,0.1803254336118698,0.5389565369726813,0.0,TRUE
TRANSFORMER,Brunei Darussalam,42,123,CROSS_ARCH_CROSS_SEED,THETA_RKA_1e-3,4-3-0-1-2,0.10103864222764969,0.1803254336118698,0.5603127645605666,0.0,TRUE
TRANSFORMER,Brunei Darussalam,123,123,CROSS_ARCH_SAME_SEED_ID,THETA_RKA_1e-3,0-1-2-3-4,0.0884140357375145,0.1803254336118698,0.4903026376623929,0.0,TRUE
TRANSFORMER,Brunei Darussalam,2025,123,CROSS_ARCH_CROSS_SEED,THETA_RKA_1e-3,0-2-3-1-4,0.1954665631055832,0.1803254336118698,1.0839655792887373,0.0,TRUE
TRANSFORMER,Brunei Darussalam,42,2025,CROSS_ARCH_CROSS_SEED,FUNCTIONAL,4-3-0-1-2,0.49013176560401917,1.2873380184173584,0.38073276683507157,0.0,TRUE
TRANSFORMER,Brunei Darussalam,123,2025,CROSS_ARCH_CROSS_SEED,FUNCTIONAL,0-1-3-2-4,0.3639688491821289,1.2873380184173584,0.28272982229608107,0.0,TRUE
TRANSFORMER,Brunei Darussalam,2025,2025,CROSS_ARCH_SAME_SEED_ID,FUNCTIONAL,2-1-0-3-4,0.4510071575641632,1.2873380184173584,0.3503408981260627,0.0,TRUE
TRANSFORMER,Brunei Darussalam,42,2025,CROSS_ARCH_CROSS_SEED,THETA_RKA_1e-3,2-1-4-0-3,0.8768304586410522,1.2873380184173584,0.6811190581623773,0.0,TRUE
TRANSFORMER,Brunei Darussalam,123,2025,CROSS_ARCH_CROSS_SEED,THETA_RKA_1e-3,0-3-2-4-1,0.2458498626947403,1.2873380184173584,0.19097537645705973,0.0,TRUE
TRANSFORMER,Brunei Darussalam,2025,2025,CROSS_ARCH_SAME_SEED_ID,THETA_RKA_1e-3,0-1-2-3-4,0.17478828132152557,1.2873380184173584,0.1357749703814455,0.0,TRUE
TRANSFORMER,Cambodia,42,42,CROSS_ARCH_SAME_SEED_ID,FUNCTIONAL,4-1-3-0-2,0.17415885627269745,0.23301860690116882,0.7474032163730349,0.0,TRUE
TRANSFORMER,Cambodia,123,42,CROSS_ARCH_CROSS_SEED,FUNCTIONAL,3-2-4-1-0,0.2200748175382614,0.23301860690116882,0.9444516919269141,0.0,TRUE
TRANSFORMER,Cambodia,2025,42,CROSS_ARCH_CROSS_SEED,FUNCTIONAL,2-4-0-1-3,0.07445321977138519,0.23301860690116882,0.31951619984992596,0.0,TRUE
TRANSFORMER,Cambodia,42,42,CROSS_ARCH_SAME_SEED_ID,THETA_RKA_1e-3,4-1-3-0-2,0.15863581001758575,0.23301860690116882,0.6807860201690616,0.0,TRUE
TRANSFORMER,Cambodia,123,42,CROSS_ARCH_CROSS_SEED,THETA_RKA_1e-3,2-1-4-3-0,0.2303883284330368,0.23301860690116882,0.9887121526340271,0.0,TRUE
TRANSFORMER,Cambodia,2025,42,CROSS_ARCH_CROSS_SEED,THETA_RKA_1e-3,2-4-0-1-3,0.08728783577680588,0.23301860690116882,0.3745959901555314,0.0,TRUE
TRANSFORMER,Cambodia,42,123,CROSS_ARCH_CROSS_SEED,FUNCTIONAL,2-3-4-0-1,0.2787920832633972,0.19398318231105804,1.4371971834978223,0.0,TRUE
TRANSFORMER,Cambodia,123,123,CROSS_ARCH_SAME_SEED_ID,FUNCTIONAL,0-1-2-3-4,0.19514550268650055,0.19398318231105804,1.0059918615706525,0.0,TRUE
TRANSFORMER,Cambodia,2025,123,CROSS_ARCH_CROSS_SEED,FUNCTIONAL,2-4-1-3-0,0.1798395961523056,0.19398318231105804,0.9270885960821451,0.0,TRUE
TRANSFORMER,Cambodia,42,123,CROSS_ARCH_CROSS_SEED,THETA_RKA_1e-3,2-3-4-0-1,0.32305699586868286,0.19398318231105804,1.6653866176432293,0.0,TRUE
TRANSFORMER,Cambodia,123,123,CROSS_ARCH_SAME_SEED_ID,THETA_RKA_1e-3,0-1-2-3-4,0.1548442542552948,0.19398318231105804,0.7982354573758731,0.0,TRUE
TRANSFORMER,Cambodia,2025,123,CROSS_ARCH_CROSS_SEED,THETA_RKA_1e-3,0-4-2-1-3,0.19210195541381836,0.19398318231105804,0.9903021134367046,0.0,TRUE
TRANSFORMER,Cambodia,42,2025,CROSS_ARCH_CROSS_SEED,FUNCTIONAL,2-0-4-1-3,0.3051508367061615,0.6734523773193359,0.4531142022555603,0.0,TRUE
TRANSFORMER,Cambodia,123,2025,CROSS_ARCH_CROSS_SEED,FUNCTIONAL,0-1-3-2-4,0.7185994982719421,0.6734523773193359,1.0670383273904436,0.0,TRUE
TRANSFORMER,Cambodia,2025,2025,CROSS_ARCH_SAME_SEED_ID,FUNCTIONAL,0-1-2-3-4,0.06517506390810013,0.6734523773193359,0.09677753929316903,0.0,TRUE
TRANSFORMER,Cambodia,42,2025,CROSS_ARCH_CROSS_SEED,THETA_RKA_1e-3,2-0-4-1-3,0.47905233502388,0.6734523773193359,0.7113381007440177,0.0,TRUE
TRANSFORMER,Cambodia,123,2025,CROSS_ARCH_CROSS_SEED,THETA_RKA_1e-3,0-3-2-4-1,0.2978014647960663,0.6734523773193359,0.44220122287110963,0.0,TRUE
TRANSFORMER,Cambodia,2025,2025,CROSS_ARCH_SAME_SEED_ID,THETA_RKA_1e-3,0-1-2-3-4,0.13038286566734314,0.6734523773193359,0.19360369056284216,0.0,TRUE
TRANSFORMER,China,42,42,CROSS_ARCH_SAME_SEED_ID,FUNCTIONAL,0-1-2-3-4,3.368025302886963,7.130529880523682,0.4723387124547899,0.0,TRUE
TRANSFORMER,China,123,42,CROSS_ARCH_CROSS_SEED,FUNCTIONAL,0-2-4-3-1,8.27302074432373,7.130529880523682,1.1602252403318085,0.0,TRUE
TRANSFORMER,China,2025,42,CROSS_ARCH_CROSS_SEED,FUNCTIONAL,0-3-4-2-1,5.949168682098389,7.130529880523682,0.8343235049540902,0.0,TRUE
TRANSFORMER,China,42,42,CROSS_ARCH_SAME_SEED_ID,THETA_RKA_1e-3,0-1-2-3-4,3.4576027393341064,7.130529880523682,0.48490123416749115,0.0,TRUE
TRANSFORMER,China,123,42,CROSS_ARCH_CROSS_SEED,THETA_RKA_1e-3,0-2-4-3-1,7.6950788497924805,7.130529880523682,1.07917349463899,0.0,TRUE
TRANSFORMER,China,2025,42,CROSS_ARCH_CROSS_SEED,THETA_RKA_1e-3,2-0-4-3-1,5.442444801330566,7.130529880523682,0.7632595182296412,0.0,TRUE
TRANSFORMER,China,42,123,CROSS_ARCH_CROSS_SEED,FUNCTIONAL,1-4-3-0-2,18.40228843688965,31.78339958190918,0.5789905635948416,0.0,TRUE
TRANSFORMER,China,123,123,CROSS_ARCH_SAME_SEED_ID,FUNCTIONAL,0-1-2-3-4,12.381134033203125,31.78339958190918,0.38954719117744574,0.0,TRUE
TRANSFORMER,China,2025,123,CROSS_ARCH_CROSS_SEED,FUNCTIONAL,0-1-2-3-4,18.450929641723633,31.78339958190918,0.5805209601374969,0.0,TRUE
TRANSFORMER,China,42,123,CROSS_ARCH_CROSS_SEED,THETA_RKA_1e-3,1-4-3-0-2,18.747148513793945,31.78339958190918,0.5898408842477836,0.0,TRUE
TRANSFORMER,China,123,123,CROSS_ARCH_SAME_SEED_ID,THETA_RKA_1e-3,0-1-2-3-4,13.344522476196289,31.78339958190918,0.41985824838548325,0.0,TRUE
TRANSFORMER,China,2025,123,CROSS_ARCH_CROSS_SEED,THETA_RKA_1e-3,0-1-2-3-4,20.894332885742188,31.78339958190918,0.6573976717592869,0.0,TRUE
TRANSFORMER,China,42,2025,CROSS_ARCH_CROSS_SEED,FUNCTIONAL,1-3-2-0-4,9.26577091217041,5.058789253234863,1.8316182881596372,0.0,TRUE
TRANSFORMER,China,123,2025,CROSS_ARCH_CROSS_SEED,FUNCTIONAL,4-3-2-0-1,12.58785343170166,5.058789253234863,2.488313468218172,0.0,TRUE
TRANSFORMER,China,2025,2025,CROSS_ARCH_SAME_SEED_ID,FUNCTIONAL,0-1-2-3-4,9.548357009887695,5.058789253234863,1.8874787092152454,0.0,TRUE
TRANSFORMER,China,42,2025,CROSS_ARCH_CROSS_SEED,THETA_RKA_1e-3,1-3-2-0-4,10.670181274414062,5.058789253234863,2.109236171004944,0.0,TRUE
TRANSFORMER,China,123,2025,CROSS_ARCH_CROSS_SEED,THETA_RKA_1e-3,4-1-2-3-0,10.03782844543457,5.058789253234863,1.9842353462374105,0.0,TRUE
TRANSFORMER,China,2025,2025,CROSS_ARCH_SAME_SEED_ID,THETA_RKA_1e-3,0-1-2-3-4,5.901747226715088,5.058789253234863,1.166632356337278,0.0,TRUE
TRANSFORMER,Fiji,42,42,CROSS_ARCH_SAME_SEED_ID,FUNCTIONAL,0-1-2-3-4,3.4623262882232666,5.55851411819458,0.6228870188329825,0.0,TRUE
TRANSFORMER,Fiji,123,42,CROSS_ARCH_CROSS_SEED,FUNCTIONAL,3-0-4-1-2,8.5283203125,5.55851411819458,1.5342805885091502,0.0,TRUE
TRANSFORMER,Fiji,2025,42,CROSS_ARCH_CROSS_SEED,FUNCTIONAL,2-3-4-1-0,3.0269412994384766,5.55851411819458,0.5445594335238704,0.0,TRUE
TRANSFORMER,Fiji,42,42,CROSS_ARCH_SAME_SEED_ID,THETA_RKA_1e-3,0-1-2-3-4,2.852962017059326,5.55851411819458,0.5132598310258454,0.0,TRUE
TRANSFORMER,Fiji,123,42,CROSS_ARCH_CROSS_SEED,THETA_RKA_1e-3,2-3-4-1-0,10.183279991149902,5.55851411819458,1.8320147749228815,0.0,TRUE
TRANSFORMER,Fiji,2025,42,CROSS_ARCH_CROSS_SEED,THETA_RKA_1e-3,2-3-4-1-0,3.295318365097046,5.55851411819458,0.5928415930995915,0.0,TRUE
TRANSFORMER,Fiji,42,123,CROSS_ARCH_CROSS_SEED,FUNCTIONAL,4-3-0-1-2,4.0130295753479,4.598969459533691,0.8725932212984946,0.0,TRUE
TRANSFORMER,Fiji,123,123,CROSS_ARCH_SAME_SEED_ID,FUNCTIONAL,0-1-2-3-4,3.382201671600342,4.598969459533691,0.7354259908356245,0.0,TRUE
TRANSFORMER,Fiji,2025,123,CROSS_ARCH_CROSS_SEED,FUNCTIONAL,0-4-1-3-2,5.733328342437744,4.598969459533691,1.246655015408402,0.0,TRUE
TRANSFORMER,Fiji,42,123,CROSS_ARCH_CROSS_SEED,THETA_RKA_1e-3,4-3-0-1-2,3.924394369125366,4.598969459533691,0.8533203805017824,0.0,TRUE
TRANSFORMER,Fiji,123,123,CROSS_ARCH_SAME_SEED_ID,THETA_RKA_1e-3,0-1-2-3-4,2.096773147583008,4.598969459533691,0.45592239001204593,0.0,TRUE
TRANSFORMER,Fiji,2025,123,CROSS_ARCH_CROSS_SEED,THETA_RKA_1e-3,0-4-3-1-2,5.9855828285217285,4.598969459533691,1.301505235289958,0.0,TRUE
TRANSFORMER,Fiji,42,2025,CROSS_ARCH_CROSS_SEED,FUNCTIONAL,2-0-4-1-3,4.32256555557251,4.3973469734191895,0.9829939692503881,0.0,TRUE
TRANSFORMER,Fiji,123,2025,CROSS_ARCH_CROSS_SEED,FUNCTIONAL,4-3-2-0-1,8.097519874572754,4.3973469734191895,1.8414557512791554,0.0,TRUE
TRANSFORMER,Fiji,2025,2025,CROSS_ARCH_SAME_SEED_ID,FUNCTIONAL,0-1-2-3-4,1.7711492776870728,4.3973469734191895,0.4027767852737585,0.0,TRUE
TRANSFORMER,Fiji,42,2025,CROSS_ARCH_CROSS_SEED,THETA_RKA_1e-3,2-0-4-1-3,4.27561092376709,4.3973469734191895,0.9723160236415361,0.0,TRUE
TRANSFORMER,Fiji,123,2025,CROSS_ARCH_CROSS_SEED,THETA_RKA_1e-3,0-2-4-3-1,6.501485347747803,4.3973469734191895,1.4785017846095792,0.0,TRUE
TRANSFORMER,Fiji,2025,2025,CROSS_ARCH_SAME_SEED_ID,THETA_RKA_1e-3,0-1-2-3-4,2.0936663150787354,4.3973469734191895,0.47612033522357905,0.0,TRUE
TRANSFORMER,French Polynesia,42,42,CROSS_ARCH_SAME_SEED_ID,FUNCTIONAL,4-1-2-3-0,1.8741490840911865,1.6572993993759155,1.130845208051683,0.0,TRUE
TRANSFORMER,French Polynesia,123,42,CROSS_ARCH_CROSS_SEED,FUNCTIONAL,0-1-3-4-2,7.59409761428833,1.6572993993759155,4.582212252745652,0.0,TRUE
TRANSFORMER,French Polynesia,2025,42,CROSS_ARCH_CROSS_SEED,FUNCTIONAL,1-3-0-4-2,3.2836058139801025,1.6572993993759155,1.9812991033585123,0.0,TRUE
TRANSFORMER,French Polynesia,42,42,CROSS_ARCH_SAME_SEED_ID,THETA_RKA_1e-3,4-1-2-3-0,2.609815835952759,1.6572993993759155,1.5747401084773998,0.0,TRUE
TRANSFORMER,French Polynesia,123,42,CROSS_ARCH_CROSS_SEED,THETA_RKA_1e-3,0-4-2-1-3,2.3982961177825928,1.6572993993759155,1.4471109557426451,0.0,TRUE
TRANSFORMER,French Polynesia,2025,42,CROSS_ARCH_CROSS_SEED,THETA_RKA_1e-3,1-0-4-3-2,8.771764755249023,1.6572993993759155,5.292806332128149,0.0,TRUE
TRANSFORMER,French Polynesia,42,123,CROSS_ARCH_CROSS_SEED,FUNCTIONAL,2-4-0-3-1,2.724332571029663,2.51416015625,1.0835954759115847,0.0,TRUE
TRANSFORMER,French Polynesia,123,123,CROSS_ARCH_SAME_SEED_ID,FUNCTIONAL,0-1-2-3-4,2.900531053543091,2.51416015625,1.1536779175871528,0.0,TRUE
TRANSFORMER,French Polynesia,2025,123,CROSS_ARCH_CROSS_SEED,FUNCTIONAL,0-1-2-4-3,2.7096970081329346,2.51416015625,1.0777742226949407,0.0,TRUE
TRANSFORMER,French Polynesia,42,123,CROSS_ARCH_CROSS_SEED,THETA_RKA_1e-3,2-3-0-4-1,3.1432669162750244,2.51416015625,1.250225411639396,0.0,TRUE
TRANSFORMER,French Polynesia,123,123,CROSS_ARCH_SAME_SEED_ID,THETA_RKA_1e-3,0-1-3-2-4,2.5334231853485107,2.51416015625,1.0076618146424063,0.0,TRUE
TRANSFORMER,French Polynesia,2025,123,CROSS_ARCH_CROSS_SEED,THETA_RKA_1e-3,0-2-1-4-3,2.3795650005340576,2.51416015625,0.946465162379831,0.0,TRUE
TRANSFORMER,French Polynesia,42,2025,CROSS_ARCH_CROSS_SEED,FUNCTIONAL,2-3-0-4-1,1.747555136680603,1.0923497676849365,1.5998127965773008,0.0,TRUE
TRANSFORMER,French Polynesia,123,2025,CROSS_ARCH_CROSS_SEED,FUNCTIONAL,1-2-4-0-3,4.077369213104248,1.0923497676849365,3.7326590197804412,0.0,TRUE
TRANSFORMER,French Polynesia,2025,2025,CROSS_ARCH_SAME_SEED_ID,FUNCTIONAL,0-1-2-4-3,3.4403786659240723,1.0923497676849365,3.149521121989538,0.0,TRUE
TRANSFORMER,French Polynesia,42,2025,CROSS_ARCH_CROSS_SEED,THETA_RKA_1e-3,4-3-0-2-1,1.8290483951568604,1.0923497676849365,1.6744164271057984,0.0,TRUE
TRANSFORMER,French Polynesia,123,2025,CROSS_ARCH_CROSS_SEED,THETA_RKA_1e-3,0-3-4-2-1,1.913029432296753,1.0923497676849365,1.7512975137543334,0.0,TRUE
TRANSFORMER,French Polynesia,2025,2025,CROSS_ARCH_SAME_SEED_ID,THETA_RKA_1e-3,0-1-3-4-2,3.8585000038146973,1.0923497676849365,3.5322935180296517,0.0,TRUE
TRANSFORMER,Guam,42,42,CROSS_ARCH_SAME_SEED_ID,FUNCTIONAL,0-1-2-3-4,3.708430051803589,3.147007465362549,1.1783988734123838,0.0,TRUE
TRANSFORMER,Guam,123,42,CROSS_ARCH_CROSS_SEED,FUNCTIONAL,3-0-4-1-2,5.290979862213135,3.147007465362549,1.6812733749278193,0.0,TRUE
TRANSFORMER,Guam,2025,42,CROSS_ARCH_CROSS_SEED,FUNCTIONAL,1-3-2-4-0,3.800788402557373,3.147007465362549,1.207746865678155,0.0,TRUE
TRANSFORMER,Guam,42,42,CROSS_ARCH_SAME_SEED_ID,THETA_RKA_1e-3,0-1-2-3-4,3.7092835903167725,3.147007465362549,1.178670095683884,0.0,TRUE
TRANSFORMER,Guam,123,42,CROSS_ARCH_CROSS_SEED,THETA_RKA_1e-3,3-0-4-1-2,8.785258293151855,3.147007465362549,2.791622959222868,0.0,TRUE
TRANSFORMER,Guam,2025,42,CROSS_ARCH_CROSS_SEED,THETA_RKA_1e-3,1-3-2-4-0,5.234383583068848,3.147007465362549,1.6632892170358498,0.0,TRUE
TRANSFORMER,Guam,42,123,CROSS_ARCH_CROSS_SEED,FUNCTIONAL,3-1-4-0-2,4.054924964904785,2.5484700202941895,1.5911213130287065,0.0,TRUE
TRANSFORMER,Guam,123,123,CROSS_ARCH_SAME_SEED_ID,FUNCTIONAL,0-1-2-3-4,3.247507333755493,2.5484700202941895,1.274296855719185,0.0,TRUE
TRANSFORMER,Guam,2025,123,CROSS_ARCH_CROSS_SEED,FUNCTIONAL,4-1-3-0-2,2.414952516555786,2.5484700202941895,0.9476087602855181,0.0,TRUE
TRANSFORMER,Guam,42,123,CROSS_ARCH_CROSS_SEED,THETA_RKA_1e-3,3-1-0-4-2,4.609428405761719,2.5484700202941895,1.8087041907715349,0.0,TRUE
TRANSFORMER,Guam,123,123,CROSS_ARCH_SAME_SEED_ID,THETA_RKA_1e-3,0-1-2-3-4,2.4518704414367676,2.5484700202941895,0.9620950695561761,0.0,TRUE
TRANSFORMER,Guam,2025,123,CROSS_ARCH_CROSS_SEED,THETA_RKA_1e-3,3-2-0-1-4,3.01045298576355,2.5484700202941895,1.1812785560710775,0.0,TRUE
TRANSFORMER,Guam,42,2025,CROSS_ARCH_CROSS_SEED,FUNCTIONAL,1-4-0-2-3,7.029109477996826,7.311701774597168,0.9613506806880248,0.0,TRUE
TRANSFORMER,Guam,123,2025,CROSS_ARCH_CROSS_SEED,FUNCTIONAL,4-2-1-3-0,9.366043090820312,7.311701774597168,1.2809662346131898,0.0,TRUE
TRANSFORMER,Guam,2025,2025,CROSS_ARCH_SAME_SEED_ID,FUNCTIONAL,3-1-0-2-4,4.131728172302246,7.311701774597168,0.5650843400994539,0.0,TRUE
TRANSFORMER,Guam,42,2025,CROSS_ARCH_CROSS_SEED,THETA_RKA_1e-3,1-4-0-2-3,9.147956848144531,7.311701774597168,1.2511392190429609,0.0,TRUE
TRANSFORMER,Guam,123,2025,CROSS_ARCH_CROSS_SEED,THETA_RKA_1e-3,0-2-3-1-4,7.037937641143799,7.311701774597168,0.9625580826607972,0.0,TRUE
TRANSFORMER,Guam,2025,2025,CROSS_ARCH_SAME_SEED_ID,THETA_RKA_1e-3,0-1-2-3-4,11.076509475708008,7.311701774597168,1.5149017037580501,0.0,TRUE
TRANSFORMER,Lao People's Democratic Republic,42,42,CROSS_ARCH_SAME_SEED_ID,FUNCTIONAL,0-1-2-3-4,5.350557804107666,5.815639019012451,0.9200292154680948,0.0,TRUE
TRANSFORMER,Lao People's Democratic Republic,123,42,CROSS_ARCH_CROSS_SEED,FUNCTIONAL,2-3-4-1-0,18.650339126586914,5.815639019012451,3.2069286050278123,0.0,TRUE
TRANSFORMER,Lao People's Democratic Republic,2025,42,CROSS_ARCH_CROSS_SEED,FUNCTIONAL,2-3-4-1-0,17.370769500732422,5.815639019012451,2.986906416293035,0.0,TRUE
TRANSFORMER,Lao People's Democratic Republic,42,42,CROSS_ARCH_SAME_SEED_ID,THETA_RKA_1e-3,0-1-2-3-4,4.5386528968811035,5.815639019012451,0.7804220451172034,0.0,TRUE
TRANSFORMER,Lao People's Democratic Republic,123,42,CROSS_ARCH_CROSS_SEED,THETA_RKA_1e-3,2-3-4-1-0,19.280384063720703,5.815639019012451,3.315264926294323,0.0,TRUE
TRANSFORMER,Lao People's Democratic Republic,2025,42,CROSS_ARCH_CROSS_SEED,THETA_RKA_1e-3,1-2-4-3-0,16.549564361572266,5.815639019012451,2.8457000696687897,0.0,TRUE
TRANSFORMER,Lao People's Democratic Republic,42,123,CROSS_ARCH_CROSS_SEED,FUNCTIONAL,4-3-1-0-2,13.515143394470215,9.328009605407715,1.4488775168751005,0.0,TRUE
TRANSFORMER,Lao People's Democratic Republic,123,123,CROSS_ARCH_SAME_SEED_ID,FUNCTIONAL,0-1-2-3-4,4.369081974029541,9.328009605407715,0.4683830912327383,0.0,TRUE
TRANSFORMER,Lao People's Democratic Republic,2025,123,CROSS_ARCH_CROSS_SEED,FUNCTIONAL,0-4-1-3-2,11.87252140045166,9.328009605407715,1.2727818583686727,0.0,TRUE
TRANSFORMER,Lao People's Democratic Republic,42,123,CROSS_ARCH_CROSS_SEED,THETA_RKA_1e-3,4-3-1-0-2,14.077189445495605,9.328009605407715,1.5091311052397132,0.0,TRUE
TRANSFORMER,Lao People's Democratic Republic,123,123,CROSS_ARCH_SAME_SEED_ID,THETA_RKA_1e-3,0-1-2-3-4,4.754494667053223,9.328009605407715,0.5097008759829006,0.0,TRUE
TRANSFORMER,Lao People's Democratic Republic,2025,123,CROSS_ARCH_CROSS_SEED,THETA_RKA_1e-3,0-4-1-3-2,10.510866165161133,9.328009605407715,1.1268069620198162,0.0,TRUE
TRANSFORMER,Lao People's Democratic Republic,42,2025,CROSS_ARCH_CROSS_SEED,FUNCTIONAL,2-0-4-1-3,37.09304428100586,60.55887985229492,0.6125120605182428,0.0,TRUE
TRANSFORMER,Lao People's Democratic Republic,123,2025,CROSS_ARCH_CROSS_SEED,FUNCTIONAL,0-2-4-3-1,61.126609802246094,60.55887985229492,1.0093748423242948,0.0,TRUE
TRANSFORMER,Lao People's Democratic Republic,2025,2025,CROSS_ARCH_SAME_SEED_ID,FUNCTIONAL,0-1-2-4-3,81.27064514160156,60.55887985229492,1.3420103763448616,0.0,TRUE
TRANSFORMER,Lao People's Democratic Republic,42,2025,CROSS_ARCH_CROSS_SEED,THETA_RKA_1e-3,2-0-4-1-3,37.70187759399414,60.55887985229492,0.622565636715049,0.0,TRUE
TRANSFORMER,Lao People's Democratic Republic,123,2025,CROSS_ARCH_CROSS_SEED,THETA_RKA_1e-3,0-2-4-3-1,61.09452438354492,60.55887985229492,1.0088450204587083,0.0,TRUE
TRANSFORMER,Lao People's Democratic Republic,2025,2025,CROSS_ARCH_SAME_SEED_ID,THETA_RKA_1e-3,0-1-2-4-3,81.78507232666016,60.55887985229492,1.350505037843114,0.0,TRUE
TRANSFORMER,Malaysia,42,42,CROSS_ARCH_SAME_SEED_ID,FUNCTIONAL,0-1-2-3-4,35.52107620239258,69.5676498413086,0.510597616613757,0.0,TRUE
TRANSFORMER,Malaysia,123,42,CROSS_ARCH_CROSS_SEED,FUNCTIONAL,0-2-4-1-3,83.59429168701172,69.5676498413086,1.201625926385316,0.0,TRUE
TRANSFORMER,Malaysia,2025,42,CROSS_ARCH_CROSS_SEED,FUNCTIONAL,3-0-4-1-2,124.58497619628906,69.5676498413086,1.790846413246401,0.0,TRUE
TRANSFORMER,Malaysia,42,42,CROSS_ARCH_SAME_SEED_ID,THETA_RKA_1e-3,0-1-2-3-4,35.44287872314453,69.5676498413086,0.5094735671536067,0.0,TRUE
TRANSFORMER,Malaysia,123,42,CROSS_ARCH_CROSS_SEED,THETA_RKA_1e-3,0-2-4-1-3,56.44942092895508,69.5676498413086,0.8114320529401579,0.0,TRUE
TRANSFORMER,Malaysia,2025,42,CROSS_ARCH_CROSS_SEED,THETA_RKA_1e-3,3-0-4-1-2,119.1424560546875,69.5676498413086,1.7126129217598187,0.0,TRUE
TRANSFORMER,Malaysia,42,123,CROSS_ARCH_CROSS_SEED,FUNCTIONAL,2-4-0-3-1,233.1475067138672,164.2010955810547,1.41989007983676,0.0,TRUE
TRANSFORMER,Malaysia,123,123,CROSS_ARCH_SAME_SEED_ID,FUNCTIONAL,0-1-2-3-4,67.84214782714844,164.2010955810547,0.41316501322404076,0.0,TRUE
TRANSFORMER,Malaysia,2025,123,CROSS_ARCH_CROSS_SEED,FUNCTIONAL,3-1-2-4-0,136.5565185546875,164.2010955810547,0.8316419453320822,0.0,TRUE
TRANSFORMER,Malaysia,42,123,CROSS_ARCH_CROSS_SEED,THETA_RKA_1e-3,2-4-0-3-1,241.1019744873047,164.2010955810547,1.4683335311139223,0.0,TRUE
TRANSFORMER,Malaysia,123,123,CROSS_ARCH_SAME_SEED_ID,THETA_RKA_1e-3,0-1-2-3-4,67.26426696777344,164.2010955810547,0.409645664846187,0.0,TRUE
TRANSFORMER,Malaysia,2025,123,CROSS_ARCH_CROSS_SEED,THETA_RKA_1e-3,3-4-2-1-0,203.88465881347656,164.2010955810547,1.2416766044830245,0.0,TRUE
TRANSFORMER,Malaysia,42,2025,CROSS_ARCH_CROSS_SEED,FUNCTIONAL,2-4-1-0-3,58.13005828857422,31.59262466430664,1.8399882537853711,0.0,TRUE
TRANSFORMER,Malaysia,123,2025,CROSS_ARCH_CROSS_SEED,FUNCTIONAL,0-1-2-3-4,26.739702224731445,31.59262466430664,0.8463906531622227,0.0,TRUE
TRANSFORMER,Malaysia,2025,2025,CROSS_ARCH_SAME_SEED_ID,FUNCTIONAL,0-1-2-3-4,18.594106674194336,31.59262466430664,0.5885584648875966,0.0,TRUE
TRANSFORMER,Malaysia,42,2025,CROSS_ARCH_CROSS_SEED,THETA_RKA_1e-3,2-4-1-0-3,59.97037124633789,31.59262466430664,1.8982396012855633,0.0,TRUE
TRANSFORMER,Malaysia,123,2025,CROSS_ARCH_CROSS_SEED,THETA_RKA_1e-3,0-1-2-3-4,36.64934539794922,31.59262466430664,1.1600601655409677,0.0,TRUE
TRANSFORMER,Malaysia,2025,2025,CROSS_ARCH_SAME_SEED_ID,THETA_RKA_1e-3,0-1-2-3-4,43.26984405517578,31.59262466430664,1.3696185269488568,0.0,TRUE
TRANSFORMER,Maldives,42,42,CROSS_ARCH_SAME_SEED_ID,FUNCTIONAL,0-1-2-3-4,6.249480247497559,10.6990327835083,0.5841163751858608,0.0,TRUE
TRANSFORMER,Maldives,123,42,CROSS_ARCH_CROSS_SEED,FUNCTIONAL,3-1-4-0-2,11.196442604064941,10.6990327835083,1.04649110163709,0.0,TRUE
TRANSFORMER,Maldives,2025,42,CROSS_ARCH_CROSS_SEED,FUNCTIONAL,2-0-4-1-3,9.800070762634277,10.6990327835083,0.9159772627054942,0.0,TRUE
TRANSFORMER,Maldives,42,42,CROSS_ARCH_SAME_SEED_ID,THETA_RKA_1e-3,0-1-2-3-4,6.556384563446045,10.6990327835083,0.6128016145115646,0.0,TRUE
TRANSFORMER,Maldives,123,42,CROSS_ARCH_CROSS_SEED,THETA_RKA_1e-3,3-1-4-0-2,11.166648864746094,10.6990327835083,1.0437063882969482,0.0,TRUE
TRANSFORMER,Maldives,2025,42,CROSS_ARCH_CROSS_SEED,THETA_RKA_1e-3,2-0-4-1-3,9.631889343261719,10.6990327835083,0.9002579521121294,0.0,TRUE
TRANSFORMER,Maldives,42,123,CROSS_ARCH_CROSS_SEED,FUNCTIONAL,3-4-1-0-2,11.439042091369629,4.768798351287842,2.3987263139948976,0.0,TRUE
TRANSFORMER,Maldives,123,123,CROSS_ARCH_SAME_SEED_ID,FUNCTIONAL,0-1-2-3-4,3.3644816875457764,4.768798351287842,0.7055198059773651,0.0,TRUE
TRANSFORMER,Maldives,2025,123,CROSS_ARCH_CROSS_SEED,FUNCTIONAL,4-3-2-1-0,3.2417938709259033,4.768798351287842,0.6797926085615338,0.0,TRUE
TRANSFORMER,Maldives,42,123,CROSS_ARCH_CROSS_SEED,THETA_RKA_1e-3,3-4-1-0-2,11.167313575744629,4.768798351287842,2.3417458137496694,0.0,TRUE
TRANSFORMER,Maldives,123,123,CROSS_ARCH_SAME_SEED_ID,THETA_RKA_1e-3,0-1-2-3-4,3.1968352794647217,4.768798351287842,0.6703649523367659,0.0,TRUE
TRANSFORMER,Maldives,2025,123,CROSS_ARCH_CROSS_SEED,THETA_RKA_1e-3,3-1-4-2-0,9.343233108520508,4.768798351287842,1.9592426477830234,0.0,TRUE
TRANSFORMER,Maldives,42,2025,CROSS_ARCH_CROSS_SEED,FUNCTIONAL,1-4-0-2-3,6.44802188873291,2.884514093399048,2.235392748986261,0.0,TRUE
TRANSFORMER,Maldives,123,2025,CROSS_ARCH_CROSS_SEED,FUNCTIONAL,4-1-2-3-0,12.55650520324707,2.884514093399048,4.353074658911013,0.0,TRUE
TRANSFORMER,Maldives,2025,2025,CROSS_ARCH_SAME_SEED_ID,FUNCTIONAL,0-1-2-3-4,2.1528422832489014,2.884514093399048,0.7463448655617555,0.0,TRUE
TRANSFORMER,Maldives,42,2025,CROSS_ARCH_CROSS_SEED,THETA_RKA_1e-3,1-4-0-2-3,6.4900994300842285,2.884514093399048,2.249980142213983,0.0,TRUE
TRANSFORMER,Maldives,123,2025,CROSS_ARCH_CROSS_SEED,THETA_RKA_1e-3,4-1-2-3-0,12.398218154907227,2.884514093399048,4.2981998885980275,0.0,TRUE
TRANSFORMER,Maldives,2025,2025,CROSS_ARCH_SAME_SEED_ID,THETA_RKA_1e-3,0-1-2-3-4,1.89713454246521,2.884514093399048,0.6576964025957205,0.0,TRUE
TRANSFORMER,Mexico,42,42,CROSS_ARCH_SAME_SEED_ID,FUNCTIONAL,0-1-2-3-4,526.4514770507812,582.7344970703125,0.9034156716266273,0.0,TRUE
TRANSFORMER,Mexico,123,42,CROSS_ARCH_CROSS_SEED,FUNCTIONAL,1-0-4-3-2,381.28253173828125,582.7344970703125,0.6542988850929068,0.0,TRUE
TRANSFORMER,Mexico,2025,42,CROSS_ARCH_CROSS_SEED,FUNCTIONAL,1-0-4-3-2,378.5060729980469,582.7344970703125,0.6495343503790827,0.0,TRUE
TRANSFORMER,Mexico,42,42,CROSS_ARCH_SAME_SEED_ID,THETA_RKA_1e-3,0-1-2-3-4,354.38958740234375,582.7344970703125,0.6081493187446962,0.0,TRUE
TRANSFORMER,Mexico,123,42,CROSS_ARCH_CROSS_SEED,THETA_RKA_1e-3,1-0-2-3-4,628.4126586914062,582.7344970703125,1.0783858890296352,0.0,TRUE
TRANSFORMER,Mexico,2025,42,CROSS_ARCH_CROSS_SEED,THETA_RKA_1e-3,1-0-4-3-2,342.5079650878906,582.7344970703125,0.5877598920431919,0.0,TRUE
TRANSFORMER,Mexico,42,123,CROSS_ARCH_CROSS_SEED,FUNCTIONAL,3-0-1-4-2,692.6080322265625,717.4619140625,0.9653586046188753,0.0,TRUE
TRANSFORMER,Mexico,123,123,CROSS_ARCH_SAME_SEED_ID,FUNCTIONAL,0-1-2-3-4,488.78118896484375,717.4619140625,0.6812643004242658,0.0,TRUE
TRANSFORMER,Mexico,2025,123,CROSS_ARCH_CROSS_SEED,FUNCTIONAL,0-1-3-2-4,1113.942138671875,717.4619140625,1.5526150125020246,0.0,TRUE
TRANSFORMER,Mexico,42,123,CROSS_ARCH_CROSS_SEED,THETA_RKA_1e-3,1-0-4-3-2,789.9888916015625,717.4619140625,1.1010882614359156,0.0,TRUE
TRANSFORMER,Mexico,123,123,CROSS_ARCH_SAME_SEED_ID,THETA_RKA_1e-3,0-1-2-3-4,1095.219970703125,717.4619140625,1.5265200134480135,0.0,TRUE
TRANSFORMER,Mexico,2025,123,CROSS_ARCH_CROSS_SEED,THETA_RKA_1e-3,0-1-3-2-4,1115.37109375,717.4619140625,1.5546066932450955,0.0,TRUE
TRANSFORMER,Mexico,42,2025,CROSS_ARCH_CROSS_SEED,FUNCTIONAL,1-0-4-3-2,473.9470520019531,310.4446716308594,1.526671562801083,0.0,TRUE
TRANSFORMER,Mexico,123,2025,CROSS_ARCH_CROSS_SEED,FUNCTIONAL,4-1-2-3-0,540.9188842773438,310.4446716308594,1.7424002848421714,0.0,TRUE
TRANSFORMER,Mexico,2025,2025,CROSS_ARCH_SAME_SEED_ID,FUNCTIONAL,0-1-2-3-4,259.0038146972656,310.4446716308594,0.8342994367938111,0.0,TRUE
TRANSFORMER,Mexico,42,2025,CROSS_ARCH_CROSS_SEED,THETA_RKA_1e-3,1-0-3-4-2,442.5086975097656,310.4446716308594,1.4254027784891077,0.0,TRUE
TRANSFORMER,Mexico,123,2025,CROSS_ARCH_CROSS_SEED,THETA_RKA_1e-3,4-1-0-2-3,901.1209106445312,310.4446716308594,2.9026779745024185,0.0,TRUE
TRANSFORMER,Mexico,2025,2025,CROSS_ARCH_SAME_SEED_ID,THETA_RKA_1e-3,0-1-2-3-4,214.94540405273438,310.4446716308594,0.6923791055055364,0.0,TRUE
TRANSFORMER,Mongolia,42,42,CROSS_ARCH_SAME_SEED_ID,FUNCTIONAL,0-1-2-3-4,17.131710052490234,34.742164611816406,0.4931100362889722,0.0,TRUE
TRANSFORMER,Mongolia,123,42,CROSS_ARCH_CROSS_SEED,FUNCTIONAL,2-3-1-4-0,66.02716064453125,34.742164611816406,1.9004906971764874,0.0,TRUE
TRANSFORMER,Mongolia,2025,42,CROSS_ARCH_CROSS_SEED,FUNCTIONAL,1-0-4-3-2,38.02029800415039,34.742164611816406,1.0943560491685378,0.0,TRUE
TRANSFORMER,Mongolia,42,42,CROSS_ARCH_SAME_SEED_ID,THETA_RKA_1e-3,0-1-2-3-4,20.06784439086914,34.742164611816406,0.5776221664681113,0.0,TRUE
TRANSFORMER,Mongolia,123,42,CROSS_ARCH_CROSS_SEED,THETA_RKA_1e-3,3-2-4-1-0,67.37594604492188,34.742164611816406,1.9393134192337043,0.0,TRUE
TRANSFORMER,Mongolia,2025,42,CROSS_ARCH_CROSS_SEED,THETA_RKA_1e-3,1-0-4-3-2,30.565404891967773,34.742164611816406,0.8797783682589528,0.0,TRUE
TRANSFORMER,Mongolia,42,123,CROSS_ARCH_CROSS_SEED,FUNCTIONAL,4-1-3-0-2,89.83940887451172,68.4706802368164,1.3120858236516457,0.0,TRUE
TRANSFORMER,Mongolia,123,123,CROSS_ARCH_SAME_SEED_ID,FUNCTIONAL,0-1-2-3-4,97.76312255859375,68.4706802368164,1.4278100089040289,0.0,TRUE
TRANSFORMER,Mongolia,2025,123,CROSS_ARCH_CROSS_SEED,FUNCTIONAL,2-3-4-1-0,112.51432037353516,68.4706802368164,1.6432481754874793,0.0,TRUE
TRANSFORMER,Mongolia,42,123,CROSS_ARCH_CROSS_SEED,THETA_RKA_1e-3,4-1-3-0-2,76.49913787841797,68.4706802368164,1.1172539488994984,0.0,TRUE
TRANSFORMER,Mongolia,123,123,CROSS_ARCH_SAME_SEED_ID,THETA_RKA_1e-3,0-1-2-3-4,80.09556579589844,68.4706802368164,1.1697790283209626,0.0,TRUE
TRANSFORMER,Mongolia,2025,123,CROSS_ARCH_CROSS_SEED,THETA_RKA_1e-3,0-3-2-1-4,136.4936065673828,68.4706802368164,1.9934606476129435,0.0,TRUE
TRANSFORMER,Mongolia,42,2025,CROSS_ARCH_CROSS_SEED,FUNCTIONAL,4-3-0-1-2,112.65301513671875,126.7473373413086,0.8887998556795219,0.0,TRUE
TRANSFORMER,Mongolia,123,2025,CROSS_ARCH_CROSS_SEED,FUNCTIONAL,0-2-4-1-3,392.0588684082031,126.7473373413086,3.0932315946997497,0.0,TRUE
TRANSFORMER,Mongolia,2025,2025,CROSS_ARCH_SAME_SEED_ID,FUNCTIONAL,0-1-2-3-4,103.75029754638672,126.7473373413086,0.818559977058967,0.0,TRUE
TRANSFORMER,Mongolia,42,2025,CROSS_ARCH_CROSS_SEED,THETA_RKA_1e-3,2-0-4-1-3,169.8201446533203,126.7473373413086,1.3398320486687947,0.0,TRUE
TRANSFORMER,Mongolia,123,2025,CROSS_ARCH_CROSS_SEED,THETA_RKA_1e-3,4-3-0-1-2,349.0439758300781,126.7473373413086,2.753856476607183,0.0,TRUE
TRANSFORMER,Mongolia,2025,2025,CROSS_ARCH_SAME_SEED_ID,THETA_RKA_1e-3,0-1-2-3-4,71.99153137207031,126.7473373413086,0.5679924555591224,0.0,TRUE
TRANSFORMER,Myanmar,42,42,CROSS_ARCH_SAME_SEED_ID,FUNCTIONAL,0-1-2-3-4,10.080706596374512,8.673365592956543,1.1622600809725858,0.0,TRUE
TRANSFORMER,Myanmar,123,42,CROSS_ARCH_CROSS_SEED,FUNCTIONAL,2-0-4-1-3,9.355168342590332,8.673365592956543,1.078608787134197,0.0,TRUE
TRANSFORMER,Myanmar,2025,42,CROSS_ARCH_CROSS_SEED,FUNCTIONAL,1-4-0-3-2,6.978229999542236,8.673365592956543,0.8045584986304636,0.0,TRUE
TRANSFORMER,Myanmar,42,42,CROSS_ARCH_SAME_SEED_ID,THETA_RKA_1e-3,0-1-2-3-4,9.031952857971191,8.673365592956543,1.0413434970740596,0.0,TRUE
TRANSFORMER,Myanmar,123,42,CROSS_ARCH_CROSS_SEED,THETA_RKA_1e-3,0-3-4-1-2,9.126975059509277,8.673365592956543,1.0522991290625523,0.0,TRUE
TRANSFORMER,Myanmar,2025,42,CROSS_ARCH_CROSS_SEED,THETA_RKA_1e-3,1-4-0-3-2,7.123967170715332,8.673365592956543,0.8213613382676449,0.0,TRUE
TRANSFORMER,Myanmar,42,123,CROSS_ARCH_CROSS_SEED,FUNCTIONAL,2-4-1-0-3,39.303428649902344,25.186840057373047,1.560474778113219,0.0,TRUE
TRANSFORMER,Myanmar,123,123,CROSS_ARCH_SAME_SEED_ID,FUNCTIONAL,0-4-2-3-1,34.045127868652344,25.186840057373047,1.3517030239244392,0.0,TRUE
TRANSFORMER,Myanmar,2025,123,CROSS_ARCH_CROSS_SEED,FUNCTIONAL,0-3-2-1-4,57.00087356567383,25.186840057373047,2.263121274277824,0.0,TRUE
TRANSFORMER,Myanmar,42,123,CROSS_ARCH_CROSS_SEED,THETA_RKA_1e-3,2-4-1-0-3,36.570411682128906,25.186840057373047,1.451965057896316,0.0,TRUE
TRANSFORMER,Myanmar,123,123,CROSS_ARCH_SAME_SEED_ID,THETA_RKA_1e-3,0-1-2-3-4,14.125900268554688,25.186840057373047,0.5608444821334209,0.0,TRUE
TRANSFORMER,Myanmar,2025,123,CROSS_ARCH_CROSS_SEED,THETA_RKA_1e-3,0-3-2-1-4,56.18159866333008,25.186840057373047,2.2305933787388232,0.0,TRUE
TRANSFORMER,Myanmar,42,2025,CROSS_ARCH_CROSS_SEED,FUNCTIONAL,3-1-0-2-4,5.115744590759277,2.9074394702911377,1.7595360601770362,0.0,TRUE
TRANSFORMER,Myanmar,123,2025,CROSS_ARCH_CROSS_SEED,FUNCTIONAL,0-1-2-3-4,4.5326337814331055,2.9074394702911377,1.5589778661769451,0.0,TRUE
TRANSFORMER,Myanmar,2025,2025,CROSS_ARCH_SAME_SEED_ID,FUNCTIONAL,0-1-2-3-4,0.8277579545974731,2.9074394702911377,0.2847034179234642,0.0,TRUE
TRANSFORMER,Myanmar,42,2025,CROSS_ARCH_CROSS_SEED,THETA_RKA_1e-3,2-3-1-0-4,4.205321311950684,2.9074394702911377,1.4464002965226244,0.0,TRUE
TRANSFORMER,Myanmar,123,2025,CROSS_ARCH_CROSS_SEED,THETA_RKA_1e-3,0-1-2-3-4,5.106331825256348,2.9074394702911377,1.756298584178271,0.0,TRUE
TRANSFORMER,Myanmar,2025,2025,CROSS_ARCH_SAME_SEED_ID,THETA_RKA_1e-3,0-1-2-3-4,0.8965797424316406,2.9074394702911377,0.3083743450527832,0.0,TRUE
TRANSFORMER,Nepal,42,42,CROSS_ARCH_SAME_SEED_ID,FUNCTIONAL,0-1-4-3-2,23.27821159362793,11.49302864074707,2.025420132609606,0.0,TRUE
TRANSFORMER,Nepal,123,42,CROSS_ARCH_CROSS_SEED,FUNCTIONAL,1-2-4-3-0,27.510839462280273,11.49302864074707,2.3936979818134354,0.0,TRUE
TRANSFORMER,Nepal,2025,42,CROSS_ARCH_CROSS_SEED,FUNCTIONAL,1-2-0-3-4,27.788787841796875,11.49302864074707,2.417882066636053,0.0,TRUE
TRANSFORMER,Nepal,42,42,CROSS_ARCH_SAME_SEED_ID,THETA_RKA_1e-3,0-1-2-3-4,18.63460922241211,11.49302864074707,1.6213836930976988,0.0,TRUE
TRANSFORMER,Nepal,123,42,CROSS_ARCH_CROSS_SEED,THETA_RKA_1e-3,1-0-4-3-2,23.940462112426758,11.49302864074707,2.0830420649565684,0.0,TRUE
TRANSFORMER,Nepal,2025,42,CROSS_ARCH_CROSS_SEED,THETA_RKA_1e-3,1-3-0-4-2,22.553897857666016,11.49302864074707,1.9623981252168852,0.0,TRUE
TRANSFORMER,Nepal,42,123,CROSS_ARCH_CROSS_SEED,FUNCTIONAL,2-3-0-1-4,35.92289733886719,46.512001037597656,0.772336096867326,0.0,TRUE
TRANSFORMER,Nepal,123,123,CROSS_ARCH_SAME_SEED_ID,FUNCTIONAL,0-1-2-3-4,42.24964141845703,46.512001037597656,0.9083600033527868,0.0,TRUE
TRANSFORMER,Nepal,2025,123,CROSS_ARCH_CROSS_SEED,FUNCTIONAL,4-1-2-3-0,27.618600845336914,46.512001037597656,0.5937951545669172,0.0,TRUE
TRANSFORMER,Nepal,42,123,CROSS_ARCH_CROSS_SEED,THETA_RKA_1e-3,1-2-4-3-0,34.74843215942383,46.512001037597656,0.7470852980789876,0.0,TRUE
TRANSFORMER,Nepal,123,123,CROSS_ARCH_SAME_SEED_ID,THETA_RKA_1e-3,0-1-2-3-4,11.205842971801758,46.512001037597656,0.24092369112959883,0.0,TRUE
TRANSFORMER,Nepal,2025,123,CROSS_ARCH_CROSS_SEED,THETA_RKA_1e-3,2-4-3-1-0,47.10574722290039,46.512001037597656,1.0127654405757083,0.0,TRUE
TRANSFORMER,Nepal,42,2025,CROSS_ARCH_CROSS_SEED,FUNCTIONAL,3-4-2-0-1,22.734970092773438,41.12432861328125,0.552835045808653,0.0,TRUE
TRANSFORMER,Nepal,123,2025,CROSS_ARCH_CROSS_SEED,FUNCTIONAL,3-2-1-4-0,29.12506103515625,41.12432861328125,0.7082197331180309,0.0,TRUE
TRANSFORMER,Nepal,2025,2025,CROSS_ARCH_SAME_SEED_ID,FUNCTIONAL,0-1-2-3-4,31.579172134399414,41.12432861328125,0.7678951413738292,0.0,TRUE
TRANSFORMER,Nepal,42,2025,CROSS_ARCH_CROSS_SEED,THETA_RKA_1e-3,3-4-2-0-1,21.966501235961914,41.12432861328125,0.5341485679323104,0.0,TRUE
TRANSFORMER,Nepal,123,2025,CROSS_ARCH_CROSS_SEED,THETA_RKA_1e-3,1-2-3-4-0,20.463680267333984,41.12432861328125,0.497605212227712,0.0,TRUE
TRANSFORMER,Nepal,2025,2025,CROSS_ARCH_SAME_SEED_ID,THETA_RKA_1e-3,0-1-2-3-4,26.728605270385742,41.12432861328125,0.6499463011720426,0.0,TRUE
TRANSFORMER,New Caledonia,42,42,CROSS_ARCH_SAME_SEED_ID,FUNCTIONAL,0-1-2-3-4,0.6298824548721313,1.5840606689453125,0.397637834977315,0.0,TRUE
TRANSFORMER,New Caledonia,123,42,CROSS_ARCH_CROSS_SEED,FUNCTIONAL,3-2-4-1-0,1.2764893770217896,1.5840606689453125,0.8058336413792107,0.0,TRUE
TRANSFORMER,New Caledonia,2025,42,CROSS_ARCH_CROSS_SEED,FUNCTIONAL,1-2-4-3-0,1.7085797786712646,1.5840606689453125,1.078607538314084,0.0,TRUE
TRANSFORMER,New Caledonia,42,42,CROSS_ARCH_SAME_SEED_ID,THETA_RKA_1e-3,0-1-2-3-4,0.6086359620094299,1.5840606689453125,0.38422515875901864,0.0,TRUE
TRANSFORMER,New Caledonia,123,42,CROSS_ARCH_CROSS_SEED,THETA_RKA_1e-3,3-1-4-2-0,1.9597837924957275,1.5840606689453125,1.2371898570024948,0.0,TRUE
TRANSFORMER,New Caledonia,2025,42,CROSS_ARCH_CROSS_SEED,THETA_RKA_1e-3,2-3-4-1-0,1.8893756866455078,1.5840606689453125,1.1927419976303546,0.0,TRUE
TRANSFORMER,New Caledonia,42,123,CROSS_ARCH_CROSS_SEED,FUNCTIONAL,0-2-4-3-1,1.1134296655654907,0.6036753058433533,1.8444181081914468,0.0,TRUE
TRANSFORMER,New Caledonia,123,123,CROSS_ARCH_SAME_SEED_ID,FUNCTIONAL,0-1-2-3-4,0.26477763056755066,0.6036753058433533,0.4386093451307372,0.0,TRUE
TRANSFORMER,New Caledonia,2025,123,CROSS_ARCH_CROSS_SEED,FUNCTIONAL,0-4-2-1-3,0.5788797736167908,0.6036753058433533,0.9589257138952829,0.0,TRUE
TRANSFORMER,New Caledonia,42,123,CROSS_ARCH_CROSS_SEED,THETA_RKA_1e-3,0-2-4-3-1,1.127445101737976,0.6036753058433533,1.8676349534670795,0.0,TRUE
TRANSFORMER,New Caledonia,123,123,CROSS_ARCH_SAME_SEED_ID,THETA_RKA_1e-3,0-1-2-3-4,0.45989590883255005,0.6036753058433533,0.7618266050986815,0.0,TRUE
TRANSFORMER,New Caledonia,2025,123,CROSS_ARCH_CROSS_SEED,THETA_RKA_1e-3,0-4-2-1-3,0.631604015827179,0.6036753058433533,1.0462644565936128,0.0,TRUE
TRANSFORMER,New Caledonia,42,2025,CROSS_ARCH_CROSS_SEED,FUNCTIONAL,0-3-4-1-2,0.6690729856491089,1.0707504749298096,0.624863589897514,0.0,TRUE
TRANSFORMER,New Caledonia,123,2025,CROSS_ARCH_CROSS_SEED,FUNCTIONAL,0-3-2-1-4,1.5719261169433594,1.0707504749298096,1.4680601631733137,0.0,TRUE
TRANSFORMER,New Caledonia,2025,2025,CROSS_ARCH_SAME_SEED_ID,FUNCTIONAL,0-1-2-3-4,0.405286967754364,1.0707504749298096,0.3785073901376804,0.0,TRUE
TRANSFORMER,New Caledonia,42,2025,CROSS_ARCH_CROSS_SEED,THETA_RKA_1e-3,0-3-4-1-2,0.6793308854103088,1.0707504749298096,0.6344436928266044,0.0,TRUE
TRANSFORMER,New Caledonia,123,2025,CROSS_ARCH_CROSS_SEED,THETA_RKA_1e-3,0-3-2-4-1,1.7803395986557007,1.0707504749298096,1.6627026000361163,0.0,TRUE
TRANSFORMER,New Caledonia,2025,2025,CROSS_ARCH_SAME_SEED_ID,THETA_RKA_1e-3,0-1-2-3-4,0.22019124031066895,1.0707504749298096,0.20564197305175425,0.0,TRUE
TRANSFORMER,New Zealand,42,42,CROSS_ARCH_SAME_SEED_ID,FUNCTIONAL,0-1-2-3-4,0.289235383272171,2.107064962387085,0.13726932412396886,0.0,TRUE
TRANSFORMER,New Zealand,123,42,CROSS_ARCH_CROSS_SEED,FUNCTIONAL,3-2-4-1-0,3.443692445755005,2.107064962387085,1.6343551372301595,0.0,TRUE
TRANSFORMER,New Zealand,2025,42,CROSS_ARCH_CROSS_SEED,FUNCTIONAL,1-0-4-3-2,2.495380401611328,2.107064962387085,1.1842921059179505,0.0,TRUE
TRANSFORMER,New Zealand,42,42,CROSS_ARCH_SAME_SEED_ID,THETA_RKA_1e-3,0-1-2-3-4,0.26143088936805725,2.107064962387085,0.12407348327404358,0.0,TRUE
TRANSFORMER,New Zealand,123,42,CROSS_ARCH_CROSS_SEED,THETA_RKA_1e-3,0-1-4-2-3,3.402536153793335,2.107064962387085,1.6148226155963488,0.0,TRUE
TRANSFORMER,New Zealand,2025,42,CROSS_ARCH_CROSS_SEED,THETA_RKA_1e-3,1-0-4-3-2,2.1992461681365967,2.107064962387085,1.0437486301538041,0.0,TRUE
TRANSFORMER,New Zealand,42,123,CROSS_ARCH_CROSS_SEED,FUNCTIONAL,3-1-4-0-2,1.966463327407837,1.5393913984298706,1.2774290732126774,0.0,TRUE
TRANSFORMER,New Zealand,123,123,CROSS_ARCH_SAME_SEED_ID,FUNCTIONAL,0-1-2-3-4,0.230049267411232,1.5393913984298706,0.1494416999119748,0.0,TRUE
TRANSFORMER,New Zealand,2025,123,CROSS_ARCH_CROSS_SEED,FUNCTIONAL,0-1-3-2-4,1.704239010810852,1.5393913984298706,1.1070862241721766,0.0,TRUE
TRANSFORMER,New Zealand,42,123,CROSS_ARCH_CROSS_SEED,THETA_RKA_1e-3,3-1-4-0-2,1.9289977550506592,1.5393913984298706,1.2530911612330524,0.0,TRUE
TRANSFORMER,New Zealand,123,123,CROSS_ARCH_SAME_SEED_ID,THETA_RKA_1e-3,0-1-2-3-4,0.16216428577899933,1.5393913984298706,0.10534311543146314,0.0,TRUE
TRANSFORMER,New Zealand,2025,123,CROSS_ARCH_CROSS_SEED,THETA_RKA_1e-3,0-1-3-2-4,1.7114169597625732,1.5393913984298706,1.1117490727232613,0.0,TRUE
TRANSFORMER,New Zealand,42,2025,CROSS_ARCH_CROSS_SEED,FUNCTIONAL,1-3-0-4-2,4.647368907928467,2.3066139221191406,2.01480137762232,0.0,TRUE
TRANSFORMER,New Zealand,123,2025,CROSS_ARCH_CROSS_SEED,FUNCTIONAL,0-1-3-2-4,4.338153839111328,2.3066139221191406,1.8807455367848314,0.0,TRUE
TRANSFORMER,New Zealand,2025,2025,CROSS_ARCH_SAME_SEED_ID,FUNCTIONAL,0-1-2-3-4,0.6284465789794922,2.3066139221191406,0.27245416883729007,0.0,TRUE
TRANSFORMER,New Zealand,42,2025,CROSS_ARCH_CROSS_SEED,THETA_RKA_1e-3,1-3-0-4-2,4.649546146392822,2.3066139221191406,2.0157452887135854,0.0,TRUE
TRANSFORMER,New Zealand,123,2025,CROSS_ARCH_CROSS_SEED,THETA_RKA_1e-3,0-1-3-2-4,4.530907154083252,2.3066139221191406,1.9643110234592709,0.0,TRUE
TRANSFORMER,New Zealand,2025,2025,CROSS_ARCH_SAME_SEED_ID,THETA_RKA_1e-3,0-1-2-3-4,0.4926188290119171,2.3066139221191406,0.21356795963467373,0.0,TRUE
TRANSFORMER,Northern Mariana Islands,42,42,CROSS_ARCH_SAME_SEED_ID,FUNCTIONAL,0-1-2-3-4,1.8268636465072632,4.459153652191162,0.4096884272219616,0.0,TRUE
TRANSFORMER,Northern Mariana Islands,123,42,CROSS_ARCH_CROSS_SEED,FUNCTIONAL,2-3-4-1-0,2.174644708633423,4.459153652191162,0.48768104403956447,0.0,TRUE
TRANSFORMER,Northern Mariana Islands,2025,42,CROSS_ARCH_CROSS_SEED,FUNCTIONAL,1-2-4-3-0,9.414108276367188,4.459153652191162,2.1111872365602906,0.0,TRUE
TRANSFORMER,Northern Mariana Islands,42,42,CROSS_ARCH_SAME_SEED_ID,THETA_RKA_1e-3,0-1-2-3-4,2.0143239498138428,4.459153652191162,0.451727862937406,0.0,TRUE
TRANSFORMER,Northern Mariana Islands,123,42,CROSS_ARCH_CROSS_SEED,THETA_RKA_1e-3,2-4-1-3-0,8.740800857543945,4.459153652191162,1.9601927942646347,0.0,TRUE
TRANSFORMER,Northern Mariana Islands,2025,42,CROSS_ARCH_CROSS_SEED,THETA_RKA_1e-3,2-0-4-1-3,8.744011878967285,4.459153652191162,1.9609128908734972,0.0,TRUE
TRANSFORMER,Northern Mariana Islands,42,123,CROSS_ARCH_CROSS_SEED,FUNCTIONAL,0-3-4-2-1,1.0180306434631348,2.1342012882232666,0.4770077916646046,0.0,TRUE
TRANSFORMER,Northern Mariana Islands,123,123,CROSS_ARCH_SAME_SEED_ID,FUNCTIONAL,0-1-2-3-4,1.5404088497161865,2.1342012882232666,0.7217729921804071,0.0,TRUE
TRANSFORMER,Northern Mariana Islands,2025,123,CROSS_ARCH_CROSS_SEED,FUNCTIONAL,0-4-1-3-2,1.4672529697418213,2.1342012882232666,0.6874951195270418,0.0,TRUE
TRANSFORMER,Northern Mariana Islands,42,123,CROSS_ARCH_CROSS_SEED,THETA_RKA_1e-3,0-3-4-2-1,0.8798612952232361,2.1342012882232666,0.412267249616237,0.0,TRUE
TRANSFORMER,Northern Mariana Islands,123,123,CROSS_ARCH_SAME_SEED_ID,THETA_RKA_1e-3,0-1-2-3-4,1.1146858930587769,2.1342012882232666,0.5222965140212986,0.0,TRUE
TRANSFORMER,Northern Mariana Islands,2025,123,CROSS_ARCH_CROSS_SEED,THETA_RKA_1e-3,0-1-2-3-4,2.9682400226593018,2.1342012882232666,1.3907966596395303,0.0,TRUE
TRANSFORMER,Northern Mariana Islands,42,2025,CROSS_ARCH_CROSS_SEED,FUNCTIONAL,0-1-4-3-2,11.574580192565918,3.228182554244995,3.5854788253364354,0.0,TRUE
TRANSFORMER,Northern Mariana Islands,123,2025,CROSS_ARCH_CROSS_SEED,FUNCTIONAL,0-1-2-3-4,2.096771478652954,3.228182554244995,0.649520726730817,0.0,TRUE
TRANSFORMER,Northern Mariana Islands,2025,2025,CROSS_ARCH_SAME_SEED_ID,FUNCTIONAL,0-1-2-3-4,0.2447235882282257,3.228182554244995,0.07580847245036347,0.0,TRUE
TRANSFORMER,Northern Mariana Islands,42,2025,CROSS_ARCH_CROSS_SEED,THETA_RKA_1e-3,0-1-4-3-2,11.896527290344238,3.228182554244995,3.685208965242856,0.0,TRUE
TRANSFORMER,Northern Mariana Islands,123,2025,CROSS_ARCH_CROSS_SEED,THETA_RKA_1e-3,0-1-2-3-4,2.3688762187957764,3.228182554244995,0.7338111085696661,0.0,TRUE
TRANSFORMER,Northern Mariana Islands,2025,2025,CROSS_ARCH_SAME_SEED_ID,THETA_RKA_1e-3,0-1-2-3-4,0.49228614568710327,3.228182554244995,0.1524963775793153,0.0,TRUE
TRANSFORMER,Papua New Guinea,42,42,CROSS_ARCH_SAME_SEED_ID,FUNCTIONAL,0-1-2-3-4,0.7556811571121216,1.9595118761062622,0.3856476535440716,0.0,TRUE
TRANSFORMER,Papua New Guinea,123,42,CROSS_ARCH_CROSS_SEED,FUNCTIONAL,2-0-4-1-3,2.2043497562408447,1.9595118761062622,1.1249484032835253,0.0,TRUE
TRANSFORMER,Papua New Guinea,2025,42,CROSS_ARCH_CROSS_SEED,FUNCTIONAL,2-3-4-1-0,3.7846462726593018,1.9595118761062622,1.9314229828398675,0.0,TRUE
TRANSFORMER,Papua New Guinea,42,42,CROSS_ARCH_SAME_SEED_ID,THETA_RKA_1e-3,0-1-2-3-4,0.9289258718490601,1.9595118761062622,0.4740598325410126,0.0,TRUE
TRANSFORMER,Papua New Guinea,123,42,CROSS_ARCH_CROSS_SEED,THETA_RKA_1e-3,2-3-4-1-0,2.79343843460083,1.9595118761062622,1.4255787212434046,0.0,TRUE
TRANSFORMER,Papua New Guinea,2025,42,CROSS_ARCH_CROSS_SEED,THETA_RKA_1e-3,2-3-4-1-0,3.3026161193847656,1.9595118761062622,1.6854279678811543,0.0,TRUE
TRANSFORMER,Papua New Guinea,42,123,CROSS_ARCH_CROSS_SEED,FUNCTIONAL,4-3-0-1-2,0.7358905076980591,0.93877112865448,0.7838870255338964,0.0,TRUE
TRANSFORMER,Papua New Guinea,123,123,CROSS_ARCH_SAME_SEED_ID,FUNCTIONAL,0-1-2-3-4,0.5175742506980896,0.93877112865448,0.5513316663667719,0.0,TRUE
TRANSFORMER,Papua New Guinea,2025,123,CROSS_ARCH_CROSS_SEED,FUNCTIONAL,0-1-2-3-4,0.9635118842124939,0.93877112865448,1.0263544060984005,0.0,TRUE
TRANSFORMER,Papua New Guinea,42,123,CROSS_ARCH_CROSS_SEED,THETA_RKA_1e-3,4-3-0-1-2,0.6568449139595032,0.93877112865448,0.6996858913854164,0.0,TRUE
TRANSFORMER,Papua New Guinea,123,123,CROSS_ARCH_SAME_SEED_ID,THETA_RKA_1e-3,0-1-2-3-4,0.8437067270278931,0.93877112865448,0.8987352734602728,0.0,TRUE
TRANSFORMER,Papua New Guinea,2025,123,CROSS_ARCH_CROSS_SEED,THETA_RKA_1e-3,0-1-2-3-4,1.232640027999878,0.93877112865448,1.3130357233787044,0.0,TRUE
TRANSFORMER,Papua New Guinea,42,2025,CROSS_ARCH_CROSS_SEED,FUNCTIONAL,4-3-0-1-2,1.9932336807250977,2.1243367195129395,0.9382851891681745,0.0,TRUE
TRANSFORMER,Papua New Guinea,123,2025,CROSS_ARCH_CROSS_SEED,FUNCTIONAL,0-1-2-3-4,2.509077310562134,2.1243367195129395,1.181110926302402,0.0,TRUE
TRANSFORMER,Papua New Guinea,2025,2025,CROSS_ARCH_SAME_SEED_ID,FUNCTIONAL,0-1-2-3-4,0.483115017414093,2.1243367195129395,0.2274192283061698,0.0,TRUE
TRANSFORMER,Papua New Guinea,42,2025,CROSS_ARCH_CROSS_SEED,THETA_RKA_1e-3,4-3-0-1-2,2.041327953338623,2.1243367195129395,0.9609248546090432,0.0,TRUE
TRANSFORMER,Papua New Guinea,123,2025,CROSS_ARCH_CROSS_SEED,THETA_RKA_1e-3,0-1-2-3-4,2.4434239864349365,2.1243367195129395,1.1502055978183894,0.0,TRUE
TRANSFORMER,Papua New Guinea,2025,2025,CROSS_ARCH_SAME_SEED_ID,THETA_RKA_1e-3,0-1-2-3-4,0.1505732238292694,2.1243367195129395,0.07088011163493531,0.0,TRUE
TRANSFORMER,Philippines,42,42,CROSS_ARCH_SAME_SEED_ID,FUNCTIONAL,0-1-2-3-4,19.79726791381836,218.0943145751953,0.09077388354840671,0.0,TRUE
TRANSFORMER,Philippines,123,42,CROSS_ARCH_CROSS_SEED,FUNCTIONAL,0-2-4-3-1,106.93070220947266,218.0943145751953,0.49029568889841335,0.0,TRUE
TRANSFORMER,Philippines,2025,42,CROSS_ARCH_CROSS_SEED,FUNCTIONAL,2-4-0-3-1,302.9913024902344,218.0943145751953,1.3892673134574904,0.0,TRUE
TRANSFORMER,Philippines,42,42,CROSS_ARCH_SAME_SEED_ID,THETA_RKA_1e-3,0-1-2-3-4,19.10042953491211,218.0943145751953,0.08757875954774877,0.0,TRUE
TRANSFORMER,Philippines,123,42,CROSS_ARCH_CROSS_SEED,THETA_RKA_1e-3,0-2-4-3-1,116.65009307861328,218.0943145751953,0.5348607702398142,0.0,TRUE
TRANSFORMER,Philippines,2025,42,CROSS_ARCH_CROSS_SEED,THETA_RKA_1e-3,0-3-4-2-1,315.20941162109375,218.0943145751953,1.4452894484437133,0.0,TRUE
TRANSFORMER,Philippines,42,123,CROSS_ARCH_CROSS_SEED,FUNCTIONAL,0-4-1-3-2,58.109806060791016,138.45413208007812,0.4197043828723138,0.0,TRUE
TRANSFORMER,Philippines,123,123,CROSS_ARCH_SAME_SEED_ID,FUNCTIONAL,0-1-2-3-4,26.485218048095703,138.45413208007812,0.19129236267775215,0.0,TRUE
TRANSFORMER,Philippines,2025,123,CROSS_ARCH_CROSS_SEED,FUNCTIONAL,3-4-2-1-0,105.83833312988281,138.45413208007812,0.7644288512001128,0.0,TRUE
TRANSFORMER,Philippines,42,123,CROSS_ARCH_CROSS_SEED,THETA_RKA_1e-3,0-4-1-3-2,59.26493453979492,138.45413208007812,0.42804742371659726,0.0,TRUE
TRANSFORMER,Philippines,123,123,CROSS_ARCH_SAME_SEED_ID,THETA_RKA_1e-3,0-1-2-3-4,41.23725509643555,138.45413208007812,0.29784055179071894,0.0,TRUE
TRANSFORMER,Philippines,2025,123,CROSS_ARCH_CROSS_SEED,THETA_RKA_1e-3,0-1-2-3-4,70.58198547363281,138.45413208007812,0.5097860527037944,0.0,TRUE
TRANSFORMER,Philippines,42,2025,CROSS_ARCH_CROSS_SEED,FUNCTIONAL,2-4-0-3-1,210.4546356201172,165.1748809814453,1.2741322068442011,0.0,TRUE
TRANSFORMER,Philippines,123,2025,CROSS_ARCH_CROSS_SEED,FUNCTIONAL,4-1-2-3-0,52.59204864501953,165.1748809814453,0.3184022191057452,0.0,TRUE
TRANSFORMER,Philippines,2025,2025,CROSS_ARCH_SAME_SEED_ID,FUNCTIONAL,0-1-2-3-4,199.1067657470703,165.1748809814453,1.2054300542794802,0.0,TRUE
TRANSFORMER,Philippines,42,2025,CROSS_ARCH_CROSS_SEED,THETA_RKA_1e-3,2-4-0-3-1,214.56507873535156,165.1748809814453,1.2990176076437097,0.0,TRUE
TRANSFORMER,Philippines,123,2025,CROSS_ARCH_CROSS_SEED,THETA_RKA_1e-3,4-1-2-3-0,44.524497985839844,165.1748809814453,0.269559740084459,0.0,TRUE
TRANSFORMER,Philippines,2025,2025,CROSS_ARCH_SAME_SEED_ID,THETA_RKA_1e-3,0-1-2-3-4,22.103424072265625,165.1748809814453,0.1338183139042103,0.0,TRUE
TRANSFORMER,Singapore,42,42,CROSS_ARCH_SAME_SEED_ID,FUNCTIONAL,0-1-2-3-4,2.907515287399292,14.629887580871582,0.1987380471194349,0.0,TRUE
TRANSFORMER,Singapore,123,42,CROSS_ARCH_CROSS_SEED,FUNCTIONAL,3-1-4-2-0,13.83681583404541,14.629887580871582,0.9457909883146947,0.0,TRUE
TRANSFORMER,Singapore,2025,42,CROSS_ARCH_CROSS_SEED,FUNCTIONAL,3-4-0-2-1,23.003816604614258,14.629887580871582,1.5723850561019688,0.0,TRUE
TRANSFORMER,Singapore,42,42,CROSS_ARCH_SAME_SEED_ID,THETA_RKA_1e-3,0-1-2-3-4,2.2646968364715576,14.629887580871582,0.1547993328009317,0.0,TRUE
TRANSFORMER,Singapore,123,42,CROSS_ARCH_CROSS_SEED,THETA_RKA_1e-3,3-1-4-0-2,15.809019088745117,14.629887580871582,1.080597441460537,0.0,TRUE
TRANSFORMER,Singapore,2025,42,CROSS_ARCH_CROSS_SEED,THETA_RKA_1e-3,1-4-0-2-3,14.777704238891602,14.629887580871582,1.0101037453092454,0.0,TRUE
TRANSFORMER,Singapore,42,123,CROSS_ARCH_CROSS_SEED,FUNCTIONAL,4-1-0-3-2,70.77967834472656,39.02886962890625,1.8135210939418156,0.0,TRUE
TRANSFORMER,Singapore,123,123,CROSS_ARCH_SAME_SEED_ID,FUNCTIONAL,0-1-2-3-4,40.72334671020508,39.02886962890625,1.0434159917366357,0.0,TRUE
TRANSFORMER,Singapore,2025,123,CROSS_ARCH_CROSS_SEED,FUNCTIONAL,3-2-0-1-4,57.1241340637207,39.02886962890625,1.463637932814032,0.0,TRUE
TRANSFORMER,Singapore,42,123,CROSS_ARCH_CROSS_SEED,THETA_RKA_1e-3,4-1-0-3-2,72.53434753417969,39.02886962890625,1.8584793314243981,0.0,TRUE
TRANSFORMER,Singapore,123,123,CROSS_ARCH_SAME_SEED_ID,THETA_RKA_1e-3,0-1-2-3-4,43.96952438354492,39.02886962890625,1.1265897475795568,0.0,TRUE
TRANSFORMER,Singapore,2025,123,CROSS_ARCH_CROSS_SEED,THETA_RKA_1e-3,2-4-3-1-0,72.8706283569336,39.02886962890625,1.8670955385026797,0.0,TRUE
TRANSFORMER,Singapore,42,2025,CROSS_ARCH_CROSS_SEED,FUNCTIONAL,2-0-3-4-1,45.751441955566406,33.62519073486328,1.3606299609218389,0.0,TRUE
TRANSFORMER,Singapore,123,2025,CROSS_ARCH_CROSS_SEED,FUNCTIONAL,0-1-2-3-4,61.30812454223633,33.62519073486328,1.8232796068178379,0.0,TRUE
TRANSFORMER,Singapore,2025,2025,CROSS_ARCH_SAME_SEED_ID,FUNCTIONAL,0-1-2-3-4,25.966737747192383,33.62519073486328,0.7722406082969677,0.0,TRUE
TRANSFORMER,Singapore,42,2025,CROSS_ARCH_CROSS_SEED,THETA_RKA_1e-3,2-0-3-4-1,42.94275665283203,33.62519073486328,1.277100760303141,0.0,TRUE
TRANSFORMER,Singapore,123,2025,CROSS_ARCH_CROSS_SEED,THETA_RKA_1e-3,0-1-3-2-4,60.235252380371094,33.62519073486328,1.7913728090148187,0.0,TRUE
TRANSFORMER,Singapore,2025,2025,CROSS_ARCH_SAME_SEED_ID,THETA_RKA_1e-3,0-1-2-3-4,20.875646591186523,33.62519073486328,0.6208335517199678,0.0,TRUE
TRANSFORMER,Sri Lanka,42,42,CROSS_ARCH_SAME_SEED_ID,FUNCTIONAL,0-1-2-3-4,118.43870544433594,199.56849670410156,0.5934739570641951,0.0,TRUE
TRANSFORMER,Sri Lanka,123,42,CROSS_ARCH_CROSS_SEED,FUNCTIONAL,0-1-4-3-2,230.23399353027344,199.56849670410156,1.1536590059684586,0.0,TRUE
TRANSFORMER,Sri Lanka,2025,42,CROSS_ARCH_CROSS_SEED,FUNCTIONAL,2-0-3-4-1,237.0687713623047,199.56849670410156,1.1879067852768588,0.0,TRUE
TRANSFORMER,Sri Lanka,42,42,CROSS_ARCH_SAME_SEED_ID,THETA_RKA_1e-3,0-1-2-3-4,97.81818389892578,199.56849670410156,0.4901484227942045,0.0,TRUE
TRANSFORMER,Sri Lanka,123,42,CROSS_ARCH_CROSS_SEED,THETA_RKA_1e-3,0-1-4-3-2,302.43621826171875,199.56849670410156,1.5154507011702265,0.0,TRUE
TRANSFORMER,Sri Lanka,2025,42,CROSS_ARCH_CROSS_SEED,THETA_RKA_1e-3,2-0-1-4-3,222.4689483642578,199.56849670410156,1.1147498329564036,0.0,TRUE
TRANSFORMER,Sri Lanka,42,123,CROSS_ARCH_CROSS_SEED,FUNCTIONAL,1-3-4-0-2,29.945695877075195,43.46101760864258,0.6890242687534368,0.0,TRUE
TRANSFORMER,Sri Lanka,123,123,CROSS_ARCH_SAME_SEED_ID,FUNCTIONAL,0-1-2-3-4,49.456790924072266,43.46101760864258,1.1379574995095691,0.0,TRUE
TRANSFORMER,Sri Lanka,2025,123,CROSS_ARCH_CROSS_SEED,FUNCTIONAL,0-3-2-1-4,54.38323211669922,43.46101760864258,1.2513106022138945,0.0,TRUE
TRANSFORMER,Sri Lanka,42,123,CROSS_ARCH_CROSS_SEED,THETA_RKA_1e-3,1-3-4-0-2,32.5263671875,43.46101760864258,0.7484032583036405,0.0,TRUE
TRANSFORMER,Sri Lanka,123,123,CROSS_ARCH_SAME_SEED_ID,THETA_RKA_1e-3,0-1-2-3-4,9.733865737915039,43.46101760864258,0.22396773645675935,0.0,TRUE
TRANSFORMER,Sri Lanka,2025,123,CROSS_ARCH_CROSS_SEED,THETA_RKA_1e-3,2-0-3-1-4,99.3132553100586,43.46101760864258,2.2851111357850336,0.0,TRUE
TRANSFORMER,Sri Lanka,42,2025,CROSS_ARCH_CROSS_SEED,FUNCTIONAL,1-0-3-4-2,74.53456115722656,68.0630874633789,1.0950805191922803,0.0,TRUE
TRANSFORMER,Sri Lanka,123,2025,CROSS_ARCH_CROSS_SEED,FUNCTIONAL,1-3-2-0-4,60.40018844604492,68.0630874633789,0.8874147602919574,0.0,TRUE
TRANSFORMER,Sri Lanka,2025,2025,CROSS_ARCH_SAME_SEED_ID,FUNCTIONAL,0-1-2-3-4,53.766807556152344,68.0630874633789,0.7899554598530573,0.0,TRUE
TRANSFORMER,Sri Lanka,42,2025,CROSS_ARCH_CROSS_SEED,THETA_RKA_1e-3,1-0-4-3-2,113.65943908691406,68.0630874633789,1.669913066286746,0.0,TRUE
TRANSFORMER,Sri Lanka,123,2025,CROSS_ARCH_CROSS_SEED,THETA_RKA_1e-3,0-1-3-2-4,74.94122314453125,68.0630874633789,1.1010552993919516,0.0,TRUE
TRANSFORMER,Sri Lanka,2025,2025,CROSS_ARCH_SAME_SEED_ID,THETA_RKA_1e-3,0-1-2-3-4,53.373748779296875,68.0630874633789,0.7841805414427376,0.0,TRUE
TRANSFORMER,Switzerland,42,42,CROSS_ARCH_SAME_SEED_ID,FUNCTIONAL,3-1-2-0-4,691.6585083007812,1121.9407958984375,0.6164839631728597,0.0,TRUE
TRANSFORMER,Switzerland,123,42,CROSS_ARCH_CROSS_SEED,FUNCTIONAL,3-1-4-0-2,1035.3157958984375,1121.9407958984375,0.922790043541797,0.0,TRUE
TRANSFORMER,Switzerland,2025,42,CROSS_ARCH_CROSS_SEED,FUNCTIONAL,1-4-0-3-2,1051.7493896484375,1121.9407958984375,0.9374375131855407,0.0,TRUE
TRANSFORMER,Switzerland,42,42,CROSS_ARCH_SAME_SEED_ID,THETA_RKA_1e-3,3-1-2-0-4,625.0557861328125,1121.9407958984375,0.557120115801008,0.0,TRUE
TRANSFORMER,Switzerland,123,42,CROSS_ARCH_CROSS_SEED,THETA_RKA_1e-3,3-1-4-0-2,671.5479125976562,1121.9407958984375,0.5985591352526657,0.0,TRUE
TRANSFORMER,Switzerland,2025,42,CROSS_ARCH_CROSS_SEED,THETA_RKA_1e-3,1-0-4-3-2,958.0454711914062,1121.9407958984375,0.853918027309288,0.0,TRUE
TRANSFORMER,Switzerland,42,123,CROSS_ARCH_CROSS_SEED,FUNCTIONAL,0-3-1-4-2,1370.6588134765625,1029.2401123046875,1.3317191946662144,0.0,TRUE
TRANSFORMER,Switzerland,123,123,CROSS_ARCH_SAME_SEED_ID,FUNCTIONAL,0-1-3-2-4,532.4569702148438,1029.2401123046875,0.5173301777197153,0.0,TRUE
TRANSFORMER,Switzerland,2025,123,CROSS_ARCH_CROSS_SEED,FUNCTIONAL,3-4-1-2-0,1551.204833984375,1029.2401123046875,1.5071360078562208,0.0,TRUE
TRANSFORMER,Switzerland,42,123,CROSS_ARCH_CROSS_SEED,THETA_RKA_1e-3,0-3-1-4-2,1282.91796875,1029.2401123046875,1.2464710162503032,0.0,TRUE
TRANSFORMER,Switzerland,123,123,CROSS_ARCH_SAME_SEED_ID,THETA_RKA_1e-3,0-1-2-3-4,784.6627807617188,1029.2401123046875,0.7623709680384414,0.0,TRUE
TRANSFORMER,Switzerland,2025,123,CROSS_ARCH_CROSS_SEED,THETA_RKA_1e-3,3-4-2-1-0,1077.20703125,1029.2401123046875,1.0466042067073196,0.0,TRUE
TRANSFORMER,Switzerland,42,2025,CROSS_ARCH_CROSS_SEED,FUNCTIONAL,2-3-4-0-1,733.8462524414062,580.9508056640625,1.263181400708404,0.0,TRUE
TRANSFORMER,Switzerland,123,2025,CROSS_ARCH_CROSS_SEED,FUNCTIONAL,4-1-2-3-0,553.4032592773438,580.9508056640625,0.9525819637082176,0.0,TRUE
TRANSFORMER,Switzerland,2025,2025,CROSS_ARCH_SAME_SEED_ID,FUNCTIONAL,0-4-1-2-3,1305.816650390625,580.9508056640625,2.2477232799393336,0.0,TRUE
TRANSFORMER,Switzerland,42,2025,CROSS_ARCH_CROSS_SEED,THETA_RKA_1e-3,2-4-3-0-1,673.7462768554688,580.9508056640625,1.159730342546535,0.0,TRUE
TRANSFORMER,Switzerland,123,2025,CROSS_ARCH_CROSS_SEED,THETA_RKA_1e-3,1-2-3-0-4,2119.962890625,580.9508056640625,3.64912634590764,0.0,TRUE
TRANSFORMER,Switzerland,2025,2025,CROSS_ARCH_SAME_SEED_ID,THETA_RKA_1e-3,0-1-2-3-4,389.498779296875,580.9508056640625,0.6704505364299373,0.0,TRUE
TRANSFORMER,Thailand,42,42,CROSS_ARCH_SAME_SEED_ID,FUNCTIONAL,0-1-2-3-4,260.74127197265625,127.91532135009766,2.0383896879641243,0.0,TRUE
TRANSFORMER,Thailand,123,42,CROSS_ARCH_CROSS_SEED,FUNCTIONAL,0-1-4-3-2,231.4957275390625,127.91532135009766,1.8097576200857957,0.0,TRUE
TRANSFORMER,Thailand,2025,42,CROSS_ARCH_CROSS_SEED,FUNCTIONAL,0-2-4-3-1,381.91461181640625,127.91532135009766,2.9856830892925297,0.0,TRUE
TRANSFORMER,Thailand,42,42,CROSS_ARCH_SAME_SEED_ID,THETA_RKA_1e-3,0-1-2-3-4,265.55352783203125,127.91532135009766,2.0760103248712864,0.0,TRUE
TRANSFORMER,Thailand,123,42,CROSS_ARCH_CROSS_SEED,THETA_RKA_1e-3,0-1-4-3-2,267.1870422363281,127.91532135009766,2.0887806043581825,0.0,TRUE
TRANSFORMER,Thailand,2025,42,CROSS_ARCH_CROSS_SEED,THETA_RKA_1e-3,1-3-0-4-2,209.3030548095703,127.91532135009766,1.6362625884097075,0.0,TRUE
TRANSFORMER,Thailand,42,123,CROSS_ARCH_CROSS_SEED,FUNCTIONAL,0-3-4-1-2,354.9117736816406,172.2301483154297,2.060683202987435,0.0,TRUE
TRANSFORMER,Thailand,123,123,CROSS_ARCH_SAME_SEED_ID,FUNCTIONAL,0-3-1-2-4,453.3686218261719,172.2301483154297,2.632341818552308,0.0,TRUE
TRANSFORMER,Thailand,2025,123,CROSS_ARCH_CROSS_SEED,FUNCTIONAL,0-3-2-1-4,122.2148666381836,172.2301483154297,0.7096020518681435,0.0,TRUE
TRANSFORMER,Thailand,42,123,CROSS_ARCH_CROSS_SEED,THETA_RKA_1e-3,0-3-4-1-2,357.58306884765625,172.2301483154297,2.0761932353025863,0.0,TRUE
TRANSFORMER,Thailand,123,123,CROSS_ARCH_SAME_SEED_ID,THETA_RKA_1e-3,0-1-2-3-4,70.2730484008789,172.2301483154297,0.408018277219258,0.0,TRUE
TRANSFORMER,Thailand,2025,123,CROSS_ARCH_CROSS_SEED,THETA_RKA_1e-3,2-3-4-1-0,99.9775161743164,172.2301483154297,0.5804878945538228,0.0,TRUE
TRANSFORMER,Thailand,42,2025,CROSS_ARCH_CROSS_SEED,FUNCTIONAL,2-0-4-1-3,76.84747314453125,56.87253952026367,1.3512228184772814,0.0,TRUE
TRANSFORMER,Thailand,123,2025,CROSS_ARCH_CROSS_SEED,FUNCTIONAL,0-3-2-1-4,170.9086151123047,56.87253952026367,3.0051166442358355,0.0,TRUE
TRANSFORMER,Thailand,2025,2025,CROSS_ARCH_SAME_SEED_ID,FUNCTIONAL,0-1-2-3-4,48.37668228149414,56.87253952026367,0.8506158277714597,0.0,TRUE
TRANSFORMER,Thailand,42,2025,CROSS_ARCH_CROSS_SEED,THETA_RKA_1e-3,2-0-4-1-3,74.81839752197266,56.87253952026367,1.3155452201200701,0.0,TRUE
TRANSFORMER,Thailand,123,2025,CROSS_ARCH_CROSS_SEED,THETA_RKA_1e-3,0-2-4-3-1,62.95903778076172,56.87253952026367,1.1070199838417525,0.0,TRUE
TRANSFORMER,Thailand,2025,2025,CROSS_ARCH_SAME_SEED_ID,THETA_RKA_1e-3,0-1-2-3-4,131.80809020996094,56.87253952026367,2.317605145150899,0.0,TRUE
TRANSFORMER,Timor-Leste,42,42,CROSS_ARCH_SAME_SEED_ID,FUNCTIONAL,0-1-2-3-4,0.013807535171508789,0.11961033195257187,0.11543764611391415,0.0,TRUE
TRANSFORMER,Timor-Leste,123,42,CROSS_ARCH_CROSS_SEED,FUNCTIONAL,2-3-4-1-0,0.14195497334003448,0.11961033195257187,1.1868119670157153,0.0,TRUE
TRANSFORMER,Timor-Leste,2025,42,CROSS_ARCH_CROSS_SEED,FUNCTIONAL,2-1-4-3-0,0.12300814688205719,0.11961033195257187,1.0284073697816727,0.0,TRUE
TRANSFORMER,Timor-Leste,42,42,CROSS_ARCH_SAME_SEED_ID,THETA_RKA_1e-3,0-1-2-3-4,0.012327958829700947,0.11961033195257187,0.10306767507834737,0.0,TRUE
TRANSFORMER,Timor-Leste,123,42,CROSS_ARCH_CROSS_SEED,THETA_RKA_1e-3,2-3-4-1-0,0.15658608078956604,0.11961033195257187,1.3091350741477406,0.0,TRUE
TRANSFORMER,Timor-Leste,2025,42,CROSS_ARCH_CROSS_SEED,THETA_RKA_1e-3,2-1-4-3-0,0.12614287436008453,0.11961033195257187,1.05461520172106,0.0,TRUE
TRANSFORMER,Timor-Leste,42,123,CROSS_ARCH_CROSS_SEED,FUNCTIONAL,4-3-0-1-2,0.10221435874700546,0.1416957676410675,0.7213649387603924,0.0,TRUE
TRANSFORMER,Timor-Leste,123,123,CROSS_ARCH_SAME_SEED_ID,FUNCTIONAL,0-1-2-3-4,0.05846872180700302,0.1416957676410675,0.41263562617559163,0.0,TRUE
TRANSFORMER,Timor-Leste,2025,123,CROSS_ARCH_CROSS_SEED,FUNCTIONAL,0-3-2-1-4,0.1396017223596573,0.1416957676410675,0.9852215396671925,0.0,TRUE
TRANSFORMER,Timor-Leste,42,123,CROSS_ARCH_CROSS_SEED,THETA_RKA_1e-3,4-3-0-1-2,0.10235580056905746,0.1416957676410675,0.7223631465714422,0.0,TRUE
TRANSFORMER,Timor-Leste,123,123,CROSS_ARCH_SAME_SEED_ID,THETA_RKA_1e-3,0-1-2-3-4,0.06842527538537979,0.1416957676410675,0.48290274666995897,0.0,TRUE
TRANSFORMER,Timor-Leste,2025,123,CROSS_ARCH_CROSS_SEED,THETA_RKA_1e-3,0-4-1-3-2,0.06349845230579376,0.1416957676410675,0.4481323144855181,0.0,TRUE
TRANSFORMER,Timor-Leste,42,2025,CROSS_ARCH_CROSS_SEED,FUNCTIONAL,2-0-4-1-3,0.18944919109344482,0.09916488826274872,1.9104462719856803,0.0,TRUE
TRANSFORMER,Timor-Leste,123,2025,CROSS_ARCH_CROSS_SEED,FUNCTIONAL,0-2-4-3-1,0.18675865232944489,0.09916488826274872,1.8833143020804548,0.0,TRUE
TRANSFORMER,Timor-Leste,2025,2025,CROSS_ARCH_SAME_SEED_ID,FUNCTIONAL,0-1-2-3-4,0.03603055328130722,0.09916488826274872,0.3633398263490213,0.0,TRUE
TRANSFORMER,Timor-Leste,42,2025,CROSS_ARCH_CROSS_SEED,THETA_RKA_1e-3,2-0-4-1-3,0.19479142129421234,0.09916488826274872,1.9643184670171783,0.0,TRUE
TRANSFORMER,Timor-Leste,123,2025,CROSS_ARCH_CROSS_SEED,THETA_RKA_1e-3,0-2-4-3-1,0.2139182835817337,0.09916488826274872,2.1571978482437526,0.0,TRUE
TRANSFORMER,Timor-Leste,2025,2025,CROSS_ARCH_SAME_SEED_ID,THETA_RKA_1e-3,0-1-2-3-4,0.02452334761619568,0.09916488826274872,0.2472986966033609,0.0,TRUE
TRANSFORMER,United Kingdom of Great Britain and Northern Ireland,42,42,CROSS_ARCH_SAME_SEED_ID,FUNCTIONAL,0-1-2-3-4,3906.32177734375,4472.4541015625,0.8734179688907338,0.0,TRUE
TRANSFORMER,United Kingdom of Great Britain and Northern Ireland,123,42,CROSS_ARCH_CROSS_SEED,FUNCTIONAL,0-2-1-3-4,5293.17431640625,4472.4541015625,1.1835055645528083,0.0,TRUE
TRANSFORMER,United Kingdom of Great Britain and Northern Ireland,2025,42,CROSS_ARCH_CROSS_SEED,FUNCTIONAL,4-3-2-1-0,7226.39306640625,4472.4541015625,1.6157556684330492,0.0,TRUE
TRANSFORMER,United Kingdom of Great Britain and Northern Ireland,42,42,CROSS_ARCH_SAME_SEED_ID,THETA_RKA_1e-3,0-1-2-3-4,4036.98388671875,4472.4541015625,0.9026328264181372,0.0,TRUE
TRANSFORMER,United Kingdom of Great Britain and Northern Ireland,123,42,CROSS_ARCH_CROSS_SEED,THETA_RKA_1e-3,0-2-4-1-3,7060.58740234375,4472.4541015625,1.5786830321807122,0.0,TRUE
TRANSFORMER,United Kingdom of Great Britain and Northern Ireland,2025,42,CROSS_ARCH_CROSS_SEED,THETA_RKA_1e-3,0-3-4-2-1,5050.52783203125,4472.4541015625,1.129252020779105,0.0,TRUE
TRANSFORMER,United Kingdom of Great Britain and Northern Ireland,42,123,CROSS_ARCH_CROSS_SEED,FUNCTIONAL,0-1-2-3-4,11959.2060546875,8216.3291015625,1.4555412650660764,0.0,TRUE
TRANSFORMER,United Kingdom of Great Britain and Northern Ireland,123,123,CROSS_ARCH_SAME_SEED_ID,FUNCTIONAL,0-1-2-3-4,6393.06591796875,8216.3291015625,0.778092727170943,0.0,TRUE
TRANSFORMER,United Kingdom of Great Britain and Northern Ireland,2025,123,CROSS_ARCH_CROSS_SEED,FUNCTIONAL,2-1-3-4-0,8700.783203125,8216.3291015625,1.058962353573492,0.0,TRUE
TRANSFORMER,United Kingdom of Great Britain and Northern Ireland,42,123,CROSS_ARCH_CROSS_SEED,THETA_RKA_1e-3,0-1-2-3-4,11227.0615234375,8216.3291015625,1.3664327931195512,0.0,TRUE
TRANSFORMER,United Kingdom of Great Britain and Northern Ireland,123,123,CROSS_ARCH_SAME_SEED_ID,THETA_RKA_1e-3,0-1-2-3-4,2669.344482421875,8216.3291015625,0.3248828581993199,0.0,TRUE
TRANSFORMER,United Kingdom of Great Britain and Northern Ireland,2025,123,CROSS_ARCH_CROSS_SEED,THETA_RKA_1e-3,1-2-3-4-0,6746.5126953125,8216.3291015625,0.821110329432826,0.0,TRUE
TRANSFORMER,United Kingdom of Great Britain and Northern Ireland,42,2025,CROSS_ARCH_CROSS_SEED,FUNCTIONAL,4-3-0-2-1,9531.623046875,7006.16796875,1.3604616802493785,0.0,TRUE
TRANSFORMER,United Kingdom of Great Britain and Northern Ireland,123,2025,CROSS_ARCH_CROSS_SEED,FUNCTIONAL,0-1-4-2-3,8820.890625,7006.16796875,1.2590178631663282,0.0,TRUE
TRANSFORMER,United Kingdom of Great Britain and Northern Ireland,2025,2025,CROSS_ARCH_SAME_SEED_ID,FUNCTIONAL,0-1-2-4-3,7451.59326171875,7006.16796875,1.0635761653096965,0.0,TRUE
TRANSFORMER,United Kingdom of Great Britain and Northern Ireland,42,2025,CROSS_ARCH_CROSS_SEED,THETA_RKA_1e-3,4-3-0-1-2,10184.3017578125,7006.16796875,1.4536194112442218,0.0,TRUE
TRANSFORMER,United Kingdom of Great Britain and Northern Ireland,123,2025,CROSS_ARCH_CROSS_SEED,THETA_RKA_1e-3,0-1-2-4-3,8528.236328125,7006.16796875,1.2172469124582748,0.0,TRUE
TRANSFORMER,United Kingdom of Great Britain and Northern Ireland,2025,2025,CROSS_ARCH_SAME_SEED_ID,THETA_RKA_1e-3,0-2-1-3-4,6374.81396484375,7006.16796875,0.9098859737987566,0.0,TRUE
TRANSFORMER,Viet Nam,42,42,CROSS_ARCH_SAME_SEED_ID,FUNCTIONAL,0-1-2-3-4,662.1510620117188,771.8125,0.8579169966950765,0.0,TRUE
TRANSFORMER,Viet Nam,123,42,CROSS_ARCH_CROSS_SEED,FUNCTIONAL,0-2-4-1-3,1222.9349365234375,771.8125,1.5844974479208842,0.0,TRUE
TRANSFORMER,Viet Nam,2025,42,CROSS_ARCH_CROSS_SEED,FUNCTIONAL,0-3-4-1-2,1351.552490234375,771.8125,1.7511409704227063,0.0,TRUE
TRANSFORMER,Viet Nam,42,42,CROSS_ARCH_SAME_SEED_ID,THETA_RKA_1e-3,0-1-2-3-4,419.44873046875,771.8125,0.5434593641185521,0.0,TRUE
TRANSFORMER,Viet Nam,123,42,CROSS_ARCH_CROSS_SEED,THETA_RKA_1e-3,0-2-4-1-3,1403.1246337890625,771.8125,1.8179604940177343,0.0,TRUE
TRANSFORMER,Viet Nam,2025,42,CROSS_ARCH_CROSS_SEED,THETA_RKA_1e-3,0-3-4-2-1,1115.3775634765625,771.8125,1.445140579449753,0.0,TRUE
TRANSFORMER,Viet Nam,42,123,CROSS_ARCH_CROSS_SEED,FUNCTIONAL,0-3-1-4-2,445.9552307128906,822.7886962890625,0.5420045665724817,0.0,TRUE
TRANSFORMER,Viet Nam,123,123,CROSS_ARCH_SAME_SEED_ID,FUNCTIONAL,0-1-2-3-4,143.29226684570312,822.7886962890625,0.17415439406493938,0.0,TRUE
TRANSFORMER,Viet Nam,2025,123,CROSS_ARCH_CROSS_SEED,FUNCTIONAL,0-1-2-3-4,568.4039916992188,822.7886962890625,0.6908262039364804,0.0,TRUE
TRANSFORMER,Viet Nam,42,123,CROSS_ARCH_CROSS_SEED,THETA_RKA_1e-3,0-3-1-4-2,476.8733215332031,822.7886962890625,0.579581761008622,0.0,TRUE
TRANSFORMER,Viet Nam,123,123,CROSS_ARCH_SAME_SEED_ID,THETA_RKA_1e-3,0-1-2-3-4,548.781982421875,822.7886962890625,0.6669780283771384,0.0,TRUE
TRANSFORMER,Viet Nam,2025,123,CROSS_ARCH_CROSS_SEED,THETA_RKA_1e-3,0-2-3-1-4,544.8643188476562,822.7886962890625,0.6622165828299545,0.0,TRUE
TRANSFORMER,Viet Nam,42,2025,CROSS_ARCH_CROSS_SEED,FUNCTIONAL,0-4-1-2-3,468.6023254394531,519.4989013671875,0.902027558106884,0.0,TRUE
TRANSFORMER,Viet Nam,123,2025,CROSS_ARCH_CROSS_SEED,FUNCTIONAL,0-1-3-2-4,346.2861328125,519.4989013671875,0.6665772187412985,0.0,TRUE
TRANSFORMER,Viet Nam,2025,2025,CROSS_ARCH_SAME_SEED_ID,FUNCTIONAL,0-1-2-3-4,178.58705139160156,519.4989013671875,0.3437679096560289,0.0,TRUE
TRANSFORMER,Viet Nam,42,2025,CROSS_ARCH_CROSS_SEED,THETA_RKA_1e-3,0-4-1-2-3,293.6449890136719,519.4989013671875,0.5652466025257682,0.0,TRUE
TRANSFORMER,Viet Nam,123,2025,CROSS_ARCH_CROSS_SEED,THETA_RKA_1e-3,0-1-2-3-4,738.3013305664062,519.4989013671875,1.4211797727067121,0.0,TRUE
TRANSFORMER,Viet Nam,2025,2025,CROSS_ARCH_SAME_SEED_ID,THETA_RKA_1e-3,0-1-2-3-4,202.02197265625,519.4989013671875,0.3888785368449868,0.0,TRUE
