path,sha256,mtime_ns,size
C:\Workspace\TESIS\paper\Paper-Q1-4\experiment\TARELA_TP2E_Interface_Stability_v1.0\reference_core\tarela_py1\pipeline.py,dbde706faa0ca63220a884e5d0e321e948a314878c0ae47ee43e0179e4d76b33,1787629381015147900,30502
C:\Workspace\TESIS\paper\Paper-Q1-4\experiment\TARELA_TP2E_Interface_Stability_v1.0\reference_core\tarela_py2\model_tf.py,aed5f7a38bb763fcd7f42ec9c42c2d7f3b8740b0ed1d7acfd8dd9ef99cd2f8d0,1787629380110871800,3980
C:\Workspace\TESIS\paper\Paper-Q1-4\experiment\TARELA_TP2E_Interface_Stability_v1.0\reference_core\tarela_py2\prepare.py,2010822ef8f752c36e6a962b2addc495634db2bf90be6c265bb3f81064099599,1787629380316723800,9506
C:\Workspace\TESIS\paper\Paper-Q1-4\experiment\TARELA_TP2E_Interface_Stability_v1.0\tp2f\alignment.py,1d9200f4064f36dcaded3162b1156abe0100e8549c0d57344cdd34a8be6f6a53,1787653350808090300,3582
C:\Workspace\TESIS\paper\Paper-Q1-4\experiment\TARELA_TP2E_Interface_Stability_v1.0\tp2f\functional_effect.py,fbbf58aea488c1d7bdae78f5c5d593790c369502af751ec421e891194254d5f2,1787653366161163200,3090
C:\Workspace\TESIS\paper\Paper-Q1-4\experiment\TP2M4_EXTERNAL_VALIDATION_PACKAGE_v1.0\data\processed\Dengue7_daily_notifications.csv,24f09a7ac8f32f9eb5213d809bf1b30c1e0621aaac183337b1c86dc80f5a4a1b,1787718614470866100,190116
C:\Workspace\TESIS\paper\Paper-Q1-4\experiment\TP2M4_EXTERNAL_VALIDATION_PACKAGE_v1.0\data\processed\Electricity37_daily_load.csv,4873492cb3855b713f236a79dea581dc3be320cd1613187eacddffd4bb179c70,1787718614935127200,784608
C:\Workspace\TESIS\paper\Paper-Q1-4\experiment\TP2M4_EXTERNAL_VALIDATION_PACKAGE_v1.0\data\processed\WHO31_external_daily_new_cases.csv,f9f6af1c1217a118b14ac76eddf5bae4080e461eba43ad350d0bb98f2695eeee,1787718615165376100,830809
C:\Workspace\TESIS\paper\Paper-Q1-4\experiment\TP2M4B1\outputs\receiver_bank\seed_123\australia\w05\checkpoint.weights.h5,01d8d84bc067a81e602777c9f5e95e3e8b0750826d30b3e9583ed09874b49e77,1787724124120132000,73720
C:\Workspace\TESIS\paper\Paper-Q1-4\experiment\TP2M4B1\outputs\receiver_bank\seed_123\australia\w05\predictions.csv,7300c009a085b788e840785e2ce95eef9e82a8b83d532d88200ee6b928dca216,1787724124088810600,179768
C:\Workspace\TESIS\paper\Paper-Q1-4\experiment\TP2M4B1\outputs\receiver_bank\seed_123\austria\w05\checkpoint.weights.h5,10c0b875b6ad510b1a876373e7d0a31fe38be4869105004f5e2fec91eec077b6,1787724234304333700,73720
C:\Workspace\TESIS\paper\Paper-Q1-4\experiment\TP2M4B1\outputs\receiver_bank\seed_123\austria\w05\predictions.csv,0fb9f4dc28118b29a32db33d2dd4d78a3f53c7ec985a38774439e73314513a74,1787724234271507600,181115
C:\Workspace\TESIS\paper\Paper-Q1-4\experiment\TP2M4B1\outputs\receiver_bank\seed_123\bangladesh\w05\checkpoint.weights.h5,5b1e1b3f1221c428b321dc2a2c42a4cf4a68aed9cd874caf90e82f8c92066a81,1787724172857908900,73720
C:\Workspace\TESIS\paper\Paper-Q1-4\experiment\TP2M4B1\outputs\receiver_bank\seed_123\bangladesh\w05\predictions.csv,02c8b6fc039989f62ee91f77a6e24e4c45d44b05b5d2aa3899d2588c237f25f6,1787724172824618900,181940
C:\Workspace\TESIS\paper\Paper-Q1-4\experiment\TP2M4B1\outputs\receiver_bank\seed_123\bhutan\w05\checkpoint.weights.h5,fc6f7141e13dd6ff3c43153af284a5a42ea17ca3442a17435c98d66905291eaf,1787724205272767700,73720
C:\Workspace\TESIS\paper\Paper-Q1-4\experiment\TP2M4B1\outputs\receiver_bank\seed_123\bhutan\w05\predictions.csv,34767578198d0e343a2183816ee588a354dfe0db4dfe803192ecf98443873a78,1787724205233468200,180059
C:\Workspace\TESIS\paper\Paper-Q1-4\experiment\TP2M4B1\outputs\receiver_bank\seed_123\brunei_darussalam\w05\checkpoint.weights.h5,70e0b385e8c78c24d55e3797dc6417ff3e54261e03a1f4c39ee1decf0e9eeb08,1787724205128183000,73720
C:\Workspace\TESIS\paper\Paper-Q1-4\experiment\TP2M4B1\outputs\receiver_bank\seed_123\brunei_darussalam\w05\predictions.csv,6bc9a60cfde249bb9ad301844aa0fe5ea5c689c4f19ed483fbbdeaf20f16e31b,1787724205085544100,181235
C:\Workspace\TESIS\paper\Paper-Q1-4\experiment\TP2M4B1\outputs\receiver_bank\seed_123\cambodia\w05\checkpoint.weights.h5,d0fbd9bb3371db9b2be579eba0ff536ec5398e9cbc1b337f1a3c3094354c54db,1787724272828882200,73720
C:\Workspace\TESIS\paper\Paper-Q1-4\experiment\TP2M4B1\outputs\receiver_bank\seed_123\cambodia\w05\predictions.csv,1f76a996058a9950876a12fd740d31ff98689708a691cabc8b06f6a584521185,1787724272799425600,178644
C:\Workspace\TESIS\paper\Paper-Q1-4\experiment\TP2M4B1\outputs\receiver_bank\seed_123\china\w05\checkpoint.weights.h5,73cbdaf679521fcf9a9f638d45a78cb15004bccd65a0ae139f0614a848ca39db,1787724419084343000,73720
C:\Workspace\TESIS\paper\Paper-Q1-4\experiment\TP2M4B1\outputs\receiver_bank\seed_123\china\w05\predictions.csv,67583d4b98632a28586d53c990aa4d557dcb22890ed81a5641faf3b68f32d70c,1787724419047341700,181821
C:\Workspace\TESIS\paper\Paper-Q1-4\experiment\TP2M4B1\outputs\receiver_bank\seed_123\fiji\w05\checkpoint.weights.h5,ac22013788bb44b309373d2281c67cec5a17e22332328846c2368f958d525699,1787724294020086800,73720
C:\Workspace\TESIS\paper\Paper-Q1-4\experiment\TP2M4B1\outputs\receiver_bank\seed_123\fiji\w05\predictions.csv,02cac5e3682746cf38c2c94ed2f94e43e38054655d9ba2054a352d9acaf1bacf,1787724293981241100,179069
C:\Workspace\TESIS\paper\Paper-Q1-4\experiment\TP2M4B1\outputs\receiver_bank\seed_123\french_polynesia\w05\checkpoint.weights.h5,f8e34507d854eab3a698be0fcfef5e5b5929123a780c00591d50d4dbf8d02dcf,1787724600490213000,73720
C:\Workspace\TESIS\paper\Paper-Q1-4\experiment\TP2M4B1\outputs\receiver_bank\seed_123\french_polynesia\w05\predictions.csv,f1d161050a9f5e42ca13360ae815b65e4ebb37fa056086667f1d40cc97522c66,1787724600460214900,182699
C:\Workspace\TESIS\paper\Paper-Q1-4\experiment\TP2M4B1\outputs\receiver_bank\seed_123\guam\w05\checkpoint.weights.h5,9235f086ead73f52ca2c1fb944d099877a31e462f4555c664f59a61a20ce780e,1787724452419049900,73720
C:\Workspace\TESIS\paper\Paper-Q1-4\experiment\TP2M4B1\outputs\receiver_bank\seed_123\guam\w05\predictions.csv,69c8744796f9bd7c4f6002ea4c0b2c7e3794a06f7085a889b95eb289ea31fe49,1787724452383347800,182147
C:\Workspace\TESIS\paper\Paper-Q1-4\experiment\TP2M4B1\outputs\receiver_bank\seed_123\lao_people_s_democratic_republic\w05\checkpoint.weights.h5,bac0a44467354ba74f3db1cc881fceb277c07770889c7b852e07f653359a92bd,1787724366721339200,73720
C:\Workspace\TESIS\paper\Paper-Q1-4\experiment\TP2M4B1\outputs\receiver_bank\seed_123\lao_people_s_democratic_republic\w05\predictions.csv,e6defe3065c5c26cfa50b6fd70df55a32491df9f6d9b8a2ced89d668a2011c19,1787724366693339200,177950
C:\Workspace\TESIS\paper\Paper-Q1-4\experiment\TP2M4B1\outputs\receiver_bank\seed_123\malaysia\w05\checkpoint.weights.h5,e8c83ed8d9747766e9809da45325cccff177a8f91cf41d94eb7c74dfdc6accd5,1787724471552721300,73720
C:\Workspace\TESIS\paper\Paper-Q1-4\experiment\TP2M4B1\outputs\receiver_bank\seed_123\malaysia\w05\predictions.csv,80a98f3377ef1ea71712119c306ef05783e29fd1c8558d0ba520636ae3d16900,1787724471520757500,182171
C:\Workspace\TESIS\paper\Paper-Q1-4\experiment\TP2M4B1\outputs\receiver_bank\seed_123\maldives\w05\checkpoint.weights.h5,980339be1538971ce03943c41248d30b50152f4ec59cb1978cb22ad2ad8f4469,1787724486112137900,73720
C:\Workspace\TESIS\paper\Paper-Q1-4\experiment\TP2M4B1\outputs\receiver_bank\seed_123\maldives\w05\predictions.csv,8fef76a6fa80459ce636a122f2c60a9d09317098f849187c17d23867308e7802,1787724486077855200,182555
C:\Workspace\TESIS\paper\Paper-Q1-4\experiment\TP2M4B1\outputs\receiver_bank\seed_123\mexico\w05\checkpoint.weights.h5,ba8b6b37eba0cc2df519bfaddc3cedca6e1f14662f425b4c8a4ce5616080d4fb,1787724796952828500,73720
C:\Workspace\TESIS\paper\Paper-Q1-4\experiment\TP2M4B1\outputs\receiver_bank\seed_123\mexico\w05\predictions.csv,c77c0cd665089db93cba9dc2c718c584d96edb1c448981849cf31511821959cd,1787724796928658300,183202
C:\Workspace\TESIS\paper\Paper-Q1-4\experiment\TP2M4B1\outputs\receiver_bank\seed_123\mongolia\w05\checkpoint.weights.h5,1b265ff882e0981f17332d80b1c27604106dd8f18ca9826ac3927f59512c6118,1787724666180652200,73720
C:\Workspace\TESIS\paper\Paper-Q1-4\experiment\TP2M4B1\outputs\receiver_bank\seed_123\mongolia\w05\predictions.csv,e13be0aac55c485b5600896dd7c5f7f033f526bd81ea9628c2cf17e8b6eafe8f,1787724666159238000,182631
C:\Workspace\TESIS\paper\Paper-Q1-4\experiment\TP2M4B1\outputs\receiver_bank\seed_123\myanmar\w05\checkpoint.weights.h5,8761f1c1e9c8f7d3912ac184bfb9179ff061990e5d8eeeec6ac67e166326ea7b,1787724705501197100,73720
C:\Workspace\TESIS\paper\Paper-Q1-4\experiment\TP2M4B1\outputs\receiver_bank\seed_123\myanmar\w05\predictions.csv,9d7885ff89d58e879a8e0940c34ce8e7d118a8faaed0f0aac0645bf449a0b219,1787724705476032200,181904
C:\Workspace\TESIS\paper\Paper-Q1-4\experiment\TP2M4B1\outputs\receiver_bank\seed_123\nepal\w05\checkpoint.weights.h5,3119ee2313239c6ef8964c8b10a8fdee8d195dbe9a60fc7c15d1e1b7a9aeb646,1787724700380616100,73720
C:\Workspace\TESIS\paper\Paper-Q1-4\experiment\TP2M4B1\outputs\receiver_bank\seed_123\nepal\w05\predictions.csv,5040ef074dc550f2bb18e7b59cf9e7c6bce03c1753657ffc94908ffd9383ea49,1787724700358616200,181391
C:\Workspace\TESIS\paper\Paper-Q1-4\experiment\TP2M4B1\outputs\receiver_bank\seed_123\new_caledonia\w05\checkpoint.weights.h5,863bafbf3a105f5f78532cd8d55fd279eb0552d0cd2d09f96385e1bf4a8d5269,1787724741906050400,73720
C:\Workspace\TESIS\paper\Paper-Q1-4\experiment\TP2M4B1\outputs\receiver_bank\seed_123\new_caledonia\w05\predictions.csv,2263ed5532c62714fa9c8253d6ffca0f4a24df5cb66f02f39910387083622034,1787724741883715200,179513
C:\Workspace\TESIS\paper\Paper-Q1-4\experiment\TP2M4B1\outputs\receiver_bank\seed_123\new_zealand\w05\checkpoint.weights.h5,d611234514259fc332a25ca6bddbe4ec1c7344fbe93171d8dfc8b6b5eb8323fd,1787724746089857500,73720
C:\Workspace\TESIS\paper\Paper-Q1-4\experiment\TP2M4B1\outputs\receiver_bank\seed_123\new_zealand\w05\predictions.csv,b3218878ed8181fb8d2182c642901c4f498ad2021f172989d66fa1544b31700e,1787724746062486700,180769
C:\Workspace\TESIS\paper\Paper-Q1-4\experiment\TP2M4B1\outputs\receiver_bank\seed_123\northern_mariana_islands\w05\checkpoint.weights.h5,7539421f039295225e1feec3ec7f5f35246bf16e153cffd36f41f5d922c072d5,1787724784805087600,73720
C:\Workspace\TESIS\paper\Paper-Q1-4\experiment\TP2M4B1\outputs\receiver_bank\seed_123\northern_mariana_islands\w05\predictions.csv,92f8770339fcd8eeb092c9bfdea79b5719b33fb9905c872c79f5cf78be115cb2,1787724784782488200,181162
C:\Workspace\TESIS\paper\Paper-Q1-4\experiment\TP2M4B1\outputs\receiver_bank\seed_123\palau\w05\checkpoint.weights.h5,8b1e32d319b4ba95d631be5e58e608ff89f39d2ad91464f7ea71edc57c1a4678,1787724791474551200,73720
C:\Workspace\TESIS\paper\Paper-Q1-4\experiment\TP2M4B1\outputs\receiver_bank\seed_123\palau\w05\predictions.csv,c682920d498355f036166d05937f52680216c5c9615840f393951aa47b75f0cc,1787724791451985700,177026
C:\Workspace\TESIS\paper\Paper-Q1-4\experiment\TP2M4B1\outputs\receiver_bank\seed_123\papua_new_guinea\w05\checkpoint.weights.h5,84e7921dbe9e21b8483ed111c7e5c438e8e0c9b79cb28db36e5040f32972a51a,1787724798834699900,73720
C:\Workspace\TESIS\paper\Paper-Q1-4\experiment\TP2M4B1\outputs\receiver_bank\seed_123\papua_new_guinea\w05\predictions.csv,6b1912086a9f2ef0e95cd1499b28f1b9291cc113a5b72bae012c279689a49eec,1787724798808344000,181664
C:\Workspace\TESIS\paper\Paper-Q1-4\experiment\TP2M4B1\outputs\receiver_bank\seed_123\philippines\w05\checkpoint.weights.h5,712185b55b55f77e932494fbaa0c8392ffd33ed72c21cfee766901a995276f75,1787724859124302500,73720
C:\Workspace\TESIS\paper\Paper-Q1-4\experiment\TP2M4B1\outputs\receiver_bank\seed_123\philippines\w05\predictions.csv,22c3bbc00835c8e46cc50d1accb837efcd73d9d7e25e14bd40e919d37f12a66a,1787724859102063300,182586
C:\Workspace\TESIS\paper\Paper-Q1-4\experiment\TP2M4B1\outputs\receiver_bank\seed_123\singapore\w05\checkpoint.weights.h5,c3587a65729a37914320cb4c43b0e4853fbdcb1c157a99c79b60b8710d6040ca,1787724865281961500,73720
C:\Workspace\TESIS\paper\Paper-Q1-4\experiment\TP2M4B1\outputs\receiver_bank\seed_123\singapore\w05\predictions.csv,95783469ac67ff6cbacfd7bc795b9d294fe18f15d731eb12e1af8701f180e0f1,1787724865254022400,181986
C:\Workspace\TESIS\paper\Paper-Q1-4\experiment\TP2M4B1\outputs\receiver_bank\seed_123\sri_lanka\w05\checkpoint.weights.h5,5c17d15cf51160981f9d5af28e282962111454e878cd829732f5c09ddb934b47,1787724841303158600,73720
C:\Workspace\TESIS\paper\Paper-Q1-4\experiment\TP2M4B1\outputs\receiver_bank\seed_123\sri_lanka\w05\predictions.csv,dcca566fa26851e4a6c35a078d1f3edb78fda275e932c4e32546b11ad16a4587,1787724841283233200,181958
C:\Workspace\TESIS\paper\Paper-Q1-4\experiment\TP2M4B1\outputs\receiver_bank\seed_123\switzerland\w05\checkpoint.weights.h5,9da043dd8b6611625a53d206256a788228f109240b048bb78183cfff81eae84e,1787724875386342800,73720
C:\Workspace\TESIS\paper\Paper-Q1-4\experiment\TP2M4B1\outputs\receiver_bank\seed_123\switzerland\w05\predictions.csv,1caca2a14d7abb22c549c70f05491e119d1534a968ae1a26493797b069815492,1787724875362711600,182860
C:\Workspace\TESIS\paper\Paper-Q1-4\experiment\TP2M4B1\outputs\receiver_bank\seed_123\thailand\w05\checkpoint.weights.h5,6266b26bb54ff7d672ae46bd8c235f4e55f188229a958d3ec137ccc3f122069d,1787725050028132900,73720
C:\Workspace\TESIS\paper\Paper-Q1-4\experiment\TP2M4B1\outputs\receiver_bank\seed_123\thailand\w05\predictions.csv,fd4a4ccd91ee48026fff71028745f9ce91f0d301623f96f031f7a1347f116272,1787725050005288100,179100
C:\Workspace\TESIS\paper\Paper-Q1-4\experiment\TP2M4B1\outputs\receiver_bank\seed_123\timor_leste\w05\checkpoint.weights.h5,e63504aec4f2095e2e8eeb3fd6c81e9cd80eb5af9ab3f8c4a3284884b71a8262,1787724904435443300,73720
C:\Workspace\TESIS\paper\Paper-Q1-4\experiment\TP2M4B1\outputs\receiver_bank\seed_123\timor_leste\w05\predictions.csv,c661a0cd5e02ca72cfde9df12a753ec6573594c0d6e243a6011f786b1d685eec,1787724904410351600,180287
C:\Workspace\TESIS\paper\Paper-Q1-4\experiment\TP2M4B1\outputs\receiver_bank\seed_123\united_kingdom_of_great_britain_and_northern_ireland\w05\checkpoint.weights.h5,db7cc650f5a6f4c6214955f5f474a83088b1d82b60808649c64e42d6608dea99,1787725005810961400,73720
C:\Workspace\TESIS\paper\Paper-Q1-4\experiment\TP2M4B1\outputs\receiver_bank\seed_123\united_kingdom_of_great_britain_and_northern_ireland\w05\predictions.csv,70504c4f65f7b093e3229bfc703d1f186745e9f5523fc918e90012b5b454acfb,1787725005787887800,182884
C:\Workspace\TESIS\paper\Paper-Q1-4\experiment\TP2M4B1\outputs\receiver_bank\seed_123\vanuatu\w05\checkpoint.weights.h5,0b9a41f6a2d81cbda359490d99d0d8a12997032e15a7f61377e32d1ddfd251f5,1787724953534121500,73720
C:\Workspace\TESIS\paper\Paper-Q1-4\experiment\TP2M4B1\outputs\receiver_bank\seed_123\vanuatu\w05\predictions.csv,f2d664c751a74c9c6b7b4098cad0e48bf257a17eed61e124942402eccc7dd091,1787724953512584800,180585
C:\Workspace\TESIS\paper\Paper-Q1-4\experiment\TP2M4B1\outputs\receiver_bank\seed_123\viet_nam\w05\checkpoint.weights.h5,97aab2178dbdb415bd4db6d57bbad0b0f59222ac04141777bda3709ad7c4b4b9,1787724995089549100,73720
C:\Workspace\TESIS\paper\Paper-Q1-4\experiment\TP2M4B1\outputs\receiver_bank\seed_123\viet_nam\w05\predictions.csv,c9e75dcae03dc5a2ee240605661321bb9865481608dbf2a552fa0e7da809d43b,1787724995064929900,182280
C:\Workspace\TESIS\paper\Paper-Q1-4\experiment\TP2M4B1\outputs\receiver_bank\seed_2025\australia\w05\checkpoint.weights.h5,d8873f90945d6a767921b5b1b98496fe880287ecf30607136afc003bb3bb790e,1787725073273992300,73720
C:\Workspace\TESIS\paper\Paper-Q1-4\experiment\TP2M4B1\outputs\receiver_bank\seed_2025\australia\w05\predictions.csv,6a1f5ac52fe4d25afb7f328177d9d5d1891ecee359bd459cec5dfed1485b50de,1787725073251962700,182206
C:\Workspace\TESIS\paper\Paper-Q1-4\experiment\TP2M4B1\outputs\receiver_bank\seed_2025\austria\w05\checkpoint.weights.h5,7b6c2d1bc2e40f579007eb90cca84c2713fc92605338509e12cedda3026a897c,1787725126480932700,73720
C:\Workspace\TESIS\paper\Paper-Q1-4\experiment\TP2M4B1\outputs\receiver_bank\seed_2025\austria\w05\predictions.csv,76fe70c50d7e8d8cc0e132e70b6586bc1929df4a0c5a74fd91eacfd99a4372e2,1787725126455277000,183431
C:\Workspace\TESIS\paper\Paper-Q1-4\experiment\TP2M4B1\outputs\receiver_bank\seed_2025\bangladesh\w05\checkpoint.weights.h5,7752254814dbebd9962b7bea2973d052a876add60f610f2c81563c52de6205a7,1787725092458536200,73720
C:\Workspace\TESIS\paper\Paper-Q1-4\experiment\TP2M4B1\outputs\receiver_bank\seed_2025\bangladesh\w05\predictions.csv,9689f16fe31538a4fc495e6da53e04407ab5f292ceba031dbb935c310ab62c2e,1787725092436169500,185500
C:\Workspace\TESIS\paper\Paper-Q1-4\experiment\TP2M4B1\outputs\receiver_bank\seed_2025\bhutan\w05\checkpoint.weights.h5,933b97d10e11bf73d19dae424a2616f108879f11d7538576efd8d6cfb429fda0,1787725096896394800,73720
C:\Workspace\TESIS\paper\Paper-Q1-4\experiment\TP2M4B1\outputs\receiver_bank\seed_2025\bhutan\w05\predictions.csv,b4358046799d4c67dcd812a4fdddceb072b8a465e87eabd0d9eddfc17516eba0,1787725096874813600,184433
C:\Workspace\TESIS\paper\Paper-Q1-4\experiment\TP2M4B1\outputs\receiver_bank\seed_2025\brunei_darussalam\w05\checkpoint.weights.h5,41e1a17c43e104f0f306302bc34f07462abaa554a3f0d226dc8641fe946f1ea9,1787725179196296500,73720
C:\Workspace\TESIS\paper\Paper-Q1-4\experiment\TP2M4B1\outputs\receiver_bank\seed_2025\brunei_darussalam\w05\predictions.csv,5c4c8e3493d209bb8ce62cb05c72552a88fe53d7a3493de7ce8e4daf6c59a710,1787725179169447800,183396
C:\Workspace\TESIS\paper\Paper-Q1-4\experiment\TP2M4B1\outputs\receiver_bank\seed_2025\cambodia\w05\checkpoint.weights.h5,a36911fcb218066e15e8e851e819bc648959f95586def6d76f4789cb00ea0b8a,1787725161834229600,73720
C:\Workspace\TESIS\paper\Paper-Q1-4\experiment\TP2M4B1\outputs\receiver_bank\seed_2025\cambodia\w05\predictions.csv,a92f080d78981fe80fba8ed240bc8729583097be05d715edbc971d27e36098d6,1787725161805817700,181428
C:\Workspace\TESIS\paper\Paper-Q1-4\experiment\TP2M4B1\outputs\receiver_bank\seed_2025\china\w05\checkpoint.weights.h5,b14fa191132164b2b1284518adacd38c7a71c3a2108274054294eadd8f2bb35c,1787725159099553200,73720
C:\Workspace\TESIS\paper\Paper-Q1-4\experiment\TP2M4B1\outputs\receiver_bank\seed_2025\china\w05\predictions.csv,9a1d76c2c3871ae141760137a66e545d2ff2ea6e50d36fcf065ffc408dc77835,1787725159077493300,183181
C:\Workspace\TESIS\paper\Paper-Q1-4\experiment\TP2M4B1\outputs\receiver_bank\seed_2025\fiji\w05\checkpoint.weights.h5,499500d046eacb6c46786e100b1ef20af25fbba44a127e02d35e0d192b425305,1787725179207643300,73720
C:\Workspace\TESIS\paper\Paper-Q1-4\experiment\TP2M4B1\outputs\receiver_bank\seed_2025\fiji\w05\predictions.csv,f0f4cbeaac2ecff182bddd262b4bf445446e9eefc5adb7ed363435bed09cf116,1787725179181026700,181035
C:\Workspace\TESIS\paper\Paper-Q1-4\experiment\TP2M4B1\outputs\receiver_bank\seed_2025\french_polynesia\w05\checkpoint.weights.h5,c5fa86fc3b8d2d59cf199461290d52dfc1019535008c3033412c560211a96fa7,1787725340720132300,73720
C:\Workspace\TESIS\paper\Paper-Q1-4\experiment\TP2M4B1\outputs\receiver_bank\seed_2025\french_polynesia\w05\predictions.csv,ab3daa177749cb9033a0894849e5a239eb3268cb1ea8abe2c99b4e3f66db8b6c,1787725340698858100,182929
C:\Workspace\TESIS\paper\Paper-Q1-4\experiment\TP2M4B1\outputs\receiver_bank\seed_2025\guam\w05\checkpoint.weights.h5,91ad752d34a73c50eedc3596d055a995b7e9170dc2a153fd8ce849e0b2a6971a,1787725294068871000,73720
C:\Workspace\TESIS\paper\Paper-Q1-4\experiment\TP2M4B1\outputs\receiver_bank\seed_2025\guam\w05\predictions.csv,0a5b015e685b62575219f798377eddda1b0e57d407c461e74c777b5ce23e5ae2,1787725294044203700,185598
C:\Workspace\TESIS\paper\Paper-Q1-4\experiment\TP2M4B1\outputs\receiver_bank\seed_2025\lao_people_s_democratic_republic\w05\checkpoint.weights.h5,c6fc65d267410c3d99723cdaeb978b0dfbada975f9ede1c571e29e1005093876,1787725230748952100,73720
C:\Workspace\TESIS\paper\Paper-Q1-4\experiment\TP2M4B1\outputs\receiver_bank\seed_2025\lao_people_s_democratic_republic\w05\predictions.csv,a8be473b3007de0dbf020fec9c80e4400e8f3e6e6f34ce860efc801fb86bbdfe,1787725230724811700,180010
C:\Workspace\TESIS\paper\Paper-Q1-4\experiment\TP2M4B1\outputs\receiver_bank\seed_2025\malaysia\w05\checkpoint.weights.h5,87afe16575b647656d94afc24dd6727bca9b0479b8a9ca1e74d70bbcfe3d90bb,1787725254711582000,73720
C:\Workspace\TESIS\paper\Paper-Q1-4\experiment\TP2M4B1\outputs\receiver_bank\seed_2025\malaysia\w05\predictions.csv,e4efe21473b1e5b78b9682b7934453c651a13b18ee665677d4711ab55406385b,1787725254685098600,185373
C:\Workspace\TESIS\paper\Paper-Q1-4\experiment\TP2M4B1\outputs\receiver_bank\seed_2025\maldives\w05\checkpoint.weights.h5,503fa041f23be68f3dc94e327862d41ce978d6b87cf03e403227507035f36ed1,1787725276818563200,73720
C:\Workspace\TESIS\paper\Paper-Q1-4\experiment\TP2M4B1\outputs\receiver_bank\seed_2025\maldives\w05\predictions.csv,ee3783f0555d255390ce1ac07aca667e14be4b107f5e026dd9086f281ff97fef,1787725276791217200,185585
C:\Workspace\TESIS\paper\Paper-Q1-4\experiment\TP2M4B1\outputs\receiver_bank\seed_2025\mexico\w05\checkpoint.weights.h5,9c095a2cbb6717466926ff7c1af466045a3925ba62af4bc835121dc8b13d7b19,1787725364215236000,73720
C:\Workspace\TESIS\paper\Paper-Q1-4\experiment\TP2M4B1\outputs\receiver_bank\seed_2025\mexico\w05\predictions.csv,f60effae4084f31d44c9adb6388a6f3891dd0f1069296168ea1a5f19cec0d9fd,1787725364190992700,187204
C:\Workspace\TESIS\paper\Paper-Q1-4\experiment\TP2M4B1\outputs\receiver_bank\seed_2025\mongolia\w05\checkpoint.weights.h5,3eefa3c6155d87f9d8ab87672763184b7f927607321918b10a300c43c4a7c36e,1787725362066325900,73720
C:\Workspace\TESIS\paper\Paper-Q1-4\experiment\TP2M4B1\outputs\receiver_bank\seed_2025\mongolia\w05\predictions.csv,daedaf9961c3bc6f7056a5421c38029e3c7fd9eaec01611e64e3858364a4285e,1787725362037754500,183044
C:\Workspace\TESIS\paper\Paper-Q1-4\experiment\TP2M4B1\outputs\receiver_bank\seed_2025\myanmar\w05\checkpoint.weights.h5,4057092bf33c1a6a24ec81acdb15f2398906c775cca0fcc712209c2ca7647154,1787725346267577800,73720
C:\Workspace\TESIS\paper\Paper-Q1-4\experiment\TP2M4B1\outputs\receiver_bank\seed_2025\myanmar\w05\predictions.csv,135922cc7072250a1f96fe65b3eb2a81ea4ad8804d21c4fa4d56e89ce26de792,1787725346242526700,183850
C:\Workspace\TESIS\paper\Paper-Q1-4\experiment\TP2M4B1\outputs\receiver_bank\seed_2025\nepal\w05\checkpoint.weights.h5,d64391229077a1bf555286d4a4325dfb2b63d273f62a92f39f2071683f33e90d,1787725544123114200,73720
C:\Workspace\TESIS\paper\Paper-Q1-4\experiment\TP2M4B1\outputs\receiver_bank\seed_2025\nepal\w05\predictions.csv,448b02705c13b90380f4b6fe0461c9e9dea17ceb786428083b57850d699179fc,1787725544100783800,184234
C:\Workspace\TESIS\paper\Paper-Q1-4\experiment\TP2M4B1\outputs\receiver_bank\seed_2025\new_caledonia\w05\checkpoint.weights.h5,7f33964c27219c19f8c20feb61f641a0a42d84778970d44a87309a6099ca81b6,1787725393021992600,73720
C:\Workspace\TESIS\paper\Paper-Q1-4\experiment\TP2M4B1\outputs\receiver_bank\seed_2025\new_caledonia\w05\predictions.csv,5c9809f195505b6a8776b6594d9c0606ebe1229c7782592085ca3cbc6c8a0f24,1787725392993387700,184844
C:\Workspace\TESIS\paper\Paper-Q1-4\experiment\TP2M4B1\outputs\receiver_bank\seed_2025\new_zealand\w05\checkpoint.weights.h5,ffe5cf9209a04fbc74a40cd8eeb00636c2bc87668d91f958b2e5ef9994bf70f4,1787725408812751300,73720
C:\Workspace\TESIS\paper\Paper-Q1-4\experiment\TP2M4B1\outputs\receiver_bank\seed_2025\new_zealand\w05\predictions.csv,cfbcf949afc4a4054ba92d053a94e2a1ef3128abb549c37bd9afed73a29291f1,1787725408786415200,184270
C:\Workspace\TESIS\paper\Paper-Q1-4\experiment\TP2M4B1\outputs\receiver_bank\seed_2025\northern_mariana_islands\w05\checkpoint.weights.h5,d2d5511f3c3142e45d7d4b4875aa81ebac432a636cf1e256d25e4806778d0ab1,1787725454176421700,73720
C:\Workspace\TESIS\paper\Paper-Q1-4\experiment\TP2M4B1\outputs\receiver_bank\seed_2025\northern_mariana_islands\w05\predictions.csv,096b4bf78ee6d88330b98cf77c202285927b5fa889107fef415322ffa10febca,1787725454130883000,182182
C:\Workspace\TESIS\paper\Paper-Q1-4\experiment\TP2M4B1\outputs\receiver_bank\seed_2025\palau\w05\checkpoint.weights.h5,283cd3c74310a99a882901c67820e9690bc1ac633a42781cc4179740cd6cf152,1787725444821771300,73720
C:\Workspace\TESIS\paper\Paper-Q1-4\experiment\TP2M4B1\outputs\receiver_bank\seed_2025\palau\w05\predictions.csv,083d9b0e105dcf64cfd325947d6c6079940fe4093b210d6318cf5a5af135b331,1787725444795483700,183073
C:\Workspace\TESIS\paper\Paper-Q1-4\experiment\TP2M4B1\outputs\receiver_bank\seed_2025\papua_new_guinea\w05\checkpoint.weights.h5,95d4dec37a52994ec1fa1f8fed73ebfb75d53a0d9430fd534ef3b3f5fd1f7900,1787725458358214100,73720
C:\Workspace\TESIS\paper\Paper-Q1-4\experiment\TP2M4B1\outputs\receiver_bank\seed_2025\papua_new_guinea\w05\predictions.csv,bd40d71576de5fcdd7599488b4a51a9db914a490068ea645a890c49b4d6c31d2,1787725458336936700,183569
C:\Workspace\TESIS\paper\Paper-Q1-4\experiment\TP2M4B1\outputs\receiver_bank\seed_2025\philippines\w05\checkpoint.weights.h5,ec97832437afb4da8290c63ae0aa4fdc422a828716a178721ee8691b1e19b870,1787725494473001800,73720
C:\Workspace\TESIS\paper\Paper-Q1-4\experiment\TP2M4B1\outputs\receiver_bank\seed_2025\philippines\w05\predictions.csv,8766b0b1673b16f38b238e7c12c17708807c16ac18b4c1d694344016f78fea0e,1787725494447416700,186886
C:\Workspace\TESIS\paper\Paper-Q1-4\experiment\TP2M4B1\outputs\receiver_bank\seed_2025\singapore\w05\checkpoint.weights.h5,de69ce6ed55171e7c74e57e0ccb9d282d7d15ffb0dd50e3c3aa862cf8533fa48,1787725585765782700,73720
C:\Workspace\TESIS\paper\Paper-Q1-4\experiment\TP2M4B1\outputs\receiver_bank\seed_2025\singapore\w05\predictions.csv,31ba7d9003b9e39fab18b601ed151117fa750638e4edf19bbf2ab3b701a5b339,1787725585741431000,182730
C:\Workspace\TESIS\paper\Paper-Q1-4\experiment\TP2M4B1\outputs\receiver_bank\seed_2025\sri_lanka\w05\checkpoint.weights.h5,24af57852922b68296579a9bc0c61de96e7f812d2ac267c8d363188c404e02e8,1787725595864961700,73720
C:\Workspace\TESIS\paper\Paper-Q1-4\experiment\TP2M4B1\outputs\receiver_bank\seed_2025\sri_lanka\w05\predictions.csv,7f8797925c34fc2cb28af2c67e9f0690b0afb12d2193c3c11afdc09c2b952ba1,1787725595840958700,182198
C:\Workspace\TESIS\paper\Paper-Q1-4\experiment\TP2M4B1\outputs\receiver_bank\seed_2025\switzerland\w05\checkpoint.weights.h5,57ef454acafe8220062be5cd8b0dfbb260287cecd42a6a217b215548b2600bd7,1787725582955896400,73720
C:\Workspace\TESIS\paper\Paper-Q1-4\experiment\TP2M4B1\outputs\receiver_bank\seed_2025\switzerland\w05\predictions.csv,9d02d916c4246d6af0956fda366ed78d66ba08074d376b15ebfa1b7ca6136552,1787725582930271900,188477
C:\Workspace\TESIS\paper\Paper-Q1-4\experiment\TP2M4B1\outputs\receiver_bank\seed_2025\thailand\w05\checkpoint.weights.h5,116a666061b5c1f0e15c4c3edfe5551aff1c09c9ebf10d3d490f4784f9287398,1787725640471517700,73720
C:\Workspace\TESIS\paper\Paper-Q1-4\experiment\TP2M4B1\outputs\receiver_bank\seed_2025\thailand\w05\predictions.csv,a88ce9fbe189cf68f52906337d100964935d5669a5eb211f1d62f5beef52e048,1787725640449902300,183733
C:\Workspace\TESIS\paper\Paper-Q1-4\experiment\TP2M4B1\outputs\receiver_bank\seed_2025\timor_leste\w05\checkpoint.weights.h5,d9fb750e17ba8d7a380d5135b8208053e8f349c0cad4bc0f318fba2d87d1b99d,1787725627779405100,73720
C:\Workspace\TESIS\paper\Paper-Q1-4\experiment\TP2M4B1\outputs\receiver_bank\seed_2025\timor_leste\w05\predictions.csv,53b588203888df70c0b03be05b22016d1fd1a1cfac6de55955308bb01cc85f40,1787725627749814300,182499
C:\Workspace\TESIS\paper\Paper-Q1-4\experiment\TP2M4B1\outputs\receiver_bank\seed_2025\united_kingdom_of_great_britain_and_northern_ireland\w05\checkpoint.weights.h5,a6b97b8aaba4bcca63bfde4b2eb14ebf260312c7ceba914ae49fad8430ef004a,1787725715523994200,73720
C:\Workspace\TESIS\paper\Paper-Q1-4\experiment\TP2M4B1\outputs\receiver_bank\seed_2025\united_kingdom_of_great_britain_and_northern_ireland\w05\predictions.csv,653c96fb64a095e93687b8bbe8ae4db16a22a9bb7df35159b2e1e5ebe10aa3ce,1787725715504514300,186016
C:\Workspace\TESIS\paper\Paper-Q1-4\experiment\TP2M4B1\outputs\receiver_bank\seed_2025\vanuatu\w05\checkpoint.weights.h5,4b1d258f1df2bf02e49e99b36e9624280ceecb905b2585b4e826226ba1027886,1787725641369786500,73720
C:\Workspace\TESIS\paper\Paper-Q1-4\experiment\TP2M4B1\outputs\receiver_bank\seed_2025\vanuatu\w05\predictions.csv,9ab9660c2b4f7bd3be6dcdbf4779eae1dd0e7e5355ac12f415f36034d0ba843b,1787725641347700800,190761
C:\Workspace\TESIS\paper\Paper-Q1-4\experiment\TP2M4B1\outputs\receiver_bank\seed_2025\viet_nam\w05\checkpoint.weights.h5,9ee87d6d5ddacb62d1f0b00d0da24560fca7af35c62ac22036e7bcddf4d60ea7,1787725767053077100,73720
C:\Workspace\TESIS\paper\Paper-Q1-4\experiment\TP2M4B1\outputs\receiver_bank\seed_2025\viet_nam\w05\predictions.csv,408df99dbf2f34b83db188fbbac74698396f144d828c2acdf06b158539af5684,1787725767035540900,182674
C:\Workspace\TESIS\paper\Paper-Q1-4\experiment\TP2M4B1\outputs\receiver_bank\seed_42\australia\w05\checkpoint.weights.h5,dc3a34f942d6dc2aac14a978ab282246da390ff4ecd002279784fb288d693442,1787722882093158400,73720
C:\Workspace\TESIS\paper\Paper-Q1-4\experiment\TP2M4B1\outputs\receiver_bank\seed_42\australia\w05\predictions.csv,d2188eee7ba487472566bedc1b134d51746658aa11a380c615a34fff5d443142,1787722882066581300,181508
C:\Workspace\TESIS\paper\Paper-Q1-4\experiment\TP2M4B1\outputs\receiver_bank\seed_42\austria\w05\checkpoint.weights.h5,abe5a23f7af343c284cc61c76d5dd102f4b849d03d17475162b9ea12cadec62b,1787722971884056400,73720
C:\Workspace\TESIS\paper\Paper-Q1-4\experiment\TP2M4B1\outputs\receiver_bank\seed_42\austria\w05\predictions.csv,29f99e7908410f5f2eda33ba1bc78b77bd0ce387a4c5f70a515a48330df2268a,1787722971842936200,185707
C:\Workspace\TESIS\paper\Paper-Q1-4\experiment\TP2M4B1\outputs\receiver_bank\seed_42\bangladesh\w05\checkpoint.weights.h5,e3e2f0cbfb487bc9decc70b5e4a273efb2bee6bbecabd201dccf6f054450eab6,1787723164007895800,73720
C:\Workspace\TESIS\paper\Paper-Q1-4\experiment\TP2M4B1\outputs\receiver_bank\seed_42\bangladesh\w05\predictions.csv,aa7c0b76ff6bc8f2c7f516847353d4208d7ac34d41b083c7c4ccbb32a984f450,1787723163965351600,184119
C:\Workspace\TESIS\paper\Paper-Q1-4\experiment\TP2M4B1\outputs\receiver_bank\seed_42\bhutan\w05\checkpoint.weights.h5,bce3d24d8e368ac9c440b93ae1befcc8e49f72dd2132474032d0d2a6cb4aee3e,1787723105058257700,73720
C:\Workspace\TESIS\paper\Paper-Q1-4\experiment\TP2M4B1\outputs\receiver_bank\seed_42\bhutan\w05\predictions.csv,9e8809b02012a51a90f2e67463c0f208fcb93383ba89709739fa81f74e7a1457,1787723105020814000,183183
C:\Workspace\TESIS\paper\Paper-Q1-4\experiment\TP2M4B1\outputs\receiver_bank\seed_42\brunei_darussalam\w05\checkpoint.weights.h5,a92ebfdbd4bf6ab79f264d6e7e9144e8a0d5adf8f1564420c9045316a0318d60,1787723099816926800,73720
C:\Workspace\TESIS\paper\Paper-Q1-4\experiment\TP2M4B1\outputs\receiver_bank\seed_42\brunei_darussalam\w05\predictions.csv,5af9da1c6f940808668ceb630260f268a6a9089f1ad2654efdb6279eadc811d2,1787723099785013500,181870
C:\Workspace\TESIS\paper\Paper-Q1-4\experiment\TP2M4B1\outputs\receiver_bank\seed_42\cambodia\w05\checkpoint.weights.h5,c9023854114eee199680350ff9340f166912fd830d117c4de81f3d749f9a502f,1787723164129105400,73720
C:\Workspace\TESIS\paper\Paper-Q1-4\experiment\TP2M4B1\outputs\receiver_bank\seed_42\cambodia\w05\predictions.csv,adf9b9f7028b025db2bf628464adc438577106c4b63ce61a6cc867a1f405bf0a,1787723164089970400,183013
C:\Workspace\TESIS\paper\Paper-Q1-4\experiment\TP2M4B1\outputs\receiver_bank\seed_42\china\w05\checkpoint.weights.h5,87bd683577bd5e9f34b9c22272b8257ba00a2b3c1361ed198f87236900160d46,1787723318626993200,73720
C:\Workspace\TESIS\paper\Paper-Q1-4\experiment\TP2M4B1\outputs\receiver_bank\seed_42\china\w05\predictions.csv,6a151b1d4efeb07815d7bb8f64f04d7c1b23c2125ac5988d3d78c23bbb06a263,1787723318591869700,181321
C:\Workspace\TESIS\paper\Paper-Q1-4\experiment\TP2M4B1\outputs\receiver_bank\seed_42\fiji\w05\checkpoint.weights.h5,668f7d4096c1d83be4f0f3ffb4cbcbd2d392232c5f577c807862940835518414,1787723175725840400,73720
C:\Workspace\TESIS\paper\Paper-Q1-4\experiment\TP2M4B1\outputs\receiver_bank\seed_42\fiji\w05\predictions.csv,300e14117053119c2d3b6264e1ff683b69b426dde1d168bd5fc18033e81a2c90,1787723175689593400,181454
C:\Workspace\TESIS\paper\Paper-Q1-4\experiment\TP2M4B1\outputs\receiver_bank\seed_42\french_polynesia\w05\checkpoint.weights.h5,70d6840866e729a27795a951fcfab42ab0352069434bf6c3fa339eff51bb24a2,1787723406889204700,73720
C:\Workspace\TESIS\paper\Paper-Q1-4\experiment\TP2M4B1\outputs\receiver_bank\seed_42\french_polynesia\w05\predictions.csv,e38972dfe4b9123373c3f6eea557c725985ca116772a4a330213cd00752ffdc6,1787723406848196800,182410
C:\Workspace\TESIS\paper\Paper-Q1-4\experiment\TP2M4B1\outputs\receiver_bank\seed_42\guam\w05\checkpoint.weights.h5,526c805931b59061e6505b53c6cd788a79a1d161a12c27e81ec244462a191507,1787723386250372800,73720
C:\Workspace\TESIS\paper\Paper-Q1-4\experiment\TP2M4B1\outputs\receiver_bank\seed_42\guam\w05\predictions.csv,008770cc3fd66a45823c6c6fa5ab032508186fa71a21b9d6ce7fa998265a21bc,1787723386215502200,183902
C:\Workspace\TESIS\paper\Paper-Q1-4\experiment\TP2M4B1\outputs\receiver_bank\seed_42\lao_people_s_democratic_republic\w05\checkpoint.weights.h5,183d89a1d0774245ada7474e27b53dae53e761ff29f67825671497ed9e57e89f,1787723240540516300,73720
C:\Workspace\TESIS\paper\Paper-Q1-4\experiment\TP2M4B1\outputs\receiver_bank\seed_42\lao_people_s_democratic_republic\w05\predictions.csv,89e3726a0a4d7153e945b579ada6ed464f5488b6fc97a18606741ce42e8d697e,1787723240505369200,180393
C:\Workspace\TESIS\paper\Paper-Q1-4\experiment\TP2M4B1\outputs\receiver_bank\seed_42\malaysia\w05\checkpoint.weights.h5,24e2a377b36f3510fb9b2d5b4a65db85b162091df296693c63ae5fda5c07f3bd,1787723386061692700,73720
C:\Workspace\TESIS\paper\Paper-Q1-4\experiment\TP2M4B1\outputs\receiver_bank\seed_42\malaysia\w05\predictions.csv,4f24f5871607528694351ed2b92d662f6f7a1130bf651a0453835d5b9901fb05,1787723386025128000,184750
C:\Workspace\TESIS\paper\Paper-Q1-4\experiment\TP2M4B1\outputs\receiver_bank\seed_42\maldives\w05\checkpoint.weights.h5,561c44d6bb35f5da852e92f26e7c9004dc165fea5abb163f03b1ba2e7ce1ffb9,1787723380436639300,73720
C:\Workspace\TESIS\paper\Paper-Q1-4\experiment\TP2M4B1\outputs\receiver_bank\seed_42\maldives\w05\predictions.csv,df9d096286ede1b8b541687236887818b2a26f9712d4eff9ff063273cd2fea8a,1787723380395635800,184680
C:\Workspace\TESIS\paper\Paper-Q1-4\experiment\TP2M4B1\outputs\receiver_bank\seed_42\mexico\w05\checkpoint.weights.h5,a16d72e28e3f26eb4b24e68bd735b80ffc8718a13b1699d42d37b4f4894361a0,1787723795919587600,73720
C:\Workspace\TESIS\paper\Paper-Q1-4\experiment\TP2M4B1\outputs\receiver_bank\seed_42\mexico\w05\predictions.csv,5a78c0ffb39d825423a1239de89f37edcaa4a25e9731783274a279258e294d1c,1787723795881898300,184421
C:\Workspace\TESIS\paper\Paper-Q1-4\experiment\TP2M4B1\outputs\receiver_bank\seed_42\mongolia\w05\checkpoint.weights.h5,4505e51e968a2af718cd63b39b3bab651f30bcdbacec29248f27308801a81fdd,1787723517484231000,73720
C:\Workspace\TESIS\paper\Paper-Q1-4\experiment\TP2M4B1\outputs\receiver_bank\seed_42\mongolia\w05\predictions.csv,1f0dbc0cf48d281ce21310761d3dd0a1ecb941f01096a9bc9ab3bdb58513166d,1787723517450210200,184365
C:\Workspace\TESIS\paper\Paper-Q1-4\experiment\TP2M4B1\outputs\receiver_bank\seed_42\myanmar\w05\checkpoint.weights.h5,8f401697bca59733a87beca813f0d42a0c4e131393d337d9d2f23d55fbf4b485,1787723574421068200,73720
C:\Workspace\TESIS\paper\Paper-Q1-4\experiment\TP2M4B1\outputs\receiver_bank\seed_42\myanmar\w05\predictions.csv,a2fa671be613b606db86929246a049f890618714cf630851a018db8ccd407564,1787723574383298300,182317
C:\Workspace\TESIS\paper\Paper-Q1-4\experiment\TP2M4B1\outputs\receiver_bank\seed_42\nepal\w05\checkpoint.weights.h5,dd0dfce0bf84b06de6a4df4aefc405486260e6a678e7db6dc3ab3f9553f18467,1787723624000142600,73720
C:\Workspace\TESIS\paper\Paper-Q1-4\experiment\TP2M4B1\outputs\receiver_bank\seed_42\nepal\w05\predictions.csv,fb86a02fe28528a2b6c0279a3eac6235a736ef16b6da1f4f001c66b53a9f41fb,1787723623960128400,184533
C:\Workspace\TESIS\paper\Paper-Q1-4\experiment\TP2M4B1\outputs\receiver_bank\seed_42\new_caledonia\w05\checkpoint.weights.h5,9457816b58087e116f15b23965353a48f2b8c43725ae43fd045d265490e07e54,1787723610711107900,73720
C:\Workspace\TESIS\paper\Paper-Q1-4\experiment\TP2M4B1\outputs\receiver_bank\seed_42\new_caledonia\w05\predictions.csv,681cc17fc8645eff6d75e2d0074f1be7230dbf0d6e44a59faa51d132d34a7317,1787723610678407300,180747
C:\Workspace\TESIS\paper\Paper-Q1-4\experiment\TP2M4B1\outputs\receiver_bank\seed_42\new_zealand\w05\checkpoint.weights.h5,6e2be1f4da44bc29e1b8153d27c6c21198040dc8f11088d92d9054e33d18d7be,1787723639359158200,73720
C:\Workspace\TESIS\paper\Paper-Q1-4\experiment\TP2M4B1\outputs\receiver_bank\seed_42\new_zealand\w05\predictions.csv,b554fb6cb1c340bf65657fa2630149b91573ae742d5b8e6abd81a3c0b94c57d0,1787723639331163800,182458
C:\Workspace\TESIS\paper\Paper-Q1-4\experiment\TP2M4B1\outputs\receiver_bank\seed_42\northern_mariana_islands\w05\checkpoint.weights.h5,1dfc513028c6f092134f2d2f2f3d97f7ab95cea8dfdfa71c1e777c227bb1cb0a,1787723727587210000,73720
C:\Workspace\TESIS\paper\Paper-Q1-4\experiment\TP2M4B1\outputs\receiver_bank\seed_42\northern_mariana_islands\w05\predictions.csv,cba95132bf39cbfed7d90a30fefe3ad1ad18718e631fbbf264876cc703c67777,1787723727546997800,182572
C:\Workspace\TESIS\paper\Paper-Q1-4\experiment\TP2M4B1\outputs\receiver_bank\seed_42\palau\w05\checkpoint.weights.h5,86a5d33a6b39ff5a462c9c5c3b9aba42014097c0b5dd5631f3066b34ba2d24c6,1787723752177355700,73720
C:\Workspace\TESIS\paper\Paper-Q1-4\experiment\TP2M4B1\outputs\receiver_bank\seed_42\palau\w05\predictions.csv,135448fdb57fa98b20de106a579511377845fd5465ad48892a53d50b499607f9,1787723752147469900,182259
C:\Workspace\TESIS\paper\Paper-Q1-4\experiment\TP2M4B1\outputs\receiver_bank\seed_42\papua_new_guinea\w05\checkpoint.weights.h5,222f2662dc738b7b55f56a0ef1cdd20346e17858512226975c410b918437bad1,1787723711841071700,73720
C:\Workspace\TESIS\paper\Paper-Q1-4\experiment\TP2M4B1\outputs\receiver_bank\seed_42\papua_new_guinea\w05\predictions.csv,15cf219cd202aff2f6ed1c5d42a44f90a7a1febc341b6bcfbf7b2de1c8de64d2,1787723711802907400,183184
C:\Workspace\TESIS\paper\Paper-Q1-4\experiment\TP2M4B1\outputs\receiver_bank\seed_42\philippines\w05\checkpoint.weights.h5,d999be549f256d3dba6cff7108882c71e5555f0757dc086a6170ff3a2f1529cc,1787723781508762100,73720
C:\Workspace\TESIS\paper\Paper-Q1-4\experiment\TP2M4B1\outputs\receiver_bank\seed_42\philippines\w05\predictions.csv,9ea4b0d16bbd9d519dab143ea6228e137ed5d8c123c47d401d57f33a47a88ae6,1787723781469309000,186871
C:\Workspace\TESIS\paper\Paper-Q1-4\experiment\TP2M4B1\outputs\receiver_bank\seed_42\singapore\w05\checkpoint.weights.h5,11ef6e383d408028219803029de28a945a8fc291602887a2555c266f19870aca,1787723830046634000,73720
C:\Workspace\TESIS\paper\Paper-Q1-4\experiment\TP2M4B1\outputs\receiver_bank\seed_42\singapore\w05\predictions.csv,ca10580ebaaa5fba3d0237b6632f941b9b5a6cd201ada1dee56e8a0e82e52780,1787723830014082600,184185
C:\Workspace\TESIS\paper\Paper-Q1-4\experiment\TP2M4B1\outputs\receiver_bank\seed_42\sri_lanka\w05\checkpoint.weights.h5,6240f25adc6cb15aec5cc125e34255174f4fd6061bc6a2f4ca6b0a131cccf953,1787723891862135000,73720
C:\Workspace\TESIS\paper\Paper-Q1-4\experiment\TP2M4B1\outputs\receiver_bank\seed_42\sri_lanka\w05\predictions.csv,5ddb2e69ab7fe819383e3614b371f8a2f0d5c58e116f3fc39515d039db684e4b,1787723891828139900,181563
C:\Workspace\TESIS\paper\Paper-Q1-4\experiment\TP2M4B1\outputs\receiver_bank\seed_42\switzerland\w05\checkpoint.weights.h5,a6b91731b26e6eebdb875cd0674eeb15a77b2e409c0ea23fd4c8cd23a5cdac35,1787723962910506300,73720
C:\Workspace\TESIS\paper\Paper-Q1-4\experiment\TP2M4B1\outputs\receiver_bank\seed_42\switzerland\w05\predictions.csv,51962974c7a4fb4ed9dd5ce64cf7c9e9b452c17ebc96d97711f44cdcb70fbde1,1787723962874208300,185569
C:\Workspace\TESIS\paper\Paper-Q1-4\experiment\TP2M4B1\outputs\receiver_bank\seed_42\thailand\w05\checkpoint.weights.h5,c91e111ea188a275d2e1cf705e37dbc8f3d53f742d23b5fa602a86718abef6ca,1787723867540026100,73720
C:\Workspace\TESIS\paper\Paper-Q1-4\experiment\TP2M4B1\outputs\receiver_bank\seed_42\thailand\w05\predictions.csv,93b5e45dbf8f73a17650a3e4c644b518446b86868568c7c1b29fbec39079bb5f,1787723867504024900,182898
C:\Workspace\TESIS\paper\Paper-Q1-4\experiment\TP2M4B1\outputs\receiver_bank\seed_42\timor_leste\w05\checkpoint.weights.h5,563cf36fb0e0f95cfb71647c4656633df6fc3b4bf7494c969da102b75e75a86b,1787723892228152300,73720
C:\Workspace\TESIS\paper\Paper-Q1-4\experiment\TP2M4B1\outputs\receiver_bank\seed_42\timor_leste\w05\predictions.csv,84dd6dea1acb494a65375b92a29f95334903cbe85fe4ba19a81ac4cb48521c1b,1787723892189635200,181390
C:\Workspace\TESIS\paper\Paper-Q1-4\experiment\TP2M4B1\outputs\receiver_bank\seed_42\united_kingdom_of_great_britain_and_northern_ireland\w05\checkpoint.weights.h5,c871119762ae5e1b1ca3a0ca34698ff250749a48749ae0115a33506ecba1e90d,1787724076945336000,73720
C:\Workspace\TESIS\paper\Paper-Q1-4\experiment\TP2M4B1\outputs\receiver_bank\seed_42\united_kingdom_of_great_britain_and_northern_ireland\w05\predictions.csv,9b8b5db05f7e1cfdd07ea914dd8fee692970d0f21c3b87280c0f6a4393930ca5,1787724076915308500,186086
C:\Workspace\TESIS\paper\Paper-Q1-4\experiment\TP2M4B1\outputs\receiver_bank\seed_42\vanuatu\w05\checkpoint.weights.h5,1805086b5ea6b79dd620fc3283d8ee5c32a9b54fdc3b2f66449c99b63dbb927c,1787723953364450900,73720
C:\Workspace\TESIS\paper\Paper-Q1-4\experiment\TP2M4B1\outputs\receiver_bank\seed_42\vanuatu\w05\predictions.csv,0aba947f7b4abf63c75cd68959e2a460bc28638fc0af34769d32f0d52dd7b3d7,1787723953333839900,190221
C:\Workspace\TESIS\paper\Paper-Q1-4\experiment\TP2M4B1\outputs\receiver_bank\seed_42\viet_nam\w05\checkpoint.weights.h5,18bccea0e2f01a04c1d517352658497eb7db5f6197d42ec904d33d00aabd79c6,1787724139951727300,73720
C:\Workspace\TESIS\paper\Paper-Q1-4\experiment\TP2M4B1\outputs\receiver_bank\seed_42\viet_nam\w05\predictions.csv,1ae617fee888562fc2bf86892d707740c79bf1293424983d3a2f9de565fa8d69,1787724139918662600,183185
C:\Workspace\TESIS\paper\Paper-Q1-4\experiment\TP2M4B1\TP2M4B1_RECEIVER_BANK_MANIFEST.csv,bc6f565b56d68c435c9ef53d1eed2ad8da597a32e1b22776c9a7b2252cc4a0fd,1787726160399199900,43605
C:\Workspace\TESIS\paper\Paper-Q1-4\experiment\TP2M4B1_R1\TP2M4B1_R1_LATENT_PAIRWISE.csv,f5a146ffe90db5b2bfaffa64dd97092d949c810287353053bbb89ab397022868,1787728468569272000,40670
C:\Workspace\TESIS\paper\Paper-Q1-4\experiment\TP2M4B2\outputs\training\FUNCTIONAL\seed_123\australia\w05\checkpoint.weights.h5,7223809e30d3f5f4807711e3e60c8f80f23163899da133db96aa550785d93083,1787737315197832600,73720
C:\Workspace\TESIS\paper\Paper-Q1-4\experiment\TP2M4B2\outputs\training\FUNCTIONAL\seed_123\austria\w05\checkpoint.weights.h5,c3ebf457d6ce64d2e1a0e9f86e675be1162e8fa68e23ac9f4f05059460c8bd07,1787737441327023100,73720
C:\Workspace\TESIS\paper\Paper-Q1-4\experiment\TP2M4B2\outputs\training\FUNCTIONAL\seed_123\bangladesh\w05\checkpoint.weights.h5,3aac1e57ced2c0f6a4572be795b5f627b13c42e47a99b2c826db43c4e4903dd6,1787737362679229600,73720
C:\Workspace\TESIS\paper\Paper-Q1-4\experiment\TP2M4B2\outputs\training\FUNCTIONAL\seed_123\bhutan\w05\checkpoint.weights.h5,e10a7bde6bcc2c994744462d60468664099dc9a15cecf32fd388d8f8178e961d,1787737347465514700,73720
C:\Workspace\TESIS\paper\Paper-Q1-4\experiment\TP2M4B2\outputs\training\FUNCTIONAL\seed_123\brunei_darussalam\w05\checkpoint.weights.h5,875954b7fd368825f0087131e291c8e3ef103b7052d0b8c06b7f35f6ccf607a7,1787737505764854800,73720
C:\Workspace\TESIS\paper\Paper-Q1-4\experiment\TP2M4B2\outputs\training\FUNCTIONAL\seed_123\cambodia\w05\checkpoint.weights.h5,3cdb98a143a1225971384d23bf1444b6209be2d5d69f6368c78c88e5a9f01e87,1787737450356574500,73720
C:\Workspace\TESIS\paper\Paper-Q1-4\experiment\TP2M4B2\outputs\training\FUNCTIONAL\seed_123\china\w05\checkpoint.weights.h5,d8f2175166e2fa7d084dd3e76ef72c8741d68ff614bb8f3bc5144b9a7f184ffc,1787737565296729700,73720
C:\Workspace\TESIS\paper\Paper-Q1-4\experiment\TP2M4B2\outputs\training\FUNCTIONAL\seed_123\fiji\w05\checkpoint.weights.h5,41dbd37d4548a250f6d0ecc7c521a9eaf42614a410ce5617acc82994b83e718c,1787737535576058300,73720
C:\Workspace\TESIS\paper\Paper-Q1-4\experiment\TP2M4B2\outputs\training\FUNCTIONAL\seed_123\french_polynesia\w05\checkpoint.weights.h5,4c9e9cab2d295564bf701039439422a4e5310ee090db051d44f371dd0132579f,1787737858508486300,73720
C:\Workspace\TESIS\paper\Paper-Q1-4\experiment\TP2M4B2\outputs\training\FUNCTIONAL\seed_123\guam\w05\checkpoint.weights.h5,9c28ebd26681f0e504e9b758e5822212dd113a951d64f7232e28a2b6c3f0e953,1787737647822427400,73720
C:\Workspace\TESIS\paper\Paper-Q1-4\experiment\TP2M4B2\outputs\training\FUNCTIONAL\seed_123\lao_peoples_democratic_republic\w05\checkpoint.weights.h5,440125aae4140e17ccd4a44c0eb32704d8e5f1d7cf58b31a931b9b158ae3c40f,1787737593786931800,73720
C:\Workspace\TESIS\paper\Paper-Q1-4\experiment\TP2M4B2\outputs\training\FUNCTIONAL\seed_123\malaysia\w05\checkpoint.weights.h5,f650958332ef60ecdc72684f5876c16c106fb25517df3d84ab9a35c9090d9d2b,1787737664390753900,73720
C:\Workspace\TESIS\paper\Paper-Q1-4\experiment\TP2M4B2\outputs\training\FUNCTIONAL\seed_123\maldives\w05\checkpoint.weights.h5,15ba018fe2b4cde820f1a8d62538b7573a016deeb289855b53d45fe35e3d1970,1787737651509428500,73720
C:\Workspace\TESIS\paper\Paper-Q1-4\experiment\TP2M4B2\outputs\training\FUNCTIONAL\seed_123\mexico\w05\checkpoint.weights.h5,3bfa4a103a40b0af86fb8e6c276d9c34d8579d48fe93f2329ae0ac9ade5c0118,1787738241848639800,73720
C:\Workspace\TESIS\paper\Paper-Q1-4\experiment\TP2M4B2\outputs\training\FUNCTIONAL\seed_123\mongolia\w05\checkpoint.weights.h5,108b117b07b0130ee20e48c3b9278e6fe70a28e9d7b15ebcc48605b33f70a80a,1787737979788084000,73720
C:\Workspace\TESIS\paper\Paper-Q1-4\experiment\TP2M4B2\outputs\training\FUNCTIONAL\seed_123\myanmar\w05\checkpoint.weights.h5,7d3c1e482c442402470da1fbab1685856b38ca12d4c3a3044800a26da7428c81,1787737835798545900,73720
C:\Workspace\TESIS\paper\Paper-Q1-4\experiment\TP2M4B2\outputs\training\FUNCTIONAL\seed_123\nepal\w05\checkpoint.weights.h5,1bc9d389fb7cb30053291b77b1c4305dbbb163c2643b034bcf35fc39aa29a006,1787738035534585100,73720
C:\Workspace\TESIS\paper\Paper-Q1-4\experiment\TP2M4B2\outputs\training\FUNCTIONAL\seed_123\new_caledonia\w05\checkpoint.weights.h5,bc30851d9a0f7502495d131e81285ff4d2751a071b6de2c521a9a2d8c5c11485,1787738104635792700,73720
C:\Workspace\TESIS\paper\Paper-Q1-4\experiment\TP2M4B2\outputs\training\FUNCTIONAL\seed_123\new_zealand\w05\checkpoint.weights.h5,98bbbc5c7bb3b9ff36835952cf63b13e402cac9fc9bc7dd61d75d26f378ee1c9,1787738051516094100,73720
C:\Workspace\TESIS\paper\Paper-Q1-4\experiment\TP2M4B2\outputs\training\FUNCTIONAL\seed_123\northern_mariana_islands\w05\checkpoint.weights.h5,1b56e34870687166195154f2340908f7ec7a576208e1f807f0d5bd9969e01bfd,1787738150417425500,73720
C:\Workspace\TESIS\paper\Paper-Q1-4\experiment\TP2M4B2\outputs\training\FUNCTIONAL\seed_123\papua_new_guinea\w05\checkpoint.weights.h5,1f67a5ad946614dacae5934e135ef9d0b0692bdcfa1d02d1a56b35c4882f875a,1787738127405979600,73720
C:\Workspace\TESIS\paper\Paper-Q1-4\experiment\TP2M4B2\outputs\training\FUNCTIONAL\seed_123\philippines\w05\checkpoint.weights.h5,34ef1e39b9fcaf76974c00d7a5bc26212bb48448f0af1cffb360f5af0302bc2e,1787738218308651400,73720
C:\Workspace\TESIS\paper\Paper-Q1-4\experiment\TP2M4B2\outputs\training\FUNCTIONAL\seed_123\singapore\w05\checkpoint.weights.h5,0feb08c5e483fc034c94ea872219eaeae49f9ac304d597477252c904a990b2da,1787738231966267600,73720
C:\Workspace\TESIS\paper\Paper-Q1-4\experiment\TP2M4B2\outputs\training\FUNCTIONAL\seed_123\sri_lanka\w05\checkpoint.weights.h5,d4715ffd88436b8aefde2ca8626a3ec2cd4bd6e16ad1bd4db761457d77afd25e,1787738611461326200,73720
C:\Workspace\TESIS\paper\Paper-Q1-4\experiment\TP2M4B2\outputs\training\FUNCTIONAL\seed_123\switzerland\w05\checkpoint.weights.h5,30308985be63ce1b6b33656fdd8d90e3404d7a67154ede93f38002cf90209417,1787738380860014700,73720
C:\Workspace\TESIS\paper\Paper-Q1-4\experiment\TP2M4B2\outputs\training\FUNCTIONAL\seed_123\thailand\w05\checkpoint.weights.h5,3e7f86e1156c789af9b5f5ce14f6b5b8f58ba94c3e4bdd62d2b3e82bdbd11486,1787738681138772400,73720
C:\Workspace\TESIS\paper\Paper-Q1-4\experiment\TP2M4B2\outputs\training\FUNCTIONAL\seed_123\timor_leste\w05\checkpoint.weights.h5,301e5aceee590d69940493378824379bf44dadb42690cb7393192ce3cdf371f3,1787738325030883600,73720
C:\Workspace\TESIS\paper\Paper-Q1-4\experiment\TP2M4B2\outputs\training\FUNCTIONAL\seed_123\united_kingdom_of_great_britain_and_northern_ireland\w05\checkpoint.weights.h5,71229ad1c462888b1075f90270661b69ff48af08998f279de7686275e5808545,1787738649288545900,73720
C:\Workspace\TESIS\paper\Paper-Q1-4\experiment\TP2M4B2\outputs\training\FUNCTIONAL\seed_123\viet_nam\w05\checkpoint.weights.h5,4ca9e30c2216be055740d077c3bfe1263bd8805f6c4a34566fb3e2f2025c36d3,1787738677481331600,73720
C:\Workspace\TESIS\paper\Paper-Q1-4\experiment\TP2M4B2\outputs\training\FUNCTIONAL\seed_2025\australia\w05\checkpoint.weights.h5,521ed8137ba04da7442ae294933129c4b2ee8cc43877167873c8b0617eea377b,1787738831694010500,73720
C:\Workspace\TESIS\paper\Paper-Q1-4\experiment\TP2M4B2\outputs\training\FUNCTIONAL\seed_2025\austria\w05\checkpoint.weights.h5,90201ce7201734944a3f0a246d9af335f9346793ac30fa483248612918b19666,1787738832233909000,73720
C:\Workspace\TESIS\paper\Paper-Q1-4\experiment\TP2M4B2\outputs\training\FUNCTIONAL\seed_2025\bangladesh\w05\checkpoint.weights.h5,47820aaed8163998252a37ced6ebdfef02d7c8f90ce313c0813d4bf03e26aa41,1787738869932130600,73720
C:\Workspace\TESIS\paper\Paper-Q1-4\experiment\TP2M4B2\outputs\training\FUNCTIONAL\seed_2025\bhutan\w05\checkpoint.weights.h5,ff13ad5a6c641cfc483b3d831dc473bbb5216a1d5509673b102460d4e693b297,1787738763065156700,73720
C:\Workspace\TESIS\paper\Paper-Q1-4\experiment\TP2M4B2\outputs\training\FUNCTIONAL\seed_2025\brunei_darussalam\w05\checkpoint.weights.h5,cce9c4af04d4f32fa905f41ebdb02369a234a9d9dbc93375c0578318307d080b,1787738956250745300,73720
C:\Workspace\TESIS\paper\Paper-Q1-4\experiment\TP2M4B2\outputs\training\FUNCTIONAL\seed_2025\cambodia\w05\checkpoint.weights.h5,93069c22465400440f337d341883f15becc55ba1a9a5a484f163e7bffbd3de96,1787738944722863400,73720
C:\Workspace\TESIS\paper\Paper-Q1-4\experiment\TP2M4B2\outputs\training\FUNCTIONAL\seed_2025\china\w05\checkpoint.weights.h5,61ef339603681efc1c2600a50e4feb4729d59c0bb165d3198f4aa4bd12ac2532,1787738930233249500,73720
C:\Workspace\TESIS\paper\Paper-Q1-4\experiment\TP2M4B2\outputs\training\FUNCTIONAL\seed_2025\fiji\w05\checkpoint.weights.h5,f5fb1c63b47a9588122e343ce0ddd6b26d1e7e82baccb8cad92de27c65ba0e19,1787738962892845500,73720
C:\Workspace\TESIS\paper\Paper-Q1-4\experiment\TP2M4B2\outputs\training\FUNCTIONAL\seed_2025\french_polynesia\w05\checkpoint.weights.h5,af60308fc81a9e0361cc28c7e10178eee526394fcf833c47303aadae40ad2e52,1787739183762394700,73720
C:\Workspace\TESIS\paper\Paper-Q1-4\experiment\TP2M4B2\outputs\training\FUNCTIONAL\seed_2025\guam\w05\checkpoint.weights.h5,57ca1799daed42fd1439fd5ea5aee34ae6cb9277eff5f580847ede88325d5230,1787739256631423000,73720
C:\Workspace\TESIS\paper\Paper-Q1-4\experiment\TP2M4B2\outputs\training\FUNCTIONAL\seed_2025\lao_peoples_democratic_republic\w05\checkpoint.weights.h5,71eed265feeeb44b856abaf46f769ced25c22aa9a80571963df086e17a02030d,1787739018393781400,73720
C:\Workspace\TESIS\paper\Paper-Q1-4\experiment\TP2M4B2\outputs\training\FUNCTIONAL\seed_2025\malaysia\w05\checkpoint.weights.h5,3092aad80985f1c43d31e669146815ccaf47ddbbed91dee1e57f7054686d1e4a,1787739067235857800,73720
C:\Workspace\TESIS\paper\Paper-Q1-4\experiment\TP2M4B2\outputs\training\FUNCTIONAL\seed_2025\maldives\w05\checkpoint.weights.h5,d09e08ae24e9b737606462fad3ab1fa7d66297a77e7b5f46a33884979021f918,1787739080116455600,73720
C:\Workspace\TESIS\paper\Paper-Q1-4\experiment\TP2M4B2\outputs\training\FUNCTIONAL\seed_2025\mexico\w05\checkpoint.weights.h5,c46cc0bff10d429788cfd6813411826b9f4226021ea648fff39dc911af2d4ca4,1787739222263043100,73720
C:\Workspace\TESIS\paper\Paper-Q1-4\experiment\TP2M4B2\outputs\training\FUNCTIONAL\seed_2025\mongolia\w05\checkpoint.weights.h5,21fa2c11477003e95fbd1a87a36a995f53059aa9fcb078be97ac8cdda0e8c54e,1787739199709015900,73720
C:\Workspace\TESIS\paper\Paper-Q1-4\experiment\TP2M4B2\outputs\training\FUNCTIONAL\seed_2025\myanmar\w05\checkpoint.weights.h5,d1c30c85ef8edc18777b3ae6d133a2e56240fc28adbc83275ec580736951c044,1787739258606407500,73720
C:\Workspace\TESIS\paper\Paper-Q1-4\experiment\TP2M4B2\outputs\training\FUNCTIONAL\seed_2025\nepal\w05\checkpoint.weights.h5,355e61c493fe5db3916840f60fc8ba547e58666ea4928bb91546e424b78f4151,1787739345679113900,73720
C:\Workspace\TESIS\paper\Paper-Q1-4\experiment\TP2M4B2\outputs\training\FUNCTIONAL\seed_2025\new_caledonia\w05\checkpoint.weights.h5,49a57058c6257954dcb903d5d28b107fe195405c9f2043a25243b9fc83353f7a,1787739285622813700,73720
C:\Workspace\TESIS\paper\Paper-Q1-4\experiment\TP2M4B2\outputs\training\FUNCTIONAL\seed_2025\new_zealand\w05\checkpoint.weights.h5,323eafefcd989ea49922327ad4c16c880790fd78c2b6f5f93922c697c723a4c0,1787739318538181100,73720
C:\Workspace\TESIS\paper\Paper-Q1-4\experiment\TP2M4B2\outputs\training\FUNCTIONAL\seed_2025\northern_mariana_islands\w05\checkpoint.weights.h5,e5c84f67f257bf993e076de73b4480132d251db9be8da2b27bda500bbd9345c6,1787739379731779800,73720
C:\Workspace\TESIS\paper\Paper-Q1-4\experiment\TP2M4B2\outputs\training\FUNCTIONAL\seed_2025\papua_new_guinea\w05\checkpoint.weights.h5,5fefcb834704c3811b7480a273347be6a335cf58e01e60daa601db60b423b13a,1787739352300086600,73720
C:\Workspace\TESIS\paper\Paper-Q1-4\experiment\TP2M4B2\outputs\training\FUNCTIONAL\seed_2025\philippines\w05\checkpoint.weights.h5,b35c5c354e8b238d852cbd843dad2f5a993eebc73a71fdde4008ff1ab6874480,1787739434314577000,73720
C:\Workspace\TESIS\paper\Paper-Q1-4\experiment\TP2M4B2\outputs\training\FUNCTIONAL\seed_2025\singapore\w05\checkpoint.weights.h5,a3913693f3896cd1eaf2394ad5ed79a4564ab26200c56ab1607659ec11ec34e2,1787739523293104300,73720
C:\Workspace\TESIS\paper\Paper-Q1-4\experiment\TP2M4B2\outputs\training\FUNCTIONAL\seed_2025\sri_lanka\w05\checkpoint.weights.h5,e1687dc7a7a08633336c9c7d3b3ab705d36a316222e093c7a22b5d7e5b6c9639,1787739568139302600,73720
C:\Workspace\TESIS\paper\Paper-Q1-4\experiment\TP2M4B2\outputs\training\FUNCTIONAL\seed_2025\switzerland\w05\checkpoint.weights.h5,77c74ca6e3df9c34c0d291e5cfc1bce2ffd31e6ff44e9a9678a0a35b59ef0570,1787739512535594900,73720
C:\Workspace\TESIS\paper\Paper-Q1-4\experiment\TP2M4B2\outputs\training\FUNCTIONAL\seed_2025\thailand\w05\checkpoint.weights.h5,4a0736d5e38f9ce7e15e90f535e6d18d5fd04555ef27a6cf715fadb71498ccda,1787739529758651000,73720
C:\Workspace\TESIS\paper\Paper-Q1-4\experiment\TP2M4B2\outputs\training\FUNCTIONAL\seed_2025\timor_leste\w05\checkpoint.weights.h5,451c1637c1c47c183efc970c091c9f13f6d87a5d15f3fd6c6c4f1a73431c1562,1787739578366090700,73720
C:\Workspace\TESIS\paper\Paper-Q1-4\experiment\TP2M4B2\outputs\training\FUNCTIONAL\seed_2025\united_kingdom_of_great_britain_and_northern_ireland\w05\checkpoint.weights.h5,3ab067bc316e716b4a4abfa36f8f032f830758103e662908607b3fb56f29e66b,1787739761989425800,73720
C:\Workspace\TESIS\paper\Paper-Q1-4\experiment\TP2M4B2\outputs\training\FUNCTIONAL\seed_2025\viet_nam\w05\checkpoint.weights.h5,c8e1a79e6097f82757ef1d62b997e703dd96bfec07ab1b2f94afe91cc8029a7b,1787739792238991900,73720
C:\Workspace\TESIS\paper\Paper-Q1-4\experiment\TP2M4B2\outputs\training\FUNCTIONAL\seed_42\australia\w05\checkpoint.weights.h5,a03655c782cadfe233cd72d5c5129d7aecb2f3588832c4cd13f2010366ad7920,1787736004781873600,73720
C:\Workspace\TESIS\paper\Paper-Q1-4\experiment\TP2M4B2\outputs\training\FUNCTIONAL\seed_42\austria\w05\checkpoint.weights.h5,ffcb56452b5b4344c1488540570baa69dfa8ca6df1366d4de13424dfd16631a4,1787735770582029800,73720
C:\Workspace\TESIS\paper\Paper-Q1-4\experiment\TP2M4B2\outputs\training\FUNCTIONAL\seed_42\bangladesh\w05\checkpoint.weights.h5,7ac749b62beeac61e43f86011a685a88017a481cf9acad8eff853b8983135e65,1787735794003175900,73720
C:\Workspace\TESIS\paper\Paper-Q1-4\experiment\TP2M4B2\outputs\training\FUNCTIONAL\seed_42\bhutan\w05\checkpoint.weights.h5,b3f30822e4bdc8189adcc43d7e859d24ee20e503d284ea809a5fa12f6bde2634,1787735702968139800,73720
C:\Workspace\TESIS\paper\Paper-Q1-4\experiment\TP2M4B2\outputs\training\FUNCTIONAL\seed_42\brunei_darussalam\w05\checkpoint.weights.h5,1579ad10ca5d70395e7907e13c9705f82ae9a900ecbef6d0b1361f0f6289c314,1787736074234210100,73720
C:\Workspace\TESIS\paper\Paper-Q1-4\experiment\TP2M4B2\outputs\training\FUNCTIONAL\seed_42\cambodia\w05\checkpoint.weights.h5,6bb577bb644576758bbaf3e650a83eac1fd5d76e00793c69194594ebb420ed01,1787735929230691600,73720
C:\Workspace\TESIS\paper\Paper-Q1-4\experiment\TP2M4B2\outputs\training\FUNCTIONAL\seed_42\china\w05\checkpoint.weights.h5,2a46bf40c19db78332b6ffec307f6bc0e53ced36321a4a36f8c2ac1f791d272e,1787736073737310300,73720
C:\Workspace\TESIS\paper\Paper-Q1-4\experiment\TP2M4B2\outputs\training\FUNCTIONAL\seed_42\fiji\w05\checkpoint.weights.h5,3adc5eff9d6abc454f9ace10756bedf647a3b1fc4e6d912cce71667e488b6a75,1787736036831864700,73720
C:\Workspace\TESIS\paper\Paper-Q1-4\experiment\TP2M4B2\outputs\training\FUNCTIONAL\seed_42\french_polynesia\w05\checkpoint.weights.h5,4e50c0e8c65144a9d58d2632d3925fb33dcfde1ec1e5d423c67e2d6bd3786abc,1787736247073195500,73720
C:\Workspace\TESIS\paper\Paper-Q1-4\experiment\TP2M4B2\outputs\training\FUNCTIONAL\seed_42\guam\w05\checkpoint.weights.h5,4b913e5ae26b3bdd014cbdec5482dadcd064a31e7221571d1c5387a0ad436f0b,1787736324973619400,73720
C:\Workspace\TESIS\paper\Paper-Q1-4\experiment\TP2M4B2\outputs\training\FUNCTIONAL\seed_42\lao_peoples_democratic_republic\w05\checkpoint.weights.h5,a17e2678e434eb937c1e5b2a5d6cb4f44d673000c01dd7fef0d40f18d6849199,1787736165737046500,73720
C:\Workspace\TESIS\paper\Paper-Q1-4\experiment\TP2M4B2\outputs\training\FUNCTIONAL\seed_42\malaysia\w05\checkpoint.weights.h5,da4b78b881c35c3c03407f809200e96244c5d762bd38d1d2625bfe484e3b831c,1787736299949915100,73720
C:\Workspace\TESIS\paper\Paper-Q1-4\experiment\TP2M4B2\outputs\training\FUNCTIONAL\seed_42\maldives\w05\checkpoint.weights.h5,d9a2bedeb59aaf5c5ee0bea75662116d22c8d3578479a38ce349a90930bd93be,1787736257867823800,73720
C:\Workspace\TESIS\paper\Paper-Q1-4\experiment\TP2M4B2\outputs\training\FUNCTIONAL\seed_42\mexico\w05\checkpoint.weights.h5,23368cb7d49ee98474fcf1169ed6193a331e5ad2c44bbe8823be9ed56183ee99,1787736832497753800,73720
C:\Workspace\TESIS\paper\Paper-Q1-4\experiment\TP2M4B2\outputs\training\FUNCTIONAL\seed_42\mongolia\w05\checkpoint.weights.h5,8d3f3374b764d312743609bce47309bb25e5344f1ef6da6d39ecd1d8e18bcec9,1787736498221589200,73720
C:\Workspace\TESIS\paper\Paper-Q1-4\experiment\TP2M4B2\outputs\training\FUNCTIONAL\seed_42\myanmar\w05\checkpoint.weights.h5,43cd8e31d4b0162f219f5daeeb28d2f19faaf4dc8a786207e699ace0d7c12dc4,1787736548550079700,73720
C:\Workspace\TESIS\paper\Paper-Q1-4\experiment\TP2M4B2\outputs\training\FUNCTIONAL\seed_42\nepal\w05\checkpoint.weights.h5,8db9190903ee95ef127b3c329fffa2c0b3039ff3e941903de33389015cd60f0c,1787736655537766100,73720
C:\Workspace\TESIS\paper\Paper-Q1-4\experiment\TP2M4B2\outputs\training\FUNCTIONAL\seed_42\new_caledonia\w05\checkpoint.weights.h5,f597297e0e98e710ff08a971a533710b0e875d0024362383e5fc871ba7508ab4,1787736625536723200,73720
C:\Workspace\TESIS\paper\Paper-Q1-4\experiment\TP2M4B2\outputs\training\FUNCTIONAL\seed_42\new_zealand\w05\checkpoint.weights.h5,e920dc91bd9c183d52dfd59f0dd7289b737f8a76eef6c1219221d6142c00cce6,1787736631345115500,73720
C:\Workspace\TESIS\paper\Paper-Q1-4\experiment\TP2M4B2\outputs\training\FUNCTIONAL\seed_42\northern_mariana_islands\w05\checkpoint.weights.h5,3a7fda3b2e171b90d707d57782e9353fdfb6df9c07f60851b433be69ffb6ce30,1787736780876494800,73720
C:\Workspace\TESIS\paper\Paper-Q1-4\experiment\TP2M4B2\outputs\training\FUNCTIONAL\seed_42\papua_new_guinea\w05\checkpoint.weights.h5,623d17ac1db80813fa3074390eb57457aaddd9786fdc3dc615dfb790173e4106,1787736733191727600,73720
C:\Workspace\TESIS\paper\Paper-Q1-4\experiment\TP2M4B2\outputs\training\FUNCTIONAL\seed_42\philippines\w05\checkpoint.weights.h5,b72966c4b23cd2c5c58ef09185321291cc9fd108e8d3d4007da856c2005c1ff8,1787736743189291300,73720
C:\Workspace\TESIS\paper\Paper-Q1-4\experiment\TP2M4B2\outputs\training\FUNCTIONAL\seed_42\singapore\w05\checkpoint.weights.h5,6bee8d923226973e5ec1e72e4a9c23a12ca7738e2c5139d34df3b82abf71037c,1787736867614927100,73720
C:\Workspace\TESIS\paper\Paper-Q1-4\experiment\TP2M4B2\outputs\training\FUNCTIONAL\seed_42\sri_lanka\w05\checkpoint.weights.h5,347f73362ec826c1d340ad1ecf7405461e0b147bf6bbc4814e37d6c5c5674411,1787736970564764000,73720
C:\Workspace\TESIS\paper\Paper-Q1-4\experiment\TP2M4B2\outputs\training\FUNCTIONAL\seed_42\switzerland\w05\checkpoint.weights.h5,c8cd26ceaaba34ad5c926dc68d396706c68ae2c9002983c99d072920f507dc00,1787737005370344900,73720
C:\Workspace\TESIS\paper\Paper-Q1-4\experiment\TP2M4B2\outputs\training\FUNCTIONAL\seed_42\thailand\w05\checkpoint.weights.h5,488d2cc3526596a16ead0da7bad146aa6c6f6f881e9fb4dfe9b17507f6dfb67e,1787736928370323000,73720
C:\Workspace\TESIS\paper\Paper-Q1-4\experiment\TP2M4B2\outputs\training\FUNCTIONAL\seed_42\timor_leste\w05\checkpoint.weights.h5,81e25bbc3663ea555cc2b1917ef3b93645e1a6b571e21460d83a37e674be97ea,1787736948941367800,73720
C:\Workspace\TESIS\paper\Paper-Q1-4\experiment\TP2M4B2\outputs\training\FUNCTIONAL\seed_42\united_kingdom_of_great_britain_and_northern_ireland\w05\checkpoint.weights.h5,838604748aa87b0268533abcf21d4fddca4ed2c3d2afafddbd713ef6cf9b7a9f,1787737221974215400,73720
C:\Workspace\TESIS\paper\Paper-Q1-4\experiment\TP2M4B2\outputs\training\FUNCTIONAL\seed_42\viet_nam\w05\checkpoint.weights.h5,e659d09b6e522747ce7a5c9d922eb263012da17a4ca52cac21d8f80ef47736f7,1787737285554989700,73720
C:\Workspace\TESIS\paper\Paper-Q1-4\experiment\TP2M4B2\outputs\training\THETA_RKA_1e-3\seed_123\australia\w05\checkpoint.weights.h5,8371a4578c4aa5db3c2e2a68f4119f318eb483b01e55e14652fb0d0915959260,1787743012910491700,73720
C:\Workspace\TESIS\paper\Paper-Q1-4\experiment\TP2M4B2\outputs\training\THETA_RKA_1e-3\seed_123\austria\w05\checkpoint.weights.h5,a8eb82e00e1abf1cea8224537eff2007199f57b32aa28b760a4c0145deb1a23d,1787743138469492700,73720
C:\Workspace\TESIS\paper\Paper-Q1-4\experiment\TP2M4B2\outputs\training\THETA_RKA_1e-3\seed_123\bangladesh\w05\checkpoint.weights.h5,dbbf93854a1ddb71d282d568489669e7853f021fd33914133f5eb520bda433f1,1787743121494002700,73720
C:\Workspace\TESIS\paper\Paper-Q1-4\experiment\TP2M4B2\outputs\training\THETA_RKA_1e-3\seed_123\bhutan\w05\checkpoint.weights.h5,c63a809224c9b98dec141173bb63234aaa817d1cf760c99fd866bb845202803e,1787743114723861600,73720
C:\Workspace\TESIS\paper\Paper-Q1-4\experiment\TP2M4B2\outputs\training\THETA_RKA_1e-3\seed_123\brunei_darussalam\w05\checkpoint.weights.h5,870c37bbdef983beaa21148c12630afe3591a79d38832b560131324aae759713,1787743159277822300,73720
C:\Workspace\TESIS\paper\Paper-Q1-4\experiment\TP2M4B2\outputs\training\THETA_RKA_1e-3\seed_123\cambodia\w05\checkpoint.weights.h5,c91bc32de3fd109d8671dbf05feab205cb02f232efc387e167fb60fefbacb4b2,1787743219521282000,73720
C:\Workspace\TESIS\paper\Paper-Q1-4\experiment\TP2M4B2\outputs\training\THETA_RKA_1e-3\seed_123\china\w05\checkpoint.weights.h5,98e55b2540cbdfc8ff76b2123e05eb0b21598619dbf1754bd27f5dedc66ee209,1787743326231503900,73720
C:\Workspace\TESIS\paper\Paper-Q1-4\experiment\TP2M4B2\outputs\training\THETA_RKA_1e-3\seed_123\fiji\w05\checkpoint.weights.h5,c680602c7dc7f9ddc861005f2735adb4d214f7578a41ac33f9fd36c8bc3cfe30,1787743237832826800,73720
C:\Workspace\TESIS\paper\Paper-Q1-4\experiment\TP2M4B2\outputs\training\THETA_RKA_1e-3\seed_123\french_polynesia\w05\checkpoint.weights.h5,b0fd1a1aedeb386c8202efd4f646b05d5bf578480f7a70d6d4491bfb72201b3d,1787743474549015000,73720
C:\Workspace\TESIS\paper\Paper-Q1-4\experiment\TP2M4B2\outputs\training\THETA_RKA_1e-3\seed_123\guam\w05\checkpoint.weights.h5,f404cac8e47088662bc077869135cf5fe67dd6dc85273bc1d68951f638b3da8f,1787743372219623700,73720
C:\Workspace\TESIS\paper\Paper-Q1-4\experiment\TP2M4B2\outputs\training\THETA_RKA_1e-3\seed_123\lao_peoples_democratic_republic\w05\checkpoint.weights.h5,de55f525dc4bee6450bfaeb39f1ff328450ddb4d23dd2848644f1ae8774709d9,1787743312424532500,73720
C:\Workspace\TESIS\paper\Paper-Q1-4\experiment\TP2M4B2\outputs\training\THETA_RKA_1e-3\seed_123\malaysia\w05\checkpoint.weights.h5,a1359f4a2b40b5285f88e3d6d124466fbcb7c0a0d5ea066bd45df33940a9fa54,1787743384274947600,73720
C:\Workspace\TESIS\paper\Paper-Q1-4\experiment\TP2M4B2\outputs\training\THETA_RKA_1e-3\seed_123\maldives\w05\checkpoint.weights.h5,e936ce1fcb464d55399667786ddd77269a5824bf90d46ededb5b06752a2fea6f,1787743370421067200,73720
C:\Workspace\TESIS\paper\Paper-Q1-4\experiment\TP2M4B2\outputs\training\THETA_RKA_1e-3\seed_123\mexico\w05\checkpoint.weights.h5,59c033cb8b492543b5ca2a501b7f6d073409dd7b83662b9e2c55f1187d30a012,1787743671518752400,73720
C:\Workspace\TESIS\paper\Paper-Q1-4\experiment\TP2M4B2\outputs\training\THETA_RKA_1e-3\seed_123\mongolia\w05\checkpoint.weights.h5,06bf6f1a9ff33ec16af9fa6bc01a131a39acadbe514f11225cab107127025e9b,1787743536451887500,73720
C:\Workspace\TESIS\paper\Paper-Q1-4\experiment\TP2M4B2\outputs\training\THETA_RKA_1e-3\seed_123\myanmar\w05\checkpoint.weights.h5,7d89645e7aff4eb77087cadac997e7e66719f381ef45877bc80675f1ad054aba,1787743507822133000,73720
C:\Workspace\TESIS\paper\Paper-Q1-4\experiment\TP2M4B2\outputs\training\THETA_RKA_1e-3\seed_123\nepal\w05\checkpoint.weights.h5,de4c3f82b83379bb8a4e1505ae37ff49c2b0fbe0c24b91ea552ce4ab78aa68ef,1787743577460901300,73720
C:\Workspace\TESIS\paper\Paper-Q1-4\experiment\TP2M4B2\outputs\training\THETA_RKA_1e-3\seed_123\new_caledonia\w05\checkpoint.weights.h5,2132feb0b686f507fac636cd78fac8a254342e36e16fe2c5dbf8a5ac03a69d08,1787743603603997000,73720
C:\Workspace\TESIS\paper\Paper-Q1-4\experiment\TP2M4B2\outputs\training\THETA_RKA_1e-3\seed_123\new_zealand\w05\checkpoint.weights.h5,e65e731ddf9a66a07bea92de08371bb23b3341748bda95bf5091c3978461d3d1,1787743594575117500,73720
C:\Workspace\TESIS\paper\Paper-Q1-4\experiment\TP2M4B2\outputs\training\THETA_RKA_1e-3\seed_123\northern_mariana_islands\w05\checkpoint.weights.h5,8ee6c83ec700540a937243eb265c39b5ecddc25f503459667ec1c86782d26064,1787743677888933600,73720
C:\Workspace\TESIS\paper\Paper-Q1-4\experiment\TP2M4B2\outputs\training\THETA_RKA_1e-3\seed_123\papua_new_guinea\w05\checkpoint.weights.h5,949c0d8b8079d8daad8998bb7e44a0b65fefe87a6d24d76e7e2a98bc4e516c56,1787743656816053800,73720
C:\Workspace\TESIS\paper\Paper-Q1-4\experiment\TP2M4B2\outputs\training\THETA_RKA_1e-3\seed_123\philippines\w05\checkpoint.weights.h5,e45372f25bfb265a3254419d5a2882d6bcfc231a555b9c93700b41e48d9f9138,1787743700066829300,73720
C:\Workspace\TESIS\paper\Paper-Q1-4\experiment\TP2M4B2\outputs\training\THETA_RKA_1e-3\seed_123\singapore\w05\checkpoint.weights.h5,00c4bfde771c7f7743c4da66b73516627cf57cc16061ae7bab01dc7bb70ddbce,1787743752926201300,73720
C:\Workspace\TESIS\paper\Paper-Q1-4\experiment\TP2M4B2\outputs\training\THETA_RKA_1e-3\seed_123\sri_lanka\w05\checkpoint.weights.h5,af12c8ee78412af9da14b947f02922f0a6606a98c1df528a53e5eb99e2a07358,1787743728642194900,73720
C:\Workspace\TESIS\paper\Paper-Q1-4\experiment\TP2M4B2\outputs\training\THETA_RKA_1e-3\seed_123\switzerland\w05\checkpoint.weights.h5,9886489e1bc169a1c7a4e200b315cacf95cfd85c7b720b3263d3f109f2455d38,1787743777337520800,73720
C:\Workspace\TESIS\paper\Paper-Q1-4\experiment\TP2M4B2\outputs\training\THETA_RKA_1e-3\seed_123\thailand\w05\checkpoint.weights.h5,c9538c7388c020212452086595835af903c714ded189b4cf4637d74e617019ba,1787743840473905400,73720
C:\Workspace\TESIS\paper\Paper-Q1-4\experiment\TP2M4B2\outputs\training\THETA_RKA_1e-3\seed_123\timor_leste\w05\checkpoint.weights.h5,97b1f5a8ccfd4a38c764bbe14f02c817544d0048a97ce8a04871d863b52ecd2b,1787743785065515900,73720
C:\Workspace\TESIS\paper\Paper-Q1-4\experiment\TP2M4B2\outputs\training\THETA_RKA_1e-3\seed_123\united_kingdom_of_great_britain_and_northern_ireland\w05\checkpoint.weights.h5,adf8e427bdbfea5e170f2df4fd60b7c07c35dc93219ebe7c88c2d759b9f2db8c,1787743936259735000,73720
C:\Workspace\TESIS\paper\Paper-Q1-4\experiment\TP2M4B2\outputs\training\THETA_RKA_1e-3\seed_123\viet_nam\w05\checkpoint.weights.h5,250a0ba077d0bd7552d97a5b9c7409f56bba8e1bec20003ffd49801b3ff99cbf,1787743930214090300,73720
C:\Workspace\TESIS\paper\Paper-Q1-4\experiment\TP2M4B2\outputs\training\THETA_RKA_1e-3\seed_2025\australia\w05\checkpoint.weights.h5,183779a58dac538da7e946e39a052e7004f5a66479ae6a9af6c73815b35946ba,1787743915103432200,73720
C:\Workspace\TESIS\paper\Paper-Q1-4\experiment\TP2M4B2\outputs\training\THETA_RKA_1e-3\seed_2025\austria\w05\checkpoint.weights.h5,89408fcdc6382d89fa7df4b4efeda9db2c023429de542e12f82cd0eb090a84e1,1787744001013244100,73720
C:\Workspace\TESIS\paper\Paper-Q1-4\experiment\TP2M4B2\outputs\training\THETA_RKA_1e-3\seed_2025\bangladesh\w05\checkpoint.weights.h5,1ba19f96bdfef77cb3a46bda50525318b695c754c039065f3ea002cb50ce983c,1787744021467717000,73720
C:\Workspace\TESIS\paper\Paper-Q1-4\experiment\TP2M4B2\outputs\training\THETA_RKA_1e-3\seed_2025\bhutan\w05\checkpoint.weights.h5,7b54262da94fd17fee2d8ea297230edafeb1c7f39e6980596e5acf529d7b19b2,1787743986083139300,73720
C:\Workspace\TESIS\paper\Paper-Q1-4\experiment\TP2M4B2\outputs\training\THETA_RKA_1e-3\seed_2025\brunei_darussalam\w05\checkpoint.weights.h5,c04eb7fedc155b0eeaa5001bfadc7269b700bf10511ae8fba0b8afccfd8e9412,1787744076715700000,73720
C:\Workspace\TESIS\paper\Paper-Q1-4\experiment\TP2M4B2\outputs\training\THETA_RKA_1e-3\seed_2025\cambodia\w05\checkpoint.weights.h5,90fbe78dcda760e04f5f1232c663ce2f4edac00bbaa61769e384446c31d55d58,1787744071316480100,73720
C:\Workspace\TESIS\paper\Paper-Q1-4\experiment\TP2M4B2\outputs\training\THETA_RKA_1e-3\seed_2025\china\w05\checkpoint.weights.h5,c4048b925f80a00b2122bb3aeed356445ae03269240c3329db58fd55cb9494aa,1787744077721241300,73720
C:\Workspace\TESIS\paper\Paper-Q1-4\experiment\TP2M4B2\outputs\training\THETA_RKA_1e-3\seed_2025\fiji\w05\checkpoint.weights.h5,91e955c799525b2dbe8be72f3a49ba6c235e8d3c60a5e74b955e29fc3a35cb0d,1787744086505677400,73720
C:\Workspace\TESIS\paper\Paper-Q1-4\experiment\TP2M4B2\outputs\training\THETA_RKA_1e-3\seed_2025\french_polynesia\w05\checkpoint.weights.h5,782f0fde6c657b37f113442a38e80027989133e7c138282726c3c961736a109c,1787744372612200400,73720
C:\Workspace\TESIS\paper\Paper-Q1-4\experiment\TP2M4B2\outputs\training\THETA_RKA_1e-3\seed_2025\guam\w05\checkpoint.weights.h5,61ca7db80813b604bf2cffa028c26a169e35f1c8e4d80202d210907b5788a99f,1787744329908621400,73720
C:\Workspace\TESIS\paper\Paper-Q1-4\experiment\TP2M4B2\outputs\training\THETA_RKA_1e-3\seed_2025\lao_peoples_democratic_republic\w05\checkpoint.weights.h5,8cdfb40fa3fd9a9d852959533fc78bbd0498918c65e2cd9b53864aa3d10da124,1787744142711199100,73720
C:\Workspace\TESIS\paper\Paper-Q1-4\experiment\TP2M4B2\outputs\training\THETA_RKA_1e-3\seed_2025\malaysia\w05\checkpoint.weights.h5,20427add59fa833cf945c83a1e6ecc76676efa4fb7c6ada4ebb22fc2869743bb,1787744178127933400,73720
C:\Workspace\TESIS\paper\Paper-Q1-4\experiment\TP2M4B2\outputs\training\THETA_RKA_1e-3\seed_2025\maldives\w05\checkpoint.weights.h5,dd1c69f9dee8ba338027b6da5654c0a2ad546ff2af91ef611225d0be60280ce8,1787744199411235700,73720
C:\Workspace\TESIS\paper\Paper-Q1-4\experiment\TP2M4B2\outputs\training\THETA_RKA_1e-3\seed_2025\mexico\w05\checkpoint.weights.h5,908ec6d02df3159c4bb0a3d46ed0672141fd3b3a30096b5e5ac17a7ef1c2893d,1787744305381425600,73720
C:\Workspace\TESIS\paper\Paper-Q1-4\experiment\TP2M4B2\outputs\training\THETA_RKA_1e-3\seed_2025\mongolia\w05\checkpoint.weights.h5,50b6f74816e5e3c9b3cff6e4888ad6e5a74d1c2069569692cde4eba798421c51,1787744306468030700,73720
C:\Workspace\TESIS\paper\Paper-Q1-4\experiment\TP2M4B2\outputs\training\THETA_RKA_1e-3\seed_2025\myanmar\w05\checkpoint.weights.h5,c885b49c092892e546b6cbfe8851f7a2d50e81ea5f6a8a28339e45be280d22e5,1787744370885986100,73720
C:\Workspace\TESIS\paper\Paper-Q1-4\experiment\TP2M4B2\outputs\training\THETA_RKA_1e-3\seed_2025\nepal\w05\checkpoint.weights.h5,7ff050c8002be9dec86250eda553931ae2ac129d05ece36bed10104cea94aaa5,1787744517651641700,73720
C:\Workspace\TESIS\paper\Paper-Q1-4\experiment\TP2M4B2\outputs\training\THETA_RKA_1e-3\seed_2025\new_caledonia\w05\checkpoint.weights.h5,d08d71081f731aec4203a4dd31dc76e9fe2ef528603532f6d357408e49509abe,1787744386898910100,73720
C:\Workspace\TESIS\paper\Paper-Q1-4\experiment\TP2M4B2\outputs\training\THETA_RKA_1e-3\seed_2025\new_zealand\w05\checkpoint.weights.h5,ed95274300d827abff3ab1a5d8edcc804b7cf0993678c11540bb7e91703820a4,1787744428174590400,73720
C:\Workspace\TESIS\paper\Paper-Q1-4\experiment\TP2M4B2\outputs\training\THETA_RKA_1e-3\seed_2025\northern_mariana_islands\w05\checkpoint.weights.h5,c605b02ff97a8ca9d0c4d86eb7139a0f29d622045f054486ab07c16b4ca8ecb5,1787744481212439200,73720
C:\Workspace\TESIS\paper\Paper-Q1-4\experiment\TP2M4B2\outputs\training\THETA_RKA_1e-3\seed_2025\papua_new_guinea\w05\checkpoint.weights.h5,2fd2c3a274bbff1ecbf9ddeaae18ff1a8b7978c7b3d7a5cbd10953b28eb2ed3f,1787744447645367300,73720
C:\Workspace\TESIS\paper\Paper-Q1-4\experiment\TP2M4B2\outputs\training\THETA_RKA_1e-3\seed_2025\philippines\w05\checkpoint.weights.h5,59c3dbc71c143d26d98963ea98eb2cb8b2676855f204067ec5aeb5317ba7f9ff,1787744489390745300,73720
C:\Workspace\TESIS\paper\Paper-Q1-4\experiment\TP2M4B2\outputs\training\THETA_RKA_1e-3\seed_2025\singapore\w05\checkpoint.weights.h5,ec7aef3647ad58d2f7c6c325cc0379adb9ae8d9186192c00b00d667e87a2cf1b,1787744624092801800,73720
C:\Workspace\TESIS\paper\Paper-Q1-4\experiment\TP2M4B2\outputs\training\THETA_RKA_1e-3\seed_2025\sri_lanka\w05\checkpoint.weights.h5,9ef31faae2fbdd8608c54158fe7339ee39c1e8a6af2d47337444d9208899f978,1787744672926528900,73720
C:\Workspace\TESIS\paper\Paper-Q1-4\experiment\TP2M4B2\outputs\training\THETA_RKA_1e-3\seed_2025\switzerland\w05\checkpoint.weights.h5,955013dbedf44a19691991cb697d1fb9bd35dbf98f260794b7430a0db00bef51,1787744602280984200,73720
C:\Workspace\TESIS\paper\Paper-Q1-4\experiment\TP2M4B2\outputs\training\THETA_RKA_1e-3\seed_2025\thailand\w05\checkpoint.weights.h5,2a5313bbab0c302ede675353265e55f6f379f046ca2db555aa20a1baae9cd68e,1787744638658521500,73720
C:\Workspace\TESIS\paper\Paper-Q1-4\experiment\TP2M4B2\outputs\training\THETA_RKA_1e-3\seed_2025\timor_leste\w05\checkpoint.weights.h5,642b5cb7c8de8e461120b6907db2b90d5ad35bee61d83f01ab75503993325de5,1787744658352512800,73720
C:\Workspace\TESIS\paper\Paper-Q1-4\experiment\TP2M4B2\outputs\training\THETA_RKA_1e-3\seed_2025\united_kingdom_of_great_britain_and_northern_ireland\w05\checkpoint.weights.h5,07fc3d6de2a9f6e00a1754d162fa6fae6dc1a2f4301d08180787695c838005d7,1787744783511339600,73720
C:\Workspace\TESIS\paper\Paper-Q1-4\experiment\TP2M4B2\outputs\training\THETA_RKA_1e-3\seed_2025\viet_nam\w05\checkpoint.weights.h5,c04229b25b4b15286539dfb621110780c0cc520e8a4898811d64de2b8b658bd9,1787744812585968600,73720
C:\Workspace\TESIS\paper\Paper-Q1-4\experiment\TP2M4B2\outputs\training\THETA_RKA_1e-3\seed_42\australia\w05\checkpoint.weights.h5,93d7ff81fd660dd2776f2b8086d52846721faa804715688ebad7d7b0543c78e5,1787742105917540500,73720
C:\Workspace\TESIS\paper\Paper-Q1-4\experiment\TP2M4B2\outputs\training\THETA_RKA_1e-3\seed_42\austria\w05\checkpoint.weights.h5,d78c3f0e2a3fa1f111bc56ec924dff977526894fa6914a1895d62059437cd2e4,1787742015153801000,73720
C:\Workspace\TESIS\paper\Paper-Q1-4\experiment\TP2M4B2\outputs\training\THETA_RKA_1e-3\seed_42\bangladesh\w05\checkpoint.weights.h5,11709e75fbadfb815c680d68487ea0711e81a643b9f2b459cc9f8cd5c886e9d4,1787742088030380100,73720
C:\Workspace\TESIS\paper\Paper-Q1-4\experiment\TP2M4B2\outputs\training\THETA_RKA_1e-3\seed_42\bhutan\w05\checkpoint.weights.h5,ebac4cd2920d27cb0bf3f31b2e7941db84fdcd7cec3028d21ee306051cfa2cc1,1787742057725945700,73720
C:\Workspace\TESIS\paper\Paper-Q1-4\experiment\TP2M4B2\outputs\training\THETA_RKA_1e-3\seed_42\brunei_darussalam\w05\checkpoint.weights.h5,b5a34d07da1f36b0e0501db31ca9bc2f1d5b86bdad1e8fe088d290571e753045,1787742155630806700,73720
C:\Workspace\TESIS\paper\Paper-Q1-4\experiment\TP2M4B2\outputs\training\THETA_RKA_1e-3\seed_42\cambodia\w05\checkpoint.weights.h5,dc267bc67680fdc7cb6c2cd68a1a4cb3efacde8c25ca2f3f16ebdc97f883d442,1787742143966056300,73720
C:\Workspace\TESIS\paper\Paper-Q1-4\experiment\TP2M4B2\outputs\training\THETA_RKA_1e-3\seed_42\china\w05\checkpoint.weights.h5,8508cb425abd8ee4ce444df2ab31c28551aa75dbb27307b91c80114bce306e04,1787742270884814800,73720
C:\Workspace\TESIS\paper\Paper-Q1-4\experiment\TP2M4B2\outputs\training\THETA_RKA_1e-3\seed_42\fiji\w05\checkpoint.weights.h5,15e75656a89684c1556b3bdcd253345fb1eb3d75d0b9c96f5b916590b6600b1c,1787742165332732600,73720
C:\Workspace\TESIS\paper\Paper-Q1-4\experiment\TP2M4B2\outputs\training\THETA_RKA_1e-3\seed_42\french_polynesia\w05\checkpoint.weights.h5,8e1e29ff361440f257d571bf9a311028afe6cee76ba005700d5e8488671d9c0f,1787742350275266200,73720
C:\Workspace\TESIS\paper\Paper-Q1-4\experiment\TP2M4B2\outputs\training\THETA_RKA_1e-3\seed_42\guam\w05\checkpoint.weights.h5,ed512da206231124e85ec2fa421e2d2e44812fdcce9eff7669a8b9afd0db7ce9,1787742347788758100,73720
C:\Workspace\TESIS\paper\Paper-Q1-4\experiment\TP2M4B2\outputs\training\THETA_RKA_1e-3\seed_42\lao_peoples_democratic_republic\w05\checkpoint.weights.h5,6ad1595e360d190b77cc4adeaaabf5ab28b2fc10d692d2ed69bd2c8e1634160d,1787742224171041500,73720
C:\Workspace\TESIS\paper\Paper-Q1-4\experiment\TP2M4B2\outputs\training\THETA_RKA_1e-3\seed_42\malaysia\w05\checkpoint.weights.h5,26662354393956d7f4fb69b5ae864cb52985469acbe8c31a74f8bfc964e3e86c,1787742344564658300,73720
C:\Workspace\TESIS\paper\Paper-Q1-4\experiment\TP2M4B2\outputs\training\THETA_RKA_1e-3\seed_42\maldives\w05\checkpoint.weights.h5,b5215166e72f5a90795e4c38a0ef8553fd6155882c3268e3951c21f86018bb32,1787742320970863000,73720
C:\Workspace\TESIS\paper\Paper-Q1-4\experiment\TP2M4B2\outputs\training\THETA_RKA_1e-3\seed_42\mexico\w05\checkpoint.weights.h5,88ae56592b7a36c35e818fbc02d432a2267368ea5ec19b8c206d0d020a8ec54f,1787742735151677100,73720
C:\Workspace\TESIS\paper\Paper-Q1-4\experiment\TP2M4B2\outputs\training\THETA_RKA_1e-3\seed_42\mongolia\w05\checkpoint.weights.h5,eabceda27e35fe702f15a856a6647265fb26353c367e2e6fc04c804a0acc77df,1787742458891036900,73720
C:\Workspace\TESIS\paper\Paper-Q1-4\experiment\TP2M4B2\outputs\training\THETA_RKA_1e-3\seed_42\myanmar\w05\checkpoint.weights.h5,3e523da6f5637bea31d44ee189f8865eee650d6cbe3fa1eaddd484879e89c4fa,1787742447975330500,73720
C:\Workspace\TESIS\paper\Paper-Q1-4\experiment\TP2M4B2\outputs\training\THETA_RKA_1e-3\seed_42\nepal\w05\checkpoint.weights.h5,31ce5a20d3740b1ff038285baa79a1ff52f29940ff4f7d3118490d44c8fd24ee,1787742596542269100,73720
C:\Workspace\TESIS\paper\Paper-Q1-4\experiment\TP2M4B2\outputs\training\THETA_RKA_1e-3\seed_42\new_caledonia\w05\checkpoint.weights.h5,c434442814b6fb03a40f7ee3cb1c43936290bf2606a643dbba457982546f0548,1787742547281932200,73720
C:\Workspace\TESIS\paper\Paper-Q1-4\experiment\TP2M4B2\outputs\training\THETA_RKA_1e-3\seed_42\new_zealand\w05\checkpoint.weights.h5,d1b8511fdbb6c39ac233eb82e283639f185c50c12b79220ff6e3653544091ca9,1787742526782390300,73720
C:\Workspace\TESIS\paper\Paper-Q1-4\experiment\TP2M4B2\outputs\training\THETA_RKA_1e-3\seed_42\northern_mariana_islands\w05\checkpoint.weights.h5,f35069772ff35e403e081e1062158d1be8b8e3473831c3fe0e3cf68272cd1b42,1787742650154111100,73720
C:\Workspace\TESIS\paper\Paper-Q1-4\experiment\TP2M4B2\outputs\training\THETA_RKA_1e-3\seed_42\papua_new_guinea\w05\checkpoint.weights.h5,fb8553b33d0f1c4ce15abdcd8b219435f69cd3d50de403255f1fb76e119920df,1787742623026719800,73720
C:\Workspace\TESIS\paper\Paper-Q1-4\experiment\TP2M4B2\outputs\training\THETA_RKA_1e-3\seed_42\philippines\w05\checkpoint.weights.h5,301bcb1156327c7e620c249356f3fae5bafb1d646ef756541d85fc33a0a435e8,1787742668514186500,73720
C:\Workspace\TESIS\paper\Paper-Q1-4\experiment\TP2M4B2\outputs\training\THETA_RKA_1e-3\seed_42\singapore\w05\checkpoint.weights.h5,8e6b0f0181918d02ef76c6442f0782a961e46a36a4b85c6c7db61b56865b41b4,1787742734457414500,73720
C:\Workspace\TESIS\paper\Paper-Q1-4\experiment\TP2M4B2\outputs\training\THETA_RKA_1e-3\seed_42\sri_lanka\w05\checkpoint.weights.h5,4bd551c4debe67301f9ea37b4262fd153ad21b5a661b3bfc24b8326e31d1f2aa,1787742803117871600,73720
C:\Workspace\TESIS\paper\Paper-Q1-4\experiment\TP2M4B2\outputs\training\THETA_RKA_1e-3\seed_42\switzerland\w05\checkpoint.weights.h5,61329f9abf590e040b1a40f725f95e7354ae1957c2582c021275609355a1ab8b,1787742879624303300,73720
C:\Workspace\TESIS\paper\Paper-Q1-4\experiment\TP2M4B2\outputs\training\THETA_RKA_1e-3\seed_42\thailand\w05\checkpoint.weights.h5,7e087d367c00aa108cbeddaefd31176a095a6b63a89707b44237ce32d8c276e4,1787742819538909900,73720
C:\Workspace\TESIS\paper\Paper-Q1-4\experiment\TP2M4B2\outputs\training\THETA_RKA_1e-3\seed_42\timor_leste\w05\checkpoint.weights.h5,08df46c54ae285b3e19e88e35a23bd582d6ecadbd2cc3045b5763865a58e8ae4,1787742808728683000,73720
C:\Workspace\TESIS\paper\Paper-Q1-4\experiment\TP2M4B2\outputs\training\THETA_RKA_1e-3\seed_42\united_kingdom_of_great_britain_and_northern_ireland\w05\checkpoint.weights.h5,6d1319bc4e89ffc6bfc7590ae1cd35044b102e832e4d28289689de0e2cec6b34,1787743035136608300,73720
C:\Workspace\TESIS\paper\Paper-Q1-4\experiment\TP2M4B2\outputs\training\THETA_RKA_1e-3\seed_42\viet_nam\w05\checkpoint.weights.h5,0de0063bcf4cddaf746687c9e434199d1f1c9a77cc631c00986e0573447ec48a,1787743092494088000,73720
C:\Workspace\TESIS\paper\Paper-Q1-4\experiment\TP2M4B2_R1\TP2M4B2_R1_MATCHED_COHORT_FREEZE.json,0f9e9ba716ced5899a41c6ba4a3169282fa700718f5236e4ac52465d75b6e8e5,1787763431367823100,2399
C:\Workspace\TESIS\paper\Paper-Q1-4\experiment\TP2M4C\outputs\receiver_bank\seed_123\t1\w05\checkpoint.weights.h5,44ab5259300db60a41c4ff67d1e492d78a3ece9d7f1d5ce2ad9e75591c7cc62c,1787769103327311900,73720
C:\Workspace\TESIS\paper\Paper-Q1-4\experiment\TP2M4C\outputs\receiver_bank\seed_123\t1\w05\predictions.csv,85be4cea5568c16ffb7ce6da7b0b9a5ede40f85250655d578b60099f1eddf524,1787769103298417800,183001
C:\Workspace\TESIS\paper\Paper-Q1-4\experiment\TP2M4C\outputs\receiver_bank\seed_123\t100\w05\checkpoint.weights.h5,5f892b402fe8217ec92589483d428dce7495adf683555afea73e490c25b5231b,1787769169307791500,73720
C:\Workspace\TESIS\paper\Paper-Q1-4\experiment\TP2M4C\outputs\receiver_bank\seed_123\t100\w05\predictions.csv,b2f6d69cdbd3f37d0a74bf1fca8f90d1d3122b8e660aec56cd6d921142b1f084,1787769169280083500,183874
C:\Workspace\TESIS\paper\Paper-Q1-4\experiment\TP2M4C\outputs\receiver_bank\seed_123\t104\w05\checkpoint.weights.h5,438e5209aa2f2df7baebd43627ae9e7eaadf2d7782b7486aae12f5610ae3ac02,1787768425015305000,73720
C:\Workspace\TESIS\paper\Paper-Q1-4\experiment\TP2M4C\outputs\receiver_bank\seed_123\t104\w05\predictions.csv,6ac0cf12e566d36757077270dfdca5c40c2e25dafb43a406958c35841288bd3e,1787768424985613500,184888
C:\Workspace\TESIS\paper\Paper-Q1-4\experiment\TP2M4C\outputs\receiver_bank\seed_123\t106\w05\checkpoint.weights.h5,cb79841f613b6f58314a6805be1ced096c8b63a1f3fe950daf60876230557064,1787768213810920900,73720
C:\Workspace\TESIS\paper\Paper-Q1-4\experiment\TP2M4C\outputs\receiver_bank\seed_123\t106\w05\predictions.csv,137ec2c6ea2f2d2db0207e295e658eee03bfca70776217276701b7451e4e6f4d,1787768213782812300,185199
C:\Workspace\TESIS\paper\Paper-Q1-4\experiment\TP2M4C\outputs\receiver_bank\seed_123\t107\w05\checkpoint.weights.h5,33ac2ac466eeed98f61864cf307a0526c55a63483312a94756edc2a222a99db3,1787769200040928600,73720
C:\Workspace\TESIS\paper\Paper-Q1-4\experiment\TP2M4C\outputs\receiver_bank\seed_123\t107\w05\predictions.csv,29498c20c65da1a274041d7ff0affe9aeb368ce537e4021c1a4d26597846534c,1787769200011984400,183695
C:\Workspace\TESIS\paper\Paper-Q1-4\experiment\TP2M4C\outputs\receiver_bank\seed_123\t108\w05\checkpoint.weights.h5,9047764e7622fe6a741a6019d22e8193456eaa0c3cc0aaddc5537635fa727bb5,1787768112943077400,73720
C:\Workspace\TESIS\paper\Paper-Q1-4\experiment\TP2M4C\outputs\receiver_bank\seed_123\t108\w05\predictions.csv,b67e0e4019ecd14a0e50e05c0fca6e174e124640eec0287743e1d413e9f378fc,1787768112912328200,183547
C:\Workspace\TESIS\paper\Paper-Q1-4\experiment\TP2M4C\outputs\receiver_bank\seed_123\t11\w05\checkpoint.weights.h5,08525847a9f5f190d902c0a330d1f1a12d3499898f7a0c5602e976ec98e5f3de,1787768874843944100,73720
C:\Workspace\TESIS\paper\Paper-Q1-4\experiment\TP2M4C\outputs\receiver_bank\seed_123\t11\w05\predictions.csv,746307e00067e4a02f71a24d0a36b19a31bcfe9f31532ba280f2b80884dc361a,1787768874815380900,184815
C:\Workspace\TESIS\paper\Paper-Q1-4\experiment\TP2M4C\outputs\receiver_bank\seed_123\t115\w05\checkpoint.weights.h5,75829ae46967781ee61db1e8f3257b651e43a202cfc48621db223dc38dc090e3,1787768927961578300,73720
C:\Workspace\TESIS\paper\Paper-Q1-4\experiment\TP2M4C\outputs\receiver_bank\seed_123\t115\w05\predictions.csv,fcf590f836d3a58ab2e6001ab79a0629a7da2d52028bebf759d03e0e108ea8f8,1787768927930491500,182955
C:\Workspace\TESIS\paper\Paper-Q1-4\experiment\TP2M4C\outputs\receiver_bank\seed_123\t118\w05\checkpoint.weights.h5,88215abc4f54a49b9f6020026474185ae9a796d490f356817c75b81c58cf4db7,1787768339051816800,73720
C:\Workspace\TESIS\paper\Paper-Q1-4\experiment\TP2M4C\outputs\receiver_bank\seed_123\t118\w05\predictions.csv,1f0893a3aabab1746d8e2aefe79d2c8010c0dc7cef7a833224694efe0e32ae40,1787768339017314000,189849
C:\Workspace\TESIS\paper\Paper-Q1-4\experiment\TP2M4C\outputs\receiver_bank\seed_123\t125\w05\checkpoint.weights.h5,8e17ffc25d0eb079acc1f6df7aa487f7cb883e90a877c9381947812551015aaf,1787769079619545900,73720
C:\Workspace\TESIS\paper\Paper-Q1-4\experiment\TP2M4C\outputs\receiver_bank\seed_123\t125\w05\predictions.csv,125b4462b6aedf79cac893795f2422e19c5977b8549dfdbd26a11e9d177ee87e,1787769079589723800,184977
C:\Workspace\TESIS\paper\Paper-Q1-4\experiment\TP2M4C\outputs\receiver_bank\seed_123\t128\w05\checkpoint.weights.h5,d44135ef93b81b1528bd3a4f55ee7a7833deaeb57a551b3a1cd1bcb737e28cd4,1787768353581225700,73720
C:\Workspace\TESIS\paper\Paper-Q1-4\experiment\TP2M4C\outputs\receiver_bank\seed_123\t128\w05\predictions.csv,cf8974e5c9867a2a5337475c24d45ffd0a2094146851dd805fd267e68ccd1270,1787768353554332700,178657
C:\Workspace\TESIS\paper\Paper-Q1-4\experiment\TP2M4C\outputs\receiver_bank\seed_123\t129\w05\checkpoint.weights.h5,826305752f225dea5d1106ad746191a9cd8ed4a9c260bb0d75c892655e1c6474,1787768374457520400,73720
C:\Workspace\TESIS\paper\Paper-Q1-4\experiment\TP2M4C\outputs\receiver_bank\seed_123\t129\w05\predictions.csv,a270c215de601a4a4733582c73ef6cc6168cf7402fd1bf71f091d68282aae135,1787768374425687500,188237
C:\Workspace\TESIS\paper\Paper-Q1-4\experiment\TP2M4C\outputs\receiver_bank\seed_123\t133\w05\checkpoint.weights.h5,c9fd7a390842c9b6138d0819977cc84923dbbbe20f0c969c0b384160f414b95c,1787768732829413600,73720
C:\Workspace\TESIS\paper\Paper-Q1-4\experiment\TP2M4C\outputs\receiver_bank\seed_123\t133\w05\predictions.csv,0dffad80e78ef49c176f4f22bf0d822edae39565ff4ada8dd8913ad228713128,1787768732800625300,182577
C:\Workspace\TESIS\paper\Paper-Q1-4\experiment\TP2M4C\outputs\receiver_bank\seed_123\t134\w05\checkpoint.weights.h5,2bddd1aacf185c1e983bc80c2bad273a268898bf436282f5ee7d826a73403c46,1787769284082502100,73720
C:\Workspace\TESIS\paper\Paper-Q1-4\experiment\TP2M4C\outputs\receiver_bank\seed_123\t134\w05\predictions.csv,db7069799124180702d3a8df6add7dec75ed9345d1bb3d370ac1f2f8b6009556,1787769284054525200,187729
C:\Workspace\TESIS\paper\Paper-Q1-4\experiment\TP2M4C\outputs\receiver_bank\seed_123\t135\w05\checkpoint.weights.h5,e8b4090520e17db128bb148f4f44f364aa8ae9a3a49e4b253a0210c880712e1b,1787768503189280200,73720
C:\Workspace\TESIS\paper\Paper-Q1-4\experiment\TP2M4C\outputs\receiver_bank\seed_123\t135\w05\predictions.csv,52fd51f741fc7ea04c3cf24f354a0e2857c5f8a378765408479ed355aa2db68b,1787768503160905700,182330
C:\Workspace\TESIS\paper\Paper-Q1-4\experiment\TP2M4C\outputs\receiver_bank\seed_123\t144\w05\checkpoint.weights.h5,40ee11acfd0e34c8e1f68402d63d0c181a072358c60d4eb5dd452420d51deb41,1787768500519688300,73720
C:\Workspace\TESIS\paper\Paper-Q1-4\experiment\TP2M4C\outputs\receiver_bank\seed_123\t144\w05\predictions.csv,ce989c1deb5b34637a9115ec88fa926ffaabf8dcf1499239e2eedfe1b9e13180,1787768500492854800,185383
C:\Workspace\TESIS\paper\Paper-Q1-4\experiment\TP2M4C\outputs\receiver_bank\seed_123\t2\w05\checkpoint.weights.h5,c148a5d28471afffd4c3a54df865d9bbc76da476417fcb6796e0ca00adf985ba,1787769009101011800,73720
C:\Workspace\TESIS\paper\Paper-Q1-4\experiment\TP2M4C\outputs\receiver_bank\seed_123\t2\w05\predictions.csv,9694f06fb71a38a44e704b0eaea01127a6cef7b574678b44c1e7f174337e878f,1787769009071864200,183550
C:\Workspace\TESIS\paper\Paper-Q1-4\experiment\TP2M4C\outputs\receiver_bank\seed_123\t20\w05\checkpoint.weights.h5,473e25d66ada17b4edc7753dc66c901fd8d9f9d4869b172292cbbe4c32d67161,1787768593826099100,73720
C:\Workspace\TESIS\paper\Paper-Q1-4\experiment\TP2M4C\outputs\receiver_bank\seed_123\t20\w05\predictions.csv,89f4f68b8d36ebe1806259ddc828d0f2ed5c8123d5ce2a5e1e1e5b96349d2b7d,1787768593797131300,185835
C:\Workspace\TESIS\paper\Paper-Q1-4\experiment\TP2M4C\outputs\receiver_bank\seed_123\t208\w05\checkpoint.weights.h5,d2d8ccb1240e92ac8f1eee869f9fc340b73addb6d43a6aa3879c04889469ae32,1787768650261170100,73720
C:\Workspace\TESIS\paper\Paper-Q1-4\experiment\TP2M4C\outputs\receiver_bank\seed_123\t208\w05\predictions.csv,c6b5cc664785d0255d1e1c64a30a173c41184c15ae8cf8e65e1571b49757ed15,1787768650233100800,182341
C:\Workspace\TESIS\paper\Paper-Q1-4\experiment\TP2M4C\outputs\receiver_bank\seed_123\t224\w05\checkpoint.weights.h5,d44469626d843366b9b0ed1d63affc13deef8345bf999a321c291de570344f70,1787768767151382300,73720
C:\Workspace\TESIS\paper\Paper-Q1-4\experiment\TP2M4C\outputs\receiver_bank\seed_123\t224\w05\predictions.csv,c644dac3701d3bce567e1de4ac389fac21474d4ad9177717a3e8813268c6e505,1787768767122163600,189204
C:\Workspace\TESIS\paper\Paper-Q1-4\experiment\TP2M4C\outputs\receiver_bank\seed_123\t234\w05\checkpoint.weights.h5,a8154ea9b5eb5ed6f7c056093e6e71cf0970ad26109c52b1e68d375b7fb3c03f,1787768622494681000,73720
C:\Workspace\TESIS\paper\Paper-Q1-4\experiment\TP2M4C\outputs\receiver_bank\seed_123\t234\w05\predictions.csv,ea4570c34bc1f39b235f5a65787485ff650f88ce62f0bb0e1014d07c4a362f7f,1787768622466138600,186749
C:\Workspace\TESIS\paper\Paper-Q1-4\experiment\TP2M4C\outputs\receiver_bank\seed_123\t237\w05\checkpoint.weights.h5,5f78132cca63382f7710fdbc1b3dc5113a84949600eac1370a4c8fada769128f,1787769289310694000,73720
C:\Workspace\TESIS\paper\Paper-Q1-4\experiment\TP2M4C\outputs\receiver_bank\seed_123\t237\w05\predictions.csv,a7529d5ce8f8174496befb122d8dd62b57fd4f6f9e986422e8a8309171a50702,1787769289282617800,188669
C:\Workspace\TESIS\paper\Paper-Q1-4\experiment\TP2M4C\outputs\receiver_bank\seed_123\t249\w05\checkpoint.weights.h5,9ed2019ccbd6d2e477e7178df94fe403b5d648e9c20d5240f19a0870d9cdcaf0,1787768961934674000,73720
C:\Workspace\TESIS\paper\Paper-Q1-4\experiment\TP2M4C\outputs\receiver_bank\seed_123\t249\w05\predictions.csv,b5e97ff94a005e3d795787617af383de8e926a6ec8af4c1f3f6ae9b0abaa50d8,1787768961902946500,180639
C:\Workspace\TESIS\paper\Paper-Q1-4\experiment\TP2M4C\outputs\receiver_bank\seed_123\t26\w05\checkpoint.weights.h5,ed014cab52af57d96c8270d3ba80905584be2fca3fc8aa5b7ffd3c4b14e8d17a,1787769047142620500,73720
C:\Workspace\TESIS\paper\Paper-Q1-4\experiment\TP2M4C\outputs\receiver_bank\seed_123\t26\w05\predictions.csv,bb4bddefb45c038e410b8e5f4eb5279b790fc457323f7de8504441fd42ccccc9,1787769047110522800,182188
C:\Workspace\TESIS\paper\Paper-Q1-4\experiment\TP2M4C\outputs\receiver_bank\seed_123\t3\w05\checkpoint.weights.h5,aa7f22d2c955ecb1548efae7c0152756b3b78c74d570af30d3329340ede50f79,1787768587618659800,73720
C:\Workspace\TESIS\paper\Paper-Q1-4\experiment\TP2M4C\outputs\receiver_bank\seed_123\t3\w05\predictions.csv,d4668b048bb84d030c69cb48c459bf6e8c533a52999c05d0bcfbc19f6563ae3c,1787768587589325200,182209
C:\Workspace\TESIS\paper\Paper-Q1-4\experiment\TP2M4C\outputs\receiver_bank\seed_123\t30\w05\checkpoint.weights.h5,551bf0afbf777c92b05acdfe76af62bb412552e9296e7a3ecfd3e347ab183d5e,1787768665340265700,73720
C:\Workspace\TESIS\paper\Paper-Q1-4\experiment\TP2M4C\outputs\receiver_bank\seed_123\t30\w05\predictions.csv,703704e61d21d924c0583dd694407f5f155f663d77cb81fffe74fae7402b978a,1787768665309329100,181890
C:\Workspace\TESIS\paper\Paper-Q1-4\experiment\TP2M4C\outputs\receiver_bank\seed_123\t314\w05\checkpoint.weights.h5,372bc10a3570c7cac606f97d543546d5169b56538e694807c1f1a0cee134a141,1787768064760925100,73720
C:\Workspace\TESIS\paper\Paper-Q1-4\experiment\TP2M4C\outputs\receiver_bank\seed_123\t314\w05\predictions.csv,d39e023fd6db28641a213965a22d5ef966e1a0c654431f2be43780ad70c29c50,1787768064734368100,190796
C:\Workspace\TESIS\paper\Paper-Q1-4\experiment\TP2M4C\outputs\receiver_bank\seed_123\t316\w05\checkpoint.weights.h5,7c10d27e899135c7de8fdc36633bd1f3559abe36c88e47ada401c5ae03632216,1787768686813344700,73720
C:\Workspace\TESIS\paper\Paper-Q1-4\experiment\TP2M4C\outputs\receiver_bank\seed_123\t316\w05\predictions.csv,f8fbaf12ebe2ba591918ad23a5a3555c3a755a15c97b1680afa2d4cf8ac3c836,1787768686783836100,186407
C:\Workspace\TESIS\paper\Paper-Q1-4\experiment\TP2M4C\outputs\receiver_bank\seed_123\t318\w05\checkpoint.weights.h5,f98aa72760d08c55a4150cabeeb03a7cd31a7296261dbb8abbe8e5aef61d0c3b,1787768310337907400,73720
C:\Workspace\TESIS\paper\Paper-Q1-4\experiment\TP2M4C\outputs\receiver_bank\seed_123\t318\w05\predictions.csv,7493c0840ad0839a8afb484678b2fb6b7eef1c8b97c3c8f87f3a7b5f6b91b1a9,1787768310304128800,183916
C:\Workspace\TESIS\paper\Paper-Q1-4\experiment\TP2M4C\outputs\receiver_bank\seed_123\t321\w05\checkpoint.weights.h5,a528d0b479ce59817180576fad87ccee62f1305972cb3cb3d832d9205c003555,1787769180190448600,73720
C:\Workspace\TESIS\paper\Paper-Q1-4\experiment\TP2M4C\outputs\receiver_bank\seed_123\t321\w05\predictions.csv,42cef65658101e23dc1c48956c2c9eafa11355d1db917bbbbca4c66fde4a4d1b,1787769180158690200,182373
C:\Workspace\TESIS\paper\Paper-Q1-4\experiment\TP2M4C\outputs\receiver_bank\seed_123\t60\w05\checkpoint.weights.h5,a33197b956dd8f86d7926598bdc65cc56a12404b2edbc97ba7482abae8bddb1f,1787769303463219800,73720
C:\Workspace\TESIS\paper\Paper-Q1-4\experiment\TP2M4C\outputs\receiver_bank\seed_123\t60\w05\predictions.csv,b7880b2e379bdc333613eba3006da7f092c196e60d63f9d29552a3926116763e,1787769303432517600,184384
C:\Workspace\TESIS\paper\Paper-Q1-4\experiment\TP2M4C\outputs\receiver_bank\seed_123\t7\w05\checkpoint.weights.h5,c7294c0548a328f5c0bf0dcd4a9e4be7eeba2aeabb90f72493f103ddead9cbf6,1787768027058723400,73720
C:\Workspace\TESIS\paper\Paper-Q1-4\experiment\TP2M4C\outputs\receiver_bank\seed_123\t7\w05\predictions.csv,b9bcc1d8a109bcb1737949f432d2c12d366a49fc7b865dee29e40cbeb6fc74b6,1787768027030320200,181453
C:\Workspace\TESIS\paper\Paper-Q1-4\experiment\TP2M4C\outputs\receiver_bank\seed_123\t82\w05\checkpoint.weights.h5,074420dd7d2e9ce8ad803c447606273209eb99115ebe44a4fad69e21081a4e17,1787768272835230800,73720
C:\Workspace\TESIS\paper\Paper-Q1-4\experiment\TP2M4C\outputs\receiver_bank\seed_123\t82\w05\predictions.csv,de1e11812b46ae921ad1ebee9856c0426ff4219bfcc433b79a12ed8a415c4817,1787768272803671100,183163
C:\Workspace\TESIS\paper\Paper-Q1-4\experiment\TP2M4C\outputs\receiver_bank\seed_123\t84\w05\checkpoint.weights.h5,6176ffb5234e9a9d34413bbd3d1dd1bce2345974af373b732a09a88f614d2311,1787768157501663700,73720
C:\Workspace\TESIS\paper\Paper-Q1-4\experiment\TP2M4C\outputs\receiver_bank\seed_123\t84\w05\predictions.csv,49aaa4354dd50e6321e63b5b09bb33e9fab6d278dfb3c19bf6dacb8dae2c4d42,1787768157472779600,184478
C:\Workspace\TESIS\paper\Paper-Q1-4\experiment\TP2M4C\outputs\receiver_bank\seed_123\t85\w05\checkpoint.weights.h5,68d7deb0d01dc991126f1eac27060589433b5ccca1f8da9328eb5ed01399a2a2,1787768485085986500,73720
C:\Workspace\TESIS\paper\Paper-Q1-4\experiment\TP2M4C\outputs\receiver_bank\seed_123\t85\w05\predictions.csv,e1e2dc0b85f047a85139b29d6cc4f98cfd50746900d827bb22d99a718f4e1830,1787768485057230300,181913
C:\Workspace\TESIS\paper\Paper-Q1-4\experiment\TP2M4C\outputs\receiver_bank\seed_123\t86\w05\checkpoint.weights.h5,5dae06fde3ea7686cc2accc7e0ba8e1f21bdf306f3fa8327287ab33a26afeaa6,1787768523889362200,73720
C:\Workspace\TESIS\paper\Paper-Q1-4\experiment\TP2M4C\outputs\receiver_bank\seed_123\t86\w05\predictions.csv,4109d24964026fc5bccb6cd9dae99006f1783591b3fa594eea72d5c7b0261df3,1787768523858744800,183129
C:\Workspace\TESIS\paper\Paper-Q1-4\experiment\TP2M4C\outputs\receiver_bank\seed_123\t95\w05\checkpoint.weights.h5,12aa1be166f8f80f8c56c76a9d88c22ed9fa94afa81d86e85610eb96213f6cde,1787769035171126700,73720
C:\Workspace\TESIS\paper\Paper-Q1-4\experiment\TP2M4C\outputs\receiver_bank\seed_123\t95\w05\predictions.csv,e1ef952b6387693be553e958e531b3c6cf32c5e6251d8c4fc5ebfde520ffacd6,1787769035139925200,184418
C:\Workspace\TESIS\paper\Paper-Q1-4\experiment\TP2M4C\outputs\receiver_bank\seed_2025\t1\w05\checkpoint.weights.h5,4f4ece122abd5f9d41df347f508ed89ce264631d9956d302c25ed55e3a7c4410,1787770318413820400,73720
C:\Workspace\TESIS\paper\Paper-Q1-4\experiment\TP2M4C\outputs\receiver_bank\seed_2025\t1\w05\predictions.csv,9548de109ba1124ef07a39f3f4c0e39b600c740992463f4b75962b36fd6edf72,1787770318383760200,184748
C:\Workspace\TESIS\paper\Paper-Q1-4\experiment\TP2M4C\outputs\receiver_bank\seed_2025\t100\w05\checkpoint.weights.h5,122729f0d427be52a71729e81a64e2f213ea407546bad656b60a4225956e86f8,1787770296282960000,73720
C:\Workspace\TESIS\paper\Paper-Q1-4\experiment\TP2M4C\outputs\receiver_bank\seed_2025\t100\w05\predictions.csv,a652e290dbe7ba2a754a9add190e95145f964939d2c710577ff022837284c511,1787770296250695500,184780
C:\Workspace\TESIS\paper\Paper-Q1-4\experiment\TP2M4C\outputs\receiver_bank\seed_2025\t104\w05\checkpoint.weights.h5,3ba28dfaa7992696e2fae9e3cd1fee00c8fe607678516f04c16bf1c1d9da6526,1787769726217601500,73720
C:\Workspace\TESIS\paper\Paper-Q1-4\experiment\TP2M4C\outputs\receiver_bank\seed_2025\t104\w05\predictions.csv,c7bdb0a762c4a66789e4c16040df5370558849e6847b0eb4baaea5405183fb7a,1787769726187170800,188384
C:\Workspace\TESIS\paper\Paper-Q1-4\experiment\TP2M4C\outputs\receiver_bank\seed_2025\t106\w05\checkpoint.weights.h5,c6ae54a1dca6e7b3dd8bbef75bcb36b2d5d31559e037817b90e8c57736ff9969,1787769553277473500,73720
C:\Workspace\TESIS\paper\Paper-Q1-4\experiment\TP2M4C\outputs\receiver_bank\seed_2025\t106\w05\predictions.csv,85590ff580a92587f65fb67cd9d60bbc50d292b140d3b15525f431e93f8ce233,1787769553249184500,189181
C:\Workspace\TESIS\paper\Paper-Q1-4\experiment\TP2M4C\outputs\receiver_bank\seed_2025\t107\w05\checkpoint.weights.h5,f1c5633972a2b164ec6673985f6e86a8dfb9fbd691a1fe4dfe1b80f7e6175368,1787770411884517000,73720
C:\Workspace\TESIS\paper\Paper-Q1-4\experiment\TP2M4C\outputs\receiver_bank\seed_2025\t107\w05\predictions.csv,f54040ea110700ecd6b1cbc3b3220da270f8f7de3134ccf92f50a1760089226e,1787770411862035700,186136
C:\Workspace\TESIS\paper\Paper-Q1-4\experiment\TP2M4C\outputs\receiver_bank\seed_2025\t108\w05\checkpoint.weights.h5,22cd2c31dadd94753d910470eac0491a9a654756539ac41addc7e1e0f62af119,1787769420571692000,73720
C:\Workspace\TESIS\paper\Paper-Q1-4\experiment\TP2M4C\outputs\receiver_bank\seed_2025\t108\w05\predictions.csv,260ac26c5f10d9a502fe2cc7fa904b513292fe3a1adffa31007addfb4da8d13d,1787769420540039600,186486
C:\Workspace\TESIS\paper\Paper-Q1-4\experiment\TP2M4C\outputs\receiver_bank\seed_2025\t11\w05\checkpoint.weights.h5,8da8a41a3dc5291bea82830e7e0619a52becc36f64657276eb02be59fb2e9eba,1787770210646299100,73720
C:\Workspace\TESIS\paper\Paper-Q1-4\experiment\TP2M4C\outputs\receiver_bank\seed_2025\t11\w05\predictions.csv,959a4435e532038bf92ae26d43bfd4eb95a2166c8fad2c9acc61c48f5d61431b,1787770210615638200,190918
C:\Workspace\TESIS\paper\Paper-Q1-4\experiment\TP2M4C\outputs\receiver_bank\seed_2025\t115\w05\checkpoint.weights.h5,2172e4c7bf09d81850a8d222a0a47bbad1cadc0dc08390f9cdaea7e1dbd7e513,1787770022006859800,73720
C:\Workspace\TESIS\paper\Paper-Q1-4\experiment\TP2M4C\outputs\receiver_bank\seed_2025\t115\w05\predictions.csv,88d31dac9eb4becf1cc24d4cdddb8bacc9463e23a4159a5f75831a47e85bba3d,1787770021976277800,179652
C:\Workspace\TESIS\paper\Paper-Q1-4\experiment\TP2M4C\outputs\receiver_bank\seed_2025\t118\w05\checkpoint.weights.h5,756c180d4b79b7c58f632d9af2bce2d92b2a8bb276cd91caec0dff300289d5b7,1787769570331170500,73720
C:\Workspace\TESIS\paper\Paper-Q1-4\experiment\TP2M4C\outputs\receiver_bank\seed_2025\t118\w05\predictions.csv,b480ddca6f4d65504562a45ed4786194779a09ffa8d8297464ff707cd0aebc46,1787769570299898600,201864
C:\Workspace\TESIS\paper\Paper-Q1-4\experiment\TP2M4C\outputs\receiver_bank\seed_2025\t125\w05\checkpoint.weights.h5,28eb523ca7c5b46ec0c52273120fb2490138cfb1625fd61f938a23821220baee,1787770192084869500,73720
C:\Workspace\TESIS\paper\Paper-Q1-4\experiment\TP2M4C\outputs\receiver_bank\seed_2025\t125\w05\predictions.csv,9a199ee4f475a2f08b06b68ed74211e7f99d937cc7a21a1eca3814f2f89c79a3,1787770192058758800,187869
C:\Workspace\TESIS\paper\Paper-Q1-4\experiment\TP2M4C\outputs\receiver_bank\seed_2025\t128\w05\checkpoint.weights.h5,34d5b898fd5d97312089d4d172d08a971ad3cc1a26d1238dc1eb91c50baeda76,1787769709410786700,73720
C:\Workspace\TESIS\paper\Paper-Q1-4\experiment\TP2M4C\outputs\receiver_bank\seed_2025\t128\w05\predictions.csv,f2bdcf879b411807577012b3675a88ac8341233a3258eaa1d1446e98fbd3e503,1787769709379792500,185598
C:\Workspace\TESIS\paper\Paper-Q1-4\experiment\TP2M4C\outputs\receiver_bank\seed_2025\t129\w05\checkpoint.weights.h5,084ba483cac8b2529335b1fb323b69825fc09f2c552e5696141887a48c8cd655,1787769715293488500,73720
C:\Workspace\TESIS\paper\Paper-Q1-4\experiment\TP2M4C\outputs\receiver_bank\seed_2025\t129\w05\predictions.csv,49eb19aa3f2b00a983f61f2557e42078e7be7a2a7c8fc15a084bcab383529f7e,1787769715264293900,187771
C:\Workspace\TESIS\paper\Paper-Q1-4\experiment\TP2M4C\outputs\receiver_bank\seed_2025\t133\w05\checkpoint.weights.h5,89dd42e8f3e279767464995fc2bd2be3c8f52a19ef944b2f1f36c31574674469,1787770104597542600,73720
C:\Workspace\TESIS\paper\Paper-Q1-4\experiment\TP2M4C\outputs\receiver_bank\seed_2025\t133\w05\predictions.csv,b9a46b8a517516a20da677d029f0b570c94d33d5b8139ae324aea3f388ce18ff,1787770104568042400,187017
C:\Workspace\TESIS\paper\Paper-Q1-4\experiment\TP2M4C\outputs\receiver_bank\seed_2025\t134\w05\checkpoint.weights.h5,3ca36e6e17a028882cf0d9d657134fb8316c79dc345e7f8a744f01b54c2f1ae7,1787770456414603600,73720
C:\Workspace\TESIS\paper\Paper-Q1-4\experiment\TP2M4C\outputs\receiver_bank\seed_2025\t134\w05\predictions.csv,aa55ec1c2afb1400a3b9faa70782770f9bfce89755e3734ffbd6f159f1e4180f,1787770456396337800,188285
C:\Workspace\TESIS\paper\Paper-Q1-4\experiment\TP2M4C\outputs\receiver_bank\seed_2025\t135\w05\checkpoint.weights.h5,6df68c5e58d423a5e4b9c884ca6d0bb98c0f9fa1817c8a79d763ed7feb032a06,1787769916202472100,73720
C:\Workspace\TESIS\paper\Paper-Q1-4\experiment\TP2M4C\outputs\receiver_bank\seed_2025\t135\w05\predictions.csv,bb92da73a65a891fbea3b17b33f2801be25a383d0a7433f85af03ec5c4b9059f,1787769916170851000,187286
C:\Workspace\TESIS\paper\Paper-Q1-4\experiment\TP2M4C\outputs\receiver_bank\seed_2025\t144\w05\checkpoint.weights.h5,1de6b6c6f92aa8026f35616aef1a41c4a749ab6234de5008531ed03dd08f748a,1787769873433291000,73720
C:\Workspace\TESIS\paper\Paper-Q1-4\experiment\TP2M4C\outputs\receiver_bank\seed_2025\t144\w05\predictions.csv,8914f8808cdb7a3e8a7294fe97050431f5a89ba7c962c9c91d2f86a7c9d8cc44,1787769873404024000,188820
C:\Workspace\TESIS\paper\Paper-Q1-4\experiment\TP2M4C\outputs\receiver_bank\seed_2025\t2\w05\checkpoint.weights.h5,1da881430c1f6e673221a37dadbd42d28b9607827249f6f61194bcd517bd85f4,1787770261937943100,73720
C:\Workspace\TESIS\paper\Paper-Q1-4\experiment\TP2M4C\outputs\receiver_bank\seed_2025\t2\w05\predictions.csv,d9be262effeaa06c40bf53b7ab90a014e3cbded167dd05c1981bd9e4d92111a8,1787770261907891700,189266
C:\Workspace\TESIS\paper\Paper-Q1-4\experiment\TP2M4C\outputs\receiver_bank\seed_2025\t20\w05\checkpoint.weights.h5,b7daafe0bd8042f71f2357fb90680161e9ca0058427897a14484f9eefcbcee09,1787769976536493900,73720
C:\Workspace\TESIS\paper\Paper-Q1-4\experiment\TP2M4C\outputs\receiver_bank\seed_2025\t20\w05\predictions.csv,8526027dcf77d40fa149284593996a3c282de6d94526793f146865847d3ec226,1787769976505051400,186129
C:\Workspace\TESIS\paper\Paper-Q1-4\experiment\TP2M4C\outputs\receiver_bank\seed_2025\t208\w05\checkpoint.weights.h5,3c49dea56e10594568a84d27312656bb7c369e1fc126d3ff04755f5adaf93192,1787770031044613400,73720
C:\Workspace\TESIS\paper\Paper-Q1-4\experiment\TP2M4C\outputs\receiver_bank\seed_2025\t208\w05\predictions.csv,d58820d65e527ab54f3ab1ff74476b17ce0cc763b3cdcf81cc2e9665ab5115d3,1787770031013842800,188697
C:\Workspace\TESIS\paper\Paper-Q1-4\experiment\TP2M4C\outputs\receiver_bank\seed_2025\t224\w05\checkpoint.weights.h5,fa77ea11774ebc16083644ecdc6ad25538ba1c04c190b36b32f627640bb01816,1787770121950817700,73720
C:\Workspace\TESIS\paper\Paper-Q1-4\experiment\TP2M4C\outputs\receiver_bank\seed_2025\t224\w05\predictions.csv,a24058f1d74e966ba4ffa2bad06101c12823d169b319b4b299a7d1546822f701,1787770121921838500,189257
C:\Workspace\TESIS\paper\Paper-Q1-4\experiment\TP2M4C\outputs\receiver_bank\seed_2025\t234\w05\checkpoint.weights.h5,f055c68fa9eec72a42775f1de4065ed77410e015e8f5a3bedc22a4fc401d2288,1787769975961220700,73720
C:\Workspace\TESIS\paper\Paper-Q1-4\experiment\TP2M4C\outputs\receiver_bank\seed_2025\t234\w05\predictions.csv,ff270525f0dbc46fc2ff6707f4537b5b3f0bc7331b7e3620cc75fcde94d1f317,1787769975931789000,193066
C:\Workspace\TESIS\paper\Paper-Q1-4\experiment\TP2M4C\outputs\receiver_bank\seed_2025\t237\w05\checkpoint.weights.h5,372c4a79d9daaecaf992453ad0a2c1478d503df4cc8250bd6f04096366c8693e,1787770437070156200,73720
C:\Workspace\TESIS\paper\Paper-Q1-4\experiment\TP2M4C\outputs\receiver_bank\seed_2025\t237\w05\predictions.csv,c46adae2c25110ea56c0c6996e9599f628e1ca2f3cd6a3ecf969ff8ce565335d,1787770437041924800,200935
C:\Workspace\TESIS\paper\Paper-Q1-4\experiment\TP2M4C\outputs\receiver_bank\seed_2025\t249\w05\checkpoint.weights.h5,239b55720ec8b3dfa41e302221e983a9495da6bd41fca922d03077549ad3fac5,1787770180362364000,73720
C:\Workspace\TESIS\paper\Paper-Q1-4\experiment\TP2M4C\outputs\receiver_bank\seed_2025\t249\w05\predictions.csv,9c572467be186cf34df3ae43f962cbb56bebeb5863e156c7279e6212d8288eb5,1787770180332821100,182706
C:\Workspace\TESIS\paper\Paper-Q1-4\experiment\TP2M4C\outputs\receiver_bank\seed_2025\t26\w05\checkpoint.weights.h5,ab8a3a7261ab1061ca9a0675f88cf9e79dd38b5241b135bcf9ab9a97e068c808,1787770225700876600,73720
C:\Workspace\TESIS\paper\Paper-Q1-4\experiment\TP2M4C\outputs\receiver_bank\seed_2025\t26\w05\predictions.csv,e95869c4841fe0705d620ce0da7ad537071184a7e219936ffa966ad7656c752f,1787770225672114200,186620
C:\Workspace\TESIS\paper\Paper-Q1-4\experiment\TP2M4C\outputs\receiver_bank\seed_2025\t3\w05\checkpoint.weights.h5,03231f7c9e5e59c42ae49060e1cae23c171acfc2a68220249e17d79f3da3c373,1787769981193562600,73720
C:\Workspace\TESIS\paper\Paper-Q1-4\experiment\TP2M4C\outputs\receiver_bank\seed_2025\t3\w05\predictions.csv,f62f8d6f9b173690e1ec6d03afea700f56461cb98350d490ad6d10e209b08ffc,1787769981163358000,185490
C:\Workspace\TESIS\paper\Paper-Q1-4\experiment\TP2M4C\outputs\receiver_bank\seed_2025\t30\w05\checkpoint.weights.h5,f14a3a81f740cdabf68d4e2a8c454c69810b6409c72be4caf7bfe538442a1087,1787770047825002500,73720
C:\Workspace\TESIS\paper\Paper-Q1-4\experiment\TP2M4C\outputs\receiver_bank\seed_2025\t30\w05\predictions.csv,fa3b29406df0867fed6d546277c5089f49026dd57f8a0c77ad8896a926541259,1787770047790838800,187267
C:\Workspace\TESIS\paper\Paper-Q1-4\experiment\TP2M4C\outputs\receiver_bank\seed_2025\t314\w05\checkpoint.weights.h5,2aede3c2075633dc7fca6443eb6cc43c712ed3b7518a59cc03d31e7b5da76d70,1787769410170680300,73720
C:\Workspace\TESIS\paper\Paper-Q1-4\experiment\TP2M4C\outputs\receiver_bank\seed_2025\t314\w05\predictions.csv,d83f9399377190903cadcbad85503db0a9126cd2f828dd29e1a25c4fadd4889f,1787769410142449300,198888
C:\Workspace\TESIS\paper\Paper-Q1-4\experiment\TP2M4C\outputs\receiver_bank\seed_2025\t316\w05\checkpoint.weights.h5,ef6564539a4eae3675df5e5e028195375c09f4e29fac0273029b1356fd310e42,1787770045160781500,73720
C:\Workspace\TESIS\paper\Paper-Q1-4\experiment\TP2M4C\outputs\receiver_bank\seed_2025\t316\w05\predictions.csv,32db36cad6d1affccac3e92c574136e6285c87954def289fde93d766112c9813,1787770045133857200,190927
C:\Workspace\TESIS\paper\Paper-Q1-4\experiment\TP2M4C\outputs\receiver_bank\seed_2025\t318\w05\checkpoint.weights.h5,bad7329584689c69c9deb543071c7a4e194c034786407867a6182a1766216ef9,1787769608987237800,73720
C:\Workspace\TESIS\paper\Paper-Q1-4\experiment\TP2M4C\outputs\receiver_bank\seed_2025\t318\w05\predictions.csv,a54ced90837178c78cc03027b27f9572c98ff8abe857707b82ac714b019d67fc,1787769608958711100,180640
C:\Workspace\TESIS\paper\Paper-Q1-4\experiment\TP2M4C\outputs\receiver_bank\seed_2025\t321\w05\checkpoint.weights.h5,24bf5c7698b09d303134f3a152bf492ef05d22c2322f00f1f4a4e2fb1069478d,1787770438992326900,73720
C:\Workspace\TESIS\paper\Paper-Q1-4\experiment\TP2M4C\outputs\receiver_bank\seed_2025\t321\w05\predictions.csv,2862276292a0d5125c16dfac6d7641ff3178834a15cee01a1f8764d8fe9f9693,1787770438965161400,187937
C:\Workspace\TESIS\paper\Paper-Q1-4\experiment\TP2M4C\outputs\receiver_bank\seed_2025\t60\w05\checkpoint.weights.h5,a021f766eedde471c02ce591a5043efa5a23c0fb4f38788f622542ce4cd7a400,1787770350449821200,73720
C:\Workspace\TESIS\paper\Paper-Q1-4\experiment\TP2M4C\outputs\receiver_bank\seed_2025\t60\w05\predictions.csv,7b53cc62ad26a4261012e41ac66e4be384158f5c359a1846dc1a7ecb1cb776a2,1787770350420779000,187063
C:\Workspace\TESIS\paper\Paper-Q1-4\experiment\TP2M4C\outputs\receiver_bank\seed_2025\t7\w05\checkpoint.weights.h5,583d6dc20a0c724d8dda3ca86806dc46bd4f8719d4da0fa354be58396f8ada08,1787769389475594100,73720
C:\Workspace\TESIS\paper\Paper-Q1-4\experiment\TP2M4C\outputs\receiver_bank\seed_2025\t7\w05\predictions.csv,d798f0234bf23621c41b3c2a659470b78a2b9117f3fabbe331e319a1ef1763f6,1787769389446319800,183876
C:\Workspace\TESIS\paper\Paper-Q1-4\experiment\TP2M4C\outputs\receiver_bank\seed_2025\t82\w05\checkpoint.weights.h5,19bd3573154454ec8f748e0b6cee6f9d17844448f0ff857c6a26ed35019d7a76,1787769734650148300,73720
C:\Workspace\TESIS\paper\Paper-Q1-4\experiment\TP2M4C\outputs\receiver_bank\seed_2025\t82\w05\predictions.csv,70c68212ff951a56a95951d88243a52d8625b98487bdddf04df8a203bcf044ee,1787769734620409100,185048
C:\Workspace\TESIS\paper\Paper-Q1-4\experiment\TP2M4C\outputs\receiver_bank\seed_2025\t84\w05\checkpoint.weights.h5,525072fe8aa578db02e8aa2f5a6233f86a80d0a13ad02c1532a83b540719ff85,1787769611806844500,73720
C:\Workspace\TESIS\paper\Paper-Q1-4\experiment\TP2M4C\outputs\receiver_bank\seed_2025\t84\w05\predictions.csv,b0aeb96db0f5a04f5da32c9a332a30415252c6f5e52e342fa85a67bc8531c200,1787769611779885600,184989
C:\Workspace\TESIS\paper\Paper-Q1-4\experiment\TP2M4C\outputs\receiver_bank\seed_2025\t85\w05\checkpoint.weights.h5,f86eaa70daf009ccd370a1c58a300806e3a5b85e758096750a610683dc1148d9,1787769856206031700,73720
C:\Workspace\TESIS\paper\Paper-Q1-4\experiment\TP2M4C\outputs\receiver_bank\seed_2025\t85\w05\predictions.csv,0f888f344802d24e738be37f377a6c34b3b49d2d5adc2f6f466d8cfb8d102470,1787769856178453800,187886
C:\Workspace\TESIS\paper\Paper-Q1-4\experiment\TP2M4C\outputs\receiver_bank\seed_2025\t86\w05\checkpoint.weights.h5,52816dfc24e609377b66e176a6665815fdd1be5b9b5aa5cbf79fb3e8ede1ce04,1787769840852063700,73720
C:\Workspace\TESIS\paper\Paper-Q1-4\experiment\TP2M4C\outputs\receiver_bank\seed_2025\t86\w05\predictions.csv,356d7ec8a57b9c3fa012cd3c1f0989cb0819086c4a14918f935c58d18e505380,1787769840824367500,188032
C:\Workspace\TESIS\paper\Paper-Q1-4\experiment\TP2M4C\outputs\receiver_bank\seed_2025\t95\w05\checkpoint.weights.h5,4948e1f7320e6636925f34dd7fa99b5d2f061c7a509b2de20341f27c244c6693,1787770265032347800,73720
C:\Workspace\TESIS\paper\Paper-Q1-4\experiment\TP2M4C\outputs\receiver_bank\seed_2025\t95\w05\predictions.csv,17de9f8dba545b31d399d36d646c780fdcf0d62d673c07af59989f12b3afa6b4,1787770265004060500,188495
C:\Workspace\TESIS\paper\Paper-Q1-4\experiment\TP2M4C\outputs\receiver_bank\seed_42\t1\w05\checkpoint.weights.h5,f55f27781bff2ec4ed9532aaa68201b65908d5e4d811dd2cfcb79f9d74773b64,1787767815656153600,73720
C:\Workspace\TESIS\paper\Paper-Q1-4\experiment\TP2M4C\outputs\receiver_bank\seed_42\t1\w05\predictions.csv,915ddb673778d96bc2243d6346344f742761c3725d174a5bfae63db30a79fdbc,1787767815626240300,184369
C:\Workspace\TESIS\paper\Paper-Q1-4\experiment\TP2M4C\outputs\receiver_bank\seed_42\t100\w05\checkpoint.weights.h5,389ddc08cd87b870d14f3f984160e04755589e5fb4666d47b219b7fc69296ab3,1787767780724420500,73720
C:\Workspace\TESIS\paper\Paper-Q1-4\experiment\TP2M4C\outputs\receiver_bank\seed_42\t100\w05\predictions.csv,8175bf3fb96bd830eff79992f5d0c13c96602f5641b76673d0d1cbcc5b158237,1787767780699033600,186457
C:\Workspace\TESIS\paper\Paper-Q1-4\experiment\TP2M4C\outputs\receiver_bank\seed_42\t104\w05\checkpoint.weights.h5,7652fb12f8ddab32b067eb2afe38d009c922a2dc5156923f5eebdb57965a98cf,1787767178451783600,73720
C:\Workspace\TESIS\paper\Paper-Q1-4\experiment\TP2M4C\outputs\receiver_bank\seed_42\t104\w05\predictions.csv,d869b0349fa2c13d58734f50cf2f507d21a62c79f30901ddd584de0fb455f159,1787767178422702700,186124
C:\Workspace\TESIS\paper\Paper-Q1-4\experiment\TP2M4C\outputs\receiver_bank\seed_42\t106\w05\checkpoint.weights.h5,122a9f5f9474425811ac412edb3c925923ce3539b5f1cff52cef0f3bb115346a,1787766973528637300,73720
C:\Workspace\TESIS\paper\Paper-Q1-4\experiment\TP2M4C\outputs\receiver_bank\seed_42\t106\w05\predictions.csv,e8e3f6165417034b5532e51fa9ea390a6886c4eda2a5e09c4f224944626f32d7,1787766973500551500,185768
C:\Workspace\TESIS\paper\Paper-Q1-4\experiment\TP2M4C\outputs\receiver_bank\seed_42\t107\w05\checkpoint.weights.h5,f702026aa6baae7c2ea7a5b4117ab6ff913e1bb74a80573d644b6bbd04b223de,1787767814237340600,73720
C:\Workspace\TESIS\paper\Paper-Q1-4\experiment\TP2M4C\outputs\receiver_bank\seed_42\t107\w05\predictions.csv,a04e373ed617390ceb2fae6b6c6243ae47243bc0b9494c5f72dd9054b6536e6b,1787767814213343200,185735
C:\Workspace\TESIS\paper\Paper-Q1-4\experiment\TP2M4C\outputs\receiver_bank\seed_42\t108\w05\checkpoint.weights.h5,dd839193150da1ccb71d73b82c6082d2804a697968cd26c94577a887ee1c02c7,1787766768223188800,73720
C:\Workspace\TESIS\paper\Paper-Q1-4\experiment\TP2M4C\outputs\receiver_bank\seed_42\t108\w05\predictions.csv,70c9731edce7325b5b9479ae59e5e554a755a3dff9058c4efab726532667ab17,1787766768191141000,185554
C:\Workspace\TESIS\paper\Paper-Q1-4\experiment\TP2M4C\outputs\receiver_bank\seed_42\t11\w05\checkpoint.weights.h5,0f8a3f328532a8560eeb881d45eca78c78e47bf4c721db2fd3f47137e2abde0a,1787767703745546000,73720
C:\Workspace\TESIS\paper\Paper-Q1-4\experiment\TP2M4C\outputs\receiver_bank\seed_42\t11\w05\predictions.csv,a3d72a404b70edd87c565a6fb8d785e4098b67b924bd081cf667689473d6e099,1787767703703548100,184791
C:\Workspace\TESIS\paper\Paper-Q1-4\experiment\TP2M4C\outputs\receiver_bank\seed_42\t115\w05\checkpoint.weights.h5,4cb77efcfbd9fada8c98067e641f0eafad5e43e5621aedba3cb60f6a8139b4ac,1787767555618571800,73720
C:\Workspace\TESIS\paper\Paper-Q1-4\experiment\TP2M4C\outputs\receiver_bank\seed_42\t115\w05\predictions.csv,81d41e331e04c753a90763f11e0ea841e64cc6e4402f6c57a6a4d99d19cccd46,1787767555582515300,181140
C:\Workspace\TESIS\paper\Paper-Q1-4\experiment\TP2M4C\outputs\receiver_bank\seed_42\t118\w05\checkpoint.weights.h5,7539f2a2885d5db8259162304ed6e948b9cb8d9a904faacb563b1d752594e609,1787767013294543300,73720
C:\Workspace\TESIS\paper\Paper-Q1-4\experiment\TP2M4C\outputs\receiver_bank\seed_42\t118\w05\predictions.csv,40152092517d7f86ee8f049c6c19f02cc35e106d16c39c83c7fefa4afb79b32d,1787767013264410200,188230
C:\Workspace\TESIS\paper\Paper-Q1-4\experiment\TP2M4C\outputs\receiver_bank\seed_42\t125\w05\checkpoint.weights.h5,3ec7288b693826fd31bd0e5ba738c61b27b62996fb862b1f03783dabeca52ab0,1787767889847288900,73720
C:\Workspace\TESIS\paper\Paper-Q1-4\experiment\TP2M4C\outputs\receiver_bank\seed_42\t125\w05\predictions.csv,36c68fa4314293f9e8c1284f4924acb8bc0c99068e8e0559df8946fc96214817,1787767889820194500,186013
C:\Workspace\TESIS\paper\Paper-Q1-4\experiment\TP2M4C\outputs\receiver_bank\seed_42\t128\w05\checkpoint.weights.h5,7c640f3667e7d8534389428ee3f8862d8b62fd48eca7dba2984ec3254b4c8cf0,1787767179312685600,73720
C:\Workspace\TESIS\paper\Paper-Q1-4\experiment\TP2M4C\outputs\receiver_bank\seed_42\t128\w05\predictions.csv,2831b44f0d606648d4df8686b1d9f8c543ce5aca928473d782bbad565a342e7f,1787767179283345700,181479
C:\Workspace\TESIS\paper\Paper-Q1-4\experiment\TP2M4C\outputs\receiver_bank\seed_42\t129\w05\checkpoint.weights.h5,517ef8f413347746b3e9bc747f37a4348e176e7dfaf244ee1d63320689dfe69a,1787767080126350600,73720
C:\Workspace\TESIS\paper\Paper-Q1-4\experiment\TP2M4C\outputs\receiver_bank\seed_42\t129\w05\predictions.csv,4d0a075b0af19e03245d5c18266ea9d4cb68e3e7ed6e439e0b00742568063182,1787767080099859300,188162
C:\Workspace\TESIS\paper\Paper-Q1-4\experiment\TP2M4C\outputs\receiver_bank\seed_42\t133\w05\checkpoint.weights.h5,7d177f79732e80e2f8bae55ac6e972e30260635f5990d8511fc7dd4877bd8dcb,1787767533071690100,73720
C:\Workspace\TESIS\paper\Paper-Q1-4\experiment\TP2M4C\outputs\receiver_bank\seed_42\t133\w05\predictions.csv,5f7163a39e51ea8d7c427b059e227f04b7af013cadeb795156155103c9ca0b8a,1787767533036689100,186049
C:\Workspace\TESIS\paper\Paper-Q1-4\experiment\TP2M4C\outputs\receiver_bank\seed_42\t134\w05\checkpoint.weights.h5,7f701ea331a1e8dfc157669a5ca90b427f63433adff4b802bfb0164de3ff9045,1787768019268225300,73720
C:\Workspace\TESIS\paper\Paper-Q1-4\experiment\TP2M4C\outputs\receiver_bank\seed_42\t134\w05\predictions.csv,72cec00bc28d67a1881a7668f193f28f60eb3f603e85a7db0df0bc8bfab40103,1787768019238481500,189710
C:\Workspace\TESIS\paper\Paper-Q1-4\experiment\TP2M4C\outputs\receiver_bank\seed_42\t135\w05\checkpoint.weights.h5,65fa94c0b89c347409e5cf270c3db0e6438691fd68390a782cb066c6a0763034,1787767356608786500,73720
C:\Workspace\TESIS\paper\Paper-Q1-4\experiment\TP2M4C\outputs\receiver_bank\seed_42\t135\w05\predictions.csv,970ceda24c883f092be2dc9edc971f4353fa5f3684c62f93a626e100db077727,1787767356574787400,184856
C:\Workspace\TESIS\paper\Paper-Q1-4\experiment\TP2M4C\outputs\receiver_bank\seed_42\t144\w05\checkpoint.weights.h5,dcb5bd005eff49e0cc584537e0828d93c461d786f4e6d8f11a85a33a0b41607d,1787767258927142300,73720
C:\Workspace\TESIS\paper\Paper-Q1-4\experiment\TP2M4C\outputs\receiver_bank\seed_42\t144\w05\predictions.csv,1d84100f5a4df26b932ff6904c660a7417543cd83042e323c6e49c97750a945e,1787767258900361600,185793
C:\Workspace\TESIS\paper\Paper-Q1-4\experiment\TP2M4C\outputs\receiver_bank\seed_42\t2\w05\checkpoint.weights.h5,bdbeafdfb8d2b0fc9e6deccea2e2ab334f066a3db9e7dd13405711e68a446f24,1787767711111229800,73720
C:\Workspace\TESIS\paper\Paper-Q1-4\experiment\TP2M4C\outputs\receiver_bank\seed_42\t2\w05\predictions.csv,96d45fdfc0a0a12df2d9d09ed417fe7d3981725b1d8d550fc88ba26615aa73c9,1787767711082229300,187106
C:\Workspace\TESIS\paper\Paper-Q1-4\experiment\TP2M4C\outputs\receiver_bank\seed_42\t20\w05\checkpoint.weights.h5,74fba38a520137ad2a8c64c25dc6e821c5c4d074a75410ae30cab958c533e950,1787767277714787200,73720
C:\Workspace\TESIS\paper\Paper-Q1-4\experiment\TP2M4C\outputs\receiver_bank\seed_42\t20\w05\predictions.csv,98124219dd292706b3e1db8567c4b890aa746842a948a3d27d6ee0f8150237b2,1787767277689475600,187994
C:\Workspace\TESIS\paper\Paper-Q1-4\experiment\TP2M4C\outputs\receiver_bank\seed_42\t208\w05\checkpoint.weights.h5,6256d13be2fb424d3c99c7f04d48d3780b81179d76c73790a9a0a122f4f3b2a4,1787767430968995700,73720
C:\Workspace\TESIS\paper\Paper-Q1-4\experiment\TP2M4C\outputs\receiver_bank\seed_42\t208\w05\predictions.csv,0715cb4390ad96893abf1c6eff0ae26af2e3ea9a033dacf3d7234146a34fe483,1787767430932612600,189425
C:\Workspace\TESIS\paper\Paper-Q1-4\experiment\TP2M4C\outputs\receiver_bank\seed_42\t224\w05\checkpoint.weights.h5,e885ad3c9cc4d01b8c1c561d9656ad11b1b1d8871b8d42cb8ac6e48df79a3c01,1787767561553594800,73720
C:\Workspace\TESIS\paper\Paper-Q1-4\experiment\TP2M4C\outputs\receiver_bank\seed_42\t224\w05\predictions.csv,80fab28e0659a50966d2f6e5597cab91ac6da66b0c7469bec3bd443fa73225ae,1787767561526598000,195157
C:\Workspace\TESIS\paper\Paper-Q1-4\experiment\TP2M4C\outputs\receiver_bank\seed_42\t234\w05\checkpoint.weights.h5,484dee22f08809446f96833acb9e09dc2c0231c1f1dc19031e527abb9638b91f,1787767385886128700,73720
C:\Workspace\TESIS\paper\Paper-Q1-4\experiment\TP2M4C\outputs\receiver_bank\seed_42\t234\w05\predictions.csv,c76d3b7abe30f6c9c210bf2b3b0624a500e612178a77692998ed4a6e034695a9,1787767385850127700,188696
C:\Workspace\TESIS\paper\Paper-Q1-4\experiment\TP2M4C\outputs\receiver_bank\seed_42\t237\w05\checkpoint.weights.h5,6dc2b995fee61b193d45f434215dacd03744114b1c19f3620b61564a98ce1a58,1787767907442354900,73720
C:\Workspace\TESIS\paper\Paper-Q1-4\experiment\TP2M4C\outputs\receiver_bank\seed_42\t237\w05\predictions.csv,56f38e7afc5bfe1aab51f6eaeae852917e8201ecf7f36a099a800a19dedc2712,1787767907420755000,190629
C:\Workspace\TESIS\paper\Paper-Q1-4\experiment\TP2M4C\outputs\receiver_bank\seed_42\t249\w05\checkpoint.weights.h5,df579abb00f6017e7d1695675c2d66642bb8910ccfa98d53c06bc8d2465db177,1787767610946542700,73720
C:\Workspace\TESIS\paper\Paper-Q1-4\experiment\TP2M4C\outputs\receiver_bank\seed_42\t249\w05\predictions.csv,7db25577b0aff00f23ab9fb2053a73cececbed474c5a2170f32a8727e59101e0,1787767610914541300,179358
C:\Workspace\TESIS\paper\Paper-Q1-4\experiment\TP2M4C\outputs\receiver_bank\seed_42\t26\w05\checkpoint.weights.h5,368bb0df9075980c880d3324059625f1217881df1ad99427be563fb415ee217c,1787767704809112600,73720
C:\Workspace\TESIS\paper\Paper-Q1-4\experiment\TP2M4C\outputs\receiver_bank\seed_42\t26\w05\predictions.csv,63dd38fe9775daf916bc5f5e6dfab4ad493eb02752a0a1f1dda3cc9cb0cb2dd7,1787767704772870800,182461
C:\Workspace\TESIS\paper\Paper-Q1-4\experiment\TP2M4C\outputs\receiver_bank\seed_42\t3\w05\checkpoint.weights.h5,3dd3afbc7f2ccad5236cb842d063870e2cd092206927a8087a490f3e456cfc24,1787767366540942700,73720
C:\Workspace\TESIS\paper\Paper-Q1-4\experiment\TP2M4C\outputs\receiver_bank\seed_42\t3\w05\predictions.csv,6854864296b1a9ba7e56e2edaa5d4dca289da0d2ac18ea12447985fc19f59de3,1787767366502141400,185164
C:\Workspace\TESIS\paper\Paper-Q1-4\experiment\TP2M4C\outputs\receiver_bank\seed_42\t30\w05\checkpoint.weights.h5,d323bcf1bd337b2ce0e58730b819142e7a8b39648e81e75b6104eb2d2aeb2b2b,1787767446500894300,73720
C:\Workspace\TESIS\paper\Paper-Q1-4\experiment\TP2M4C\outputs\receiver_bank\seed_42\t30\w05\predictions.csv,1d51e13399334e9abf26ad87266d0b6f091df9bd12d3e7b57fc694c31483cdfa,1787767446465109800,186431
C:\Workspace\TESIS\paper\Paper-Q1-4\experiment\TP2M4C\outputs\receiver_bank\seed_42\t314\w05\checkpoint.weights.h5,d564e309c54fb172caefff26092aabbad8d780da62c21c693e15bd3ee4e22f46,1787766795510559300,73720
C:\Workspace\TESIS\paper\Paper-Q1-4\experiment\TP2M4C\outputs\receiver_bank\seed_42\t314\w05\predictions.csv,3903fa78d0fa3263baf517c6306f86e8b1d9509589d734a953543922fdd099f9,1787766795479138000,189931
C:\Workspace\TESIS\paper\Paper-Q1-4\experiment\TP2M4C\outputs\receiver_bank\seed_42\t316\w05\checkpoint.weights.h5,894c2153b9b785fa056927debf2229b77cbf4a6d5e0f0ed2a1e7374aa4e2df4f,1787767466866363700,73720
C:\Workspace\TESIS\paper\Paper-Q1-4\experiment\TP2M4C\outputs\receiver_bank\seed_42\t316\w05\predictions.csv,997430447ef93a606ba551939e68245a140756bd7b8e6b151dd6c94580510d24,1787767466830365400,187467
C:\Workspace\TESIS\paper\Paper-Q1-4\experiment\TP2M4C\outputs\receiver_bank\seed_42\t318\w05\checkpoint.weights.h5,3aa9cdb0364b6388f739e6afb5b682aa185682ab89a7eb41354d4ae625b437f8,1787766965494716100,73720
C:\Workspace\TESIS\paper\Paper-Q1-4\experiment\TP2M4C\outputs\receiver_bank\seed_42\t318\w05\predictions.csv,f0c3528d59d717ce5c249822e29a885c8e6ecdd607f5dd35a2248abcbfa3b55e,1787766965464728300,183420
C:\Workspace\TESIS\paper\Paper-Q1-4\experiment\TP2M4C\outputs\receiver_bank\seed_42\t321\w05\checkpoint.weights.h5,3b64cd6884dd499b7db560a6bef8dcb036a102aae4b774f11c08fbe48165090e,1787767931354762900,73720
C:\Workspace\TESIS\paper\Paper-Q1-4\experiment\TP2M4C\outputs\receiver_bank\seed_42\t321\w05\predictions.csv,c7c483daca003c85d1e0ce86d8729173fdd9618a602f19fce5d42ff7c6f663d7,1787767931324352600,181111
C:\Workspace\TESIS\paper\Paper-Q1-4\experiment\TP2M4C\outputs\receiver_bank\seed_42\t60\w05\checkpoint.weights.h5,8149df44fe194e1c673eacd9277a77e37cb4cd6e02b8d669fc886b2ded35467f,1787768008214739600,73720
C:\Workspace\TESIS\paper\Paper-Q1-4\experiment\TP2M4C\outputs\receiver_bank\seed_42\t60\w05\predictions.csv,a17c3541f32e2a5c7e12176e8a21435b872e28b4a63c01d955638ec842e22554,1787768008184009200,184198
C:\Workspace\TESIS\paper\Paper-Q1-4\experiment\TP2M4C\outputs\receiver_bank\seed_42\t7\w05\checkpoint.weights.h5,fac2d12f20fa8004691ae8658c671b8fa210e9861c2ac00e3966b9949fabd5e8,1787766799940803100,73720
C:\Workspace\TESIS\paper\Paper-Q1-4\experiment\TP2M4C\outputs\receiver_bank\seed_42\t7\w05\predictions.csv,d7927691c21fc60f68258185b9c5375da92e9d08c2de358f07a5069f5b6a4b5e,1787766799912230000,183462
C:\Workspace\TESIS\paper\Paper-Q1-4\experiment\TP2M4C\outputs\receiver_bank\seed_42\t82\w05\checkpoint.weights.h5,90fd67d8ab90b7ab9774cb93a183baf24888a8c79e0f97ca74ecd53bfee00850,1787767060540071300,73720
C:\Workspace\TESIS\paper\Paper-Q1-4\experiment\TP2M4C\outputs\receiver_bank\seed_42\t82\w05\predictions.csv,2c5f1724871e7c7da9e39ff746bc2a0265c047040f0bba90913a4a7b297386bb,1787767060510325900,185515
C:\Workspace\TESIS\paper\Paper-Q1-4\experiment\TP2M4C\outputs\receiver_bank\seed_42\t84\w05\checkpoint.weights.h5,76b21974006da3d94d2da7be3469f984080b2f03f82bb400f39ab2544365b861,1787766900745450400,73720
C:\Workspace\TESIS\paper\Paper-Q1-4\experiment\TP2M4C\outputs\receiver_bank\seed_42\t84\w05\predictions.csv,f313bb5a1b5e79e5d3855d344cc162f05486db36ec8d950003d4f360bdac7e2d,1787766900714235800,184236
C:\Workspace\TESIS\paper\Paper-Q1-4\experiment\TP2M4C\outputs\receiver_bank\seed_42\t85\w05\checkpoint.weights.h5,1179c64d809684c35c07a6cdc005788ae6822752181d2a7a87e6231782e48243,1787767154351508800,73720
C:\Workspace\TESIS\paper\Paper-Q1-4\experiment\TP2M4C\outputs\receiver_bank\seed_42\t85\w05\predictions.csv,24bcd1e4bea1d46dfe151ff3b30226fd4c021e2702838fb7d86d3f8b570c7d09,1787767154321518800,186311
C:\Workspace\TESIS\paper\Paper-Q1-4\experiment\TP2M4C\outputs\receiver_bank\seed_42\t86\w05\checkpoint.weights.h5,2dceb53dfc445ee2e746bb462f62e82bb62610159027e93cb3ea8ff4ce5815b8,1787767298637478500,73720
C:\Workspace\TESIS\paper\Paper-Q1-4\experiment\TP2M4C\outputs\receiver_bank\seed_42\t86\w05\predictions.csv,4ddef4760fd06638db5c15be4d8e43891d0f85ae31db63576032e1796af6cc8a,1787767298606475200,187772
C:\Workspace\TESIS\paper\Paper-Q1-4\experiment\TP2M4C\outputs\receiver_bank\seed_42\t95\w05\checkpoint.weights.h5,1420a19026cafa405c48100b9fbb061249cbf2e71581983f6a45861d5debef0c,1787767769774524000,73720
C:\Workspace\TESIS\paper\Paper-Q1-4\experiment\TP2M4C\outputs\receiver_bank\seed_42\t95\w05\predictions.csv,b42c9aa978d49d781fa8c0abad48871d265956297163aefeddb02ca53579f64d,1787767769748511400,185606
C:\Workspace\TESIS\paper\Paper-Q1-4\experiment\TP2M4C\TP2M4C_LATENT_PAIRWISE.csv,3bb884915c33f648746302f1fc01523fb21ec4b01c50a39233f72b70b6e06e4d,1787770933232015600,45530
C:\Workspace\TESIS\paper\Paper-Q1-4\experiment\TP2M4C\TP2M4C_RECEIVER_BANK_MANIFEST.csv,477bf0a24b6ed4898ef61d4400d7e75b644275d0872548558fd0ed40e37a1b72,1787770717690758000,50122
C:\Workspace\TESIS\paper\Paper-Q1-4\experiment\TP2M4D\outputs\receiver_bank\seed_123\kaohsiung_city\w05\checkpoint.weights.h5,b57a848d4e149c8c279d9fcf05c913e99e1c3e41a35aaffffc877bdbad3169ac,1787776939131225100,73720
C:\Workspace\TESIS\paper\Paper-Q1-4\experiment\TP2M4D\outputs\receiver_bank\seed_123\kaohsiung_city\w05\predictions.csv,a43c06b1673171b0ef6054c7fb8e29d9f8fff676f9673d7900f98b03df10d0ef,1787776939099987600,178642
C:\Workspace\TESIS\paper\Paper-Q1-4\experiment\TP2M4D\outputs\receiver_bank\seed_123\new_taipei_city\w05\checkpoint.weights.h5,a3e52d32a31ee40e0618a905f01cb274bb20595b223da9ea7155389664dd2b0e,1787776958712376600,73720
C:\Workspace\TESIS\paper\Paper-Q1-4\experiment\TP2M4D\outputs\receiver_bank\seed_123\new_taipei_city\w05\predictions.csv,9b24b09036703cd072ddf7852a719b328fcd7d27db49e9cd6ed256062126f181,1787776958681800900,176731
C:\Workspace\TESIS\paper\Paper-Q1-4\experiment\TP2M4D\outputs\receiver_bank\seed_123\pingtung_county\w05\checkpoint.weights.h5,17739ed4ed3956f1e57cbf2a929570c90d5e8751d19af011a46e3bf9153eb0c6,1787776985549223100,73720
C:\Workspace\TESIS\paper\Paper-Q1-4\experiment\TP2M4D\outputs\receiver_bank\seed_123\pingtung_county\w05\predictions.csv,a7c02aa701c24c0d860c951c6f67057d733fd7f962875e072fe309f039eec35f,1787776985521863300,175909
C:\Workspace\TESIS\paper\Paper-Q1-4\experiment\TP2M4D\outputs\receiver_bank\seed_123\taichung_city\w05\checkpoint.weights.h5,583160fd09ce00ea376d2d72c43e6d540b0af6d7a7c55d5905eec1f1f4244253,1787777027462086800,73720
C:\Workspace\TESIS\paper\Paper-Q1-4\experiment\TP2M4D\outputs\receiver_bank\seed_123\taichung_city\w05\predictions.csv,c3093d3bfd90b90866bc43ac04433fe5875fddbb2cdef10762045d02cdc02598,1787777027432244400,176566
C:\Workspace\TESIS\paper\Paper-Q1-4\experiment\TP2M4D\outputs\receiver_bank\seed_123\tainan_city\w05\checkpoint.weights.h5,d196276660839d0065bd7ea51d91bb05e16c2b1bcaca5fa31a75793f61db6840,1787776994598540300,73720
C:\Workspace\TESIS\paper\Paper-Q1-4\experiment\TP2M4D\outputs\receiver_bank\seed_123\tainan_city\w05\predictions.csv,fe70b01bae571e150585335c49bdbdbc848a04341389c5092f87531b4ac11355,1787776994567963600,178900
C:\Workspace\TESIS\paper\Paper-Q1-4\experiment\TP2M4D\outputs\receiver_bank\seed_123\taipei_city\w05\checkpoint.weights.h5,17ab0b2caf78647cc75392e92fc6e1cc423bb7309ce3539e67d1c3db79a28df0,1787777018867314700,73720
C:\Workspace\TESIS\paper\Paper-Q1-4\experiment\TP2M4D\outputs\receiver_bank\seed_123\taipei_city\w05\predictions.csv,fdcc8cce536f0d3651fe2ee8b20d904b1bc7f92f006018c783b391caafd37550,1787777018837003000,178104
C:\Workspace\TESIS\paper\Paper-Q1-4\experiment\TP2M4D\outputs\receiver_bank\seed_123\yunlin_county\w05\checkpoint.weights.h5,5ad0b3d1cb47380ee43b82411f166bbfdd75532b9288b19f682cc277ec9dca9f,1787777061687099300,73720
C:\Workspace\TESIS\paper\Paper-Q1-4\experiment\TP2M4D\outputs\receiver_bank\seed_123\yunlin_county\w05\predictions.csv,6f38286fd037e59eed53bf7914186e07ceaccdbae2b3d1470ba152fffcbfc706,1787777061659833900,172253
C:\Workspace\TESIS\paper\Paper-Q1-4\experiment\TP2M4D\outputs\receiver_bank\seed_2025\kaohsiung_city\w05\checkpoint.weights.h5,fb23e6feb868d596d7fa2e3be412efd86b71f556d8d172f8ab9025ba46cd1a35,1787777088459199700,73720
C:\Workspace\TESIS\paper\Paper-Q1-4\experiment\TP2M4D\outputs\receiver_bank\seed_2025\kaohsiung_city\w05\predictions.csv,f1ed49b7956abe7fe3ce0972ae1c523474147d377b241efe88a91fa1c516cad5,1787777088426882400,183896
C:\Workspace\TESIS\paper\Paper-Q1-4\experiment\TP2M4D\outputs\receiver_bank\seed_2025\new_taipei_city\w05\checkpoint.weights.h5,78f4f86a0d978d9cd9e6cdd088f1ce8503f33b65fcfb9b88804b4b7d45896b22,1787777104640101400,73720
C:\Workspace\TESIS\paper\Paper-Q1-4\experiment\TP2M4D\outputs\receiver_bank\seed_2025\new_taipei_city\w05\predictions.csv,6bad166f2400380b48364b98fc9bf98cbccdc8b333ee4a63ab4d209d68eecaee,1787777104608079300,182544
C:\Workspace\TESIS\paper\Paper-Q1-4\experiment\TP2M4D\outputs\receiver_bank\seed_2025\pingtung_county\w05\checkpoint.weights.h5,c350bbe23ca9a09b6f728d99c093afe2a6f4059cd5a5e3e032c1b9f7f0e77ef9,1787777087547993500,73720
C:\Workspace\TESIS\paper\Paper-Q1-4\experiment\TP2M4D\outputs\receiver_bank\seed_2025\pingtung_county\w05\predictions.csv,f14e5565637f1cb95d28ce4c7f7432a17a0461dd410452bf95638596de562c10,1787777087516989900,185416
C:\Workspace\TESIS\paper\Paper-Q1-4\experiment\TP2M4D\outputs\receiver_bank\seed_2025\taichung_city\w05\checkpoint.weights.h5,7419939894ff4d73440ae99ec9e9f24cca411bc29f7fa3cfd99980ce07d33cbf,1787777167460434200,73720
C:\Workspace\TESIS\paper\Paper-Q1-4\experiment\TP2M4D\outputs\receiver_bank\seed_2025\taichung_city\w05\predictions.csv,beee27782df8305d68426c5e228030e41010a22e2390ba258dc8d5ce468f853b,1787777167433841200,181872
C:\Workspace\TESIS\paper\Paper-Q1-4\experiment\TP2M4D\outputs\receiver_bank\seed_2025\tainan_city\w05\checkpoint.weights.h5,a3af50bc7508ccc19e7b94292b945c8d0a7fb9eed3d557131891b5b7ce7c4f9d,1787777143928279500,73720
C:\Workspace\TESIS\paper\Paper-Q1-4\experiment\TP2M4D\outputs\receiver_bank\seed_2025\tainan_city\w05\predictions.csv,9f01ad902b6f60816f4f00ca37f6e5c7d2d0bdd03e63a65cf45bca60ad4c9fa3,1787777143899896800,183917
C:\Workspace\TESIS\paper\Paper-Q1-4\experiment\TP2M4D\outputs\receiver_bank\seed_2025\taipei_city\w05\checkpoint.weights.h5,bd0604d833aed72c5a04cb8314961c28a4e49566fb0bdb7ab193a302ed687c02,1787777144448893900,73720
C:\Workspace\TESIS\paper\Paper-Q1-4\experiment\TP2M4D\outputs\receiver_bank\seed_2025\taipei_city\w05\predictions.csv,ddcee26097934409dd2dba761b8c5aef8e078106ac17525e492ed79705fe0e18,1787777144411056700,184396
C:\Workspace\TESIS\paper\Paper-Q1-4\experiment\TP2M4D\outputs\receiver_bank\seed_2025\yunlin_county\w05\checkpoint.weights.h5,429e09764ca338898bd9e5a1c360711d2d7f6cc037692655b54e86fad3d13ac4,1787777173068871100,73720
C:\Workspace\TESIS\paper\Paper-Q1-4\experiment\TP2M4D\outputs\receiver_bank\seed_2025\yunlin_county\w05\predictions.csv,67240b27444c3716e61e23de06f082e516f7cbc4b5f8a45331508df06ef18323,1787777173043066600,181010
C:\Workspace\TESIS\paper\Paper-Q1-4\experiment\TP2M4D\outputs\receiver_bank\seed_42\kaohsiung_city\w05\checkpoint.weights.h5,5bfe5bdbf33001915f19b8b54dd055f9bdb48391ab1ff8f046a4c57a803a985f,1787776822395596200,73720
C:\Workspace\TESIS\paper\Paper-Q1-4\experiment\TP2M4D\outputs\receiver_bank\seed_42\kaohsiung_city\w05\predictions.csv,5bf0f9fc443742299c0a53de74d0044c6e5bb5faef04bed3ec0f717f77ddbe8e,1787776822366067800,179370
C:\Workspace\TESIS\paper\Paper-Q1-4\experiment\TP2M4D\outputs\receiver_bank\seed_42\new_taipei_city\w05\checkpoint.weights.h5,e020e127b88dda6bd0b8d0f0602a763b0261fef428e2b17ed7f1a34dca13d859,1787776881519387800,73720
C:\Workspace\TESIS\paper\Paper-Q1-4\experiment\TP2M4D\outputs\receiver_bank\seed_42\new_taipei_city\w05\predictions.csv,45f5e8be0b73a76ce72f00afdcaeaddc99a0f1f1131de0da88f969060f008e1f,1787776881493855600,177389
C:\Workspace\TESIS\paper\Paper-Q1-4\experiment\TP2M4D\outputs\receiver_bank\seed_42\pingtung_county\w05\checkpoint.weights.h5,dcd8986d84658ecacde9e73eeeaaf47b15528175d0e0141b2c0301960e8373f5,1787776822846637100,73720
C:\Workspace\TESIS\paper\Paper-Q1-4\experiment\TP2M4D\outputs\receiver_bank\seed_42\pingtung_county\w05\predictions.csv,3d966d7534755e73ecb65314761f76d9d43284f460bf2d07c658cb1126d8846b,1787776822812993300,185689
C:\Workspace\TESIS\paper\Paper-Q1-4\experiment\TP2M4D\outputs\receiver_bank\seed_42\taichung_city\w05\checkpoint.weights.h5,f662a518927d53c4b3f44ff48ba6c7ec1ea4bc50ce7e3aea8bddcead26c0d28a,1787776856470053500,73720
C:\Workspace\TESIS\paper\Paper-Q1-4\experiment\TP2M4D\outputs\receiver_bank\seed_42\taichung_city\w05\predictions.csv,da02c2e67c93b6a6ebf6c4fe8e99f7a076f6fbe0ec7793d52546bccce26b61a9,1787776856438095000,179628
C:\Workspace\TESIS\paper\Paper-Q1-4\experiment\TP2M4D\outputs\receiver_bank\seed_42\tainan_city\w05\checkpoint.weights.h5,1ec14f83e5223361bca6fcb1a9294e8d0916e2e7b1db0f86a20bf05f50eb05a6,1787776879025645000,73720
C:\Workspace\TESIS\paper\Paper-Q1-4\experiment\TP2M4D\outputs\receiver_bank\seed_42\tainan_city\w05\predictions.csv,c4afbb91f6db4a8677ed98dcba0135c7aa4b860cc5fcb3870831c459e8737e93,1787776878996495400,181910
C:\Workspace\TESIS\paper\Paper-Q1-4\experiment\TP2M4D\outputs\receiver_bank\seed_42\taipei_city\w05\checkpoint.weights.h5,2a84630251abcb25aa7baa5360b5a5774da96ba7e30f9a6042518b4918899342,1787776938758400000,73720
C:\Workspace\TESIS\paper\Paper-Q1-4\experiment\TP2M4D\outputs\receiver_bank\seed_42\taipei_city\w05\predictions.csv,22021c0c0ea8edd717ff677f578a466e07b24ac8cf678cf1ce9273fa16476b0e,1787776938729790600,178861
C:\Workspace\TESIS\paper\Paper-Q1-4\experiment\TP2M4D\outputs\receiver_bank\seed_42\yunlin_county\w05\checkpoint.weights.h5,5b0bc8463c535d6ee0ee46e32a9ba072b8f8a4aa790ba4bd10a1bcbc033cf3ee,1787776925522369300,73720
C:\Workspace\TESIS\paper\Paper-Q1-4\experiment\TP2M4D\outputs\receiver_bank\seed_42\yunlin_county\w05\predictions.csv,69320120d39d8a6328708ec68d0460edca08efbf87d3cf34788119cf55200d9e,1787776925492479800,183902
C:\Workspace\TESIS\paper\Paper-Q1-4\experiment\TP2M4D\TP2M4D_LATENT_PAIRWISE.csv,dce8211ce8704739b933d6b0227ce6c9a30e3c0e4cd080677e6a395f584d9093,1787777422709556700,9765
C:\Workspace\TESIS\paper\Paper-Q1-4\experiment\TP2M4D\TP2M4D_RECEIVER_BANK_MANIFEST.csv,b11e19525587e521084a1b22f28b4b65830431b53af256c66be41f4ccd7aecb9,1787777378006822500,9904
C:\Workspace\TESIS\paper\Paper-Q1-4\experiment\TP2M5A\TP2M5A_MULTIARCH_PROTOCOL_FREEZE.json,02f237708fc67b29f6f4e2ba98f2ef5af248d48b979e000a2091a742ef3fa0df,1787814460581660100,7286
C:\Workspace\TESIS\paper\Paper-Q1-4\experiment\TP2M5B\outputs\gru_receiver_bank\seed_123\dengue\kaohsiung_city\w05\checkpoint.weights.h5,2660e7ae1e3591c92a81d0fcd96999b2d95cd1fdc7568014841dd919ddb1ef86,1787821545736097900,63960
C:\Workspace\TESIS\paper\Paper-Q1-4\experiment\TP2M5B\outputs\gru_receiver_bank\seed_123\dengue\kaohsiung_city\w05\predictions.csv,b3f145d42a48fca805ba2538c25bc5db63f8086a5b16a79321d0134dc1164429,1787821545703601200,179106
C:\Workspace\TESIS\paper\Paper-Q1-4\experiment\TP2M5B\outputs\gru_receiver_bank\seed_123\dengue\new_taipei_city\w05\checkpoint.weights.h5,1638fd1a9b29c5652205ca10c784a31fa92f1c92be8e3666a5a817496478d92e,1787821637004862900,63960
C:\Workspace\TESIS\paper\Paper-Q1-4\experiment\TP2M5B\outputs\gru_receiver_bank\seed_123\dengue\new_taipei_city\w05\predictions.csv,8f2fdb1c8a8e0ebc804708d06bae06f99d0b552e1cda637f664b7a79a0631ff2,1787821636968990600,177575
C:\Workspace\TESIS\paper\Paper-Q1-4\experiment\TP2M5B\outputs\gru_receiver_bank\seed_123\dengue\pingtung_county\w05\checkpoint.weights.h5,ad0c74069cb837b349cbc90a70e1082ebcd98fde27d676adef56986da6fc530c,1787821658551625900,63960
C:\Workspace\TESIS\paper\Paper-Q1-4\experiment\TP2M5B\outputs\gru_receiver_bank\seed_123\dengue\pingtung_county\w05\predictions.csv,e653d480e790107d9c5a90612c34ecde1077eae6c39337d5151684db4158f887,1787821658515997500,177031
C:\Workspace\TESIS\paper\Paper-Q1-4\experiment\TP2M5B\outputs\gru_receiver_bank\seed_123\dengue\taichung_city\w05\checkpoint.weights.h5,da3aa80ab5901f087f18c74109318fbaa2bf5feb640f507362477ddfc4ff1cf1,1787821697294165200,63960
C:\Workspace\TESIS\paper\Paper-Q1-4\experiment\TP2M5B\outputs\gru_receiver_bank\seed_123\dengue\taichung_city\w05\predictions.csv,e0d7029bdc04eeed0b3110d1d6581b7a90587b498198ca6720beda2c40ff5688,1787821697259594400,177939
C:\Workspace\TESIS\paper\Paper-Q1-4\experiment\TP2M5B\outputs\gru_receiver_bank\seed_123\dengue\tainan_city\w05\checkpoint.weights.h5,930f66a6f781f0f463d6b3307572baa8f43107b842f097a08efe42e241e583b0,1787821708650396900,63960
C:\Workspace\TESIS\paper\Paper-Q1-4\experiment\TP2M5B\outputs\gru_receiver_bank\seed_123\dengue\tainan_city\w05\predictions.csv,fc8fff8b848e7859a893f0b12bda7a0cf9a4c0868c4c76ed768510717bd0fa4d,1787821708611597600,177430
C:\Workspace\TESIS\paper\Paper-Q1-4\experiment\TP2M5B\outputs\gru_receiver_bank\seed_123\dengue\taipei_city\w05\checkpoint.weights.h5,cd41a178284aac24201bcd778db9f3f1440f3e34beb34d463b490572069a9b8d,1787821727909144400,63960
C:\Workspace\TESIS\paper\Paper-Q1-4\experiment\TP2M5B\outputs\gru_receiver_bank\seed_123\dengue\taipei_city\w05\predictions.csv,04573066d7e4897bf0a45449b50d65cbc257b82af2ac833aaf372c7a54d7f50a,1787821727866185600,178647
C:\Workspace\TESIS\paper\Paper-Q1-4\experiment\TP2M5B\outputs\gru_receiver_bank\seed_123\dengue\yunlin_county\w05\checkpoint.weights.h5,85994dc99bf2512181e12df658548c7f5d7350ffd906f8e58285c63c9c5514af,1787821771835048300,63960
C:\Workspace\TESIS\paper\Paper-Q1-4\experiment\TP2M5B\outputs\gru_receiver_bank\seed_123\dengue\yunlin_county\w05\predictions.csv,cfd33df71f98e152a374c2214a1907c826091a055371bfdfcd69395db61c32e4,1787821771790366300,174479
C:\Workspace\TESIS\paper\Paper-Q1-4\experiment\TP2M5B\outputs\gru_receiver_bank\seed_123\electricity\t1\w05\checkpoint.weights.h5,9d0b537ddb639bd7579e2f4b7522d45cb96c043012629564fccca171a24818d2,1787821269120849000,63960
C:\Workspace\TESIS\paper\Paper-Q1-4\experiment\TP2M5B\outputs\gru_receiver_bank\seed_123\electricity\t1\w05\predictions.csv,bec7e8d69b573d68c9e57c8082386f453931ed6a2f5f392b9f0422b321c57768,1787821269091362400,183276
C:\Workspace\TESIS\paper\Paper-Q1-4\experiment\TP2M5B\outputs\gru_receiver_bank\seed_123\electricity\t100\w05\checkpoint.weights.h5,9f403602cb0f717cebcbef58164b8c09b1cb2ab41a052ff0c206f71d09c82c9a,1787821325553365300,63960
C:\Workspace\TESIS\paper\Paper-Q1-4\experiment\TP2M5B\outputs\gru_receiver_bank\seed_123\electricity\t100\w05\predictions.csv,fee7f7fced5abddd64dc2d7fca26a44b3062112a4eda4045a3753cfa014ba5ea,1787821325521121100,184662
C:\Workspace\TESIS\paper\Paper-Q1-4\experiment\TP2M5B\outputs\gru_receiver_bank\seed_123\electricity\t104\w05\checkpoint.weights.h5,a25577f9834cc09b5ba5d9b38695505dbe7bf6ddacaf2585fe6b6341f0d004e2,1787820510833613000,63960
C:\Workspace\TESIS\paper\Paper-Q1-4\experiment\TP2M5B\outputs\gru_receiver_bank\seed_123\electricity\t104\w05\predictions.csv,3572b599285130fd92305a9b5df0a8a7f5d504c1af1aaa63f688fa313e0b635f,1787820510799316400,187183
C:\Workspace\TESIS\paper\Paper-Q1-4\experiment\TP2M5B\outputs\gru_receiver_bank\seed_123\electricity\t106\w05\checkpoint.weights.h5,83e6c41b8e379b952f3103da7dd071964dc742c428a2fe0b82c274b1e9f04b5a,1787820331900697500,63960
C:\Workspace\TESIS\paper\Paper-Q1-4\experiment\TP2M5B\outputs\gru_receiver_bank\seed_123\electricity\t106\w05\predictions.csv,ceff612fee1f6b427ce22fb81bd7c3972c226099101b37ac23bcaed712687b7d,1787820331862625300,185954
C:\Workspace\TESIS\paper\Paper-Q1-4\experiment\TP2M5B\outputs\gru_receiver_bank\seed_123\electricity\t107\w05\checkpoint.weights.h5,03f0077f2a0ef4e58d2f102c84ffde709420a2df2886d20026edf96983f55e18,1787821675566383200,63960
C:\Workspace\TESIS\paper\Paper-Q1-4\experiment\TP2M5B\outputs\gru_receiver_bank\seed_123\electricity\t107\w05\predictions.csv,00583ae70a2ad31c825bb8623512b81237d20d45d4be89d9f66916645164d67b,1787821675529037100,184269
C:\Workspace\TESIS\paper\Paper-Q1-4\experiment\TP2M5B\outputs\gru_receiver_bank\seed_123\electricity\t108\w05\checkpoint.weights.h5,0a250e493a1ecb58577788a6f331afce6f65f1219bfe5e71ac2d3f2db04e8791,1787820203771010200,63960
C:\Workspace\TESIS\paper\Paper-Q1-4\experiment\TP2M5B\outputs\gru_receiver_bank\seed_123\electricity\t108\w05\predictions.csv,1745d8429a719c035de87079143853a08e30b45706a1227f532dc585c7de1b6d,1787820203741840100,184209
C:\Workspace\TESIS\paper\Paper-Q1-4\experiment\TP2M5B\outputs\gru_receiver_bank\seed_123\electricity\t11\w05\checkpoint.weights.h5,1858504eb6129edddfa704885def349d3f644ed507bc0d6ad2c03b0421747eea,1787821205056182800,63960
C:\Workspace\TESIS\paper\Paper-Q1-4\experiment\TP2M5B\outputs\gru_receiver_bank\seed_123\electricity\t11\w05\predictions.csv,73838d6b01e0775d19d932933821c6766c8eddd1777d56f5cc84fcf15c08c2ff,1787821205022068700,187155
C:\Workspace\TESIS\paper\Paper-Q1-4\experiment\TP2M5B\outputs\gru_receiver_bank\seed_123\electricity\t115\w05\checkpoint.weights.h5,70a9a044973b377f8b84c2f2ce20ab7405c22e8c2b45398e502e5176b9d2661a,1787820920180356600,63960
C:\Workspace\TESIS\paper\Paper-Q1-4\experiment\TP2M5B\outputs\gru_receiver_bank\seed_123\electricity\t115\w05\predictions.csv,7f447bf0fcfa603b388cbf19269e6985046686f74d1a3b4fa9d129206474caf0,1787820920149288000,182550
C:\Workspace\TESIS\paper\Paper-Q1-4\experiment\TP2M5B\outputs\gru_receiver_bank\seed_123\electricity\t118\w05\checkpoint.weights.h5,7e62b3289e752213a541369a806f761ec35e29c7fa209485b831f8b435df5605,1787820267534621600,63960
C:\Workspace\TESIS\paper\Paper-Q1-4\experiment\TP2M5B\outputs\gru_receiver_bank\seed_123\electricity\t118\w05\predictions.csv,0b8abf49dabaff1ab9711fa04305f3d8f4a8cd64ba31c5ec241b4f20000daac5,1787820267504877300,193957
C:\Workspace\TESIS\paper\Paper-Q1-4\experiment\TP2M5B\outputs\gru_receiver_bank\seed_123\electricity\t125\w05\checkpoint.weights.h5,3ac9aacaa3e36a57e30cf545d089862b2186cfab2a669dff3b39b0b32863cfbf,1787821421613895900,63960
C:\Workspace\TESIS\paper\Paper-Q1-4\experiment\TP2M5B\outputs\gru_receiver_bank\seed_123\electricity\t125\w05\predictions.csv,1a4f930ca6125e60a793aa3bd010e61724cbe7730408e4ca28e18726adab0507,1787821421577041000,186149
C:\Workspace\TESIS\paper\Paper-Q1-4\experiment\TP2M5B\outputs\gru_receiver_bank\seed_123\electricity\t128\w05\checkpoint.weights.h5,01b90913667452fcd8b192bd9742ca040cd44deea3279ee0cb60da596c1705de,1787820510765600800,63960
C:\Workspace\TESIS\paper\Paper-Q1-4\experiment\TP2M5B\outputs\gru_receiver_bank\seed_123\electricity\t128\w05\predictions.csv,fe3b7a850f565a862868352f8f6f25b05e4ceece24e73f81030b1cf55a026a04,1787820510730418500,180149
C:\Workspace\TESIS\paper\Paper-Q1-4\experiment\TP2M5B\outputs\gru_receiver_bank\seed_123\electricity\t129\w05\checkpoint.weights.h5,4c26687f3fbef3f42404c2381b2d8ea6353d86c730379f16680ba444bf4247f2,1787820569024730100,63960
C:\Workspace\TESIS\paper\Paper-Q1-4\experiment\TP2M5B\outputs\gru_receiver_bank\seed_123\electricity\t129\w05\predictions.csv,22eac769f900521720e6248f7dcc99f852c034663de1d277b8dfd6dbff8a98de,1787820568996309500,189987
C:\Workspace\TESIS\paper\Paper-Q1-4\experiment\TP2M5B\outputs\gru_receiver_bank\seed_123\electricity\t133\w05\checkpoint.weights.h5,b578e1ba7de914d2ab732ce3bdcf5eeaf9d68c1828ea61b769e7fde598c4b0e4,1787821009204207700,63960
C:\Workspace\TESIS\paper\Paper-Q1-4\experiment\TP2M5B\outputs\gru_receiver_bank\seed_123\electricity\t133\w05\predictions.csv,f4e7b4ff2caf29feb14a61a9426c3a747d705e81140ee69a94f1d79d107b99bd,1787821009175938700,183041
C:\Workspace\TESIS\paper\Paper-Q1-4\experiment\TP2M5B\outputs\gru_receiver_bank\seed_123\electricity\t134\w05\checkpoint.weights.h5,325facd675658894f0253f385a5be9f63de154558108eb17e28a7eb3f7ac9016,1787821586074554500,63960
C:\Workspace\TESIS\paper\Paper-Q1-4\experiment\TP2M5B\outputs\gru_receiver_bank\seed_123\electricity\t134\w05\predictions.csv,184944bde43caecfc2433f68276331f20f8c436cc0a772e8c3ee84f6806a7b1d,1787821586040175000,188485
C:\Workspace\TESIS\paper\Paper-Q1-4\experiment\TP2M5B\outputs\gru_receiver_bank\seed_123\electricity\t135\w05\checkpoint.weights.h5,9653090f0443c79fd06ad8afc20260ce47edfe626fd5b8a107d2480b8ebb5932,1787820762908421400,63960
C:\Workspace\TESIS\paper\Paper-Q1-4\experiment\TP2M5B\outputs\gru_receiver_bank\seed_123\electricity\t135\w05\predictions.csv,4765b90e53483748dcf4785798621ed4dc5c2055034680a8fb33c907c8cc0107,1787820762863092500,183465
C:\Workspace\TESIS\paper\Paper-Q1-4\experiment\TP2M5B\outputs\gru_receiver_bank\seed_123\electricity\t144\w05\checkpoint.weights.h5,1824b1016f86a927c0bd1d3420330eba5b0339b1d0180f8409f2a52328ab3661,1787820666945184200,63960
C:\Workspace\TESIS\paper\Paper-Q1-4\experiment\TP2M5B\outputs\gru_receiver_bank\seed_123\electricity\t144\w05\predictions.csv,f1de8b5d048efa8044df6affc1ea311a09f0d0b530a614afd167ac6d10a1458b,1787820666905354700,184805
C:\Workspace\TESIS\paper\Paper-Q1-4\experiment\TP2M5B\outputs\gru_receiver_bank\seed_123\electricity\t2\w05\checkpoint.weights.h5,260859b9836f20e35d6185cc3263c0c62898caf84f5be4ac5e6e116843253388,1787821125462391800,63960
C:\Workspace\TESIS\paper\Paper-Q1-4\experiment\TP2M5B\outputs\gru_receiver_bank\seed_123\electricity\t2\w05\predictions.csv,f7ba90edc6937bd1509416c9b3b83c3a045b153407d6e8bab5222c06c0164163,1787821125421455700,184302
C:\Workspace\TESIS\paper\Paper-Q1-4\experiment\TP2M5B\outputs\gru_receiver_bank\seed_123\electricity\t20\w05\checkpoint.weights.h5,c417199d1037e1abe27e26e695b1f108482c08b5c8b29ba8fcd8185ee10179f8,1787820882936750600,63960
C:\Workspace\TESIS\paper\Paper-Q1-4\experiment\TP2M5B\outputs\gru_receiver_bank\seed_123\electricity\t20\w05\predictions.csv,3bc83e4f064fa89420285cd006b47e61f3001e4ed4335c5806a36317dfce5911,1787820882901508400,185555
C:\Workspace\TESIS\paper\Paper-Q1-4\experiment\TP2M5B\outputs\gru_receiver_bank\seed_123\electricity\t208\w05\checkpoint.weights.h5,69c7e7eed2ed0e205f4b3e7eab1af8c710db03d29a5944ab8a37e52f2c5645b1,1787820909015491500,63960
C:\Workspace\TESIS\paper\Paper-Q1-4\experiment\TP2M5B\outputs\gru_receiver_bank\seed_123\electricity\t208\w05\predictions.csv,388cbb260d8b3be6d85be358aa4c1595dd24bbd3b4b9b684b1dcd4937700b273,1787820908981294200,182985
C:\Workspace\TESIS\paper\Paper-Q1-4\experiment\TP2M5B\outputs\gru_receiver_bank\seed_123\electricity\t224\w05\checkpoint.weights.h5,553b0d838ac58ed87f862aa611734e2b83424e759f23167c7555038cebdff7a2,1787821037230576800,63960
C:\Workspace\TESIS\paper\Paper-Q1-4\experiment\TP2M5B\outputs\gru_receiver_bank\seed_123\electricity\t224\w05\predictions.csv,765d0924173ebfbeb29a78d915648a2253e23e3018222715fc224d55fc2a00f7,1787821037198454600,193563
C:\Workspace\TESIS\paper\Paper-Q1-4\experiment\TP2M5B\outputs\gru_receiver_bank\seed_123\electricity\t234\w05\checkpoint.weights.h5,600f372c3a95c10f8e5a4fdaeb1976b35f7ad3a0261813859fe4973f90e6b9d6,1787820846435447100,63960
C:\Workspace\TESIS\paper\Paper-Q1-4\experiment\TP2M5B\outputs\gru_receiver_bank\seed_123\electricity\t234\w05\predictions.csv,f6fa9e83d1099e4356389883077c4aeff2ff707f63326347a10d45ab0450e92d,1787820846401629400,186751
C:\Workspace\TESIS\paper\Paper-Q1-4\experiment\TP2M5B\outputs\gru_receiver_bank\seed_123\electricity\t237\w05\checkpoint.weights.h5,8dc2a86c3c8a91563d5935b822740b005f6faae461dca55903c60a431b530a31,1787821587778613700,63960
C:\Workspace\TESIS\paper\Paper-Q1-4\experiment\TP2M5B\outputs\gru_receiver_bank\seed_123\electricity\t237\w05\predictions.csv,df6aab17f607c434a8de9ccf42aded3f06ff8788461e2be634fab2ef98c740bc,1787821587743406300,191512
C:\Workspace\TESIS\paper\Paper-Q1-4\experiment\TP2M5B\outputs\gru_receiver_bank\seed_123\electricity\t249\w05\checkpoint.weights.h5,f66e8ac497511a081141f1c808d727064e1750becf26515c9baf13c599a776ba,1787821007250951600,63960
C:\Workspace\TESIS\paper\Paper-Q1-4\experiment\TP2M5B\outputs\gru_receiver_bank\seed_123\electricity\t249\w05\predictions.csv,dbc4bdb857fe962a5fe39cb91e3a85d5cdc803be339a5322a4a45c4a344a9eb1,1787821007212428900,185485
C:\Workspace\TESIS\paper\Paper-Q1-4\experiment\TP2M5B\outputs\gru_receiver_bank\seed_123\electricity\t26\w05\checkpoint.weights.h5,50b9bee0d7efc98310f28f34fa8d3600d6e1fc696c6786e6a0ebd50a95c8c776,1787821183412649700,63960
C:\Workspace\TESIS\paper\Paper-Q1-4\experiment\TP2M5B\outputs\gru_receiver_bank\seed_123\electricity\t26\w05\predictions.csv,dd813c9c755da4150d5b3a786937e203923bd2cccaa46aa57853bc32a6126e3d,1787821183384600100,182386
C:\Workspace\TESIS\paper\Paper-Q1-4\experiment\TP2M5B\outputs\gru_receiver_bank\seed_123\electricity\t3\w05\checkpoint.weights.h5,0314213b9d4180f43f762ffd65f5608f8480b7021af9c458e9077b1cbbf0309b,1787820830915360400,63960
C:\Workspace\TESIS\paper\Paper-Q1-4\experiment\TP2M5B\outputs\gru_receiver_bank\seed_123\electricity\t3\w05\predictions.csv,b2f36176585c4a847626d3ee9af8082a6bc277f687d101fda880efe3cf53c072,1787820830880941700,181925
C:\Workspace\TESIS\paper\Paper-Q1-4\experiment\TP2M5B\outputs\gru_receiver_bank\seed_123\electricity\t30\w05\checkpoint.weights.h5,b9fa5f97ab83eeb5aca7224ff629c7c9b805ec0f9278fc780965da950f41c18d,1787821031911863900,63960
C:\Workspace\TESIS\paper\Paper-Q1-4\experiment\TP2M5B\outputs\gru_receiver_bank\seed_123\electricity\t30\w05\predictions.csv,aca871228b3a4813132a11e3efbbe2233eef0d5264b4824489d2bc3a7a0ea343,1787821031877476100,184650
C:\Workspace\TESIS\paper\Paper-Q1-4\experiment\TP2M5B\outputs\gru_receiver_bank\seed_123\electricity\t314\w05\checkpoint.weights.h5,f8198b053b044a240cb7367ea803ac13a63dfe61306fa91efacec98cb1fbe348,1787820168870671900,63960
C:\Workspace\TESIS\paper\Paper-Q1-4\experiment\TP2M5B\outputs\gru_receiver_bank\seed_123\electricity\t314\w05\predictions.csv,9a2f29c0a7b99200841357c5afd61c76134f8d35936e54e84f69ef1164611d6f,1787820168838176300,188998
C:\Workspace\TESIS\paper\Paper-Q1-4\experiment\TP2M5B\outputs\gru_receiver_bank\seed_123\electricity\t316\w05\checkpoint.weights.h5,c2cffbf570675ba2f89371ad17adc7f9560bc5b215c9fb0fa182462210993867,1787820950951267800,63960
C:\Workspace\TESIS\paper\Paper-Q1-4\experiment\TP2M5B\outputs\gru_receiver_bank\seed_123\electricity\t316\w05\predictions.csv,ad3a3dabc172badf5da1c8acf40c3875d228af8a27c5f92492f7026ffd822d72,1787820950921333800,187615
C:\Workspace\TESIS\paper\Paper-Q1-4\experiment\TP2M5B\outputs\gru_receiver_bank\seed_123\electricity\t318\w05\checkpoint.weights.h5,f11ac74cf695e8432496cba475858b71819596d31fdb24f18622e8838141e1b0,1787820378955239200,63960
C:\Workspace\TESIS\paper\Paper-Q1-4\experiment\TP2M5B\outputs\gru_receiver_bank\seed_123\electricity\t318\w05\predictions.csv,877804a94e7f2831d0b37e3254d61fb54646fbc4bed6bbee0f4ee2279973803b,1787820378918402100,181078
C:\Workspace\TESIS\paper\Paper-Q1-4\experiment\TP2M5B\outputs\gru_receiver_bank\seed_123\electricity\t321\w05\checkpoint.weights.h5,ffbc215c87046b22d4fd3823d08ad7c7cea5b1038e35574d2636f49b435c3bba,1787821437417185700,63960
C:\Workspace\TESIS\paper\Paper-Q1-4\experiment\TP2M5B\outputs\gru_receiver_bank\seed_123\electricity\t321\w05\predictions.csv,83fdd012152801e1c319013565b68b8e61770ffd20c5c37df7983803876c1db3,1787821437367179800,183230
C:\Workspace\TESIS\paper\Paper-Q1-4\experiment\TP2M5B\outputs\gru_receiver_bank\seed_123\electricity\t60\w05\checkpoint.weights.h5,e544a292ce035ea04a47ad25acb44e6182dde93582b5b63321681562500a4f4f,1787821474233320800,63960
C:\Workspace\TESIS\paper\Paper-Q1-4\experiment\TP2M5B\outputs\gru_receiver_bank\seed_123\electricity\t60\w05\predictions.csv,b6cbd9d3ee707d46ff20f5c3117ba4b15c37d00593bb5ca35601c6b656004f9d,1787821474200843900,186108
C:\Workspace\TESIS\paper\Paper-Q1-4\experiment\TP2M5B\outputs\gru_receiver_bank\seed_123\electricity\t7\w05\checkpoint.weights.h5,6a13e08a5a98e8a36d8c274c800df5107468cecc18969004e4f1776cdbdf8319,1787820081873044800,63960
C:\Workspace\TESIS\paper\Paper-Q1-4\experiment\TP2M5B\outputs\gru_receiver_bank\seed_123\electricity\t7\w05\predictions.csv,4969194a43abc8b65fe320617f4a05cd1f6eb948715353fcf37a85bcafcbc4f8,1787820081825179300,181705
C:\Workspace\TESIS\paper\Paper-Q1-4\experiment\TP2M5B\outputs\gru_receiver_bank\seed_123\electricity\t82\w05\checkpoint.weights.h5,592a3c29c60848702b077e1310d1fc7686cec92a25a91b20ebf2923d77e01d4b,1787820470353245300,63960
C:\Workspace\TESIS\paper\Paper-Q1-4\experiment\TP2M5B\outputs\gru_receiver_bank\seed_123\electricity\t82\w05\predictions.csv,3de5b5836482836a2597bbe4a93326f6d550c3ce9d36e9b58c5beb2774e87eae,1787820470318566300,183414
C:\Workspace\TESIS\paper\Paper-Q1-4\experiment\TP2M5B\outputs\gru_receiver_bank\seed_123\electricity\t84\w05\checkpoint.weights.h5,c18aa1d6fab1315035c4680c974ab115170059a5d665083f50868a99bca59d43,1787820368561152200,63960
C:\Workspace\TESIS\paper\Paper-Q1-4\experiment\TP2M5B\outputs\gru_receiver_bank\seed_123\electricity\t84\w05\predictions.csv,e91588e0e4cee829b7da6f66f89d3e4379615cb4810e3614811bd3cd19de930b,1787820368522485100,182875
C:\Workspace\TESIS\paper\Paper-Q1-4\experiment\TP2M5B\outputs\gru_receiver_bank\seed_123\electricity\t85\w05\checkpoint.weights.h5,dc1ba89e046a64bd022080a9685076754a2fd12f853ff99fae35d5c9623fb825,1787820605636768800,63960
C:\Workspace\TESIS\paper\Paper-Q1-4\experiment\TP2M5B\outputs\gru_receiver_bank\seed_123\electricity\t85\w05\predictions.csv,31717366de2767f5315e6922e37a2cd7e8d4ab176d0b25d9497bef7cbd09d19e,1787820605596375200,183240
C:\Workspace\TESIS\paper\Paper-Q1-4\experiment\TP2M5B\outputs\gru_receiver_bank\seed_123\electricity\t86\w05\checkpoint.weights.h5,988de6c018c441be3ecdd2337194ec036d825eabf91a6e6556938b4aa34789be,1787820764435299600,63960
C:\Workspace\TESIS\paper\Paper-Q1-4\experiment\TP2M5B\outputs\gru_receiver_bank\seed_123\electricity\t86\w05\predictions.csv,0d742b9ed69be19b24ad200d090071b44ba355b21da8f70cc819a3033de972ac,1787820764401529900,186636
C:\Workspace\TESIS\paper\Paper-Q1-4\experiment\TP2M5B\outputs\gru_receiver_bank\seed_123\electricity\t95\w05\checkpoint.weights.h5,d17c0faff2e96655d38ae5ae5f563f2ae13d66f36ef9f58aa17b5a96c3bcca92,1787821206865418100,63960
C:\Workspace\TESIS\paper\Paper-Q1-4\experiment\TP2M5B\outputs\gru_receiver_bank\seed_123\electricity\t95\w05\predictions.csv,26c5a1d5572f1ccb850533dc090e18056eaba3140e1cbb556fcf6ed2e1b9fe3b,1787821206826611300,184443
C:\Workspace\TESIS\paper\Paper-Q1-4\experiment\TP2M5B\outputs\gru_receiver_bank\seed_123\who\australia\w05\checkpoint.weights.h5,4164b0f03acb03b59807b45e7553537f38bf56574a857bfd68722fe00d7caf28,1787819164627643300,63960
C:\Workspace\TESIS\paper\Paper-Q1-4\experiment\TP2M5B\outputs\gru_receiver_bank\seed_123\who\australia\w05\predictions.csv,7331f5a1a2a7411872986177c29e600a00956c0d2d1f673cdf99b7fff902529e,1787819164588639800,180451
C:\Workspace\TESIS\paper\Paper-Q1-4\experiment\TP2M5B\outputs\gru_receiver_bank\seed_123\who\austria\w05\checkpoint.weights.h5,b8c5cfb7b22d66d89dde426925c578fc964c61a7eecfc6e6d7ccb7e7e708f30b,1787819122220186100,63960
C:\Workspace\TESIS\paper\Paper-Q1-4\experiment\TP2M5B\outputs\gru_receiver_bank\seed_123\who\austria\w05\predictions.csv,141a09edfee5e694e90682cdfcb2275cf4b81d1ee984c98dc3774af65de9132b,1787819122185905200,181565
C:\Workspace\TESIS\paper\Paper-Q1-4\experiment\TP2M5B\outputs\gru_receiver_bank\seed_123\who\bangladesh\w05\checkpoint.weights.h5,56a39473182eb8a178aa13c3f3f4513c9a7c4d0264e70360405e99b1895ab597,1787819089144368900,63960
C:\Workspace\TESIS\paper\Paper-Q1-4\experiment\TP2M5B\outputs\gru_receiver_bank\seed_123\who\bangladesh\w05\predictions.csv,555e1501938c9ad316c664045115600efbb1d7f5f40a32a273c99562476cf84d,1787819089099853500,183933
C:\Workspace\TESIS\paper\Paper-Q1-4\experiment\TP2M5B\outputs\gru_receiver_bank\seed_123\who\bhutan\w05\checkpoint.weights.h5,8d21d50ce07452c0052919f377195df3c732611d23092fcd537e484d09103cd7,1787819105208180500,63960
C:\Workspace\TESIS\paper\Paper-Q1-4\experiment\TP2M5B\outputs\gru_receiver_bank\seed_123\who\bhutan\w05\predictions.csv,5fed9f3270a4b023d4c576098b555becfff6969fede368b84f28d78f3d344b2d,1787819105174921600,182741
C:\Workspace\TESIS\paper\Paper-Q1-4\experiment\TP2M5B\outputs\gru_receiver_bank\seed_123\who\brunei_darussalam\w05\checkpoint.weights.h5,fbb2a3408c8c87dd73eb1945d8e7a58c6371478ddcdad1d26fb2a48c694ed373,1787819241680354700,63960
C:\Workspace\TESIS\paper\Paper-Q1-4\experiment\TP2M5B\outputs\gru_receiver_bank\seed_123\who\brunei_darussalam\w05\predictions.csv,c32045f014729040ad66e209b2f8b77dacae6e083b4a35319c937b22b3e5761a,1787819241645401300,180805
C:\Workspace\TESIS\paper\Paper-Q1-4\experiment\TP2M5B\outputs\gru_receiver_bank\seed_123\who\cambodia\w05\checkpoint.weights.h5,d8fd77387ff28b4fc45f2ff0592eefb538665a93bab8941d36124859e014816f,1787819196739274000,63960
C:\Workspace\TESIS\paper\Paper-Q1-4\experiment\TP2M5B\outputs\gru_receiver_bank\seed_123\who\cambodia\w05\predictions.csv,99706075201192c9a312372f6ac61982fc3648a71f9c02e009c3bff325cd6806,1787819196701302600,180932
C:\Workspace\TESIS\paper\Paper-Q1-4\experiment\TP2M5B\outputs\gru_receiver_bank\seed_123\who\china\w05\checkpoint.weights.h5,1389e655405d039a6eeec79fd76f80c884daa6b31db46528150abeba85ca1d44,1787819291820508900,63960
C:\Workspace\TESIS\paper\Paper-Q1-4\experiment\TP2M5B\outputs\gru_receiver_bank\seed_123\who\china\w05\predictions.csv,d13038c1fa7880e82b661a4399e7c9fad633a9b5d2c15cfd86c439dd4bc3c028,1787819291786005400,180681
C:\Workspace\TESIS\paper\Paper-Q1-4\experiment\TP2M5B\outputs\gru_receiver_bank\seed_123\who\fiji\w05\checkpoint.weights.h5,1258665e5e048722aa0647d5afc16230e477594b5cf95cfd9f7744f5ae72e783,1787819238432323700,63960
C:\Workspace\TESIS\paper\Paper-Q1-4\experiment\TP2M5B\outputs\gru_receiver_bank\seed_123\who\fiji\w05\predictions.csv,edc0f8172c7f72241ae992bf149649439bbaaab79d9d0d504000b12745a4038d,1787819238396126800,181252
C:\Workspace\TESIS\paper\Paper-Q1-4\experiment\TP2M5B\outputs\gru_receiver_bank\seed_123\who\french_polynesia\w05\checkpoint.weights.h5,8005379e6a21a2e0b0557929b0052283cb7b79af112ecec8e92109a380ddfddf,1787819508382935700,63960
C:\Workspace\TESIS\paper\Paper-Q1-4\experiment\TP2M5B\outputs\gru_receiver_bank\seed_123\who\french_polynesia\w05\predictions.csv,99b1e031a98d008866d93a8a24607423331ceb223198b06eae2aee37cb7fd7cb,1787819508347917500,182490
C:\Workspace\TESIS\paper\Paper-Q1-4\experiment\TP2M5B\outputs\gru_receiver_bank\seed_123\who\guam\w05\checkpoint.weights.h5,d133c83628fbfb38246b69021709f289a36ecb1b75e972521c76acf139966055,1787819397603864500,63960
C:\Workspace\TESIS\paper\Paper-Q1-4\experiment\TP2M5B\outputs\gru_receiver_bank\seed_123\who\guam\w05\predictions.csv,c54093166e25ed8419dda3ae8a03454ab09b0aefe06d66ae218da49f6068edc0,1787819397570776200,182078
C:\Workspace\TESIS\paper\Paper-Q1-4\experiment\TP2M5B\outputs\gru_receiver_bank\seed_123\who\lao_people_s_democratic_republic\w05\checkpoint.weights.h5,1d5af1c0a68903fe920238c583f80a26e3f5804a07ffe6277f48a0b114da7bd6,1787819315886424500,63960
C:\Workspace\TESIS\paper\Paper-Q1-4\experiment\TP2M5B\outputs\gru_receiver_bank\seed_123\who\lao_people_s_democratic_republic\w05\predictions.csv,48c6f64ded57cfd1a1b3af97fd577a1325add6c1e32c9fe83941cd4b8d57716f,1787819315847104300,179320
C:\Workspace\TESIS\paper\Paper-Q1-4\experiment\TP2M5B\outputs\gru_receiver_bank\seed_123\who\malaysia\w05\checkpoint.weights.h5,033e082404ffd4b3d6b64425936f6bc5e1c6877b9c31786f80a2e19de6f84059,1787819420992043500,63960
C:\Workspace\TESIS\paper\Paper-Q1-4\experiment\TP2M5B\outputs\gru_receiver_bank\seed_123\who\malaysia\w05\predictions.csv,23499a2eede6e2061cece4077783496ae5d1e4cf1ec3fcd36c136549a878058b,1787819420961794000,183771
C:\Workspace\TESIS\paper\Paper-Q1-4\experiment\TP2M5B\outputs\gru_receiver_bank\seed_123\who\maldives\w05\checkpoint.weights.h5,b0929703bd654593ede6b3e724e3bb2c8cc2020ad00ea25f3cc2b49a4907803f,1787819382116767200,63960
C:\Workspace\TESIS\paper\Paper-Q1-4\experiment\TP2M5B\outputs\gru_receiver_bank\seed_123\who\maldives\w05\predictions.csv,86d8dcd723ed21bd534c15d03aa6ec992f2b217bb30aefd608a72af133c70fa7,1787819382086963500,182730
C:\Workspace\TESIS\paper\Paper-Q1-4\experiment\TP2M5B\outputs\gru_receiver_bank\seed_123\who\mexico\w05\checkpoint.weights.h5,d1c59f0ea8874b79badcd6e3507b752fcf7326bd792a0eab161e74738344cd2f,1787819676758622700,63960
C:\Workspace\TESIS\paper\Paper-Q1-4\experiment\TP2M5B\outputs\gru_receiver_bank\seed_123\who\mexico\w05\predictions.csv,4a2fd679822a2a7d8cd4dcbc38da2c049d37bc01fbec649adc6e0f61cb73558f,1787819676728070200,184202
C:\Workspace\TESIS\paper\Paper-Q1-4\experiment\TP2M5B\outputs\gru_receiver_bank\seed_123\who\mongolia\w05\checkpoint.weights.h5,db2eaa3ad4339142f71b46b6bbd1dbfcc5520dac506afcf85467fd47f8ac3d70,1787819545980040800,63960
C:\Workspace\TESIS\paper\Paper-Q1-4\experiment\TP2M5B\outputs\gru_receiver_bank\seed_123\who\mongolia\w05\predictions.csv,8fe160bd16a2a2a9a4107344f5ac97a1b8170701bbfbdd3e6eff7243847060e2,1787819545946297800,182503
C:\Workspace\TESIS\paper\Paper-Q1-4\experiment\TP2M5B\outputs\gru_receiver_bank\seed_123\who\myanmar\w05\checkpoint.weights.h5,84ea1f9e18fd47fbfc819f31e7a158b1ade3b2874474b8e49af1d8472b975dd9,1787819627583885500,63960
C:\Workspace\TESIS\paper\Paper-Q1-4\experiment\TP2M5B\outputs\gru_receiver_bank\seed_123\who\myanmar\w05\predictions.csv,cf07aa758cbb1ab6748cd2d670a044fc6b5e34cc8e3782c09cbebaf40018b782,1787819627532444900,183343
C:\Workspace\TESIS\paper\Paper-Q1-4\experiment\TP2M5B\outputs\gru_receiver_bank\seed_123\who\nepal\w05\checkpoint.weights.h5,5302eba1e953b1fe4e37434a39ccc52b927385e90d0b48aa427abf97e5315dca,1787819641631901900,63960
C:\Workspace\TESIS\paper\Paper-Q1-4\experiment\TP2M5B\outputs\gru_receiver_bank\seed_123\who\nepal\w05\predictions.csv,3b9055d8a93da2c21b32d83a854dee0965e71defbffbd940c2a6169fa3d264b0,1787819641596217900,181947
C:\Workspace\TESIS\paper\Paper-Q1-4\experiment\TP2M5B\outputs\gru_receiver_bank\seed_123\who\new_caledonia\w05\checkpoint.weights.h5,01ba0f2b2290d82523246e413f7f013fc728cc71ac3b9760f6c85ce284686a43,1787819607206117900,63960
C:\Workspace\TESIS\paper\Paper-Q1-4\experiment\TP2M5B\outputs\gru_receiver_bank\seed_123\who\new_caledonia\w05\predictions.csv,6299ba6f7b9650a311b344f5f5d897691b711a9defec22c7a7c1d2ed8e9b82a3,1787819607179562800,180681
C:\Workspace\TESIS\paper\Paper-Q1-4\experiment\TP2M5B\outputs\gru_receiver_bank\seed_123\who\new_zealand\w05\checkpoint.weights.h5,4e64cdd994e91de5a236f4f9f939ba44234e6e5c42eba43e00b1e74c054d110a,1787819672367255000,63960
C:\Workspace\TESIS\paper\Paper-Q1-4\experiment\TP2M5B\outputs\gru_receiver_bank\seed_123\who\new_zealand\w05\predictions.csv,220bddc1dd637926a5f8cba155b15842d9a441a4e993d9a522235f440206e5ab,1787819672332494300,181282
C:\Workspace\TESIS\paper\Paper-Q1-4\experiment\TP2M5B\outputs\gru_receiver_bank\seed_123\who\northern_mariana_islands\w05\checkpoint.weights.h5,359db182abfb5dac8cb1486dd32f0d1e968008dfaed401524cb65c0fb2f1ca7c,1787819770311165500,63960
C:\Workspace\TESIS\paper\Paper-Q1-4\experiment\TP2M5B\outputs\gru_receiver_bank\seed_123\who\northern_mariana_islands\w05\predictions.csv,decbebfdbbb330e686585ecfcb5d8713e2c0349096050e094973d7f0e36248ac,1787819770274738100,182850
C:\Workspace\TESIS\paper\Paper-Q1-4\experiment\TP2M5B\outputs\gru_receiver_bank\seed_123\who\palau\w05\checkpoint.weights.h5,877f2fd0dfbe93c7366a986a0a9595e072141a26edc9cf6e77485636ad0a3af0,1787819727652099100,63960
C:\Workspace\TESIS\paper\Paper-Q1-4\experiment\TP2M5B\outputs\gru_receiver_bank\seed_123\who\palau\w05\predictions.csv,f382974ebd6c19076f32feafd3c4f69861e8eca25ed04ff72c276030dc4d2ca8,1787819727615961400,178684
C:\Workspace\TESIS\paper\Paper-Q1-4\experiment\TP2M5B\outputs\gru_receiver_bank\seed_123\who\papua_new_guinea\w05\checkpoint.weights.h5,9ee1f487a2f6e9b3b8e2d1f260b0beaa9e88096b8b1a9167ca7f74ec3c7f8235,1787819741987712800,63960
C:\Workspace\TESIS\paper\Paper-Q1-4\experiment\TP2M5B\outputs\gru_receiver_bank\seed_123\who\papua_new_guinea\w05\predictions.csv,84b7c320458ab91e316f7a0725ae0d9af469dda122c50f1f493fc7737978f37d,1787819741952362100,183236
C:\Workspace\TESIS\paper\Paper-Q1-4\experiment\TP2M5B\outputs\gru_receiver_bank\seed_123\who\philippines\w05\checkpoint.weights.h5,df837aca394c4d15367f76958b97a0fd2e5183e51d0b6c76b26ac5c892f9c639,1787819792541505100,63960
C:\Workspace\TESIS\paper\Paper-Q1-4\experiment\TP2M5B\outputs\gru_receiver_bank\seed_123\who\philippines\w05\predictions.csv,6a1f69a85f37e00f2dcaf9222c4394a0f22f2de142b8be90f27e36738886d06e,1787819792507869300,184223
C:\Workspace\TESIS\paper\Paper-Q1-4\experiment\TP2M5B\outputs\gru_receiver_bank\seed_123\who\singapore\w05\checkpoint.weights.h5,76a850e9b8f4272a5dbd70a71f20b4db4285988751a2ad422f570106fd4aa060,1787819854167707400,63960
C:\Workspace\TESIS\paper\Paper-Q1-4\experiment\TP2M5B\outputs\gru_receiver_bank\seed_123\who\singapore\w05\predictions.csv,46fed1ffff9f2e141b0de67ac7236256be409372b218ad783c63fb7823477c32,1787819854131190700,182738
C:\Workspace\TESIS\paper\Paper-Q1-4\experiment\TP2M5B\outputs\gru_receiver_bank\seed_123\who\sri_lanka\w05\checkpoint.weights.h5,4d4a8b31e258d9fb1bf5cbc46f5ae688b78bc953eba828153eb140440dbd3469,1787819806541359800,63960
C:\Workspace\TESIS\paper\Paper-Q1-4\experiment\TP2M5B\outputs\gru_receiver_bank\seed_123\who\sri_lanka\w05\predictions.csv,208de21e39af5690797506461da2d9fd237dd7d826cf45df9dd21decd7f75fa5,1787819806508953700,182129
C:\Workspace\TESIS\paper\Paper-Q1-4\experiment\TP2M5B\outputs\gru_receiver_bank\seed_123\who\switzerland\w05\checkpoint.weights.h5,6798e966c44c0922a5e1e89d26840540e82f70476b7b024311b04dd36e2bf3c1,1787820049356360200,63960
C:\Workspace\TESIS\paper\Paper-Q1-4\experiment\TP2M5B\outputs\gru_receiver_bank\seed_123\who\switzerland\w05\predictions.csv,473181738dc59dcb349ca0073fad51bc3637002b2974829bde46ce2041a0ba5a,1787820049319588500,183590
C:\Workspace\TESIS\paper\Paper-Q1-4\experiment\TP2M5B\outputs\gru_receiver_bank\seed_123\who\thailand\w05\checkpoint.weights.h5,e4225185e0bfe52ae0486a0303fb61f9cab8e948c766ac114471e441bd331cc5,1787819899029374600,63960
C:\Workspace\TESIS\paper\Paper-Q1-4\experiment\TP2M5B\outputs\gru_receiver_bank\seed_123\who\thailand\w05\predictions.csv,02d0346f02d21e7a6fb9533676e12c736a2c03a6a8da952ae8f2bf64a8314c2d,1787819899000092800,182176
C:\Workspace\TESIS\paper\Paper-Q1-4\experiment\TP2M5B\outputs\gru_receiver_bank\seed_123\who\timor_leste\w05\checkpoint.weights.h5,98d39e9feb3ffea4568edd952fe8babd82f5d99d6e7522fb2df232644ca3becc,1787819876051137600,63960
C:\Workspace\TESIS\paper\Paper-Q1-4\experiment\TP2M5B\outputs\gru_receiver_bank\seed_123\who\timor_leste\w05\predictions.csv,336970ddc5ffc93bf4df4de4f21f66730019fe6f2e8fd824f6afbdcfe62956f0,1787819876017782400,181779
C:\Workspace\TESIS\paper\Paper-Q1-4\experiment\TP2M5B\outputs\gru_receiver_bank\seed_123\who\united_kingdom_of_great_britain_and_northern_ireland\w05\checkpoint.weights.h5,09911314cf5771dd26ec9315fd2af43170fdec55b0b99baf3924f69f91925047,1787820025147160900,63960
C:\Workspace\TESIS\paper\Paper-Q1-4\experiment\TP2M5B\outputs\gru_receiver_bank\seed_123\who\united_kingdom_of_great_britain_and_northern_ireland\w05\predictions.csv,29822bc169dbf41b9a740eb72c4aba08bb34c35695e1212fbe20c7edced3c8ab,1787820025111356900,185647
C:\Workspace\TESIS\paper\Paper-Q1-4\experiment\TP2M5B\outputs\gru_receiver_bank\seed_123\who\vanuatu\w05\checkpoint.weights.h5,82a3abdcd4ddada37b3f2c4e47a05cbc3852a987e73c49c2ce07b17711880fea,1787819992525611800,63960
C:\Workspace\TESIS\paper\Paper-Q1-4\experiment\TP2M5B\outputs\gru_receiver_bank\seed_123\who\vanuatu\w05\predictions.csv,0f91769406be2b9cf137d73b091cb812c57a41197335e93b67851a8fd23c90c4,1787819992465431500,181707
C:\Workspace\TESIS\paper\Paper-Q1-4\experiment\TP2M5B\outputs\gru_receiver_bank\seed_123\who\viet_nam\w05\checkpoint.weights.h5,8de6f9c7795fc3c22bb5dac20f06b7b4de812490d32981ccbcd8eba69fe0ee7a,1787820174232362500,63960
C:\Workspace\TESIS\paper\Paper-Q1-4\experiment\TP2M5B\outputs\gru_receiver_bank\seed_123\who\viet_nam\w05\predictions.csv,bb65f6000bf6409c1d26718267ddce49cbd2ee296eb09722d1ea75b70e2150bb,1787820174197058800,182444
C:\Workspace\TESIS\paper\Paper-Q1-4\experiment\TP2M5B\outputs\gru_receiver_bank\seed_2025\dengue\kaohsiung_city\w05\checkpoint.weights.h5,5bfbc604e03afd50f232d46d4e96170852cab13364a9110d3fecd50711540227,1787824297627449800,63960
C:\Workspace\TESIS\paper\Paper-Q1-4\experiment\TP2M5B\outputs\gru_receiver_bank\seed_2025\dengue\kaohsiung_city\w05\predictions.csv,08a1373c0b40b81d16af7ef0d257e9e5997eb0d57f1fdca28b3bfbc0e4f286d5,1787824297595597100,185167
C:\Workspace\TESIS\paper\Paper-Q1-4\experiment\TP2M5B\outputs\gru_receiver_bank\seed_2025\dengue\new_taipei_city\w05\checkpoint.weights.h5,7cd28eab274384bd88d09e6ccf291baef2f400d4369660f84aecbb52e8fc72a6,1787824358605796000,63960
C:\Workspace\TESIS\paper\Paper-Q1-4\experiment\TP2M5B\outputs\gru_receiver_bank\seed_2025\dengue\new_taipei_city\w05\predictions.csv,588a61b60d4cc9c48e6d22043253db0dcfd6d45fac0a559c8c328ef6e6a429d0,1787824358577775400,182306
C:\Workspace\TESIS\paper\Paper-Q1-4\experiment\TP2M5B\outputs\gru_receiver_bank\seed_2025\dengue\pingtung_county\w05\checkpoint.weights.h5,db58e19ba8dd56113a17f2ebb49bdc63cb846d5b5693d4fbde9601c3ba811e5c,1787824331974135800,63960
C:\Workspace\TESIS\paper\Paper-Q1-4\experiment\TP2M5B\outputs\gru_receiver_bank\seed_2025\dengue\pingtung_county\w05\predictions.csv,27dfef7d5101ae653b31156249c43ac332b2128eef9ae69f433e69603e7b650a,1787824331943981000,186015
C:\Workspace\TESIS\paper\Paper-Q1-4\experiment\TP2M5B\outputs\gru_receiver_bank\seed_2025\dengue\taichung_city\w05\checkpoint.weights.h5,880f321f1ea03d87f9a18349b37bb9f4fe1751c2d9a086d2cc73107b5d958aeb,1787824362039124800,63960
C:\Workspace\TESIS\paper\Paper-Q1-4\experiment\TP2M5B\outputs\gru_receiver_bank\seed_2025\dengue\taichung_city\w05\predictions.csv,cc2f9b1f7af34d1518c288e4334dd91b2e9f61731aaecde81f51d7839372fb88,1787824362010601700,182979
C:\Workspace\TESIS\paper\Paper-Q1-4\experiment\TP2M5B\outputs\gru_receiver_bank\seed_2025\dengue\tainan_city\w05\checkpoint.weights.h5,84069906f8b3ed003ed4b6be9b88aa822d1b631e705e43ca27ddd6e0ae3c317a,1787824392489598100,63960
C:\Workspace\TESIS\paper\Paper-Q1-4\experiment\TP2M5B\outputs\gru_receiver_bank\seed_2025\dengue\tainan_city\w05\predictions.csv,2137ec41b03633f73f892cad8b3fd49679f77893d17b5759813afc4d99123ce8,1787824392457034100,184208
C:\Workspace\TESIS\paper\Paper-Q1-4\experiment\TP2M5B\outputs\gru_receiver_bank\seed_2025\dengue\taipei_city\w05\checkpoint.weights.h5,a708bfc56f44d5fe8dba8bafd203f8c8941076e67e1b527aa8619350811aa4bc,1787824458736385400,63960
C:\Workspace\TESIS\paper\Paper-Q1-4\experiment\TP2M5B\outputs\gru_receiver_bank\seed_2025\dengue\taipei_city\w05\predictions.csv,ae54fa8af9cd0f09a44000444d13e09aa01c6b673dd7f07161bc1b3c7c6afe6f,1787824458718250200,182532
C:\Workspace\TESIS\paper\Paper-Q1-4\experiment\TP2M5B\outputs\gru_receiver_bank\seed_2025\dengue\yunlin_county\w05\checkpoint.weights.h5,011d11591ae43de83e65adcb30084b2b32b6ccee7b9cce7f9f6857af2128d662,1787824457165866500,63960
C:\Workspace\TESIS\paper\Paper-Q1-4\experiment\TP2M5B\outputs\gru_receiver_bank\seed_2025\dengue\yunlin_county\w05\predictions.csv,c98ccc159a73867ea119833ec91b3b3037f0c891d86f995eb8a0d0d6c050c627,1787824457132749600,181710
C:\Workspace\TESIS\paper\Paper-Q1-4\experiment\TP2M5B\outputs\gru_receiver_bank\seed_2025\electricity\t1\w05\checkpoint.weights.h5,c6309b610c1f4ea7a4277c737c83a047444ea77477f7b1068212dbb2002ebe9c,1787824098593369700,63960
C:\Workspace\TESIS\paper\Paper-Q1-4\experiment\TP2M5B\outputs\gru_receiver_bank\seed_2025\electricity\t1\w05\predictions.csv,21084a6784b340b9472021ac63c06c2b2997eb97c55fc23c9ed7d334f33930da,1787824098549303000,184561
C:\Workspace\TESIS\paper\Paper-Q1-4\experiment\TP2M5B\outputs\gru_receiver_bank\seed_2025\electricity\t100\w05\checkpoint.weights.h5,20d2b7b2e4ac817834c5faa752212254854b6ce618c74e68b0a8852c42be1ea6,1787824084150784300,63960
C:\Workspace\TESIS\paper\Paper-Q1-4\experiment\TP2M5B\outputs\gru_receiver_bank\seed_2025\electricity\t100\w05\predictions.csv,04619154e5a8f89d9e4d7114403eb065e7d46abccaf96bab18b82cc743ec3ec3,1787824084117456700,185273
C:\Workspace\TESIS\paper\Paper-Q1-4\experiment\TP2M5B\outputs\gru_receiver_bank\seed_2025\electricity\t104\w05\checkpoint.weights.h5,4ab5e67dc83ca26ed460b43ac93b78737d0a8021d8c5c13bf2724a7d2218cfb6,1787823409793019200,63960
C:\Workspace\TESIS\paper\Paper-Q1-4\experiment\TP2M5B\outputs\gru_receiver_bank\seed_2025\electricity\t104\w05\predictions.csv,f3f9c1fe03e1e59f04a33473e846ebcbe784bf7acf375784631a4dd286821b09,1787823409748256400,188882
C:\Workspace\TESIS\paper\Paper-Q1-4\experiment\TP2M5B\outputs\gru_receiver_bank\seed_2025\electricity\t106\w05\checkpoint.weights.h5,5e93693f91a9b90274fdade2efc5f1406ca6d768be5d999177128838b376244a,1787823206900992200,63960
C:\Workspace\TESIS\paper\Paper-Q1-4\experiment\TP2M5B\outputs\gru_receiver_bank\seed_2025\electricity\t106\w05\predictions.csv,f5057eb72aad64ae74b8adf1ae732132924beb699861915395dca6dc8ec6bb17,1787823206852825500,185037
C:\Workspace\TESIS\paper\Paper-Q1-4\experiment\TP2M5B\outputs\gru_receiver_bank\seed_2025\electricity\t107\w05\checkpoint.weights.h5,22f78b2608680b5f40fd0e9a500c903a6afd1f757feac88cd91b3122be3dc73e,1787824227431439300,63960
C:\Workspace\TESIS\paper\Paper-Q1-4\experiment\TP2M5B\outputs\gru_receiver_bank\seed_2025\electricity\t107\w05\predictions.csv,4bc0c73d23b755617b5aa9ca51bec9ab18b0cffa254cde1c500d9610c8eb071d,1787824227391744500,184564
C:\Workspace\TESIS\paper\Paper-Q1-4\experiment\TP2M5B\outputs\gru_receiver_bank\seed_2025\electricity\t108\w05\checkpoint.weights.h5,aa631416fc6802b8d308f27cad9560e1e71ae638a2303b6fa926c250ec05a1e0,1787823057300279400,63960
C:\Workspace\TESIS\paper\Paper-Q1-4\experiment\TP2M5B\outputs\gru_receiver_bank\seed_2025\electricity\t108\w05\predictions.csv,07494fa221a86da77966a60351f4113356ab1ed99588e593038ec1c8961adfc3,1787823057265139000,185848
C:\Workspace\TESIS\paper\Paper-Q1-4\experiment\TP2M5B\outputs\gru_receiver_bank\seed_2025\electricity\t11\w05\checkpoint.weights.h5,ec178f0b8c5a0fd3a9f266be37d52c28348721a8ca643df874564c0b8655f816,1787823964080303300,63960
C:\Workspace\TESIS\paper\Paper-Q1-4\experiment\TP2M5B\outputs\gru_receiver_bank\seed_2025\electricity\t11\w05\predictions.csv,ad14212fa02aa095aa02c56824d2f302eca1cf199e3d6a733fc7ba141f706394,1787823964059674200,190090
C:\Workspace\TESIS\paper\Paper-Q1-4\experiment\TP2M5B\outputs\gru_receiver_bank\seed_2025\electricity\t115\w05\checkpoint.weights.h5,2ea5cfbbe7806a603d65d733d0996fc15da220254fb445f7ba321fcb4452fe01,1787823735010752400,63960
C:\Workspace\TESIS\paper\Paper-Q1-4\experiment\TP2M5B\outputs\gru_receiver_bank\seed_2025\electricity\t115\w05\predictions.csv,4cc77d13225b2cd36c243ad58dc25b1df5ebeb0d1c5a5c6fe5cbb508741a8e67,1787823734977360700,188157
C:\Workspace\TESIS\paper\Paper-Q1-4\experiment\TP2M5B\outputs\gru_receiver_bank\seed_2025\electricity\t118\w05\checkpoint.weights.h5,37b3f473a66f055b93853f46c0277ab06255f1f8b3486bfe2e2bf6931498af51,1787823061055904800,63960
C:\Workspace\TESIS\paper\Paper-Q1-4\experiment\TP2M5B\outputs\gru_receiver_bank\seed_2025\electricity\t118\w05\predictions.csv,42fdbf8ffcc58bcd9fc1947cf13cbe6d07ed6e0ebbc92e4fd0f97fe988d77ad3,1787823061024544500,199120
C:\Workspace\TESIS\paper\Paper-Q1-4\experiment\TP2M5B\outputs\gru_receiver_bank\seed_2025\electricity\t125\w05\checkpoint.weights.h5,1dc369facaccfffb878ba6e29662cb1e628c233981a86d0be50afb82f5f39d23,1787824034959313000,63960
C:\Workspace\TESIS\paper\Paper-Q1-4\experiment\TP2M5B\outputs\gru_receiver_bank\seed_2025\electricity\t125\w05\predictions.csv,c08079ff4f9155950e1e1b11919c14ee0e169ec61a68f1e97f099aa0b0b95ba7,1787824034919867500,187174
C:\Workspace\TESIS\paper\Paper-Q1-4\experiment\TP2M5B\outputs\gru_receiver_bank\seed_2025\electricity\t128\w05\checkpoint.weights.h5,23cefbb27a35c8b3556c2ddb7ea3d4b71b2f35f1362ef0618b575d9b3f4f683c,1787823393977044400,63960
C:\Workspace\TESIS\paper\Paper-Q1-4\experiment\TP2M5B\outputs\gru_receiver_bank\seed_2025\electricity\t128\w05\predictions.csv,0ffcdbf92a88a81440e8028e4315fb8714a7898093e6f1554c1289a09309e032,1787823393945004100,184319
C:\Workspace\TESIS\paper\Paper-Q1-4\experiment\TP2M5B\outputs\gru_receiver_bank\seed_2025\electricity\t129\w05\checkpoint.weights.h5,f427417a6f8512edef36cc4df1740a51d2104042065fe882d0c55329660a50cc,1787823381404512600,63960
C:\Workspace\TESIS\paper\Paper-Q1-4\experiment\TP2M5B\outputs\gru_receiver_bank\seed_2025\electricity\t129\w05\predictions.csv,e3b478f0ec63a022577578e25b5b1adfaff7d514a5c884a491d72cb544c2845d,1787823381358236500,191287
C:\Workspace\TESIS\paper\Paper-Q1-4\experiment\TP2M5B\outputs\gru_receiver_bank\seed_2025\electricity\t133\w05\checkpoint.weights.h5,a159220e925c5c339c4b75b6067d2ebe268156aed40dfd34fa5de556d16b8a2b,1787823851748997500,63960
C:\Workspace\TESIS\paper\Paper-Q1-4\experiment\TP2M5B\outputs\gru_receiver_bank\seed_2025\electricity\t133\w05\predictions.csv,a2625dd3b2a6ed663ce1e9a277950cc42730317ebcd0920d0b8b17282db27930,1787823851717567200,187375
C:\Workspace\TESIS\paper\Paper-Q1-4\experiment\TP2M5B\outputs\gru_receiver_bank\seed_2025\electricity\t134\w05\checkpoint.weights.h5,882e1776599728b4c72586db584cb46050634619616a0fe58785b4eda626dfdd,1787824333857401800,63960
C:\Workspace\TESIS\paper\Paper-Q1-4\experiment\TP2M5B\outputs\gru_receiver_bank\seed_2025\electricity\t134\w05\predictions.csv,8c251a69962c7f8d076bcaf1b11698581e3b1822dacb6eac15644a250243314d,1787824333820486200,190055
C:\Workspace\TESIS\paper\Paper-Q1-4\experiment\TP2M5B\outputs\gru_receiver_bank\seed_2025\electricity\t135\w05\checkpoint.weights.h5,76b2df3f68fd1de9ba1488e60609f23e888d74c155a0eb9dadc42d706ad63900,1787823697672105200,63960
C:\Workspace\TESIS\paper\Paper-Q1-4\experiment\TP2M5B\outputs\gru_receiver_bank\seed_2025\electricity\t135\w05\predictions.csv,0a13428039ae84222e4f90c945ce8313bc65a24920f1732cefd4c6fdd43c3651,1787823697621730500,188485
C:\Workspace\TESIS\paper\Paper-Q1-4\experiment\TP2M5B\outputs\gru_receiver_bank\seed_2025\electricity\t144\w05\checkpoint.weights.h5,0cc3fe8b5a073d30dd6f34bbc425607d57ef326fb133813fadafc92596199a8e,1787823543521766800,63960
C:\Workspace\TESIS\paper\Paper-Q1-4\experiment\TP2M5B\outputs\gru_receiver_bank\seed_2025\electricity\t144\w05\predictions.csv,979b50751502d509bdb67d69846e8681b6f300e9b6e4e34470ada8923dc1f9bf,1787823543491989300,190682
C:\Workspace\TESIS\paper\Paper-Q1-4\experiment\TP2M5B\outputs\gru_receiver_bank\seed_2025\electricity\t2\w05\checkpoint.weights.h5,902c3bc2f69272a03eb62c57ec3ab62759cb58b0df88aea100a36bd5adf065db,1787823948803271600,63960
C:\Workspace\TESIS\paper\Paper-Q1-4\experiment\TP2M5B\outputs\gru_receiver_bank\seed_2025\electricity\t2\w05\predictions.csv,4afb3f103839b5cf7a3006da3de6461a43d3cceff1e7c49e44406112533503bf,1787823948770925700,187775
C:\Workspace\TESIS\paper\Paper-Q1-4\experiment\TP2M5B\outputs\gru_receiver_bank\seed_2025\electricity\t20\w05\checkpoint.weights.h5,ffd090c07a21dea6ca029ee6ca90098011f1aa2e613bb480ebf8b0fb9d941c4b,1787823662605126400,63960
C:\Workspace\TESIS\paper\Paper-Q1-4\experiment\TP2M5B\outputs\gru_receiver_bank\seed_2025\electricity\t20\w05\predictions.csv,c501ae0399eb35c7561ae1d50df9ad07af33cfab0c0ef5a92015a6698f574b7a,1787823662572719600,186409
C:\Workspace\TESIS\paper\Paper-Q1-4\experiment\TP2M5B\outputs\gru_receiver_bank\seed_2025\electricity\t208\w05\checkpoint.weights.h5,5a5cf3c32bceeaf5b5b0717edcb9ff6551f14288549bff640f8866993ad47053,1787823762373556100,63960
C:\Workspace\TESIS\paper\Paper-Q1-4\experiment\TP2M5B\outputs\gru_receiver_bank\seed_2025\electricity\t208\w05\predictions.csv,acd6df06267e99868d556191c8de7b4cd8c9e330d257bc1a2c03f52a440479fb,1787823762330977400,188063
C:\Workspace\TESIS\paper\Paper-Q1-4\experiment\TP2M5B\outputs\gru_receiver_bank\seed_2025\electricity\t224\w05\checkpoint.weights.h5,a6b5879a2d7482e38d75fcbafc8293962d04684a901c6bd4bf6d868a53601124,1787823862397326200,63960
C:\Workspace\TESIS\paper\Paper-Q1-4\experiment\TP2M5B\outputs\gru_receiver_bank\seed_2025\electricity\t224\w05\predictions.csv,fc0e13ce14d2b15864d06e058d3fbe6ab7c598f721b8623206920ab72926aebe,1787823862375476800,198744
C:\Workspace\TESIS\paper\Paper-Q1-4\experiment\TP2M5B\outputs\gru_receiver_bank\seed_2025\electricity\t234\w05\checkpoint.weights.h5,ea9a7647620326caf969ca476024178b12de38c1b889655e4e6afaf07a892023,1787823674617751800,63960
C:\Workspace\TESIS\paper\Paper-Q1-4\experiment\TP2M5B\outputs\gru_receiver_bank\seed_2025\electricity\t234\w05\predictions.csv,7b9a9fcb591fe9419a4f9b1453f2b7a9c31b5a107c5a3c7565552f3ee856ee6a,1787823674581143700,193586
C:\Workspace\TESIS\paper\Paper-Q1-4\experiment\TP2M5B\outputs\gru_receiver_bank\seed_2025\electricity\t237\w05\checkpoint.weights.h5,d9c13d0e25a140a2072a4c90c715ac3077370d025ffd316cba3833f5ceea2887,1787824263061728100,63960
C:\Workspace\TESIS\paper\Paper-Q1-4\experiment\TP2M5B\outputs\gru_receiver_bank\seed_2025\electricity\t237\w05\predictions.csv,e8fa6f147c9fcdcf49425791b67b45e733a0581570d67608868b97312bda64ea,1787824263029459900,198478
C:\Workspace\TESIS\paper\Paper-Q1-4\experiment\TP2M5B\outputs\gru_receiver_bank\seed_2025\electricity\t249\w05\checkpoint.weights.h5,bf400c4643f8bff0dcb74a2b72d648a7d4b13170fa9b995334b1915d05ed1826,1787823850976526800,63960
C:\Workspace\TESIS\paper\Paper-Q1-4\experiment\TP2M5B\outputs\gru_receiver_bank\seed_2025\electricity\t249\w05\predictions.csv,2c6d667d39826b0d982e31e29436fce14f5fce87094abb87d29cae7cde9b039f,1787823850943134800,183279
C:\Workspace\TESIS\paper\Paper-Q1-4\experiment\TP2M5B\outputs\gru_receiver_bank\seed_2025\electricity\t26\w05\checkpoint.weights.h5,6a61a03c04c7b749c5da3aaa48f23b3ecbc46247cce6e8a81511a522ab387b4f,1787824005269904300,63960
C:\Workspace\TESIS\paper\Paper-Q1-4\experiment\TP2M5B\outputs\gru_receiver_bank\seed_2025\electricity\t26\w05\predictions.csv,5875f831bec75d6178054ea651244a35cc728f96ca11b039adaafc366e149702,1787824005238655300,185950
C:\Workspace\TESIS\paper\Paper-Q1-4\experiment\TP2M5B\outputs\gru_receiver_bank\seed_2025\electricity\t3\w05\checkpoint.weights.h5,45cbe16dee826223b88be5b1e8ecc20730d1d3c61b319f2b95135a2476015a7e,1787823728061146400,63960
C:\Workspace\TESIS\paper\Paper-Q1-4\experiment\TP2M5B\outputs\gru_receiver_bank\seed_2025\electricity\t3\w05\predictions.csv,aac72510a1886bcb467f932f32c5cfb4216b35b8e008d15b59708d63bb09d2ff,1787823728024349000,185468
C:\Workspace\TESIS\paper\Paper-Q1-4\experiment\TP2M5B\outputs\gru_receiver_bank\seed_2025\electricity\t30\w05\checkpoint.weights.h5,7435c306021d3fbaf1348e020729ed44de94621934231ecd6942b0943c68b077,1787823777211183900,63960
C:\Workspace\TESIS\paper\Paper-Q1-4\experiment\TP2M5B\outputs\gru_receiver_bank\seed_2025\electricity\t30\w05\predictions.csv,d31b6200706a56cf1103e19d8568c2e17d700d936e1c5450568af8eb66237282,1787823777182230600,187837
C:\Workspace\TESIS\paper\Paper-Q1-4\experiment\TP2M5B\outputs\gru_receiver_bank\seed_2025\electricity\t314\w05\checkpoint.weights.h5,0aff1708e303b390cea617f98a346f545fe8b916778ae23ddee88dbd13e683aa,1787822942812590000,63960
C:\Workspace\TESIS\paper\Paper-Q1-4\experiment\TP2M5B\outputs\gru_receiver_bank\seed_2025\electricity\t314\w05\predictions.csv,904439307e672babe7a932347c205d8442e6f95cc3653e457046b913f703080f,1787822942765929300,194890
C:\Workspace\TESIS\paper\Paper-Q1-4\experiment\TP2M5B\outputs\gru_receiver_bank\seed_2025\electricity\t316\w05\checkpoint.weights.h5,fcc6ed067f91e5ae8ceb878ee8e2e3b184d231510a6d72fc0d7934cc961be93c,1787823798217785500,63960
C:\Workspace\TESIS\paper\Paper-Q1-4\experiment\TP2M5B\outputs\gru_receiver_bank\seed_2025\electricity\t316\w05\predictions.csv,832e889d7e144a696889a95d03382682d2600350400e606749efbd805041f6bb,1787823798190036000,190876
C:\Workspace\TESIS\paper\Paper-Q1-4\experiment\TP2M5B\outputs\gru_receiver_bank\seed_2025\electricity\t318\w05\checkpoint.weights.h5,abe60b98251d9f46aadbe840d1607e952500e692a0cb31d16eacbfbdb3801086,1787823251294515300,63960
C:\Workspace\TESIS\paper\Paper-Q1-4\experiment\TP2M5B\outputs\gru_receiver_bank\seed_2025\electricity\t318\w05\predictions.csv,b705cb1adc812ced5c194d26b826cc2c9d0fe8f308d9bc4779650797777ebaec,1787823251258740000,185055
C:\Workspace\TESIS\paper\Paper-Q1-4\experiment\TP2M5B\outputs\gru_receiver_bank\seed_2025\electricity\t321\w05\checkpoint.weights.h5,243dc332a8fee5e488936059c092f5e60e889956a56fd90d0e1b8dd95ded1f86,1787824209956160800,63960
C:\Workspace\TESIS\paper\Paper-Q1-4\experiment\TP2M5B\outputs\gru_receiver_bank\seed_2025\electricity\t321\w05\predictions.csv,1810aaea401d762183841b121978a63673eacb3e6cb90f2b6aa37ab005daa424,1787824209924230000,186573
C:\Workspace\TESIS\paper\Paper-Q1-4\experiment\TP2M5B\outputs\gru_receiver_bank\seed_2025\electricity\t60\w05\checkpoint.weights.h5,e134467f9b9f0c3b812e941b1edc0ea8e3e4835eb0a82aae10552f4344e66f04,1787824253133433600,63960
C:\Workspace\TESIS\paper\Paper-Q1-4\experiment\TP2M5B\outputs\gru_receiver_bank\seed_2025\electricity\t60\w05\predictions.csv,ed8d44496743d0d8b3b87a1e2a9f59432cd5ddfa03eaa7b0202b1430c9e182e3,1787824253108954400,186737
C:\Workspace\TESIS\paper\Paper-Q1-4\experiment\TP2M5B\outputs\gru_receiver_bank\seed_2025\electricity\t7\w05\checkpoint.weights.h5,a047bc6460ea05f1e91dc91960f8eed0a2ed39f64a5e3760b004faf38a188479,1787822934022243700,63960
C:\Workspace\TESIS\paper\Paper-Q1-4\experiment\TP2M5B\outputs\gru_receiver_bank\seed_2025\electricity\t7\w05\predictions.csv,7c91fc537ee9e7fed9fbb4fb90116a7ada94eb744c09e96cdc3378ac62fb237c,1787822933998519800,183749
C:\Workspace\TESIS\paper\Paper-Q1-4\experiment\TP2M5B\outputs\gru_receiver_bank\seed_2025\electricity\t82\w05\checkpoint.weights.h5,44d8daf319c6d1f1bdac7af21e0a27b37078276d63597925c7a934fcb33c5b6e,1787823340073659500,63960
C:\Workspace\TESIS\paper\Paper-Q1-4\experiment\TP2M5B\outputs\gru_receiver_bank\seed_2025\electricity\t82\w05\predictions.csv,890e5f130e72ceb59a8929830de83bf10cbaa5a203af2c3f0128984e0e09814b,1787823340046238600,185849
C:\Workspace\TESIS\paper\Paper-Q1-4\experiment\TP2M5B\outputs\gru_receiver_bank\seed_2025\electricity\t84\w05\checkpoint.weights.h5,28300500273a4c4b9b544342f9768f02128299c6254bebd1ec1faefa58d3a98f,1787823130464800600,63960
C:\Workspace\TESIS\paper\Paper-Q1-4\experiment\TP2M5B\outputs\gru_receiver_bank\seed_2025\electricity\t84\w05\predictions.csv,aee35e573bda6d4c965886b3cfb401b156afea195ab6c9566c59dc3e481d58bf,1787823130433004600,185725
C:\Workspace\TESIS\paper\Paper-Q1-4\experiment\TP2M5B\outputs\gru_receiver_bank\seed_2025\electricity\t85\w05\checkpoint.weights.h5,da1f76a80298fbf8d6e7599f48cbe621a7347db982cb534b6b90311674defdff,1787823520044290700,63960
C:\Workspace\TESIS\paper\Paper-Q1-4\experiment\TP2M5B\outputs\gru_receiver_bank\seed_2025\electricity\t85\w05\predictions.csv,e3b58aa2b8a00108f79af31fc4101e2190ce738f851017a165f4a1f5552bded3,1787823520014287700,187498
C:\Workspace\TESIS\paper\Paper-Q1-4\experiment\TP2M5B\outputs\gru_receiver_bank\seed_2025\electricity\t86\w05\checkpoint.weights.h5,0147352a10f79f7c49746e3a1abc56e73b02d37f8b6a057545abe85b049f40a0,1787823524634304700,63960
C:\Workspace\TESIS\paper\Paper-Q1-4\experiment\TP2M5B\outputs\gru_receiver_bank\seed_2025\electricity\t86\w05\predictions.csv,c0982565b215b8fa45e11cc981e82844f9268f20e498678b6a10abf5c7b3f094,1787823524585600200,187738
C:\Workspace\TESIS\paper\Paper-Q1-4\experiment\TP2M5B\outputs\gru_receiver_bank\seed_2025\electricity\t95\w05\checkpoint.weights.h5,f9c75316c5a2f3f872c6cd2fffae63c8a80a8581d04d93d1a2bf4198f52d30ab,1787824032429336400,63960
C:\Workspace\TESIS\paper\Paper-Q1-4\experiment\TP2M5B\outputs\gru_receiver_bank\seed_2025\electricity\t95\w05\predictions.csv,2a9b19c3ff37f1f11d805cce07ab4584e531498f64d2b7f47debc80b03d5ee00,1787824032397156700,190116
C:\Workspace\TESIS\paper\Paper-Q1-4\experiment\TP2M5B\outputs\gru_receiver_bank\seed_2025\who\australia\w05\checkpoint.weights.h5,66f625c275cefc2a690324ac91e712022b84b5e892f74e27ed97f4a5e36b2fcc,1787821882437305900,63960
C:\Workspace\TESIS\paper\Paper-Q1-4\experiment\TP2M5B\outputs\gru_receiver_bank\seed_2025\who\australia\w05\predictions.csv,c1bccd45364b52ad95fe3be625184a100618ff8e23a05e368889308b5198db6c,1787821882402323800,182955
C:\Workspace\TESIS\paper\Paper-Q1-4\experiment\TP2M5B\outputs\gru_receiver_bank\seed_2025\who\austria\w05\checkpoint.weights.h5,ae3b3579083e50608dfb9767771d380fa815a9ab7568121146618753a0cc4f91,1787821916140723600,63960
C:\Workspace\TESIS\paper\Paper-Q1-4\experiment\TP2M5B\outputs\gru_receiver_bank\seed_2025\who\austria\w05\predictions.csv,e196b1ae5d91039edc90274fbe09379703097d25a0d06e73de7740946f1f18e8,1787821916108919000,184694
C:\Workspace\TESIS\paper\Paper-Q1-4\experiment\TP2M5B\outputs\gru_receiver_bank\seed_2025\who\bangladesh\w05\checkpoint.weights.h5,d92514ba787b991cf42457cc320335cd790585a12c3f1d89cef286ebcff0001d,1787821929787199800,63960
C:\Workspace\TESIS\paper\Paper-Q1-4\experiment\TP2M5B\outputs\gru_receiver_bank\seed_2025\who\bangladesh\w05\predictions.csv,eb7433399ddeda6ce81a985c0c327115a7373171c36db0121e1f4f091d7c5c40,1787821929757545100,185392
C:\Workspace\TESIS\paper\Paper-Q1-4\experiment\TP2M5B\outputs\gru_receiver_bank\seed_2025\who\bhutan\w05\checkpoint.weights.h5,6c2386e95aefcfb420bffcf0d70cd756af079df3ea2120a4e92e5228312ed176,1787821838392614400,63960
C:\Workspace\TESIS\paper\Paper-Q1-4\experiment\TP2M5B\outputs\gru_receiver_bank\seed_2025\who\bhutan\w05\predictions.csv,81801983e67f76136d1d4ce667d82be8416448569db789de86a54b3892430105,1787821838355776000,186011
C:\Workspace\TESIS\paper\Paper-Q1-4\experiment\TP2M5B\outputs\gru_receiver_bank\seed_2025\who\brunei_darussalam\w05\checkpoint.weights.h5,7a8dc22fe3b9897e0ace107fdc60dc475f65bd388d5eaf2d3a2f955a02aa2d76,1787821982203062000,63960
C:\Workspace\TESIS\paper\Paper-Q1-4\experiment\TP2M5B\outputs\gru_receiver_bank\seed_2025\who\brunei_darussalam\w05\predictions.csv,d2ccde0654d7ffb64224e39ce8ee5fe230b5849b804cc90326d247e624e153c5,1787821982166481700,185707
C:\Workspace\TESIS\paper\Paper-Q1-4\experiment\TP2M5B\outputs\gru_receiver_bank\seed_2025\who\cambodia\w05\checkpoint.weights.h5,b1443e467ee2f776f2d6010daa6e0fbf4dbe1fd2efc164756a92b6d6ae1120e4,1787821998323463000,63960
C:\Workspace\TESIS\paper\Paper-Q1-4\experiment\TP2M5B\outputs\gru_receiver_bank\seed_2025\who\cambodia\w05\predictions.csv,9e25f512352711ff3092e4b3e064c0f6dca63ea58d30beccd2259f000d3251ce,1787821998291784800,182836
C:\Workspace\TESIS\paper\Paper-Q1-4\experiment\TP2M5B\outputs\gru_receiver_bank\seed_2025\who\china\w05\checkpoint.weights.h5,b68ee2272b32fe055630d5cf5ac46110ddc41394c9fcf132ca40b977de854541,1787822000973735900,63960
C:\Workspace\TESIS\paper\Paper-Q1-4\experiment\TP2M5B\outputs\gru_receiver_bank\seed_2025\who\china\w05\predictions.csv,62474f9f6290b0baff3ea33082392bd4f137cf2b2221edeb5b9972f721b96d55,1787822000941327100,183666
C:\Workspace\TESIS\paper\Paper-Q1-4\experiment\TP2M5B\outputs\gru_receiver_bank\seed_2025\who\fiji\w05\checkpoint.weights.h5,f523b3f0e3cb2a69fa44f4c200c9852b5fa0f3a031d9412b907dceca993e066b,1787821998525563900,63960
C:\Workspace\TESIS\paper\Paper-Q1-4\experiment\TP2M5B\outputs\gru_receiver_bank\seed_2025\who\fiji\w05\predictions.csv,3580c10e308d6fed507b6a11a9a95bc5a26fec530abb6423a976b63cbebd08a8,1787821998491036100,183828
C:\Workspace\TESIS\paper\Paper-Q1-4\experiment\TP2M5B\outputs\gru_receiver_bank\seed_2025\who\french_polynesia\w05\checkpoint.weights.h5,d4569da7e6483fad878123ab41cf1cf3b6010cc4b14f5ee70b23f80802727f04,1787822243539310000,63960
C:\Workspace\TESIS\paper\Paper-Q1-4\experiment\TP2M5B\outputs\gru_receiver_bank\seed_2025\who\french_polynesia\w05\predictions.csv,7fcbb580a0fb7b7fac7503a287a42080e322eb3895279a0d517384cb5efa9d45,1787822243495672100,186802
C:\Workspace\TESIS\paper\Paper-Q1-4\experiment\TP2M5B\outputs\gru_receiver_bank\seed_2025\who\guam\w05\checkpoint.weights.h5,ea4ab074ee02caa26f73c0ed315ae605ba0ec96206f3b19d8f6ab1877f68a984,1787822204956737300,63960
C:\Workspace\TESIS\paper\Paper-Q1-4\experiment\TP2M5B\outputs\gru_receiver_bank\seed_2025\who\guam\w05\predictions.csv,c086ae34c6291acd4333548af36eb458c96cc45b7df57daf9cf3b7bc4c1c6339,1787822204925031900,184664
C:\Workspace\TESIS\paper\Paper-Q1-4\experiment\TP2M5B\outputs\gru_receiver_bank\seed_2025\who\lao_people_s_democratic_republic\w05\checkpoint.weights.h5,ed027cdc15c0e3c9d5003fc7adbeed21823a00a8449aec03877604abf0e39a70,1787822071309813600,63960
C:\Workspace\TESIS\paper\Paper-Q1-4\experiment\TP2M5B\outputs\gru_receiver_bank\seed_2025\who\lao_people_s_democratic_republic\w05\predictions.csv,64fe6546fded464924c075b3489b0cf7cea3a077df33630c8e3599ce73bb1f84,1787822071276852500,183109
C:\Workspace\TESIS\paper\Paper-Q1-4\experiment\TP2M5B\outputs\gru_receiver_bank\seed_2025\who\malaysia\w05\checkpoint.weights.h5,c0cb2f420e91eaf3e5800061bf5f36d5f0300d35c6260b9253dbef3d4c27b5a8,1787822110903344200,63960
C:\Workspace\TESIS\paper\Paper-Q1-4\experiment\TP2M5B\outputs\gru_receiver_bank\seed_2025\who\malaysia\w05\predictions.csv,974598dbbd20102f40aa7e204c625f23143688896e9ba4c9495c29bea89dd50a,1787822110867803300,186550
C:\Workspace\TESIS\paper\Paper-Q1-4\experiment\TP2M5B\outputs\gru_receiver_bank\seed_2025\who\maldives\w05\checkpoint.weights.h5,76b8c1be3c17407e5b1829ea962cf0212d8202a0e978e2e19eb47f1e993b308a,1787822202490700200,63960
C:\Workspace\TESIS\paper\Paper-Q1-4\experiment\TP2M5B\outputs\gru_receiver_bank\seed_2025\who\maldives\w05\predictions.csv,534df225c7eb2da28904b6b49e9b20e2d510ca5bf6118abc691173f37f396d57,1787822202452264800,186689
C:\Workspace\TESIS\paper\Paper-Q1-4\experiment\TP2M5B\outputs\gru_receiver_bank\seed_2025\who\mexico\w05\checkpoint.weights.h5,cada066a597b7f01573533c93b99fd1ffc1169e2ebcbf56ea646e8d6a928a654,1787822295726278400,63960
C:\Workspace\TESIS\paper\Paper-Q1-4\experiment\TP2M5B\outputs\gru_receiver_bank\seed_2025\who\mexico\w05\predictions.csv,552ae025d0ecf840d92fdb404136066070a51e77210658df2521697981d03e7b,1787822295684888400,186383
C:\Workspace\TESIS\paper\Paper-Q1-4\experiment\TP2M5B\outputs\gru_receiver_bank\seed_2025\who\mongolia\w05\checkpoint.weights.h5,c3c20b370d04cb576937c95cf3f463139f3d363fa412d8d867bd92cfbe74c689,1787822295205422000,63960
C:\Workspace\TESIS\paper\Paper-Q1-4\experiment\TP2M5B\outputs\gru_receiver_bank\seed_2025\who\mongolia\w05\predictions.csv,9d25b9e73c517601e94b213319830366ca3b6fab3a16d7184cd4367111287854,1787822295177500300,183560
C:\Workspace\TESIS\paper\Paper-Q1-4\experiment\TP2M5B\outputs\gru_receiver_bank\seed_2025\who\myanmar\w05\checkpoint.weights.h5,7944dffd15d1280b02b9f6cfdbd8c074d94022d0d7e32e7d56be82bcda1eeebf,1787822347809970100,63960
C:\Workspace\TESIS\paper\Paper-Q1-4\experiment\TP2M5B\outputs\gru_receiver_bank\seed_2025\who\myanmar\w05\predictions.csv,431e6f3fe9a41f1850998fa310461d37eeff606da0146521e7431624dcd5e995,1787822347772197100,181580
C:\Workspace\TESIS\paper\Paper-Q1-4\experiment\TP2M5B\outputs\gru_receiver_bank\seed_2025\who\nepal\w05\checkpoint.weights.h5,60897a7a74f403bd0fd96dd28faeebb08ce2b22d54a360e918b3190eec127707,1787822523090666800,63960
C:\Workspace\TESIS\paper\Paper-Q1-4\experiment\TP2M5B\outputs\gru_receiver_bank\seed_2025\who\nepal\w05\predictions.csv,53f7224d1b95a6625113e9c7e5ba7749786672ec4e87356066293e1f0e9d41f3,1787822523057987100,184361
C:\Workspace\TESIS\paper\Paper-Q1-4\experiment\TP2M5B\outputs\gru_receiver_bank\seed_2025\who\new_caledonia\w05\checkpoint.weights.h5,5e7207352a01d7c1c07f95d13d9219d1aa72632845a13cf0b413afa48a72e610,1787822366273127000,63960
C:\Workspace\TESIS\paper\Paper-Q1-4\experiment\TP2M5B\outputs\gru_receiver_bank\seed_2025\who\new_caledonia\w05\predictions.csv,ab3a908fe70ad62b4f63ae7e057e8dae374a234b09a9d5b29026dba7bf7cfc5f,1787822366241630900,184857
C:\Workspace\TESIS\paper\Paper-Q1-4\experiment\TP2M5B\outputs\gru_receiver_bank\seed_2025\who\new_zealand\w05\checkpoint.weights.h5,afc2809d4487dfc1fdf5d8a585c44225defdc3586720552c3a0aebb1f54662af,1787822366909070700,63960
C:\Workspace\TESIS\paper\Paper-Q1-4\experiment\TP2M5B\outputs\gru_receiver_bank\seed_2025\who\new_zealand\w05\predictions.csv,4d3077920d62ce766f1708fa5cb286b35d567dc144c537ccbb4d4d378b22c633,1787822366877638500,184208
C:\Workspace\TESIS\paper\Paper-Q1-4\experiment\TP2M5B\outputs\gru_receiver_bank\seed_2025\who\northern_mariana_islands\w05\checkpoint.weights.h5,e4e01a003a21655d5d0062b8cbdcf0fb61f4aceeac0d55977555cb3be8c2a2b1,1787822507570286000,63960
C:\Workspace\TESIS\paper\Paper-Q1-4\experiment\TP2M5B\outputs\gru_receiver_bank\seed_2025\who\northern_mariana_islands\w05\predictions.csv,84abeb2fe2e270ccdd98f1bc71f2653412d8b305db7a29d9f2d7b8564bfd9db6,1787822507542588100,181665
C:\Workspace\TESIS\paper\Paper-Q1-4\experiment\TP2M5B\outputs\gru_receiver_bank\seed_2025\who\palau\w05\checkpoint.weights.h5,3edadce552d7d44021e94269f6f458db2ff14244b6235bb2c384f310f12f6a94,1787822441757173100,63960
C:\Workspace\TESIS\paper\Paper-Q1-4\experiment\TP2M5B\outputs\gru_receiver_bank\seed_2025\who\palau\w05\predictions.csv,ad89de06a763d18375f5d61d8f121b90b9e4a9f7ae932cefe2cfc3022ee25c7d,1787822441722298300,182332
C:\Workspace\TESIS\paper\Paper-Q1-4\experiment\TP2M5B\outputs\gru_receiver_bank\seed_2025\who\papua_new_guinea\w05\checkpoint.weights.h5,16e88249f2d73ebe0767928d7592b8442bb31903189fcc9a5e064e459f2caeb5,1787822430514411500,63960
C:\Workspace\TESIS\paper\Paper-Q1-4\experiment\TP2M5B\outputs\gru_receiver_bank\seed_2025\who\papua_new_guinea\w05\predictions.csv,bc729c5a40b32b69ff37008b6de597539f3dacb69f55628a659f90b5756ad211,1787822430476446800,184860
C:\Workspace\TESIS\paper\Paper-Q1-4\experiment\TP2M5B\outputs\gru_receiver_bank\seed_2025\who\philippines\w05\checkpoint.weights.h5,29db057eb83d9a77dbcfaabc37eb5879e0097323e84902289905f45bda393634,1787822501724601800,63960
C:\Workspace\TESIS\paper\Paper-Q1-4\experiment\TP2M5B\outputs\gru_receiver_bank\seed_2025\who\philippines\w05\predictions.csv,95828e7e79de68afbcbccc696988e8b22c54181903f31af821bfb7839c56b2fe,1787822501687463200,186515
C:\Workspace\TESIS\paper\Paper-Q1-4\experiment\TP2M5B\outputs\gru_receiver_bank\seed_2025\who\singapore\w05\checkpoint.weights.h5,aa78011cd3b42661850d8a46750fbcaa430d0b2312e0eb0291275e17c206460f,1787822673354972400,63960
C:\Workspace\TESIS\paper\Paper-Q1-4\experiment\TP2M5B\outputs\gru_receiver_bank\seed_2025\who\singapore\w05\predictions.csv,a4f9e437bc0dc46b07cd26bef76f39c5786b54a6705e254e8ff515c26af3c238,1787822673318840000,181444
C:\Workspace\TESIS\paper\Paper-Q1-4\experiment\TP2M5B\outputs\gru_receiver_bank\seed_2025\who\sri_lanka\w05\checkpoint.weights.h5,9d3b0af93a2d4b549a3659da09443f2fe4b553d4668403d6ead135ea063baceb,1787822762267355500,63960
C:\Workspace\TESIS\paper\Paper-Q1-4\experiment\TP2M5B\outputs\gru_receiver_bank\seed_2025\who\sri_lanka\w05\predictions.csv,57309902afee839d031867866df5dbb0cfcfcb8d6cc7ae0d9c5e566f27e83e35,1787822762229588800,182001
C:\Workspace\TESIS\paper\Paper-Q1-4\experiment\TP2M5B\outputs\gru_receiver_bank\seed_2025\who\switzerland\w05\checkpoint.weights.h5,10ec64ceb75175605fe5efcca68bd39f8685366d565cc841eca1a6b419112230,1787822651794920400,63960
C:\Workspace\TESIS\paper\Paper-Q1-4\experiment\TP2M5B\outputs\gru_receiver_bank\seed_2025\who\switzerland\w05\predictions.csv,e3432dd727a979fa68259fb0f82a93b527d66662e7121edd3ccefcfbab8684d6,1787822651757735200,188157
C:\Workspace\TESIS\paper\Paper-Q1-4\experiment\TP2M5B\outputs\gru_receiver_bank\seed_2025\who\thailand\w05\checkpoint.weights.h5,27711aa1199001dbf4eb29d446f5e276fa8d0947e40172b644059b31d21194a1,1787822605218786200,63960
C:\Workspace\TESIS\paper\Paper-Q1-4\experiment\TP2M5B\outputs\gru_receiver_bank\seed_2025\who\thailand\w05\predictions.csv,005e50ca04e22c7ee58500dab549b8a2aad2a52f0f8611c1cd60ec84cd279141,1787822605195038900,185592
C:\Workspace\TESIS\paper\Paper-Q1-4\experiment\TP2M5B\outputs\gru_receiver_bank\seed_2025\who\timor_leste\w05\checkpoint.weights.h5,8f5f5033b6c5f42053b4ed8ef2721f0cc5a3dc64758d27250b068406a3fb1be3,1787822669799021700,63960
C:\Workspace\TESIS\paper\Paper-Q1-4\experiment\TP2M5B\outputs\gru_receiver_bank\seed_2025\who\timor_leste\w05\predictions.csv,c99540225ed68cda208679adbd89867f2c1788a945fa058e636755833d2fa2a6,1787822669765108200,185627
C:\Workspace\TESIS\paper\Paper-Q1-4\experiment\TP2M5B\outputs\gru_receiver_bank\seed_2025\who\united_kingdom_of_great_britain_and_northern_ireland\w05\checkpoint.weights.h5,06300e2362ebb264a599d0388acd2a726aaf792d325e1d5d71642b3a4a8c8fd0,1787822850010203600,63960
C:\Workspace\TESIS\paper\Paper-Q1-4\experiment\TP2M5B\outputs\gru_receiver_bank\seed_2025\who\united_kingdom_of_great_britain_and_northern_ireland\w05\predictions.csv,933c6afa901f9bf16321a60bfc471a8ac7f08f49aa818f1cf7650beb4ddaa5ac,1787822849992225900,186359
C:\Workspace\TESIS\paper\Paper-Q1-4\experiment\TP2M5B\outputs\gru_receiver_bank\seed_2025\who\vanuatu\w05\checkpoint.weights.h5,9ba5fba9883be4946a0df9de8c48cac726949f3b38af5014d2d2937fc3b611e8,1787822740291082000,63960
C:\Workspace\TESIS\paper\Paper-Q1-4\experiment\TP2M5B\outputs\gru_receiver_bank\seed_2025\who\vanuatu\w05\predictions.csv,454c8837ab119b6f63f40b463ce33ef101a87a5679cbf0e28fb269819cd337a3,1787822740254231600,190756
C:\Workspace\TESIS\paper\Paper-Q1-4\experiment\TP2M5B\outputs\gru_receiver_bank\seed_2025\who\viet_nam\w05\checkpoint.weights.h5,a9848c8806504000e6dd3d9e3ed703e4b929cb1869f3630ebb33571b7d5242d2,1787823161234673700,63960
C:\Workspace\TESIS\paper\Paper-Q1-4\experiment\TP2M5B\outputs\gru_receiver_bank\seed_2025\who\viet_nam\w05\predictions.csv,e59f0c95353a0a33d8fb39a5d80e1e0ce1cfc92628fa2f3c3be53d8c92a4cfbc,1787823161194212900,183425
C:\Workspace\TESIS\paper\Paper-Q1-4\experiment\TP2M5B\outputs\gru_receiver_bank\seed_42\dengue\kaohsiung_city\w05\checkpoint.weights.h5,12b4af44772837393752dff64898ac677547f816e3cac65ffdd479d97f1e8bd8,1787818821083319900,63960
C:\Workspace\TESIS\paper\Paper-Q1-4\experiment\TP2M5B\outputs\gru_receiver_bank\seed_42\dengue\kaohsiung_city\w05\predictions.csv,898324e29217d6b0809ba88d945a29961fed5def52bc7632bbfec95e0abafc47,1787818821031794600,181299
C:\Workspace\TESIS\paper\Paper-Q1-4\experiment\TP2M5B\outputs\gru_receiver_bank\seed_42\dengue\new_taipei_city\w05\checkpoint.weights.h5,99058600def8ec69658aa90a991302bfa52d4ccc1a20a73d68e62e96d54be3b7,1787818877711579200,63960
C:\Workspace\TESIS\paper\Paper-Q1-4\experiment\TP2M5B\outputs\gru_receiver_bank\seed_42\dengue\new_taipei_city\w05\predictions.csv,cc337bbb76ec1f9bdedb88c87f62577ac5fdf15d54b1e03a4fa6472f3e997e6f,1787818877673336100,182466
C:\Workspace\TESIS\paper\Paper-Q1-4\experiment\TP2M5B\outputs\gru_receiver_bank\seed_42\dengue\pingtung_county\w05\checkpoint.weights.h5,5f6f84ad82d37be1341c2650ee26d10a6f73bd0a1a6037f28fe13eaa23e4a716,1787818888618452600,63960
C:\Workspace\TESIS\paper\Paper-Q1-4\experiment\TP2M5B\outputs\gru_receiver_bank\seed_42\dengue\pingtung_county\w05\predictions.csv,012bfc5eae21dfde18031193c91da819c9c73735f543b6f9e6b577a1a22e3ba2,1787818888584617200,181617
C:\Workspace\TESIS\paper\Paper-Q1-4\experiment\TP2M5B\outputs\gru_receiver_bank\seed_42\dengue\taichung_city\w05\checkpoint.weights.h5,71f67a3ca01ecf238947a0f9ba97c33522694698e5f8f5ca6e78ecf2048f6dc0,1787818940839376800,63960
C:\Workspace\TESIS\paper\Paper-Q1-4\experiment\TP2M5B\outputs\gru_receiver_bank\seed_42\dengue\taichung_city\w05\predictions.csv,03cd15b480463f51d14dfec1a330af25ed106ed5f4b3b2a67accf316c1ae063f,1787818940792821500,180918
C:\Workspace\TESIS\paper\Paper-Q1-4\experiment\TP2M5B\outputs\gru_receiver_bank\seed_42\dengue\tainan_city\w05\checkpoint.weights.h5,a5a234d6216214b4958a3d52bb33f519f5f17f66fbab11ab63559405d5c7e6c0,1787818952044309600,63960
C:\Workspace\TESIS\paper\Paper-Q1-4\experiment\TP2M5B\outputs\gru_receiver_bank\seed_42\dengue\tainan_city\w05\predictions.csv,b8c2917c7069a73ed8fa220fb6d720792ea9751050902102466942d70b9fd4ae,1787818952009526600,181740
C:\Workspace\TESIS\paper\Paper-Q1-4\experiment\TP2M5B\outputs\gru_receiver_bank\seed_42\dengue\taipei_city\w05\checkpoint.weights.h5,b74832d6da571fa343a5e524b79f6d96ddc3b0074bc8c9205085f1f54f00cc93,1787818978024175000,63960
C:\Workspace\TESIS\paper\Paper-Q1-4\experiment\TP2M5B\outputs\gru_receiver_bank\seed_42\dengue\taipei_city\w05\predictions.csv,b2636aac7574257792e092af94cb4a12f208fdcfb4e6b1fb03b2a29922b5becb,1787818977994731300,180880
C:\Workspace\TESIS\paper\Paper-Q1-4\experiment\TP2M5B\outputs\gru_receiver_bank\seed_42\dengue\yunlin_county\w05\checkpoint.weights.h5,3f65d4939cd27707d888395ab21eb59d237105f9dec6b2956a5af8ae61d18f92,1787819027825429200,63960
C:\Workspace\TESIS\paper\Paper-Q1-4\experiment\TP2M5B\outputs\gru_receiver_bank\seed_42\dengue\yunlin_county\w05\predictions.csv,c1ef2724ab41ec6934cdc1b169a25465f77185b3937ba8f5b0b3a70da6178e77,1787819027787404200,183061
C:\Workspace\TESIS\paper\Paper-Q1-4\experiment\TP2M5B\outputs\gru_receiver_bank\seed_42\electricity\t1\w05\checkpoint.weights.h5,d9f9ac5b7c80a7b730e69c0e3eee86caa60b5816a589e0b4099c24b0a81ef82b,1787818607427969800,63960
C:\Workspace\TESIS\paper\Paper-Q1-4\experiment\TP2M5B\outputs\gru_receiver_bank\seed_42\electricity\t1\w05\predictions.csv,ad240fbcfb5b40e09cf217b09baa570972f68b3623a4b8303c2cba76a913827d,1787818607395305600,184121
C:\Workspace\TESIS\paper\Paper-Q1-4\experiment\TP2M5B\outputs\gru_receiver_bank\seed_42\electricity\t100\w05\checkpoint.weights.h5,219925776f4fab166a7e8be0119da0a5bcc512f454919b05eb13f3bd4b2f5272,1787818621802207100,63960
C:\Workspace\TESIS\paper\Paper-Q1-4\experiment\TP2M5B\outputs\gru_receiver_bank\seed_42\electricity\t100\w05\predictions.csv,8a19d3ae8a7c6faa0e802dc0a38d18ab4a8199c7c7a6b79b3f932759e98db303,1787818621770548700,185735
C:\Workspace\TESIS\paper\Paper-Q1-4\experiment\TP2M5B\outputs\gru_receiver_bank\seed_42\electricity\t104\w05\checkpoint.weights.h5,0c6b3b9e016d46408b55b614f683d5d3c4ebeac24e69e6db5d873463e797bfeb,1787817896902677500,63960
C:\Workspace\TESIS\paper\Paper-Q1-4\experiment\TP2M5B\outputs\gru_receiver_bank\seed_42\electricity\t104\w05\predictions.csv,39b45b2674ec1c3c83c0f448f52f2bc70bb3a4c76acbb4cb64e6bd7a1354282a,1787817896864624100,186442
C:\Workspace\TESIS\paper\Paper-Q1-4\experiment\TP2M5B\outputs\gru_receiver_bank\seed_42\electricity\t106\w05\checkpoint.weights.h5,9d79eda37ca1877c4253cb6a36408b21397a630027680c6167e63d69f19f878c,1787817714682780400,63960
C:\Workspace\TESIS\paper\Paper-Q1-4\experiment\TP2M5B\outputs\gru_receiver_bank\seed_42\electricity\t106\w05\predictions.csv,3eba41348324f5a66fbc0f18b55c5320f6430ccb439fc4de362d67b937192c02,1787817714647133200,188605
C:\Workspace\TESIS\paper\Paper-Q1-4\experiment\TP2M5B\outputs\gru_receiver_bank\seed_42\electricity\t107\w05\checkpoint.weights.h5,5dcc6a9076ca76dcb153c4fe4fcebcfb724a73ac83dd6a424bfef693bba2fca5,1787818915705517700,63960
C:\Workspace\TESIS\paper\Paper-Q1-4\experiment\TP2M5B\outputs\gru_receiver_bank\seed_42\electricity\t107\w05\predictions.csv,2d94fa4159043e2798fa55be5db310993d673de9250efc9142960ed460f89623,1787818915666441400,183949
C:\Workspace\TESIS\paper\Paper-Q1-4\experiment\TP2M5B\outputs\gru_receiver_bank\seed_42\electricity\t108\w05\checkpoint.weights.h5,0c4a87c0156f19a3996d9ba9bfdae22219da5259ecfac63768c627b1a4b56312,1787817558390046800,63960
C:\Workspace\TESIS\paper\Paper-Q1-4\experiment\TP2M5B\outputs\gru_receiver_bank\seed_42\electricity\t108\w05\predictions.csv,e9e75f909cd1a16448044d57e52118f2e3b5f7f3591703a25c84978e73e9d3f4,1787817558360582300,186104
C:\Workspace\TESIS\paper\Paper-Q1-4\experiment\TP2M5B\outputs\gru_receiver_bank\seed_42\electricity\t11\w05\checkpoint.weights.h5,327c4b99100635bdfad4b456dbec2964292c06cc4818f6e403370732cb76551c,1787818509102151000,63960
C:\Workspace\TESIS\paper\Paper-Q1-4\experiment\TP2M5B\outputs\gru_receiver_bank\seed_42\electricity\t11\w05\predictions.csv,2111836864d0495b14fe6d4e541153546183443afbbaadd924e2fc6360bcfe81,1787818509072209300,186106
C:\Workspace\TESIS\paper\Paper-Q1-4\experiment\TP2M5B\outputs\gru_receiver_bank\seed_42\electricity\t115\w05\checkpoint.weights.h5,63c6fed00381ae3459ebdaf07f2bf32699f727039a16022839cefbed383ab970,1787818274066605300,63960
C:\Workspace\TESIS\paper\Paper-Q1-4\experiment\TP2M5B\outputs\gru_receiver_bank\seed_42\electricity\t115\w05\predictions.csv,f10059fc2e26cd04d26dfd81ae70f1da3b20fdc06b03f37d92ee8e7a0b617c5f,1787818274033303400,177361
C:\Workspace\TESIS\paper\Paper-Q1-4\experiment\TP2M5B\outputs\gru_receiver_bank\seed_42\electricity\t118\w05\checkpoint.weights.h5,8f1412c258e02be21ebea7d0d505da78dc563ca7e8eb75acf6123f3e13093def,1787817581279521300,63960
C:\Workspace\TESIS\paper\Paper-Q1-4\experiment\TP2M5B\outputs\gru_receiver_bank\seed_42\electricity\t118\w05\predictions.csv,15734bcaca50a42f647f5c9919e1f02a011bf41a08c2d2da4efcdf8395b86862,1787817581249090600,198065
C:\Workspace\TESIS\paper\Paper-Q1-4\experiment\TP2M5B\outputs\gru_receiver_bank\seed_42\electricity\t125\w05\checkpoint.weights.h5,649c4edcb7f0769ce267a621d67177009557475e3be7622155a2fb327a9f7983,1787818626074556900,63960
C:\Workspace\TESIS\paper\Paper-Q1-4\experiment\TP2M5B\outputs\gru_receiver_bank\seed_42\electricity\t125\w05\predictions.csv,54c7c7675bb0b1fd064597321e6c3e83cc4c9f93dadc934ceae4a028e2d9520b,1787818626038978600,186280
C:\Workspace\TESIS\paper\Paper-Q1-4\experiment\TP2M5B\outputs\gru_receiver_bank\seed_42\electricity\t128\w05\checkpoint.weights.h5,36394dea904818cd650fb2df1e999e924f7cba702ded5b1d6eadb3331b1705bd,1787817871228929300,63960
C:\Workspace\TESIS\paper\Paper-Q1-4\experiment\TP2M5B\outputs\gru_receiver_bank\seed_42\electricity\t128\w05\predictions.csv,fc50f8b6fee99d64d80f4c7fef8fccc1c058e6f06e563d3e09b7c624e7134c09,1787817871197133300,182562
C:\Workspace\TESIS\paper\Paper-Q1-4\experiment\TP2M5B\outputs\gru_receiver_bank\seed_42\electricity\t129\w05\checkpoint.weights.h5,f0682ebd56624973ac2acf9ade98efd85f1ab0d43e7dc7b5ad6cda0d441d97c1,1787817932348744400,63960
C:\Workspace\TESIS\paper\Paper-Q1-4\experiment\TP2M5B\outputs\gru_receiver_bank\seed_42\electricity\t129\w05\predictions.csv,ba7edfecef30dc52eb4ffc90265fd91524219f93d6dd7f39cb178d5abc69b32b,1787817932315777500,184842
C:\Workspace\TESIS\paper\Paper-Q1-4\experiment\TP2M5B\outputs\gru_receiver_bank\seed_42\electricity\t133\w05\checkpoint.weights.h5,2a52744db159f006c026bb3cadc5ee6e90849fc3d3f01598e078e4aab86af568,1787818361369489800,63960
C:\Workspace\TESIS\paper\Paper-Q1-4\experiment\TP2M5B\outputs\gru_receiver_bank\seed_42\electricity\t133\w05\predictions.csv,0daf6e66ee30e3022adf66610aa6c3a40c1c7be5e85a5b8b54aa8889779f3346,1787818361329666100,186034
C:\Workspace\TESIS\paper\Paper-Q1-4\experiment\TP2M5B\outputs\gru_receiver_bank\seed_42\electricity\t134\w05\checkpoint.weights.h5,86a3da2cb436367a6441e829b410e0fb969b6b720b5d3fb6718540bee27b7217,1787818976443354400,63960
C:\Workspace\TESIS\paper\Paper-Q1-4\experiment\TP2M5B\outputs\gru_receiver_bank\seed_42\electricity\t134\w05\predictions.csv,f4baac87a1c761439ce516e88f34c1d3f3ac3263b57f4a448f0eae2d81a10d80,1787818976412388200,186368
C:\Workspace\TESIS\paper\Paper-Q1-4\experiment\TP2M5B\outputs\gru_receiver_bank\seed_42\electricity\t135\w05\checkpoint.weights.h5,073290f14d790280451ddd7d42839b5dd4323c27b655068e9687b6204b937db9,1787818191846673800,63960
C:\Workspace\TESIS\paper\Paper-Q1-4\experiment\TP2M5B\outputs\gru_receiver_bank\seed_42\electricity\t135\w05\predictions.csv,60503384ab60024ca939866a84e5f9ad7f86b299609a542d10238008c55bbc62,1787818191807605600,186323
C:\Workspace\TESIS\paper\Paper-Q1-4\experiment\TP2M5B\outputs\gru_receiver_bank\seed_42\electricity\t144\w05\checkpoint.weights.h5,1755d3ece938cdc5dd2b76be74edd5c950c66f6d05f16bc99d27fd4e3ae61a91,1787818059225576100,63960
C:\Workspace\TESIS\paper\Paper-Q1-4\experiment\TP2M5B\outputs\gru_receiver_bank\seed_42\electricity\t144\w05\predictions.csv,ee2021f7cee866cf66d7ca0aa7ec55748f1185c6c6f5d387c1b4187ac9e0a9b0,1787818059196037300,186447
C:\Workspace\TESIS\paper\Paper-Q1-4\experiment\TP2M5B\outputs\gru_receiver_bank\seed_42\electricity\t2\w05\checkpoint.weights.h5,2e6b3341c9c58c69e02a8ce3d441c3cd8cb90ae100c29d162e82aeafd8dec498,1787818461269689500,63960
C:\Workspace\TESIS\paper\Paper-Q1-4\experiment\TP2M5B\outputs\gru_receiver_bank\seed_42\electricity\t2\w05\predictions.csv,f7fe56745fa7f9812057c3829c7fc6acc47297a34a65c7cd02ea8016fa445f18,1787818461236846000,187546
C:\Workspace\TESIS\paper\Paper-Q1-4\experiment\TP2M5B\outputs\gru_receiver_bank\seed_42\electricity\t20\w05\checkpoint.weights.h5,cd408eaae54470d731c781e7c10cf3aa01db83c35fb26f7b9e3ff740c0bb7c76,1787818118874488100,63960
C:\Workspace\TESIS\paper\Paper-Q1-4\experiment\TP2M5B\outputs\gru_receiver_bank\seed_42\electricity\t20\w05\predictions.csv,0c58b2f82fab1cf56e78efd91950acb3cc643ca4d1de4f4769eaff671ebf2307,1787818118837509200,186251
C:\Workspace\TESIS\paper\Paper-Q1-4\experiment\TP2M5B\outputs\gru_receiver_bank\seed_42\electricity\t208\w05\checkpoint.weights.h5,06ae05f5295ac3be41ec4e286272e0c7a0a01c248cee76ccfacd01ef12f401de,1787818268604580200,63960
C:\Workspace\TESIS\paper\Paper-Q1-4\experiment\TP2M5B\outputs\gru_receiver_bank\seed_42\electricity\t208\w05\predictions.csv,13a67edde9e6c3fb4215ed61c29b19a651a74c78b7179a23ff00b180a7c41ee5,1787818268576044300,186976
C:\Workspace\TESIS\paper\Paper-Q1-4\experiment\TP2M5B\outputs\gru_receiver_bank\seed_42\electricity\t224\w05\checkpoint.weights.h5,8d29a05ab7ce628b8200c3310aad2a5b7ab8d6813973b66edd4f96287822250c,1787818359604350600,63960
C:\Workspace\TESIS\paper\Paper-Q1-4\experiment\TP2M5B\outputs\gru_receiver_bank\seed_42\electricity\t224\w05\predictions.csv,8ac517c2ce99ec212718853b2377eeb53c8c9cc24af28d092cd42b842730912d,1787818359576764800,195108
C:\Workspace\TESIS\paper\Paper-Q1-4\experiment\TP2M5B\outputs\gru_receiver_bank\seed_42\electricity\t234\w05\checkpoint.weights.h5,7b3adb4b1691e3a640d8668d7aee98bd6e47b2521220e26ea6623387aafb04b4,1787818218819056300,63960
C:\Workspace\TESIS\paper\Paper-Q1-4\experiment\TP2M5B\outputs\gru_receiver_bank\seed_42\electricity\t234\w05\predictions.csv,3a7d92b6aff642d342888cd760b23ce67a2698513f6be094cf6ea1652328667b,1787818218785444400,189389
C:\Workspace\TESIS\paper\Paper-Q1-4\experiment\TP2M5B\outputs\gru_receiver_bank\seed_42\electricity\t237\w05\checkpoint.weights.h5,f2c7d6afd912479c80e846d6718cd0b648d9c65311b19e6dd4c8a79e648948d8,1787818751278262100,63960
C:\Workspace\TESIS\paper\Paper-Q1-4\experiment\TP2M5B\outputs\gru_receiver_bank\seed_42\electricity\t237\w05\predictions.csv,aacd5f2ae97ad7d9511cbdb732300264939f317b1040cf5b20b744b42140bb87,1787818751246687100,193608
C:\Workspace\TESIS\paper\Paper-Q1-4\experiment\TP2M5B\outputs\gru_receiver_bank\seed_42\electricity\t249\w05\checkpoint.weights.h5,bc9c7c082667cd2b761e7c5a5a44d99c88ed617db43e851aa3183c8e1abb9fcf,1787818366716558600,63960
C:\Workspace\TESIS\paper\Paper-Q1-4\experiment\TP2M5B\outputs\gru_receiver_bank\seed_42\electricity\t249\w05\predictions.csv,d9d0ce78cc5ff7bf515945924ed75f1cf61d5c0fc260feaff664be73dce906b0,1787818366684983500,183158
C:\Workspace\TESIS\paper\Paper-Q1-4\experiment\TP2M5B\outputs\gru_receiver_bank\seed_42\electricity\t26\w05\checkpoint.weights.h5,14080263e152669aa47d1591cbf62dcb99f503fb5097685b184e5252bdd924af,1787818514070596700,63960
C:\Workspace\TESIS\paper\Paper-Q1-4\experiment\TP2M5B\outputs\gru_receiver_bank\seed_42\electricity\t26\w05\predictions.csv,3ffac6a43d7b0357797632c80d0f0413ee6b5f453a36e99a101863e231336655,1787818514037700500,184598
C:\Workspace\TESIS\paper\Paper-Q1-4\experiment\TP2M5B\outputs\gru_receiver_bank\seed_42\electricity\t3\w05\checkpoint.weights.h5,c4de7df2c348dbff3af166706e2ce5fbaf938f9ab76145a1c9e0b8987fa3806c,1787818205312700800,63960
C:\Workspace\TESIS\paper\Paper-Q1-4\experiment\TP2M5B\outputs\gru_receiver_bank\seed_42\electricity\t3\w05\predictions.csv,4ebb40536d5aa679560d10a091b46942f815d5d4c4ec079d660319ca5ad75442,1787818205276027300,185292
C:\Workspace\TESIS\paper\Paper-Q1-4\experiment\TP2M5B\outputs\gru_receiver_bank\seed_42\electricity\t30\w05\checkpoint.weights.h5,6926a2dcaa597e0ea75297ec6bbaed312939866f9cda6cc0850004a5beb5d1f3,1787818301456494100,63960
C:\Workspace\TESIS\paper\Paper-Q1-4\experiment\TP2M5B\outputs\gru_receiver_bank\seed_42\electricity\t30\w05\predictions.csv,7f0e3f6e8c1f02fb31f69931ccad9f0c75a2cbc0389cac2bd055ecddcf77b6f5,1787818301422997600,185996
C:\Workspace\TESIS\paper\Paper-Q1-4\experiment\TP2M5B\outputs\gru_receiver_bank\seed_42\electricity\t314\w05\checkpoint.weights.h5,86d2db017dc14aef0d3d8dccfad095b0841111ef13bac8df43c4ec278dc46896,1787817511795621100,63960
C:\Workspace\TESIS\paper\Paper-Q1-4\experiment\TP2M5B\outputs\gru_receiver_bank\seed_42\electricity\t314\w05\predictions.csv,a936dca730b8d2e8b44c44eb4ccf249c18b5f091279deb6795c262c7f7391493,1787817511768216100,189600
C:\Workspace\TESIS\paper\Paper-Q1-4\experiment\TP2M5B\outputs\gru_receiver_bank\seed_42\electricity\t316\w05\checkpoint.weights.h5,29f7ce15ced1ad13e57d35f49624b74100adf96030c248694bca8be6d680a40d,1787818282159557200,63960
C:\Workspace\TESIS\paper\Paper-Q1-4\experiment\TP2M5B\outputs\gru_receiver_bank\seed_42\electricity\t316\w05\predictions.csv,3bdb1deabc34a111e7a8da020f077c395296925a3fac5eafaa1a39fd63e99769,1787818282123687600,188607
C:\Workspace\TESIS\paper\Paper-Q1-4\experiment\TP2M5B\outputs\gru_receiver_bank\seed_42\electricity\t318\w05\checkpoint.weights.h5,4ebc73b8d4a77ba08d129bd2bf93674be01d767c4a649d8d62d34fce4ce99384,1787817754947963700,63960
C:\Workspace\TESIS\paper\Paper-Q1-4\experiment\TP2M5B\outputs\gru_receiver_bank\seed_42\electricity\t318\w05\predictions.csv,ff9928e8f87107d13e7949bce72e60223ee709efc3f7c8fc6f2e22e45b07102f,1787817754906607700,184662
C:\Workspace\TESIS\paper\Paper-Q1-4\experiment\TP2M5B\outputs\gru_receiver_bank\seed_42\electricity\t321\w05\checkpoint.weights.h5,91d68bd66591b67189ebad13ac8a16828da3e31e4b254c5c5bb26eab6959d321,1787818741524265300,63960
C:\Workspace\TESIS\paper\Paper-Q1-4\experiment\TP2M5B\outputs\gru_receiver_bank\seed_42\electricity\t321\w05\predictions.csv,93613bc8f48fc667983f38e5a10e79ed7ade5ddd0865b1b71694ca51254b29f4,1787818741490827700,184071
C:\Workspace\TESIS\paper\Paper-Q1-4\experiment\TP2M5B\outputs\gru_receiver_bank\seed_42\electricity\t60\w05\checkpoint.weights.h5,f88f1853e774d29b024f70d530a10c4340ff60191b2c428c2d778fda3bc024a5,1787818763144155400,63960
C:\Workspace\TESIS\paper\Paper-Q1-4\experiment\TP2M5B\outputs\gru_receiver_bank\seed_42\electricity\t60\w05\predictions.csv,c4a637e6094ec723e2a93eb53d8f705cec7de16052eea2c4430e4533b28dd2b7,1787818763102440800,183749
C:\Workspace\TESIS\paper\Paper-Q1-4\experiment\TP2M5B\outputs\gru_receiver_bank\seed_42\electricity\t7\w05\checkpoint.weights.h5,7531002ecaa9930dd399a7d3e052917afbc9c012e504c5fda64d85dd893a7964,1787817453422938400,63960
C:\Workspace\TESIS\paper\Paper-Q1-4\experiment\TP2M5B\outputs\gru_receiver_bank\seed_42\electricity\t7\w05\predictions.csv,aa4b63cb2f0f6954e2938da51d9a16e889e341508acfedbe963d0ae48da4f694,1787817453391488100,182397
C:\Workspace\TESIS\paper\Paper-Q1-4\experiment\TP2M5B\outputs\gru_receiver_bank\seed_42\electricity\t82\w05\checkpoint.weights.h5,735c785fc4a1ff28bccefe2bcc09cbf2d2a4623a0230d1efcf776aa5cc946c45,1787817812942911100,63960
C:\Workspace\TESIS\paper\Paper-Q1-4\experiment\TP2M5B\outputs\gru_receiver_bank\seed_42\electricity\t82\w05\predictions.csv,7d4b67b430129180512956db7871ec08a72617336e7a0085c61435a54b06d9ea,1787817812913728300,184373
C:\Workspace\TESIS\paper\Paper-Q1-4\experiment\TP2M5B\outputs\gru_receiver_bank\seed_42\electricity\t84\w05\checkpoint.weights.h5,3b44b76ad13d7f70c74afad9d060ee1badc4cad3301eeda651543ed698cd4a1e,1787817629428489200,63960
C:\Workspace\TESIS\paper\Paper-Q1-4\experiment\TP2M5B\outputs\gru_receiver_bank\seed_42\electricity\t84\w05\predictions.csv,04da8ba835fbc52283c3376eb8d0b847a76e037ec085a479709dd86dda244385,1787817629389747300,185008
C:\Workspace\TESIS\paper\Paper-Q1-4\experiment\TP2M5B\outputs\gru_receiver_bank\seed_42\electricity\t85\w05\checkpoint.weights.h5,04e2f7e963c3c24509b7694c1f23a3ad9ccbb0b4bcbbac5bb399b32b07374fad,1787817982065194700,63960
C:\Workspace\TESIS\paper\Paper-Q1-4\experiment\TP2M5B\outputs\gru_receiver_bank\seed_42\electricity\t85\w05\predictions.csv,c6759f0aeca9e733449857f403369aac2d1db50b2f52654d46e352ca33fccfb8,1787817982028983900,184799
C:\Workspace\TESIS\paper\Paper-Q1-4\experiment\TP2M5B\outputs\gru_receiver_bank\seed_42\electricity\t86\w05\checkpoint.weights.h5,f70db9a9d9230d5054dfe7a1a042c9878eb5fcc2928ff3467bf2454fa93c6c19,1787818141802724100,63960
C:\Workspace\TESIS\paper\Paper-Q1-4\experiment\TP2M5B\outputs\gru_receiver_bank\seed_42\electricity\t86\w05\predictions.csv,b3a9a04fd33f5c5f722cbfb2be4d24ff495d5e00a70abe390e9ee89bcc7d082d,1787818141778149300,187068
C:\Workspace\TESIS\paper\Paper-Q1-4\experiment\TP2M5B\outputs\gru_receiver_bank\seed_42\electricity\t95\w05\checkpoint.weights.h5,50630a57fbc0516730bd0f5c137aed003c9dc819c66d0b0f10b9f81603b7d4c6,1787818543419571800,63960
C:\Workspace\TESIS\paper\Paper-Q1-4\experiment\TP2M5B\outputs\gru_receiver_bank\seed_42\electricity\t95\w05\predictions.csv,db41a1aab39ecc07e49b204bf7d613a8714b62b2356bbd3a17fcb887cf85a943,1787818543378863800,185121
C:\Workspace\TESIS\paper\Paper-Q1-4\experiment\TP2M5B\outputs\gru_receiver_bank\seed_42\who\australia\w05\checkpoint.weights.h5,0f3752401687b3679184e2fd785f7fe76ac0ae73d4ce0384a94188373fd2ad89,1787816485279531300,63960
C:\Workspace\TESIS\paper\Paper-Q1-4\experiment\TP2M5B\outputs\gru_receiver_bank\seed_42\who\australia\w05\predictions.csv,2e01f1ca00db20367e0d6f1fe2fa80de72865a30f4019867e6a7765d1f815d91,1787816485248108800,182596
C:\Workspace\TESIS\paper\Paper-Q1-4\experiment\TP2M5B\outputs\gru_receiver_bank\seed_42\who\austria\w05\checkpoint.weights.h5,4ad5bbb0a943a3815720309935c5b65636192e5aa8adecb4e34da42b2950de2d,1787816524359398700,63960
C:\Workspace\TESIS\paper\Paper-Q1-4\experiment\TP2M5B\outputs\gru_receiver_bank\seed_42\who\austria\w05\predictions.csv,a99336f52bc2c03fd6611901fbdd78f7d2fbd0b72e52f8d091529bfb563fcb24,1787816524322452100,185416
C:\Workspace\TESIS\paper\Paper-Q1-4\experiment\TP2M5B\outputs\gru_receiver_bank\seed_42\who\bangladesh\w05\checkpoint.weights.h5,9dffc5029048768dcab36ba2dc5128144d0a1c4f9d775d2457fd96538fcd937b,1787816468085000800,63960
C:\Workspace\TESIS\paper\Paper-Q1-4\experiment\TP2M5B\outputs\gru_receiver_bank\seed_42\who\bangladesh\w05\predictions.csv,e2349208fca0117c526cc3b34c6e18f2680b0b788256dedf155a93610f47fd0a,1787816468056763400,183733
C:\Workspace\TESIS\paper\Paper-Q1-4\experiment\TP2M5B\outputs\gru_receiver_bank\seed_42\who\bhutan\w05\checkpoint.weights.h5,d7d6a6589175ceeb85544f831b6cc9655826050add25de519116fe4f4c0e72b1,1787816418001847400,63960
C:\Workspace\TESIS\paper\Paper-Q1-4\experiment\TP2M5B\outputs\gru_receiver_bank\seed_42\who\bhutan\w05\predictions.csv,0f67bc13a85537988b5e90425d8c9ec94d4338273c4c3376cfca19f5b59f4421,1787816417973373100,182923
C:\Workspace\TESIS\paper\Paper-Q1-4\experiment\TP2M5B\outputs\gru_receiver_bank\seed_42\who\brunei_darussalam\w05\checkpoint.weights.h5,737243dfeda65597983a79dc0cd2b1772976e7e6747de815897f07983dc42b0c,1787816567552805800,63960
C:\Workspace\TESIS\paper\Paper-Q1-4\experiment\TP2M5B\outputs\gru_receiver_bank\seed_42\who\brunei_darussalam\w05\predictions.csv,23cdfe30c43d2e1aa795cf1e50a90a470b238fdbd12e505e94811e9087b5ffba,1787816567523243400,182154
C:\Workspace\TESIS\paper\Paper-Q1-4\experiment\TP2M5B\outputs\gru_receiver_bank\seed_42\who\cambodia\w05\checkpoint.weights.h5,32e02e0861e7d71a52de5ab720f0b7835d51e43179b124683ace04f4692e2a7a,1787816554767773100,63960
C:\Workspace\TESIS\paper\Paper-Q1-4\experiment\TP2M5B\outputs\gru_receiver_bank\seed_42\who\cambodia\w05\predictions.csv,c8f7737d7b9ce3088e6fb8d3e33b7c2b2d3e05796abac6bf89d2e26a362b33e2,1787816554734109000,179779
C:\Workspace\TESIS\paper\Paper-Q1-4\experiment\TP2M5B\outputs\gru_receiver_bank\seed_42\who\china\w05\checkpoint.weights.h5,48f83ce6cae6aab1de9c2b1b9ddfd66de314c10c51d8a10b59b5a12ced71cf71,1787816667416648900,63960
C:\Workspace\TESIS\paper\Paper-Q1-4\experiment\TP2M5B\outputs\gru_receiver_bank\seed_42\who\china\w05\predictions.csv,ed879d49854b91631948a7f2d9922e4ffb2baf3d82f05560a5b8cff6952e6727,1787816667387392900,180910
C:\Workspace\TESIS\paper\Paper-Q1-4\experiment\TP2M5B\outputs\gru_receiver_bank\seed_42\who\fiji\w05\checkpoint.weights.h5,0c737a095f25a1374d318c69e89bdee87dd55f6b9e28d1c6134eb4c552cd4441,1787816588495768000,63960
C:\Workspace\TESIS\paper\Paper-Q1-4\experiment\TP2M5B\outputs\gru_receiver_bank\seed_42\who\fiji\w05\predictions.csv,748fae35f9e33bd4a3f7b4a822a1924240fb19b336d0c64c02c064d4f831948a,1787816588461877800,181738
C:\Workspace\TESIS\paper\Paper-Q1-4\experiment\TP2M5B\outputs\gru_receiver_bank\seed_42\who\french_polynesia\w05\checkpoint.weights.h5,123318cc30b9398992c56956addc4fd71dd0deafc51f56ebf314d478fb5f556f,1787816923267182300,63960
C:\Workspace\TESIS\paper\Paper-Q1-4\experiment\TP2M5B\outputs\gru_receiver_bank\seed_42\who\french_polynesia\w05\predictions.csv,b15977deccc4825a7296a3db49021b7a9b6136f5f7dfb8e68d1c1e81c0122448,1787816923235928100,179270
C:\Workspace\TESIS\paper\Paper-Q1-4\experiment\TP2M5B\outputs\gru_receiver_bank\seed_42\who\guam\w05\checkpoint.weights.h5,baa37598880a948abb73233e978bbf1b76ff958da0b491f26ee02b5008404629,1787816843347785700,63960
C:\Workspace\TESIS\paper\Paper-Q1-4\experiment\TP2M5B\outputs\gru_receiver_bank\seed_42\who\guam\w05\predictions.csv,f755dd001f0804f9a5387e828b4a1d1e0fa8efe6e98839112969c0b49c37c97e,1787816843316019000,183545
C:\Workspace\TESIS\paper\Paper-Q1-4\experiment\TP2M5B\outputs\gru_receiver_bank\seed_42\who\lao_people_s_democratic_republic\w05\checkpoint.weights.h5,815ca69d461533d612dce6c033cd749f9af590eded056113329147b1bd5fe4eb,1787816652896240200,63960
C:\Workspace\TESIS\paper\Paper-Q1-4\experiment\TP2M5B\outputs\gru_receiver_bank\seed_42\who\lao_people_s_democratic_republic\w05\predictions.csv,48f140138b22b55e1e70f5b8945aed727d9699f631972e0dd22d60c8266196e4,1787816652866146400,179265
C:\Workspace\TESIS\paper\Paper-Q1-4\experiment\TP2M5B\outputs\gru_receiver_bank\seed_42\who\malaysia\w05\checkpoint.weights.h5,42bbdf61c00edc96d98ac1682f954f50d55e9b71c46d66980ad8d3627cb37328,1787816739268391900,63960
C:\Workspace\TESIS\paper\Paper-Q1-4\experiment\TP2M5B\outputs\gru_receiver_bank\seed_42\who\malaysia\w05\predictions.csv,132b3ba5131a463ff493f06ebb468e668e7589ac014c2a557277f43a4447ace9,1787816739241977500,184349
C:\Workspace\TESIS\paper\Paper-Q1-4\experiment\TP2M5B\outputs\gru_receiver_bank\seed_42\who\maldives\w05\checkpoint.weights.h5,8ab71ef305e44437da2e9647367b1f7c39a219ed54cb87a91761bdbf4eddef1d,1787816723281148300,63960
C:\Workspace\TESIS\paper\Paper-Q1-4\experiment\TP2M5B\outputs\gru_receiver_bank\seed_42\who\maldives\w05\predictions.csv,09c4c5a7440d7752a4b4aec73cc5765d4bd5ad12d67f7303100134eee75c7269,1787816723251714200,184127
C:\Workspace\TESIS\paper\Paper-Q1-4\experiment\TP2M5B\outputs\gru_receiver_bank\seed_42\who\mexico\w05\checkpoint.weights.h5,354a9b88a3e730274a0e436c6c1ff1401f61b9a6203df5f5a43912847cd8c4cc,1787817109001853700,63960
C:\Workspace\TESIS\paper\Paper-Q1-4\experiment\TP2M5B\outputs\gru_receiver_bank\seed_42\who\mexico\w05\predictions.csv,a4c52637ddf7fcc81076797604cfba44b7b09bcd52eef5b686a526cf1b421c5d,1787817108969311100,184831
C:\Workspace\TESIS\paper\Paper-Q1-4\experiment\TP2M5B\outputs\gru_receiver_bank\seed_42\who\mongolia\w05\checkpoint.weights.h5,d8727a93ba1d2215ae1647aefdb16ee5ea0fb8846fda1472c767e4a952bf20aa,1787816940554720600,63960
C:\Workspace\TESIS\paper\Paper-Q1-4\experiment\TP2M5B\outputs\gru_receiver_bank\seed_42\who\mongolia\w05\predictions.csv,808d91f8ba93d584547485865e5d768fc439fd29471e851ee9ed114fc9da3f0d,1787816940528556400,182373
C:\Workspace\TESIS\paper\Paper-Q1-4\experiment\TP2M5B\outputs\gru_receiver_bank\seed_42\who\myanmar\w05\checkpoint.weights.h5,945b9ed75a1e8482336693d571636ecb084cea3f31c8ac5a53f1dd06262cd724,1787817028221598300,63960
C:\Workspace\TESIS\paper\Paper-Q1-4\experiment\TP2M5B\outputs\gru_receiver_bank\seed_42\who\myanmar\w05\predictions.csv,03d141d3ec38c7e05ee78f6926e88d2caa010bdbc920fe3272f43a819ad6bf74,1787817028195702200,182598
C:\Workspace\TESIS\paper\Paper-Q1-4\experiment\TP2M5B\outputs\gru_receiver_bank\seed_42\who\nepal\w05\checkpoint.weights.h5,cb03ff9c49bd55590128f97290939e20e4b27d08e8462078b4bbdd7eec9e1a61,1787817026670650500,63960
C:\Workspace\TESIS\paper\Paper-Q1-4\experiment\TP2M5B\outputs\gru_receiver_bank\seed_42\who\nepal\w05\predictions.csv,aeb4b640ba136f3379ae3314f96e162d342a4e6c08e265a896071c62982d1062,1787817026640318500,184316
C:\Workspace\TESIS\paper\Paper-Q1-4\experiment\TP2M5B\outputs\gru_receiver_bank\seed_42\who\new_caledonia\w05\checkpoint.weights.h5,99bcf74806fb0f7405cd5a936e3aa58d12d9bf9520406e6fabc3118a39e9088c,1787816995889786200,63960
C:\Workspace\TESIS\paper\Paper-Q1-4\experiment\TP2M5B\outputs\gru_receiver_bank\seed_42\who\new_caledonia\w05\predictions.csv,0356f8f92920f7d072ffe56ee6a2d8a8a7b820809c1b875899512c7f2f35e2c3,1787816995859664100,182052
C:\Workspace\TESIS\paper\Paper-Q1-4\experiment\TP2M5B\outputs\gru_receiver_bank\seed_42\who\new_zealand\w05\checkpoint.weights.h5,6b4faf6689af2c53a5ec50e78e43c46f5a8422ec3f493c5c5d0f4a1db2834af2,1787817051803678400,63960
C:\Workspace\TESIS\paper\Paper-Q1-4\experiment\TP2M5B\outputs\gru_receiver_bank\seed_42\who\new_zealand\w05\predictions.csv,bcac2a06cca7ee262699133b2574136afa190e14607fad1468627f0a4db9bcbf,1787817051775758800,182427
C:\Workspace\TESIS\paper\Paper-Q1-4\experiment\TP2M5B\outputs\gru_receiver_bank\seed_42\who\northern_mariana_islands\w05\checkpoint.weights.h5,c08c3b2fe229f76c5990c14b0cb46b6542128f1e1d53660cee84179fe7d248be,1787817082336209600,63960
C:\Workspace\TESIS\paper\Paper-Q1-4\experiment\TP2M5B\outputs\gru_receiver_bank\seed_42\who\northern_mariana_islands\w05\predictions.csv,fc73856cf85001f4fbf8cd0348458078a207207cb714cec6a90bb22373c50bf3,1787817082308350200,182170
C:\Workspace\TESIS\paper\Paper-Q1-4\experiment\TP2M5B\outputs\gru_receiver_bank\seed_42\who\palau\w05\checkpoint.weights.h5,fb2cc89ecc2a2a1c29424deb90a0a32dd299de3ddb36b10cf2cf662b3b0a2349,1787817181646772500,63960
C:\Workspace\TESIS\paper\Paper-Q1-4\experiment\TP2M5B\outputs\gru_receiver_bank\seed_42\who\palau\w05\predictions.csv,8ee04362de260aa5ceb60dde92be679cb7c98f5b38aeac5efb8606465f49cf38,1787817181615067300,185799
C:\Workspace\TESIS\paper\Paper-Q1-4\experiment\TP2M5B\outputs\gru_receiver_bank\seed_42\who\papua_new_guinea\w05\checkpoint.weights.h5,4171cf3a0b1bfcc9c2800e7ca81a6167aa6e94788b220d9a8884e4e9992f3595,1787817111978440900,63960
C:\Workspace\TESIS\paper\Paper-Q1-4\experiment\TP2M5B\outputs\gru_receiver_bank\seed_42\who\papua_new_guinea\w05\predictions.csv,d2fd55154ac5e997fadb49011a833c3178ee75fb88e93533cfd97fe953757123,1787817111953343500,182615
C:\Workspace\TESIS\paper\Paper-Q1-4\experiment\TP2M5B\outputs\gru_receiver_bank\seed_42\who\philippines\w05\checkpoint.weights.h5,eb8ac00cedb2468a3dc53f37d1b8def45b60415c7288b1f8edbc37ac82f7609f,1787817161316710900,63960
C:\Workspace\TESIS\paper\Paper-Q1-4\experiment\TP2M5B\outputs\gru_receiver_bank\seed_42\who\philippines\w05\predictions.csv,27fe792882a4e18ddc86f58fc8b519bf8843951bed03536fde88354e3a7ade50,1787817161294708300,185384
C:\Workspace\TESIS\paper\Paper-Q1-4\experiment\TP2M5B\outputs\gru_receiver_bank\seed_42\who\singapore\w05\checkpoint.weights.h5,de6135ef37fc5185f581145b7bc920a6f9d82efb8157b6ecd650e8febbef4cab,1787817157810928900,63960
C:\Workspace\TESIS\paper\Paper-Q1-4\experiment\TP2M5B\outputs\gru_receiver_bank\seed_42\who\singapore\w05\predictions.csv,7bdb5ded19b50c88d510e20ac33c63ad0939849d1594d6435ded21acb61a678b,1787817157780719300,184263
C:\Workspace\TESIS\paper\Paper-Q1-4\experiment\TP2M5B\outputs\gru_receiver_bank\seed_42\who\sri_lanka\w05\checkpoint.weights.h5,5172c90f29560a16bbf79c757fe20f2e1d073f3de8c524a9b4d6fc6e4e856621,1787817323066971100,63960
C:\Workspace\TESIS\paper\Paper-Q1-4\experiment\TP2M5B\outputs\gru_receiver_bank\seed_42\who\sri_lanka\w05\predictions.csv,6ed4a41d33f0b67d4bde364232f0a52e1e69a2182ab9bfc28ea982fb302881e9,1787817323036615600,179978
C:\Workspace\TESIS\paper\Paper-Q1-4\experiment\TP2M5B\outputs\gru_receiver_bank\seed_42\who\switzerland\w05\checkpoint.weights.h5,9454bf052462b58849bc0bb491019712448e1d27c89ab8ad5e383f7852100868,1787817366539296200,63960
C:\Workspace\TESIS\paper\Paper-Q1-4\experiment\TP2M5B\outputs\gru_receiver_bank\seed_42\who\switzerland\w05\predictions.csv,5382da486ffb81f1ee88cb68f601950796cbc90c50f811242cd8dd77eb99c3be,1787817366510612000,185143
C:\Workspace\TESIS\paper\Paper-Q1-4\experiment\TP2M5B\outputs\gru_receiver_bank\seed_42\who\thailand\w05\checkpoint.weights.h5,6fb73d8f722351deab380f3ad6c710c1082ea0644fb4acdc9211491cbb6e6fec,1787817235604752700,63960
C:\Workspace\TESIS\paper\Paper-Q1-4\experiment\TP2M5B\outputs\gru_receiver_bank\seed_42\who\thailand\w05\predictions.csv,2d93ba437a54c521b1d9be957a15e6efa1898c161c92b2faf21f4ce56af6ba7c,1787817235575516500,182182
C:\Workspace\TESIS\paper\Paper-Q1-4\experiment\TP2M5B\outputs\gru_receiver_bank\seed_42\who\timor_leste\w05\checkpoint.weights.h5,d5d96fa8b576e56b8faaed1ee97e329f9aecfac66c49aeb68298dfafd932759b,1787817242221058500,63960
C:\Workspace\TESIS\paper\Paper-Q1-4\experiment\TP2M5B\outputs\gru_receiver_bank\seed_42\who\timor_leste\w05\predictions.csv,9c83d350b75a8fde49315ca54c2f96962d56d9163a809a8154afa8034b5be303,1787817242192530800,181314
C:\Workspace\TESIS\paper\Paper-Q1-4\experiment\TP2M5B\outputs\gru_receiver_bank\seed_42\who\united_kingdom_of_great_britain_and_northern_ireland\w05\checkpoint.weights.h5,d841c0ff5b162893dae10b1baa56f4dc8b5b6e3377137d8b6100eee2d2c34613,1787817414781704000,63960
C:\Workspace\TESIS\paper\Paper-Q1-4\experiment\TP2M5B\outputs\gru_receiver_bank\seed_42\who\united_kingdom_of_great_britain_and_northern_ireland\w05\predictions.csv,379d2a8c29de84e60a884f1238641b0a40d7cfb1ea0d5ae457341a91c1796397,1787817414753371500,186556
C:\Workspace\TESIS\paper\Paper-Q1-4\experiment\TP2M5B\outputs\gru_receiver_bank\seed_42\who\vanuatu\w05\checkpoint.weights.h5,e054d817bb391b3ea95ac984cdadbc956ee9d88b69a7694630668e77cdc3e70a,1787817298735754300,63960
C:\Workspace\TESIS\paper\Paper-Q1-4\experiment\TP2M5B\outputs\gru_receiver_bank\seed_42\who\vanuatu\w05\predictions.csv,767da795361d4c34e7d0e6bb88033276d2edb6386cccd688c24c63bf04f792de,1787817298709060000,191477
C:\Workspace\TESIS\paper\Paper-Q1-4\experiment\TP2M5B\outputs\gru_receiver_bank\seed_42\who\viet_nam\w05\checkpoint.weights.h5,a9a02a72a19d0bef822859d635235c6e970b1f90a47f018bfca9f37c0c5b60ec,1787817752741404100,63960
C:\Workspace\TESIS\paper\Paper-Q1-4\experiment\TP2M5B\outputs\gru_receiver_bank\seed_42\who\viet_nam\w05\predictions.csv,d7747004d2bb4cc63cd153b93c01fdaecdb36a74082c2dc67a53e6ab85c0e0bb,1787817752697223500,186019
C:\Workspace\TESIS\paper\Paper-Q1-4\experiment\TP2M5B\TP2M5B_GRU_LATENT_PAIRWISE.csv,d94cbed354b98f4aa71f38a33ff0ab3a6b9eebd2c3155a444de31b4a14acd5b6,1787834248381083800,89273
C:\Workspace\TESIS\paper\Paper-Q1-4\experiment\TP2M5B\TP2M5B_GRU_RECEIVER_BANK_HASHES.txt,870a5d002f64650096f7034bf377a3a136e73ed71c78b9c4b7451362897a1217,1787824461271685500,44757
C:\Workspace\TESIS\paper\Paper-Q1-4\experiment\TP2M5B\TP2M5B_GRU_RECEIVER_BANK_MANIFEST.csv,6beb0325d68c99925af7b74fc27bb4ac98b164f6ad792eeded3bdba309b6dff6,1787824461271685500,123402
C:\Workspace\TESIS\paper\Paper-Q1-4\experiment\TP2M5C\outputs\transformer_receiver_bank\seed_123\dengue\kaohsiung_city\w05\checkpoint.weights.h5,6f920fcf3a7698857bf2eb106092d7f7d599f85eca46a37172d255e07fcecb24,1787846905930303600,99264
C:\Workspace\TESIS\paper\Paper-Q1-4\experiment\TP2M5C\outputs\transformer_receiver_bank\seed_123\dengue\kaohsiung_city\w05\predictions.csv,39dc9c2285ceeb4673c10cb3d72ea3794488ee5a50f8e627a437a20949d3ca42,1787846905878147000,175681
C:\Workspace\TESIS\paper\Paper-Q1-4\experiment\TP2M5C\outputs\transformer_receiver_bank\seed_123\dengue\new_taipei_city\w05\checkpoint.weights.h5,de034332e754bc1ef5f43a793a9a797bb3a807f9c8bf13dc6fc98d1d9a042596,1787846910806580000,99264
C:\Workspace\TESIS\paper\Paper-Q1-4\experiment\TP2M5C\outputs\transformer_receiver_bank\seed_123\dengue\new_taipei_city\w05\predictions.csv,3138428b486ebd4d05ea9d4e943fd6eaa882f688eea3644fe82c81ced54af561,1787846910757863600,175369
C:\Workspace\TESIS\paper\Paper-Q1-4\experiment\TP2M5C\outputs\transformer_receiver_bank\seed_123\dengue\pingtung_county\w05\checkpoint.weights.h5,788ec80200ba19ae1329866d89063ab78a4b1e7819d9d15f7ccd7ac9e56ee8a7,1787846897599984700,99264
C:\Workspace\TESIS\paper\Paper-Q1-4\experiment\TP2M5C\outputs\transformer_receiver_bank\seed_123\dengue\pingtung_county\w05\predictions.csv,0949a78d3082a8065aead0872a7e317a58b50be1274a4e437272ff2cfbd14f11,1787846897523182500,173624
C:\Workspace\TESIS\paper\Paper-Q1-4\experiment\TP2M5C\outputs\transformer_receiver_bank\seed_123\dengue\taichung_city\w05\checkpoint.weights.h5,2d4fd0f96809803dcb579008212741c32e58a68c33ed76557e17d1313ac9627f,1787847016692403600,99264
C:\Workspace\TESIS\paper\Paper-Q1-4\experiment\TP2M5C\outputs\transformer_receiver_bank\seed_123\dengue\taichung_city\w05\predictions.csv,ab4da69d50f63977da8cd41e887204c08b33cfb2d318bab4f10b78639772e346,1787847016619298600,176391
C:\Workspace\TESIS\paper\Paper-Q1-4\experiment\TP2M5C\outputs\transformer_receiver_bank\seed_123\dengue\tainan_city\w05\checkpoint.weights.h5,6988b491c6b7d3bc0c05d9e115b9a2d2d855d0ae2572d2622b58628a34628164,1787847087691949800,99264
C:\Workspace\TESIS\paper\Paper-Q1-4\experiment\TP2M5C\outputs\transformer_receiver_bank\seed_123\dengue\tainan_city\w05\predictions.csv,8439d2dfb013d2390d5c480a95dedb391c0309c29543f6e1554d9d6bfdd55610,1787847087633384100,176561
C:\Workspace\TESIS\paper\Paper-Q1-4\experiment\TP2M5C\outputs\transformer_receiver_bank\seed_123\dengue\taipei_city\w05\checkpoint.weights.h5,f0333c78c31ed3d3f17caf4087937f123e17335de8fdb1b7e58e5bc08f60999b,1787846989104935700,99264
C:\Workspace\TESIS\paper\Paper-Q1-4\experiment\TP2M5C\outputs\transformer_receiver_bank\seed_123\dengue\taipei_city\w05\predictions.csv,34ae1e1906cfc1f9eb11e22ce0e52c66aec1cb37acc373c8013b51d2e21f6c8a,1787846989051160000,176456
C:\Workspace\TESIS\paper\Paper-Q1-4\experiment\TP2M5C\outputs\transformer_receiver_bank\seed_123\dengue\yunlin_county\w05\checkpoint.weights.h5,3fd53efa22dfae15e777d8277ab43a8606d6b577d1504b1881bf3613886d42cc,1787847082169218000,99264
C:\Workspace\TESIS\paper\Paper-Q1-4\experiment\TP2M5C\outputs\transformer_receiver_bank\seed_123\dengue\yunlin_county\w05\predictions.csv,4bfc918ced2e29afc0c08825eb8f0e8dc0a0369094f25f510d2bf323df8fc13c,1787847082116606700,173922
C:\Workspace\TESIS\paper\Paper-Q1-4\experiment\TP2M5C\outputs\transformer_receiver_bank\seed_123\electricity\t1\w05\checkpoint.weights.h5,d0a4e4507ef1e090d1c74c689b8b43e8b3b00fe8b213521f5c117b0274a9bb90,1787846698684175700,99264
C:\Workspace\TESIS\paper\Paper-Q1-4\experiment\TP2M5C\outputs\transformer_receiver_bank\seed_123\electricity\t1\w05\predictions.csv,92c6d80009b2d464d1f3846740f811be094c2d3589c3e58db9544da845f53931,1787846698638121200,182814
C:\Workspace\TESIS\paper\Paper-Q1-4\experiment\TP2M5C\outputs\transformer_receiver_bank\seed_123\electricity\t100\w05\checkpoint.weights.h5,7edd4b5699ec6a0cbaec7cc8d829fb2eb1d23a85919f0ad04d5b94632977b70f,1787846622080425400,99264
C:\Workspace\TESIS\paper\Paper-Q1-4\experiment\TP2M5C\outputs\transformer_receiver_bank\seed_123\electricity\t100\w05\predictions.csv,1506c7a903458107e56b189753984c85ec4431d5b49f70ac23529532b4211a7a,1787846622027419000,183848
C:\Workspace\TESIS\paper\Paper-Q1-4\experiment\TP2M5C\outputs\transformer_receiver_bank\seed_123\electricity\t104\w05\checkpoint.weights.h5,d96e848329309b256ba9a3480ad7ae6ef7c6c31bb0536c06e7be521dc68aea1c,1787845911794321300,99264
C:\Workspace\TESIS\paper\Paper-Q1-4\experiment\TP2M5C\outputs\transformer_receiver_bank\seed_123\electricity\t104\w05\predictions.csv,946591d680fdd445c794be2035243b0291445e6d4a96dab8650f57b0185bad06,1787845911747532000,186985
C:\Workspace\TESIS\paper\Paper-Q1-4\experiment\TP2M5C\outputs\transformer_receiver_bank\seed_123\electricity\t106\w05\checkpoint.weights.h5,85745627fc4598e69f15be59fc2442e79e99741176050fcbd36ce803e12e41c6,1787845769438919500,99264
C:\Workspace\TESIS\paper\Paper-Q1-4\experiment\TP2M5C\outputs\transformer_receiver_bank\seed_123\electricity\t106\w05\predictions.csv,4b128c491f8147d9133a81bd498960f215b23c5bec8da32ab02b68561503bec8,1787845769384470700,186306
C:\Workspace\TESIS\paper\Paper-Q1-4\experiment\TP2M5C\outputs\transformer_receiver_bank\seed_123\electricity\t107\w05\checkpoint.weights.h5,d4320aa26e68943556921d3e938050a0862328227cb8a40e6fba0639b14f57b6,1787846814837033800,99264
C:\Workspace\TESIS\paper\Paper-Q1-4\experiment\TP2M5C\outputs\transformer_receiver_bank\seed_123\electricity\t107\w05\predictions.csv,118aa2c963ef07ec9f91fe5727afcf41aa2a9b9a9c7575c624ad38a6c7a980b5,1787846814785351800,183868
C:\Workspace\TESIS\paper\Paper-Q1-4\experiment\TP2M5C\outputs\transformer_receiver_bank\seed_123\electricity\t108\w05\checkpoint.weights.h5,6c6d085a27eecf61d9438eeba202a86d53d501980871373340dc4ac40694b286,1787845483050098600,99264
C:\Workspace\TESIS\paper\Paper-Q1-4\experiment\TP2M5C\outputs\transformer_receiver_bank\seed_123\electricity\t108\w05\predictions.csv,fe5f906d7d0ade2ec0d94396054f61c44d5d25995e51441b1289c1750ca31811,1787845483001928000,183523
C:\Workspace\TESIS\paper\Paper-Q1-4\experiment\TP2M5C\outputs\transformer_receiver_bank\seed_123\electricity\t11\w05\checkpoint.weights.h5,468a22dd18dcfa74789ae42a0a382d9c475f2966fd2ededea11c35ce04c26e07,1787846479179988200,99264
C:\Workspace\TESIS\paper\Paper-Q1-4\experiment\TP2M5C\outputs\transformer_receiver_bank\seed_123\electricity\t11\w05\predictions.csv,a7c9d53c52f3ec2902ee1260ae616d9207c0cae0204ab3a00f4d60bf5beb8b38,1787846479129055000,185920
C:\Workspace\TESIS\paper\Paper-Q1-4\experiment\TP2M5C\outputs\transformer_receiver_bank\seed_123\electricity\t115\w05\checkpoint.weights.h5,8c8583eb64d8a379701354fc95542881f0ad2d9fdcf4d808da1e18bd1fb32e37,1787846176583598200,99264
C:\Workspace\TESIS\paper\Paper-Q1-4\experiment\TP2M5C\outputs\transformer_receiver_bank\seed_123\electricity\t115\w05\predictions.csv,c1327b45fe9292b28ca9d961256ca19f54d4b615bbc46c83114aa1a73d178e34,1787846176538082900,184280
C:\Workspace\TESIS\paper\Paper-Q1-4\experiment\TP2M5C\outputs\transformer_receiver_bank\seed_123\electricity\t118\w05\checkpoint.weights.h5,ab71d2d35a9ce8bca256c37e992b6c8526bad6749f08c08bee14577f3281f11b,1787845477829245500,99264
C:\Workspace\TESIS\paper\Paper-Q1-4\experiment\TP2M5C\outputs\transformer_receiver_bank\seed_123\electricity\t118\w05\predictions.csv,f794993d7a6809ff101f9755c08f442ff5e2ec2ca53a5cfa4646c447b18b6e92,1787845477798549700,194379
C:\Workspace\TESIS\paper\Paper-Q1-4\experiment\TP2M5C\outputs\transformer_receiver_bank\seed_123\electricity\t125\w05\checkpoint.weights.h5,640f891bfc40ef0ce7527d7a2ea79c65629c7952a79b6b2e517fe6f6218a7024,1787846649546242800,99264
C:\Workspace\TESIS\paper\Paper-Q1-4\experiment\TP2M5C\outputs\transformer_receiver_bank\seed_123\electricity\t125\w05\predictions.csv,3e290222e85b6d7e742ae686fd1960163ee48ddf8d98ac41a105ab1b53beaba5,1787846649501487900,185500
C:\Workspace\TESIS\paper\Paper-Q1-4\experiment\TP2M5C\outputs\transformer_receiver_bank\seed_123\electricity\t128\w05\checkpoint.weights.h5,20d80ef02f9db7d9555b9094b090871840fea416a0d3800013623fc68b1f49a8,1787845713031379800,99264
C:\Workspace\TESIS\paper\Paper-Q1-4\experiment\TP2M5C\outputs\transformer_receiver_bank\seed_123\electricity\t128\w05\predictions.csv,56712fef7460ea94419d9f3b54f26d54ace72ba8fb8825527165e9e1277053d1,1787845712979158400,182438
C:\Workspace\TESIS\paper\Paper-Q1-4\experiment\TP2M5C\outputs\transformer_receiver_bank\seed_123\electricity\t129\w05\checkpoint.weights.h5,fc50334a944ede236fec0c384599d1939410e1944ed3d16089d49277543ad014,1787845982653545200,99264
C:\Workspace\TESIS\paper\Paper-Q1-4\experiment\TP2M5C\outputs\transformer_receiver_bank\seed_123\electricity\t129\w05\predictions.csv,1828000d0fddbc825496c4aea0bed59432e1ff0c58655f1846d406b863f03b93,1787845982599294900,191502
C:\Workspace\TESIS\paper\Paper-Q1-4\experiment\TP2M5C\outputs\transformer_receiver_bank\seed_123\electricity\t133\w05\checkpoint.weights.h5,bcdc95edbe1825c3eb832603993214169c7804fe2d15764aae7b4cf5e2b6daa8,1787846388944323600,99264
C:\Workspace\TESIS\paper\Paper-Q1-4\experiment\TP2M5C\outputs\transformer_receiver_bank\seed_123\electricity\t133\w05\predictions.csv,2af02d4a2f277c622e45289b83bd1e439df3734b5be8e290590112bbe4d5bc17,1787846388898075500,184365
C:\Workspace\TESIS\paper\Paper-Q1-4\experiment\TP2M5C\outputs\transformer_receiver_bank\seed_123\electricity\t134\w05\checkpoint.weights.h5,f3663d9cb8d04dfefc21f12db960e385fdd3d4bb8facaa521ae9bbe0517110f0,1787846891259544800,99264
C:\Workspace\TESIS\paper\Paper-Q1-4\experiment\TP2M5C\outputs\transformer_receiver_bank\seed_123\electricity\t134\w05\predictions.csv,9aa70e39d01fa2f26429cf6e2be190ed4028b48e701ead0ac16c361f7dfc3004,1787846891195222300,185948
C:\Workspace\TESIS\paper\Paper-Q1-4\experiment\TP2M5C\outputs\transformer_receiver_bank\seed_123\electricity\t135\w05\checkpoint.weights.h5,16f9149bb8e9b66980b9c47abb4964e71ed5636e0189e863468f6f070c14b899,1787846115979342900,99264
C:\Workspace\TESIS\paper\Paper-Q1-4\experiment\TP2M5C\outputs\transformer_receiver_bank\seed_123\electricity\t135\w05\predictions.csv,a5dcdd5b6a817bec83e15e3163ab6d32f2473ca018948698072181bbef86c265,1787846115936517700,182992
C:\Workspace\TESIS\paper\Paper-Q1-4\experiment\TP2M5C\outputs\transformer_receiver_bank\seed_123\electricity\t144\w05\checkpoint.weights.h5,b9fefc3a90a25489e028df8e81c5dc956f728db5ad908d1ea2ec14a710778819,1787845999384049200,99264
C:\Workspace\TESIS\paper\Paper-Q1-4\experiment\TP2M5C\outputs\transformer_receiver_bank\seed_123\electricity\t144\w05\predictions.csv,9f5a1987ea46be1f07b4e4c3f12f99256c5909ea993e3ccf2387e343ecde6044,1787845999334767900,185618
C:\Workspace\TESIS\paper\Paper-Q1-4\experiment\TP2M5C\outputs\transformer_receiver_bank\seed_123\electricity\t2\w05\checkpoint.weights.h5,11f6bed81c6abbb2a8509622f21be1748a92c0e09c824e32ac9ac123c53b7888,1787846631119076400,99264
C:\Workspace\TESIS\paper\Paper-Q1-4\experiment\TP2M5C\outputs\transformer_receiver_bank\seed_123\electricity\t2\w05\predictions.csv,1e245ece5402925b0270d40f3109b53796fe09a5da63e1f1d63a20e84cc02e3c,1787846631075909900,184569
C:\Workspace\TESIS\paper\Paper-Q1-4\experiment\TP2M5C\outputs\transformer_receiver_bank\seed_123\electricity\t20\w05\checkpoint.weights.h5,d8a009dc9f83b5329fecb0567f68fe10d5369bb9e91992008789c4791771cf5b,1787846086981782200,99264
C:\Workspace\TESIS\paper\Paper-Q1-4\experiment\TP2M5C\outputs\transformer_receiver_bank\seed_123\electricity\t20\w05\predictions.csv,291dda10af8b7ad0e2de4fe34a7e2f4125147a64518908997b42b0e12fb074a2,1787846086932033100,184553
C:\Workspace\TESIS\paper\Paper-Q1-4\experiment\TP2M5C\outputs\transformer_receiver_bank\seed_123\electricity\t208\w05\checkpoint.weights.h5,b17ff6e662161f9b97e9bf1a90d0bc4a56675a603b32a8d37c1a123adfa6cda4,1787846335905378100,99264
C:\Workspace\TESIS\paper\Paper-Q1-4\experiment\TP2M5C\outputs\transformer_receiver_bank\seed_123\electricity\t208\w05\predictions.csv,7aef48b38cab2aa560b03a8406b7a7bec6ff8fe8c761f486c57f9ccb01e69fb1,1787846335852359900,182449
C:\Workspace\TESIS\paper\Paper-Q1-4\experiment\TP2M5C\outputs\transformer_receiver_bank\seed_123\electricity\t224\w05\checkpoint.weights.h5,9049d6919f04be537ef1792deac03f76cc63c26edb6a502130fb8e61bab1540f,1787846474178368200,99264
C:\Workspace\TESIS\paper\Paper-Q1-4\experiment\TP2M5C\outputs\transformer_receiver_bank\seed_123\electricity\t224\w05\predictions.csv,c8fc502befd015e37306a160f66b8df25a9f802675a40241ce6a2be21318afb9,1787846474129216600,192694
C:\Workspace\TESIS\paper\Paper-Q1-4\experiment\TP2M5C\outputs\transformer_receiver_bank\seed_123\electricity\t234\w05\checkpoint.weights.h5,b14830e8bff6945f053168c8a97866183a6e882702da873b34c555e78b7a2a1a,1787846193702316500,99264
C:\Workspace\TESIS\paper\Paper-Q1-4\experiment\TP2M5C\outputs\transformer_receiver_bank\seed_123\electricity\t234\w05\predictions.csv,2566e69c965e609f70ffa3d03c8d965ced54d951e0c86664697d07dbd5125b77,1787846193639317900,185365
C:\Workspace\TESIS\paper\Paper-Q1-4\experiment\TP2M5C\outputs\transformer_receiver_bank\seed_123\electricity\t237\w05\checkpoint.weights.h5,d4112df0e1f8c103eb43a80fa7bd9bb1924977a0a160ff2212632245fdfefcf1,1787846815189064500,99264
C:\Workspace\TESIS\paper\Paper-Q1-4\experiment\TP2M5C\outputs\transformer_receiver_bank\seed_123\electricity\t237\w05\predictions.csv,f84d14a59dbbf9f4210751708d22f26b865f078faf30395d86c8c65062d7049e,1787846815144276500,187927
C:\Workspace\TESIS\paper\Paper-Q1-4\experiment\TP2M5C\outputs\transformer_receiver_bank\seed_123\electricity\t249\w05\checkpoint.weights.h5,2f056e431d047df19e5ac63010d481f45c8681dcd3b88cb6676e3d74f1eb2368,1787846346273185800,99264
C:\Workspace\TESIS\paper\Paper-Q1-4\experiment\TP2M5C\outputs\transformer_receiver_bank\seed_123\electricity\t249\w05\predictions.csv,9e1b1cb4cba0ce96d9ce30188126ba83d41838f022add1ddd6bec286f18be9f6,1787846346218967800,185051
C:\Workspace\TESIS\paper\Paper-Q1-4\experiment\TP2M5C\outputs\transformer_receiver_bank\seed_123\electricity\t26\w05\checkpoint.weights.h5,be3070fdddcc95dc1bae16ff7a3dba71c328bb0f44bc2fa2f9b5b42a90fa3896,1787846543057710800,99264
C:\Workspace\TESIS\paper\Paper-Q1-4\experiment\TP2M5C\outputs\transformer_receiver_bank\seed_123\electricity\t26\w05\predictions.csv,ef32902a91baeb1ca24d9b9b79f0ce1f0e8454265f488824456cc6c0d93f1e31,1787846543011019400,182985
C:\Workspace\TESIS\paper\Paper-Q1-4\experiment\TP2M5C\outputs\transformer_receiver_bank\seed_123\electricity\t3\w05\checkpoint.weights.h5,b9f1a6c10bef2d087ff10d62c60100e97c06327820feec0334bb494979eba8f9,1787846277960252800,99264
C:\Workspace\TESIS\paper\Paper-Q1-4\experiment\TP2M5C\outputs\transformer_receiver_bank\seed_123\electricity\t3\w05\predictions.csv,faa79e6319e76a16cd1c10482d18d9a6773fa3be2e2398b5ec0968288f71fdbb,1787846277909751800,181970
C:\Workspace\TESIS\paper\Paper-Q1-4\experiment\TP2M5C\outputs\transformer_receiver_bank\seed_123\electricity\t30\w05\checkpoint.weights.h5,569f5b14b66ddfa1b4672f8382fbd9e391c22fde97d7d164dac9d47a3a8b7fdb,1787846252148906100,99264
C:\Workspace\TESIS\paper\Paper-Q1-4\experiment\TP2M5C\outputs\transformer_receiver_bank\seed_123\electricity\t30\w05\predictions.csv,3780c46555be8a4c7a9215fd28c836fbde74dfbe164a10245601e6669907f2d8,1787846252108650400,184500
C:\Workspace\TESIS\paper\Paper-Q1-4\experiment\TP2M5C\outputs\transformer_receiver_bank\seed_123\electricity\t314\w05\checkpoint.weights.h5,bcef88c2762e9960bc05a77d629eb2bad0bf79922450313e4eb9417957704e99,1787845581055444300,99264
C:\Workspace\TESIS\paper\Paper-Q1-4\experiment\TP2M5C\outputs\transformer_receiver_bank\seed_123\electricity\t314\w05\predictions.csv,e6e9b66f83acc13849687db09c52a300171a49c7dbe8e1b0ec2dcb077e29ef21,1787845581004148000,188468
C:\Workspace\TESIS\paper\Paper-Q1-4\experiment\TP2M5C\outputs\transformer_receiver_bank\seed_123\electricity\t316\w05\checkpoint.weights.h5,6276e7fc96f58b071acbf980d6c104d52909a1ec278d28a20252effc1667134c,1787846274071482400,99264
C:\Workspace\TESIS\paper\Paper-Q1-4\experiment\TP2M5C\outputs\transformer_receiver_bank\seed_123\electricity\t316\w05\predictions.csv,b02a66b3536d5c00f75e78dde39535dbaaac3f0eff6cffd6e2fc421593cf8075,1787846274021268100,187140
C:\Workspace\TESIS\paper\Paper-Q1-4\experiment\TP2M5C\outputs\transformer_receiver_bank\seed_123\electricity\t318\w05\checkpoint.weights.h5,518bed96f06c4c4eb8c5c0fd2ebecb78192d480258098f3df9403619175ee492,1787845687359019900,99264
C:\Workspace\TESIS\paper\Paper-Q1-4\experiment\TP2M5C\outputs\transformer_receiver_bank\seed_123\electricity\t318\w05\predictions.csv,0caff20bbfd79264bfd1c10f44017ecd6d70920c2ae2120bd92a4c580b272880,1787845687307288800,184718
C:\Workspace\TESIS\paper\Paper-Q1-4\experiment\TP2M5C\outputs\transformer_receiver_bank\seed_123\electricity\t321\w05\checkpoint.weights.h5,44b45991da55f82c9f13cb696080c100c3ddf4b20ecf88c197871e3e893ebfe6,1787846781081216400,99264
C:\Workspace\TESIS\paper\Paper-Q1-4\experiment\TP2M5C\outputs\transformer_receiver_bank\seed_123\electricity\t321\w05\predictions.csv,ce129afa614d08baadf3d9b773a77e69e245ab5f8a6d2b33d28318c7bb0589e4,1787846781023744900,183109
C:\Workspace\TESIS\paper\Paper-Q1-4\experiment\TP2M5C\outputs\transformer_receiver_bank\seed_123\electricity\t60\w05\checkpoint.weights.h5,847031655825addbe5b1c789fa32d774ab9a0c618f3dc94f16bc11dbf251cdb4,1787846802670169900,99264
C:\Workspace\TESIS\paper\Paper-Q1-4\experiment\TP2M5C\outputs\transformer_receiver_bank\seed_123\electricity\t60\w05\predictions.csv,92111ce2391967427754ea1083bff62883f74de8f3d12c5b71b6232374a52916,1787846802596876500,186635
C:\Workspace\TESIS\paper\Paper-Q1-4\experiment\TP2M5C\outputs\transformer_receiver_bank\seed_123\electricity\t7\w05\checkpoint.weights.h5,42c48557c74e010322f149732e226444f0dc7df6bf6e54fb03d337e969e7453c,1787845428249795000,99264
C:\Workspace\TESIS\paper\Paper-Q1-4\experiment\TP2M5C\outputs\transformer_receiver_bank\seed_123\electricity\t7\w05\predictions.csv,39aa1d12f4717bd0a055d0f2070df2f290769448016357c42da83ace3a83bda5,1787845428197817800,181595
C:\Workspace\TESIS\paper\Paper-Q1-4\experiment\TP2M5C\outputs\transformer_receiver_bank\seed_123\electricity\t82\w05\checkpoint.weights.h5,e4725edfffba8378d849eef63269c98a3e84ab655ec2d1ab7584da515a506a2f,1787845659893740300,99264
C:\Workspace\TESIS\paper\Paper-Q1-4\experiment\TP2M5C\outputs\transformer_receiver_bank\seed_123\electricity\t82\w05\predictions.csv,e51685c5aa48250fb5d54a236822ea096dd5dca32cae331158f90082d24f3927,1787845659841232400,184796
C:\Workspace\TESIS\paper\Paper-Q1-4\experiment\TP2M5C\outputs\transformer_receiver_bank\seed_123\electricity\t84\w05\checkpoint.weights.h5,1939839f74e7f4c1fe7e8759e9cc2c9e572eefe82eb019bcca2e243a9eeb8caf,1787845549684395000,99264
C:\Workspace\TESIS\paper\Paper-Q1-4\experiment\TP2M5C\outputs\transformer_receiver_bank\seed_123\electricity\t84\w05\predictions.csv,ffab26286fb8fb6108d6147fd9ef05c66b99411e35a6afab0e169b2397fcaab6,1787845549626091200,183076
C:\Workspace\TESIS\paper\Paper-Q1-4\experiment\TP2M5C\outputs\transformer_receiver_bank\seed_123\electricity\t85\w05\checkpoint.weights.h5,4f8dbd88a9ff5b9312c88d320cad3210293aa80e68cb292b5660ed62dc04898d,1787845832926539600,99264
C:\Workspace\TESIS\paper\Paper-Q1-4\experiment\TP2M5C\outputs\transformer_receiver_bank\seed_123\electricity\t85\w05\predictions.csv,41106683a7ca6df9e62f5d6821e79f4a95330a8f20af3b8b6cfb4f502103e424,1787845832882279200,183953
C:\Workspace\TESIS\paper\Paper-Q1-4\experiment\TP2M5C\outputs\transformer_receiver_bank\seed_123\electricity\t86\w05\checkpoint.weights.h5,f4e551b8e6fa88f71d1f85b5c691ea2ceccd869992a5933612ab32b4a6d79551,1787845960344845600,99264
C:\Workspace\TESIS\paper\Paper-Q1-4\experiment\TP2M5C\outputs\transformer_receiver_bank\seed_123\electricity\t86\w05\predictions.csv,38ee70d06e9d22a677a625b57fc2dabb352934ec49fa9ec717832afefbb3888e,1787845960295093500,182648
C:\Workspace\TESIS\paper\Paper-Q1-4\experiment\TP2M5C\outputs\transformer_receiver_bank\seed_123\electricity\t95\w05\checkpoint.weights.h5,082d5636c4c4018f4c45d6fafac8d6da2e1435affb3964fb36fd855ee8092bd7,1787846618171396200,99264
C:\Workspace\TESIS\paper\Paper-Q1-4\experiment\TP2M5C\outputs\transformer_receiver_bank\seed_123\electricity\t95\w05\predictions.csv,4d14149a0bb6cdbb771c3ac599e3f3745870c18968b0c0eed2f265acc174771d,1787846618126994200,185386
C:\Workspace\TESIS\paper\Paper-Q1-4\experiment\TP2M5C\outputs\transformer_receiver_bank\seed_123\who\australia\w05\checkpoint.weights.h5,81c42fc9e2fd98e1574c62afbba3b70fa99c8f6326f11a64a5f9fa65dabc3e89,1787844342366142800,99264
C:\Workspace\TESIS\paper\Paper-Q1-4\experiment\TP2M5C\outputs\transformer_receiver_bank\seed_123\who\australia\w05\predictions.csv,73d97f8492d9dfa50f047c269038132c17da0d291f3b21e7a7b87e36cfbff58d,1787844342313319700,181334
C:\Workspace\TESIS\paper\Paper-Q1-4\experiment\TP2M5C\outputs\transformer_receiver_bank\seed_123\who\austria\w05\checkpoint.weights.h5,17e7c718bffc8d22208a96951ee079afab7f6f6abac74f88172b8a3c0c98be2f,1787844330555218100,99264
C:\Workspace\TESIS\paper\Paper-Q1-4\experiment\TP2M5C\outputs\transformer_receiver_bank\seed_123\who\austria\w05\predictions.csv,fbe8b42a0dd9de78b0010670918f77bbad5c440f7810ce494901a1d334299fcd,1787844330516954500,181604
C:\Workspace\TESIS\paper\Paper-Q1-4\experiment\TP2M5C\outputs\transformer_receiver_bank\seed_123\who\bangladesh\w05\checkpoint.weights.h5,4af278ba2fba32056d234f0fc9fa25adae069bc7a79fa9c533540eba9c2b6fa4,1787844401928415900,99264
C:\Workspace\TESIS\paper\Paper-Q1-4\experiment\TP2M5C\outputs\transformer_receiver_bank\seed_123\who\bangladesh\w05\predictions.csv,5f14ec5ab32e5d36b14acc280497ed84ee951188bb44e30885f0023fdb52b492,1787844401879269400,181088
C:\Workspace\TESIS\paper\Paper-Q1-4\experiment\TP2M5C\outputs\transformer_receiver_bank\seed_123\who\bhutan\w05\checkpoint.weights.h5,41ca991bc5215983aa893ef8ea77da61755486cda26eb867fa7fe271a55fef8f,1787844442809222700,99264
C:\Workspace\TESIS\paper\Paper-Q1-4\experiment\TP2M5C\outputs\transformer_receiver_bank\seed_123\who\bhutan\w05\predictions.csv,20c9349f93dc6e0d33a8867a7ac61eac4630e24830e0e5082baf7366669ba716,1787844442757334100,182281
C:\Workspace\TESIS\paper\Paper-Q1-4\experiment\TP2M5C\outputs\transformer_receiver_bank\seed_123\who\brunei_darussalam\w05\checkpoint.weights.h5,a8ed35b16752ec79f1285df12a03695ad7a8db0bf78851ad8ff5d2e25945dd15,1787844479729392100,99264
C:\Workspace\TESIS\paper\Paper-Q1-4\experiment\TP2M5C\outputs\transformer_receiver_bank\seed_123\who\brunei_darussalam\w05\predictions.csv,6a14dac3bc86ed8c5d659e104022162f0269a78e2147cc3207338e60cfc66590,1787844479681687500,180623
C:\Workspace\TESIS\paper\Paper-Q1-4\experiment\TP2M5C\outputs\transformer_receiver_bank\seed_123\who\cambodia\w05\checkpoint.weights.h5,bedb6cfcb0af04a8e9c980cb1eceb0f3e58e9054b2a444c6e445e42d8d32d5b8,1787844470623662200,99264
C:\Workspace\TESIS\paper\Paper-Q1-4\experiment\TP2M5C\outputs\transformer_receiver_bank\seed_123\who\cambodia\w05\predictions.csv,d353f5c59f3e98572c7c5e2809e0c838643c5e4a07148f15d0ca08437f0f00cf,1787844470572097800,181141
C:\Workspace\TESIS\paper\Paper-Q1-4\experiment\TP2M5C\outputs\transformer_receiver_bank\seed_123\who\china\w05\checkpoint.weights.h5,8786d22993082b0ae69c0b040fd4f14287df408bd3da952bc6de9af09b97928d,1787844638068065600,99264
C:\Workspace\TESIS\paper\Paper-Q1-4\experiment\TP2M5C\outputs\transformer_receiver_bank\seed_123\who\china\w05\predictions.csv,52c356625eba3b858f73772d952cab27df3f43c238b3c0408ae1b2863f33ec6d,1787844638017316300,182057
C:\Workspace\TESIS\paper\Paper-Q1-4\experiment\TP2M5C\outputs\transformer_receiver_bank\seed_123\who\fiji\w05\checkpoint.weights.h5,04668c2c0cf65d3ab0a36a38f2d5b279a9791e3529c2b61c234bf33e40adc886,1787844538342717000,99264
C:\Workspace\TESIS\paper\Paper-Q1-4\experiment\TP2M5C\outputs\transformer_receiver_bank\seed_123\who\fiji\w05\predictions.csv,67d594422505d0e18e9b998203668aac490213579e3bf35ed573a677362b54a0,1787844538287689300,179918
C:\Workspace\TESIS\paper\Paper-Q1-4\experiment\TP2M5C\outputs\transformer_receiver_bank\seed_123\who\french_polynesia\w05\checkpoint.weights.h5,5be255f7feba83f1b0ef229ab2b156403e9ec928b0b770b335d505ef1d48b70c,1787844592910539600,99264
C:\Workspace\TESIS\paper\Paper-Q1-4\experiment\TP2M5C\outputs\transformer_receiver_bank\seed_123\who\french_polynesia\w05\predictions.csv,d35060282e3d2c12f64fb1910a5782e2f751611168803d47bcf545a22185ed5e,1787844592853992700,179161
C:\Workspace\TESIS\paper\Paper-Q1-4\experiment\TP2M5C\outputs\transformer_receiver_bank\seed_123\who\guam\w05\checkpoint.weights.h5,3e766504c3203621b349d560dc31893f089c2d4fa4e62ad6c0ded341201c1080,1787844630813405600,99264
C:\Workspace\TESIS\paper\Paper-Q1-4\experiment\TP2M5C\outputs\transformer_receiver_bank\seed_123\who\guam\w05\predictions.csv,e76271a710a0ed992bef076447cf5b5535af6c255cce29f543766c1df892702b,1787844630767658600,182556
C:\Workspace\TESIS\paper\Paper-Q1-4\experiment\TP2M5C\outputs\transformer_receiver_bank\seed_123\who\lao_people_s_democratic_republic\w05\checkpoint.weights.h5,e6afffa39d4c338af793800fc610e2cec3f985ffc23f7438d95fc70624b16936,1787844643029838100,99264
C:\Workspace\TESIS\paper\Paper-Q1-4\experiment\TP2M5C\outputs\transformer_receiver_bank\seed_123\who\lao_people_s_democratic_republic\w05\predictions.csv,cb7dc11855a93030c76d26449ec29f500c72d047c85ba240bc29bfa8e85f531e,1787844642973103200,178224
C:\Workspace\TESIS\paper\Paper-Q1-4\experiment\TP2M5C\outputs\transformer_receiver_bank\seed_123\who\malaysia\w05\checkpoint.weights.h5,6b54b53f2a6edf0dae9b56f6baf48d8bb5aa19bc1262f529e1bb4bc8d0474959,1787844850674370500,99264
C:\Workspace\TESIS\paper\Paper-Q1-4\experiment\TP2M5C\outputs\transformer_receiver_bank\seed_123\who\malaysia\w05\predictions.csv,cb671b2cc8bc6827c4ac000f1ad507b7576285987045ac9ff332480a87058f94,1787844850624522100,184247
C:\Workspace\TESIS\paper\Paper-Q1-4\experiment\TP2M5C\outputs\transformer_receiver_bank\seed_123\who\maldives\w05\checkpoint.weights.h5,c3e50db1bcb17e5830faaa4a69a877202e0f37e679817bbd1feb401679e0cace,1787844780831484700,99264
C:\Workspace\TESIS\paper\Paper-Q1-4\experiment\TP2M5C\outputs\transformer_receiver_bank\seed_123\who\maldives\w05\predictions.csv,94247e366c2ba7ff7d3a3b57e5c5a659d7c62d79866b1bd4ca44280da57274f2,1787844780773574400,183525
C:\Workspace\TESIS\paper\Paper-Q1-4\experiment\TP2M5C\outputs\transformer_receiver_bank\seed_123\who\mexico\w05\checkpoint.weights.h5,2d0f29a5937a91802541129532ab351fe22f05d225258796a0107b4ab8afc850,1787844825534748800,99264
C:\Workspace\TESIS\paper\Paper-Q1-4\experiment\TP2M5C\outputs\transformer_receiver_bank\seed_123\who\mexico\w05\predictions.csv,d3e65ad39a13a6799e682c6e2ab9deb7467fb66aac94b1e441942abfe3f9e7a4,1787844825474800400,185287
C:\Workspace\TESIS\paper\Paper-Q1-4\experiment\TP2M5C\outputs\transformer_receiver_bank\seed_123\who\mongolia\w05\checkpoint.weights.h5,23774ffff1ba11a8ff99637d82be76d3a101017444f3c2a8330502f0df5e43aa,1787844878496883600,99264
C:\Workspace\TESIS\paper\Paper-Q1-4\experiment\TP2M5C\outputs\transformer_receiver_bank\seed_123\who\mongolia\w05\predictions.csv,e70babf83eb5c57393bd55d930f3700487987a4ee9710d0aee2486a4284238cc,1787844878444296100,184331
C:\Workspace\TESIS\paper\Paper-Q1-4\experiment\TP2M5C\outputs\transformer_receiver_bank\seed_123\who\myanmar\w05\checkpoint.weights.h5,7781d5853b164818a7b49ce440eef252f169d34a5df49e284cf10fc053d14f50,1787844923645136900,99264
C:\Workspace\TESIS\paper\Paper-Q1-4\experiment\TP2M5C\outputs\transformer_receiver_bank\seed_123\who\myanmar\w05\predictions.csv,d08dbbd2a7fbde713e7137ace02401645d0bf0cdc71f927c8ce6436a1dd1edff,1787844923582466300,182722
C:\Workspace\TESIS\paper\Paper-Q1-4\experiment\TP2M5C\outputs\transformer_receiver_bank\seed_123\who\nepal\w05\checkpoint.weights.h5,ead7d5d0c950014378663f670f225ca4363f44d9d9e67afc477bb19ec38c68fe,1787845021394802500,99264
C:\Workspace\TESIS\paper\Paper-Q1-4\experiment\TP2M5C\outputs\transformer_receiver_bank\seed_123\who\nepal\w05\predictions.csv,485fff3bf18e9c90af12f02b0ff471cab1703859d20dadb749c517d7f003473c,1787845021339032800,182006
C:\Workspace\TESIS\paper\Paper-Q1-4\experiment\TP2M5C\outputs\transformer_receiver_bank\seed_123\who\new_caledonia\w05\checkpoint.weights.h5,a82c6626daab88861987e444621880a873858ca904a2dd3821f3081246ec5b46,1787844958543872600,99264
C:\Workspace\TESIS\paper\Paper-Q1-4\experiment\TP2M5C\outputs\transformer_receiver_bank\seed_123\who\new_caledonia\w05\predictions.csv,2aa14d5ce52ff95354c0dcdd27df6343b35ce4f179cd0cb35c2514766e348094,1787844958485234300,181882
C:\Workspace\TESIS\paper\Paper-Q1-4\experiment\TP2M5C\outputs\transformer_receiver_bank\seed_123\who\new_zealand\w05\checkpoint.weights.h5,a31055f657082cd017931a1b18e163fdaab137ec0326a0d2fd6365d84f1d7ef1,1787844959096188300,99264
C:\Workspace\TESIS\paper\Paper-Q1-4\experiment\TP2M5C\outputs\transformer_receiver_bank\seed_123\who\new_zealand\w05\predictions.csv,1522c146d3cb19bb8af221a3931c799312e2b658710a32db0b6a96e0cd81b2d6,1787844959044916400,179751
C:\Workspace\TESIS\paper\Paper-Q1-4\experiment\TP2M5C\outputs\transformer_receiver_bank\seed_123\who\northern_mariana_islands\w05\checkpoint.weights.h5,9562990b4f6ee3e0678fb87d7808a80d99b25299a18712ac7b0a7e477289d29b,1787845005640355500,99264
C:\Workspace\TESIS\paper\Paper-Q1-4\experiment\TP2M5C\outputs\transformer_receiver_bank\seed_123\who\northern_mariana_islands\w05\predictions.csv,46fef1fdda1286b6958c3e86a79fded652adc001da8d310894a9acfee916c077,1787845005594352800,180784
C:\Workspace\TESIS\paper\Paper-Q1-4\experiment\TP2M5C\outputs\transformer_receiver_bank\seed_123\who\palau\w05\checkpoint.weights.h5,6d9e4739b8b2ee54dff5d33434f2a222be7b66f8ba1487d3263078bbbb8d6f9b,1787845055529401700,99264
C:\Workspace\TESIS\paper\Paper-Q1-4\experiment\TP2M5C\outputs\transformer_receiver_bank\seed_123\who\palau\w05\predictions.csv,05eac2f01dd778e26487a419d439b3805f8a2b64e47257b46b0d6d614eedb14e,1787845055480346100,181959
C:\Workspace\TESIS\paper\Paper-Q1-4\experiment\TP2M5C\outputs\transformer_receiver_bank\seed_123\who\papua_new_guinea\w05\checkpoint.weights.h5,d484efa2d56056301382c52c8ff9dd3209f815372bd78136993a7aed645569a6,1787845048187046900,99264
C:\Workspace\TESIS\paper\Paper-Q1-4\experiment\TP2M5C\outputs\transformer_receiver_bank\seed_123\who\papua_new_guinea\w05\predictions.csv,fd4a63a99f6dcb109c8e687fd60398da34e818e9f09f87cc16232b7293b47057,1787845048140577300,182219
C:\Workspace\TESIS\paper\Paper-Q1-4\experiment\TP2M5C\outputs\transformer_receiver_bank\seed_123\who\philippines\w05\checkpoint.weights.h5,21c73e9f49892ffc5d8cfb77c93875f3892b3de0893e56ff0a1067485f7de12b,1787845089267458700,99264
C:\Workspace\TESIS\paper\Paper-Q1-4\experiment\TP2M5C\outputs\transformer_receiver_bank\seed_123\who\philippines\w05\predictions.csv,52b79fbb81a2e442cc07f59a71804f83ae843611234ee513d059f64803909ced,1787845089214194700,184231
C:\Workspace\TESIS\paper\Paper-Q1-4\experiment\TP2M5C\outputs\transformer_receiver_bank\seed_123\who\singapore\w05\checkpoint.weights.h5,e91088584db86063b85a70121a8a9a41baa27590a77fa1af25e00c2319e796ec,1787845284413932000,99264
C:\Workspace\TESIS\paper\Paper-Q1-4\experiment\TP2M5C\outputs\transformer_receiver_bank\seed_123\who\singapore\w05\predictions.csv,c89985e3d0ae2403ab9df50a1162a3c66a332f98ce912a74dbfcf11325a15b1a,1787845284367798500,181892
C:\Workspace\TESIS\paper\Paper-Q1-4\experiment\TP2M5C\outputs\transformer_receiver_bank\seed_123\who\sri_lanka\w05\checkpoint.weights.h5,4f7650378a72db85d667250b6befe1a572c882b7948d01e7dde43b0a58d8dcc6,1787845130006292100,99264
C:\Workspace\TESIS\paper\Paper-Q1-4\experiment\TP2M5C\outputs\transformer_receiver_bank\seed_123\who\sri_lanka\w05\predictions.csv,759745932490476b8e87477d514aebdf66dd055d72029fa8c3a9fcceabc05e0e,1787845129944921800,180949
C:\Workspace\TESIS\paper\Paper-Q1-4\experiment\TP2M5C\outputs\transformer_receiver_bank\seed_123\who\switzerland\w05\checkpoint.weights.h5,db10bbda45f05efa8a7cad535308d94100d7d4cb40b6dd3c8e9f307687013eec,1787845318447686100,99264
C:\Workspace\TESIS\paper\Paper-Q1-4\experiment\TP2M5C\outputs\transformer_receiver_bank\seed_123\who\switzerland\w05\predictions.csv,03ee55260a32b8098f8f01938872a8af1484cae5b3f157e0366f8f3cffadefcd,1787845318395799100,182881
C:\Workspace\TESIS\paper\Paper-Q1-4\experiment\TP2M5C\outputs\transformer_receiver_bank\seed_123\who\thailand\w05\checkpoint.weights.h5,3530203452e3fff194ddeee534bb6c026aac4ba0e353e1aa25abd095bdef735e,1787845231086701200,99264
C:\Workspace\TESIS\paper\Paper-Q1-4\experiment\TP2M5C\outputs\transformer_receiver_bank\seed_123\who\thailand\w05\predictions.csv,8ee5938996caf56eba3ce6cccd76d30f3794a0cad135392309af0d141c7885c0,1787845231035689200,181430
C:\Workspace\TESIS\paper\Paper-Q1-4\experiment\TP2M5C\outputs\transformer_receiver_bank\seed_123\who\timor_leste\w05\checkpoint.weights.h5,01d7a7ae6382494dd090a2871311453189f407fbf2af8299003148babcda6e76,1787845211028714700,99264
C:\Workspace\TESIS\paper\Paper-Q1-4\experiment\TP2M5C\outputs\transformer_receiver_bank\seed_123\who\timor_leste\w05\predictions.csv,8f515a2ccd056bb7f6f86b2f41885d6b44cc044fa839ce9873334edcd842a55e,1787845210977984700,181364
C:\Workspace\TESIS\paper\Paper-Q1-4\experiment\TP2M5C\outputs\transformer_receiver_bank\seed_123\who\united_kingdom_of_great_britain_and_northern_ireland\w05\checkpoint.weights.h5,f54b7f6f94bc8b605c6305534085c9d98ded8be17ef089c8ea715937c4290ed1,1787845393682936400,99264
C:\Workspace\TESIS\paper\Paper-Q1-4\experiment\TP2M5C\outputs\transformer_receiver_bank\seed_123\who\united_kingdom_of_great_britain_and_northern_ireland\w05\predictions.csv,52bcc2d4ed7eb7c6a1357410205e190f85e8c9d836161c3a9df1af212dc656ae,1787845393622019400,185292
C:\Workspace\TESIS\paper\Paper-Q1-4\experiment\TP2M5C\outputs\transformer_receiver_bank\seed_123\who\vanuatu\w05\checkpoint.weights.h5,45512daf977e5100207d270e22b4e724dd6bed8f7a16b2d0265240b727d68314,1787845312368612700,99264
C:\Workspace\TESIS\paper\Paper-Q1-4\experiment\TP2M5C\outputs\transformer_receiver_bank\seed_123\who\vanuatu\w05\predictions.csv,541c2f8ac83c4393c3f575e681ab64731cb9ed70e13f0fc2c4b9d46d485d4803,1787845312320389000,176940
C:\Workspace\TESIS\paper\Paper-Q1-4\experiment\TP2M5C\outputs\transformer_receiver_bank\seed_123\who\viet_nam\w05\checkpoint.weights.h5,3b59e69773e17b8a307342c7cdc3a0bc7bfc5e011403503e76db43e83d837769,1787845373237931300,99264
C:\Workspace\TESIS\paper\Paper-Q1-4\experiment\TP2M5C\outputs\transformer_receiver_bank\seed_123\who\viet_nam\w05\predictions.csv,6fa4ff7e745c1cdc3347cf4f76c1fa4d4c1b6f962577cc7904b9bb0d7b03fbf2,1787845373187867100,181544
C:\Workspace\TESIS\paper\Paper-Q1-4\experiment\TP2M5C\outputs\transformer_receiver_bank\seed_2025\dengue\kaohsiung_city\w05\checkpoint.weights.h5,ddf0667e2b7ccdc81acd477f74e9138c4c546d0206a389cede525f86f116fdd4,1787856444848270600,99264
C:\Workspace\TESIS\paper\Paper-Q1-4\experiment\TP2M5C\outputs\transformer_receiver_bank\seed_2025\dengue\kaohsiung_city\w05\predictions.csv,14d5649a97c4c8a295ac54c4cdd1d86c4088e507faba1058bb4213b002044480,1787856444781212600,182540
C:\Workspace\TESIS\paper\Paper-Q1-4\experiment\TP2M5C\outputs\transformer_receiver_bank\seed_2025\dengue\new_taipei_city\w05\checkpoint.weights.h5,9064826d68e689c4fbf2ab80ce2b74739a9d1592ef00505638cc22631053d41c,1787856427455798200,99264
C:\Workspace\TESIS\paper\Paper-Q1-4\experiment\TP2M5C\outputs\transformer_receiver_bank\seed_2025\dengue\new_taipei_city\w05\predictions.csv,6ecd0c3ab9001deec4d176c96cb48942f2d5ede59f42a42966378bec49da63c1,1787856427394390400,180884
C:\Workspace\TESIS\paper\Paper-Q1-4\experiment\TP2M5C\outputs\transformer_receiver_bank\seed_2025\dengue\pingtung_county\w05\checkpoint.weights.h5,d6dcf4bc6f0e81599dcfb3969d83df4144df9a0ebc4e6047d88b17d2b1a69cf2,1787856571750468800,99264
C:\Workspace\TESIS\paper\Paper-Q1-4\experiment\TP2M5C\outputs\transformer_receiver_bank\seed_2025\dengue\pingtung_county\w05\predictions.csv,e9df7a69e73fb62acdd71a2bdf11d2c0bbe9b4e1a44323f036851e53d5265cce,1787856571691671900,184929
C:\Workspace\TESIS\paper\Paper-Q1-4\experiment\TP2M5C\outputs\transformer_receiver_bank\seed_2025\dengue\taichung_city\w05\checkpoint.weights.h5,ed0267af008ab899c46923a7ca819a008cef55d208eb0557be276159b1517f0e,1787856751220700700,99264
C:\Workspace\TESIS\paper\Paper-Q1-4\experiment\TP2M5C\outputs\transformer_receiver_bank\seed_2025\dengue\taichung_city\w05\predictions.csv,0cfc8b90eca0949219ffb311dd802da91c2da719623f1d4f8415a8b8ca3d9b01,1787856751162698700,184503
C:\Workspace\TESIS\paper\Paper-Q1-4\experiment\TP2M5C\outputs\transformer_receiver_bank\seed_2025\dengue\tainan_city\w05\checkpoint.weights.h5,5c13247eb7221a33969822ea3a4a71d042422abd3217570239e34860f012c65d,1787856560286617400,99264
C:\Workspace\TESIS\paper\Paper-Q1-4\experiment\TP2M5C\outputs\transformer_receiver_bank\seed_2025\dengue\tainan_city\w05\predictions.csv,d9848b5badb89cf91b8ac40c967a574574d3ed7dbde2dde96c53eb1560cd90b2,1787856560227646200,179814
C:\Workspace\TESIS\paper\Paper-Q1-4\experiment\TP2M5C\outputs\transformer_receiver_bank\seed_2025\dengue\taipei_city\w05\checkpoint.weights.h5,9cd7659335b1e3b1f266c2a9daed06ddf7b08148b514fa783bd28580dbe18027,1787856597754644000,99264
C:\Workspace\TESIS\paper\Paper-Q1-4\experiment\TP2M5C\outputs\transformer_receiver_bank\seed_2025\dengue\taipei_city\w05\predictions.csv,dceb734b855413bb029e23ee5606bbd2054f524c5f5aa15d806ceccf4757914d,1787856597678308500,181607
C:\Workspace\TESIS\paper\Paper-Q1-4\experiment\TP2M5C\outputs\transformer_receiver_bank\seed_2025\dengue\yunlin_county\w05\checkpoint.weights.h5,18f0a99efad79c9c84df46644fc546143605c2745e3339341328a0d566050417,1787856755888325900,99264
C:\Workspace\TESIS\paper\Paper-Q1-4\experiment\TP2M5C\outputs\transformer_receiver_bank\seed_2025\dengue\yunlin_county\w05\predictions.csv,83ca91fe799d91b983dc7b6eef877017e1aa011bcce45f5788f9a575dae88ef7,1787856755856972400,183394
C:\Workspace\TESIS\paper\Paper-Q1-4\experiment\TP2M5C\outputs\transformer_receiver_bank\seed_2025\electricity\t1\w05\checkpoint.weights.h5,0761315f95ae978724fbf9d5be152f6b6630f3811e498cabf26a2eb7d2476043,1787856160791273400,99264
C:\Workspace\TESIS\paper\Paper-Q1-4\experiment\TP2M5C\outputs\transformer_receiver_bank\seed_2025\electricity\t1\w05\predictions.csv,071835cec6e0930caf1a81fe503099b77b70cd68b5a17b02e2a33d88549ec314,1787856160741055400,184090
C:\Workspace\TESIS\paper\Paper-Q1-4\experiment\TP2M5C\outputs\transformer_receiver_bank\seed_2025\electricity\t100\w05\checkpoint.weights.h5,88a51a788fe796c5073763bd06ac2a8bfc04ce7c1678f4071f817e37808509c3,1787856238095820200,99264
C:\Workspace\TESIS\paper\Paper-Q1-4\experiment\TP2M5C\outputs\transformer_receiver_bank\seed_2025\electricity\t100\w05\predictions.csv,778b6412434d460446025fc0d34518b71bc010934fdd66cdacd12cfea3f9be30,1787856238039547500,185595
C:\Workspace\TESIS\paper\Paper-Q1-4\experiment\TP2M5C\outputs\transformer_receiver_bank\seed_2025\electricity\t104\w05\checkpoint.weights.h5,303ae657c3b25f7464e36d5b0328553f97506dcf6e17aa1f29b7d86162832b71,1787848633450417100,99264
C:\Workspace\TESIS\paper\Paper-Q1-4\experiment\TP2M5C\outputs\transformer_receiver_bank\seed_2025\electricity\t104\w05\predictions.csv,98979f5b60c74b9982b9ddc77d2094c914ccd8582617254df26b83080ffb9b6b,1787848633400382800,187557
C:\Workspace\TESIS\paper\Paper-Q1-4\experiment\TP2M5C\outputs\transformer_receiver_bank\seed_2025\electricity\t106\w05\checkpoint.weights.h5,f114e6def0fc66d6bd6c550f325bdf9186ee285b4b6257d330fc2e446f1d8d2f,1787848421885469400,99264
C:\Workspace\TESIS\paper\Paper-Q1-4\experiment\TP2M5C\outputs\transformer_receiver_bank\seed_2025\electricity\t106\w05\predictions.csv,206c3ea9fe5338bf72e554d800a0520743088ae18e1fcfbe61b87483a919ea20,1787848421819591800,189522
C:\Workspace\TESIS\paper\Paper-Q1-4\experiment\TP2M5C\outputs\transformer_receiver_bank\seed_2025\electricity\t107\w05\checkpoint.weights.h5,4ac4e3b66289c8ce26979cbd00ffc51e4645d0b8abe72add4d24980e9d225fe0,1787856309753899700,99264
C:\Workspace\TESIS\paper\Paper-Q1-4\experiment\TP2M5C\outputs\transformer_receiver_bank\seed_2025\electricity\t107\w05\predictions.csv,bf1093aa1dec2e90db01fd004733f880cb87e55b3f808d118eb23c44c7956cdb,1787856309696081300,186626
C:\Workspace\TESIS\paper\Paper-Q1-4\experiment\TP2M5C\outputs\transformer_receiver_bank\seed_2025\electricity\t108\w05\checkpoint.weights.h5,02da51e288fe9e7e19a0f1adf7f94bd2437d68c2f106193b8a950b372c245d29,1787848319508091900,99264
C:\Workspace\TESIS\paper\Paper-Q1-4\experiment\TP2M5C\outputs\transformer_receiver_bank\seed_2025\electricity\t108\w05\predictions.csv,fd1a754d8e412ef07f41884b8d9f467e246ac7ce6a1f76bd8999d43d15a1593f,1787848319458459900,185498
C:\Workspace\TESIS\paper\Paper-Q1-4\experiment\TP2M5C\outputs\transformer_receiver_bank\seed_2025\electricity\t11\w05\checkpoint.weights.h5,0e504d44a92d2a441cc2a565fe15ce5731612febbf3a9fc43d573f71ef8361d8,1787855981213033600,99264
C:\Workspace\TESIS\paper\Paper-Q1-4\experiment\TP2M5C\outputs\transformer_receiver_bank\seed_2025\electricity\t11\w05\predictions.csv,0fa32c8475027ab47c0a32ee6c831765414cb7f3830118725acfd8b41b9f7670,1787855981151430400,190027
C:\Workspace\TESIS\paper\Paper-Q1-4\experiment\TP2M5C\outputs\transformer_receiver_bank\seed_2025\electricity\t115\w05\checkpoint.weights.h5,04bfeb9a1b5662a2e636870bb3d6874b0eb24e173b952c259844504b8e1ea558,1787848890071548000,99264
C:\Workspace\TESIS\paper\Paper-Q1-4\experiment\TP2M5C\outputs\transformer_receiver_bank\seed_2025\electricity\t115\w05\predictions.csv,7c51640e1dadcf70815f426b2a8bdcaf7059ff94b57f3952776d4c1b19face6e,1787848890022325500,186351
C:\Workspace\TESIS\paper\Paper-Q1-4\experiment\TP2M5C\outputs\transformer_receiver_bank\seed_2025\electricity\t118\w05\checkpoint.weights.h5,aee196f7efc3397764bee8ecb50a23e1a8b09016a932277dab91fd0d8c99c997,1787848214499047200,99264
C:\Workspace\TESIS\paper\Paper-Q1-4\experiment\TP2M5C\outputs\transformer_receiver_bank\seed_2025\electricity\t118\w05\predictions.csv,c60d81b2820b727a4046e45ddf6a2aab19d30f5b7cc5a28573dbeb1fd331a997,1787848214472251300,197802
C:\Workspace\TESIS\paper\Paper-Q1-4\experiment\TP2M5C\outputs\transformer_receiver_bank\seed_2025\electricity\t125\w05\checkpoint.weights.h5,749ff1bd5e7738c921b87a73ea19d99043109a6ab2e3a27d1c0bca0d375365c4,1787855957433829600,99264
C:\Workspace\TESIS\paper\Paper-Q1-4\experiment\TP2M5C\outputs\transformer_receiver_bank\seed_2025\electricity\t125\w05\predictions.csv,377935d8a0f8c305002229860ac7c355b6abf8e44c0bca2e6cf5adb527655103,1787855957377022500,186761
C:\Workspace\TESIS\paper\Paper-Q1-4\experiment\TP2M5C\outputs\transformer_receiver_bank\seed_2025\electricity\t128\w05\checkpoint.weights.h5,aa6229c757f76f5ab39c7a6e458f556834de3086926b400de705cd0c3897ea23,1787848484822463400,99264
C:\Workspace\TESIS\paper\Paper-Q1-4\experiment\TP2M5C\outputs\transformer_receiver_bank\seed_2025\electricity\t128\w05\predictions.csv,9c9f47c2cac206a40d08b709f9dbd49ccd969c38696b5c8299ca6b89372c981e,1787848484784799300,183963
C:\Workspace\TESIS\paper\Paper-Q1-4\experiment\TP2M5C\outputs\transformer_receiver_bank\seed_2025\electricity\t129\w05\checkpoint.weights.h5,617cf8e467d2f6e742ceb17c67f0911aad65fc0aeda373e1899913ee87bd9067,1787848662715296500,99264
C:\Workspace\TESIS\paper\Paper-Q1-4\experiment\TP2M5C\outputs\transformer_receiver_bank\seed_2025\electricity\t129\w05\predictions.csv,dbdced8c129b8c00a1cf9c960a49431d86c2697c51f48bce3613472cd6c94568,1787848662658239300,191092
C:\Workspace\TESIS\paper\Paper-Q1-4\experiment\TP2M5C\outputs\transformer_receiver_bank\seed_2025\electricity\t133\w05\checkpoint.weights.h5,33edf331a2494c413c6b457e4b17b2751755549a2e097093332371f48f8b8e83,1787856016049927900,99264
C:\Workspace\TESIS\paper\Paper-Q1-4\experiment\TP2M5C\outputs\transformer_receiver_bank\seed_2025\electricity\t133\w05\predictions.csv,942f440631f4ee453e9e8d48f2a03cf703c20b0778cc91a296da0716c2577963,1787856015988132300,186444
C:\Workspace\TESIS\paper\Paper-Q1-4\experiment\TP2M5C\outputs\transformer_receiver_bank\seed_2025\electricity\t134\w05\checkpoint.weights.h5,e45df70d954b58b6eb8733a50b6897bfe329183ab9cb41a8fa3c0fad8a63c476,1787856504277945100,99264
C:\Workspace\TESIS\paper\Paper-Q1-4\experiment\TP2M5C\outputs\transformer_receiver_bank\seed_2025\electricity\t134\w05\predictions.csv,2a115852a2b618efbc761d9178861ca220be327684cf2d929e80236d0db34f67,1787856504223300700,189348
C:\Workspace\TESIS\paper\Paper-Q1-4\experiment\TP2M5C\outputs\transformer_receiver_bank\seed_2025\electricity\t135\w05\checkpoint.weights.h5,a88de2f797a0bed4300142423f79e96c77a13de26309da87a38db8ea3b20378a,1787848914524445400,99264
C:\Workspace\TESIS\paper\Paper-Q1-4\experiment\TP2M5C\outputs\transformer_receiver_bank\seed_2025\electricity\t135\w05\predictions.csv,7377715dae2a872ce9fddc912b84285d5edc30861aa6a5c99f4f498c658a454e,1787848914472724500,186234
C:\Workspace\TESIS\paper\Paper-Q1-4\experiment\TP2M5C\outputs\transformer_receiver_bank\seed_2025\electricity\t144\w05\checkpoint.weights.h5,9940843af6bcc69f6d2e33fc78c12f75d7fd96510c7797252774d15e4823b486,1787848749500369600,99264
C:\Workspace\TESIS\paper\Paper-Q1-4\experiment\TP2M5C\outputs\transformer_receiver_bank\seed_2025\electricity\t144\w05\predictions.csv,09909afddb270273b2939653d9964597a86926c8283a3530adcdc21a237ee9f3,1787848749430154100,186830
C:\Workspace\TESIS\paper\Paper-Q1-4\experiment\TP2M5C\outputs\transformer_receiver_bank\seed_2025\electricity\t2\w05\checkpoint.weights.h5,ee2ffc4e456fe89f652b105f1a7817d6254c295aa60d10480773dc8af6d3e395,1787856067478321800,99264
C:\Workspace\TESIS\paper\Paper-Q1-4\experiment\TP2M5C\outputs\transformer_receiver_bank\seed_2025\electricity\t2\w05\predictions.csv,960b99c06eeff768ae6b55c4b15688ac8f839ddccaa8ba2630c827371930685f,1787856067418848400,182891
C:\Workspace\TESIS\paper\Paper-Q1-4\experiment\TP2M5C\outputs\transformer_receiver_bank\seed_2025\electricity\t20\w05\checkpoint.weights.h5,2946db210653a72c61650b2df4311ece28a84b17a1dcad06ea457853a7c21406,1787848803878008100,99264
C:\Workspace\TESIS\paper\Paper-Q1-4\experiment\TP2M5C\outputs\transformer_receiver_bank\seed_2025\electricity\t20\w05\predictions.csv,a6b9a5b4c255e99d9e86992c23bb94011809a235d4a96afb9b74313695cdf479,1787848803819419200,185405
C:\Workspace\TESIS\paper\Paper-Q1-4\experiment\TP2M5C\outputs\transformer_receiver_bank\seed_2025\electricity\t208\w05\checkpoint.weights.h5,59a5671c5e55be98f6f16d3eefb16148f3e8e3cc90d77e8d233eec41183844b5,1787855689349127500,99264
C:\Workspace\TESIS\paper\Paper-Q1-4\experiment\TP2M5C\outputs\transformer_receiver_bank\seed_2025\electricity\t208\w05\predictions.csv,080c60c97e0a6f58b802300507dcf96c0a842ca18bc4ef690fd62b3c76318d99,1787855689295874900,188277
C:\Workspace\TESIS\paper\Paper-Q1-4\experiment\TP2M5C\outputs\transformer_receiver_bank\seed_2025\electricity\t224\w05\checkpoint.weights.h5,5b16d3543aeffc2a66e57f238dec626d4f412b8c00e7ffcc5fb07470de7cfdeb,1787855832087448900,99264
C:\Workspace\TESIS\paper\Paper-Q1-4\experiment\TP2M5C\outputs\transformer_receiver_bank\seed_2025\electricity\t224\w05\predictions.csv,58a29044f94c38c03da5437217c78a649d8ab84454eb6048fbdc0e32cea6e91c,1787855832032688500,193886
C:\Workspace\TESIS\paper\Paper-Q1-4\experiment\TP2M5C\outputs\transformer_receiver_bank\seed_2025\electricity\t234\w05\checkpoint.weights.h5,e84b3e1e765e5895dc600b0b5159f841c0bbd70e7b7f6fc02c82bdbde8c275b1,1787848999456849700,99264
C:\Workspace\TESIS\paper\Paper-Q1-4\experiment\TP2M5C\outputs\transformer_receiver_bank\seed_2025\electricity\t234\w05\predictions.csv,4f4ffff4f97b4a32816c98ac780af5456b11673bfd9a8aa657435e71094fde2d,1787848999403511000,190648
C:\Workspace\TESIS\paper\Paper-Q1-4\experiment\TP2M5C\outputs\transformer_receiver_bank\seed_2025\electricity\t237\w05\checkpoint.weights.h5,9d7495212acd3083089c30443f86c238bb7d6abdc35c529fdccc445df1d8fb67,1787856457538044500,99264
C:\Workspace\TESIS\paper\Paper-Q1-4\experiment\TP2M5C\outputs\transformer_receiver_bank\seed_2025\electricity\t237\w05\predictions.csv,4d8e9afa3396da6b5343b50e0bbdbd29141086d00f2924b9edc8295dfe5386e9,1787856457476638600,194557
C:\Workspace\TESIS\paper\Paper-Q1-4\experiment\TP2M5C\outputs\transformer_receiver_bank\seed_2025\electricity\t249\w05\checkpoint.weights.h5,74d933cca70a3a1059cbfecff10f824236664f80683b3e48a139931028429b63,1787855808379252800,99264
C:\Workspace\TESIS\paper\Paper-Q1-4\experiment\TP2M5C\outputs\transformer_receiver_bank\seed_2025\electricity\t249\w05\predictions.csv,6f94f7f7ff14348dabff9f2ef3bef5a10c232b36cea980ca0df32e8895475462,1787855808324731700,188735
C:\Workspace\TESIS\paper\Paper-Q1-4\experiment\TP2M5C\outputs\transformer_receiver_bank\seed_2025\electricity\t26\w05\checkpoint.weights.h5,9ae37f59ee2b1b8d09ef3c2534bda96c2b9fe35afa57ffe7aee326827c4acb1c,1787856011332683100,99264
C:\Workspace\TESIS\paper\Paper-Q1-4\experiment\TP2M5C\outputs\transformer_receiver_bank\seed_2025\electricity\t26\w05\predictions.csv,591a91c44471ebab4e181b009104ad8a3c2873c6c0e62414df4c77ad28e828ea,1787856011279401800,186366
C:\Workspace\TESIS\paper\Paper-Q1-4\experiment\TP2M5C\outputs\transformer_receiver_bank\seed_2025\electricity\t3\w05\checkpoint.weights.h5,1cdfacc4453e17407e64e797128c298127a813ec35ee5195b0f902a5f6fd43e9,1787855754391217700,99264
C:\Workspace\TESIS\paper\Paper-Q1-4\experiment\TP2M5C\outputs\transformer_receiver_bank\seed_2025\electricity\t3\w05\predictions.csv,ce507742f6e3620c4fd6405e06273869507ee153abe373da5012d65efd386c62,1787855754330104400,181011
C:\Workspace\TESIS\paper\Paper-Q1-4\experiment\TP2M5C\outputs\transformer_receiver_bank\seed_2025\electricity\t30\w05\checkpoint.weights.h5,b0771c9ad4bc45428704965c363da994abeb856ba87ffcf8af26847d51951d24,1787855728307783500,99264
C:\Workspace\TESIS\paper\Paper-Q1-4\experiment\TP2M5C\outputs\transformer_receiver_bank\seed_2025\electricity\t30\w05\predictions.csv,a8fa5d2c83873830b552358cf2606d8da56686023083eb11c47404819e20383e,1787855728256625700,185995
C:\Workspace\TESIS\paper\Paper-Q1-4\experiment\TP2M5C\outputs\transformer_receiver_bank\seed_2025\electricity\t314\w05\checkpoint.weights.h5,fe297cf200caef01f5bdc82af32f087b70848b5e3c5e0f772766ad2fac500f6d,1787848202914052200,99264
C:\Workspace\TESIS\paper\Paper-Q1-4\experiment\TP2M5C\outputs\transformer_receiver_bank\seed_2025\electricity\t314\w05\predictions.csv,c17dc5e1712fcbcd29104fe8a96a87b9d89dfce98ff99d0abc192c669e88d013,1787848202887174500,193883
C:\Workspace\TESIS\paper\Paper-Q1-4\experiment\TP2M5C\outputs\transformer_receiver_bank\seed_2025\electricity\t316\w05\checkpoint.weights.h5,cfa0b272dca0ed0bb60127e9d38078ce3638c4650be68db35845ecba7bc83350,1787855689307612800,99264
C:\Workspace\TESIS\paper\Paper-Q1-4\experiment\TP2M5C\outputs\transformer_receiver_bank\seed_2025\electricity\t316\w05\predictions.csv,4b182cda1e55e30907a9bebe63a957533ba85389f66292d58f0d6a4e483440c3,1787855689249484600,190581
C:\Workspace\TESIS\paper\Paper-Q1-4\experiment\TP2M5C\outputs\transformer_receiver_bank\seed_2025\electricity\t318\w05\checkpoint.weights.h5,a5e66ae54a5abffc7829e58d42fee50226595a622b1e2c5772da3415838f1bcb,1787848591317252400,99264
C:\Workspace\TESIS\paper\Paper-Q1-4\experiment\TP2M5C\outputs\transformer_receiver_bank\seed_2025\electricity\t318\w05\predictions.csv,e5facf4421fbf35b1e9d3342d47d6b00ba28c8ffd04c57fa70677eb54f8105f9,1787848591261540300,185425
C:\Workspace\TESIS\paper\Paper-Q1-4\experiment\TP2M5C\outputs\transformer_receiver_bank\seed_2025\electricity\t321\w05\checkpoint.weights.h5,489f685d73fe5a68fc4b520a6341642d4501c3b6e2bb1c074434f8c823d9d074,1787856290095057500,99264
C:\Workspace\TESIS\paper\Paper-Q1-4\experiment\TP2M5C\outputs\transformer_receiver_bank\seed_2025\electricity\t321\w05\predictions.csv,f320b220fd1c9266153c3d14f8493602b4edfe1b660e51795c1569774fb8f7cc,1787856290039087500,185759
C:\Workspace\TESIS\paper\Paper-Q1-4\experiment\TP2M5C\outputs\transformer_receiver_bank\seed_2025\electricity\t60\w05\checkpoint.weights.h5,efd2eec906eb7da68c9dffbc8f6c59c990bfad7a127db6105e89e073a52b2695,1787856326437661200,99264
C:\Workspace\TESIS\paper\Paper-Q1-4\experiment\TP2M5C\outputs\transformer_receiver_bank\seed_2025\electricity\t60\w05\predictions.csv,ae635acb711f9198bc9e4bcd5ffcda27afc7943c06a57c6b429861b3bb42c9ee,1787856326382295900,186747
C:\Workspace\TESIS\paper\Paper-Q1-4\experiment\TP2M5C\outputs\transformer_receiver_bank\seed_2025\electricity\t7\w05\checkpoint.weights.h5,916f6eebb331d4ce0b3c4b34d9f77c45e0239ba560ba6b4ccae59e56c9f59e13,1787848262788662500,99264
C:\Workspace\TESIS\paper\Paper-Q1-4\experiment\TP2M5C\outputs\transformer_receiver_bank\seed_2025\electricity\t7\w05\predictions.csv,17ab4afa55ffcee9e23339155e680c78c4a1eebe8320ded0b662e564a950de86,1787848262721986900,184368
C:\Workspace\TESIS\paper\Paper-Q1-4\experiment\TP2M5C\outputs\transformer_receiver_bank\seed_2025\electricity\t82\w05\checkpoint.weights.h5,e5d3e6e05e25be04be3da50fac231f4a07d914e8fc3f95b41e93b1f7d1bc94ad,1787848434730084600,99264
C:\Workspace\TESIS\paper\Paper-Q1-4\experiment\TP2M5C\outputs\transformer_receiver_bank\seed_2025\electricity\t82\w05\predictions.csv,5bf33891a93bbec75a0ad110f4781e73c2017a782190a69dd2b23aaba6e3a81b,1787848434680074800,187642
C:\Workspace\TESIS\paper\Paper-Q1-4\experiment\TP2M5C\outputs\transformer_receiver_bank\seed_2025\electricity\t84\w05\checkpoint.weights.h5,c6f32b10dd0dfb4a1350fca3bc2d29dded82bda923a696a765430253c7002a6d,1787848315162749200,99264
C:\Workspace\TESIS\paper\Paper-Q1-4\experiment\TP2M5C\outputs\transformer_receiver_bank\seed_2025\electricity\t84\w05\predictions.csv,be478e311687d45e4be4c64b0635a6e89541dc11f2db6d423b05e0a400747f1b,1787848315104178000,187011
C:\Workspace\TESIS\paper\Paper-Q1-4\experiment\TP2M5C\outputs\transformer_receiver_bank\seed_2025\electricity\t85\w05\checkpoint.weights.h5,79ca68d41f4b2592d2f4390f7c1db6b9d8e64fcb933072074fec3993350f3a7a,1787848590231265600,99264
C:\Workspace\TESIS\paper\Paper-Q1-4\experiment\TP2M5C\outputs\transformer_receiver_bank\seed_2025\electricity\t85\w05\predictions.csv,22e2dbe2350e5716f262cde50dbdaeaaa041dc512a66e74e9f9bbd1e1dc79f1e,1787848590174242700,187028
C:\Workspace\TESIS\paper\Paper-Q1-4\experiment\TP2M5C\outputs\transformer_receiver_bank\seed_2025\electricity\t86\w05\checkpoint.weights.h5,3921bc1ce0ce8c9157177497436c2371464ab9f78b29594d5992f806a49883af,1787848964213463300,99264
C:\Workspace\TESIS\paper\Paper-Q1-4\experiment\TP2M5C\outputs\transformer_receiver_bank\seed_2025\electricity\t86\w05\predictions.csv,8e5a7f5955878eab3e0ddd091c0c829328af2ee06bd67ed9359ef91fc14ff12d,1787848964166071900,187842
C:\Workspace\TESIS\paper\Paper-Q1-4\experiment\TP2M5C\outputs\transformer_receiver_bank\seed_2025\electricity\t95\w05\checkpoint.weights.h5,052794161090243f57eee77f8288a3dd24ce5563e92ec28c5015d6a5943e9c45,1787856090132919200,99264
C:\Workspace\TESIS\paper\Paper-Q1-4\experiment\TP2M5C\outputs\transformer_receiver_bank\seed_2025\electricity\t95\w05\predictions.csv,09c73e04180493ac52cbe6b462fed08cd00adb18e9947dba788829edb54937e0,1787856090076537800,190490
C:\Workspace\TESIS\paper\Paper-Q1-4\experiment\TP2M5C\outputs\transformer_receiver_bank\seed_2025\who\australia\w05\checkpoint.weights.h5,b25e1be78f60763b80b332f7c097d9e65dd21ed951f6c7c3454cfbd380310561,1787847262153523200,99264
C:\Workspace\TESIS\paper\Paper-Q1-4\experiment\TP2M5C\outputs\transformer_receiver_bank\seed_2025\who\australia\w05\predictions.csv,de868ac3826d0a0be0c938a0a8ec9adc47648217e337c070a2ead1116e3ed6f6,1787847262101735800,182700
C:\Workspace\TESIS\paper\Paper-Q1-4\experiment\TP2M5C\outputs\transformer_receiver_bank\seed_2025\who\austria\w05\checkpoint.weights.h5,e2f78617788dba47b493478e8b4e9613daead7034150c25929a7981e1dabba07,1787847338970052700,99264
C:\Workspace\TESIS\paper\Paper-Q1-4\experiment\TP2M5C\outputs\transformer_receiver_bank\seed_2025\who\austria\w05\predictions.csv,fd0e0047a30516b12f0d1095593399a7eeaaeb035c5403f5888af4e487c16c9c,1787847338894745800,183305
C:\Workspace\TESIS\paper\Paper-Q1-4\experiment\TP2M5C\outputs\transformer_receiver_bank\seed_2025\who\bangladesh\w05\checkpoint.weights.h5,94d5d5841a8c50e405662f98e27cf7e616e8e22fbf8022953ac74d19e8592f68,1787847232728342400,99264
C:\Workspace\TESIS\paper\Paper-Q1-4\experiment\TP2M5C\outputs\transformer_receiver_bank\seed_2025\who\bangladesh\w05\predictions.csv,e52785c54becceef9aa97ada840232961c5fead078fbc0177d12fd773c6f7c9a,1787847232662706100,184849
C:\Workspace\TESIS\paper\Paper-Q1-4\experiment\TP2M5C\outputs\transformer_receiver_bank\seed_2025\who\bhutan\w05\checkpoint.weights.h5,5e24a7c7f69cd2e9a53eea276a5d094a0470cae1dfa34c5355c4529066a151d5,1787847183079180600,99264
C:\Workspace\TESIS\paper\Paper-Q1-4\experiment\TP2M5C\outputs\transformer_receiver_bank\seed_2025\who\bhutan\w05\predictions.csv,bbfee131a7668bceb6b9967a9abbc5a7bc25300a8698ef04764ecfdbaf62f06a,1787847183036614500,185098
C:\Workspace\TESIS\paper\Paper-Q1-4\experiment\TP2M5C\outputs\transformer_receiver_bank\seed_2025\who\brunei_darussalam\w05\checkpoint.weights.h5,6ede0cbed355b22e0d39a8c0148968c41d7191f370ca7399f1172ae4b5a489de,1787847265858464100,99264
C:\Workspace\TESIS\paper\Paper-Q1-4\experiment\TP2M5C\outputs\transformer_receiver_bank\seed_2025\who\brunei_darussalam\w05\predictions.csv,8ec9ae6d96f213069114858d2a43f7c8cc67ebadd71325c9eee7f8f1b464e1e0,1787847265790868400,180748
C:\Workspace\TESIS\paper\Paper-Q1-4\experiment\TP2M5C\outputs\transformer_receiver_bank\seed_2025\who\cambodia\w05\checkpoint.weights.h5,92a267b4a7db86f8a68317646a38736c2b8a7776872133c3e7c56a26f78a56b6,1787847311322461500,99264
C:\Workspace\TESIS\paper\Paper-Q1-4\experiment\TP2M5C\outputs\transformer_receiver_bank\seed_2025\who\cambodia\w05\predictions.csv,ed952d05635dec9a8e0f6c6a14974441b6fa67a266517f05a18819797e5a2fa4,1787847311294767100,183039
C:\Workspace\TESIS\paper\Paper-Q1-4\experiment\TP2M5C\outputs\transformer_receiver_bank\seed_2025\who\china\w05\checkpoint.weights.h5,8564af39eca800cd6e98d0bc83dd8ca58fd02c2355ae1ac88fb9c63a56ae516b,1787847443347736800,99264
C:\Workspace\TESIS\paper\Paper-Q1-4\experiment\TP2M5C\outputs\transformer_receiver_bank\seed_2025\who\china\w05\predictions.csv,5343ac125e638a806572db275d5e275f2de6bcf5ac842c937454628afed94b22,1787847443290665400,183907
C:\Workspace\TESIS\paper\Paper-Q1-4\experiment\TP2M5C\outputs\transformer_receiver_bank\seed_2025\who\fiji\w05\checkpoint.weights.h5,901320919af57442d812941a72aaa1880a561d82b9dc6eb4c74fdeb2bf32c47d,1787847357254708500,99264
C:\Workspace\TESIS\paper\Paper-Q1-4\experiment\TP2M5C\outputs\transformer_receiver_bank\seed_2025\who\fiji\w05\predictions.csv,d1b9798f9446f35ca155c4f3541902728bad0417a09d355022e9ec68b6e0ee2d,1787847357202977300,180988
C:\Workspace\TESIS\paper\Paper-Q1-4\experiment\TP2M5C\outputs\transformer_receiver_bank\seed_2025\who\french_polynesia\w05\checkpoint.weights.h5,e7f4a01593a6c6c1c8ce226bc968ae2428c0c783c46dedb40c7bf08af68a27fe,1787847452338847800,99264
C:\Workspace\TESIS\paper\Paper-Q1-4\experiment\TP2M5C\outputs\transformer_receiver_bank\seed_2025\who\french_polynesia\w05\predictions.csv,972d15cd9174fd5296bdcab2b52d0fc353931c03e58d245671313dea4734bf0a,1787847452287214900,185991
C:\Workspace\TESIS\paper\Paper-Q1-4\experiment\TP2M5C\outputs\transformer_receiver_bank\seed_2025\who\guam\w05\checkpoint.weights.h5,ef4eb01c99e53286fe447b20052ec0516d0ca2b4aaf571b684840d2e8bf5858f,1787847623624241000,99264
C:\Workspace\TESIS\paper\Paper-Q1-4\experiment\TP2M5C\outputs\transformer_receiver_bank\seed_2025\who\guam\w05\predictions.csv,6398e4cbc5993ba40f565ea81c110c0cbb2df72336b8a475cd78786f974e0ba0,1787847623573554100,186655
C:\Workspace\TESIS\paper\Paper-Q1-4\experiment\TP2M5C\outputs\transformer_receiver_bank\seed_2025\who\lao_people_s_democratic_republic\w05\checkpoint.weights.h5,86dc15410df7952f6ad6776bcaabb3d83bc0140bf000c9e521c9684a2c7a1803,1787847607245863800,99264
C:\Workspace\TESIS\paper\Paper-Q1-4\experiment\TP2M5C\outputs\transformer_receiver_bank\seed_2025\who\lao_people_s_democratic_republic\w05\predictions.csv,3d33d7d30a451155ec4a7c044944d5058bf93175ecd8539363b62ca4cab87547,1787847607195703100,178505
C:\Workspace\TESIS\paper\Paper-Q1-4\experiment\TP2M5C\outputs\transformer_receiver_bank\seed_2025\who\malaysia\w05\checkpoint.weights.h5,e2c5217c52fa5b10980d055f221e0f98ceb5430ee99ea6a2e677414f2994dbc5,1787847530144588100,99264
C:\Workspace\TESIS\paper\Paper-Q1-4\experiment\TP2M5C\outputs\transformer_receiver_bank\seed_2025\who\malaysia\w05\predictions.csv,eab85e41e1ad0c599b7e5ad248990ef4fca593c0b4dc35a1a7e0a4ca916e6ff4,1787847530087796800,185900
C:\Workspace\TESIS\paper\Paper-Q1-4\experiment\TP2M5C\outputs\transformer_receiver_bank\seed_2025\who\maldives\w05\checkpoint.weights.h5,0045c6ade508f6f40cb8696a255de187946d83313aa05be49e68f0092957cfed,1787847598525819200,99264
C:\Workspace\TESIS\paper\Paper-Q1-4\experiment\TP2M5C\outputs\transformer_receiver_bank\seed_2025\who\maldives\w05\predictions.csv,d182e8c4dd89f1a154868d5f5056f9492199eb0b205fd5ea0cd8b8ccf0b2279d,1787847598483269600,186081
C:\Workspace\TESIS\paper\Paper-Q1-4\experiment\TP2M5C\outputs\transformer_receiver_bank\seed_2025\who\mexico\w05\checkpoint.weights.h5,eeb9d4fb088c651d1d8cd71413a0a4e274e8f8f6785aed7525d42ad542aa122d,1787847647834196400,99264
C:\Workspace\TESIS\paper\Paper-Q1-4\experiment\TP2M5C\outputs\transformer_receiver_bank\seed_2025\who\mexico\w05\predictions.csv,1fb619d50e631256c1e549b0ba9c88915d134c474f57c21aed211c8b344c3d31,1787847647777540500,184959
C:\Workspace\TESIS\paper\Paper-Q1-4\experiment\TP2M5C\outputs\transformer_receiver_bank\seed_2025\who\mongolia\w05\checkpoint.weights.h5,c031135182957d69866e98b8750268f2feac3e473337ab106f14a35f333667c3,1787847906166377000,99264
C:\Workspace\TESIS\paper\Paper-Q1-4\experiment\TP2M5C\outputs\transformer_receiver_bank\seed_2025\who\mongolia\w05\predictions.csv,5e24614a49e995c974ebb01d820965410df0f2b4606060bef239a26ca0f735ff,1787847906133915800,183133
C:\Workspace\TESIS\paper\Paper-Q1-4\experiment\TP2M5C\outputs\transformer_receiver_bank\seed_2025\who\myanmar\w05\checkpoint.weights.h5,3e0fec9047b2a85503812cf4c9a0c4b4d7f9bda7f1997433ffe70e9cbdcb6bc8,1787847702240418800,99264
C:\Workspace\TESIS\paper\Paper-Q1-4\experiment\TP2M5C\outputs\transformer_receiver_bank\seed_2025\who\myanmar\w05\predictions.csv,4299051b66f4125c08deef15cac344a153f7d989db15597d649e8a84dc50daa8,1787847702177872200,185460
C:\Workspace\TESIS\paper\Paper-Q1-4\experiment\TP2M5C\outputs\transformer_receiver_bank\seed_2025\who\nepal\w05\checkpoint.weights.h5,6549566d89240be1a16feb745aa298bca363d8087285c3fb66e7b90de29a01ce,1787847831280233400,99264
C:\Workspace\TESIS\paper\Paper-Q1-4\experiment\TP2M5C\outputs\transformer_receiver_bank\seed_2025\who\nepal\w05\predictions.csv,6ba5370b42a500a5ed2e3803af148629a1095bdf26ad416d011f85e8be238364,1787847831231294900,183482
C:\Workspace\TESIS\paper\Paper-Q1-4\experiment\TP2M5C\outputs\transformer_receiver_bank\seed_2025\who\new_caledonia\w05\checkpoint.weights.h5,912681b07f699f2d10590f3749b2752e8c06073ad4a2e8276a71e52e7ef3b544,1787847757209098900,99264
C:\Workspace\TESIS\paper\Paper-Q1-4\experiment\TP2M5C\outputs\transformer_receiver_bank\seed_2025\who\new_caledonia\w05\predictions.csv,8fe636b06a31b648afe2007cd12e70df602c5dcd53c641562da4ac3addd2bbd8,1787847757165391400,186418
C:\Workspace\TESIS\paper\Paper-Q1-4\experiment\TP2M5C\outputs\transformer_receiver_bank\seed_2025\who\new_zealand\w05\checkpoint.weights.h5,95bdbf83ba25a40405cf0483a70fcd35a10fdd45356353f3d8ea7fb45f306a27,1787847791382998900,99264
C:\Workspace\TESIS\paper\Paper-Q1-4\experiment\TP2M5C\outputs\transformer_receiver_bank\seed_2025\who\new_zealand\w05\predictions.csv,64fdaf0099ed8572f558dc67313dfb59fd3ec97aecc3551995dbbec68bd5e7c2,1787847791332839000,183924
C:\Workspace\TESIS\paper\Paper-Q1-4\experiment\TP2M5C\outputs\transformer_receiver_bank\seed_2025\who\northern_mariana_islands\w05\checkpoint.weights.h5,09bef8b9683c43969566abc7ad65c761ee86876da755fb0cf2e0f13f43edebf7,1787847838220533600,99264
C:\Workspace\TESIS\paper\Paper-Q1-4\experiment\TP2M5C\outputs\transformer_receiver_bank\seed_2025\who\northern_mariana_islands\w05\predictions.csv,4b2766f3b36e0db32399695b20e13c2fbeaf47b2dac0dbec6005059af78c4a0f,1787847838171190000,183620
C:\Workspace\TESIS\paper\Paper-Q1-4\experiment\TP2M5C\outputs\transformer_receiver_bank\seed_2025\who\palau\w05\checkpoint.weights.h5,2c75cf7492189f81a62fc84b932a158672d9e94f91e34603481c6be57c664590,1787847879879325900,99264
C:\Workspace\TESIS\paper\Paper-Q1-4\experiment\TP2M5C\outputs\transformer_receiver_bank\seed_2025\who\palau\w05\predictions.csv,562660b2511fdea2a382ce867fe2ff2159d84153de765d9f0f806a5f89554111,1787847879824343500,189172
C:\Workspace\TESIS\paper\Paper-Q1-4\experiment\TP2M5C\outputs\transformer_receiver_bank\seed_2025\who\papua_new_guinea\w05\checkpoint.weights.h5,75d7e6e3bb22a950972cd3842863380139c7526906e044efa29c88d484e4b401,1787847923187954600,99264
C:\Workspace\TESIS\paper\Paper-Q1-4\experiment\TP2M5C\outputs\transformer_receiver_bank\seed_2025\who\papua_new_guinea\w05\predictions.csv,7bb94537cd7852638906824ef500043929b183982d425308d6636a8039da24cc,1787847923132118200,183705
C:\Workspace\TESIS\paper\Paper-Q1-4\experiment\TP2M5C\outputs\transformer_receiver_bank\seed_2025\who\philippines\w05\checkpoint.weights.h5,1c9b4ec0cfc13175481b8a06c5494d2cc246dc5ae50f4c2105fe84dc75b56063,1787847916360948300,99264
C:\Workspace\TESIS\paper\Paper-Q1-4\experiment\TP2M5C\outputs\transformer_receiver_bank\seed_2025\who\philippines\w05\predictions.csv,ae2f756140571ae4157da5343dc2292ea5e1d9cf7a929cff7d060146b5c82b0b,1787847916295940200,186080
C:\Workspace\TESIS\paper\Paper-Q1-4\experiment\TP2M5C\outputs\transformer_receiver_bank\seed_2025\who\singapore\w05\checkpoint.weights.h5,bd42d30a3c92564a8bdfee973cd6c9490fb722b598a41bd3acef4b590a9cb49b,1787848058418719100,99264
C:\Workspace\TESIS\paper\Paper-Q1-4\experiment\TP2M5C\outputs\transformer_receiver_bank\seed_2025\who\singapore\w05\predictions.csv,dd835109c82ad5433922967ddfd9546b1e7bbf82c339c56b1a185720413d64e6,1787848058379305500,182844
C:\Workspace\TESIS\paper\Paper-Q1-4\experiment\TP2M5C\outputs\transformer_receiver_bank\seed_2025\who\sri_lanka\w05\checkpoint.weights.h5,8684a4e25805d787af496a6b6a4fcb9fa1741ab4189d2931d4f5e6df02cdd47a,1787847986247879500,99264
C:\Workspace\TESIS\paper\Paper-Q1-4\experiment\TP2M5C\outputs\transformer_receiver_bank\seed_2025\who\sri_lanka\w05\predictions.csv,dedd912375f8d7e3679bb1f598b11967d0a542161165350493bc9c3c0f017fe4,1787847986196497800,183740
C:\Workspace\TESIS\paper\Paper-Q1-4\experiment\TP2M5C\outputs\transformer_receiver_bank\seed_2025\who\switzerland\w05\checkpoint.weights.h5,23bfce9a3422e5b14958ee892c0ee8a36c1874981af32c0bac73a47cfe22d655,1787848089313588300,99264
C:\Workspace\TESIS\paper\Paper-Q1-4\experiment\TP2M5C\outputs\transformer_receiver_bank\seed_2025\who\switzerland\w05\predictions.csv,63c9b1955bcf190c9e401f756d2352120779ea26b5c7653968ee4e40d1bab946,1787848089263555500,186353
C:\Workspace\TESIS\paper\Paper-Q1-4\experiment\TP2M5C\outputs\transformer_receiver_bank\seed_2025\who\thailand\w05\checkpoint.weights.h5,6d17e792a3163a48f354cdcfbeaee313342dc49b1fa3719ea6f737ca65c17392,1787848003021859400,99264
C:\Workspace\TESIS\paper\Paper-Q1-4\experiment\TP2M5C\outputs\transformer_receiver_bank\seed_2025\who\thailand\w05\predictions.csv,e0f96fd0116e360838a43cae4e6414531763e618cf8e03b3e6fd6706b60c485d,1787848002970312400,185033
C:\Workspace\TESIS\paper\Paper-Q1-4\experiment\TP2M5C\outputs\transformer_receiver_bank\seed_2025\who\timor_leste\w05\checkpoint.weights.h5,2803153ae57a62ddd35845773b34a9282bf414e4fea075846831570f0dc5babb,1787848051827507200,99264
C:\Workspace\TESIS\paper\Paper-Q1-4\experiment\TP2M5C\outputs\transformer_receiver_bank\seed_2025\who\timor_leste\w05\predictions.csv,4451be2f266eceee8fc5b05402334e98f9e6b79065cfd11d19f2eeac2cc667e9,1787848051799955000,181223
C:\Workspace\TESIS\paper\Paper-Q1-4\experiment\TP2M5C\outputs\transformer_receiver_bank\seed_2025\who\united_kingdom_of_great_britain_and_northern_ireland\w05\checkpoint.weights.h5,95914b0cbd2d5a441676d02325746f661347e4728ce958209ded3fee093267ba,1787848215973107500,99264
C:\Workspace\TESIS\paper\Paper-Q1-4\experiment\TP2M5C\outputs\transformer_receiver_bank\seed_2025\who\united_kingdom_of_great_britain_and_northern_ireland\w05\predictions.csv,62ba2934cb5499947b474bb678721ffc6a5a3a45a87cf8027cee9243d403b698,1787848215938151500,185847
C:\Workspace\TESIS\paper\Paper-Q1-4\experiment\TP2M5C\outputs\transformer_receiver_bank\seed_2025\who\vanuatu\w05\checkpoint.weights.h5,1acc353e93cb693f1551994af791a00eb9fabb67003cf87986954c65d46afb21,1787848125321249600,99264
C:\Workspace\TESIS\paper\Paper-Q1-4\experiment\TP2M5C\outputs\transformer_receiver_bank\seed_2025\who\vanuatu\w05\predictions.csv,687cc9ec3a35d2ec13b553a270d2c1660b271fd8521ce6b620693acf14a94da5,1787848125276470200,189715
C:\Workspace\TESIS\paper\Paper-Q1-4\experiment\TP2M5C\outputs\transformer_receiver_bank\seed_2025\who\viet_nam\w05\checkpoint.weights.h5,eb4a3e0d5979bd4360ead132c299e0f25619c969dbf9dd62eac1eda1543059d7,1787848133882371800,99264
C:\Workspace\TESIS\paper\Paper-Q1-4\experiment\TP2M5C\outputs\transformer_receiver_bank\seed_2025\who\viet_nam\w05\predictions.csv,72975a8c0a0995f590d9588018de832a8ce86ceca7993b5ee9aaea90dfd7e448,1787848133829052300,182931
C:\Workspace\TESIS\paper\Paper-Q1-4\experiment\TP2M5C\outputs\transformer_receiver_bank\seed_42\dengue\kaohsiung_city\w05\checkpoint.weights.h5,0c9acae7b74fe3b83e623feeeb3e5e810f4d8030364dc0df3f606f2e315ae4ad,1787844000974916100,99264
C:\Workspace\TESIS\paper\Paper-Q1-4\experiment\TP2M5C\outputs\transformer_receiver_bank\seed_42\dengue\kaohsiung_city\w05\predictions.csv,14a60736dd5521644a21cc03802cbe1c4dee9196405acafcd32c49a47a905a6a,1787844000922298100,178378
C:\Workspace\TESIS\paper\Paper-Q1-4\experiment\TP2M5C\outputs\transformer_receiver_bank\seed_42\dengue\new_taipei_city\w05\checkpoint.weights.h5,190f31e0b431daa86e8e22697ecef98b3ea0b5cbeb1820f0bf3c9d83197dafbb,1787843866869394900,99264
C:\Workspace\TESIS\paper\Paper-Q1-4\experiment\TP2M5C\outputs\transformer_receiver_bank\seed_42\dengue\new_taipei_city\w05\predictions.csv,e8949e4cf59bf2a2b6a47a7fa363a66cf626ec80fce15d9c88438b98dfec89a4,1787843866819784000,180582
C:\Workspace\TESIS\paper\Paper-Q1-4\experiment\TP2M5C\outputs\transformer_receiver_bank\seed_42\dengue\pingtung_county\w05\checkpoint.weights.h5,9a3ea100c5377a21c9c37e909409b3944c489f9cb30526ad372bc341bcbea125,1787843957097446400,99264
C:\Workspace\TESIS\paper\Paper-Q1-4\experiment\TP2M5C\outputs\transformer_receiver_bank\seed_42\dengue\pingtung_county\w05\predictions.csv,3d07e5e7247229aa27832cf70935344514054d7fc3b2038d65d9b56f9ac6a17b,1787843957043815000,183896
C:\Workspace\TESIS\paper\Paper-Q1-4\experiment\TP2M5C\outputs\transformer_receiver_bank\seed_42\dengue\taichung_city\w05\checkpoint.weights.h5,7b63ff91f256d9e8e09b4acb408ce1b182bbfd45bb49672ed5c2fcfb846fe094,1787844387635335800,99264
C:\Workspace\TESIS\paper\Paper-Q1-4\experiment\TP2M5C\outputs\transformer_receiver_bank\seed_42\dengue\taichung_city\w05\predictions.csv,8915d9b796d764971fda6c1e1f5976c0a86ff920b64e17a67de1102293b27859,1787844387568268300,178508
C:\Workspace\TESIS\paper\Paper-Q1-4\experiment\TP2M5C\outputs\transformer_receiver_bank\seed_42\dengue\tainan_city\w05\checkpoint.weights.h5,e0d7c1a8fbee6db5b869c02a4da2645734b2e1eec451a63731a72be0f3f0df45,1787844161528833300,99264
C:\Workspace\TESIS\paper\Paper-Q1-4\experiment\TP2M5C\outputs\transformer_receiver_bank\seed_42\dengue\tainan_city\w05\predictions.csv,0fe096d182932445ed0bf72752fb8bcd06899bdcf26fdeafd48aa19dc7a1cc41,1787844161469748700,177910
C:\Workspace\TESIS\paper\Paper-Q1-4\experiment\TP2M5C\outputs\transformer_receiver_bank\seed_42\dengue\taipei_city\w05\checkpoint.weights.h5,6bd6cd1c8bb714f1774ec790bedb47b4eea5bda2f791e0f586f1d4731090b01b,1787844041513585400,99264
C:\Workspace\TESIS\paper\Paper-Q1-4\experiment\TP2M5C\outputs\transformer_receiver_bank\seed_42\dengue\taipei_city\w05\predictions.csv,d7ad7b4b81739749b2e91dcbf845912bc045d9da81934ad42eaeff8a80f16a49,1787844041460986600,180382
C:\Workspace\TESIS\paper\Paper-Q1-4\experiment\TP2M5C\outputs\transformer_receiver_bank\seed_42\dengue\yunlin_county\w05\checkpoint.weights.h5,696bf1eb2edae26a7c1a73ffc2dd4fa47980a0c07ab9608edda8310c9121fd3b,1787844135652513000,99264
C:\Workspace\TESIS\paper\Paper-Q1-4\experiment\TP2M5C\outputs\transformer_receiver_bank\seed_42\dengue\yunlin_county\w05\predictions.csv,39a5f52f4b66992a2fde0c51a0f922573ce20e4bcc8df1c463eab9326230dbdd,1787844135602582400,177687
C:\Workspace\TESIS\paper\Paper-Q1-4\experiment\TP2M5C\outputs\transformer_receiver_bank\seed_42\electricity\t1\w05\checkpoint.weights.h5,264f1980d50ad233b95fb02af7202df3505037b78f72b0c169612261aa671cc2,1787843674058151900,99264
C:\Workspace\TESIS\paper\Paper-Q1-4\experiment\TP2M5C\outputs\transformer_receiver_bank\seed_42\electricity\t1\w05\predictions.csv,175837628c2c8117b780717fccafa8a95bbae7ef85f5910083064972b8e58434,1787843673999968100,183613
C:\Workspace\TESIS\paper\Paper-Q1-4\experiment\TP2M5C\outputs\transformer_receiver_bank\seed_42\electricity\t100\w05\checkpoint.weights.h5,42665580a3433c7f96597e0971a438347fc555e31b3c5499c083bb5184ad691f,1787843538410462500,99264
C:\Workspace\TESIS\paper\Paper-Q1-4\experiment\TP2M5C\outputs\transformer_receiver_bank\seed_42\electricity\t100\w05\predictions.csv,c64b3e41343cb2aa39f1f2822e0a5dc33979a36dc0fa67dfea53b15a73e7447d,1787843538351747300,186378
C:\Workspace\TESIS\paper\Paper-Q1-4\experiment\TP2M5C\outputs\transformer_receiver_bank\seed_42\electricity\t104\w05\checkpoint.weights.h5,f0c3b61fc99536af70a93574b8f702f619737d898fe37a7246b7e9e9055a321b,1787842688135586000,99264
C:\Workspace\TESIS\paper\Paper-Q1-4\experiment\TP2M5C\outputs\transformer_receiver_bank\seed_42\electricity\t104\w05\predictions.csv,a7d96f88cd466b3c1da8682013a19ea26f9e00b8ff08fcbde413afab5c5db531,1787842688101852500,187085
C:\Workspace\TESIS\paper\Paper-Q1-4\experiment\TP2M5C\outputs\transformer_receiver_bank\seed_42\electricity\t106\w05\checkpoint.weights.h5,33d75137d391b05b68991b1df1448821d1e1ffe4dd49aae8e137d4f3fc6fe799,1787842598265839100,99264
C:\Workspace\TESIS\paper\Paper-Q1-4\experiment\TP2M5C\outputs\transformer_receiver_bank\seed_42\electricity\t106\w05\predictions.csv,c8ddc93a8384d8b499f9e56146e1848a75620ea13a1a3240cb20495c425b079b,1787842598232445100,189478
C:\Workspace\TESIS\paper\Paper-Q1-4\experiment\TP2M5C\outputs\transformer_receiver_bank\seed_42\electricity\t107\w05\checkpoint.weights.h5,d060e612e592152bff7e96ba11fa952f80c7bf22d4376af446437355f0e555c2,1787843746066605100,99264
C:\Workspace\TESIS\paper\Paper-Q1-4\experiment\TP2M5C\outputs\transformer_receiver_bank\seed_42\electricity\t107\w05\predictions.csv,a71164ff4722ac4f46d9dfc91686e0739d265fcd29e5082132c59b83a613a310,1787843746009681700,183343
C:\Workspace\TESIS\paper\Paper-Q1-4\experiment\TP2M5C\outputs\transformer_receiver_bank\seed_42\electricity\t108\w05\checkpoint.weights.h5,58debe171e446431b7ce0039ad803f7adff4a5275f7a016373140f4bfb89dd56,1787842484448982900,99264
C:\Workspace\TESIS\paper\Paper-Q1-4\experiment\TP2M5C\outputs\transformer_receiver_bank\seed_42\electricity\t108\w05\predictions.csv,563d68243d9210ad2c019f64d8b38956bb7c7db50c8babcd1c8c5263abe9b84a,1787842484408393900,187895
C:\Workspace\TESIS\paper\Paper-Q1-4\experiment\TP2M5C\outputs\transformer_receiver_bank\seed_42\electricity\t11\w05\checkpoint.weights.h5,880b9d5292b45c9e3dd4fa619ffbc77316aa97a749c8743d9efaebfe8e41241e,1787843391731816000,99264
C:\Workspace\TESIS\paper\Paper-Q1-4\experiment\TP2M5C\outputs\transformer_receiver_bank\seed_42\electricity\t11\w05\predictions.csv,17591266850d3df60e16a522ad4d0ff1ab3a5b29d18591a9caab11ea2536432a,1787843391684461800,186223
C:\Workspace\TESIS\paper\Paper-Q1-4\experiment\TP2M5C\outputs\transformer_receiver_bank\seed_42\electricity\t115\w05\checkpoint.weights.h5,8d5c01dfbf2ef20d3b0c749c4a1c8e28b9f0e54115c6354190299d31f2d192c9,1787843145119681600,99264
C:\Workspace\TESIS\paper\Paper-Q1-4\experiment\TP2M5C\outputs\transformer_receiver_bank\seed_42\electricity\t115\w05\predictions.csv,420e9518464850ff9e1a7726911ae3d72c2bab4cec23842114213ef046f28ae0,1787843145073011400,181868
C:\Workspace\TESIS\paper\Paper-Q1-4\experiment\TP2M5C\outputs\transformer_receiver_bank\seed_42\electricity\t118\w05\checkpoint.weights.h5,2f5c44749015379f1b81a5377fe6168f1d991b1e125d45337d4c35bdd5a8d9c5,1787842386625989200,99264
C:\Workspace\TESIS\paper\Paper-Q1-4\experiment\TP2M5C\outputs\transformer_receiver_bank\seed_42\electricity\t118\w05\predictions.csv,60b0d5eb3a387b00b36858a54150e3d6ce1e24a582c9e742940cc268dab811bf,1787842386572560300,194386
C:\Workspace\TESIS\paper\Paper-Q1-4\experiment\TP2M5C\outputs\transformer_receiver_bank\seed_42\electricity\t125\w05\checkpoint.weights.h5,661e66be97b9c036e1f90ea316e6e51de80f69c38dc78e38eb5d537a9cc55b00,1787843422101347600,99264
C:\Workspace\TESIS\paper\Paper-Q1-4\experiment\TP2M5C\outputs\transformer_receiver_bank\seed_42\electricity\t125\w05\predictions.csv,96969438877573bec7154ea0d3e803c4eb0e5305c98949b62cd53d4e5a1cab94,1787843422060030200,187854
C:\Workspace\TESIS\paper\Paper-Q1-4\experiment\TP2M5C\outputs\transformer_receiver_bank\seed_42\electricity\t128\w05\checkpoint.weights.h5,b6483c6191cdf331805c3daa0b8ec2785191ccd9de540e30f63ebfc1f5b6b348,1787842887585556000,99264
C:\Workspace\TESIS\paper\Paper-Q1-4\experiment\TP2M5C\outputs\transformer_receiver_bank\seed_42\electricity\t128\w05\predictions.csv,43cd557aecdc8ef39084824ddf0c28ddc2d5487b07d3d8b80f8e90b27c4f2744,1787842887521598600,183359
C:\Workspace\TESIS\paper\Paper-Q1-4\experiment\TP2M5C\outputs\transformer_receiver_bank\seed_42\electricity\t129\w05\checkpoint.weights.h5,2214a81045631116d959b2386dacb8b042cfb66f677fc934258c047003dd3945,1787842670183796000,99264
C:\Workspace\TESIS\paper\Paper-Q1-4\experiment\TP2M5C\outputs\transformer_receiver_bank\seed_42\electricity\t129\w05\predictions.csv,e84311847df05ad7d26d3bf8d3b706c8b329f81ff169c273c096b347649f6d54,1787842670149260500,189863
C:\Workspace\TESIS\paper\Paper-Q1-4\experiment\TP2M5C\outputs\transformer_receiver_bank\seed_42\electricity\t133\w05\checkpoint.weights.h5,d76c2ce40ca1e7f4ef3488ac535381482c4f7425b31be6c46ee88154469bc484,1787843393396988300,99264
C:\Workspace\TESIS\paper\Paper-Q1-4\experiment\TP2M5C\outputs\transformer_receiver_bank\seed_42\electricity\t133\w05\predictions.csv,2f488a6aefd333216aa026edc6b48f57866b7334e237d09c8c400cb125c44dd5,1787843393336139500,187621
C:\Workspace\TESIS\paper\Paper-Q1-4\experiment\TP2M5C\outputs\transformer_receiver_bank\seed_42\electricity\t134\w05\checkpoint.weights.h5,3e5e245f7102a50e5d2ac95679387468f2a891e529605e3b5bdaa72cea017496,1787843853258289500,99264
C:\Workspace\TESIS\paper\Paper-Q1-4\experiment\TP2M5C\outputs\transformer_receiver_bank\seed_42\electricity\t134\w05\predictions.csv,9d7622f87e190b4dc21c756165d1a760cba9474db0220a99a318a53c041387c9,1787843853203586200,190576
C:\Workspace\TESIS\paper\Paper-Q1-4\experiment\TP2M5C\outputs\transformer_receiver_bank\seed_42\electricity\t135\w05\checkpoint.weights.h5,82681f44b12592ad03c41fb8e43dce4a61123d620b0e3521f1f8b86281e483b5,1787842934443152000,99264
C:\Workspace\TESIS\paper\Paper-Q1-4\experiment\TP2M5C\outputs\transformer_receiver_bank\seed_42\electricity\t135\w05\predictions.csv,ec918899465236267a207e11ae1c6b18e7476784b795aa74323d7de3c7162cdf,1787842934397119800,187042
C:\Workspace\TESIS\paper\Paper-Q1-4\experiment\TP2M5C\outputs\transformer_receiver_bank\seed_42\electricity\t144\w05\checkpoint.weights.h5,1159862a53d2de2c2066b3461056d1b641c49f03781592d8b064b1b394d97ea4,1787842903544692800,99264
C:\Workspace\TESIS\paper\Paper-Q1-4\experiment\TP2M5C\outputs\transformer_receiver_bank\seed_42\electricity\t144\w05\predictions.csv,7c8d744016e718045d9d2c56bdc69c25db250e638dd508e3715f7369b23109ba,1787842903510957100,186411
C:\Workspace\TESIS\paper\Paper-Q1-4\experiment\TP2M5C\outputs\transformer_receiver_bank\seed_42\electricity\t2\w05\checkpoint.weights.h5,8f22d879362356b40e5bb3161e08b60769223fed8990667b4f8a2c13c9861e19,1787843492895523900,99264
C:\Workspace\TESIS\paper\Paper-Q1-4\experiment\TP2M5C\outputs\transformer_receiver_bank\seed_42\electricity\t2\w05\predictions.csv,3baf3ce5543fd25664b43a5e7f74bc865aadc69ca3972af3edfa09c5addc1e9f,1787843492835583000,186135
C:\Workspace\TESIS\paper\Paper-Q1-4\experiment\TP2M5C\outputs\transformer_receiver_bank\seed_42\electricity\t20\w05\checkpoint.weights.h5,4f3bca03e6e687dfcf6d8d2fbf0dfc4ce577c4c4d1f7c0c7f378c22a02b90ba7,1787843108759317500,99264
C:\Workspace\TESIS\paper\Paper-Q1-4\experiment\TP2M5C\outputs\transformer_receiver_bank\seed_42\electricity\t20\w05\predictions.csv,9f54d9f4457b7175c1d18719a14173dc34e592e9a49ab0ab16a71f570eacd400,1787843108708189900,185627
C:\Workspace\TESIS\paper\Paper-Q1-4\experiment\TP2M5C\outputs\transformer_receiver_bank\seed_42\electricity\t208\w05\checkpoint.weights.h5,1163511c6cad7293fd0cc66cb1735c9ac97daa449fd91a2792025abced95c45b,1787843173425659900,99264
C:\Workspace\TESIS\paper\Paper-Q1-4\experiment\TP2M5C\outputs\transformer_receiver_bank\seed_42\electricity\t208\w05\predictions.csv,30671567a8597ec6af73ead6ab9003b351c169cd4f2158e588e9a044be622d68,1787843173380167300,184901
C:\Workspace\TESIS\paper\Paper-Q1-4\experiment\TP2M5C\outputs\transformer_receiver_bank\seed_42\electricity\t224\w05\checkpoint.weights.h5,62cd40bd3d9ee83e14a008a1a350588369a9c2fe43275c551027aa33a69a56a7,1787843354445341200,99264
C:\Workspace\TESIS\paper\Paper-Q1-4\experiment\TP2M5C\outputs\transformer_receiver_bank\seed_42\electricity\t224\w05\predictions.csv,da21af586b1d4676cdf1c9bcd2cb80f7c29cf94f90464db2c1785c70d9000225,1787843354389204100,196652
C:\Workspace\TESIS\paper\Paper-Q1-4\experiment\TP2M5C\outputs\transformer_receiver_bank\seed_42\electricity\t234\w05\checkpoint.weights.h5,0bb23ace33a7122bdf3b4a3180836c2bdf94da3e0c560a779c564644cc2710c6,1787843046403907400,99264
C:\Workspace\TESIS\paper\Paper-Q1-4\experiment\TP2M5C\outputs\transformer_receiver_bank\seed_42\electricity\t234\w05\predictions.csv,b403a7c3e91528005c7b18d5b8057212bac7de62c4cdac9163a126db6ab1dd3a,1787843046351261900,193225
C:\Workspace\TESIS\paper\Paper-Q1-4\experiment\TP2M5C\outputs\transformer_receiver_bank\seed_42\electricity\t237\w05\checkpoint.weights.h5,a184f5bd7be4916abeef20902e9eae7ad7fb342c72be5ec2d01c02f2ef9dd991,1787843773611777900,99264
C:\Workspace\TESIS\paper\Paper-Q1-4\experiment\TP2M5C\outputs\transformer_receiver_bank\seed_42\electricity\t237\w05\predictions.csv,15dad5c60e1a7d1be76e19d3c5a3cb2edf8fc40f7923e5de926ece6f4bf534fd,1787843773553170400,196376
C:\Workspace\TESIS\paper\Paper-Q1-4\experiment\TP2M5C\outputs\transformer_receiver_bank\seed_42\electricity\t249\w05\checkpoint.weights.h5,f4acae9a6915880c80fbdd1ac9c00cbd89dd81827513239432b14701270b03c1,1787843280329843600,99264
C:\Workspace\TESIS\paper\Paper-Q1-4\experiment\TP2M5C\outputs\transformer_receiver_bank\seed_42\electricity\t249\w05\predictions.csv,a11496650242a786c156fbc567261aa11de7ab03ae7917817cf99225f1d9f6be,1787843280271421900,183743
C:\Workspace\TESIS\paper\Paper-Q1-4\experiment\TP2M5C\outputs\transformer_receiver_bank\seed_42\electricity\t26\w05\checkpoint.weights.h5,8e066e16f42cbbe9ebc7d4e38b1ea8b3fb273e2299ee759bc6478f7772017357,1787843644349500300,99264
C:\Workspace\TESIS\paper\Paper-Q1-4\experiment\TP2M5C\outputs\transformer_receiver_bank\seed_42\electricity\t26\w05\predictions.csv,53c4175377408df8adf76802ec5b7699d7526bc5728bb0837882bc199b2d23f0,1787843644313219100,183400
C:\Workspace\TESIS\paper\Paper-Q1-4\experiment\TP2M5C\outputs\transformer_receiver_bank\seed_42\electricity\t3\w05\checkpoint.weights.h5,ddb429a9eb25a7046091bb36e8627a392c33f1207cdb8aa5ca663680b65b9c5e,1787843064735984500,99264
C:\Workspace\TESIS\paper\Paper-Q1-4\experiment\TP2M5C\outputs\transformer_receiver_bank\seed_42\electricity\t3\w05\predictions.csv,a2e3fd277802e4f99d51fefcb01ba092f310e32330088ce07450f340d325e780,1787843064688130800,185576
C:\Workspace\TESIS\paper\Paper-Q1-4\experiment\TP2M5C\outputs\transformer_receiver_bank\seed_42\electricity\t30\w05\checkpoint.weights.h5,6add070212337dca08ce469c248947a282ff3a761f338ac517f60d617f9c9248,1787843206719515400,99264
C:\Workspace\TESIS\paper\Paper-Q1-4\experiment\TP2M5C\outputs\transformer_receiver_bank\seed_42\electricity\t30\w05\predictions.csv,41c6d24846a9e5cb08440c3427f3d848905bf29791c04f5f05fffa29f0f18785,1787843206658060500,186834
C:\Workspace\TESIS\paper\Paper-Q1-4\experiment\TP2M5C\outputs\transformer_receiver_bank\seed_42\electricity\t314\w05\checkpoint.weights.h5,24974c48e85a134d5bb6730f7972331639947279d3a9989263a2d9497fc147bd,1787842361507321100,99264
C:\Workspace\TESIS\paper\Paper-Q1-4\experiment\TP2M5C\outputs\transformer_receiver_bank\seed_42\electricity\t314\w05\predictions.csv,1ee0e9e39c68044464833810f7d37fd41b0a12c5c61ec8f279d257cf34e8045c,1787842361455354100,192312
C:\Workspace\TESIS\paper\Paper-Q1-4\experiment\TP2M5C\outputs\transformer_receiver_bank\seed_42\electricity\t316\w05\checkpoint.weights.h5,c5b4aad870bf8a3552d04f46344e535178429a8d259680b102d25d7c75d9b800,1787843195358079800,99264
C:\Workspace\TESIS\paper\Paper-Q1-4\experiment\TP2M5C\outputs\transformer_receiver_bank\seed_42\electricity\t316\w05\predictions.csv,9952393b445782e177155fe2848c1eed8c87ae61d309dddddefa5accf842b061,1787843195307790800,187686
C:\Workspace\TESIS\paper\Paper-Q1-4\experiment\TP2M5C\outputs\transformer_receiver_bank\seed_42\electricity\t318\w05\checkpoint.weights.h5,369967e67ad70a54e11656243214e313ba879291fbab51f40ae9f10ddf84c379,1787842560709084600,99264
C:\Workspace\TESIS\paper\Paper-Q1-4\experiment\TP2M5C\outputs\transformer_receiver_bank\seed_42\electricity\t318\w05\predictions.csv,e2a14b1870805093c3ed5e0c43f033771b15021a432e4f25fa68af7261ee2ade,1787842560650331900,185283
C:\Workspace\TESIS\paper\Paper-Q1-4\experiment\TP2M5C\outputs\transformer_receiver_bank\seed_42\electricity\t321\w05\checkpoint.weights.h5,6d9cedc19ba8869610511470d435c797ba16b283783ba44d936fedcb2119caf8,1787843936338181600,99264
C:\Workspace\TESIS\paper\Paper-Q1-4\experiment\TP2M5C\outputs\transformer_receiver_bank\seed_42\electricity\t321\w05\predictions.csv,3ca9e80cc645707ab3a7f7388247cb35ab6dab70d848ba7206f8d254c1a5155d,1787843936294444700,183459
C:\Workspace\TESIS\paper\Paper-Q1-4\experiment\TP2M5C\outputs\transformer_receiver_bank\seed_42\electricity\t60\w05\checkpoint.weights.h5,3f796b8c4e48f9a4f25bf123b24702b4095f0cf8f6cafad3ed1b4932176206d7,1787843769176440200,99264
C:\Workspace\TESIS\paper\Paper-Q1-4\experiment\TP2M5C\outputs\transformer_receiver_bank\seed_42\electricity\t60\w05\predictions.csv,5d55c3c691129ac717c912eb953d7dd2153a6f8020cd665404744f9496520449,1787843769122807900,185374
C:\Workspace\TESIS\paper\Paper-Q1-4\experiment\TP2M5C\outputs\transformer_receiver_bank\seed_42\electricity\t7\w05\checkpoint.weights.h5,066a8ec296d5ab8a0ac6c6be8df372d326d17965158c28276061db7eabe638d2,1787842370186019500,99264
C:\Workspace\TESIS\paper\Paper-Q1-4\experiment\TP2M5C\outputs\transformer_receiver_bank\seed_42\electricity\t7\w05\predictions.csv,836227f4eb154bd4e590c5eedea5ff6b4d133faf325753058d0c5540c0f12824,1787842370119599800,182663
C:\Workspace\TESIS\paper\Paper-Q1-4\experiment\TP2M5C\outputs\transformer_receiver_bank\seed_42\electricity\t82\w05\checkpoint.weights.h5,f40b9701558d8c8ef88bd7b11ce02e7b7fc39ddf51b311c9e4c3687aa5367fc2,1787842618213278700,99264
C:\Workspace\TESIS\paper\Paper-Q1-4\experiment\TP2M5C\outputs\transformer_receiver_bank\seed_42\electricity\t82\w05\predictions.csv,448a3c5396b9657ee1b4a5b40212be935d98427414f727cf9adb3bcf68fc133e,1787842618170305400,187622
C:\Workspace\TESIS\paper\Paper-Q1-4\experiment\TP2M5C\outputs\transformer_receiver_bank\seed_42\electricity\t84\w05\checkpoint.weights.h5,538292905ec154e016d6ff25b06491f601e1ee826e27b57491c3477d45b31d74,1787842571531277200,99264
C:\Workspace\TESIS\paper\Paper-Q1-4\experiment\TP2M5C\outputs\transformer_receiver_bank\seed_42\electricity\t84\w05\predictions.csv,751b0cb24b3f13d7652d059385f0765d76fb8ffa897b6fba11fe2046b7bc709e,1787842571475636800,185322
C:\Workspace\TESIS\paper\Paper-Q1-4\experiment\TP2M5C\outputs\transformer_receiver_bank\seed_42\electricity\t85\w05\checkpoint.weights.h5,5de0b9f787902759beeb5157b65679bcb0a85444c9d4692c80ca784d46defc48,1787842761521533800,99264
C:\Workspace\TESIS\paper\Paper-Q1-4\experiment\TP2M5C\outputs\transformer_receiver_bank\seed_42\electricity\t85\w05\predictions.csv,f6ab083793a29859c4088dc1ee28c9233fd416aa04629487086f5f5f31c6838a,1787842761470370900,185807
C:\Workspace\TESIS\paper\Paper-Q1-4\experiment\TP2M5C\outputs\transformer_receiver_bank\seed_42\electricity\t86\w05\checkpoint.weights.h5,fc2da556d021b7ea21cc221465d5e8cc191d2b7fe276a671928468e0b6d0a78f,1787842781732526600,99264
C:\Workspace\TESIS\paper\Paper-Q1-4\experiment\TP2M5C\outputs\transformer_receiver_bank\seed_42\electricity\t86\w05\predictions.csv,b143fcf1828be0c1e830d73321b4a14f1d56b61f0f4dcbbf783fb503048663d2,1787842781697406700,186480
C:\Workspace\TESIS\paper\Paper-Q1-4\experiment\TP2M5C\outputs\transformer_receiver_bank\seed_42\electricity\t95\w05\checkpoint.weights.h5,49b5bc125dd1ed5d905daba6b28ce2502ab75393c23b465013cd91e364f72ee1,1787843486553881400,99264
C:\Workspace\TESIS\paper\Paper-Q1-4\experiment\TP2M5C\outputs\transformer_receiver_bank\seed_42\electricity\t95\w05\predictions.csv,4e7e778c07c745a36fc9072dc5d4fecac91f4e21ee126b51e9fa7b0ce4ce2bc6,1787843486493128100,188410
C:\Workspace\TESIS\paper\Paper-Q1-4\experiment\TP2M5C\outputs\transformer_receiver_bank\seed_42\who\australia\w05\checkpoint.weights.h5,c9531252e3153eca03e1d0e8c05075d613718529c9de4b70c19e408b1ab7294b,1787841388922525600,99264
C:\Workspace\TESIS\paper\Paper-Q1-4\experiment\TP2M5C\outputs\transformer_receiver_bank\seed_42\who\australia\w05\predictions.csv,cb8072deda9b8775959e52ddbb24f9c6c3d596b8f3025d2d914a661b1e88791d,1787841388883413700,182255
C:\Workspace\TESIS\paper\Paper-Q1-4\experiment\TP2M5C\outputs\transformer_receiver_bank\seed_42\who\austria\w05\checkpoint.weights.h5,c8491059fc4c7d3a2c93abccf2cdc51aa79e3741aa10aabc0734bffc9a77dfa6,1787841242714545400,99264
C:\Workspace\TESIS\paper\Paper-Q1-4\experiment\TP2M5C\outputs\transformer_receiver_bank\seed_42\who\austria\w05\predictions.csv,5c942aeb12d109631be25e82f9907a85aa63c2631606ec2a687b160efcecc47b,1787841242671456800,186110
C:\Workspace\TESIS\paper\Paper-Q1-4\experiment\TP2M5C\outputs\transformer_receiver_bank\seed_42\who\bangladesh\w05\checkpoint.weights.h5,ea65173e1a58a841d708fd53ef6d38a6be98cbcd11c753bb3d4119ec91cebd02,1787841306682759600,99264
C:\Workspace\TESIS\paper\Paper-Q1-4\experiment\TP2M5C\outputs\transformer_receiver_bank\seed_42\who\bangladesh\w05\predictions.csv,42390bee872ec92d1fe8f575fea9f7ee9ac0594cc7837ec599705bda8edd07c9,1787841306641142100,183997
C:\Workspace\TESIS\paper\Paper-Q1-4\experiment\TP2M5C\outputs\transformer_receiver_bank\seed_42\who\bhutan\w05\checkpoint.weights.h5,1c21b5cc4bba6db3c303106f1ce829ddaf65c5abed6fec7ed85a12344540cd93,1787841249017931900,99264
C:\Workspace\TESIS\paper\Paper-Q1-4\experiment\TP2M5C\outputs\transformer_receiver_bank\seed_42\who\bhutan\w05\predictions.csv,6decef266ec011e39e08051b9c367f98102bee809cbc91e3ca8d5e4ac86b7d2d,1787841248975337500,182445
C:\Workspace\TESIS\paper\Paper-Q1-4\experiment\TP2M5C\outputs\transformer_receiver_bank\seed_42\who\brunei_darussalam\w05\checkpoint.weights.h5,2a70b30738fc14c0c6a83076b2a2a7da53ef057bd9285bc121541eff8c5a8416,1787841455049578100,99264
C:\Workspace\TESIS\paper\Paper-Q1-4\experiment\TP2M5C\outputs\transformer_receiver_bank\seed_42\who\brunei_darussalam\w05\predictions.csv,53a899c68f597f46fc4bc2d7b4e33524ad65e65162663464eed0425886d3c381,1787841455003065700,181289
C:\Workspace\TESIS\paper\Paper-Q1-4\experiment\TP2M5C\outputs\transformer_receiver_bank\seed_42\who\cambodia\w05\checkpoint.weights.h5,11958bdf919157318131ae2ea4b652ab7ac9ddd2f0a229a8e331a1b09945ba79,1787841357128488000,99264
C:\Workspace\TESIS\paper\Paper-Q1-4\experiment\TP2M5C\outputs\transformer_receiver_bank\seed_42\who\cambodia\w05\predictions.csv,4f0dd772a9a91fd4f1da5377d51af60e3d75992364bfec16dd18054f1a65efb6,1787841357083692900,180004
C:\Workspace\TESIS\paper\Paper-Q1-4\experiment\TP2M5C\outputs\transformer_receiver_bank\seed_42\who\china\w05\checkpoint.weights.h5,3c1c842994e985b00302690c1c66f5614238db199d89ea6bbfd863f4e5ab05ed,1787841461154938900,99264
C:\Workspace\TESIS\paper\Paper-Q1-4\experiment\TP2M5C\outputs\transformer_receiver_bank\seed_42\who\china\w05\predictions.csv,4bfd7ca5f7751825b2c0d3018c0bccd34c8242f12ec46264c035c01ff6f9c31c,1787841461106330100,182412
C:\Workspace\TESIS\paper\Paper-Q1-4\experiment\TP2M5C\outputs\transformer_receiver_bank\seed_42\who\fiji\w05\checkpoint.weights.h5,21aa9244c3138a2ff695e987183dafd500b8544b4faf506a6076c007c02db1a2,1787841440733139600,99264
C:\Workspace\TESIS\paper\Paper-Q1-4\experiment\TP2M5C\outputs\transformer_receiver_bank\seed_42\who\fiji\w05\predictions.csv,4e86c5e3fca7a42bab9d357f139c1b91a7433a24601a4fbf81ed4e269317beb4,1787841440690986500,180783
C:\Workspace\TESIS\paper\Paper-Q1-4\experiment\TP2M5C\outputs\transformer_receiver_bank\seed_42\who\french_polynesia\w05\checkpoint.weights.h5,33d163a4f8cdde176f725f2d0fbd38657db21732f9191aa0ea4de5af20febec8,1787841544144413100,99264
C:\Workspace\TESIS\paper\Paper-Q1-4\experiment\TP2M5C\outputs\transformer_receiver_bank\seed_42\who\french_polynesia\w05\predictions.csv,8c4d89d2ce27de4b8322ff915f85f8b89e00f5a7595ddedb6ca139320c45bf12,1787841544099442900,179840
C:\Workspace\TESIS\paper\Paper-Q1-4\experiment\TP2M5C\outputs\transformer_receiver_bank\seed_42\who\guam\w05\checkpoint.weights.h5,537e8671b669dad648c2dc5c79eab8b7d89bfeec2fdd7f3745445c77a4da73a7,1787841568027275600,99264
C:\Workspace\TESIS\paper\Paper-Q1-4\experiment\TP2M5C\outputs\transformer_receiver_bank\seed_42\who\guam\w05\predictions.csv,85ac200c2f364f632502ce5b5b8ea5467033373fa9fc8bb0a5d46a4910aaac5a,1787841567982212100,184910
C:\Workspace\TESIS\paper\Paper-Q1-4\experiment\TP2M5C\outputs\transformer_receiver_bank\seed_42\who\lao_people_s_democratic_republic\w05\checkpoint.weights.h5,35cb9741bf01bfc44e838a5a9cf5164b7a503197d38fa846ce8efc09145520b4,1787841539734584800,99264
C:\Workspace\TESIS\paper\Paper-Q1-4\experiment\TP2M5C\outputs\transformer_receiver_bank\seed_42\who\lao_people_s_democratic_republic\w05\predictions.csv,0dcc74a64eb7caa925765c85dc7aa92db2448517638292479c24705ad257bc1a,1787841539687999400,179390
C:\Workspace\TESIS\paper\Paper-Q1-4\experiment\TP2M5C\outputs\transformer_receiver_bank\seed_42\who\malaysia\w05\checkpoint.weights.h5,81d92ce45ba3cc1f51ac7f610772a2fe66de397a437de43fd3c29bf1ea248763,1787841540230674000,99264
C:\Workspace\TESIS\paper\Paper-Q1-4\experiment\TP2M5C\outputs\transformer_receiver_bank\seed_42\who\malaysia\w05\predictions.csv,56a4b012b36454412bcb272c51b8cdd70a9f634c40bf25edce1f6b6db00e6dd0,1787841540180031100,184952
C:\Workspace\TESIS\paper\Paper-Q1-4\experiment\TP2M5C\outputs\transformer_receiver_bank\seed_42\who\maldives\w05\checkpoint.weights.h5,9442ea113e09d09c53e7524a318b58e371b8b8a7015b43b2e7077a65ca9b7687,1787841729828349800,99264
C:\Workspace\TESIS\paper\Paper-Q1-4\experiment\TP2M5C\outputs\transformer_receiver_bank\seed_42\who\maldives\w05\predictions.csv,c747d7eeae7d90c4936484d6aeae71689eb54742490a79e6201b0492297213e2,1787841729764330200,184266
C:\Workspace\TESIS\paper\Paper-Q1-4\experiment\TP2M5C\outputs\transformer_receiver_bank\seed_42\who\mexico\w05\checkpoint.weights.h5,23077c36bf2ee80f419df8eaaada32ced8b3ca3ef0f298ce1c47f2a9af17392a,1787841701404722900,99264
C:\Workspace\TESIS\paper\Paper-Q1-4\experiment\TP2M5C\outputs\transformer_receiver_bank\seed_42\who\mexico\w05\predictions.csv,16424f3c161bdf77c3fc47f846b77458dfe56930331d6d29228c0f519525cdde,1787841701326072200,187264
C:\Workspace\TESIS\paper\Paper-Q1-4\experiment\TP2M5C\outputs\transformer_receiver_bank\seed_42\who\mongolia\w05\checkpoint.weights.h5,e09544cb1d76f3b2c49c7d9598e12e984cf629c59bebb093ac8107452ae30ea2,1787841618024949100,99264
C:\Workspace\TESIS\paper\Paper-Q1-4\experiment\TP2M5C\outputs\transformer_receiver_bank\seed_42\who\mongolia\w05\predictions.csv,99ecb22f3b5622c262f481df9914a8fe95eb198a7e5c0d8eb811d7067307f308,1787841617969609200,184645
C:\Workspace\TESIS\paper\Paper-Q1-4\experiment\TP2M5C\outputs\transformer_receiver_bank\seed_42\who\myanmar\w05\checkpoint.weights.h5,acab3d08bbc1943e966a867c0ed3a07abf50dc53d89f6690040c9d149a78fa9c,1787841657151758200,99264
C:\Workspace\TESIS\paper\Paper-Q1-4\experiment\TP2M5C\outputs\transformer_receiver_bank\seed_42\who\myanmar\w05\predictions.csv,82a0735e1f46fd06e7cda4ad829b6a77f6c5372f83bb23fdc7179e9539196af0,1787841657121072400,184199
C:\Workspace\TESIS\paper\Paper-Q1-4\experiment\TP2M5C\outputs\transformer_receiver_bank\seed_42\who\nepal\w05\checkpoint.weights.h5,16706861d68ad49fbd83e7802e13c1c0653b2a4ec345864abcaa17d5eede8360,1787841780269763600,99264
C:\Workspace\TESIS\paper\Paper-Q1-4\experiment\TP2M5C\outputs\transformer_receiver_bank\seed_42\who\nepal\w05\predictions.csv,3ccc3093deb057f5c69d1ce210c840a3e179fe10b0839fabef27f16b7c8d5c38,1787841780213206200,185879
C:\Workspace\TESIS\paper\Paper-Q1-4\experiment\TP2M5C\outputs\transformer_receiver_bank\seed_42\who\new_caledonia\w05\checkpoint.weights.h5,95eb85291902ee557a2b0e6a11a9ed090171f098cce95fd62db9353980d09907,1787841744974772400,99264
C:\Workspace\TESIS\paper\Paper-Q1-4\experiment\TP2M5C\outputs\transformer_receiver_bank\seed_42\who\new_caledonia\w05\predictions.csv,29d31daebaf7a22420283ed65ce92d23e1abcd76ff2a6fe73a53683b79a6b601,1787841744916550900,183166
C:\Workspace\TESIS\paper\Paper-Q1-4\experiment\TP2M5C\outputs\transformer_receiver_bank\seed_42\who\new_zealand\w05\checkpoint.weights.h5,e75771b466fcf286edae17927efd85bc9716770eed7db36e1327ca820eb31fdf,1787841790514343300,99264
C:\Workspace\TESIS\paper\Paper-Q1-4\experiment\TP2M5C\outputs\transformer_receiver_bank\seed_42\who\new_zealand\w05\predictions.csv,eddc60ab2f76eeb82c9891184174c8639de9ebd98aad076de1370e538d51ab37,1787841790464277400,181411
C:\Workspace\TESIS\paper\Paper-Q1-4\experiment\TP2M5C\outputs\transformer_receiver_bank\seed_42\who\northern_mariana_islands\w05\checkpoint.weights.h5,4bb1ec67493d1bf53e9078a957745710710d77bea27d0c0fb14886ad2ee8b37a,1787841815596759200,99264
C:\Workspace\TESIS\paper\Paper-Q1-4\experiment\TP2M5C\outputs\transformer_receiver_bank\seed_42\who\northern_mariana_islands\w05\predictions.csv,27dffe80f7f428f7902e15d1fefa0ed230bcec900d3ddeee43bd493af59ddc92,1787841815542160100,181768
C:\Workspace\TESIS\paper\Paper-Q1-4\experiment\TP2M5C\outputs\transformer_receiver_bank\seed_42\who\palau\w05\checkpoint.weights.h5,938ad515c6290905b0275cfef8eb21506487fa6adeba8d96d3f75a7dad7e6d3a,1787841851738433500,99264
C:\Workspace\TESIS\paper\Paper-Q1-4\experiment\TP2M5C\outputs\transformer_receiver_bank\seed_42\who\palau\w05\predictions.csv,e18a0aa82649c3e156c11a7c1ebdd6e3aaafac21e0cff8c0b25262ebfd9be39d,1787841851677237000,185270
C:\Workspace\TESIS\paper\Paper-Q1-4\experiment\TP2M5C\outputs\transformer_receiver_bank\seed_42\who\papua_new_guinea\w05\checkpoint.weights.h5,450d83aefec87b803d7ddc4bb5520f320b7e123d7970529f5ab576e2a5fdc681,1787841878827264100,99264
C:\Workspace\TESIS\paper\Paper-Q1-4\experiment\TP2M5C\outputs\transformer_receiver_bank\seed_42\who\papua_new_guinea\w05\predictions.csv,71a1d1759fcddbb7be92be653617d058a958ba42f901decb05bbbb8596d28e1a,1787841878769711800,182058
C:\Workspace\TESIS\paper\Paper-Q1-4\experiment\TP2M5C\outputs\transformer_receiver_bank\seed_42\who\philippines\w05\checkpoint.weights.h5,bb6254c48ae960192b3fab7b160b04710aa6cbade22570d8f5789762bb61bbf2,1787841874655284100,99264
C:\Workspace\TESIS\paper\Paper-Q1-4\experiment\TP2M5C\outputs\transformer_receiver_bank\seed_42\who\philippines\w05\predictions.csv,e7ef8c35cad5adfa22065c270d68720663f7a2be488aa531ee526bb91d243d78,1787841874594735000,186718
C:\Workspace\TESIS\paper\Paper-Q1-4\experiment\TP2M5C\outputs\transformer_receiver_bank\seed_42\who\singapore\w05\checkpoint.weights.h5,b4ae0f9e1e0c239a350a22d6907ad9e70d91b070f5588c091e73a150c3a83b63,1787841899994321300,99264
C:\Workspace\TESIS\paper\Paper-Q1-4\experiment\TP2M5C\outputs\transformer_receiver_bank\seed_42\who\singapore\w05\predictions.csv,29bbb75f583249fda32054634c4c56bd71b2171d2256815283c799d1decaf5e4,1787841899958123700,184138
C:\Workspace\TESIS\paper\Paper-Q1-4\experiment\TP2M5C\outputs\transformer_receiver_bank\seed_42\who\sri_lanka\w05\checkpoint.weights.h5,77ed24eeb97e17286fae7d13e7dcd471362864901450eba43feb8fe79610ea52,1787842128914808900,99264
C:\Workspace\TESIS\paper\Paper-Q1-4\experiment\TP2M5C\outputs\transformer_receiver_bank\seed_42\who\sri_lanka\w05\predictions.csv,6a40120106ec814a025b9d31b04def3a9a0a37ec62a344a296dc34cdcaa5ea58,1787842128866162500,180874
C:\Workspace\TESIS\paper\Paper-Q1-4\experiment\TP2M5C\outputs\transformer_receiver_bank\seed_42\who\switzerland\w05\checkpoint.weights.h5,df994c208070e7931a116186504602f5fb713f6684aa7ae0cd4de1665cb4f4f7,1787842123619010600,99264
C:\Workspace\TESIS\paper\Paper-Q1-4\experiment\TP2M5C\outputs\transformer_receiver_bank\seed_42\who\switzerland\w05\predictions.csv,f71258477c36d3943c5da4ca217062d246be72e4359a63d9e9f06399abc0b58a,1787842123570598700,185431
C:\Workspace\TESIS\paper\Paper-Q1-4\experiment\TP2M5C\outputs\transformer_receiver_bank\seed_42\who\thailand\w05\checkpoint.weights.h5,3ef85acb2fb05c50eda8c803654e956e49c7c515e8b8f3f42ff4b6bbee52e666,1787842158785712600,99264
C:\Workspace\TESIS\paper\Paper-Q1-4\experiment\TP2M5C\outputs\transformer_receiver_bank\seed_42\who\thailand\w05\predictions.csv,7122354506c08bad022af5957974916dc9e04de578ca2607d4ee5dcb58eec4eb,1787842158727173100,182337
C:\Workspace\TESIS\paper\Paper-Q1-4\experiment\TP2M5C\outputs\transformer_receiver_bank\seed_42\who\timor_leste\w05\checkpoint.weights.h5,b7c9ab1cdfd0df9366361c3401becf005bbe7be5506af58de9d85d8b44bbea2d,1787841984202875500,99264
C:\Workspace\TESIS\paper\Paper-Q1-4\experiment\TP2M5C\outputs\transformer_receiver_bank\seed_42\who\timor_leste\w05\predictions.csv,0408141bc237261d6d712e9986548455689f4b1e0bad35cdb7673b14bbeec7e1,1787841984153119700,179102
C:\Workspace\TESIS\paper\Paper-Q1-4\experiment\TP2M5C\outputs\transformer_receiver_bank\seed_42\who\united_kingdom_of_great_britain_and_northern_ireland\w05\checkpoint.weights.h5,e6aff4b2765e832cd78933945429cd332080738a45a448532b9ab5c1754b862a,1787842267859611000,99264
C:\Workspace\TESIS\paper\Paper-Q1-4\experiment\TP2M5C\outputs\transformer_receiver_bank\seed_42\who\united_kingdom_of_great_britain_and_northern_ireland\w05\predictions.csv,425be9037d2b3726883416b41333314dd44679436bf8b3d5a86b459bd13ad9dc,1787842267803741700,185076
C:\Workspace\TESIS\paper\Paper-Q1-4\experiment\TP2M5C\outputs\transformer_receiver_bank\seed_42\who\vanuatu\w05\checkpoint.weights.h5,3bb0b94607b2e4950aa8f849a6a16c3af6d333414bf842413cd34deac45b7e4a,1787842216520729700,99264
C:\Workspace\TESIS\paper\Paper-Q1-4\experiment\TP2M5C\outputs\transformer_receiver_bank\seed_42\who\vanuatu\w05\predictions.csv,186aa209eacbe5745cc3617d785a7214333fa7c4bb34a918c4d5636336e88a5d,1787842216464619900,185955
C:\Workspace\TESIS\paper\Paper-Q1-4\experiment\TP2M5C\outputs\transformer_receiver_bank\seed_42\who\viet_nam\w05\checkpoint.weights.h5,e7674545d26ce7c9459beb388fa867d9b610f299adb746544886abf5d9fd7363,1787842327753638500,99264
C:\Workspace\TESIS\paper\Paper-Q1-4\experiment\TP2M5C\outputs\transformer_receiver_bank\seed_42\who\viet_nam\w05\predictions.csv,b87f7c3bc11badf7b3b15a267697b75ffc83775c07e424f9b20f5d986c144510,1787842327701736400,183692
C:\Workspace\TESIS\paper\Paper-Q1-4\experiment\TP2M5C\TP2M5C_TRANSFORMER_LATENT_PAIRWISE.csv,2fadea4cd9e1649eb7e0504d6b0c797475462fefe29426312dac0035e5369d45,1787856847132145400,88517
C:\Workspace\TESIS\paper\Paper-Q1-4\experiment\TP2M5C\TP2M5C_TRANSFORMER_RECEIVER_BANK_HASHES.txt,ea25513396bbd0b70b20de4d9746e5bc22833c0644cd01766a1a3c0673006eed,1787856757665278200,46557
C:\Workspace\TESIS\paper\Paper-Q1-4\experiment\TP2M5C\TP2M5C_TRANSFORMER_RECEIVER_BANK_MANIFEST.csv,ce65b97b2cea82028615ca602a72af8033a9a3dfea083b2042130d18af1589c4,1787856757664705100,126964
