Date_reported,New_cases,Country
2012-01-01,590,T7
2012-01-02,439,T7
2012-01-03,408,T7
2012-01-04,411,T7
2012-01-05,376,T7
2012-01-06,430,T7
2012-01-07,442,T7
2012-01-08,446,T7
2012-01-09,425,T7
2012-01-10,415,T7
2012-01-11,421,T7
2012-01-12,397,T7
2012-01-13,441,T7
2012-01-14,469,T7
2012-01-15,452,T7
2012-01-16,460,T7
2012-01-17,429,T7
2012-01-18,446,T7
2012-01-19,451,T7
2012-01-20,420,T7
2012-01-21,526,T7
2012-01-22,453,T7
2012-01-23,427,T7
2012-01-24,394,T7
2012-01-25,393,T7
2012-01-26,384,T7
2012-01-27,404,T7
2012-01-28,506,T7
2012-01-29,444,T7
2012-01-30,432,T7
2012-01-31,394,T7
2012-02-01,419,T7
2012-02-02,426,T7
2012-02-03,487,T7
2012-02-04,430,T7
2012-02-05,378,T7
2012-02-06,415,T7
2012-02-07,396,T7
2012-02-08,402,T7
2012-02-09,414,T7
2012-02-10,502,T7
2012-02-11,501,T7
2012-02-12,506,T7
2012-02-13,385,T7
2012-02-14,390,T7
2012-02-15,380,T7
2012-02-16,381,T7
2012-02-17,431,T7
2012-02-18,413,T7
2012-02-19,412,T7
2012-02-20,432,T7
2012-02-21,460,T7
2012-02-22,389,T7
2012-02-23,392,T7
2012-02-24,346,T7
2012-02-25,380,T7
2012-02-26,362,T7
2012-02-27,342,T7
2012-02-28,334,T7
2012-02-29,332,T7
2012-03-01,349,T7
2012-03-02,351,T7
2012-03-03,456,T7
2012-03-04,372,T7
2012-03-05,339,T7
2012-03-06,392,T7
2012-03-07,351,T7
2012-03-08,364,T7
2012-03-09,347,T7
2012-03-10,384,T7
2012-03-11,363,T7
2012-03-12,345,T7
2012-03-13,339,T7
2012-03-14,296,T7
2012-03-15,335,T7
2012-03-16,348,T7
2012-03-17,379,T7
2012-03-18,368,T7
2012-03-19,343,T7
2012-03-20,325,T7
2012-03-21,309,T7
2012-03-22,333,T7
2012-03-23,347,T7
2012-03-24,407,T7
2012-03-25,375,T7
2012-03-26,322,T7
2012-03-27,335,T7
2012-03-28,290,T7
2012-03-29,276,T7
2012-03-30,289,T7
2012-03-31,383,T7
2012-04-01,331,T7
2012-04-02,306,T7
2012-04-03,301,T7
2012-04-04,286,T7
2012-04-05,314,T7
2012-04-06,335,T7
2012-04-07,372,T7
2012-04-08,304,T7
2012-04-09,306,T7
2012-04-10,273,T7
2012-04-11,305,T7
2012-04-12,301,T7
2012-04-13,299,T7
2012-04-14,357,T7
2012-04-15,309,T7
2012-04-16,303,T7
2012-04-17,301,T7
2012-04-18,298,T7
2012-04-19,284,T7
2012-04-20,290,T7
2012-04-21,341,T7
2012-04-22,299,T7
2012-04-23,307,T7
2012-04-24,291,T7
2012-04-25,330,T7
2012-04-26,277,T7
2012-04-27,307,T7
2012-04-28,334,T7
2012-04-29,358,T7
2012-04-30,334,T7
2012-05-01,384,T7
2012-05-02,303,T7
2012-05-03,309,T7
2012-05-04,291,T7
2012-05-05,297,T7
2012-05-06,299,T7
2012-05-07,297,T7
2012-05-08,298,T7
2012-05-09,269,T7
2012-05-10,266,T7
2012-05-11,263,T7
2012-05-12,289,T7
2012-05-13,309,T7
2012-05-14,274,T7
2012-05-15,262,T7
2012-05-16,250,T7
2012-05-17,256,T7
2012-05-18,280,T7
2012-05-19,313,T7
2012-05-20,289,T7
2012-05-21,252,T7
2012-05-22,260,T7
2012-05-23,259,T7
2012-05-24,258,T7
2012-05-25,281,T7
2012-05-26,300,T7
2012-05-27,275,T7
2012-05-28,272,T7
2012-05-29,264,T7
2012-05-30,250,T7
2012-05-31,269,T7
2012-06-01,265,T7
2012-06-02,289,T7
2012-06-03,300,T7
2012-06-04,265,T7
2012-06-05,258,T7
2012-06-06,270,T7
2012-06-07,283,T7
2012-06-08,265,T7
2012-06-09,303,T7
2012-06-10,264,T7
2012-06-11,286,T7
2012-06-12,269,T7
2012-06-13,284,T7
2012-06-14,240,T7
2012-06-15,256,T7
2012-06-16,285,T7
2012-06-17,292,T7
2012-06-18,266,T7
2012-06-19,280,T7
2012-06-20,275,T7
2012-06-21,259,T7
2012-06-22,250,T7
2012-06-23,277,T7
2012-06-24,281,T7
2012-06-25,282,T7
2012-06-26,271,T7
2012-06-27,261,T7
2012-06-28,264,T7
2012-06-29,258,T7
2012-06-30,281,T7
2012-07-01,314,T7
2012-07-02,273,T7
2012-07-03,294,T7
2012-07-04,275,T7
2012-07-05,260,T7
2012-07-06,278,T7
2012-07-07,310,T7
2012-07-08,314,T7
2012-07-09,293,T7
2012-07-10,561,T7
2012-07-11,1200,T7
2012-07-12,1620,T7
2012-07-13,1271,T7
2012-07-14,924,T7
2012-07-15,1540,T7
2012-07-16,1547,T7
2012-07-17,1614,T7
2012-07-18,1297,T7
2012-07-19,1648,T7
2012-07-20,1749,T7
2012-07-21,1963,T7
2012-07-22,1958,T7
2012-07-23,1903,T7
2012-07-24,1960,T7
2012-07-25,2433,T7
2012-07-26,2081,T7
2012-07-27,2492,T7
2012-07-28,3205,T7
2012-07-29,2992,T7
2012-07-30,2573,T7
2012-07-31,2893,T7
2012-08-01,2345,T7
2012-08-02,2609,T7
2012-08-03,2868,T7
2012-08-04,2546,T7
2012-08-05,2862,T7
2012-08-06,2376,T7
2012-08-07,2225,T7
2012-08-08,1946,T7
2012-08-09,1916,T7
2012-08-10,2201,T7
2012-08-11,2222,T7
2012-08-12,2274,T7
2012-08-13,1638,T7
2012-08-14,826,T7
2012-08-15,271,T7
2012-08-16,270,T7
2012-08-17,280,T7
2012-08-18,305,T7
2012-08-19,326,T7
2012-08-20,299,T7
2012-08-21,302,T7
2012-08-22,295,T7
2012-08-23,301,T7
2012-08-24,299,T7
2012-08-25,283,T7
2012-08-26,270,T7
2012-08-27,267,T7
2012-08-28,253,T7
2012-08-29,269,T7
2012-08-30,254,T7
2012-08-31,296,T7
2012-09-01,322,T7
2012-09-02,295,T7
2012-09-03,272,T7
2012-09-04,294,T7
2012-09-05,287,T7
2012-09-06,283,T7
2012-09-07,284,T7
2012-09-08,312,T7
2012-09-09,287,T7
2012-09-10,283,T7
2012-09-11,285,T7
2012-09-12,273,T7
2012-09-13,291,T7
2012-09-14,268,T7
2012-09-15,302,T7
2012-09-16,276,T7
2012-09-17,258,T7
2012-09-18,278,T7
2012-09-19,699,T7
2012-09-20,945,T7
2012-09-21,829,T7
2012-09-22,316,T7
2012-09-23,307,T7
2012-09-24,259,T7
2012-09-25,266,T7
2012-09-26,276,T7
2012-09-27,255,T7
2012-09-28,259,T7
2012-09-29,308,T7
2012-09-30,304,T7
2012-10-01,282,T7
2012-10-02,268,T7
2012-10-03,271,T7
2012-10-04,279,T7
2012-10-05,314,T7
2012-10-06,295,T7
2012-10-07,315,T7
2012-10-08,268,T7
2012-10-09,284,T7
2012-10-10,260,T7
2012-10-11,274,T7
2012-10-12,274,T7
2012-10-13,317,T7
2012-10-14,287,T7
2012-10-15,281,T7
2012-10-16,271,T7
2012-10-17,284,T7
2012-10-18,263,T7
2012-10-19,280,T7
2012-10-20,313,T7
2012-10-21,303,T7
2012-10-22,278,T7
2012-10-23,276,T7
2012-10-24,273,T7
2012-10-25,276,T7
2012-10-26,280,T7
2012-10-27,312,T7
2012-10-28,328,T7
2012-10-29,280,T7
2012-10-30,262,T7
2012-10-31,296,T7
2012-11-01,310,T7
2012-11-02,279,T7
2012-11-03,353,T7
2012-11-04,320,T7
2012-11-05,277,T7
2012-11-06,307,T7
2012-11-07,279,T7
2012-11-08,331,T7
2012-11-09,352,T7
2012-11-10,360,T7
2012-11-11,317,T7
2012-11-12,307,T7
2012-11-13,280,T7
2012-11-14,297,T7
2012-11-15,352,T7
2012-11-16,309,T7
2012-11-17,386,T7
2012-11-18,331,T7
2012-11-19,302,T7
2012-11-20,294,T7
2012-11-21,309,T7
2012-11-22,311,T7
2012-11-23,330,T7
2012-11-24,398,T7
2012-11-25,403,T7
2012-11-26,394,T7
2012-11-27,420,T7
2012-11-28,388,T7
2012-11-29,412,T7
2012-11-30,446,T7
2012-12-01,533,T7
2012-12-02,499,T7
2012-12-03,486,T7
2012-12-04,466,T7
2012-12-05,437,T7
2012-12-06,463,T7
2012-12-07,470,T7
2012-12-08,482,T7
2012-12-09,491,T7
2012-12-10,492,T7
2012-12-11,456,T7
2012-12-12,456,T7
2012-12-13,490,T7
2012-12-14,451,T7
2012-12-15,483,T7
2012-12-16,432,T7
2012-12-17,422,T7
2012-12-18,346,T7
2012-12-19,374,T7
2012-12-20,382,T7
2012-12-21,389,T7
2012-12-22,428,T7
2012-12-23,422,T7
2012-12-24,439,T7
2012-12-25,391,T7
2012-12-26,414,T7
2012-12-27,429,T7
2012-12-28,437,T7
2012-12-29,534,T7
2012-12-30,485,T7
2012-12-31,475,T7
2013-01-01,486,T7
2013-01-02,427,T7
2013-01-03,437,T7
2013-01-04,446,T7
2013-01-05,480,T7
2013-01-06,474,T7
2013-01-07,467,T7
2013-01-08,427,T7
2013-01-09,408,T7
2013-01-10,401,T7
2013-01-11,407,T7
2013-01-12,479,T7
2013-01-13,433,T7
2013-01-14,441,T7
2013-01-15,462,T7
2013-01-16,415,T7
2013-01-17,413,T7
2013-01-18,424,T7
2013-01-19,433,T7
2013-01-20,436,T7
2013-01-21,440,T7
2013-01-22,434,T7
2013-01-23,435,T7
2013-01-24,401,T7
2013-01-25,410,T7
2013-01-26,442,T7
2013-01-27,403,T7
2013-01-28,406,T7
2013-01-29,390,T7
2013-01-30,376,T7
2013-01-31,371,T7
2013-02-01,389,T7
2013-02-02,471,T7
2013-02-03,400,T7
2013-02-04,411,T7
2013-02-05,378,T7
2013-02-06,399,T7
2013-02-07,403,T7
2013-02-08,440,T7
2013-02-09,424,T7
2013-02-10,427,T7
2013-02-11,421,T7
2013-02-12,427,T7
2013-02-13,378,T7
2013-02-14,404,T7
2013-02-15,384,T7
2013-02-16,418,T7
2013-02-17,393,T7
2013-02-18,383,T7
2013-02-19,408,T7
2013-02-20,403,T7
2013-02-21,397,T7
2013-02-22,417,T7
2013-02-23,406,T7
2013-02-24,440,T7
2013-02-25,447,T7
2013-02-26,390,T7
2013-02-27,393,T7
2013-02-28,412,T7
2013-03-01,437,T7
2013-03-02,500,T7
2013-03-03,449,T7
2013-03-04,374,T7
2013-03-05,361,T7
2013-03-06,330,T7
2013-03-07,380,T7
2013-03-08,335,T7
2013-03-09,394,T7
2013-03-10,383,T7
2013-03-11,457,T7
2013-03-12,452,T7
2013-03-13,527,T7
2013-03-14,458,T7
2013-03-15,485,T7
2013-03-16,577,T7
2013-03-17,476,T7
2013-03-18,487,T7
2013-03-19,436,T7
2013-03-20,426,T7
2013-03-21,430,T7
2013-03-22,462,T7
2013-03-23,560,T7
2013-03-24,486,T7
2013-03-25,489,T7
2013-03-26,487,T7
2013-03-27,481,T7
2013-03-28,471,T7
2013-03-29,517,T7
2013-03-30,574,T7
2013-03-31,439,T7
2013-04-01,484,T7
2013-04-02,453,T7
2013-04-03,445,T7
2013-04-04,432,T7
2013-04-05,445,T7
2013-04-06,489,T7
2013-04-07,447,T7
2013-04-08,415,T7
2013-04-09,383,T7
2013-04-10,445,T7
2013-04-11,419,T7
2013-04-12,407,T7
2013-04-13,466,T7
2013-04-14,409,T7
2013-04-15,382,T7
2013-04-16,369,T7
2013-04-17,367,T7
2013-04-18,386,T7
2013-04-19,390,T7
2013-04-20,420,T7
2013-04-21,450,T7
2013-04-22,371,T7
2013-04-23,364,T7
2013-04-24,365,T7
2013-04-25,321,T7
2013-04-26,366,T7
2013-04-27,460,T7
2013-04-28,397,T7
2013-04-29,378,T7
2013-04-30,359,T7
2013-05-01,425,T7
2013-05-02,373,T7
2013-05-03,377,T7
2013-05-04,422,T7
2013-05-05,420,T7
2013-05-06,382,T7
2013-05-07,372,T7
2013-05-08,379,T7
2013-05-09,376,T7
2013-05-10,381,T7
2013-05-11,405,T7
2013-05-12,426,T7
2013-05-13,310,T7
2013-05-14,290,T7
2013-05-15,290,T7
2013-05-16,322,T7
2013-05-17,362,T7
2013-05-18,373,T7
2013-05-19,425,T7
2013-05-20,362,T7
2013-05-21,349,T7
2013-05-22,348,T7
2013-05-23,362,T7
2013-05-24,361,T7
2013-05-25,340,T7
2013-05-26,345,T7
2013-05-27,303,T7
2013-05-28,301,T7
2013-05-29,333,T7
2013-05-30,337,T7
2013-05-31,340,T7
2013-06-01,412,T7
2013-06-02,358,T7
2013-06-03,328,T7
2013-06-04,309,T7
2013-06-05,286,T7
2013-06-06,299,T7
2013-06-07,297,T7
2013-06-08,365,T7
2013-06-09,341,T7
2013-06-10,317,T7
2013-06-11,338,T7
2013-06-12,347,T7
2013-06-13,324,T7
2013-06-14,303,T7
2013-06-15,365,T7
2013-06-16,366,T7
2013-06-17,319,T7
2013-06-18,297,T7
2013-06-19,302,T7
2013-06-20,300,T7
2013-06-21,315,T7
2013-06-22,327,T7
2013-06-23,351,T7
2013-06-24,314,T7
2013-06-25,311,T7
2013-06-26,297,T7
2013-06-27,325,T7
2013-06-28,491,T7
2013-06-29,1009,T7
2013-06-30,844,T7
2013-07-01,856,T7
2013-07-02,1481,T7
2013-07-03,1438,T7
2013-07-04,2417,T7
2013-07-05,2502,T7
2013-07-06,2568,T7
2013-07-07,2522,T7
2013-07-08,2325,T7
2013-07-09,2626,T7
2013-07-10,3226,T7
2013-07-11,3639,T7
2013-07-12,3381,T7
2013-07-13,3244,T7
2013-07-14,3321,T7
2013-07-15,2740,T7
2013-07-16,2661,T7
2013-07-17,3283,T7
2013-07-18,2939,T7
2013-07-19,2419,T7
2013-07-20,2020,T7
2013-07-21,1585,T7
2013-07-22,1339,T7
2013-07-23,2225,T7
2013-07-24,2418,T7
2013-07-25,2564,T7
2013-07-26,2593,T7
2013-07-27,2108,T7
2013-07-28,971,T7
2013-07-29,378,T7
2013-07-30,301,T7
2013-07-31,299,T7
2013-08-01,524,T7
2013-08-02,739,T7
2013-08-03,571,T7
2013-08-04,855,T7
2013-08-05,1196,T7
2013-08-06,1719,T7
2013-08-07,1602,T7
2013-08-08,2134,T7
2013-08-09,2521,T7
2013-08-10,2408,T7
2013-08-11,2566,T7
2013-08-12,2391,T7
2013-08-13,3076,T7
2013-08-14,3057,T7
2013-08-15,2658,T7
2013-08-16,2665,T7
2013-08-17,2346,T7
2013-08-18,1733,T7
2013-08-19,2232,T7
2013-08-20,3343,T7
2013-08-21,3279,T7
2013-08-22,3034,T7
2013-08-23,2215,T7
2013-08-24,3077,T7
2013-08-25,2566,T7
2013-08-26,2141,T7
2013-08-27,2294,T7
2013-08-28,2633,T7
2013-08-29,3065,T7
2013-08-30,2819,T7
2013-08-31,2044,T7
2013-09-01,1263,T7
2013-09-02,1464,T7
2013-09-03,1974,T7
2013-09-04,2116,T7
2013-09-05,1182,T7
2013-09-06,973,T7
2013-09-07,592,T7
2013-09-08,578,T7
2013-09-09,556,T7
2013-09-10,439,T7
2013-09-11,866,T7
2013-09-12,1648,T7
2013-09-13,1416,T7
2013-09-14,1187,T7
2013-09-15,676,T7
2013-09-16,577,T7
2013-09-17,568,T7
2013-09-18,547,T7
2013-09-19,352,T7
2013-09-20,338,T7
2013-09-21,387,T7
2013-09-22,403,T7
2013-09-23,325,T7
2013-09-24,307,T7
2013-09-25,320,T7
2013-09-26,298,T7
2013-09-27,326,T7
2013-09-28,355,T7
2013-09-29,320,T7
2013-09-30,315,T7
2013-10-01,302,T7
2013-10-02,308,T7
2013-10-03,314,T7
2013-10-04,313,T7
2013-10-05,350,T7
2013-10-06,325,T7
2013-10-07,321,T7
2013-10-08,307,T7
2013-10-09,298,T7
2013-10-10,306,T7
2013-10-11,324,T7
2013-10-12,379,T7
2013-10-13,354,T7
2013-10-14,360,T7
2013-10-15,316,T7
2013-10-16,345,T7
2013-10-17,346,T7
2013-10-18,334,T7
2013-10-19,395,T7
2013-10-20,332,T7
2013-10-21,355,T7
2013-10-22,329,T7
2013-10-23,331,T7
2013-10-24,363,T7
2013-10-25,401,T7
2013-10-26,415,T7
2013-10-27,431,T7
2013-10-28,405,T7
2013-10-29,408,T7
2013-10-30,417,T7
2013-10-31,401,T7
2013-11-01,423,T7
2013-11-02,478,T7
2013-11-03,440,T7
2013-11-04,426,T7
2013-11-05,397,T7
2013-11-06,402,T7
2013-11-07,408,T7
2013-11-08,388,T7
2013-11-09,498,T7
2013-11-10,450,T7
2013-11-11,426,T7
2013-11-12,414,T7
2013-11-13,398,T7
2013-11-14,397,T7
2013-11-15,418,T7
2013-11-16,453,T7
2013-11-17,488,T7
2013-11-18,459,T7
2013-11-19,432,T7
2013-11-20,452,T7
2013-11-21,443,T7
2013-11-22,502,T7
2013-11-23,560,T7
2013-11-24,525,T7
2013-11-25,558,T7
2013-11-26,475,T7
2013-11-27,489,T7
2013-11-28,474,T7
2013-11-29,478,T7
2013-11-30,579,T7
2013-12-01,539,T7
2013-12-02,526,T7
2013-12-03,522,T7
2013-12-04,489,T7
2013-12-05,537,T7
2013-12-06,544,T7
2013-12-07,635,T7
2013-12-08,527,T7
2013-12-09,535,T7
2013-12-10,522,T7
2013-12-11,485,T7
2013-12-12,449,T7
2013-12-13,494,T7
2013-12-14,529,T7
2013-12-15,517,T7
2013-12-16,498,T7
2013-12-17,502,T7
2013-12-18,476,T7
2013-12-19,553,T7
2013-12-20,524,T7
2013-12-21,551,T7
2013-12-22,504,T7
2013-12-23,631,T7
2013-12-24,669,T7
2013-12-25,652,T7
2013-12-26,649,T7
2013-12-27,647,T7
2013-12-28,599,T7
2013-12-29,670,T7
2013-12-30,608,T7
2013-12-31,619,T7
2014-01-01,574,T7
2014-01-02,584,T7
2014-01-03,524,T7
2014-01-04,603,T7
2014-01-05,551,T7
2014-01-06,530,T7
2014-01-07,526,T7
2014-01-08,497,T7
2014-01-09,501,T7
2014-01-10,506,T7
2014-01-11,585,T7
2014-01-12,542,T7
2014-01-13,539,T7
2014-01-14,538,T7
2014-01-15,510,T7
2014-01-16,542,T7
2014-01-17,544,T7
2014-01-18,600,T7
2014-01-19,602,T7
2014-01-20,578,T7
2014-01-21,546,T7
2014-01-22,530,T7
2014-01-23,528,T7
2014-01-24,603,T7
2014-01-25,581,T7
2014-01-26,567,T7
2014-01-27,529,T7
2014-01-28,521,T7
2014-01-29,473,T7
2014-01-30,547,T7
2014-01-31,578,T7
2014-02-01,657,T7
2014-02-02,694,T7
2014-02-03,573,T7
2014-02-04,565,T7
2014-02-05,564,T7
2014-02-06,567,T7
2014-02-07,586,T7
2014-02-08,671,T7
2014-02-09,561,T7
2014-02-10,564,T7
2014-02-11,516,T7
2014-02-12,560,T7
2014-02-13,551,T7
2014-02-14,559,T7
2014-02-15,562,T7
2014-02-16,621,T7
2014-02-17,547,T7
2014-02-18,613,T7
2014-02-19,559,T7
2014-02-20,565,T7
2014-02-21,528,T7
2014-02-22,544,T7
2014-02-23,540,T7
2014-02-24,526,T7
2014-02-25,513,T7
2014-02-26,489,T7
2014-02-27,493,T7
2014-02-28,542,T7
2014-03-01,617,T7
2014-03-02,580,T7
2014-03-03,579,T7
2014-03-04,607,T7
2014-03-05,542,T7
2014-03-06,488,T7
2014-03-07,513,T7
2014-03-08,498,T7
2014-03-09,517,T7
2014-03-10,449,T7
2014-03-11,438,T7
2014-03-12,431,T7
2014-03-13,437,T7
2014-03-14,429,T7
2014-03-15,480,T7
2014-03-16,440,T7
2014-03-17,416,T7
2014-03-18,418,T7
2014-03-19,359,T7
2014-03-20,368,T7
2014-03-21,428,T7
2014-03-22,459,T7
2014-03-23,463,T7
2014-03-24,482,T7
2014-03-25,455,T7
2014-03-26,428,T7
2014-03-27,476,T7
2014-03-28,447,T7
2014-03-29,555,T7
2014-03-30,523,T7
2014-03-31,500,T7
2014-04-01,531,T7
2014-04-02,493,T7
2014-04-03,476,T7
2014-04-04,526,T7
2014-04-05,513,T7
2014-04-06,503,T7
2014-04-07,474,T7
2014-04-08,449,T7
2014-04-09,421,T7
2014-04-10,416,T7
2014-04-11,402,T7
2014-04-12,404,T7
2014-04-13,423,T7
2014-04-14,358,T7
2014-04-15,379,T7
2014-04-16,375,T7
2014-04-17,377,T7
2014-04-18,397,T7
2014-04-19,450,T7
2014-04-20,422,T7
2014-04-21,401,T7
2014-04-22,358,T7
2014-04-23,358,T7
2014-04-24,353,T7
2014-04-25,413,T7
2014-04-26,396,T7
2014-04-27,412,T7
2014-04-28,362,T7
2014-04-29,347,T7
2014-04-30,343,T7
2014-05-01,378,T7
2014-05-02,357,T7
2014-05-03,390,T7
2014-05-04,369,T7
2014-05-05,311,T7
2014-05-06,324,T7
2014-05-07,332,T7
2014-05-08,364,T7
2014-05-09,339,T7
2014-05-10,394,T7
2014-05-11,344,T7
2014-05-12,341,T7
2014-05-13,355,T7
2014-05-14,330,T7
2014-05-15,343,T7
2014-05-16,360,T7
2014-05-17,374,T7
2014-05-18,371,T7
2014-05-19,320,T7
2014-05-20,308,T7
2014-05-21,342,T7
2014-05-22,350,T7
2014-05-23,347,T7
2014-05-24,400,T7
2014-05-25,370,T7
2014-05-26,360,T7
2014-05-27,355,T7
2014-05-28,333,T7
2014-05-29,354,T7
2014-05-30,326,T7
2014-05-31,361,T7
2014-06-01,304,T7
2014-06-02,314,T7
2014-06-03,327,T7
2014-06-04,342,T7
2014-06-05,331,T7
2014-06-06,341,T7
2014-06-07,353,T7
2014-06-08,353,T7
2014-06-09,329,T7
2014-06-10,322,T7
2014-06-11,298,T7
2014-06-12,313,T7
2014-06-13,350,T7
2014-06-14,351,T7
2014-06-15,365,T7
2014-06-16,330,T7
2014-06-17,330,T7
2014-06-18,333,T7
2014-06-19,329,T7
2014-06-20,315,T7
2014-06-21,379,T7
2014-06-22,361,T7
2014-06-23,312,T7
2014-06-24,314,T7
2014-06-25,312,T7
2014-06-26,321,T7
2014-06-27,320,T7
2014-06-28,330,T7
2014-06-29,312,T7
2014-06-30,307,T7
2014-07-01,310,T7
2014-07-02,306,T7
2014-07-03,321,T7
2014-07-04,601,T7
2014-07-05,961,T7
2014-07-06,629,T7
2014-07-07,322,T7
2014-07-08,321,T7
2014-07-09,486,T7
2014-07-10,1013,T7
2014-07-11,1114,T7
2014-07-12,1518,T7
2014-07-13,1559,T7
2014-07-14,1645,T7
2014-07-15,2323,T7
2014-07-16,2623,T7
2014-07-17,3588,T7
2014-07-18,3020,T7
2014-07-19,1599,T7
2014-07-20,355,T7
2014-07-21,523,T7
2014-07-22,1138,T7
2014-07-23,1444,T7
2014-07-24,1630,T7
2014-07-25,2194,T7
2014-07-26,1782,T7
2014-07-27,2269,T7
2014-07-28,2791,T7
2014-07-29,3070,T7
2014-07-30,2716,T7
2014-07-31,2828,T7
2014-08-01,2733,T7
2014-08-02,1433,T7
2014-08-03,312,T7
2014-08-04,953,T7
2014-08-05,2253,T7
2014-08-06,2661,T7
2014-08-07,2614,T7
2014-08-08,2133,T7
2014-08-09,897,T7
2014-08-10,324,T7
2014-08-11,344,T7
2014-08-12,309,T7
2014-08-13,321,T7
2014-08-14,353,T7
2014-08-15,342,T7
2014-08-16,583,T7
2014-08-17,930,T7
2014-08-18,1892,T7
2014-08-19,2195,T7
2014-08-20,1817,T7
2012-01-01,2805700,T314
2012-01-02,3494400,T314
2012-01-03,3445000,T314
2012-01-04,3421000,T314
2012-01-05,3478600,T314
2012-01-06,3444700,T314
2012-01-07,3481400,T314
2012-01-08,3625200,T314
2012-01-09,3326600,T314
2012-01-10,3405900,T314
2012-01-11,3421300,T314
2012-01-12,3409000,T314
2012-01-13,3459200,T314
2012-01-14,3409500,T314
2012-01-15,3503800,T314
2012-01-16,3348000,T314
2012-01-17,3365900,T314
2012-01-18,3381900,T314
2012-01-19,3421200,T314
2012-01-20,3433300,T314
2012-01-21,3485400,T314
2012-01-22,3559500,T314
2012-01-23,3426600,T314
2012-01-24,3347800,T314
2012-01-25,3365400,T314
2012-01-26,3396800,T314
2012-01-27,3320300,T314
2012-01-28,3521400,T314
2012-01-29,3436300,T314
2012-01-30,3584200,T314
2012-01-31,3382500,T314
2012-02-01,3421600,T314
2012-02-02,3286800,T314
2012-02-03,3284700,T314
2012-02-04,3083500,T314
2012-02-05,3146100,T314
2012-02-06,3238400,T314
2012-02-07,3362200,T314
2012-02-08,3319700,T314
2012-02-09,3306500,T314
2012-02-10,3260400,T314
2012-02-11,3408500,T314
2012-02-12,3349200,T314
2012-02-13,3322100,T314
2012-02-14,3256900,T314
2012-02-15,3317800,T314
2012-02-16,3271500,T314
2012-02-17,3270200,T314
2012-02-18,3390800,T314
2012-02-19,3260400,T314
2012-02-20,3157300,T314
2012-02-21,3307200,T314
2012-02-22,3370400,T314
2012-02-23,3285100,T314
2012-02-24,3365700,T314
2012-02-25,3399100,T314
2012-02-26,3457300,T314
2012-02-27,3432900,T314
2012-02-28,3322300,T314
2012-02-29,3351000,T314
2012-03-01,3319000,T314
2012-03-02,3330200,T314
2012-03-03,3489200,T314
2012-03-04,3612100,T314
2012-03-05,3467900,T314
2012-03-06,3513500,T314
2012-03-07,3473700,T314
2012-03-08,3602200,T314
2012-03-09,3449200,T314
2012-03-10,3624400,T314
2012-03-11,3624600,T314
2012-03-12,3576800,T314
2012-03-13,3780100,T314
2012-03-14,3509800,T314
2012-03-15,3513600,T314
2012-03-16,3549000,T314
2012-03-17,3596200,T314
2012-03-18,3512500,T314
2012-03-19,3353300,T314
2012-03-20,3470500,T314
2012-03-21,3420500,T314
2012-03-22,3443100,T314
2012-03-23,3618800,T314
2012-03-24,3640500,T314
2012-03-25,3614200,T314
2012-03-26,3713900,T314
2012-03-27,3739900,T314
2012-03-28,3741900,T314
2012-03-29,3688300,T314
2012-03-30,3516800,T314
2012-03-31,3715100,T314
2012-04-01,3720000,T314
2012-04-02,3584300,T314
2012-04-03,3624400,T314
2012-04-04,3553700,T314
2012-04-05,3543500,T314
2012-04-06,3612200,T314
2012-04-07,3755300,T314
2012-04-08,3858000,T314
2012-04-09,3904800,T314
2012-04-10,3741700,T314
2012-04-11,3656600,T314
2012-04-12,3639000,T314
2012-04-13,3630700,T314
2012-04-14,3664300,T314
2012-04-15,3583700,T314
2012-04-16,3535200,T314
2012-04-17,3627100,T314
2012-04-18,3510000,T314
2012-04-19,3700400,T314
2012-04-20,3573000,T314
2012-04-21,3850000,T314
2012-04-22,3875800,T314
2012-04-23,3670700,T314
2012-04-24,3678400,T314
2012-04-25,3661400,T314
2012-04-26,3732900,T314
2012-04-27,3609800,T314
2012-04-28,3401800,T314
2012-04-29,3225300,T314
2012-04-30,3748100,T314
2012-05-01,3600600,T314
2012-05-02,3758900,T314
2012-05-03,3867100,T314
2012-05-04,3742100,T314
2012-05-05,3916700,T314
2012-05-06,3981000,T314
2012-05-07,3902000,T314
2012-05-08,4346300,T314
2012-05-09,5697000,T314
2012-05-10,5862000,T314
2012-05-11,5900700,T314
2012-05-12,6689900,T314
2012-05-13,7232600,T314
2012-05-14,7613000,T314
2012-05-15,7747700,T314
2012-05-16,7122600,T314
2012-05-17,6375500,T314
2012-05-18,5078600,T314
2012-05-19,4610600,T314
2012-05-20,4539400,T314
2012-05-21,4500200,T314
2012-05-22,4903800,T314
2012-05-23,5738200,T314
2012-05-24,5672000,T314
2012-05-25,5325800,T314
2012-05-26,4990600,T314
2012-05-27,5317900,T314
2012-05-28,5810100,T314
2012-05-29,5930500,T314
2012-05-30,6633700,T314
2012-05-31,6672900,T314
2012-06-01,6159300,T314
2012-06-02,5760700,T314
2012-06-03,6167300,T314
2012-06-04,6715700,T314
2012-06-05,6825500,T314
2012-06-06,6980500,T314
2012-06-07,6496300,T314
2012-06-08,5603400,T314
2012-06-09,5937700,T314
2012-06-10,6607000,T314
2012-06-11,5678000,T314
2012-06-12,5565300,T314
2012-06-13,6153200,T314
2012-06-14,6394300,T314
2012-06-15,6540000,T314
2012-06-16,6843000,T314
2012-06-17,6911600,T314
2012-06-18,6458500,T314
2012-06-19,5696500,T314
2012-06-20,5263700,T314
2012-06-21,6037800,T314
2012-06-22,6382800,T314
2012-06-23,6730000,T314
2012-06-24,7286500,T314
2012-06-25,7457700,T314
2012-06-26,8485400,T314
2012-06-27,8179700,T314
2012-06-28,8335800,T314
2012-06-29,7231600,T314
2012-06-30,6956700,T314
2012-07-01,7074600,T314
2012-07-02,7937400,T314
2012-07-03,8220400,T314
2012-07-04,7979100,T314
2012-07-05,7096200,T314
2012-07-06,7472000,T314
2012-07-07,7646800,T314
2012-07-08,7163100,T314
2012-07-09,7143300,T314
2012-07-10,7071100,T314
2012-07-11,7327000,T314
2012-07-12,8101300,T314
2012-07-13,8288100,T314
2012-07-14,7788000,T314
2012-07-15,8125300,T314
2012-07-16,9008200,T314
2012-07-17,9014900,T314
2012-07-18,9259500,T314
2012-07-19,9436700,T314
2012-07-20,8841900,T314
2012-07-21,9330100,T314
2012-07-22,9257800,T314
2012-07-23,8446500,T314
2012-07-24,7827900,T314
2012-07-25,7591900,T314
2012-07-26,7415800,T314
2012-07-27,7301300,T314
2012-07-28,7127800,T314
2012-07-29,7979600,T314
2012-07-30,7987900,T314
2012-07-31,8154300,T314
2012-08-01,8105100,T314
2012-08-02,8645300,T314
2012-08-03,8369400,T314
2012-08-04,8131400,T314
2012-08-05,7309500,T314
2012-08-06,7375000,T314
2012-08-07,8459500,T314
2012-08-08,9250000,T314
2012-08-09,9370000,T314
2012-08-10,10339400,T314
2012-08-11,9450400,T314
2012-08-12,8219900,T314
2012-08-13,8322100,T314
2012-08-14,8211500,T314
2012-08-15,8225400,T314
2012-08-16,8010400,T314
2012-08-17,8453400,T314
2012-08-18,8216000,T314
2012-08-19,8647300,T314
2012-08-20,9584000,T314
2012-08-21,10432700,T314
2012-08-22,8969000,T314
2012-08-23,8647000,T314
2012-08-24,8234500,T314
2012-08-25,8560800,T314
2012-08-26,7772800,T314
2012-08-27,7820400,T314
2012-08-28,8743800,T314
2012-08-29,7677200,T314
2012-08-30,7840800,T314
2012-08-31,8462100,T314
2012-09-01,8284500,T314
2012-09-02,8152500,T314
2012-09-03,7699600,T314
2012-09-04,7815900,T314
2012-09-05,8082100,T314
2012-09-06,8435700,T314
2012-09-07,8217700,T314
2012-09-08,7626900,T314
2012-09-09,7698400,T314
2012-09-10,7438100,T314
2012-09-11,7954000,T314
2012-09-12,8864100,T314
2012-09-13,8482800,T314
2012-09-14,7772100,T314
2012-09-15,8356100,T314
2012-09-16,7463800,T314
2012-09-17,7046000,T314
2012-09-18,7479700,T314
2012-09-19,7609200,T314
2012-09-20,6999800,T314
2012-09-21,6910600,T314
2012-09-22,7055100,T314
2012-09-23,7107100,T314
2012-09-24,5679200,T314
2012-09-25,5614000,T314
2012-09-26,5033600,T314
2012-09-27,4531500,T314
2012-09-28,4603300,T314
2012-09-29,5454500,T314
2012-09-30,5474600,T314
2012-10-01,5069200,T314
2012-10-02,5262000,T314
2012-10-03,5225900,T314
2012-10-04,5494500,T314
2012-10-05,5546900,T314
2012-10-06,5373600,T314
2012-10-07,5732900,T314
2012-10-08,5687100,T314
2012-10-09,5830700,T314
2012-10-10,5690400,T314
2012-10-11,5400100,T314
2012-10-12,4806100,T314
2012-10-13,4999800,T314
2012-10-14,5162100,T314
2012-10-15,4307200,T314
2012-10-16,4464500,T314
2012-10-17,4321700,T314
2012-10-18,3853900,T314
2012-10-19,4002500,T314
2012-10-20,4172800,T314
2012-10-21,4465400,T314
2012-10-22,4555200,T314
2012-10-23,4178900,T314
2012-10-24,4129000,T314
2012-10-25,3996100,T314
2012-10-26,4312400,T314
2012-10-27,4013900,T314
2012-10-28,3965700,T314
2012-10-29,4085900,T314
2012-10-30,3946500,T314
2012-10-31,3916100,T314
2012-11-01,3661600,T314
2012-11-02,3729500,T314
2012-11-03,4593500,T314
2012-11-04,3510400,T314
2012-11-05,3817200,T314
2012-11-06,3618400,T314
2012-11-07,3902000,T314
2012-11-08,3734000,T314
2012-11-09,3675700,T314
2012-11-10,3559600,T314
2012-11-11,3468500,T314
2012-11-12,3332200,T314
2012-11-13,3447800,T314
2012-11-14,3521700,T314
2012-11-15,3862800,T314
2012-11-16,3299700,T314
2012-11-17,3672600,T314
2012-11-18,3536000,T314
2012-11-19,3488500,T314
2012-11-20,3631300,T314
2012-11-21,3540000,T314
2012-11-22,3514500,T314
2012-11-23,3600800,T314
2012-11-24,3969800,T314
2012-11-25,4039600,T314
2012-11-26,3499800,T314
2012-11-27,3468200,T314
2012-11-28,3370900,T314
2012-11-29,3363500,T314
2012-11-30,3326000,T314
2012-12-01,3401700,T314
2012-12-02,3406800,T314
2012-12-03,3383100,T314
2012-12-04,3377500,T314
2012-12-05,3418600,T314
2012-12-06,3385200,T314
2012-12-07,3370500,T314
2012-12-08,3598600,T314
2012-12-09,3599400,T314
2012-12-10,3319800,T314
2012-12-11,3304800,T314
2012-12-12,3359300,T314
2012-12-13,3249600,T314
2012-12-14,3321000,T314
2012-12-15,3459800,T314
2012-12-16,3657600,T314
2012-12-17,3566700,T314
2012-12-18,3613500,T314
2012-12-19,3615600,T314
2012-12-20,3528000,T314
2012-12-21,3696300,T314
2012-12-22,3780100,T314
2012-12-23,3697800,T314
2012-12-24,3662900,T314
2012-12-25,2887600,T314
2012-12-26,3362900,T314
2012-12-27,3416400,T314
2012-12-28,3464200,T314
2012-12-29,3475500,T314
2012-12-30,3503600,T314
2012-12-31,3347000,T314
2013-01-01,2646200,T314
2013-01-02,3233600,T314
2013-01-03,3306300,T314
2013-01-04,3308800,T314
2013-01-05,3363400,T314
2013-01-06,3387400,T314
2013-01-07,3276200,T314
2013-01-08,3281600,T314
2013-01-09,3269300,T314
2013-01-10,3335900,T314
2013-01-11,3324700,T314
2013-01-12,3299100,T314
2013-01-13,3317000,T314
2013-01-14,3030900,T314
2013-01-15,2984200,T314
2013-01-16,3011100,T314
2013-01-17,3292200,T314
2013-01-18,3329300,T314
2013-01-19,3200000,T314
2013-01-20,3311300,T314
2013-01-21,3208700,T314
2013-01-22,3143400,T314
2013-01-23,3024400,T314
2013-01-24,3097100,T314
2013-01-25,3118800,T314
2013-01-26,3189700,T314
2013-01-27,3351900,T314
2013-01-28,3151800,T314
2013-01-29,3178600,T314
2013-01-30,3245100,T314
2013-01-31,3072000,T314
2013-02-01,3088000,T314
2013-02-02,3049100,T314
2013-02-03,3099400,T314
2013-02-04,2607200,T314
2013-02-05,2663400,T314
2013-02-06,2651900,T314
2013-02-07,2637200,T314
2013-02-08,2652700,T314
2013-02-09,2643100,T314
2013-02-10,2728500,T314
2013-02-11,2670200,T314
2013-02-12,2642200,T314
2013-02-13,2716200,T314
2013-02-14,2651600,T314
2013-02-15,2660600,T314
2013-02-16,2719300,T314
2013-02-17,2719100,T314
2013-02-18,2665200,T314
2013-02-19,2742500,T314
2013-02-20,3057800,T314
2013-02-21,3021700,T314
2013-02-22,2930200,T314
2013-02-23,2986000,T314
2013-02-24,2960300,T314
2013-02-25,2852300,T314
2013-02-26,2890000,T314
2013-02-27,2869400,T314
2013-02-28,2842300,T314
2013-03-01,2876800,T314
2013-03-02,2982600,T314
2013-03-03,3021800,T314
2013-03-04,2882900,T314
2013-03-05,2909500,T314
2013-03-06,2931700,T314
2013-03-07,2974600,T314
2013-03-08,2906900,T314
2013-03-09,3007400,T314
2013-03-10,2974600,T314
2013-03-11,2871500,T314
2013-03-12,2873600,T314
2013-03-13,2831300,T314
2013-03-14,2892600,T314
2013-03-15,2791700,T314
2013-03-16,3024900,T314
2013-03-17,3048800,T314
2013-03-18,2902300,T314
2013-03-19,2955300,T314
2013-03-20,3033600,T314
2013-03-21,2995000,T314
2013-03-22,3047200,T314
2013-03-23,3023800,T314
2013-03-24,3071900,T314
2013-03-25,2993200,T314
2013-03-26,3152400,T314
2013-03-27,3185900,T314
2013-03-28,3212300,T314
2013-03-29,3251400,T314
2013-03-30,3227400,T314
2013-03-31,3053900,T314
2013-04-01,2435700,T314
2013-04-02,3074300,T314
2013-04-03,2935500,T314
2013-04-04,3034400,T314
2013-04-05,3107200,T314
2013-04-06,3176700,T314
2013-04-07,3165800,T314
2013-04-08,3146900,T314
2013-04-09,2983600,T314
2013-04-10,2995400,T314
2013-04-11,3078900,T314
2013-04-12,2976600,T314
2013-04-13,3173200,T314
2013-04-14,3592000,T314
2013-04-15,3515400,T314
2013-04-16,3640600,T314
2013-04-17,3686300,T314
2013-04-18,4039800,T314
2013-04-19,3770400,T314
2013-04-20,3831600,T314
2013-04-21,3861300,T314
2013-04-22,3817600,T314
2013-04-23,3650000,T314
2013-04-24,3803800,T314
2013-04-25,4174300,T314
2013-04-26,4075000,T314
2013-04-27,3744900,T314
2013-04-28,3401600,T314
2013-04-29,3168800,T314
2013-04-30,3198500,T314
2013-05-01,2664300,T314
2013-05-02,3673200,T314
2013-05-03,3725100,T314
2013-05-04,4104900,T314
2013-05-05,4659600,T314
2013-05-06,5225100,T314
2013-05-07,5109200,T314
2013-05-08,5026600,T314
2013-05-09,5196000,T314
2013-05-10,5027400,T314
2013-05-11,5048100,T314
2013-05-12,4697300,T314
2013-05-13,4861100,T314
2013-05-14,5103300,T314
2013-05-15,3952100,T314
2013-05-16,3808900,T314
2013-05-17,3715100,T314
2013-05-18,3803600,T314
2013-05-19,3734100,T314
2013-05-20,3835900,T314
2013-05-21,4031400,T314
2013-05-22,4339700,T314
2013-05-23,4010500,T314
2013-05-24,3942600,T314
2013-05-25,4152300,T314
2013-05-26,4248200,T314
2013-05-27,3828900,T314
2013-05-28,3690200,T314
2013-05-29,3656900,T314
2013-05-30,3840100,T314
2013-05-31,4605900,T314
2013-06-01,5047800,T314
2013-06-02,5099600,T314
2013-06-03,5100900,T314
2013-06-04,4292300,T314
2013-06-05,5171900,T314
2013-06-06,3779400,T314
2013-06-07,4163400,T314
2013-06-08,4071400,T314
2013-06-09,4125200,T314
2013-06-10,4110200,T314
2013-06-11,4276900,T314
2013-06-12,5090300,T314
2013-06-13,5911600,T314
2013-06-14,5989900,T314
2013-06-15,5944400,T314
2013-06-16,5869800,T314
2013-06-17,4772600,T314
2013-06-18,4265200,T314
2013-06-19,4697700,T314
2013-06-20,5158300,T314
2013-06-21,5004200,T314
2013-06-22,5549800,T314
2013-06-23,6744700,T314
2013-06-24,5722700,T314
2013-06-25,6661900,T314
2013-06-26,6509700,T314
2013-06-27,6128900,T314
2013-06-28,6735200,T314
2013-06-29,7233600,T314
2013-06-30,7441200,T314
2013-07-01,6950100,T314
2013-07-02,6720100,T314
2013-07-03,7152000,T314
2013-07-04,7973500,T314
2013-07-05,7979300,T314
2013-07-06,7984000,T314
2013-07-07,8242300,T314
2013-07-08,8386900,T314
2013-07-09,8541600,T314
2013-07-10,8725500,T314
2013-07-11,8010000,T314
2013-07-12,7435800,T314
2013-07-13,6995300,T314
2013-07-14,7144900,T314
2013-07-15,7407600,T314
2013-07-16,7880500,T314
2013-07-17,7849000,T314
2013-07-18,7491400,T314
2013-07-19,7393300,T314
2013-07-20,7049900,T314
2013-07-21,6970600,T314
2013-07-22,7133100,T314
2013-07-23,7310100,T314
2013-07-24,7507700,T314
2013-07-25,7750300,T314
2013-07-26,6834100,T314
2013-07-27,6384800,T314
2013-07-28,6679800,T314
2013-07-29,6996500,T314
2013-07-30,7709800,T314
2013-07-31,7995500,T314
2013-08-01,7677700,T314
2013-08-02,7324300,T314
2013-08-03,7199200,T314
2013-08-04,7171200,T314
2013-08-05,7433200,T314
2013-08-06,7593500,T314
2013-08-07,7232500,T314
2013-08-08,7400600,T314
2013-08-09,8223300,T314
2013-08-10,8299600,T314
2013-08-11,8136300,T314
2013-08-12,7826800,T314
2013-08-13,7844800,T314
2013-08-14,7892400,T314
2013-08-15,8299100,T314
2013-08-16,8173200,T314
2013-08-17,7821400,T314
2013-08-18,7845600,T314
2013-08-19,8388300,T314
2013-08-20,8349900,T314
2013-08-21,8236700,T314
2013-08-22,8069600,T314
2013-08-23,8085100,T314
2013-08-24,7753000,T314
2013-08-25,7575300,T314
2013-08-26,7160100,T314
2013-08-27,6581900,T314
2013-08-28,6679800,T314
2013-08-29,7261600,T314
2013-08-30,7683700,T314
2013-08-31,7629500,T314
2013-09-01,7535100,T314
2013-09-02,7290300,T314
2013-09-03,7379000,T314
2013-09-04,7283500,T314
2013-09-05,7137300,T314
2013-09-06,7088100,T314
2013-09-07,6641000,T314
2013-09-08,6379800,T314
2013-09-09,6151900,T314
2013-09-10,6651700,T314
2013-09-11,6922800,T314
2013-09-12,7453200,T314
2013-09-13,7604900,T314
2013-09-14,7057400,T314
2013-09-15,7128200,T314
2013-09-16,6785400,T314
2013-09-17,6307700,T314
2013-09-18,6283200,T314
2013-09-19,6134300,T314
2013-09-20,6803000,T314
2013-09-21,7123300,T314
2013-09-22,7085300,T314
2013-09-23,6744000,T314
2013-09-24,6023600,T314
2013-09-25,5955300,T314
2013-09-26,6031200,T314
2013-09-27,6237900,T314
2013-09-28,6110600,T314
2013-09-29,5994700,T314
2013-09-30,6172400,T314
2013-10-01,5948900,T314
2013-10-02,5273700,T314
2013-10-03,5910700,T314
2013-10-04,5383700,T314
2013-10-05,5136700,T314
2013-10-06,5503300,T314
2013-10-07,4963600,T314
2013-10-08,5486900,T314
2013-10-09,5349700,T314
2013-10-10,5539900,T314
2013-10-11,5345100,T314
2013-10-12,4797200,T314
2013-10-13,4991900,T314
2013-10-14,4992100,T314
2013-10-15,5102500,T314
2013-10-16,4853100,T314
2013-10-17,4937800,T314
2013-10-18,4829500,T314
2013-10-19,4873400,T314
2013-10-20,4896300,T314
2013-10-21,4578700,T314
2013-10-22,4818300,T314
2013-10-23,4773100,T314
2013-10-24,5109600,T314
2013-10-25,4331300,T314
2013-10-26,4374600,T314
2013-10-27,4750400,T314
2013-10-28,4294100,T314
2013-10-29,3728100,T314
2013-10-30,3680300,T314
2013-10-31,3806100,T314
2013-11-01,3718600,T314
2013-11-02,4065000,T314
2013-11-03,4099700,T314
2013-11-04,3824600,T314
2013-11-05,3832100,T314
2013-11-06,3817700,T314
2013-11-07,3708100,T314
2013-11-08,3954200,T314
2013-11-09,3679300,T314
2013-11-10,3886500,T314
2013-11-11,3770200,T314
2013-11-12,4089400,T314
2013-11-13,3933100,T314
2013-11-14,3979900,T314
2013-11-15,3807700,T314
2013-11-16,3562900,T314
2013-11-17,3573500,T314
2013-11-18,3490800,T314
2013-11-19,3567400,T314
2013-11-20,3428400,T314
2013-11-21,3413100,T314
2013-11-22,3509100,T314
2013-11-23,3512500,T314
2013-11-24,3429100,T314
2013-11-25,3391400,T314
2013-11-26,3358900,T314
2013-11-27,3390800,T314
2013-11-28,3373300,T314
2013-11-29,3434100,T314
2013-11-30,3351100,T314
2013-12-01,3452300,T314
2013-12-02,3346800,T314
2013-12-03,3412500,T314
2013-12-04,3465300,T314
2013-12-05,3455100,T314
2013-12-06,3640400,T314
2013-12-07,3649900,T314
2013-12-08,3566400,T314
2013-12-09,3357100,T314
2013-12-10,3358000,T314
2013-12-11,3420300,T314
2013-12-12,3344800,T314
2013-12-13,3485200,T314
2013-12-14,3595100,T314
2013-12-15,3653500,T314
2013-12-16,3395300,T314
2013-12-17,3469800,T314
2013-12-18,3351600,T314
2013-12-19,3439400,T314
2013-12-20,3360200,T314
2013-12-21,3529500,T314
2013-12-22,3562100,T314
2013-12-23,3516400,T314
2013-12-24,3104500,T314
2013-12-25,2541300,T314
2013-12-26,3343600,T314
2013-12-27,3452300,T314
2013-12-28,3548200,T314
2013-12-29,3556500,T314
2013-12-30,3377600,T314
2013-12-31,3498400,T314
2014-01-01,2692500,T314
2014-01-02,3275400,T314
2014-01-03,3512300,T314
2014-01-04,3492100,T314
2014-01-05,3497300,T314
2014-01-06,3278400,T314
2014-01-07,3111000,T314
2014-01-08,3506800,T314
2014-01-09,3339600,T314
2014-01-10,3357900,T314
2014-01-11,3348200,T314
2014-01-12,3638700,T314
2014-01-13,3236600,T314
2014-01-14,3198700,T314
2014-01-15,3303700,T314
2014-01-16,3255500,T314
2014-01-17,3165500,T314
2014-01-18,3194300,T314
2014-01-19,3261400,T314
2014-01-20,3123800,T314
2014-01-21,3251500,T314
2014-01-22,3180800,T314
2014-01-23,3284400,T314
2014-01-24,3202800,T314
2014-01-25,3276200,T314
2014-01-26,3382900,T314
2014-01-27,3113300,T314
2014-01-28,3139700,T314
2014-01-29,3078100,T314
2014-01-30,3105600,T314
2014-01-31,3086200,T314
2014-02-01,3226200,T314
2014-02-02,3251700,T314
2014-02-03,3090500,T314
2014-02-04,3176400,T314
2014-02-05,3144400,T314
2014-02-06,3134700,T314
2014-02-07,3096700,T314
2014-02-08,3270300,T314
2014-02-09,3324600,T314
2014-02-10,3095700,T314
2014-02-11,2974200,T314
2014-02-12,2931100,T314
2014-02-13,2971800,T314
2014-02-14,3014100,T314
2014-02-15,2955100,T314
2014-02-16,3274800,T314
2014-02-17,2826400,T314
2014-02-18,2784300,T314
2014-02-19,2851700,T314
2014-02-20,2924200,T314
2014-02-21,2876200,T314
2014-02-22,2987300,T314
2014-02-23,3064300,T314
2014-02-24,2826800,T314
2014-02-25,2815400,T314
2014-02-26,2830400,T314
2014-02-27,2861200,T314
2014-02-28,2866800,T314
2014-03-01,3006100,T314
2014-03-02,3055100,T314
2014-03-03,2866600,T314
2014-03-04,2895500,T314
2014-03-05,3032700,T314
2014-03-06,3191200,T314
2014-03-07,2918100,T314
2014-03-08,2939600,T314
2014-03-09,3054300,T314
2014-03-10,3097200,T314
2014-03-11,3073900,T314
2014-03-12,3105300,T314
2014-03-13,3053900,T314
2014-03-14,3093300,T314
2014-03-15,3477000,T314
2014-03-16,3498200,T314
2014-03-17,3211200,T314
2014-03-18,3235600,T314
2014-03-19,3130700,T314
2014-03-20,3161500,T314
2014-03-21,3132000,T314
2014-03-22,3140300,T314
2014-03-23,3194700,T314
2014-03-24,2983900,T314
2014-03-25,2925300,T314
2014-03-26,2931500,T314
2014-03-27,2971900,T314
2014-03-28,3018600,T314
2014-03-29,3016500,T314
2014-03-30,3059700,T314
2014-03-31,2964600,T314
2014-04-01,2967300,T314
2014-04-02,2968800,T314
2014-04-03,2959200,T314
2014-04-04,3041900,T314
2014-04-05,3157700,T314
2014-04-06,3766200,T314
2014-04-07,3521500,T314
2014-04-08,4101100,T314
2014-04-09,3714100,T314
2014-04-10,3803500,T314
2014-04-11,3742600,T314
2014-04-12,3743500,T314
2014-04-13,4156000,T314
2014-04-14,3662600,T314
2014-04-15,3710200,T314
2014-04-16,3831400,T314
2014-04-17,4059500,T314
2014-04-18,3910300,T314
2014-04-19,3796500,T314
2014-04-20,3816600,T314
2014-04-21,3452500,T314
2014-04-22,3501600,T314
2014-04-23,3578600,T314
2014-04-24,3412800,T314
2014-04-25,3340900,T314
2014-04-26,3750300,T314
2014-04-27,4026200,T314
2014-04-28,3896800,T314
2014-04-29,3942000,T314
2014-04-30,4518800,T314
2014-05-01,4440100,T314
2014-05-02,4760000,T314
2014-05-03,4866200,T314
2014-05-04,4962100,T314
2014-05-05,4738400,T314
2014-05-06,4630600,T314
2014-05-07,4461900,T314
2014-05-08,4510700,T314
2014-05-09,4591900,T314
2014-05-10,4962200,T314
2014-05-11,5392200,T314
2014-05-12,4730900,T314
2014-05-13,4971100,T314
2014-05-14,4772000,T314
2014-05-15,4662500,T314
2014-05-16,4624000,T314
2014-05-17,4645900,T314
2014-05-18,4902300,T314
2014-05-19,4171300,T314
2014-05-20,3944400,T314
2014-05-21,3769900,T314
2014-05-22,3934500,T314
2014-05-23,3924300,T314
2014-05-24,3849600,T314
2014-05-25,3864300,T314
2014-05-26,3795900,T314
2014-05-27,3851700,T314
2014-05-28,3997000,T314
2014-05-29,4398300,T314
2014-05-30,4448700,T314
2014-05-31,4772900,T314
2014-06-01,4977300,T314
2014-06-02,4908600,T314
2014-06-03,4725100,T314
2014-06-04,4819200,T314
2014-06-05,4571400,T314
2014-06-06,4439700,T314
2014-06-07,4562600,T314
2014-06-08,4629900,T314
2014-06-09,4455900,T314
2014-06-10,4764000,T314
2014-06-11,5328700,T314
2014-06-12,5864200,T314
2014-06-13,7039200,T314
2014-06-14,7894800,T314
2014-06-15,7924100,T314
2014-06-16,6645400,T314
2014-06-17,5691700,T314
2014-06-18,5324600,T314
2014-06-19,5067800,T314
2014-06-20,5210000,T314
2014-06-21,5226800,T314
2014-06-22,5250200,T314
2014-06-23,5222500,T314
2014-06-24,4994000,T314
2014-06-25,5183200,T314
2014-06-26,5183600,T314
2014-06-27,5548800,T314
2014-06-28,6270400,T314
2014-06-29,5832900,T314
2014-06-30,5404500,T314
2014-07-01,5466800,T314
2014-07-02,5172600,T314
2014-07-03,5572200,T314
2014-07-04,6256100,T314
2014-07-05,6479700,T314
2014-07-06,5999800,T314
2014-07-07,5564600,T314
2014-07-08,7028900,T314
2014-07-09,6589700,T314
2014-07-10,6874300,T314
2014-07-11,7580300,T314
2014-07-12,7704800,T314
2014-07-13,7405300,T314
2014-07-14,7570100,T314
2014-07-15,7791400,T314
2014-07-16,7928700,T314
2014-07-17,7782800,T314
2014-07-18,6896500,T314
2014-07-19,6760400,T314
2014-07-20,6597600,T314
2014-07-21,7119200,T314
2014-07-22,7570700,T314
2014-07-23,7587500,T314
2014-07-24,6979900,T314
2014-07-25,7189700,T314
2014-07-26,7338900,T314
2014-07-27,6825800,T314
2014-07-28,6789500,T314
2014-07-29,6889900,T314
2014-07-30,6396600,T314
2014-07-31,5994200,T314
2014-08-01,6599200,T314
2014-08-02,6815400,T314
2014-08-03,7223600,T314
2014-08-04,6677900,T314
2014-08-05,7613400,T314
2014-08-06,7585700,T314
2014-08-07,8094500,T314
2014-08-08,8125200,T314
2014-08-09,8006400,T314
2014-08-10,7776900,T314
2014-08-11,7787700,T314
2014-08-12,8219100,T314
2014-08-13,7577600,T314
2014-08-14,7510200,T314
2014-08-15,7759700,T314
2014-08-16,7292600,T314
2014-08-17,8096800,T314
2014-08-18,7636400,T314
2014-08-19,6771400,T314
2014-08-20,6838400,T314
2012-01-01,7909,T118
2012-01-02,8136,T118
2012-01-03,8090,T118
2012-01-04,8100,T118
2012-01-05,8170,T118
2012-01-06,8051,T118
2012-01-07,7777,T118
2012-01-08,7713,T118
2012-01-09,7974,T118
2012-01-10,7965,T118
2012-01-11,7881,T118
2012-01-12,7743,T118
2012-01-13,7836,T118
2012-01-14,7568,T118
2012-01-15,7544,T118
2012-01-16,7859,T118
2012-01-17,7911,T118
2012-01-18,8076,T118
2012-01-19,8126,T118
2012-01-20,7933,T118
2012-01-21,7697,T118
2012-01-22,7648,T118
2012-01-23,7946,T118
2012-01-24,8027,T118
2012-01-25,7978,T118
2012-01-26,7972,T118
2012-01-27,8003,T118
2012-01-28,7724,T118
2012-01-29,7649,T118
2012-01-30,7904,T118
2012-01-31,7926,T118
2012-02-01,7922,T118
2012-02-02,7906,T118
2012-02-03,7960,T118
2012-02-04,7514,T118
2012-02-05,7499,T118
2012-02-06,8018,T118
2012-02-07,7951,T118
2012-02-08,7895,T118
2012-02-09,7856,T118
2012-02-10,7893,T118
2012-02-11,7644,T118
2012-02-12,7551,T118
2012-02-13,7836,T118
2012-02-14,7899,T118
2012-02-15,7941,T118
2012-02-16,7919,T118
2012-02-17,7961,T118
2012-02-18,7705,T118
2012-02-19,7670,T118
2012-02-20,7998,T118
2012-02-21,7721,T118
2012-02-22,8010,T118
2012-02-23,8173,T118
2012-02-24,8156,T118
2012-02-25,7812,T118
2012-02-26,7716,T118
2012-02-27,8151,T118
2012-02-28,8027,T118
2012-02-29,7950,T118
2012-03-01,7933,T118
2012-03-02,7964,T118
2012-03-03,7753,T118
2012-03-04,7745,T118
2012-03-05,7964,T118
2012-03-06,7933,T118
2012-03-07,8067,T118
2012-03-08,8232,T118
2012-03-09,8403,T118
2012-03-10,8180,T118
2012-03-11,7921,T118
2012-03-12,8325,T118
2012-03-13,8114,T118
2012-03-14,8240,T118
2012-03-15,8168,T118
2012-03-16,7978,T118
2012-03-17,7704,T118
2012-03-18,7610,T118
2012-03-19,7897,T118
2012-03-20,7975,T118
2012-03-21,7983,T118
2012-03-22,7905,T118
2012-03-23,8022,T118
2012-03-24,8030,T118
2012-03-25,7549,T118
2012-03-26,8103,T118
2012-03-27,8148,T118
2012-03-28,8241,T118
2012-03-29,8229,T118
2012-03-30,8152,T118
2012-03-31,7739,T118
2012-04-01,7785,T118
2012-04-02,8031,T118
2012-04-03,7978,T118
2012-04-04,7935,T118
2012-04-05,7808,T118
2012-04-06,7527,T118
2012-04-07,7546,T118
2012-04-08,7607,T118
2012-04-09,7934,T118
2012-04-10,7975,T118
2012-04-11,7844,T118
2012-04-12,7746,T118
2012-04-13,7746,T118
2012-04-14,7476,T118
2012-04-15,7387,T118
2012-04-16,7713,T118
2012-04-17,7759,T118
2012-04-18,7706,T118
2012-04-19,7732,T118
2012-04-20,7821,T118
2012-04-21,7608,T118
2012-04-22,7502,T118
2012-04-23,7763,T118
2012-04-24,7709,T118
2012-04-25,7597,T118
2012-04-26,7796,T118
2012-04-27,7824,T118
2012-04-28,7674,T118
2012-04-29,7684,T118
2012-04-30,7703,T118
2012-05-01,7434,T118
2012-05-02,7732,T118
2012-05-03,7833,T118
2012-05-04,7835,T118
2012-05-05,7567,T118
2012-05-06,7551,T118
2012-05-07,7936,T118
2012-05-08,7973,T118
2012-05-09,8029,T118
2012-05-10,8281,T118
2012-05-11,8280,T118
2012-05-12,7979,T118
2012-05-13,7853,T118
2012-05-14,8061,T118
2012-05-15,8109,T118
2012-05-16,8356,T118
2012-05-17,8115,T118
2012-05-18,7946,T118
2012-05-19,7590,T118
2012-05-20,7388,T118
2012-05-21,7841,T118
2012-05-22,7979,T118
2012-05-23,8052,T118
2012-05-24,8222,T118
2012-05-25,7972,T118
2012-05-26,7715,T118
2012-05-27,7693,T118
2012-05-28,7976,T118
2012-05-29,8124,T118
2012-05-30,8161,T118
2012-05-31,8525,T118
2012-06-01,8551,T118
2012-06-02,7793,T118
2012-06-03,7728,T118
2012-06-04,8159,T118
2012-06-05,8472,T118
2012-06-06,8421,T118
2012-06-07,7959,T118
2012-06-08,8056,T118
2012-06-09,7704,T118
2012-06-10,7759,T118
2012-06-11,8250,T118
2012-06-12,8274,T118
2012-06-13,8119,T118
2012-06-14,8104,T118
2012-06-15,8119,T118
2012-06-16,7788,T118
2012-06-17,7698,T118
2012-06-18,8007,T118
2012-06-19,8068,T118
2012-06-20,8068,T118
2012-06-21,8044,T118
2012-06-22,7880,T118
2012-06-23,7655,T118
2012-06-24,7762,T118
2012-06-25,8397,T118
2012-06-26,8675,T118
2012-06-27,8472,T118
2012-06-28,8124,T118
2012-06-29,8104,T118
2012-06-30,7799,T118
2012-07-01,7695,T118
2012-07-02,8044,T118
2012-07-03,8121,T118
2012-07-04,8149,T118
2012-07-05,8085,T118
2012-07-06,8089,T118
2012-07-07,7853,T118
2012-07-08,7808,T118
2012-07-09,8101,T118
2012-07-10,8069,T118
2012-07-11,7995,T118
2012-07-12,8009,T118
2012-07-13,8080,T118
2012-07-14,7760,T118
2012-07-15,7768,T118
2012-07-16,8345,T118
2012-07-17,8691,T118
2012-07-18,8357,T118
2012-07-19,8192,T118
2012-07-20,8122,T118
2012-07-21,7864,T118
2012-07-22,7884,T118
2012-07-23,8191,T118
2012-07-24,8197,T118
2012-07-25,8196,T118
2012-07-26,8024,T118
2012-07-27,8141,T118
2012-07-28,7919,T118
2012-07-29,7806,T118
2012-07-30,8138,T118
2012-07-31,8140,T118
2012-08-01,8167,T118
2012-08-02,8155,T118
2012-08-03,8101,T118
2012-08-04,7854,T118
2012-08-05,7826,T118
2012-08-06,8103,T118
2012-08-07,8126,T118
2012-08-08,8287,T118
2012-08-09,8472,T118
2012-08-10,8396,T118
2012-08-11,8041,T118
2012-08-12,8095,T118
2012-08-13,8430,T118
2012-08-14,8373,T118
2012-08-15,8021,T118
2012-08-16,8335,T118
2012-08-17,8373,T118
2012-08-18,8125,T118
2012-08-19,8147,T118
2012-08-20,8587,T118
2012-08-21,8415,T118
2012-08-22,8442,T118
2012-08-23,8378,T118
2012-08-24,8246,T118
2012-08-25,7997,T118
2012-08-26,7951,T118
2012-08-27,8314,T118
2012-08-28,8351,T118
2012-08-29,8347,T118
2012-08-30,8347,T118
2012-08-31,8454,T118
2012-09-01,8171,T118
2012-09-02,8205,T118
2012-09-03,8579,T118
2012-09-04,8629,T118
2012-09-05,8672,T118
2012-09-06,8751,T118
2012-09-07,8618,T118
2012-09-08,8199,T118
2012-09-09,8127,T118
2012-09-10,8380,T118
2012-09-11,8439,T118
2012-09-12,8390,T118
2012-09-13,8348,T118
2012-09-14,8459,T118
2012-09-15,8142,T118
2012-09-16,8031,T118
2012-09-17,8281,T118
2012-09-18,8414,T118
2012-09-19,8380,T118
2012-09-20,8277,T118
2012-09-21,8242,T118
2012-09-22,7925,T118
2012-09-23,7860,T118
2012-09-24,8113,T118
2012-09-25,8112,T118
2012-09-26,7945,T118
2012-09-27,8147,T118
2012-09-28,8159,T118
2012-09-29,8022,T118
2012-09-30,8080,T118
2012-10-01,8299,T118
2012-10-02,8001,T118
2012-10-03,7815,T118
2012-10-04,7733,T118
2012-10-05,7552,T118
2012-10-06,7568,T118
2012-10-07,7581,T118
2012-10-08,7882,T118
2012-10-09,7913,T118
2012-10-10,7841,T118
2012-10-11,7811,T118
2012-10-12,7659,T118
2012-10-13,7324,T118
2012-10-14,7441,T118
2012-10-15,7618,T118
2012-10-16,7740,T118
2012-10-17,7634,T118
2012-10-18,7563,T118
2012-10-19,7542,T118
2012-10-20,7276,T118
2012-10-21,7325,T118
2012-10-22,7862,T118
2012-10-23,7972,T118
2012-10-24,8142,T118
2012-10-25,7945,T118
2012-10-26,7759,T118
2012-10-27,7338,T118
2012-10-28,7526,T118
2012-10-29,7514,T118
2012-10-30,7561,T118
2012-10-31,7528,T118
2012-11-01,7383,T118
2012-11-02,7616,T118
2012-11-03,7393,T118
2012-11-04,7251,T118
2012-11-05,7416,T118
2012-11-06,7463,T118
2012-11-07,7474,T118
2012-11-08,7575,T118
2012-11-09,7528,T118
2012-11-10,7196,T118
2012-11-11,7081,T118
2012-11-12,7410,T118
2012-11-13,7511,T118
2012-11-14,7531,T118
2012-11-15,7686,T118
2012-11-16,7609,T118
2012-11-17,7345,T118
2012-11-18,7214,T118
2012-11-19,7476,T118
2012-11-20,7547,T118
2012-11-21,7549,T118
2012-11-22,7481,T118
2012-11-23,7499,T118
2012-11-24,7347,T118
2012-11-25,7229,T118
2012-11-26,7521,T118
2012-11-27,7515,T118
2012-11-28,7471,T118
2012-11-29,7466,T118
2012-11-30,7493,T118
2012-12-01,7065,T118
2012-12-02,7069,T118
2012-12-03,7538,T118
2012-12-04,7555,T118
2012-12-05,7515,T118
2012-12-06,7555,T118
2012-12-07,7580,T118
2012-12-08,7157,T118
2012-12-09,7121,T118
2012-12-10,7488,T118
2012-12-11,7506,T118
2012-12-12,7481,T118
2012-12-13,7570,T118
2012-12-14,7592,T118
2012-12-15,7270,T118
2012-12-16,7285,T118
2012-12-17,7512,T118
2012-12-18,7628,T118
2012-12-19,7536,T118
2012-12-20,7570,T118
2012-12-21,7584,T118
2012-12-22,7269,T118
2012-12-23,7226,T118
2012-12-24,7446,T118
2012-12-25,7196,T118
2012-12-26,7378,T118
2012-12-27,7509,T118
2012-12-28,7516,T118
2012-12-29,7331,T118
2012-12-30,7317,T118
2012-12-31,7554,T118
2013-01-01,7280,T118
2013-01-02,7650,T118
2013-01-03,7702,T118
2013-01-04,7639,T118
2013-01-05,7287,T118
2013-01-06,7236,T118
2013-01-07,7675,T118
2013-01-08,7696,T118
2013-01-09,7715,T118
2013-01-10,7634,T118
2013-01-11,7673,T118
2013-01-12,7333,T118
2013-01-13,7272,T118
2013-01-14,7583,T118
2013-01-15,7578,T118
2013-01-16,7738,T118
2013-01-17,7586,T118
2013-01-18,7637,T118
2013-01-19,7278,T118
2013-01-20,7175,T118
2013-01-21,7446,T118
2013-01-22,7385,T118
2013-01-23,7534,T118
2013-01-24,7559,T118
2013-01-25,7595,T118
2013-01-26,7296,T118
2013-01-27,7235,T118
2013-01-28,7471,T118
2013-01-29,7471,T118
2013-01-30,7503,T118
2013-01-31,7604,T118
2013-02-01,7497,T118
2013-02-02,6712,T118
2013-02-03,6705,T118
2013-02-04,7306,T118
2013-02-05,7404,T118
2013-02-06,7433,T118
2013-02-07,7385,T118
2013-02-08,7414,T118
2013-02-09,7146,T118
2013-02-10,7162,T118
2013-02-11,7341,T118
2013-02-12,7129,T118
2013-02-13,7472,T118
2013-02-14,7429,T118
2013-02-15,7460,T118
2013-02-16,7205,T118
2013-02-17,7240,T118
2013-02-18,7534,T118
2013-02-19,7475,T118
2013-02-20,7383,T118
2013-02-21,7416,T118
2013-02-22,7388,T118
2013-02-23,6934,T118
2013-02-24,6889,T118
2013-02-25,7299,T118
2013-02-26,7302,T118
2013-02-27,7282,T118
2013-02-28,7181,T118
2013-03-01,7186,T118
2013-03-02,6760,T118
2013-03-03,6923,T118
2013-03-04,7416,T118
2013-03-05,7430,T118
2013-03-06,7364,T118
2013-03-07,7413,T118
2013-03-08,7367,T118
2013-03-09,6993,T118
2013-03-10,6807,T118
2013-03-11,7190,T118
2013-03-12,7122,T118
2013-03-13,7002,T118
2013-03-14,7009,T118
2013-03-15,7001,T118
2013-03-16,6563,T118
2013-03-17,6592,T118
2013-03-18,6906,T118
2013-03-19,6871,T118
2013-03-20,6923,T118
2013-03-21,7100,T118
2013-03-22,7098,T118
2013-03-23,6732,T118
2013-03-24,6843,T118
2013-03-25,7101,T118
2013-03-26,7106,T118
2013-03-27,7059,T118
2013-03-28,7031,T118
2013-03-29,6853,T118
2013-03-30,6758,T118
2013-03-31,6429,T118
2013-04-01,7023,T118
2013-04-02,7046,T118
2013-04-03,7039,T118
2013-04-04,6939,T118
2013-04-05,6786,T118
2013-04-06,6459,T118
2013-04-07,6452,T118
2013-04-08,6907,T118
2013-04-09,7020,T118
2013-04-10,7024,T118
2013-04-11,7014,T118
2013-04-12,6972,T118
2013-04-13,6751,T118
2013-04-14,6803,T118
2013-04-15,7089,T118
2013-04-16,7055,T118
2013-04-17,7139,T118
2013-04-18,7118,T118
2013-04-19,7125,T118
2013-04-20,6888,T118
2013-04-21,6820,T118
2013-04-22,7175,T118
2013-04-23,7381,T118
2013-04-24,7143,T118
2013-04-25,7118,T118
2013-04-26,7125,T118
2013-04-27,6888,T118
2013-04-28,6820,T118
2013-04-29,7175,T118
2013-04-30,7381,T118
2013-05-01,6904,T118
2013-05-02,7214,T118
2013-05-03,7340,T118
2013-05-04,7161,T118
2013-05-05,7081,T118
2013-05-06,7190,T118
2013-05-07,7234,T118
2013-05-08,7256,T118
2013-05-09,7278,T118
2013-05-10,7233,T118
2013-05-11,7053,T118
2013-05-12,7217,T118
2013-05-13,7561,T118
2013-05-14,7385,T118
2013-05-15,7284,T118
2013-05-16,7190,T118
2013-05-17,7214,T118
2013-05-18,6946,T118
2013-05-19,7001,T118
2013-05-20,7243,T118
2013-05-21,7306,T118
2013-05-22,7410,T118
2013-05-23,7503,T118
2013-05-24,7462,T118
2013-05-25,7124,T118
2013-05-26,6951,T118
2013-05-27,7334,T118
2013-05-28,7247,T118
2013-05-29,7203,T118
2013-05-30,7330,T118
2013-05-31,7370,T118
2013-06-01,7340,T118
2013-06-02,7446,T118
2013-06-03,7734,T118
2013-06-04,7672,T118
2013-06-05,7395,T118
2013-06-06,7360,T118
2013-06-07,7330,T118
2013-06-08,7131,T118
2013-06-09,7146,T118
2013-06-10,7080,T118
2013-06-11,7402,T118
2013-06-12,7483,T118
2013-06-13,7487,T118
2013-06-14,7407,T118
2013-06-15,7238,T118
2013-06-16,7160,T118
2013-06-17,7316,T118
2013-06-18,7299,T118
2013-06-19,7358,T118
2013-06-20,7248,T118
2013-06-21,7338,T118
2013-06-22,7023,T118
2013-06-23,7178,T118
2013-06-24,7615,T118
2013-06-25,8048,T118
2013-06-26,8066,T118
2013-06-27,7918,T118
2013-06-28,7863,T118
2013-06-29,7712,T118
2013-06-30,8038,T118
2013-07-01,7772,T118
2013-07-02,7495,T118
2013-07-03,7728,T118
2013-07-04,8255,T118
2013-07-05,8450,T118
2013-07-06,7983,T118
2013-07-07,8028,T118
2013-07-08,8236,T118
2013-07-09,8086,T118
2013-07-10,7835,T118
2013-07-11,7740,T118
2013-07-12,7618,T118
2013-07-13,7491,T118
2013-07-14,7453,T118
2013-07-15,7576,T118
2013-07-16,7543,T118
2013-07-17,7616,T118
2013-07-18,7554,T118
2013-07-19,7573,T118
2013-07-20,7405,T118
2013-07-21,7425,T118
2013-07-22,7596,T118
2013-07-23,7617,T118
2013-07-24,7631,T118
2013-07-25,7655,T118
2013-07-26,7501,T118
2013-07-27,7294,T118
2013-07-28,7302,T118
2013-07-29,7605,T118
2013-07-30,7645,T118
2013-07-31,7630,T118
2013-08-01,7617,T118
2013-08-02,7665,T118
2013-08-03,7341,T118
2013-08-04,7307,T118
2013-08-05,7593,T118
2013-08-06,7520,T118
2013-08-07,7427,T118
2013-08-08,7468,T118
2013-08-09,7685,T118
2013-08-10,7663,T118
2013-08-11,7617,T118
2013-08-12,7576,T118
2013-08-13,7778,T118
2013-08-14,7851,T118
2013-08-15,7384,T118
2013-08-16,7468,T118
2013-08-17,7400,T118
2013-08-18,7419,T118
2013-08-19,7662,T118
2013-08-20,7741,T118
2013-08-21,7498,T118
2013-08-22,7567,T118
2013-08-23,7577,T118
2013-08-24,7362,T118
2013-08-25,7359,T118
2013-08-26,7631,T118
2013-08-27,7817,T118
2013-08-28,7852,T118
2013-08-29,7853,T118
2013-08-30,7885,T118
2013-08-31,7566,T118
2013-09-01,7505,T118
2013-09-02,7873,T118
2013-09-03,7820,T118
2013-09-04,7768,T118
2013-09-05,7712,T118
2013-09-06,7661,T118
2013-09-07,7414,T118
2013-09-08,7196,T118
2013-09-09,7447,T118
2013-09-10,7702,T118
2013-09-11,7700,T118
2013-09-12,7816,T118
2013-09-13,7831,T118
2013-09-14,7430,T118
2013-09-15,7353,T118
2013-09-16,7525,T118
2013-09-17,7613,T118
2013-09-18,7712,T118
2013-09-19,7717,T118
2013-09-20,7837,T118
2013-09-21,7540,T118
2013-09-22,7461,T118
2013-09-23,7956,T118
2013-09-24,7672,T118
2013-09-25,7568,T118
2013-09-26,7600,T118
2013-09-27,7687,T118
2013-09-28,7239,T118
2013-09-29,7185,T118
2013-09-30,7713,T118
2013-10-01,7620,T118
2013-10-02,7612,T118
2013-10-03,7593,T118
2013-10-04,7523,T118
2013-10-05,7063,T118
2013-10-06,7115,T118
2013-10-07,7537,T118
2013-10-08,7542,T118
2013-10-09,7692,T118
2013-10-10,7515,T118
2013-10-11,7284,T118
2013-10-12,7013,T118
2013-10-13,7033,T118
2013-10-14,7546,T118
2013-10-15,7581,T118
2013-10-16,7705,T118
2013-10-17,7614,T118
2013-10-18,7533,T118
2013-10-19,7196,T118
2013-10-20,7169,T118
2013-10-21,7494,T118
2013-10-22,7534,T118
2013-10-23,7493,T118
2013-10-24,7493,T118
2013-10-25,7419,T118
2013-10-26,7003,T118
2013-10-27,7336,T118
2013-10-28,7270,T118
2013-10-29,7172,T118
2013-10-30,7119,T118
2013-10-31,7164,T118
2013-11-01,7309,T118
2013-11-02,7106,T118
2013-11-03,6884,T118
2013-11-04,7347,T118
2013-11-05,7459,T118
2013-11-06,7424,T118
2013-11-07,7296,T118
2013-11-08,7165,T118
2013-11-09,6713,T118
2013-11-10,6824,T118
2013-11-11,7109,T118
2013-11-12,7105,T118
2013-11-13,7269,T118
2013-11-14,7105,T118
2013-11-15,6916,T118
2013-11-16,6517,T118
2013-11-17,6530,T118
2013-11-18,6862,T118
2013-11-19,7055,T118
2013-11-20,6823,T118
2013-11-21,6805,T118
2013-11-22,6864,T118
2013-11-23,6516,T118
2013-11-24,6433,T118
2013-11-25,6842,T118
2013-11-26,6865,T118
2013-11-27,6916,T118
2013-11-28,6840,T118
2013-11-29,6919,T118
2013-11-30,6512,T118
2013-12-01,6434,T118
2013-12-02,6892,T118
2013-12-03,7018,T118
2013-12-04,7114,T118
2013-12-05,7122,T118
2013-12-06,6849,T118
2013-12-07,6571,T118
2013-12-08,6358,T118
2013-12-09,6880,T118
2013-12-10,6946,T118
2013-12-11,7194,T118
2013-12-12,7351,T118
2013-12-13,7186,T118
2013-12-14,6648,T118
2013-12-15,6599,T118
2013-12-16,6944,T118
2013-12-17,6915,T118
2013-12-18,6873,T118
2013-12-19,6810,T118
2013-12-20,6810,T118
2013-12-21,6536,T118
2013-12-22,6568,T118
2013-12-23,6920,T118
2013-12-24,6966,T118
2013-12-25,6741,T118
2013-12-26,6997,T118
2013-12-27,7047,T118
2013-12-28,6463,T118
2013-12-29,6335,T118
2013-12-30,6722,T118
2013-12-31,6822,T118
2014-01-01,6772,T118
2014-01-02,7121,T118
2014-01-03,7050,T118
2014-01-04,6524,T118
2014-01-05,6568,T118
2014-01-06,6979,T118
2014-01-07,7019,T118
2014-01-08,7033,T118
2014-01-09,7010,T118
2014-01-10,6933,T118
2014-01-11,6481,T118
2014-01-12,6527,T118
2014-01-13,6832,T118
2014-01-14,6995,T118
2014-01-15,6934,T118
2014-01-16,6823,T118
2014-01-17,6749,T118
2014-01-18,6403,T118
2014-01-19,6341,T118
2014-01-20,6765,T118
2014-01-21,6859,T118
2014-01-22,6973,T118
2014-01-23,6789,T118
2014-01-24,6734,T118
2014-01-25,6647,T118
2014-01-26,6619,T118
2014-01-27,6793,T118
2014-01-28,6719,T118
2014-01-29,6748,T118
2014-01-30,6734,T118
2014-01-31,6875,T118
2014-02-01,6525,T118
2014-02-02,6289,T118
2014-02-03,6715,T118
2014-02-04,6786,T118
2014-02-05,7063,T118
2014-02-06,7014,T118
2014-02-07,6832,T118
2014-02-08,6495,T118
2014-02-09,6333,T118
2014-02-10,6634,T118
2014-02-11,6747,T118
2014-02-12,6797,T118
2014-02-13,6966,T118
2014-02-14,7042,T118
2014-02-15,6916,T118
2014-02-16,6851,T118
2014-02-17,6994,T118
2014-02-18,6824,T118
2014-02-19,6888,T118
2014-02-20,6876,T118
2014-02-21,6678,T118
2014-02-22,6431,T118
2014-02-23,6411,T118
2014-02-24,6642,T118
2014-02-25,6805,T118
2014-02-26,6702,T118
2014-02-27,6785,T118
2014-02-28,6839,T118
2014-03-01,6567,T118
2014-03-02,6553,T118
2014-03-03,6661,T118
2014-03-04,6755,T118
2014-03-05,6895,T118
2014-03-06,6828,T118
2014-03-07,6995,T118
2014-03-08,6801,T118
2014-03-09,6877,T118
2014-03-10,7320,T118
2014-03-11,7218,T118
2014-03-12,7215,T118
2014-03-13,6909,T118
2014-03-14,6941,T118
2014-03-15,6660,T118
2014-03-16,6781,T118
2014-03-17,6988,T118
2014-03-18,6999,T118
2014-03-19,7198,T118
2014-03-20,7041,T118
2014-03-21,7021,T118
2014-03-22,6514,T118
2014-03-23,6423,T118
2014-03-24,6967,T118
2014-03-25,6987,T118
2014-03-26,6843,T118
2014-03-27,7087,T118
2014-03-28,7104,T118
2014-03-29,6664,T118
2014-03-30,6310,T118
2014-03-31,7126,T118
2014-04-01,7098,T118
2014-04-02,7098,T118
2014-04-03,7100,T118
2014-04-04,7063,T118
2014-04-05,6900,T118
2014-04-06,6870,T118
2014-04-07,7362,T118
2014-04-08,7594,T118
2014-04-09,7791,T118
2014-04-10,7690,T118
2014-04-11,7640,T118
2014-04-12,7234,T118
2014-04-13,7230,T118
2014-04-14,7687,T118
2014-04-15,7844,T118
2014-04-16,7776,T118
2014-04-17,7513,T118
2014-04-18,7207,T118
2014-04-19,7029,T118
2014-04-20,7135,T118
2014-04-21,7400,T118
2014-04-22,7442,T118
2014-04-23,7428,T118
2014-04-24,7221,T118
2014-04-25,6880,T118
2014-04-26,6999,T118
2014-04-27,6840,T118
2014-04-28,7241,T118
2014-04-29,7457,T118
2014-04-30,7535,T118
2014-05-01,7133,T118
2014-05-02,7557,T118
2014-05-03,7396,T118
2014-05-04,7382,T118
2014-05-05,7647,T118
2014-05-06,7535,T118
2014-05-07,7620,T118
2014-05-08,7594,T118
2014-05-09,7641,T118
2014-05-10,7286,T118
2014-05-11,7208,T118
2014-05-12,7462,T118
2014-05-13,7631,T118
2014-05-14,7708,T118
2014-05-15,7936,T118
2014-05-16,7882,T118
2014-05-17,7565,T118
2014-05-18,7343,T118
2014-05-19,7410,T118
2014-05-20,7167,T118
2014-05-21,7066,T118
2014-05-22,7463,T118
2014-05-23,7348,T118
2014-05-24,6971,T118
2014-05-25,7008,T118
2014-05-26,7326,T118
2014-05-27,7445,T118
2014-05-28,7629,T118
2014-05-29,7578,T118
2014-05-30,7686,T118
2014-05-31,7333,T118
2014-06-01,7488,T118
2014-06-02,7701,T118
2014-06-03,7612,T118
2014-06-04,7618,T118
2014-06-05,7559,T118
2014-06-06,7678,T118
2014-06-07,7406,T118
2014-06-08,7436,T118
2014-06-09,7738,T118
2014-06-10,7453,T118
2014-06-11,7878,T118
2014-06-12,8265,T118
2014-06-13,8291,T118
2014-06-14,7968,T118
2014-06-15,8080,T118
2014-06-16,8358,T118
2014-06-17,8386,T118
2014-06-18,8306,T118
2014-06-19,7960,T118
2014-06-20,7906,T118
2014-06-21,7703,T118
2014-06-22,7699,T118
2014-06-23,8105,T118
2014-06-24,7866,T118
2014-06-25,8025,T118
2014-06-26,8108,T118
2014-06-27,8053,T118
2014-06-28,7691,T118
2014-06-29,7670,T118
2014-06-30,8064,T118
2014-07-01,8115,T118
2014-07-02,8004,T118
2014-07-03,8183,T118
2014-07-04,8151,T118
2014-07-05,7767,T118
2014-07-06,7693,T118
2014-07-07,8049,T118
2014-07-08,8272,T118
2014-07-09,8360,T118
2014-07-10,8520,T118
2014-07-11,8487,T118
2014-07-12,8046,T118
2014-07-13,7913,T118
2014-07-14,8315,T118
2014-07-15,8139,T118
2014-07-16,8098,T118
2014-07-17,8129,T118
2014-07-18,8024,T118
2014-07-19,7722,T118
2014-07-20,7818,T118
2014-07-21,8170,T118
2014-07-22,8161,T118
2014-07-23,8058,T118
2014-07-24,8060,T118
2014-07-25,8215,T118
2014-07-26,7798,T118
2014-07-27,7728,T118
2014-07-28,8089,T118
2014-07-29,8300,T118
2014-07-30,8303,T118
2014-07-31,7983,T118
2014-08-01,7822,T118
2014-08-02,7594,T118
2014-08-03,7632,T118
2014-08-04,7814,T118
2014-08-05,8107,T118
2014-08-06,7739,T118
2014-08-07,7857,T118
2014-08-08,7850,T118
2014-08-09,7627,T118
2014-08-10,7577,T118
2014-08-11,7594,T118
2014-08-12,7438,T118
2014-08-13,7352,T118
2014-08-14,7398,T118
2014-08-15,7317,T118
2014-08-16,7430,T118
2014-08-17,7752,T118
2014-08-18,7622,T118
2014-08-19,7452,T118
2014-08-20,7436,T118
2012-01-01,3290,T108
2012-01-02,568,T108
2012-01-03,99,T108
2012-01-04,402,T108
2012-01-05,0,T108
2012-01-06,0,T108
2012-01-07,3244,T108
2012-01-08,4426,T108
2012-01-09,682,T108
2012-01-10,0,T108
2012-01-11,0,T108
2012-01-12,0,T108
2012-01-13,969,T108
2012-01-14,3212,T108
2012-01-15,3702,T108
2012-01-16,608,T108
2012-01-17,0,T108
2012-01-18,0,T108
2012-01-19,0,T108
2012-01-20,0,T108
2012-01-21,4480,T108
2012-01-22,3788,T108
2012-01-23,718,T108
2012-01-24,0,T108
2012-01-25,0,T108
2012-01-26,0,T108
2012-01-27,0,T108
2012-01-28,3329,T108
2012-01-29,3358,T108
2012-01-30,652,T108
2012-01-31,0,T108
2012-02-01,0,T108
2012-02-02,0,T108
2012-02-03,0,T108
2012-02-04,3372,T108
2012-02-05,3194,T108
2012-02-06,819,T108
2012-02-07,0,T108
2012-02-08,0,T108
2012-02-09,0,T108
2012-02-10,0,T108
2012-02-11,3254,T108
2012-02-12,3580,T108
2012-02-13,501,T108
2012-02-14,0,T108
2012-02-15,0,T108
2012-02-16,0,T108
2012-02-17,0,T108
2012-02-18,3303,T108
2012-02-19,2977,T108
2012-02-20,634,T108
2012-02-21,0,T108
2012-02-22,0,T108
2012-02-23,0,T108
2012-02-24,453,T108
2012-02-25,3611,T108
2012-02-26,3483,T108
2012-02-27,554,T108
2012-02-28,0,T108
2012-02-29,0,T108
2012-03-01,0,T108
2012-03-02,0,T108
2012-03-03,3784,T108
2012-03-04,4615,T108
2012-03-05,1411,T108
2012-03-06,0,T108
2012-03-07,0,T108
2012-03-08,0,T108
2012-03-09,0,T108
2012-03-10,3543,T108
2012-03-11,3948,T108
2012-03-12,587,T108
2012-03-13,296,T108
2012-03-14,0,T108
2012-03-15,3380,T108
2012-03-16,2662,T108
2012-03-17,3143,T108
2012-03-18,3136,T108
2012-03-19,718,T108
2012-03-20,0,T108
2012-03-21,0,T108
2012-03-22,0,T108
2012-03-23,0,T108
2012-03-24,4082,T108
2012-03-25,3842,T108
2012-03-26,693,T108
2012-03-27,0,T108
2012-03-28,515,T108
2012-03-29,184,T108
2012-03-30,132,T108
2012-03-31,2955,T108
2012-04-01,2690,T108
2012-04-02,462,T108
2012-04-03,0,T108
2012-04-04,0,T108
2012-04-05,0,T108
2012-04-06,4483,T108
2012-04-07,3108,T108
2012-04-08,3747,T108
2012-04-09,761,T108
2012-04-10,0,T108
2012-04-11,0,T108
2012-04-12,0,T108
2012-04-13,0,T108
2012-04-14,3974,T108
2012-04-15,3573,T108
2012-04-16,556,T108
2012-04-17,0,T108
2012-04-18,0,T108
2012-04-19,0,T108
2012-04-20,0,T108
2012-04-21,3156,T108
2012-04-22,3342,T108
2012-04-23,1150,T108
2012-04-24,0,T108
2012-04-25,3627,T108
2012-04-26,1363,T108
2012-04-27,0,T108
2012-04-28,2810,T108
2012-04-29,3192,T108
2012-04-30,720,T108
2012-05-01,3426,T108
2012-05-02,986,T108
2012-05-03,0,T108
2012-05-04,0,T108
2012-05-05,3208,T108
2012-05-06,3490,T108
2012-05-07,1092,T108
2012-05-08,0,T108
2012-05-09,0,T108
2012-05-10,0,T108
2012-05-11,0,T108
2012-05-12,3298,T108
2012-05-13,3105,T108
2012-05-14,843,T108
2012-05-15,0,T108
2012-05-16,0,T108
2012-05-17,0,T108
2012-05-18,0,T108
2012-05-19,3272,T108
2012-05-20,3419,T108
2012-05-21,887,T108
2012-05-22,0,T108
2012-05-23,0,T108
2012-05-24,0,T108
2012-05-25,0,T108
2012-05-26,3506,T108
2012-05-27,2986,T108
2012-05-28,1054,T108
2012-05-29,0,T108
2012-05-30,0,T108
2012-05-31,0,T108
2012-06-01,0,T108
2012-06-02,2321,T108
2012-06-03,2766,T108
2012-06-04,955,T108
2012-06-05,0,T108
2012-06-06,0,T108
2012-06-07,3579,T108
2012-06-08,800,T108
2012-06-09,2418,T108
2012-06-10,2219,T108
2012-06-11,1080,T108
2012-06-12,0,T108
2012-06-13,0,T108
2012-06-14,0,T108
2012-06-15,0,T108
2012-06-16,2317,T108
2012-06-17,2273,T108
2012-06-18,987,T108
2012-06-19,388,T108
2012-06-20,1069,T108
2012-06-21,0,T108
2012-06-22,185,T108
2012-06-23,3345,T108
2012-06-24,3515,T108
2012-06-25,1361,T108
2012-06-26,1650,T108
2012-06-27,0,T108
2012-06-28,0,T108
2012-06-29,0,T108
2012-06-30,2878,T108
2012-07-01,3270,T108
2012-07-02,851,T108
2012-07-03,901,T108
2012-07-04,887,T108
2012-07-05,994,T108
2012-07-06,0,T108
2012-07-07,3436,T108
2012-07-08,3193,T108
2012-07-09,967,T108
2012-07-10,0,T108
2012-07-11,0,T108
2012-07-12,0,T108
2012-07-13,0,T108
2012-07-14,4929,T108
2012-07-15,4773,T108
2012-07-16,1152,T108
2012-07-17,0,T108
2012-07-18,0,T108
2012-07-19,0,T108
2012-07-20,0,T108
2012-07-21,3588,T108
2012-07-22,3202,T108
2012-07-23,994,T108
2012-07-24,0,T108
2012-07-25,0,T108
2012-07-26,0,T108
2012-07-27,0,T108
2012-07-28,2671,T108
2012-07-29,3237,T108
2012-07-30,989,T108
2012-07-31,80,T108
2012-08-01,0,T108
2012-08-02,0,T108
2012-08-03,0,T108
2012-08-04,2990,T108
2012-08-05,3320,T108
2012-08-06,1113,T108
2012-08-07,0,T108
2012-08-08,0,T108
2012-08-09,0,T108
2012-08-10,0,T108
2012-08-11,3132,T108
2012-08-12,2936,T108
2012-08-13,1438,T108
2012-08-14,0,T108
2012-08-15,2256,T108
2012-08-16,852,T108
2012-08-17,205,T108
2012-08-18,2002,T108
2012-08-19,1966,T108
2012-08-20,2573,T108
2012-08-21,3059,T108
2012-08-22,2965,T108
2012-08-23,1839,T108
2012-08-24,2244,T108
2012-08-25,3744,T108
2012-08-26,3546,T108
2012-08-27,997,T108
2012-08-28,1174,T108
2012-08-29,1107,T108
2012-08-30,1155,T108
2012-08-31,961,T108
2012-09-01,2664,T108
2012-09-02,2637,T108
2012-09-03,872,T108
2012-09-04,761,T108
2012-09-05,813,T108
2012-09-06,576,T108
2012-09-07,802,T108
2012-09-08,2234,T108
2012-09-09,2556,T108
2012-09-10,912,T108
2012-09-11,992,T108
2012-09-12,1024,T108
2012-09-13,1051,T108
2012-09-14,1166,T108
2012-09-15,2333,T108
2012-09-16,2681,T108
2012-09-17,993,T108
2012-09-18,271,T108
2012-09-19,145,T108
2012-09-20,813,T108
2012-09-21,423,T108
2012-09-22,2984,T108
2012-09-23,2995,T108
2012-09-24,985,T108
2012-09-25,80,T108
2012-09-26,0,T108
2012-09-27,86,T108
2012-09-28,0,T108
2012-09-29,2788,T108
2012-09-30,3512,T108
2012-10-01,828,T108
2012-10-02,1060,T108
2012-10-03,1042,T108
2012-10-04,1333,T108
2012-10-05,2123,T108
2012-10-06,1710,T108
2012-10-07,2116,T108
2012-10-08,727,T108
2012-10-09,1320,T108
2012-10-10,1050,T108
2012-10-11,1162,T108
2012-10-12,1350,T108
2012-10-13,2132,T108
2012-10-14,2479,T108
2012-10-15,881,T108
2012-10-16,961,T108
2012-10-17,0,T108
2012-10-18,0,T108
2012-10-19,1161,T108
2012-10-20,2477,T108
2012-10-21,2102,T108
2012-10-22,1048,T108
2012-10-23,1212,T108
2012-10-24,1205,T108
2012-10-25,1194,T108
2012-10-26,1075,T108
2012-10-27,2458,T108
2012-10-28,3525,T108
2012-10-29,938,T108
2012-10-30,0,T108
2012-10-31,986,T108
2012-11-01,1737,T108
2012-11-02,454,T108
2012-11-03,2513,T108
2012-11-04,2400,T108
2012-11-05,918,T108
2012-11-06,1287,T108
2012-11-07,1140,T108
2012-11-08,1159,T108
2012-11-09,959,T108
2012-11-10,2300,T108
2012-11-11,2388,T108
2012-11-12,785,T108
2012-11-13,914,T108
2012-11-14,1129,T108
2012-11-15,1105,T108
2012-11-16,1125,T108
2012-11-17,1696,T108
2012-11-18,1223,T108
2012-11-19,270,T108
2012-11-20,0,T108
2012-11-21,1146,T108
2012-11-22,1102,T108
2012-11-23,1106,T108
2012-11-24,2454,T108
2012-11-25,2474,T108
2012-11-26,915,T108
2012-11-27,1072,T108
2012-11-28,990,T108
2012-11-29,807,T108
2012-11-30,1067,T108
2012-12-01,1491,T108
2012-12-02,1283,T108
2012-12-03,699,T108
2012-12-04,683,T108
2012-12-05,890,T108
2012-12-06,856,T108
2012-12-07,1022,T108
2012-12-08,1848,T108
2012-12-09,1169,T108
2012-12-10,931,T108
2012-12-11,920,T108
2012-12-12,903,T108
2012-12-13,854,T108
2012-12-14,1223,T108
2012-12-15,1501,T108
2012-12-16,1099,T108
2012-12-17,688,T108
2012-12-18,924,T108
2012-12-19,941,T108
2012-12-20,782,T108
2012-12-21,872,T108
2012-12-22,2047,T108
2012-12-23,2395,T108
2012-12-24,1106,T108
2012-12-25,2382,T108
2012-12-26,751,T108
2012-12-27,963,T108
2012-12-28,964,T108
2012-12-29,2514,T108
2012-12-30,2347,T108
2012-12-31,1248,T108
2013-01-01,3192,T108
2013-01-02,965,T108
2013-01-03,926,T108
2013-01-04,829,T108
2013-01-05,3190,T108
2013-01-06,3851,T108
2013-01-07,1014,T108
2013-01-08,799,T108
2013-01-09,789,T108
2013-01-10,747,T108
2013-01-11,751,T108
2013-01-12,2461,T108
2013-01-13,2396,T108
2013-01-14,691,T108
2013-01-15,740,T108
2013-01-16,808,T108
2013-01-17,1366,T108
2013-01-18,819,T108
2013-01-19,2578,T108
2013-01-20,2569,T108
2013-01-21,884,T108
2013-01-22,1123,T108
2013-01-23,1173,T108
2013-01-24,899,T108
2013-01-25,763,T108
2013-01-26,2813,T108
2013-01-27,2403,T108
2013-01-28,538,T108
2013-01-29,976,T108
2013-01-30,925,T108
2013-01-31,890,T108
2013-02-01,1124,T108
2013-02-02,2477,T108
2013-02-03,2290,T108
2013-02-04,671,T108
2013-02-05,864,T108
2013-02-06,901,T108
2013-02-07,967,T108
2013-02-08,968,T108
2013-02-09,2469,T108
2013-02-10,2445,T108
2013-02-11,2557,T108
2013-02-12,2239,T108
2013-02-13,454,T108
2013-02-14,878,T108
2013-02-15,916,T108
2013-02-16,2424,T108
2013-02-17,2325,T108
2013-02-18,743,T108
2013-02-19,1025,T108
2013-02-20,1126,T108
2013-02-21,1508,T108
2013-02-22,1020,T108
2013-02-23,2520,T108
2013-02-24,2361,T108
2013-02-25,797,T108
2013-02-26,1119,T108
2013-02-27,832,T108
2013-02-28,1011,T108
2013-03-01,862,T108
2013-03-02,2507,T108
2013-03-03,2298,T108
2013-03-04,657,T108
2013-03-05,985,T108
2013-03-06,1007,T108
2013-03-07,955,T108
2013-03-08,968,T108
2013-03-09,2567,T108
2013-03-10,2424,T108
2013-03-11,921,T108
2013-03-12,837,T108
2013-03-13,1760,T108
2013-03-14,3249,T108
2013-03-15,2888,T108
2013-03-16,2256,T108
2013-03-17,2256,T108
2013-03-18,2592,T108
2013-03-19,795,T108
2013-03-20,835,T108
2013-03-21,879,T108
2013-03-22,904,T108
2013-03-23,2591,T108
2013-03-24,2326,T108
2013-03-25,772,T108
2013-03-26,918,T108
2013-03-27,977,T108
2013-03-28,1108,T108
2013-03-29,2724,T108
2013-03-30,2664,T108
2013-03-31,2190,T108
2013-04-01,746,T108
2013-04-02,1213,T108
2013-04-03,1158,T108
2013-04-04,1132,T108
2013-04-05,1152,T108
2013-04-06,2738,T108
2013-04-07,2590,T108
2013-04-08,881,T108
2013-04-09,905,T108
2013-04-10,660,T108
2013-04-11,823,T108
2013-04-12,808,T108
2013-04-13,2321,T108
2013-04-14,2291,T108
2013-04-15,818,T108
2013-04-16,976,T108
2013-04-17,952,T108
2013-04-18,1002,T108
2013-04-19,1135,T108
2013-04-20,2171,T108
2013-04-21,2388,T108
2013-04-22,905,T108
2013-04-23,896,T108
2013-04-24,932,T108
2013-04-25,3301,T108
2013-04-26,947,T108
2013-04-27,2401,T108
2013-04-28,2340,T108
2013-04-29,746,T108
2013-04-30,841,T108
2013-05-01,2485,T108
2013-05-02,676,T108
2013-05-03,895,T108
2013-05-04,3147,T108
2013-05-05,3594,T108
2013-05-06,900,T108
2013-05-07,692,T108
2013-05-08,796,T108
2013-05-09,919,T108
2013-05-10,1168,T108
2013-05-11,2247,T108
2013-05-12,2277,T108
2013-05-13,657,T108
2013-05-14,1043,T108
2013-05-15,926,T108
2013-05-16,1056,T108
2013-05-17,940,T108
2013-05-18,2478,T108
2013-05-19,2354,T108
2013-05-20,915,T108
2013-05-21,1130,T108
2013-05-22,1168,T108
2013-05-23,1007,T108
2013-05-24,1106,T108
2013-05-25,2598,T108
2013-05-26,2207,T108
2013-05-27,704,T108
2013-05-28,1100,T108
2013-05-29,1133,T108
2013-05-30,932,T108
2013-05-31,1338,T108
2013-06-01,2569,T108
2013-06-02,2027,T108
2013-06-03,923,T108
2013-06-04,906,T108
2013-06-05,888,T108
2013-06-06,849,T108
2013-06-07,886,T108
2013-06-08,2597,T108
2013-06-09,2256,T108
2013-06-10,2270,T108
2013-06-11,946,T108
2013-06-12,869,T108
2013-06-13,1204,T108
2013-06-14,781,T108
2013-06-15,2423,T108
2013-06-16,2305,T108
2013-06-17,954,T108
2013-06-18,787,T108
2013-06-19,775,T108
2013-06-20,993,T108
2013-06-21,776,T108
2013-06-22,1562,T108
2013-06-23,1741,T108
2013-06-24,599,T108
2013-06-25,1143,T108
2013-06-26,836,T108
2013-06-27,1030,T108
2013-06-28,863,T108
2013-06-29,3015,T108
2013-06-30,2375,T108
2013-07-01,1011,T108
2013-07-02,1399,T108
2013-07-03,979,T108
2013-07-04,1090,T108
2013-07-05,1101,T108
2013-07-06,2819,T108
2013-07-07,3074,T108
2013-07-08,872,T108
2013-07-09,1094,T108
2013-07-10,1021,T108
2013-07-11,1030,T108
2013-07-12,937,T108
2013-07-13,2637,T108
2013-07-14,1800,T108
2013-07-15,536,T108
2013-07-16,856,T108
2013-07-17,804,T108
2013-07-18,1033,T108
2013-07-19,1020,T108
2013-07-20,3454,T108
2013-07-21,3107,T108
2013-07-22,779,T108
2013-07-23,888,T108
2013-07-24,967,T108
2013-07-25,956,T108
2013-07-26,1044,T108
2013-07-27,2708,T108
2013-07-28,2263,T108
2013-07-29,846,T108
2013-07-30,1202,T108
2013-07-31,1064,T108
2013-08-01,1187,T108
2013-08-02,812,T108
2013-08-03,3925,T108
2013-08-04,3103,T108
2013-08-05,1020,T108
2013-08-06,967,T108
2013-08-07,1042,T108
2013-08-08,1249,T108
2013-08-09,1370,T108
2013-08-10,2591,T108
2013-08-11,2409,T108
2013-08-12,1015,T108
2013-08-13,1335,T108
2013-08-14,907,T108
2013-08-15,2537,T108
2013-08-16,1236,T108
2013-08-17,1677,T108
2013-08-18,2396,T108
2013-08-19,2548,T108
2013-08-20,2262,T108
2013-08-21,1588,T108
2013-08-22,2698,T108
2013-08-23,3763,T108
2013-08-24,2484,T108
2013-08-25,2416,T108
2013-08-26,726,T108
2013-08-27,863,T108
2013-08-28,900,T108
2013-08-29,949,T108
2013-08-30,1002,T108
2013-08-31,1918,T108
2013-09-01,2364,T108
2013-09-02,1169,T108
2013-09-03,888,T108
2013-09-04,830,T108
2013-09-05,834,T108
2013-09-06,849,T108
2013-09-07,2689,T108
2013-09-08,2438,T108
2013-09-09,581,T108
2013-09-10,796,T108
2013-09-11,769,T108
2013-09-12,970,T108
2013-09-13,782,T108
2013-09-14,2029,T108
2013-09-15,3110,T108
2013-09-16,968,T108
2013-09-17,789,T108
2013-09-18,829,T108
2013-09-19,815,T108
2013-09-20,835,T108
2013-09-21,2553,T108
2013-09-22,2382,T108
2013-09-23,739,T108
2013-09-24,848,T108
2013-09-25,796,T108
2013-09-26,801,T108
2013-09-27,1847,T108
2013-09-28,2341,T108
2013-09-29,2522,T108
2013-09-30,904,T108
2013-10-01,826,T108
2013-10-02,926,T108
2013-10-03,946,T108
2013-10-04,940,T108
2013-10-05,2611,T108
2013-10-06,2445,T108
2013-10-07,984,T108
2013-10-08,927,T108
2013-10-09,803,T108
2013-10-10,823,T108
2013-10-11,876,T108
2013-10-12,2785,T108
2013-10-13,2586,T108
2013-10-14,828,T108
2013-10-15,969,T108
2013-10-16,891,T108
2013-10-17,889,T108
2013-10-18,914,T108
2013-10-19,2661,T108
2013-10-20,2532,T108
2013-10-21,725,T108
2013-10-22,926,T108
2013-10-23,1870,T108
2013-10-24,906,T108
2013-10-25,992,T108
2013-10-26,2902,T108
2013-10-27,4034,T108
2013-10-28,1169,T108
2013-10-29,952,T108
2013-10-30,939,T108
2013-10-31,850,T108
2013-11-01,978,T108
2013-11-02,2594,T108
2013-11-03,2477,T108
2013-11-04,1164,T108
2013-11-05,977,T108
2013-11-06,971,T108
2013-11-07,1100,T108
2013-11-08,1034,T108
2013-11-09,2565,T108
2013-11-10,2422,T108
2013-11-11,826,T108
2013-11-12,1450,T108
2013-11-13,1012,T108
2013-11-14,901,T108
2013-11-15,864,T108
2013-11-16,2389,T108
2013-11-17,2088,T108
2013-11-18,890,T108
2013-11-19,831,T108
2013-11-20,865,T108
2013-11-21,914,T108
2013-11-22,907,T108
2013-11-23,2874,T108
2013-11-24,2573,T108
2013-11-25,867,T108
2013-11-26,977,T108
2013-11-27,970,T108
2013-11-28,988,T108
2013-11-29,970,T108
2013-11-30,2582,T108
2013-12-01,2776,T108
2013-12-02,1371,T108
2013-12-03,877,T108
2013-12-04,957,T108
2013-12-05,907,T108
2013-12-06,1014,T108
2013-12-07,3048,T108
2013-12-08,2752,T108
2013-12-09,987,T108
2013-12-10,988,T108
2013-12-11,1000,T108
2013-12-12,968,T108
2013-12-13,946,T108
2013-12-14,1851,T108
2013-12-15,1997,T108
2013-12-16,718,T108
2013-12-17,877,T108
2013-12-18,887,T108
2013-12-19,1035,T108
2013-12-20,956,T108
2013-12-21,2532,T108
2013-12-22,2289,T108
2013-12-23,732,T108
2013-12-24,1468,T108
2013-12-25,3798,T108
2013-12-26,1059,T108
2013-12-27,1287,T108
2013-12-28,3715,T108
2013-12-29,3215,T108
2013-12-30,1017,T108
2013-12-31,1442,T108
2014-01-01,2613,T108
2014-01-02,780,T108
2014-01-03,881,T108
2014-01-04,3364,T108
2014-01-05,4892,T108
2014-01-06,1023,T108
2014-01-07,995,T108
2014-01-08,1176,T108
2014-01-09,1011,T108
2014-01-10,1021,T108
2014-01-11,3308,T108
2014-01-12,3142,T108
2014-01-13,983,T108
2014-01-14,1031,T108
2014-01-15,1019,T108
2014-01-16,1232,T108
2014-01-17,1054,T108
2014-01-18,3108,T108
2014-01-19,3086,T108
2014-01-20,996,T108
2014-01-21,1007,T108
2014-01-22,1025,T108
2014-01-23,994,T108
2014-01-24,962,T108
2014-01-25,4035,T108
2014-01-26,4261,T108
2014-01-27,1220,T108
2014-01-28,1052,T108
2014-01-29,1014,T108
2014-01-30,1025,T108
2014-01-31,1013,T108
2014-02-01,3416,T108
2014-02-02,3202,T108
2014-02-03,997,T108
2014-02-04,1391,T108
2014-02-05,1063,T108
2014-02-06,1090,T108
2014-02-07,1348,T108
2014-02-08,3766,T108
2014-02-09,3545,T108
2014-02-10,1417,T108
2014-02-11,1207,T108
2014-02-12,1292,T108
2014-02-13,1188,T108
2014-02-14,2799,T108
2014-02-15,2581,T108
2014-02-16,2505,T108
2014-02-17,657,T108
2014-02-18,1024,T108
2014-02-19,1063,T108
2014-02-20,1063,T108
2014-02-21,1045,T108
2014-02-22,2780,T108
2014-02-23,3825,T108
2014-02-24,1095,T108
2014-02-25,908,T108
2014-02-26,1052,T108
2014-02-27,1168,T108
2014-02-28,1032,T108
2014-03-01,2548,T108
2014-03-02,2291,T108
2014-03-03,835,T108
2014-03-04,1369,T108
2014-03-05,1323,T108
2014-03-06,1271,T108
2014-03-07,1378,T108
2014-03-08,3499,T108
2014-03-09,2795,T108
2014-03-10,950,T108
2014-03-11,1065,T108
2014-03-12,1073,T108
2014-03-13,1066,T108
2014-03-14,1049,T108
2014-03-15,3577,T108
2014-03-16,3223,T108
2014-03-17,662,T108
2014-03-18,1079,T108
2014-03-19,1074,T108
2014-03-20,1110,T108
2014-03-21,1086,T108
2014-03-22,2482,T108
2014-03-23,2186,T108
2014-03-24,838,T108
2014-03-25,1141,T108
2014-03-26,1186,T108
2014-03-27,1211,T108
2014-03-28,1233,T108
2014-03-29,3544,T108
2014-03-30,2706,T108
2014-03-31,906,T108
2014-04-01,1233,T108
2014-04-02,1038,T108
2014-04-03,1085,T108
2014-04-04,1111,T108
2014-04-05,3610,T108
2014-04-06,2755,T108
2014-04-07,850,T108
2014-04-08,1182,T108
2014-04-09,927,T108
2014-04-10,944,T108
2014-04-11,894,T108
2014-04-12,2516,T108
2014-04-13,2600,T108
2014-04-14,759,T108
2014-04-15,883,T108
2014-04-16,923,T108
2014-04-17,941,T108
2014-04-18,2599,T108
2014-04-19,2416,T108
2014-04-20,2417,T108
2014-04-21,793,T108
2014-04-22,922,T108
2014-04-23,877,T108
2014-04-24,877,T108
2014-04-25,2548,T108
2014-04-26,2396,T108
2014-04-27,2402,T108
2014-04-28,760,T108
2014-04-29,916,T108
2014-04-30,909,T108
2014-05-01,2530,T108
2014-05-02,779,T108
2014-05-03,2665,T108
2014-05-04,2445,T108
2014-05-05,779,T108
2014-05-06,1113,T108
2014-05-07,900,T108
2014-05-08,883,T108
2014-05-09,877,T108
2014-05-10,3354,T108
2014-05-11,3588,T108
2014-05-12,797,T108
2014-05-13,904,T108
2014-05-14,1079,T108
2014-05-15,748,T108
2014-05-16,933,T108
2014-05-17,2585,T108
2014-05-18,2388,T108
2014-05-19,696,T108
2014-05-20,1398,T108
2014-05-21,1063,T108
2014-05-22,888,T108
2014-05-23,929,T108
2014-05-24,3217,T108
2014-05-25,3774,T108
2014-05-26,1009,T108
2014-05-27,901,T108
2014-05-28,882,T108
2014-05-29,862,T108
2014-05-30,2848,T108
2014-05-31,2494,T108
2014-06-01,2144,T108
2014-06-02,837,T108
2014-06-03,843,T108
2014-06-04,837,T108
2014-06-05,913,T108
2014-06-06,863,T108
2014-06-07,2389,T108
2014-06-08,2185,T108
2014-06-09,760,T108
2014-06-10,2355,T108
2014-06-11,684,T108
2014-06-12,1232,T108
2014-06-13,1211,T108
2014-06-14,2351,T108
2014-06-15,2123,T108
2014-06-16,730,T108
2014-06-17,940,T108
2014-06-18,935,T108
2014-06-19,928,T108
2014-06-20,972,T108
2014-06-21,2635,T108
2014-06-22,2569,T108
2014-06-23,1171,T108
2014-06-24,1292,T108
2014-06-25,988,T108
2014-06-26,795,T108
2014-06-27,836,T108
2014-06-28,2403,T108
2014-06-29,2136,T108
2014-06-30,698,T108
2014-07-01,850,T108
2014-07-02,937,T108
2014-07-03,829,T108
2014-07-04,1002,T108
2014-07-05,2447,T108
2014-07-06,2060,T108
2014-07-07,745,T108
2014-07-08,947,T108
2014-07-09,867,T108
2014-07-10,889,T108
2014-07-11,881,T108
2014-07-12,2407,T108
2014-07-13,2359,T108
2014-07-14,746,T108
2014-07-15,861,T108
2014-07-16,856,T108
2014-07-17,998,T108
2014-07-18,920,T108
2014-07-19,2292,T108
2014-07-20,2366,T108
2014-07-21,786,T108
2014-07-22,895,T108
2014-07-23,911,T108
2014-07-24,1130,T108
2014-07-25,1131,T108
2014-07-26,2731,T108
2014-07-27,2520,T108
2014-07-28,831,T108
2014-07-29,939,T108
2014-07-30,896,T108
2014-07-31,928,T108
2014-08-01,955,T108
2014-08-02,3019,T108
2014-08-03,2501,T108
2014-08-04,778,T108
2014-08-05,1153,T108
2014-08-06,927,T108
2014-08-07,908,T108
2014-08-08,959,T108
2014-08-09,2567,T108
2014-08-10,2426,T108
2014-08-11,830,T108
2014-08-12,898,T108
2014-08-13,1064,T108
2014-08-14,972,T108
2014-08-15,2603,T108
2014-08-16,2393,T108
2014-08-17,2395,T108
2014-08-18,869,T108
2014-08-19,656,T108
2014-08-20,638,T108
2012-01-01,253,T84
2012-01-02,3565,T84
2012-01-03,4184,T84
2012-01-04,3932,T84
2012-01-05,3448,T84
2012-01-06,3847,T84
2012-01-07,382,T84
2012-01-08,411,T84
2012-01-09,3734,T84
2012-01-10,3887,T84
2012-01-11,3349,T84
2012-01-12,3242,T84
2012-01-13,3481,T84
2012-01-14,248,T84
2012-01-15,255,T84
2012-01-16,3045,T84
2012-01-17,3586,T84
2012-01-18,3270,T84
2012-01-19,3668,T84
2012-01-20,3691,T84
2012-01-21,420,T84
2012-01-22,460,T84
2012-01-23,3671,T84
2012-01-24,3680,T84
2012-01-25,3714,T84
2012-01-26,3983,T84
2012-01-27,561,T84
2012-01-28,436,T84
2012-01-29,448,T84
2012-01-30,525,T84
2012-01-31,560,T84
2012-02-01,534,T84
2012-02-02,502,T84
2012-02-03,578,T84
2012-02-04,526,T84
2012-02-05,538,T84
2012-02-06,617,T84
2012-02-07,622,T84
2012-02-08,569,T84
2012-02-09,531,T84
2012-02-10,465,T84
2012-02-11,351,T84
2012-02-12,335,T84
2012-02-13,469,T84
2012-02-14,514,T84
2012-02-15,527,T84
2012-02-16,541,T84
2012-02-17,554,T84
2012-02-18,454,T84
2012-02-19,430,T84
2012-02-20,426,T84
2012-02-21,437,T84
2012-02-22,2388,T84
2012-02-23,446,T84
2012-02-24,326,T84
2012-02-25,213,T84
2012-02-26,213,T84
2012-02-27,398,T84
2012-02-28,502,T84
2012-02-29,921,T84
2012-03-01,408,T84
2012-03-02,388,T84
2012-03-03,389,T84
2012-03-04,407,T84
2012-03-05,2881,T84
2012-03-06,946,T84
2012-03-07,2915,T84
2012-03-08,2785,T84
2012-03-09,1100,T84
2012-03-10,341,T84
2012-03-11,374,T84
2012-03-12,2230,T84
2012-03-13,6751,T84
2012-03-14,6505,T84
2012-03-15,6116,T84
2012-03-16,5141,T84
2012-03-17,203,T84
2012-03-18,203,T84
2012-03-19,5445,T84
2012-03-20,3308,T84
2012-03-21,5170,T84
2012-03-22,3020,T84
2012-03-23,5938,T84
2012-03-24,202,T84
2012-03-25,212,T84
2012-03-26,5164,T84
2012-03-27,4223,T84
2012-03-28,5027,T84
2012-03-29,6703,T84
2012-03-30,4902,T84
2012-03-31,311,T84
2012-04-01,300,T84
2012-04-02,3310,T84
2012-04-03,3486,T84
2012-04-04,3343,T84
2012-04-05,865,T84
2012-04-06,200,T84
2012-04-07,200,T84
2012-04-08,202,T84
2012-04-09,2642,T84
2012-04-10,3804,T84
2012-04-11,3205,T84
2012-04-12,4230,T84
2012-04-13,6614,T84
2012-04-14,324,T84
2012-04-15,308,T84
2012-04-16,4133,T84
2012-04-17,4753,T84
2012-04-18,4076,T84
2012-04-19,3348,T84
2012-04-20,6658,T84
2012-04-21,198,T84
2012-04-22,198,T84
2012-04-23,349,T84
2012-04-24,375,T84
2012-04-25,311,T84
2012-04-26,418,T84
2012-04-27,3334,T84
2012-04-28,354,T84
2012-04-29,384,T84
2012-04-30,423,T84
2012-05-01,320,T84
2012-05-02,451,T84
2012-05-03,415,T84
2012-05-04,1348,T84
2012-05-05,255,T84
2012-05-06,281,T84
2012-05-07,3285,T84
2012-05-08,2263,T84
2012-05-09,421,T84
2012-05-10,311,T84
2012-05-11,275,T84
2012-05-12,274,T84
2012-05-13,265,T84
2012-05-14,285,T84
2012-05-15,281,T84
2012-05-16,2844,T84
2012-05-17,3672,T84
2012-05-18,3953,T84
2012-05-19,204,T84
2012-05-20,235,T84
2012-05-21,3844,T84
2012-05-22,4123,T84
2012-05-23,3996,T84
2012-05-24,2244,T84
2012-05-25,3756,T84
2012-05-26,198,T84
2012-05-27,199,T84
2012-05-28,3688,T84
2012-05-29,3607,T84
2012-05-30,3593,T84
2012-05-31,3522,T84
2012-06-01,3551,T84
2012-06-02,205,T84
2012-06-03,209,T84
2012-06-04,332,T84
2012-06-05,2897,T84
2012-06-06,258,T84
2012-06-07,215,T84
2012-06-08,206,T84
2012-06-09,202,T84
2012-06-10,201,T84
2012-06-11,281,T84
2012-06-12,269,T84
2012-06-13,202,T84
2012-06-14,260,T84
2012-06-15,243,T84
2012-06-16,204,T84
2012-06-17,202,T84
2012-06-18,269,T84
2012-06-19,245,T84
2012-06-20,236,T84
2012-06-21,217,T84
2012-06-22,240,T84
2012-06-23,199,T84
2012-06-24,203,T84
2012-06-25,793,T84
2012-06-26,773,T84
2012-06-27,3492,T84
2012-06-28,3379,T84
2012-06-29,3450,T84
2012-06-30,204,T84
2012-07-01,216,T84
2012-07-02,723,T84
2012-07-03,271,T84
2012-07-04,282,T84
2012-07-05,528,T84
2012-07-06,2947,T84
2012-07-07,208,T84
2012-07-08,209,T84
2012-07-09,288,T84
2012-07-10,779,T84
2012-07-11,2975,T84
2012-07-12,743,T84
2012-07-13,2749,T84
2012-07-14,202,T84
2012-07-15,207,T84
2012-07-16,719,T84
2012-07-17,740,T84
2012-07-18,3026,T84
2012-07-19,744,T84
2012-07-20,2867,T84
2012-07-21,211,T84
2012-07-22,216,T84
2012-07-23,745,T84
2012-07-24,3017,T84
2012-07-25,777,T84
2012-07-26,738,T84
2012-07-27,3048,T84
2012-07-28,248,T84
2012-07-29,245,T84
2012-07-30,791,T84
2012-07-31,3229,T84
2012-08-01,3015,T84
2012-08-02,324,T84
2012-08-03,735,T84
2012-08-04,259,T84
2012-08-05,251,T84
2012-08-06,3976,T84
2012-08-07,3857,T84
2012-08-08,3511,T84
2012-08-09,6280,T84
2012-08-10,5596,T84
2012-08-11,286,T84
2012-08-12,295,T84
2012-08-13,4416,T84
2012-08-14,6153,T84
2012-08-15,246,T84
2012-08-16,4639,T84
2012-08-17,4456,T84
2012-08-18,257,T84
2012-08-19,256,T84
2012-08-20,3914,T84
2012-08-21,3826,T84
2012-08-22,5881,T84
2012-08-23,3863,T84
2012-08-24,5449,T84
2012-08-25,243,T84
2012-08-26,243,T84
2012-08-27,5053,T84
2012-08-28,3630,T84
2012-08-29,342,T84
2012-08-30,719,T84
2012-08-31,3830,T84
2012-09-01,264,T84
2012-09-02,264,T84
2012-09-03,6042,T84
2012-09-04,2722,T84
2012-09-05,992,T84
2012-09-06,5686,T84
2012-09-07,5353,T84
2012-09-08,250,T84
2012-09-09,250,T84
2012-09-10,1092,T84
2012-09-11,3620,T84
2012-09-12,5396,T84
2012-09-13,343,T84
2012-09-14,3986,T84
2012-09-15,276,T84
2012-09-16,257,T84
2012-09-17,3657,T84
2012-09-18,5422,T84
2012-09-19,4945,T84
2012-09-20,5385,T84
2012-09-21,5320,T84
2012-09-22,243,T84
2012-09-23,244,T84
2012-09-24,3581,T84
2012-09-25,3915,T84
2012-09-26,3751,T84
2012-09-27,3074,T84
2012-09-28,3382,T84
2012-09-29,248,T84
2012-09-30,233,T84
2012-10-01,3739,T84
2012-10-02,1052,T84
2012-10-03,4012,T84
2012-10-04,4076,T84
2012-10-05,242,T84
2012-10-06,238,T84
2012-10-07,221,T84
2012-10-08,3669,T84
2012-10-09,3807,T84
2012-10-10,3674,T84
2012-10-11,3007,T84
2012-10-12,1672,T84
2012-10-13,254,T84
2012-10-14,252,T84
2012-10-15,2714,T84
2012-10-16,848,T84
2012-10-17,3405,T84
2012-10-18,3388,T84
2012-10-19,3837,T84
2012-10-20,203,T84
2012-10-21,209,T84
2012-10-22,1195,T84
2012-10-23,3797,T84
2012-10-24,3237,T84
2012-10-25,754,T84
2012-10-26,2636,T84
2012-10-27,228,T84
2012-10-28,261,T84
2012-10-29,1400,T84
2012-10-30,3922,T84
2012-10-31,3913,T84
2012-11-01,238,T84
2012-11-02,240,T84
2012-11-03,250,T84
2012-11-04,260,T84
2012-11-05,3952,T84
2012-11-06,4011,T84
2012-11-07,3730,T84
2012-11-08,4430,T84
2012-11-09,3860,T84
2012-11-10,447,T84
2012-11-11,500,T84
2012-11-12,4010,T84
2012-11-13,4109,T84
2012-11-14,3951,T84
2012-11-15,4043,T84
2012-11-16,4536,T84
2012-11-17,323,T84
2012-11-18,338,T84
2012-11-19,3761,T84
2012-11-20,4325,T84
2012-11-21,1281,T84
2012-11-22,3865,T84
2012-11-23,3959,T84
2012-11-24,538,T84
2012-11-25,524,T84
2012-11-26,4038,T84
2012-11-27,4390,T84
2012-11-28,3629,T84
2012-11-29,3878,T84
2012-11-30,3243,T84
2012-12-01,312,T84
2012-12-02,307,T84
2012-12-03,4025,T84
2012-12-04,1184,T84
2012-12-05,3897,T84
2012-12-06,3320,T84
2012-12-07,3959,T84
2012-12-08,509,T84
2012-12-09,531,T84
2012-12-10,3890,T84
2012-12-11,4339,T84
2012-12-12,3964,T84
2012-12-13,3893,T84
2012-12-14,1091,T84
2012-12-15,333,T84
2012-12-16,329,T84
2012-12-17,458,T84
2012-12-18,3148,T84
2012-12-19,956,T84
2012-12-20,3399,T84
2012-12-21,3531,T84
2012-12-22,327,T84
2012-12-23,326,T84
2012-12-24,328,T84
2012-12-25,324,T84
2012-12-26,1748,T84
2012-12-27,3122,T84
2012-12-28,3920,T84
2012-12-29,333,T84
2012-12-30,327,T84
2012-12-31,329,T84
2013-01-01,322,T84
2013-01-02,1147,T84
2013-01-03,1081,T84
2013-01-04,450,T84
2013-01-05,323,T84
2013-01-06,371,T84
2013-01-07,657,T84
2013-01-08,3185,T84
2013-01-09,625,T84
2013-01-10,624,T84
2013-01-11,654,T84
2013-01-12,524,T84
2013-01-13,540,T84
2013-01-14,601,T84
2013-01-15,3025,T84
2013-01-16,4255,T84
2013-01-17,4152,T84
2013-01-18,3965,T84
2013-01-19,346,T84
2013-01-20,376,T84
2013-01-21,1279,T84
2013-01-22,658,T84
2013-01-23,632,T84
2013-01-24,571,T84
2013-01-25,583,T84
2013-01-26,489,T84
2013-01-27,525,T84
2013-01-28,623,T84
2013-01-29,597,T84
2013-01-30,585,T84
2013-01-31,547,T84
2013-02-01,2929,T84
2013-02-02,542,T84
2013-02-03,531,T84
2013-02-04,1077,T84
2013-02-05,3129,T84
2013-02-06,1155,T84
2013-02-07,3321,T84
2013-02-08,526,T84
2013-02-09,307,T84
2013-02-10,313,T84
2013-02-11,316,T84
2013-02-12,364,T84
2013-02-13,660,T84
2013-02-14,1138,T84
2013-02-15,3779,T84
2013-02-16,537,T84
2013-02-17,551,T84
2013-02-18,1145,T84
2013-02-19,3745,T84
2013-02-20,1165,T84
2013-02-21,3804,T84
2013-02-22,3891,T84
2013-02-23,540,T84
2013-02-24,542,T84
2013-02-25,1132,T84
2013-02-26,3573,T84
2013-02-27,3898,T84
2013-02-28,658,T84
2013-03-01,1028,T84
2013-03-02,403,T84
2013-03-03,437,T84
2013-03-04,881,T84
2013-03-05,3700,T84
2013-03-06,3862,T84
2013-03-07,3819,T84
2013-03-08,3822,T84
2013-03-09,524,T84
2013-03-10,527,T84
2013-03-11,962,T84
2013-03-12,3614,T84
2013-03-13,3664,T84
2013-03-14,561,T84
2013-03-15,442,T84
2013-03-16,318,T84
2013-03-17,374,T84
2013-03-18,570,T84
2013-03-19,584,T84
2013-03-20,536,T84
2013-03-21,525,T84
2013-03-22,561,T84
2013-03-23,545,T84
2013-03-24,492,T84
2013-03-25,459,T84
2013-03-26,554,T84
2013-03-27,569,T84
2013-03-28,489,T84
2013-03-29,267,T84
2013-03-30,274,T84
2013-03-31,287,T84
2013-04-01,339,T84
2013-04-02,1071,T84
2013-04-03,3667,T84
2013-04-04,3867,T84
2013-04-05,4032,T84
2013-04-06,454,T84
2013-04-07,435,T84
2013-04-08,3867,T84
2013-04-09,2287,T84
2013-04-10,4331,T84
2013-04-11,3351,T84
2013-04-12,2533,T84
2013-04-13,363,T84
2013-04-14,322,T84
2013-04-15,3777,T84
2013-04-16,855,T84
2013-04-17,2797,T84
2013-04-18,3740,T84
2013-04-19,3920,T84
2013-04-20,289,T84
2013-04-21,292,T84
2013-04-22,3768,T84
2013-04-23,3448,T84
2013-04-24,3701,T84
2013-04-25,263,T84
2013-04-26,282,T84
2013-04-27,281,T84
2013-04-28,286,T84
2013-04-29,3784,T84
2013-04-30,3660,T84
2013-05-01,295,T84
2013-05-02,3756,T84
2013-05-03,3802,T84
2013-05-04,241,T84
2013-05-05,288,T84
2013-05-06,3533,T84
2013-05-07,3085,T84
2013-05-08,3695,T84
2013-05-09,1632,T84
2013-05-10,370,T84
2013-05-11,316,T84
2013-05-12,321,T84
2013-05-13,447,T84
2013-05-14,442,T84
2013-05-15,517,T84
2013-05-16,2733,T84
2013-05-17,2920,T84
2013-05-18,374,T84
2013-05-19,396,T84
2013-05-20,3011,T84
2013-05-21,3757,T84
2013-05-22,3661,T84
2013-05-23,3179,T84
2013-05-24,3222,T84
2013-05-25,263,T84
2013-05-26,269,T84
2013-05-27,1111,T84
2013-05-28,3130,T84
2013-05-29,3661,T84
2013-05-30,3804,T84
2013-05-31,3720,T84
2013-06-01,272,T84
2013-06-02,284,T84
2013-06-03,3758,T84
2013-06-04,3258,T84
2013-06-05,3797,T84
2013-06-06,875,T84
2013-06-07,3551,T84
2013-06-08,269,T84
2013-06-09,265,T84
2013-06-10,257,T84
2013-06-11,3042,T84
2013-06-12,370,T84
2013-06-13,258,T84
2013-06-14,269,T84
2013-06-15,256,T84
2013-06-16,274,T84
2013-06-17,3240,T84
2013-06-18,3418,T84
2013-06-19,3641,T84
2013-06-20,3187,T84
2013-06-21,709,T84
2013-06-22,269,T84
2013-06-23,260,T84
2013-06-24,3778,T84
2013-06-25,3295,T84
2013-06-26,3763,T84
2013-06-27,3515,T84
2013-06-28,3731,T84
2013-06-29,310,T84
2013-06-30,306,T84
2013-07-01,3545,T84
2013-07-02,3252,T84
2013-07-03,1757,T84
2013-07-04,3288,T84
2013-07-05,388,T84
2013-07-06,340,T84
2013-07-07,329,T84
2013-07-08,374,T84
2013-07-09,425,T84
2013-07-10,3754,T84
2013-07-11,2829,T84
2013-07-12,4312,T84
2013-07-13,257,T84
2013-07-14,276,T84
2013-07-15,7251,T84
2013-07-16,7507,T84
2013-07-17,6204,T84
2013-07-18,8669,T84
2013-07-19,6897,T84
2013-07-20,256,T84
2013-07-21,274,T84
2013-07-22,7063,T84
2013-07-23,6503,T84
2013-07-24,5848,T84
2013-07-25,7147,T84
2013-07-26,6739,T84
2013-07-27,245,T84
2013-07-28,252,T84
2013-07-29,6795,T84
2013-07-30,6083,T84
2013-07-31,6725,T84
2013-08-01,6597,T84
2013-08-02,6738,T84
2013-08-03,249,T84
2013-08-04,245,T84
2013-08-05,6533,T84
2013-08-06,6210,T84
2013-08-07,354,T84
2013-08-08,428,T84
2013-08-09,415,T84
2013-08-10,334,T84
2013-08-11,330,T84
2013-08-12,1415,T84
2013-08-13,5725,T84
2013-08-14,5554,T84
2013-08-15,253,T84
2013-08-16,246,T84
2013-08-17,249,T84
2013-08-18,257,T84
2013-08-19,5040,T84
2013-08-20,5221,T84
2013-08-21,1035,T84
2013-08-22,423,T84
2013-08-23,394,T84
2013-08-24,342,T84
2013-08-25,350,T84
2013-08-26,6467,T84
2013-08-27,2757,T84
2013-08-28,5312,T84
2013-08-29,2764,T84
2013-08-30,369,T84
2013-08-31,279,T84
2013-09-01,275,T84
2013-09-02,357,T84
2013-09-03,948,T84
2013-09-04,1069,T84
2013-09-05,4791,T84
2013-09-06,6151,T84
2013-09-07,250,T84
2013-09-08,259,T84
2013-09-09,7553,T84
2013-09-10,6909,T84
2013-09-11,7234,T84
2013-09-12,5197,T84
2013-09-13,5799,T84
2013-09-14,283,T84
2013-09-15,265,T84
2013-09-16,2880,T84
2013-09-17,7368,T84
2013-09-18,7859,T84
2013-09-19,6829,T84
2013-09-20,8050,T84
2013-09-21,305,T84
2013-09-22,300,T84
2013-09-23,5478,T84
2013-09-24,7997,T84
2013-09-25,7871,T84
2013-09-26,5679,T84
2013-09-27,7162,T84
2013-09-28,262,T84
2013-09-29,280,T84
2013-09-30,1193,T84
2013-10-01,3658,T84
2013-10-02,3978,T84
2013-10-03,4101,T84
2013-10-04,5155,T84
2013-10-05,261,T84
2013-10-06,257,T84
2013-10-07,5119,T84
2013-10-08,5111,T84
2013-10-09,5303,T84
2013-10-10,5583,T84
2013-10-11,5978,T84
2013-10-12,301,T84
2013-10-13,276,T84
2013-10-14,5734,T84
2013-10-15,3833,T84
2013-10-16,5162,T84
2013-10-17,3922,T84
2013-10-18,3916,T84
2013-10-19,258,T84
2013-10-20,276,T84
2013-10-21,5911,T84
2013-10-22,3174,T84
2013-10-23,3633,T84
2013-10-24,3511,T84
2013-10-25,3717,T84
2013-10-26,372,T84
2013-10-27,388,T84
2013-10-28,4160,T84
2013-10-29,3916,T84
2013-10-30,3988,T84
2013-10-31,5596,T84
2013-11-01,4708,T84
2013-11-02,270,T84
2013-11-03,292,T84
2013-11-04,4581,T84
2013-11-05,3939,T84
2013-11-06,5918,T84
2013-11-07,5378,T84
2013-11-08,1179,T84
2013-11-09,376,T84
2013-11-10,374,T84
2013-11-11,519,T84
2013-11-12,2657,T84
2013-11-13,2495,T84
2013-11-14,446,T84
2013-11-15,417,T84
2013-11-16,485,T84
2013-11-17,438,T84
2013-11-18,715,T84
2013-11-19,1423,T84
2013-11-20,3768,T84
2013-11-21,4487,T84
2013-11-22,3657,T84
2013-11-23,324,T84
2013-11-24,331,T84
2013-11-25,3427,T84
2013-11-26,3447,T84
2013-11-27,5103,T84
2013-11-28,3680,T84
2013-11-29,3441,T84
2013-11-30,526,T84
2013-12-01,522,T84
2013-12-02,3845,T84
2013-12-03,5786,T84
2013-12-04,4062,T84
2013-12-05,3853,T84
2013-12-06,5844,T84
2013-12-07,332,T84
2013-12-08,342,T84
2013-12-09,5227,T84
2013-12-10,4110,T84
2013-12-11,2953,T84
2013-12-12,6495,T84
2013-12-13,6729,T84
2013-12-14,4857,T84
2013-12-15,525,T84
2013-12-16,7376,T84
2013-12-17,6201,T84
2013-12-18,6220,T84
2013-12-19,6095,T84
2013-12-20,3973,T84
2013-12-21,271,T84
2013-12-22,271,T84
2013-12-23,285,T84
2013-12-24,287,T84
2013-12-25,271,T84
2013-12-26,277,T84
2013-12-27,317,T84
2013-12-28,200,T84
2013-12-29,203,T84
2013-12-30,316,T84
2013-12-31,229,T84
2014-01-01,204,T84
2014-01-02,372,T84
2014-01-03,366,T84
2014-01-04,199,T84
2014-01-05,248,T84
2014-01-06,3181,T84
2014-01-07,3573,T84
2014-01-08,3710,T84
2014-01-09,4122,T84
2014-01-10,4049,T84
2014-01-11,484,T84
2014-01-12,523,T84
2014-01-13,3590,T84
2014-01-14,3952,T84
2014-01-15,5209,T84
2014-01-16,5254,T84
2014-01-17,3518,T84
2014-01-18,373,T84
2014-01-19,409,T84
2014-01-20,3211,T84
2014-01-21,1657,T84
2014-01-22,2518,T84
2014-01-23,4071,T84
2014-01-24,3853,T84
2014-01-25,488,T84
2014-01-26,487,T84
2014-01-27,3636,T84
2014-01-28,3313,T84
2014-01-29,3179,T84
2014-01-30,1298,T84
2014-01-31,1026,T84
2014-02-01,507,T84
2014-02-02,480,T84
2014-02-03,3747,T84
2014-02-04,5454,T84
2014-02-05,3958,T84
2014-02-06,1534,T84
2014-02-07,4578,T84
2014-02-08,356,T84
2014-02-09,448,T84
2014-02-10,3489,T84
2014-02-11,3367,T84
2014-02-12,1450,T84
2014-02-13,1459,T84
2014-02-14,5163,T84
2014-02-15,461,T84
2014-02-16,461,T84
2014-02-17,3916,T84
2014-02-18,4163,T84
2014-02-19,1283,T84
2014-02-20,3653,T84
2014-02-21,5693,T84
2014-02-22,537,T84
2014-02-23,529,T84
2014-02-24,3966,T84
2014-02-25,5294,T84
2014-02-26,3705,T84
2014-02-27,4034,T84
2014-02-28,1531,T84
2014-03-01,370,T84
2014-03-02,346,T84
2014-03-03,425,T84
2014-03-04,341,T84
2014-03-05,435,T84
2014-03-06,469,T84
2014-03-07,526,T84
2014-03-08,366,T84
2014-03-09,369,T84
2014-03-10,2746,T84
2014-03-11,3703,T84
2014-03-12,3098,T84
2014-03-13,3859,T84
2014-03-14,4932,T84
2014-03-15,325,T84
2014-03-16,254,T84
2014-03-17,5571,T84
2014-03-18,5322,T84
2014-03-19,493,T84
2014-03-20,3979,T84
2014-03-21,5592,T84
2014-03-22,387,T84
2014-03-23,462,T84
2014-03-24,5009,T84
2014-03-25,5650,T84
2014-03-26,5387,T84
2014-03-27,4607,T84
2014-03-28,5725,T84
2014-03-29,355,T84
2014-03-30,344,T84
2014-03-31,1470,T84
2014-04-01,4250,T84
2014-04-02,4831,T84
2014-04-03,4056,T84
2014-04-04,4989,T84
2014-04-05,468,T84
2014-04-06,461,T84
2014-04-07,4720,T84
2014-04-08,952,T84
2014-04-09,5844,T84
2014-04-10,3762,T84
2014-04-11,4018,T84
2014-04-12,255,T84
2014-04-13,255,T84
2014-04-14,4347,T84
2014-04-15,4167,T84
2014-04-16,5279,T84
2014-04-17,3722,T84
2014-04-18,201,T84
2014-04-19,202,T84
2014-04-20,206,T84
2014-04-21,4645,T84
2014-04-22,5181,T84
2014-04-23,5068,T84
2014-04-24,5466,T84
2014-04-25,199,T84
2014-04-26,200,T84
2014-04-27,202,T84
2014-04-28,207,T84
2014-04-29,217,T84
2014-04-30,220,T84
2014-05-01,201,T84
2014-05-02,253,T84
2014-05-03,204,T84
2014-05-04,209,T84
2014-05-05,208,T84
2014-05-06,274,T84
2014-05-07,299,T84
2014-05-08,415,T84
2014-05-09,373,T84
2014-05-10,312,T84
2014-05-11,200,T84
2014-05-12,364,T84
2014-05-13,648,T84
2014-05-14,2733,T84
2014-05-15,410,T84
2014-05-16,2712,T84
2014-05-17,239,T84
2014-05-18,285,T84
2014-05-19,5268,T84
2014-05-20,5026,T84
2014-05-21,1207,T84
2014-05-22,5957,T84
2014-05-23,6116,T84
2014-05-24,259,T84
2014-05-25,257,T84
2014-05-26,6362,T84
2014-05-27,2622,T84
2014-05-28,1433,T84
2014-05-29,6645,T84
2014-05-30,3480,T84
2014-05-31,244,T84
2014-06-01,253,T84
2014-06-02,5574,T84
2014-06-03,4556,T84
2014-06-04,6291,T84
2014-06-05,6071,T84
2014-06-06,6969,T84
2014-06-07,252,T84
2014-06-08,249,T84
2014-06-09,1346,T84
2014-06-10,244,T84
2014-06-11,4809,T84
2014-06-12,1266,T84
2014-06-13,256,T84
2014-06-14,242,T84
2014-06-15,257,T84
2014-06-16,3736,T84
2014-06-17,6805,T84
2014-06-18,2144,T84
2014-06-19,4461,T84
2014-06-20,5813,T84
2014-06-21,5411,T84
2014-06-22,246,T84
2014-06-23,4142,T84
2014-06-24,6359,T84
2014-06-25,6193,T84
2014-06-26,5014,T84
2014-06-27,6216,T84
2014-06-28,2438,T84
2014-06-29,243,T84
2014-06-30,724,T84
2014-07-01,1819,T84
2014-07-02,7942,T84
2014-07-03,6965,T84
2014-07-04,5398,T84
2014-07-05,6294,T84
2014-07-06,251,T84
2014-07-07,7743,T84
2014-07-08,4557,T84
2014-07-09,6445,T84
2014-07-10,7493,T84
2014-07-11,7100,T84
2014-07-12,1057,T84
2014-07-13,256,T84
2014-07-14,5876,T84
2014-07-15,6996,T84
2014-07-16,7422,T84
2014-07-17,7882,T84
2014-07-18,8351,T84
2014-07-19,6482,T84
2014-07-20,249,T84
2014-07-21,4036,T84
2014-07-22,8628,T84
2014-07-23,7625,T84
2014-07-24,7577,T84
2014-07-25,8076,T84
2014-07-26,1268,T84
2014-07-27,247,T84
2014-07-28,5729,T84
2014-07-29,8131,T84
2014-07-30,4163,T84
2014-07-31,2711,T84
2014-08-01,7862,T84
2014-08-02,5794,T84
2014-08-03,201,T84
2014-08-04,3714,T84
2014-08-05,6187,T84
2014-08-06,7778,T84
2014-08-07,3888,T84
2014-08-08,5856,T84
2014-08-09,6317,T84
2014-08-10,209,T84
2014-08-11,2951,T84
2014-08-12,8431,T84
2014-08-13,5588,T84
2014-08-14,5936,T84
2014-08-15,238,T84
2014-08-16,242,T84
2014-08-17,251,T84
2014-08-18,1466,T84
2014-08-19,5258,T84
2014-08-20,5534,T84
2012-01-01,13475,T106
2012-01-02,5500,T106
2012-01-03,3410,T106
2012-01-04,3300,T106
2012-01-05,3190,T106
2012-01-06,3135,T106
2012-01-07,5170,T106
2012-01-08,16335,T106
2012-01-09,5720,T106
2012-01-10,3135,T106
2012-01-11,4015,T106
2012-01-12,3135,T106
2012-01-13,2970,T106
2012-01-14,5225,T106
2012-01-15,15015,T106
2012-01-16,5555,T106
2012-01-17,3080,T106
2012-01-18,2970,T106
2012-01-19,3685,T106
2012-01-20,3410,T106
2012-01-21,5610,T106
2012-01-22,16720,T106
2012-01-23,5885,T106
2012-01-24,3410,T106
2012-01-25,3300,T106
2012-01-26,3245,T106
2012-01-27,3245,T106
2012-01-28,5665,T106
2012-01-29,16940,T106
2012-01-30,6105,T106
2012-01-31,3465,T106
2012-02-01,3465,T106
2012-02-02,3355,T106
2012-02-03,3520,T106
2012-02-04,5555,T106
2012-02-05,15950,T106
2012-02-06,5280,T106
2012-02-07,2915,T106
2012-02-08,3135,T106
2012-02-09,3355,T106
2012-02-10,3135,T106
2012-02-11,5335,T106
2012-02-12,16830,T106
2012-02-13,5830,T106
2012-02-14,2420,T106
2012-02-15,3190,T106
2012-02-16,3190,T106
2012-02-17,3740,T106
2012-02-18,5830,T106
2012-02-19,16390,T106
2012-02-20,5775,T106
2012-02-21,3300,T106
2012-02-22,3245,T106
2012-02-23,3410,T106
2012-02-24,3520,T106
2012-02-25,5555,T106
2012-02-26,16390,T106
2012-02-27,4345,T106
2012-02-28,3245,T106
2012-02-29,3080,T106
2012-03-01,3025,T106
2012-03-02,2970,T106
2012-03-03,5005,T106
2012-03-04,14355,T106
2012-03-05,3465,T106
2012-03-06,3080,T106
2012-03-07,2970,T106
2012-03-08,3080,T106
2012-03-09,3025,T106
2012-03-10,5280,T106
2012-03-11,15785,T106
2012-03-12,5555,T106
2012-03-13,3025,T106
2012-03-14,3025,T106
2012-03-15,3025,T106
2012-03-16,3135,T106
2012-03-17,5390,T106
2012-03-18,16005,T106
2012-03-19,5665,T106
2012-03-20,3355,T106
2012-03-21,3410,T106
2012-03-22,3410,T106
2012-03-23,3080,T106
2012-03-24,3135,T106
2012-03-25,8470,T106
2012-03-26,3740,T106
2012-03-27,1815,T106
2012-03-28,1705,T106
2012-03-29,1870,T106
2012-03-30,1760,T106
2012-03-31,2475,T106
2012-04-01,10010,T106
2012-04-02,3685,T106
2012-04-03,1760,T106
2012-04-04,1705,T106
2012-04-05,1760,T106
2012-04-06,11000,T106
2012-04-07,5995,T106
2012-04-08,10890,T106
2012-04-09,4235,T106
2012-04-10,1595,T106
2012-04-11,1650,T106
2012-04-12,1650,T106
2012-04-13,1760,T106
2012-04-14,4895,T106
2012-04-15,12375,T106
2012-04-16,3850,T106
2012-04-17,1760,T106
2012-04-18,1760,T106
2012-04-19,1705,T106
2012-04-20,1760,T106
2012-04-21,2750,T106
2012-04-22,10285,T106
2012-04-23,4070,T106
2012-04-24,1705,T106
2012-04-25,9790,T106
2012-04-26,4070,T106
2012-04-27,1925,T106
2012-04-28,6050,T106
2012-04-29,13365,T106
2012-04-30,4235,T106
2012-05-01,10725,T106
2012-05-02,4015,T106
2012-05-03,1925,T106
2012-05-04,1595,T106
2012-05-05,3190,T106
2012-05-06,10395,T106
2012-05-07,3905,T106
2012-05-08,1650,T106
2012-05-09,1705,T106
2012-05-10,1705,T106
2012-05-11,1760,T106
2012-05-12,2805,T106
2012-05-13,7920,T106
2012-05-14,3300,T106
2012-05-15,1925,T106
2012-05-16,1760,T106
2012-05-17,1815,T106
2012-05-18,1815,T106
2012-05-19,2695,T106
2012-05-20,10175,T106
2012-05-21,3960,T106
2012-05-22,1815,T106
2012-05-23,1760,T106
2012-05-24,1705,T106
2012-05-25,1760,T106
2012-05-26,2640,T106
2012-05-27,9295,T106
2012-05-28,3630,T106
2012-05-29,1760,T106
2012-05-30,1815,T106
2012-05-31,1815,T106
2012-06-01,1485,T106
2012-06-02,2640,T106
2012-06-03,8635,T106
2012-06-04,3575,T106
2012-06-05,1375,T106
2012-06-06,1375,T106
2012-06-07,8360,T106
2012-06-08,3575,T106
2012-06-09,3300,T106
2012-06-10,8250,T106
2012-06-11,3465,T106
2012-06-12,1815,T106
2012-06-13,1650,T106
2012-06-14,1870,T106
2012-06-15,1870,T106
2012-06-16,3245,T106
2012-06-17,8580,T106
2012-06-18,3410,T106
2012-06-19,1595,T106
2012-06-20,1650,T106
2012-06-21,1760,T106
2012-06-22,935,T106
2012-06-23,1925,T106
2012-06-24,4565,T106
2012-06-25,1760,T106
2012-06-26,1100,T106
2012-06-27,1210,T106
2012-06-28,935,T106
2012-06-29,1045,T106
2012-06-30,2035,T106
2012-07-01,4675,T106
2012-07-02,2035,T106
2012-07-03,715,T106
2012-07-04,715,T106
2012-07-05,770,T106
2012-07-06,1265,T106
2012-07-07,3685,T106
2012-07-08,5115,T106
2012-07-09,1980,T106
2012-07-10,1210,T106
2012-07-11,990,T106
2012-07-12,1045,T106
2012-07-13,1100,T106
2012-07-14,1650,T106
2012-07-15,4840,T106
2012-07-16,1760,T106
2012-07-17,935,T106
2012-07-18,880,T106
2012-07-19,2310,T106
2012-07-20,1430,T106
2012-07-21,1980,T106
2012-07-22,7590,T106
2012-07-23,2915,T106
2012-07-24,1815,T106
2012-07-25,1705,T106
2012-07-26,1705,T106
2012-07-27,1155,T106
2012-07-28,2310,T106
2012-07-29,7590,T106
2012-07-30,3190,T106
2012-07-31,1375,T106
2012-08-01,1265,T106
2012-08-02,1265,T106
2012-08-03,1155,T106
2012-08-04,2365,T106
2012-08-05,7755,T106
2012-08-06,4730,T106
2012-08-07,880,T106
2012-08-08,825,T106
2012-08-09,1375,T106
2012-08-10,1485,T106
2012-08-11,2475,T106
2012-08-12,7535,T106
2012-08-13,3245,T106
2012-08-14,2090,T106
2012-08-15,4730,T106
2012-08-16,1760,T106
2012-08-17,770,T106
2012-08-18,1540,T106
2012-08-19,4125,T106
2012-08-20,1650,T106
2012-08-21,880,T106
2012-08-22,1155,T106
2012-08-23,1265,T106
2012-08-24,1155,T106
2012-08-25,2255,T106
2012-08-26,7645,T106
2012-08-27,3245,T106
2012-08-28,1265,T106
2012-08-29,1210,T106
2012-08-30,1210,T106
2012-08-31,1155,T106
2012-09-01,1980,T106
2012-09-02,6930,T106
2012-09-03,2805,T106
2012-09-04,1265,T106
2012-09-05,1210,T106
2012-09-06,1155,T106
2012-09-07,1320,T106
2012-09-08,1980,T106
2012-09-09,7755,T106
2012-09-10,3025,T106
2012-09-11,1265,T106
2012-09-12,1375,T106
2012-09-13,1155,T106
2012-09-14,2145,T106
2012-09-15,2035,T106
2012-09-16,8030,T106
2012-09-17,3080,T106
2012-09-18,1155,T106
2012-09-19,1155,T106
2012-09-20,1210,T106
2012-09-21,1265,T106
2012-09-22,2255,T106
2012-09-23,7810,T106
2012-09-24,3575,T106
2012-09-25,1320,T106
2012-09-26,1155,T106
2012-09-27,1155,T106
2012-09-28,1210,T106
2012-09-29,1650,T106
2012-09-30,2530,T106
2012-10-01,1265,T106
2012-10-02,1155,T106
2012-10-03,1760,T106
2012-10-04,1540,T106
2012-10-05,9570,T106
2012-10-06,4675,T106
2012-10-07,9955,T106
2012-10-08,4235,T106
2012-10-09,1925,T106
2012-10-10,1540,T106
2012-10-11,1650,T106
2012-10-12,2255,T106
2012-10-13,2695,T106
2012-10-14,10725,T106
2012-10-15,3850,T106
2012-10-16,1925,T106
2012-10-17,1760,T106
2012-10-18,1980,T106
2012-10-19,1980,T106
2012-10-20,3740,T106
2012-10-21,11330,T106
2012-10-22,3795,T106
2012-10-23,1540,T106
2012-10-24,1760,T106
2012-10-25,1925,T106
2012-10-26,2200,T106
2012-10-27,7810,T106
2012-10-28,14795,T106
2012-10-29,4345,T106
2012-10-30,3025,T106
2012-10-31,1320,T106
2012-11-01,11330,T106
2012-11-02,3960,T106
2012-11-03,2970,T106
2012-11-04,10560,T106
2012-11-05,4455,T106
2012-11-06,1925,T106
2012-11-07,2805,T106
2012-11-08,1980,T106
2012-11-09,1980,T106
2012-11-10,6325,T106
2012-11-11,11440,T106
2012-11-12,4180,T106
2012-11-13,2090,T106
2012-11-14,2640,T106
2012-11-15,2035,T106
2012-11-16,1980,T106
2012-11-17,3465,T106
2012-11-18,10450,T106
2012-11-19,4125,T106
2012-11-20,2035,T106
2012-11-21,2035,T106
2012-11-22,2145,T106
2012-11-23,2090,T106
2012-11-24,3355,T106
2012-11-25,11770,T106
2012-11-26,4400,T106
2012-11-27,2090,T106
2012-11-28,2090,T106
2012-11-29,2090,T106
2012-11-30,2035,T106
2012-12-01,11935,T106
2012-12-02,16115,T106
2012-12-03,4950,T106
2012-12-04,2090,T106
2012-12-05,2200,T106
2012-12-06,2090,T106
2012-12-07,2200,T106
2012-12-08,12870,T106
2012-12-09,15895,T106
2012-12-10,4785,T106
2012-12-11,2420,T106
2012-12-12,2420,T106
2012-12-13,2200,T106
2012-12-14,2035,T106
2012-12-15,3630,T106
2012-12-16,11110,T106
2012-12-17,3960,T106
2012-12-18,2145,T106
2012-12-19,2145,T106
2012-12-20,2145,T106
2012-12-21,2035,T106
2012-12-22,3410,T106
2012-12-23,12265,T106
2012-12-24,5775,T106
2012-12-25,13200,T106
2012-12-26,4565,T106
2012-12-27,825,T106
2012-12-28,2200,T106
2012-12-29,3520,T106
2012-12-30,13420,T106
2012-12-31,6380,T106
2013-01-01,14135,T106
2013-01-02,4895,T106
2013-01-03,2420,T106
2013-01-04,2200,T106
2013-01-05,3850,T106
2013-01-06,13475,T106
2013-01-07,4675,T106
2013-01-08,2145,T106
2013-01-09,1925,T106
2013-01-10,1980,T106
2013-01-11,2200,T106
2013-01-12,5445,T106
2013-01-13,12155,T106
2013-01-14,4565,T106
2013-01-15,2145,T106
2013-01-16,2255,T106
2013-01-17,2145,T106
2013-01-18,2035,T106
2013-01-19,3520,T106
2013-01-20,11000,T106
2013-01-21,3685,T106
2013-01-22,2200,T106
2013-01-23,2255,T106
2013-01-24,2145,T106
2013-01-25,1980,T106
2013-01-26,3190,T106
2013-01-27,11220,T106
2013-01-28,3960,T106
2013-01-29,2145,T106
2013-01-30,2420,T106
2013-01-31,2310,T106
2013-02-01,2310,T106
2013-02-02,3795,T106
2013-02-03,12705,T106
2013-02-04,5060,T106
2013-02-05,2035,T106
2013-02-06,2200,T106
2013-02-07,2145,T106
2013-02-08,2365,T106
2013-02-09,3685,T106
2013-02-10,12430,T106
2013-02-11,4345,T106
2013-02-12,2475,T106
2013-02-13,2145,T106
2013-02-14,2420,T106
2013-02-15,2420,T106
2013-02-16,4125,T106
2013-02-17,12815,T106
2013-02-18,4840,T106
2013-02-19,2365,T106
2013-02-20,2585,T106
2013-02-21,2200,T106
2013-02-22,1980,T106
2013-02-23,3245,T106
2013-02-24,13255,T106
2013-02-25,5060,T106
2013-02-26,2585,T106
2013-02-27,2585,T106
2013-02-28,2475,T106
2013-03-01,2365,T106
2013-03-02,4180,T106
2013-03-03,12265,T106
2013-03-04,4785,T106
2013-03-05,2090,T106
2013-03-06,1980,T106
2013-03-07,2035,T106
2013-03-08,1815,T106
2013-03-09,3410,T106
2013-03-10,10560,T106
2013-03-11,3740,T106
2013-03-12,2200,T106
2013-03-13,2255,T106
2013-03-14,2310,T106
2013-03-15,2365,T106
2013-03-16,4400,T106
2013-03-17,10890,T106
2013-03-18,3740,T106
2013-03-19,2255,T106
2013-03-20,2255,T106
2013-03-21,2200,T106
2013-03-22,2035,T106
2013-03-23,3410,T106
2013-03-24,10945,T106
2013-03-25,3465,T106
2013-03-26,1925,T106
2013-03-27,2640,T106
2013-03-28,3080,T106
2013-03-29,10780,T106
2013-03-30,4675,T106
2013-03-31,10285,T106
2013-04-01,3630,T106
2013-04-02,2695,T106
2013-04-03,2695,T106
2013-04-04,2915,T106
2013-04-05,2420,T106
2013-04-06,3190,T106
2013-04-07,7645,T106
2013-04-08,3025,T106
2013-04-09,2200,T106
2013-04-10,5555,T106
2013-04-11,2695,T106
2013-04-12,2585,T106
2013-04-13,3575,T106
2013-04-14,10835,T106
2013-04-15,3685,T106
2013-04-16,2090,T106
2013-04-17,2090,T106
2013-04-18,2035,T106
2013-04-19,1925,T106
2013-04-20,3025,T106
2013-04-21,10945,T106
2013-04-22,3410,T106
2013-04-23,2145,T106
2013-04-24,1980,T106
2013-04-25,10395,T106
2013-04-26,3300,T106
2013-04-27,2970,T106
2013-04-28,10890,T106
2013-04-29,3850,T106
2013-04-30,2035,T106
2013-05-01,10560,T106
2013-05-02,3685,T106
2013-05-03,2145,T106
2013-05-04,3025,T106
2013-05-05,10175,T106
2013-05-06,3795,T106
2013-05-07,2035,T106
2013-05-08,2145,T106
2013-05-09,2420,T106
2013-05-10,2145,T106
2013-05-11,3685,T106
2013-05-12,11055,T106
2013-05-13,3850,T106
2013-05-14,2090,T106
2013-05-15,2090,T106
2013-05-16,2145,T106
2013-05-17,1980,T106
2013-05-18,3685,T106
2013-05-19,11935,T106
2013-05-20,4345,T106
2013-05-21,2145,T106
2013-05-22,2200,T106
2013-05-23,2035,T106
2013-05-24,2035,T106
2013-05-25,3025,T106
2013-05-26,11330,T106
2013-05-27,4235,T106
2013-05-28,1980,T106
2013-05-29,2035,T106
2013-05-30,2090,T106
2013-05-31,2145,T106
2013-06-01,3025,T106
2013-06-02,10175,T106
2013-06-03,3905,T106
2013-06-04,2090,T106
2013-06-05,2145,T106
2013-06-06,2090,T106
2013-06-07,2530,T106
2013-06-08,3465,T106
2013-06-09,11715,T106
2013-06-10,14135,T106
2013-06-11,4235,T106
2013-06-12,2090,T106
2013-06-13,2145,T106
2013-06-14,2090,T106
2013-06-15,2915,T106
2013-06-16,10945,T106
2013-06-17,3630,T106
2013-06-18,2090,T106
2013-06-19,2145,T106
2013-06-20,1925,T106
2013-06-21,2035,T106
2013-06-22,2640,T106
2013-06-23,10120,T106
2013-06-24,3575,T106
2013-06-25,2145,T106
2013-06-26,2035,T106
2013-06-27,2805,T106
2013-06-28,2585,T106
2013-06-29,3135,T106
2013-06-30,8525,T106
2013-07-01,3135,T106
2013-07-02,1980,T106
2013-07-03,2090,T106
2013-07-04,1925,T106
2013-07-05,2090,T106
2013-07-06,3685,T106
2013-07-07,7975,T106
2013-07-08,3135,T106
2013-07-09,2145,T106
2013-07-10,2090,T106
2013-07-11,2090,T106
2013-07-12,2145,T106
2013-07-13,3630,T106
2013-07-14,10175,T106
2013-07-15,3355,T106
2013-07-16,2200,T106
2013-07-17,2145,T106
2013-07-18,2035,T106
2013-07-19,2090,T106
2013-07-20,2915,T106
2013-07-21,10505,T106
2013-07-22,3465,T106
2013-07-23,2035,T106
2013-07-24,2200,T106
2013-07-25,2090,T106
2013-07-26,2145,T106
2013-07-27,2970,T106
2013-07-28,10560,T106
2013-07-29,3630,T106
2013-07-30,2090,T106
2013-07-31,2035,T106
2013-08-01,2255,T106
2013-08-02,1650,T106
2013-08-03,3465,T106
2013-08-04,9845,T106
2013-08-05,3630,T106
2013-08-06,1980,T106
2013-08-07,2255,T106
2013-08-08,1980,T106
2013-08-09,1870,T106
2013-08-10,3410,T106
2013-08-11,9185,T106
2013-08-12,3410,T106
2013-08-13,2035,T106
2013-08-14,2530,T106
2013-08-15,11165,T106
2013-08-16,2860,T106
2013-08-17,3355,T106
2013-08-18,10395,T106
2013-08-19,5115,T106
2013-08-20,1980,T106
2013-08-21,1980,T106
2013-08-22,2035,T106
2013-08-23,1925,T106
2013-08-24,2640,T106
2013-08-25,10175,T106
2013-08-26,3465,T106
2013-08-27,2035,T106
2013-08-28,2090,T106
2013-08-29,1815,T106
2013-08-30,1870,T106
2013-08-31,3300,T106
2013-09-01,10340,T106
2013-09-02,3520,T106
2013-09-03,2090,T106
2013-09-04,1705,T106
2013-09-05,1980,T106
2013-09-06,1870,T106
2013-09-07,2365,T106
2013-09-08,11055,T106
2013-09-09,3740,T106
2013-09-10,2035,T106
2013-09-11,2200,T106
2013-09-12,2035,T106
2013-09-13,2145,T106
2013-09-14,2915,T106
2013-09-15,9460,T106
2013-09-16,2475,T106
2013-09-17,1540,T106
2013-09-18,1320,T106
2013-09-19,1265,T106
2013-09-20,4125,T106
2013-09-21,2365,T106
2013-09-22,6765,T106
2013-09-23,2090,T106
2013-09-24,1980,T106
2013-09-25,2420,T106
2013-09-26,1650,T106
2013-09-27,2750,T106
2013-09-28,2475,T106
2013-09-29,7095,T106
2013-09-30,2365,T106
2013-10-01,1540,T106
2013-10-02,1595,T106
2013-10-03,1595,T106
2013-10-04,3245,T106
2013-10-05,3575,T106
2013-10-06,11055,T106
2013-10-07,3795,T106
2013-10-08,2310,T106
2013-10-09,2420,T106
2013-10-10,2090,T106
2013-10-11,2200,T106
2013-10-12,3025,T106
2013-10-13,11055,T106
2013-10-14,3960,T106
2013-10-15,2035,T106
2013-10-16,2090,T106
2013-10-17,2200,T106
2013-10-18,2145,T106
2013-10-19,3575,T106
2013-10-20,8525,T106
2013-10-21,2860,T106
2013-10-22,1540,T106
2013-10-23,1540,T106
2013-10-24,1485,T106
2013-10-25,1595,T106
2013-10-26,3245,T106
2013-10-27,8030,T106
2013-10-28,2585,T106
2013-10-29,1540,T106
2013-10-30,1595,T106
2013-10-31,1760,T106
2013-11-01,1485,T106
2013-11-02,6655,T106
2013-11-03,9020,T106
2013-11-04,2475,T106
2013-11-05,2585,T106
2013-11-06,2585,T106
2013-11-07,2530,T106
2013-11-08,2970,T106
2013-11-09,5115,T106
2013-11-10,13365,T106
2013-11-11,4290,T106
2013-11-12,2090,T106
2013-11-13,2035,T106
2013-11-14,2145,T106
2013-11-15,2255,T106
2013-11-16,3575,T106
2013-11-17,12760,T106
2013-11-18,4400,T106
2013-11-19,2310,T106
2013-11-20,2200,T106
2013-11-21,2475,T106
2013-11-22,2255,T106
2013-11-23,4235,T106
2013-11-24,13695,T106
2013-11-25,4675,T106
2013-11-26,2640,T106
2013-11-27,2530,T106
2013-11-28,2750,T106
2013-11-29,2420,T106
2013-11-30,6710,T106
2013-12-01,15070,T106
2013-12-02,4895,T106
2013-12-03,2530,T106
2013-12-04,2420,T106
2013-12-05,2255,T106
2013-12-06,2420,T106
2013-12-07,3905,T106
2013-12-08,14575,T106
2013-12-09,5170,T106
2013-12-10,2420,T106
2013-12-11,2255,T106
2013-12-12,2255,T106
2013-12-13,2255,T106
2013-12-14,3300,T106
2013-12-15,13475,T106
2013-12-16,4785,T106
2013-12-17,2530,T106
2013-12-18,2475,T106
2013-12-19,2145,T106
2013-12-20,2420,T106
2013-12-21,4565,T106
2013-12-22,13750,T106
2013-12-23,4840,T106
2013-12-24,3575,T106
2013-12-25,12320,T106
2013-12-26,4345,T106
2013-12-27,2255,T106
2013-12-28,3575,T106
2013-12-29,13640,T106
2013-12-30,4785,T106
2013-12-31,3630,T106
2014-01-01,12815,T106
2014-01-02,3960,T106
2014-01-03,2090,T106
2014-01-04,3795,T106
2014-01-05,12485,T106
2014-01-06,4235,T106
2014-01-07,2145,T106
2014-01-08,2200,T106
2014-01-09,2200,T106
2014-01-10,2255,T106
2014-01-11,3575,T106
2014-01-12,13200,T106
2014-01-13,4785,T106
2014-01-14,2035,T106
2014-01-15,2090,T106
2014-01-16,2090,T106
2014-01-17,1650,T106
2014-01-18,2090,T106
2014-01-19,12485,T106
2014-01-20,4455,T106
2014-01-21,2310,T106
2014-01-22,2145,T106
2014-01-23,2145,T106
2014-01-24,2200,T106
2014-01-25,4290,T106
2014-01-26,12980,T106
2014-01-27,4235,T106
2014-01-28,2255,T106
2014-01-29,2090,T106
2014-01-30,2255,T106
2014-01-31,2255,T106
2014-02-01,3850,T106
2014-02-02,13145,T106
2014-02-03,4400,T106
2014-02-04,2255,T106
2014-02-05,2255,T106
2014-02-06,2200,T106
2014-02-07,2200,T106
2014-02-08,2860,T106
2014-02-09,13200,T106
2014-02-10,4290,T106
2014-02-11,2035,T106
2014-02-12,2310,T106
2014-02-13,2090,T106
2014-02-14,2090,T106
2014-02-15,3465,T106
2014-02-16,14685,T106
2014-02-17,4950,T106
2014-02-18,2310,T106
2014-02-19,2365,T106
2014-02-20,2585,T106
2014-02-21,2255,T106
2014-02-22,4400,T106
2014-02-23,12980,T106
2014-02-24,4510,T106
2014-02-25,2475,T106
2014-02-26,3410,T106
2014-02-27,1595,T106
2014-02-28,1485,T106
2014-03-01,2530,T106
2014-03-02,7040,T106
2014-03-03,2420,T106
2014-03-04,1650,T106
2014-03-05,1430,T106
2014-03-06,2860,T106
2014-03-07,2475,T106
2014-03-08,3465,T106
2014-03-09,12375,T106
2014-03-10,4400,T106
2014-03-11,2200,T106
2014-03-12,2420,T106
2014-03-13,2090,T106
2014-03-14,2255,T106
2014-03-15,3300,T106
2014-03-16,12650,T106
2014-03-17,4180,T106
2014-03-18,2090,T106
2014-03-19,2695,T106
2014-03-20,2090,T106
2014-03-21,2255,T106
2014-03-22,4015,T106
2014-03-23,12375,T106
2014-03-24,4565,T106
2014-03-25,2310,T106
2014-03-26,2255,T106
2014-03-27,2310,T106
2014-03-28,2255,T106
2014-03-29,4070,T106
2014-03-30,12045,T106
2014-03-31,4455,T106
2014-04-01,2145,T106
2014-04-02,2255,T106
2014-04-03,2090,T106
2014-04-04,2145,T106
2014-04-05,2915,T106
2014-04-06,10560,T106
2014-04-07,4895,T106
2014-04-08,1375,T106
2014-04-09,1540,T106
2014-04-10,2200,T106
2014-04-11,1595,T106
2014-04-12,4730,T106
2014-04-13,12650,T106
2014-04-14,4125,T106
2014-04-15,2145,T106
2014-04-16,2200,T106
2014-04-17,2145,T106
2014-04-18,11825,T106
2014-04-19,5225,T106
2014-04-20,12980,T106
2014-04-21,4235,T106
2014-04-22,2090,T106
2014-04-23,2090,T106
2014-04-24,2035,T106
2014-04-25,11990,T106
2014-04-26,5445,T106
2014-04-27,11825,T106
2014-04-28,4235,T106
2014-04-29,2090,T106
2014-04-30,1980,T106
2014-05-01,10945,T106
2014-05-02,3850,T106
2014-05-03,2805,T106
2014-05-04,11000,T106
2014-05-05,3850,T106
2014-05-06,1430,T106
2014-05-07,1595,T106
2014-05-08,1430,T106
2014-05-09,1375,T106
2014-05-10,1100,T106
2014-05-11,10670,T106
2014-05-12,3905,T106
2014-05-13,1925,T106
2014-05-14,2090,T106
2014-05-15,2475,T106
2014-05-16,1925,T106
2014-05-17,2750,T106
2014-05-18,11825,T106
2014-05-19,3850,T106
2014-05-20,2145,T106
2014-05-21,2035,T106
2014-05-22,2145,T106
2014-05-23,2090,T106
2014-05-24,3630,T106
2014-05-25,11660,T106
2014-05-26,4125,T106
2014-05-27,2090,T106
2014-05-28,2090,T106
2014-05-29,2090,T106
2014-05-30,2090,T106
2014-05-31,2860,T106
2014-06-01,11330,T106
2014-06-02,3850,T106
2014-06-03,2035,T106
2014-06-04,2090,T106
2014-06-05,2035,T106
2014-06-06,2090,T106
2014-06-07,2970,T106
2014-06-08,11440,T106
2014-06-09,3905,T106
2014-06-10,10505,T106
2014-06-11,3850,T106
2014-06-12,1815,T106
2014-06-13,2035,T106
2014-06-14,3300,T106
2014-06-15,10065,T106
2014-06-16,3245,T106
2014-06-17,2310,T106
2014-06-18,1870,T106
2014-06-19,2090,T106
2014-06-20,2035,T106
2014-06-21,3355,T106
2014-06-22,10890,T106
2014-06-23,3905,T106
2014-06-24,2365,T106
2014-06-25,1045,T106
2014-06-26,2200,T106
2014-06-27,2090,T106
2014-06-28,2805,T106
2014-06-29,11055,T106
2014-06-30,3740,T106
2014-07-01,2200,T106
2014-07-02,2145,T106
2014-07-03,2255,T106
2014-07-04,2145,T106
2014-07-05,2860,T106
2014-07-06,10835,T106
2014-07-07,3905,T106
2014-07-08,2090,T106
2014-07-09,2090,T106
2014-07-10,1925,T106
2014-07-11,1925,T106
2014-07-12,3025,T106
2014-07-13,10175,T106
2014-07-14,3630,T106
2014-07-15,1980,T106
2014-07-16,2090,T106
2014-07-17,2310,T106
2014-07-18,2200,T106
2014-07-19,2860,T106
2014-07-20,11110,T106
2014-07-21,3795,T106
2014-07-22,2145,T106
2014-07-23,2035,T106
2014-07-24,1870,T106
2014-07-25,2255,T106
2014-07-26,3135,T106
2014-07-27,11000,T106
2014-07-28,3905,T106
2014-07-29,2200,T106
2014-07-30,2035,T106
2014-07-31,2475,T106
2014-08-01,2310,T106
2014-08-02,3520,T106
2014-08-03,10780,T106
2014-08-04,3795,T106
2014-08-05,2090,T106
2014-08-06,2200,T106
2014-08-07,2255,T106
2014-08-08,2200,T106
2014-08-09,2970,T106
2014-08-10,11055,T106
2014-08-11,3630,T106
2014-08-12,2145,T106
2014-08-13,1980,T106
2014-08-14,1815,T106
2014-08-15,9515,T106
2014-08-16,5335,T106
2014-08-17,10615,T106
2014-08-18,3520,T106
2014-08-19,2860,T106
2014-08-20,2090,T106
2012-01-01,1032,T318
2012-01-02,2301,T318
2012-01-03,2684,T318
2012-01-04,2235,T318
2012-01-05,2509,T318
2012-01-06,2404,T318
2012-01-07,1067,T318
2012-01-08,742,T318
2012-01-09,1800,T318
2012-01-10,2297,T318
2012-01-11,2325,T318
2012-01-12,2244,T318
2012-01-13,2259,T318
2012-01-14,1054,T318
2012-01-15,754,T318
2012-01-16,1786,T318
2012-01-17,2631,T318
2012-01-18,2345,T318
2012-01-19,2609,T318
2012-01-20,2492,T318
2012-01-21,1580,T318
2012-01-22,1066,T318
2012-01-23,1997,T318
2012-01-24,2475,T318
2012-01-25,2411,T318
2012-01-26,2640,T318
2012-01-27,2679,T318
2012-01-28,1451,T318
2012-01-29,974,T318
2012-01-30,1847,T318
2012-01-31,2458,T318
2012-02-01,2432,T318
2012-02-02,2309,T318
2012-02-03,2302,T318
2012-02-04,1890,T318
2012-02-05,1975,T318
2012-02-06,2406,T318
2012-02-07,2525,T318
2012-02-08,2649,T318
2012-02-09,2505,T318
2012-02-10,2593,T318
2012-02-11,2043,T318
2012-02-12,1728,T318
2012-02-13,1905,T318
2012-02-14,988,T318
2012-02-15,1595,T318
2012-02-16,1296,T318
2012-02-17,1547,T318
2012-02-18,1183,T318
2012-02-19,893,T318
2012-02-20,1642,T318
2012-02-21,1031,T318
2012-02-22,1532,T318
2012-02-23,1017,T318
2012-02-24,1480,T318
2012-02-25,1027,T318
2012-02-26,865,T318
2012-02-27,1887,T318
2012-02-28,1214,T318
2012-02-29,1770,T318
2012-03-01,1525,T318
2012-03-02,1995,T318
2012-03-03,1564,T318
2012-03-04,1017,T318
2012-03-05,1831,T318
2012-03-06,1696,T318
2012-03-07,2127,T318
2012-03-08,1743,T318
2012-03-09,2150,T318
2012-03-10,1407,T318
2012-03-11,1005,T318
2012-03-12,2002,T318
2012-03-13,1133,T318
2012-03-14,1788,T318
2012-03-15,1590,T318
2012-03-16,2001,T318
2012-03-17,1308,T318
2012-03-18,876,T318
2012-03-19,1841,T318
2012-03-20,1417,T318
2012-03-21,1807,T318
2012-03-22,1307,T318
2012-03-23,1786,T318
2012-03-24,1435,T318
2012-03-25,953,T318
2012-03-26,2067,T318
2012-03-27,1471,T318
2012-03-28,1848,T318
2012-03-29,976,T318
2012-03-30,1537,T318
2012-03-31,993,T318
2012-04-01,620,T318
2012-04-02,1523,T318
2012-04-03,1429,T318
2012-04-04,1491,T318
2012-04-05,1413,T318
2012-04-06,1179,T318
2012-04-07,871,T318
2012-04-08,648,T318
2012-04-09,1458,T318
2012-04-10,1050,T318
2012-04-11,1190,T318
2012-04-12,823,T318
2012-04-13,1268,T318
2012-04-14,1124,T318
2012-04-15,908,T318
2012-04-16,1443,T318
2012-04-17,684,T318
2012-04-18,1142,T318
2012-04-19,703,T318
2012-04-20,1291,T318
2012-04-21,831,T318
2012-04-22,619,T318
2012-04-23,1042,T318
2012-04-24,858,T318
2012-04-25,978,T318
2012-04-26,627,T318
2012-04-27,900,T318
2012-04-28,722,T318
2012-04-29,536,T318
2012-04-30,917,T318
2012-05-01,714,T318
2012-05-02,941,T318
2012-05-03,762,T318
2012-05-04,1091,T318
2012-05-05,769,T318
2012-05-06,546,T318
2012-05-07,1125,T318
2012-05-08,876,T318
2012-05-09,1355,T318
2012-05-10,993,T318
2012-05-11,1511,T318
2012-05-12,972,T318
2012-05-13,759,T318
2012-05-14,1795,T318
2012-05-15,1080,T318
2012-05-16,1798,T318
2012-05-17,1086,T318
2012-05-18,1426,T318
2012-05-19,897,T318
2012-05-20,584,T318
2012-05-21,1353,T318
2012-05-22,766,T318
2012-05-23,1403,T318
2012-05-24,843,T318
2012-05-25,1249,T318
2012-05-26,757,T318
2012-05-27,587,T318
2012-05-28,1425,T318
2012-05-29,950,T318
2012-05-30,1584,T318
2012-05-31,966,T318
2012-06-01,1815,T318
2012-06-02,1238,T318
2012-06-03,877,T318
2012-06-04,1635,T318
2012-06-05,1072,T318
2012-06-06,1776,T318
2012-06-07,1342,T318
2012-06-08,1573,T318
2012-06-09,1098,T318
2012-06-10,907,T318
2012-06-11,1629,T318
2012-06-12,982,T318
2012-06-13,1231,T318
2012-06-14,1523,T318
2012-06-15,1915,T318
2012-06-16,1503,T318
2012-06-17,1185,T318
2012-06-18,1774,T318
2012-06-19,1336,T318
2012-06-20,1755,T318
2012-06-21,1391,T318
2012-06-22,1481,T318
2012-06-23,1105,T318
2012-06-24,763,T318
2012-06-25,1814,T318
2012-06-26,1359,T318
2012-06-27,1839,T318
2012-06-28,1188,T318
2012-06-29,1541,T318
2012-06-30,888,T318
2012-07-01,789,T318
2012-07-02,1657,T318
2012-07-03,976,T318
2012-07-04,1379,T318
2012-07-05,808,T318
2012-07-06,1516,T318
2012-07-07,882,T318
2012-07-08,810,T318
2012-07-09,1538,T318
2012-07-10,895,T318
2012-07-11,1438,T318
2012-07-12,886,T318
2012-07-13,1507,T318
2012-07-14,861,T318
2012-07-15,692,T318
2012-07-16,1784,T318
2012-07-17,1378,T318
2012-07-18,1571,T318
2012-07-19,920,T318
2012-07-20,1428,T318
2012-07-21,899,T318
2012-07-22,758,T318
2012-07-23,1484,T318
2012-07-24,865,T318
2012-07-25,1636,T318
2012-07-26,980,T318
2012-07-27,1509,T318
2012-07-28,851,T318
2012-07-29,734,T318
2012-07-30,1403,T318
2012-07-31,983,T318
2012-08-01,1445,T318
2012-08-02,935,T318
2012-08-03,1412,T318
2012-08-04,1011,T318
2012-08-05,681,T318
2012-08-06,1447,T318
2012-08-07,1058,T318
2012-08-08,1678,T318
2012-08-09,1228,T318
2012-08-10,1815,T318
2012-08-11,1095,T318
2012-08-12,849,T318
2012-08-13,1644,T318
2012-08-14,1117,T318
2012-08-15,1508,T318
2012-08-16,1186,T318
2012-08-17,1741,T318
2012-08-18,995,T318
2012-08-19,860,T318
2012-08-20,1889,T318
2012-08-21,975,T318
2012-08-22,1705,T318
2012-08-23,1045,T318
2012-08-24,1539,T318
2012-08-25,1029,T318
2012-08-26,761,T318
2012-08-27,1560,T318
2012-08-28,954,T318
2012-08-29,1509,T318
2012-08-30,977,T318
2012-08-31,1500,T318
2012-09-01,1131,T318
2012-09-02,808,T318
2012-09-03,1654,T318
2012-09-04,1190,T318
2012-09-05,1726,T318
2012-09-06,1136,T318
2012-09-07,1702,T318
2012-09-08,964,T318
2012-09-09,789,T318
2012-09-10,1577,T318
2012-09-11,1035,T318
2012-09-12,1658,T318
2012-09-13,1084,T318
2012-09-14,1697,T318
2012-09-15,1111,T318
2012-09-16,782,T318
2012-09-17,1555,T318
2012-09-18,946,T318
2012-09-19,1580,T318
2012-09-20,974,T318
2012-09-21,1518,T318
2012-09-22,907,T318
2012-09-23,680,T318
2012-09-24,1384,T318
2012-09-25,824,T318
2012-09-26,1327,T318
2012-09-27,715,T318
2012-09-28,1310,T318
2012-09-29,725,T318
2012-09-30,626,T318
2012-10-01,1380,T318
2012-10-02,809,T318
2012-10-03,1247,T318
2012-10-04,814,T318
2012-10-05,1458,T318
2012-10-06,837,T318
2012-10-07,752,T318
2012-10-08,1567,T318
2012-10-09,1017,T318
2012-10-10,1440,T318
2012-10-11,1105,T318
2012-10-12,1307,T318
2012-10-13,1049,T318
2012-10-14,657,T318
2012-10-15,1341,T318
2012-10-16,910,T318
2012-10-17,1360,T318
2012-10-18,945,T318
2012-10-19,1363,T318
2012-10-20,972,T318
2012-10-21,791,T318
2012-10-22,1594,T318
2012-10-23,1256,T318
2012-10-24,1695,T318
2012-10-25,1030,T318
2012-10-26,1325,T318
2012-10-27,1160,T318
2012-10-28,633,T318
2012-10-29,1173,T318
2012-10-30,801,T318
2012-10-31,1249,T318
2012-11-01,721,T318
2012-11-02,1311,T318
2012-11-03,743,T318
2012-11-04,599,T318
2012-11-05,1172,T318
2012-11-06,851,T318
2012-11-07,1518,T318
2012-11-08,868,T318
2012-11-09,1193,T318
2012-11-10,988,T318
2012-11-11,620,T318
2012-11-12,1270,T318
2012-11-13,712,T318
2012-11-14,1259,T318
2012-11-15,851,T318
2012-11-16,1310,T318
2012-11-17,891,T318
2012-11-18,618,T318
2012-11-19,1243,T318
2012-11-20,703,T318
2012-11-21,1093,T318
2012-11-22,666,T318
2012-11-23,966,T318
2012-11-24,718,T318
2012-11-25,598,T318
2012-11-26,1071,T318
2012-11-27,814,T318
2012-11-28,937,T318
2012-11-29,715,T318
2012-11-30,972,T318
2012-12-01,740,T318
2012-12-02,601,T318
2012-12-03,998,T318
2012-12-04,847,T318
2012-12-05,1016,T318
2012-12-06,897,T318
2012-12-07,1234,T318
2012-12-08,738,T318
2012-12-09,583,T318
2012-12-10,1052,T318
2012-12-11,812,T318
2012-12-12,1085,T318
2012-12-13,818,T318
2012-12-14,1100,T318
2012-12-15,881,T318
2012-12-16,639,T318
2012-12-17,1293,T318
2012-12-18,996,T318
2012-12-19,1450,T318
2012-12-20,2047,T318
2012-12-21,1966,T318
2012-12-22,1632,T318
2012-12-23,544,T318
2012-12-24,468,T318
2012-12-25,457,T318
2012-12-26,849,T318
2012-12-27,714,T318
2012-12-28,973,T318
2012-12-29,1125,T318
2012-12-30,541,T318
2012-12-31,484,T318
2013-01-01,478,T318
2013-01-02,830,T318
2013-01-03,817,T318
2013-01-04,897,T318
2013-01-05,733,T318
2013-01-06,570,T318
2013-01-07,893,T318
2013-01-08,718,T318
2013-01-09,923,T318
2013-01-10,736,T318
2013-01-11,897,T318
2013-01-12,750,T318
2013-01-13,549,T318
2013-01-14,852,T318
2013-01-15,760,T318
2013-01-16,1455,T318
2013-01-17,787,T318
2013-01-18,934,T318
2013-01-19,883,T318
2013-01-20,639,T318
2013-01-21,921,T318
2013-01-22,724,T318
2013-01-23,896,T318
2013-01-24,690,T318
2013-01-25,952,T318
2013-01-26,814,T318
2013-01-27,696,T318
2013-01-28,980,T318
2013-01-29,730,T318
2013-01-30,927,T318
2013-01-31,678,T318
2013-02-01,964,T318
2013-02-02,810,T318
2013-02-03,617,T318
2013-02-04,916,T318
2013-02-05,704,T318
2013-02-06,1094,T318
2013-02-07,687,T318
2013-02-08,1132,T318
2013-02-09,797,T318
2013-02-10,611,T318
2013-02-11,1085,T318
2013-02-12,777,T318
2013-02-13,1193,T318
2013-02-14,744,T318
2013-02-15,1117,T318
2013-02-16,767,T318
2013-02-17,683,T318
2013-02-18,1372,T318
2013-02-19,1512,T318
2013-02-20,1166,T318
2013-02-21,742,T318
2013-02-22,1052,T318
2013-02-23,751,T318
2013-02-24,571,T318
2013-02-25,1222,T318
2013-02-26,677,T318
2013-02-27,1122,T318
2013-02-28,766,T318
2013-03-01,1190,T318
2013-03-02,1027,T318
2013-03-03,586,T318
2013-03-04,976,T318
2013-03-05,878,T318
2013-03-06,1330,T318
2013-03-07,899,T318
2013-03-08,1049,T318
2013-03-09,752,T318
2013-03-10,630,T318
2013-03-11,1067,T318
2013-03-12,746,T318
2013-03-13,992,T318
2013-03-14,712,T318
2013-03-15,1075,T318
2013-03-16,721,T318
2013-03-17,587,T318
2013-03-18,1196,T318
2013-03-19,798,T318
2013-03-20,1108,T318
2013-03-21,930,T318
2013-03-22,1417,T318
2013-03-23,1301,T318
2013-03-24,841,T318
2013-03-25,1545,T318
2013-03-26,1064,T318
2013-03-27,1449,T318
2013-03-28,1177,T318
2013-03-29,1423,T318
2013-03-30,1015,T318
2013-03-31,557,T318
2013-04-01,1095,T318
2013-04-02,691,T318
2013-04-03,1259,T318
2013-04-04,809,T318
2013-04-05,1200,T318
2013-04-06,685,T318
2013-04-07,647,T318
2013-04-08,1161,T318
2013-04-09,704,T318
2013-04-10,1049,T318
2013-04-11,734,T318
2013-04-12,1198,T318
2013-04-13,709,T318
2013-04-14,618,T318
2013-04-15,1272,T318
2013-04-16,945,T318
2013-04-17,1352,T318
2013-04-18,839,T318
2013-04-19,1417,T318
2013-04-20,935,T318
2013-04-21,741,T318
2013-04-22,1391,T318
2013-04-23,1204,T318
2013-04-24,1593,T318
2013-04-25,837,T318
2013-04-26,1354,T318
2013-04-27,918,T318
2013-04-28,629,T318
2013-04-29,1187,T318
2013-04-30,774,T318
2013-05-01,1252,T318
2013-05-02,835,T318
2013-05-03,1058,T318
2013-05-04,817,T318
2013-05-05,621,T318
2013-05-06,1063,T318
2013-05-07,835,T318
2013-05-08,1329,T318
2013-05-09,778,T318
2013-05-10,1299,T318
2013-05-11,966,T318
2013-05-12,664,T318
2013-05-13,1344,T318
2013-05-14,902,T318
2013-05-15,1352,T318
2013-05-16,1143,T318
2013-05-17,1099,T318
2013-05-18,749,T318
2013-05-19,623,T318
2013-05-20,1299,T318
2013-05-21,752,T318
2013-05-22,1193,T318
2013-05-23,901,T318
2013-05-24,1319,T318
2013-05-25,870,T318
2013-05-26,611,T318
2013-05-27,1319,T318
2013-05-28,931,T318
2013-05-29,1293,T318
2013-05-30,889,T318
2013-05-31,1383,T318
2013-06-01,1081,T318
2013-06-02,807,T318
2013-06-03,1541,T318
2013-06-04,1192,T318
2013-06-05,1014,T318
2013-06-06,1163,T318
2013-06-07,1449,T318
2013-06-08,1075,T318
2013-06-09,790,T318
2013-06-10,1383,T318
2013-06-11,822,T318
2013-06-12,1355,T318
2013-06-13,1110,T318
2013-06-14,1466,T318
2013-06-15,1263,T318
2013-06-16,757,T318
2013-06-17,1331,T318
2013-06-18,1042,T318
2013-06-19,1407,T318
2013-06-20,1048,T318
2013-06-21,1514,T318
2013-06-22,1072,T318
2013-06-23,879,T318
2013-06-24,1803,T318
2013-06-25,2754,T318
2013-06-26,3302,T318
2013-06-27,3129,T318
2013-06-28,3085,T318
2013-06-29,3193,T318
2013-06-30,3021,T318
2013-07-01,2869,T318
2013-07-02,2753,T318
2013-07-03,2847,T318
2013-07-04,3241,T318
2013-07-05,3356,T318
2013-07-06,3436,T318
2013-07-07,3139,T318
2013-07-08,3144,T318
2013-07-09,3044,T318
2013-07-10,2935,T318
2013-07-11,1521,T318
2013-07-12,1794,T318
2013-07-13,1197,T318
2013-07-14,889,T318
2013-07-15,1904,T318
2013-07-16,1540,T318
2013-07-17,2315,T318
2013-07-18,1469,T318
2013-07-19,1856,T318
2013-07-20,1152,T318
2013-07-21,864,T318
2013-07-22,1661,T318
2013-07-23,1315,T318
2013-07-24,2176,T318
2013-07-25,1348,T318
2013-07-26,1955,T318
2013-07-27,1338,T318
2013-07-28,1087,T318
2013-07-29,1970,T318
2013-07-30,1327,T318
2013-07-31,1967,T318
2013-08-01,1318,T318
2013-08-02,1912,T318
2013-08-03,1349,T318
2013-08-04,1124,T318
2013-08-05,2109,T318
2013-08-06,1474,T318
2013-08-07,2101,T318
2013-08-08,1076,T318
2013-08-09,2128,T318
2013-08-10,1717,T318
2013-08-11,1335,T318
2013-08-12,2232,T318
2013-08-13,1440,T318
2013-08-14,2422,T318
2013-08-15,1488,T318
2013-08-16,1886,T318
2013-08-17,1258,T318
2013-08-18,911,T318
2013-08-19,1789,T318
2013-08-20,1064,T318
2013-08-21,1931,T318
2013-08-22,987,T318
2013-08-23,1924,T318
2013-08-24,1570,T318
2013-08-25,1238,T318
2013-08-26,1843,T318
2013-08-27,1396,T318
2013-08-28,2212,T318
2013-08-29,1310,T318
2013-08-30,2121,T318
2013-08-31,1433,T318
2013-09-01,1123,T318
2013-09-02,2274,T318
2013-09-03,1366,T318
2013-09-04,2238,T318
2013-09-05,1316,T318
2013-09-06,2023,T318
2013-09-07,1243,T318
2013-09-08,1034,T318
2013-09-09,1921,T318
2013-09-10,1027,T318
2013-09-11,1667,T318
2013-09-12,1159,T318
2013-09-13,1658,T318
2013-09-14,1121,T318
2013-09-15,977,T318
2013-09-16,1751,T318
2013-09-17,1412,T318
2013-09-18,2139,T318
2013-09-19,1398,T318
2013-09-20,2186,T318
2013-09-21,1420,T318
2013-09-22,1185,T318
2013-09-23,1975,T318
2013-09-24,1334,T318
2013-09-25,2104,T318
2013-09-26,1344,T318
2013-09-27,2027,T318
2013-09-28,1326,T318
2013-09-29,1086,T318
2013-09-30,2103,T318
2013-10-01,1397,T318
2013-10-02,1674,T318
2013-10-03,1484,T318
2013-10-04,1837,T318
2013-10-05,1501,T318
2013-10-06,1196,T318
2013-10-07,2151,T318
2013-10-08,1353,T318
2013-10-09,1995,T318
2013-10-10,1395,T318
2013-10-11,1749,T318
2013-10-12,1075,T318
2013-10-13,885,T318
2013-10-14,1623,T318
2013-10-15,1259,T318
2013-10-16,1951,T318
2013-10-17,1326,T318
2013-10-18,1900,T318
2013-10-19,1412,T318
2013-10-20,1091,T318
2013-10-21,1763,T318
2013-10-22,1453,T318
2013-10-23,1795,T318
2013-10-24,1432,T318
2013-10-25,1770,T318
2013-10-26,1452,T318
2013-10-27,1145,T318
2013-10-28,1841,T318
2013-10-29,1239,T318
2013-10-30,1512,T318
2013-10-31,1209,T318
2013-11-01,1532,T318
2013-11-02,1333,T318
2013-11-03,1001,T318
2013-11-04,1680,T318
2013-11-05,1221,T318
2013-11-06,1721,T318
2013-11-07,1223,T318
2013-11-08,1633,T318
2013-11-09,1307,T318
2013-11-10,989,T318
2013-11-11,1739,T318
2013-11-12,1195,T318
2013-11-13,1830,T318
2013-11-14,1221,T318
2013-11-15,1545,T318
2013-11-16,1251,T318
2013-11-17,939,T318
2013-11-18,1516,T318
2013-11-19,1063,T318
2013-11-20,1425,T318
2013-11-21,1122,T318
2013-11-22,1381,T318
2013-11-23,1080,T318
2013-11-24,896,T318
2013-11-25,1456,T318
2013-11-26,1254,T318
2013-11-27,1396,T318
2013-11-28,992,T318
2013-11-29,1465,T318
2013-11-30,1080,T318
2013-12-01,925,T318
2013-12-02,1221,T318
2013-12-03,1052,T318
2013-12-04,1412,T318
2013-12-05,1116,T318
2013-12-06,1429,T318
2013-12-07,1098,T318
2013-12-08,923,T318
2013-12-09,1352,T318
2013-12-10,1110,T318
2013-12-11,1476,T318
2013-12-12,1206,T318
2013-12-13,1609,T318
2013-12-14,1336,T318
2013-12-15,962,T318
2013-12-16,1668,T318
2013-12-17,1514,T318
2013-12-18,1638,T318
2013-12-19,1482,T318
2013-12-20,1614,T318
2013-12-21,1469,T318
2013-12-22,1489,T318
2013-12-23,1099,T318
2013-12-24,876,T318
2013-12-25,1285,T318
2013-12-26,1933,T318
2013-12-27,1866,T318
2013-12-28,897,T318
2013-12-29,1221,T318
2013-12-30,1070,T318
2013-12-31,1036,T318
2014-01-01,1067,T318
2014-01-02,1262,T318
2014-01-03,1687,T318
2014-01-04,937,T318
2014-01-05,712,T318
2014-01-06,1053,T318
2014-01-07,793,T318
2014-01-08,1070,T318
2014-01-09,708,T318
2014-01-10,1018,T318
2014-01-11,780,T318
2014-01-12,687,T318
2014-01-13,1066,T318
2014-01-14,765,T318
2014-01-15,1239,T318
2014-01-16,761,T318
2014-01-17,1075,T318
2014-01-18,806,T318
2014-01-19,675,T318
2014-01-20,1186,T318
2014-01-21,756,T318
2014-01-22,1184,T318
2014-01-23,693,T318
2014-01-24,1095,T318
2014-01-25,785,T318
2014-01-26,669,T318
2014-01-27,1169,T318
2014-01-28,762,T318
2014-01-29,1138,T318
2014-01-30,705,T318
2014-01-31,1212,T318
2014-02-01,823,T318
2014-02-02,621,T318
2014-02-03,1177,T318
2014-02-04,735,T318
2014-02-05,1196,T318
2014-02-06,968,T318
2014-02-07,1197,T318
2014-02-08,898,T318
2014-02-09,655,T318
2014-02-10,1140,T318
2014-02-11,748,T318
2014-02-12,1184,T318
2014-02-13,831,T318
2014-02-14,1133,T318
2014-02-15,627,T318
2014-02-16,553,T318
2014-02-17,1092,T318
2014-02-18,720,T318
2014-02-19,1155,T318
2014-02-20,473,T318
2014-02-21,1260,T318
2014-02-22,955,T318
2014-02-23,650,T318
2014-02-24,1228,T318
2014-02-25,965,T318
2014-02-26,1239,T318
2014-02-27,914,T318
2014-02-28,1237,T318
2014-03-01,766,T318
2014-03-02,563,T318
2014-03-03,1316,T318
2014-03-04,790,T318
2014-03-05,1264,T318
2014-03-06,808,T318
2014-03-07,1398,T318
2014-03-08,1270,T318
2014-03-09,913,T318
2014-03-10,1540,T318
2014-03-11,1038,T318
2014-03-12,1541,T318
2014-03-13,1131,T318
2014-03-14,1512,T318
2014-03-15,1121,T318
2014-03-16,969,T318
2014-03-17,1303,T318
2014-03-18,609,T318
2014-03-19,1136,T318
2014-03-20,794,T318
2014-03-21,1273,T318
2014-03-22,796,T318
2014-03-23,626,T318
2014-03-24,1141,T318
2014-03-25,714,T318
2014-03-26,961,T318
2014-03-27,737,T318
2014-03-28,1180,T318
2014-03-29,703,T318
2014-03-30,590,T318
2014-03-31,1211,T318
2014-04-01,703,T318
2014-04-02,1191,T318
2014-04-03,688,T318
2014-04-04,1239,T318
2014-04-05,821,T318
2014-04-06,673,T318
2014-04-07,1322,T318
2014-04-08,906,T318
2014-04-09,1491,T318
2014-04-10,1257,T318
2014-04-11,1680,T318
2014-04-12,1522,T318
2014-04-13,1096,T318
2014-04-14,1788,T318
2014-04-15,1602,T318
2014-04-16,1694,T318
2014-04-17,1916,T318
2014-04-18,1879,T318
2014-04-19,1096,T318
2014-04-20,960,T318
2014-04-21,1363,T318
2014-04-22,574,T318
2014-04-23,1103,T318
2014-04-24,872,T318
2014-04-25,1233,T318
2014-04-26,826,T318
2014-04-27,677,T318
2014-04-28,1319,T318
2014-04-29,722,T318
2014-04-30,1340,T318
2014-05-01,767,T318
2014-05-02,1392,T318
2014-05-03,863,T318
2014-05-04,733,T318
2014-05-05,1426,T318
2014-05-06,933,T318
2014-05-07,1509,T318
2014-05-08,948,T318
2014-05-09,1429,T318
2014-05-10,1000,T318
2014-05-11,741,T318
2014-05-12,1365,T318
2014-05-13,839,T318
2014-05-14,1485,T318
2014-05-15,962,T318
2014-05-16,1461,T318
2014-05-17,934,T318
2014-05-18,749,T318
2014-05-19,1355,T318
2014-05-20,777,T318
2014-05-21,1252,T318
2014-05-22,793,T318
2014-05-23,1285,T318
2014-05-24,758,T318
2014-05-25,665,T318
2014-05-26,1290,T318
2014-05-27,692,T318
2014-05-28,1236,T318
2014-05-29,922,T318
2014-05-30,1320,T318
2014-05-31,947,T318
2014-06-01,725,T318
2014-06-02,1375,T318
2014-06-03,997,T318
2014-06-04,1391,T318
2014-06-05,974,T318
2014-06-06,1368,T318
2014-06-07,856,T318
2014-06-08,710,T318
2014-06-09,1479,T318
2014-06-10,956,T318
2014-06-11,1499,T318
2014-06-12,1018,T318
2014-06-13,1682,T318
2014-06-14,1643,T318
2014-06-15,1246,T318
2014-06-16,1918,T318
2014-06-17,1675,T318
2014-06-18,1989,T318
2014-06-19,1426,T318
2014-06-20,1794,T318
2014-06-21,1301,T318
2014-06-22,1006,T318
2014-06-23,1626,T318
2014-06-24,1143,T318
2014-06-25,1891,T318
2014-06-26,1550,T318
2014-06-27,1827,T318
2014-06-28,767,T318
2014-06-29,430,T318
2014-06-30,1083,T318
2014-07-01,749,T318
2014-07-02,1553,T318
2014-07-03,917,T318
2014-07-04,1438,T318
2014-07-05,1249,T318
2014-07-06,758,T318
2014-07-07,1526,T318
2014-07-08,892,T318
2014-07-09,1465,T318
2014-07-10,1097,T318
2014-07-11,1466,T318
2014-07-12,1060,T318
2014-07-13,669,T318
2014-07-14,1441,T318
2014-07-15,1022,T318
2014-07-16,1523,T318
2014-07-17,1055,T318
2014-07-18,1388,T318
2014-07-19,1087,T318
2014-07-20,833,T318
2014-07-21,1559,T318
2014-07-22,898,T318
2014-07-23,1494,T318
2014-07-24,1025,T318
2014-07-25,1531,T318
2014-07-26,1044,T318
2014-07-27,818,T318
2014-07-28,1529,T318
2014-07-29,1130,T318
2014-07-30,1627,T318
2014-07-31,1544,T318
2014-08-01,1857,T318
2014-08-02,1636,T318
2014-08-03,1166,T318
2014-08-04,1738,T318
2014-08-05,982,T318
2014-08-06,1416,T318
2014-08-07,1343,T318
2014-08-08,1539,T318
2014-08-09,1072,T318
2014-08-10,729,T318
2014-08-11,1428,T318
2014-08-12,959,T318
2014-08-13,1577,T318
2014-08-14,1230,T318
2014-08-15,1541,T318
2014-08-16,1316,T318
2014-08-17,750,T318
2014-08-18,1420,T318
2014-08-19,994,T318
2014-08-20,1391,T318
2012-01-01,1072,T82
2012-01-02,1465,T82
2012-01-03,11261,T82
2012-01-04,20654,T82
2012-01-05,19208,T82
2012-01-06,18469,T82
2012-01-07,6812,T82
2012-01-08,1556,T82
2012-01-09,18210,T82
2012-01-10,18800,T82
2012-01-11,18572,T82
2012-01-12,17479,T82
2012-01-13,13783,T82
2012-01-14,5109,T82
2012-01-15,1482,T82
2012-01-16,18813,T82
2012-01-17,20683,T82
2012-01-18,19321,T82
2012-01-19,18155,T82
2012-01-20,18594,T82
2012-01-21,5894,T82
2012-01-22,1527,T82
2012-01-23,17755,T82
2012-01-24,18442,T82
2012-01-25,18151,T82
2012-01-26,19100,T82
2012-01-27,14180,T82
2012-01-28,6061,T82
2012-01-29,1526,T82
2012-01-30,19030,T82
2012-01-31,19448,T82
2012-02-01,18624,T82
2012-02-02,19415,T82
2012-02-03,18414,T82
2012-02-04,4990,T82
2012-02-05,1469,T82
2012-02-06,15262,T82
2012-02-07,17328,T82
2012-02-08,17965,T82
2012-02-09,16754,T82
2012-02-10,15668,T82
2012-02-11,6186,T82
2012-02-12,1403,T82
2012-02-13,14393,T82
2012-02-14,18014,T82
2012-02-15,19248,T82
2012-02-16,19476,T82
2012-02-17,16364,T82
2012-02-18,3111,T82
2012-02-19,1129,T82
2012-02-20,1322,T82
2012-02-21,1462,T82
2012-02-22,15700,T82
2012-02-23,17204,T82
2012-02-24,16660,T82
2012-02-25,5038,T82
2012-02-26,1594,T82
2012-02-27,16962,T82
2012-02-28,18249,T82
2012-02-29,17666,T82
2012-03-01,15815,T82
2012-03-02,13596,T82
2012-03-03,5302,T82
2012-03-04,1615,T82
2012-03-05,16064,T82
2012-03-06,17335,T82
2012-03-07,17668,T82
2012-03-08,18420,T82
2012-03-09,14663,T82
2012-03-10,4118,T82
2012-03-11,1329,T82
2012-03-12,9247,T82
2012-03-13,10014,T82
2012-03-14,10432,T82
2012-03-15,13193,T82
2012-03-16,15111,T82
2012-03-17,5718,T82
2012-03-18,1197,T82
2012-03-19,16689,T82
2012-03-20,16468,T82
2012-03-21,17390,T82
2012-03-22,18483,T82
2012-03-23,19053,T82
2012-03-24,6472,T82
2012-03-25,1168,T82
2012-03-26,15703,T82
2012-03-27,17727,T82
2012-03-28,17142,T82
2012-03-29,17255,T82
2012-03-30,16258,T82
2012-03-31,4539,T82
2012-04-01,1049,T82
2012-04-02,11616,T82
2012-04-03,18173,T82
2012-04-04,18119,T82
2012-04-05,17028,T82
2012-04-06,4417,T82
2012-04-07,1050,T82
2012-04-08,1070,T82
2012-04-09,1056,T82
2012-04-10,11657,T82
2012-04-11,17595,T82
2012-04-12,15937,T82
2012-04-13,13187,T82
2012-04-14,5448,T82
2012-04-15,1522,T82
2012-04-16,17486,T82
2012-04-17,17809,T82
2012-04-18,17916,T82
2012-04-19,15846,T82
2012-04-20,13804,T82
2012-04-21,3300,T82
2012-04-22,1362,T82
2012-04-23,16332,T82
2012-04-24,16867,T82
2012-04-25,13883,T82
2012-04-26,13521,T82
2012-04-27,12851,T82
2012-04-28,4303,T82
2012-04-29,1141,T82
2012-04-30,1383,T82
2012-05-01,1570,T82
2012-05-02,18473,T82
2012-05-03,19782,T82
2012-05-04,18897,T82
2012-05-05,6396,T82
2012-05-06,1293,T82
2012-05-07,14111,T82
2012-05-08,16696,T82
2012-05-09,18813,T82
2012-05-10,17077,T82
2012-05-11,11596,T82
2012-05-12,3920,T82
2012-05-13,1165,T82
2012-05-14,16156,T82
2012-05-15,15430,T82
2012-05-16,14610,T82
2012-05-17,14878,T82
2012-05-18,15599,T82
2012-05-19,5805,T82
2012-05-20,1230,T82
2012-05-21,11619,T82
2012-05-22,12706,T82
2012-05-23,12544,T82
2012-05-24,15173,T82
2012-05-25,14414,T82
2012-05-26,3972,T82
2012-05-27,1377,T82
2012-05-28,12780,T82
2012-05-29,14622,T82
2012-05-30,16392,T82
2012-05-31,15505,T82
2012-06-01,14186,T82
2012-06-02,4818,T82
2012-06-03,1147,T82
2012-06-04,17062,T82
2012-06-05,16704,T82
2012-06-06,19424,T82
2012-06-07,17185,T82
2012-06-08,3873,T82
2012-06-09,932,T82
2012-06-10,1085,T82
2012-06-11,17262,T82
2012-06-12,18376,T82
2012-06-13,17735,T82
2012-06-14,18275,T82
2012-06-15,17784,T82
2012-06-16,6360,T82
2012-06-17,1380,T82
2012-06-18,12593,T82
2012-06-19,10804,T82
2012-06-20,16175,T82
2012-06-21,15964,T82
2012-06-22,16406,T82
2012-06-23,3484,T82
2012-06-24,1141,T82
2012-06-25,17438,T82
2012-06-26,16965,T82
2012-06-27,13133,T82
2012-06-28,11819,T82
2012-06-29,9454,T82
2012-06-30,2758,T82
2012-07-01,784,T82
2012-07-02,5712,T82
2012-07-03,19294,T82
2012-07-04,19594,T82
2012-07-05,19309,T82
2012-07-06,18571,T82
2012-07-07,6070,T82
2012-07-08,1417,T82
2012-07-09,14553,T82
2012-07-10,18204,T82
2012-07-11,18029,T82
2012-07-12,16330,T82
2012-07-13,12967,T82
2012-07-14,4304,T82
2012-07-15,1193,T82
2012-07-16,16909,T82
2012-07-17,18358,T82
2012-07-18,17523,T82
2012-07-19,18589,T82
2012-07-20,19734,T82
2012-07-21,7190,T82
2012-07-22,1192,T82
2012-07-23,14722,T82
2012-07-24,18172,T82
2012-07-25,18092,T82
2012-07-26,17349,T82
2012-07-27,13622,T82
2012-07-28,4478,T82
2012-07-29,1178,T82
2012-07-30,13357,T82
2012-07-31,12844,T82
2012-08-01,14678,T82
2012-08-02,18280,T82
2012-08-03,17856,T82
2012-08-04,4671,T82
2012-08-05,769,T82
2012-08-06,1053,T82
2012-08-07,929,T82
2012-08-08,1069,T82
2012-08-09,1612,T82
2012-08-10,1146,T82
2012-08-11,839,T82
2012-08-12,862,T82
2012-08-13,827,T82
2012-08-14,777,T82
2012-08-15,752,T82
2012-08-16,781,T82
2012-08-17,837,T82
2012-08-18,841,T82
2012-08-19,855,T82
2012-08-20,973,T82
2012-08-21,1252,T82
2012-08-22,11421,T82
2012-08-23,18993,T82
2012-08-24,18482,T82
2012-08-25,5083,T82
2012-08-26,1002,T82
2012-08-27,15554,T82
2012-08-28,16967,T82
2012-08-29,16717,T82
2012-08-30,18207,T82
2012-08-31,12359,T82
2012-09-01,4630,T82
2012-09-02,1428,T82
2012-09-03,17291,T82
2012-09-04,18125,T82
2012-09-05,18334,T82
2012-09-06,14118,T82
2012-09-07,13162,T82
2012-09-08,4803,T82
2012-09-09,1302,T82
2012-09-10,17482,T82
2012-09-11,18357,T82
2012-09-12,19135,T82
2012-09-13,19199,T82
2012-09-14,21391,T82
2012-09-15,5433,T82
2012-09-16,1239,T82
2012-09-17,12310,T82
2012-09-18,13508,T82
2012-09-19,13246,T82
2012-09-20,17900,T82
2012-09-21,17743,T82
2012-09-22,6630,T82
2012-09-23,1362,T82
2012-09-24,18448,T82
2012-09-25,20371,T82
2012-09-26,17223,T82
2012-09-27,18078,T82
2012-09-28,18714,T82
2012-09-29,7018,T82
2012-09-30,1263,T82
2012-10-01,7378,T82
2012-10-02,14937,T82
2012-10-03,15728,T82
2012-10-04,19853,T82
2012-10-05,6376,T82
2012-10-06,886,T82
2012-10-07,893,T82
2012-10-08,5578,T82
2012-10-09,13480,T82
2012-10-10,13340,T82
2012-10-11,14131,T82
2012-10-12,13851,T82
2012-10-13,5206,T82
2012-10-14,1147,T82
2012-10-15,9390,T82
2012-10-16,17852,T82
2012-10-17,18784,T82
2012-10-18,18617,T82
2012-10-19,19024,T82
2012-10-20,6280,T82
2012-10-21,1254,T82
2012-10-22,9899,T82
2012-10-23,19421,T82
2012-10-24,18916,T82
2012-10-25,19620,T82
2012-10-26,19680,T82
2012-10-27,6837,T82
2012-10-28,1318,T82
2012-10-29,8539,T82
2012-10-30,20817,T82
2012-10-31,19332,T82
2012-11-01,1272,T82
2012-11-02,1316,T82
2012-11-03,1193,T82
2012-11-04,1174,T82
2012-11-05,9686,T82
2012-11-06,18900,T82
2012-11-07,19047,T82
2012-11-08,18316,T82
2012-11-09,17936,T82
2012-11-10,6164,T82
2012-11-11,1157,T82
2012-11-12,8111,T82
2012-11-13,14623,T82
2012-11-14,15013,T82
2012-11-15,14390,T82
2012-11-16,13815,T82
2012-11-17,5232,T82
2012-11-18,1142,T82
2012-11-19,7193,T82
2012-11-20,18692,T82
2012-11-21,18158,T82
2012-11-22,18458,T82
2012-11-23,18662,T82
2012-11-24,6987,T82
2012-11-25,1348,T82
2012-11-26,9379,T82
2012-11-27,19953,T82
2012-11-28,19721,T82
2012-11-29,19807,T82
2012-11-30,20212,T82
2012-12-01,1310,T82
2012-12-02,1289,T82
2012-12-03,8131,T82
2012-12-04,15516,T82
2012-12-05,16868,T82
2012-12-06,16719,T82
2012-12-07,17520,T82
2012-12-08,1349,T82
2012-12-09,1060,T82
2012-12-10,8636,T82
2012-12-11,20997,T82
2012-12-12,20367,T82
2012-12-13,19940,T82
2012-12-14,19438,T82
2012-12-15,6898,T82
2012-12-16,1492,T82
2012-12-17,9910,T82
2012-12-18,21169,T82
2012-12-19,20723,T82
2012-12-20,16504,T82
2012-12-21,4536,T82
2012-12-22,1593,T82
2012-12-23,1349,T82
2012-12-24,1399,T82
2012-12-25,1350,T82
2012-12-26,2032,T82
2012-12-27,2298,T82
2012-12-28,2455,T82
2012-12-29,1616,T82
2012-12-30,1329,T82
2012-12-31,1318,T82
2013-01-01,1260,T82
2013-01-02,2056,T82
2013-01-03,9587,T82
2013-01-04,14200,T82
2013-01-05,5391,T82
2013-01-06,1581,T82
2013-01-07,8458,T82
2013-01-08,18267,T82
2013-01-09,20266,T82
2013-01-10,20215,T82
2013-01-11,18456,T82
2013-01-12,7260,T82
2013-01-13,1459,T82
2013-01-14,11998,T82
2013-01-15,19188,T82
2013-01-16,21694,T82
2013-01-17,19346,T82
2013-01-18,20152,T82
2013-01-19,7516,T82
2013-01-20,1193,T82
2013-01-21,11820,T82
2013-01-22,18899,T82
2013-01-23,18883,T82
2013-01-24,19201,T82
2013-01-25,19967,T82
2013-01-26,7640,T82
2013-01-27,1281,T82
2013-01-28,10122,T82
2013-01-29,16192,T82
2013-01-30,20400,T82
2013-01-31,21971,T82
2013-02-01,22419,T82
2013-02-02,7246,T82
2013-02-03,1274,T82
2013-02-04,7625,T82
2013-02-05,18727,T82
2013-02-06,21159,T82
2013-02-07,20253,T82
2013-02-08,20156,T82
2013-02-09,7502,T82
2013-02-10,1430,T82
2013-02-11,2055,T82
2013-02-12,3103,T82
2013-02-13,20007,T82
2013-02-14,21573,T82
2013-02-15,20117,T82
2013-02-16,7794,T82
2013-02-17,1265,T82
2013-02-18,12754,T82
2013-02-19,19988,T82
2013-02-20,19087,T82
2013-02-21,18998,T82
2013-02-22,19283,T82
2013-02-23,7651,T82
2013-02-24,1275,T82
2013-02-25,10909,T82
2013-02-26,18101,T82
2013-02-27,21072,T82
2013-02-28,21124,T82
2013-03-01,20059,T82
2013-03-02,6095,T82
2013-03-03,1418,T82
2013-03-04,7384,T82
2013-03-05,18487,T82
2013-03-06,20548,T82
2013-03-07,19670,T82
2013-03-08,21256,T82
2013-03-09,7300,T82
2013-03-10,1329,T82
2013-03-11,10942,T82
2013-03-12,20310,T82
2013-03-13,21816,T82
2013-03-14,20017,T82
2013-03-15,21974,T82
2013-03-16,8241,T82
2013-03-17,1237,T82
2013-03-18,11754,T82
2013-03-19,19338,T82
2013-03-20,18155,T82
2013-03-21,18384,T82
2013-03-22,21498,T82
2013-03-23,7220,T82
2013-03-24,1181,T82
2013-03-25,12672,T82
2013-03-26,22001,T82
2013-03-27,23187,T82
2013-03-28,20916,T82
2013-03-29,1317,T82
2013-03-30,1220,T82
2013-03-31,1151,T82
2013-04-01,1251,T82
2013-04-02,19356,T82
2013-04-03,19086,T82
2013-04-04,18342,T82
2013-04-05,18025,T82
2013-04-06,6127,T82
2013-04-07,1061,T82
2013-04-08,10027,T82
2013-04-09,17466,T82
2013-04-10,17914,T82
2013-04-11,16748,T82
2013-04-12,15463,T82
2013-04-13,5178,T82
2013-04-14,1097,T82
2013-04-15,11130,T82
2013-04-16,18323,T82
2013-04-17,19578,T82
2013-04-18,19398,T82
2013-04-19,18242,T82
2013-04-20,7219,T82
2013-04-21,1203,T82
2013-04-22,14151,T82
2013-04-23,20012,T82
2013-04-24,17344,T82
2013-04-25,1123,T82
2013-04-26,1396,T82
2013-04-27,772,T82
2013-04-28,773,T82
2013-04-29,14103,T82
2013-04-30,18349,T82
2013-05-01,18007,T82
2013-05-02,18666,T82
2013-05-03,7046,T82
2013-05-04,1410,T82
2013-05-05,1507,T82
2013-05-06,19205,T82
2013-05-07,19398,T82
2013-05-08,18158,T82
2013-05-09,19903,T82
2013-05-10,19056,T82
2013-05-11,5648,T82
2013-05-12,1032,T82
2013-05-13,17725,T82
2013-05-14,18177,T82
2013-05-15,17579,T82
2013-05-16,17128,T82
2013-05-17,18055,T82
2013-05-18,6365,T82
2013-05-19,1454,T82
2013-05-20,16884,T82
2013-05-21,18475,T82
2013-05-22,17708,T82
2013-05-23,17673,T82
2013-05-24,15282,T82
2013-05-25,4447,T82
2013-05-26,1027,T82
2013-05-27,16747,T82
2013-05-28,18058,T82
2013-05-29,18766,T82
2013-05-30,14740,T82
2013-05-31,13054,T82
2013-06-01,4949,T82
2013-06-02,667,T82
2013-06-03,15429,T82
2013-06-04,17207,T82
2013-06-05,18613,T82
2013-06-06,19674,T82
2013-06-07,19156,T82
2013-06-08,15539,T82
2013-06-09,957,T82
2013-06-10,1323,T82
2013-06-11,17918,T82
2013-06-12,19516,T82
2013-06-13,17767,T82
2013-06-14,16556,T82
2013-06-15,14784,T82
2013-06-16,813,T82
2013-06-17,13057,T82
2013-06-18,15428,T82
2013-06-19,13111,T82
2013-06-20,14649,T82
2013-06-21,16559,T82
2013-06-22,12673,T82
2013-06-23,843,T82
2013-06-24,881,T82
2013-06-25,16282,T82
2013-06-26,17240,T82
2013-06-27,14908,T82
2013-06-28,16351,T82
2013-06-29,7019,T82
2013-06-30,1268,T82
2013-07-01,16443,T82
2013-07-02,18158,T82
2013-07-03,16814,T82
2013-07-04,18305,T82
2013-07-05,18209,T82
2013-07-06,14829,T82
2013-07-07,1262,T82
2013-07-08,18485,T82
2013-07-09,17328,T82
2013-07-10,18667,T82
2013-07-11,18261,T82
2013-07-12,18111,T82
2013-07-13,15100,T82
2013-07-14,1031,T82
2013-07-15,16262,T82
2013-07-16,17704,T82
2013-07-17,18482,T82
2013-07-18,17742,T82
2013-07-19,16712,T82
2013-07-20,12047,T82
2013-07-21,1058,T82
2013-07-22,12735,T82
2013-07-23,13942,T82
2013-07-24,16509,T82
2013-07-25,18956,T82
2013-07-26,17217,T82
2013-07-27,10652,T82
2013-07-28,1178,T82
2013-07-29,17802,T82
2013-07-30,18603,T82
2013-07-31,19118,T82
2013-08-01,18249,T82
2013-08-02,18587,T82
2013-08-03,6716,T82
2013-08-04,909,T82
2013-08-05,16613,T82
2013-08-06,17240,T82
2013-08-07,17452,T82
2013-08-08,1398,T82
2013-08-09,1360,T82
2013-08-10,1233,T82
2013-08-11,822,T82
2013-08-12,1143,T82
2013-08-13,1333,T82
2013-08-14,1338,T82
2013-08-15,785,T82
2013-08-16,943,T82
2013-08-17,1159,T82
2013-08-18,770,T82
2013-08-19,790,T82
2013-08-20,807,T82
2013-08-21,1746,T82
2013-08-22,1594,T82
2013-08-23,1394,T82
2013-08-24,845,T82
2013-08-25,1147,T82
2013-08-26,16006,T82
2013-08-27,18530,T82
2013-08-28,18672,T82
2013-08-29,18013,T82
2013-08-30,13755,T82
2013-08-31,4412,T82
2013-09-01,1057,T82
2013-09-02,5986,T82
2013-09-03,18311,T82
2013-09-04,18570,T82
2013-09-05,18780,T82
2013-09-06,18505,T82
2013-09-07,16464,T82
2013-09-08,5026,T82
2013-09-09,16923,T82
2013-09-10,20162,T82
2013-09-11,20759,T82
2013-09-12,18281,T82
2013-09-13,18180,T82
2013-09-14,13148,T82
2013-09-15,3975,T82
2013-09-16,13686,T82
2013-09-17,14666,T82
2013-09-18,18053,T82
2013-09-19,19533,T82
2013-09-20,16531,T82
2013-09-21,11704,T82
2013-09-22,4100,T82
2013-09-23,16666,T82
2013-09-24,19684,T82
2013-09-25,19460,T82
2013-09-26,19057,T82
2013-09-27,20321,T82
2013-09-28,15464,T82
2013-09-29,4098,T82
2013-09-30,12087,T82
2013-10-01,12613,T82
2013-10-02,15770,T82
2013-10-03,18383,T82
2013-10-04,18088,T82
2013-10-05,14003,T82
2013-10-06,3010,T82
2013-10-07,17186,T82
2013-10-08,19095,T82
2013-10-09,19442,T82
2013-10-10,18927,T82
2013-10-11,16065,T82
2013-10-12,7243,T82
2013-10-13,4324,T82
2013-10-14,17102,T82
2013-10-15,17617,T82
2013-10-16,17161,T82
2013-10-17,17939,T82
2013-10-18,17173,T82
2013-10-19,12856,T82
2013-10-20,3072,T82
2013-10-21,14546,T82
2013-10-22,12421,T82
2013-10-23,15099,T82
2013-10-24,16141,T82
2013-10-25,19725,T82
2013-10-26,13154,T82
2013-10-27,3743,T82
2013-10-28,13054,T82
2013-10-29,15939,T82
2013-10-30,15479,T82
2013-10-31,14617,T82
2013-11-01,15667,T82
2013-11-02,7060,T82
2013-11-03,4089,T82
2013-11-04,14789,T82
2013-11-05,15225,T82
2013-11-06,18935,T82
2013-11-07,19881,T82
2013-11-08,20822,T82
2013-11-09,7693,T82
2013-11-10,4419,T82
2013-11-11,16263,T82
2013-11-12,18145,T82
2013-11-13,18249,T82
2013-11-14,18611,T82
2013-11-15,19424,T82
2013-11-16,8954,T82
2013-11-17,2629,T82
2013-11-18,13812,T82
2013-11-19,13265,T82
2013-11-20,13354,T82
2013-11-21,17789,T82
2013-11-22,17385,T82
2013-11-23,11579,T82
2013-11-24,6189,T82
2013-11-25,22399,T82
2013-11-26,21642,T82
2013-11-27,18813,T82
2013-11-28,20530,T82
2013-11-29,21595,T82
2013-11-30,8340,T82
2013-12-01,5986,T82
2013-12-02,18818,T82
2013-12-03,19155,T82
2013-12-04,21159,T82
2013-12-05,17866,T82
2013-12-06,16587,T82
2013-12-07,7123,T82
2013-12-08,1502,T82
2013-12-09,12187,T82
2013-12-10,14503,T82
2013-12-11,15744,T82
2013-12-12,19623,T82
2013-12-13,18726,T82
2013-12-14,8875,T82
2013-12-15,5228,T82
2013-12-16,18913,T82
2013-12-17,19866,T82
2013-12-18,17489,T82
2013-12-19,10525,T82
2013-12-20,4771,T82
2013-12-21,1294,T82
2013-12-22,1134,T82
2013-12-23,1408,T82
2013-12-24,1165,T82
2013-12-25,1109,T82
2013-12-26,1437,T82
2013-12-27,1162,T82
2013-12-28,1107,T82
2013-12-29,1108,T82
2013-12-30,1154,T82
2013-12-31,1140,T82
2014-01-01,1128,T82
2014-01-02,1307,T82
2014-01-03,1315,T82
2014-01-04,1099,T82
2014-01-05,1122,T82
2014-01-06,18713,T82
2014-01-07,20310,T82
2014-01-08,19985,T82
2014-01-09,18932,T82
2014-01-10,20066,T82
2014-01-11,7725,T82
2014-01-12,1298,T82
2014-01-13,19636,T82
2014-01-14,22113,T82
2014-01-15,20156,T82
2014-01-16,20328,T82
2014-01-17,17452,T82
2014-01-18,4965,T82
2014-01-19,1624,T82
2014-01-20,21833,T82
2014-01-21,22401,T82
2014-01-22,21359,T82
2014-01-23,19945,T82
2014-01-24,19428,T82
2014-01-25,7181,T82
2014-01-26,1660,T82
2014-01-27,20339,T82
2014-01-28,20526,T82
2014-01-29,21024,T82
2014-01-30,22609,T82
2014-01-31,21427,T82
2014-02-01,7809,T82
2014-02-02,1704,T82
2014-02-03,20958,T82
2014-02-04,21572,T82
2014-02-05,21527,T82
2014-02-06,21011,T82
2014-02-07,20872,T82
2014-02-08,7484,T82
2014-02-09,1464,T82
2014-02-10,17668,T82
2014-02-11,21156,T82
2014-02-12,22815,T82
2014-02-13,22055,T82
2014-02-14,20869,T82
2014-02-15,8958,T82
2014-02-16,1578,T82
2014-02-17,18234,T82
2014-02-18,21306,T82
2014-02-19,19919,T82
2014-02-20,19772,T82
2014-02-21,19591,T82
2014-02-22,8673,T82
2014-02-23,1470,T82
2014-02-24,14269,T82
2014-02-25,16432,T82
2014-02-26,17032,T82
2014-02-27,20562,T82
2014-02-28,19361,T82
2014-03-01,8074,T82
2014-03-02,1277,T82
2014-03-03,1378,T82
2014-03-04,1250,T82
2014-03-05,19941,T82
2014-03-06,20148,T82
2014-03-07,19226,T82
2014-03-08,7956,T82
2014-03-09,1380,T82
2014-03-10,19933,T82
2014-03-11,19578,T82
2014-03-12,18331,T82
2014-03-13,18549,T82
2014-03-14,15149,T82
2014-03-15,6805,T82
2014-03-16,1579,T82
2014-03-17,19812,T82
2014-03-18,19759,T82
2014-03-19,18666,T82
2014-03-20,20411,T82
2014-03-21,21865,T82
2014-03-22,7961,T82
2014-03-23,1130,T82
2014-03-24,14673,T82
2014-03-25,15648,T82
2014-03-26,21112,T82
2014-03-27,21443,T82
2014-03-28,21182,T82
2014-03-29,7449,T82
2014-03-30,1215,T82
2014-03-31,19293,T82
2014-04-01,20164,T82
2014-04-02,20818,T82
2014-04-03,22117,T82
2014-04-04,22490,T82
2014-04-05,7343,T82
2014-04-06,1781,T82
2014-04-07,18371,T82
2014-04-08,19541,T82
2014-04-09,18979,T82
2014-04-10,18683,T82
2014-04-11,18709,T82
2014-04-12,6189,T82
2014-04-13,1237,T82
2014-04-14,13645,T82
2014-04-15,17022,T82
2014-04-16,18589,T82
2014-04-17,18327,T82
2014-04-18,6026,T82
2014-04-19,1117,T82
2014-04-20,1102,T82
2014-04-21,1104,T82
2014-04-22,16084,T82
2014-04-23,17297,T82
2014-04-24,18741,T82
2014-04-25,6012,T82
2014-04-26,1369,T82
2014-04-27,1386,T82
2014-04-28,18430,T82
2014-04-29,16445,T82
2014-04-30,15960,T82
2014-05-01,14054,T82
2014-05-02,5193,T82
2014-05-03,903,T82
2014-05-04,851,T82
2014-05-05,13749,T82
2014-05-06,15590,T82
2014-05-07,18613,T82
2014-05-08,18421,T82
2014-05-09,17431,T82
2014-05-10,6310,T82
2014-05-11,876,T82
2014-05-12,18674,T82
2014-05-13,19208,T82
2014-05-14,18838,T82
2014-05-15,19156,T82
2014-05-16,18012,T82
2014-05-17,5194,T82
2014-05-18,1137,T82
2014-05-19,15641,T82
2014-05-20,18561,T82
2014-05-21,19173,T82
2014-05-22,19995,T82
2014-05-23,21852,T82
2014-05-24,7564,T82
2014-05-25,820,T82
2014-05-26,19817,T82
2014-05-27,21981,T82
2014-05-28,18576,T82
2014-05-29,18106,T82
2014-05-30,19656,T82
2014-05-31,6805,T82
2014-06-01,859,T82
2014-06-02,15419,T82
2014-06-03,20744,T82
2014-06-04,22585,T82
2014-06-05,23026,T82
2014-06-06,21265,T82
2014-06-07,9185,T82
2014-06-08,963,T82
2014-06-09,18324,T82
2014-06-10,20883,T82
2014-06-11,19330,T82
2014-06-12,16972,T82
2014-06-13,18871,T82
2014-06-14,7543,T82
2014-06-15,1074,T82
2014-06-16,19760,T82
2014-06-17,19095,T82
2014-06-18,19411,T82
2014-06-19,20439,T82
2014-06-20,18728,T82
2014-06-21,5480,T82
2014-06-22,854,T82
2014-06-23,840,T82
2014-06-24,841,T82
2014-06-25,16562,T82
2014-06-26,20622,T82
2014-06-27,18296,T82
2014-06-28,5117,T82
2014-06-29,961,T82
2014-06-30,12926,T82
2014-07-01,12214,T82
2014-07-02,22297,T82
2014-07-03,21238,T82
2014-07-04,21368,T82
2014-07-05,7162,T82
2014-07-06,1125,T82
2014-07-07,22794,T82
2014-07-08,21787,T82
2014-07-09,23288,T82
2014-07-10,22935,T82
2014-07-11,22622,T82
2014-07-12,8033,T82
2014-07-13,997,T82
2014-07-14,17796,T82
2014-07-15,19379,T82
2014-07-16,18757,T82
2014-07-17,18623,T82
2014-07-18,19502,T82
2014-07-19,8943,T82
2014-07-20,1235,T82
2014-07-21,19847,T82
2014-07-22,19639,T82
2014-07-23,19610,T82
2014-07-24,19115,T82
2014-07-25,18527,T82
2014-07-26,7924,T82
2014-07-27,1385,T82
2014-07-28,21638,T82
2014-07-29,21616,T82
2014-07-30,19189,T82
2014-07-31,20837,T82
2014-08-01,19725,T82
2014-08-02,8644,T82
2014-08-03,891,T82
2014-08-04,20040,T82
2014-08-05,20813,T82
2014-08-06,21187,T82
2014-08-07,1733,T82
2014-08-08,1472,T82
2014-08-09,992,T82
2014-08-10,893,T82
2014-08-11,1053,T82
2014-08-12,1172,T82
2014-08-13,1197,T82
2014-08-14,1641,T82
2014-08-15,848,T82
2014-08-16,1410,T82
2014-08-17,941,T82
2014-08-18,1185,T82
2014-08-19,1218,T82
2014-08-20,1201,T82
2012-01-01,6277,T128
2012-01-02,6276,T128
2012-01-03,6275,T128
2012-01-04,6275,T128
2012-01-05,6276,T128
2012-01-06,6275,T128
2012-01-07,6276,T128
2012-01-08,6151,T128
2012-01-09,6150,T128
2012-01-10,6150,T128
2012-01-11,6150,T128
2012-01-12,6150,T128
2012-01-13,6150,T128
2012-01-14,6150,T128
2012-01-15,6150,T128
2012-01-16,6150,T128
2012-01-17,6150,T128
2012-01-18,6150,T128
2012-01-19,6150,T128
2012-01-20,6150,T128
2012-01-21,6149,T128
2012-01-22,6150,T128
2012-01-23,6150,T128
2012-01-24,6150,T128
2012-01-25,6150,T128
2012-01-26,6150,T128
2012-01-27,6150,T128
2012-01-28,6150,T128
2012-01-29,6150,T128
2012-01-30,6150,T128
2012-01-31,6150,T128
2012-02-01,6150,T128
2012-02-02,6150,T128
2012-02-03,6150,T128
2012-02-04,6150,T128
2012-02-05,6150,T128
2012-02-06,6149,T128
2012-02-07,6150,T128
2012-02-08,6334,T128
2012-02-09,6336,T128
2012-02-10,6336,T128
2012-02-11,6336,T128
2012-02-12,6336,T128
2012-02-13,6336,T128
2012-02-14,6336,T128
2012-02-15,6336,T128
2012-02-16,6336,T128
2012-02-17,6336,T128
2012-02-18,6336,T128
2012-02-19,6336,T128
2012-02-20,6336,T128
2012-02-21,6336,T128
2012-02-22,6336,T128
2012-02-23,6336,T128
2012-02-24,6336,T128
2012-02-25,6336,T128
2012-02-26,6336,T128
2012-02-27,6336,T128
2012-02-28,6336,T128
2012-02-29,6336,T128
2012-03-01,6336,T128
2012-03-02,6336,T128
2012-03-03,6336,T128
2012-03-04,6336,T128
2012-03-05,6336,T128
2012-03-06,6336,T128
2012-03-07,6336,T128
2012-03-08,6553,T128
2012-03-09,6554,T128
2012-03-10,6555,T128
2012-03-11,6555,T128
2012-03-12,6555,T128
2012-03-13,6554,T128
2012-03-14,6555,T128
2012-03-15,6555,T128
2012-03-16,6555,T128
2012-03-17,6554,T128
2012-03-18,6555,T128
2012-03-19,6555,T128
2012-03-20,6555,T128
2012-03-21,6554,T128
2012-03-22,6555,T128
2012-03-23,6555,T128
2012-03-24,6555,T128
2012-03-25,6285,T128
2012-03-26,6555,T128
2012-03-27,6555,T128
2012-03-28,6554,T128
2012-03-29,6555,T128
2012-03-30,6555,T128
2012-03-31,6555,T128
2012-04-01,6554,T128
2012-04-02,6555,T128
2012-04-03,6555,T128
2012-04-04,6555,T128
2012-04-05,6554,T128
2012-04-06,6555,T128
2012-04-07,6555,T128
2012-04-08,6433,T128
2012-04-09,6432,T128
2012-04-10,6432,T128
2012-04-11,6432,T128
2012-04-12,6432,T128
2012-04-13,6432,T128
2012-04-14,6432,T128
2012-04-15,6432,T128
2012-04-16,6432,T128
2012-04-17,6432,T128
2012-04-18,6432,T128
2012-04-19,6432,T128
2012-04-20,6432,T128
2012-04-21,6432,T128
2012-04-22,6432,T128
2012-04-23,6432,T128
2012-04-24,6432,T128
2012-04-25,6432,T128
2012-04-26,6432,T128
2012-04-27,6432,T128
2012-04-28,6432,T128
2012-04-29,6432,T128
2012-04-30,6432,T128
2012-05-01,6432,T128
2012-05-02,6432,T128
2012-05-03,6432,T128
2012-05-04,6432,T128
2012-05-05,6432,T128
2012-05-06,6432,T128
2012-05-07,6432,T128
2012-05-08,7958,T128
2012-05-09,7974,T128
2012-05-10,7974,T128
2012-05-11,7974,T128
2012-05-12,7973,T128
2012-05-13,7974,T128
2012-05-14,7974,T128
2012-05-15,7974,T128
2012-05-16,7974,T128
2012-05-17,7973,T128
2012-05-18,7974,T128
2012-05-19,7974,T128
2012-05-20,7974,T128
2012-05-21,7974,T128
2012-05-22,7973,T128
2012-05-23,7974,T128
2012-05-24,7974,T128
2012-05-25,7974,T128
2012-05-26,7974,T128
2012-05-27,7974,T128
2012-05-28,7973,T128
2012-05-29,7974,T128
2012-05-30,7974,T128
2012-05-31,7974,T128
2012-06-01,7974,T128
2012-06-02,7973,T128
2012-06-03,7974,T128
2012-06-04,7974,T128
2012-06-05,7974,T128
2012-06-06,7974,T128
2012-06-07,7973,T128
2012-06-08,7329,T128
2012-06-09,7323,T128
2012-06-10,7323,T128
2012-06-11,7322,T128
2012-06-12,7323,T128
2012-06-13,7322,T128
2012-06-14,7323,T128
2012-06-15,7322,T128
2012-06-16,7323,T128
2012-06-17,7322,T128
2012-06-18,7323,T128
2012-06-19,7322,T128
2012-06-20,7323,T128
2012-06-21,7322,T128
2012-06-22,7323,T128
2012-06-23,7322,T128
2012-06-24,7323,T128
2012-06-25,7323,T128
2012-06-26,7322,T128
2012-06-27,7323,T128
2012-06-28,7322,T128
2012-06-29,7323,T128
2012-06-30,7322,T128
2012-07-01,7323,T128
2012-07-02,7322,T128
2012-07-03,7323,T128
2012-07-04,7322,T128
2012-07-05,7323,T128
2012-07-06,7322,T128
2012-07-07,7323,T128
2012-07-08,7106,T128
2012-07-09,7104,T128
2012-07-10,7104,T128
2012-07-11,7104,T128
2012-07-12,7104,T128
2012-07-13,7104,T128
2012-07-14,7104,T128
2012-07-15,7104,T128
2012-07-16,7104,T128
2012-07-17,7104,T128
2012-07-18,7104,T128
2012-07-19,7104,T128
2012-07-20,7104,T128
2012-07-21,7104,T128
2012-07-22,7104,T128
2012-07-23,7104,T128
2012-07-24,7104,T128
2012-07-25,7104,T128
2012-07-26,7104,T128
2012-07-27,7104,T128
2012-07-28,7104,T128
2012-07-29,7104,T128
2012-07-30,7104,T128
2012-07-31,7104,T128
2012-08-01,812,T128
2012-08-02,733,T128
2012-08-03,778,T128
2012-08-04,691,T128
2012-08-05,590,T128
2012-08-06,730,T128
2012-08-07,877,T128
2012-08-08,683,T128
2012-08-09,651,T128
2012-08-10,712,T128
2012-08-11,666,T128
2012-08-12,382,T128
2012-08-13,799,T128
2012-08-14,837,T128
2012-08-15,483,T128
2012-08-16,590,T128
2012-08-17,615,T128
2012-08-18,475,T128
2012-08-19,299,T128
2012-08-20,597,T128
2012-08-21,616,T128
2012-08-22,644,T128
2012-08-23,603,T128
2012-08-24,595,T128
2012-08-25,498,T128
2012-08-26,248,T128
2012-08-27,539,T128
2012-08-28,560,T128
2012-08-29,724,T128
2012-08-30,770,T128
2012-08-31,640,T128
2012-09-01,441,T128
2012-09-02,220,T128
2012-09-03,606,T128
2012-09-04,695,T128
2012-09-05,809,T128
2012-09-06,4150,T128
2012-09-07,6166,T128
2012-09-08,6664,T128
2012-09-09,6849,T128
2012-09-10,8358,T128
2012-09-11,8959,T128
2012-09-12,9536,T128
2012-09-13,7532,T128
2012-09-14,7389,T128
2012-09-15,6175,T128
2012-09-16,3005,T128
2012-09-17,5377,T128
2012-09-18,4736,T128
2012-09-19,5432,T128
2012-09-20,5232,T128
2012-09-21,4086,T128
2012-09-22,2823,T128
2012-09-23,839,T128
2012-09-24,2336,T128
2012-09-25,3759,T128
2012-09-26,4416,T128
2012-09-27,5893,T128
2012-09-28,7122,T128
2012-09-29,7876,T128
2012-09-30,6774,T128
2012-10-01,7799,T128
2012-10-02,6089,T128
2012-10-03,7450,T128
2012-10-04,7490,T128
2012-10-05,8843,T128
2012-10-06,5946,T128
2012-10-07,4797,T128
2012-10-08,7180,T128
2012-10-09,7264,T128
2012-10-10,7490,T128
2012-10-11,8370,T128
2012-10-12,8400,T128
2012-10-13,7378,T128
2012-10-14,4309,T128
2012-10-15,6074,T128
2012-10-16,7078,T128
2012-10-17,7516,T128
2012-10-18,7001,T128
2012-10-19,6393,T128
2012-10-20,6676,T128
2012-10-21,3781,T128
2012-10-22,5692,T128
2012-10-23,7977,T128
2012-10-24,7478,T128
2012-10-25,6749,T128
2012-10-26,6679,T128
2012-10-27,7175,T128
2012-10-28,4024,T128
2012-10-29,5565,T128
2012-10-30,7044,T128
2012-10-31,5969,T128
2012-11-01,6200,T128
2012-11-02,6361,T128
2012-11-03,5822,T128
2012-11-04,3535,T128
2012-11-05,5416,T128
2012-11-06,6165,T128
2012-11-07,5796,T128
2012-11-08,5781,T128
2012-11-09,6358,T128
2012-11-10,6638,T128
2012-11-11,3620,T128
2012-11-12,5259,T128
2012-11-13,6325,T128
2012-11-14,5525,T128
2012-11-15,6486,T128
2012-11-16,6623,T128
2012-11-17,6217,T128
2012-11-18,2770,T128
2012-11-19,5694,T128
2012-11-20,6640,T128
2012-11-21,6165,T128
2012-11-22,6074,T128
2012-11-23,6245,T128
2012-11-24,6397,T128
2012-11-25,3567,T128
2012-11-26,5143,T128
2012-11-27,6132,T128
2012-11-28,5572,T128
2012-11-29,5481,T128
2012-11-30,5585,T128
2012-12-01,5910,T128
2012-12-02,3659,T128
2012-12-03,4892,T128
2012-12-04,5876,T128
2012-12-05,6202,T128
2012-12-06,7737,T128
2012-12-07,6962,T128
2012-12-08,6270,T128
2012-12-09,3448,T128
2012-12-10,6798,T128
2012-12-11,7967,T128
2012-12-12,7759,T128
2012-12-13,7399,T128
2012-12-14,6981,T128
2012-12-15,7276,T128
2012-12-16,4018,T128
2012-12-17,6701,T128
2012-12-18,8143,T128
2012-12-19,7945,T128
2012-12-20,7372,T128
2012-12-21,6928,T128
2012-12-22,7079,T128
2012-12-23,3893,T128
2012-12-24,5008,T128
2012-12-25,3827,T128
2012-12-26,6680,T128
2012-12-27,6609,T128
2012-12-28,6593,T128
2012-12-29,6263,T128
2012-12-30,3602,T128
2012-12-31,4673,T128
2013-01-01,3657,T128
2013-01-02,6389,T128
2013-01-03,5553,T128
2013-01-04,6582,T128
2013-01-05,5886,T128
2013-01-06,3382,T128
2013-01-07,7136,T128
2013-01-08,7866,T128
2013-01-09,7791,T128
2013-01-10,7771,T128
2013-01-11,7289,T128
2013-01-12,7526,T128
2013-01-13,3531,T128
2013-01-14,7708,T128
2013-01-15,8258,T128
2013-01-16,7696,T128
2013-01-17,8499,T128
2013-01-18,8359,T128
2013-01-19,7040,T128
2013-01-20,2758,T128
2013-01-21,6579,T128
2013-01-22,8749,T128
2013-01-23,7866,T128
2013-01-24,8688,T128
2013-01-25,8368,T128
2013-01-26,7644,T128
2013-01-27,3832,T128
2013-01-28,7615,T128
2013-01-29,7433,T128
2013-01-30,8408,T128
2013-01-31,8573,T128
2013-02-01,8310,T128
2013-02-02,7106,T128
2013-02-03,3557,T128
2013-02-04,6636,T128
2013-02-05,7876,T128
2013-02-06,8551,T128
2013-02-07,8186,T128
2013-02-08,8817,T128
2013-02-09,6690,T128
2013-02-10,3644,T128
2013-02-11,7628,T128
2013-02-12,8227,T128
2013-02-13,7732,T128
2013-02-14,7243,T128
2013-02-15,7726,T128
2013-02-16,7395,T128
2013-02-17,3750,T128
2013-02-18,7624,T128
2013-02-19,8525,T128
2013-02-20,8178,T128
2013-02-21,8096,T128
2013-02-22,7954,T128
2013-02-23,6496,T128
2013-02-24,3489,T128
2013-02-25,6178,T128
2013-02-26,8341,T128
2013-02-27,8463,T128
2013-02-28,7616,T128
2013-03-01,8271,T128
2013-03-02,7041,T128
2013-03-03,3789,T128
2013-03-04,6630,T128
2013-03-05,8008,T128
2013-03-06,8180,T128
2013-03-07,8091,T128
2013-03-08,8134,T128
2013-03-09,6248,T128
2013-03-10,3829,T128
2013-03-11,7278,T128
2013-03-12,7805,T128
2013-03-13,8168,T128
2013-03-14,7886,T128
2013-03-15,6350,T128
2013-03-16,8403,T128
2013-03-17,3823,T128
2013-03-18,8106,T128
2013-03-19,8233,T128
2013-03-20,8386,T128
2013-03-21,8972,T128
2013-03-22,8831,T128
2013-03-23,8066,T128
2013-03-24,3822,T128
2013-03-25,8268,T128
2013-03-26,9361,T128
2013-03-27,8600,T128
2013-03-28,8750,T128
2013-03-29,8636,T128
2013-03-30,6953,T128
2013-03-31,3737,T128
2013-04-01,7101,T128
2013-04-02,8513,T128
2013-04-03,8584,T128
2013-04-04,7348,T128
2013-04-05,7946,T128
2013-04-06,6706,T128
2013-04-07,3313,T128
2013-04-08,6745,T128
2013-04-09,7976,T128
2013-04-10,7788,T128
2013-04-11,8050,T128
2013-04-12,7468,T128
2013-04-13,7462,T128
2013-04-14,3902,T128
2013-04-15,7354,T128
2013-04-16,8141,T128
2013-04-17,8896,T128
2013-04-18,8430,T128
2013-04-19,9207,T128
2013-04-20,6853,T128
2013-04-21,4284,T128
2013-04-22,8276,T128
2013-04-23,8550,T128
2013-04-24,9024,T128
2013-04-25,9542,T128
2013-04-26,9356,T128
2013-04-27,7502,T128
2013-04-28,3787,T128
2013-04-29,8279,T128
2013-04-30,9240,T128
2013-05-01,7646,T128
2013-05-02,8377,T128
2013-05-03,8440,T128
2013-05-04,7817,T128
2013-05-05,4385,T128
2013-05-06,8077,T128
2013-05-07,8918,T128
2013-05-08,9100,T128
2013-05-09,8984,T128
2013-05-10,9492,T128
2013-05-11,8299,T128
2013-05-12,4581,T128
2013-05-13,8757,T128
2013-05-14,9488,T128
2013-05-15,9241,T128
2013-05-16,8146,T128
2013-05-17,8167,T128
2013-05-18,7081,T128
2013-05-19,3899,T128
2013-05-20,8136,T128
2013-05-21,9348,T128
2013-05-22,9123,T128
2013-05-23,9213,T128
2013-05-24,9226,T128
2013-05-25,8245,T128
2013-05-26,4410,T128
2013-05-27,8102,T128
2013-05-28,8226,T128
2013-05-29,9614,T128
2013-05-30,9499,T128
2013-05-31,9584,T128
2013-06-01,8417,T128
2013-06-02,4211,T128
2013-06-03,8540,T128
2013-06-04,9948,T128
2013-06-05,10143,T128
2013-06-06,9688,T128
2013-06-07,9063,T128
2013-06-08,7462,T128
2013-06-09,4134,T128
2013-06-10,7692,T128
2013-06-11,9096,T128
2013-06-12,9591,T128
2013-06-13,10068,T128
2013-06-14,9728,T128
2013-06-15,6732,T128
2013-06-16,4128,T128
2013-06-17,8959,T128
2013-06-18,9052,T128
2013-06-19,9764,T128
2013-06-20,9197,T128
2013-06-21,8325,T128
2013-06-22,7450,T128
2013-06-23,4896,T128
2013-06-24,8232,T128
2013-06-25,10364,T128
2013-06-26,10687,T128
2013-06-27,11263,T128
2013-06-28,11355,T128
2013-06-29,8051,T128
2013-06-30,7049,T128
2013-07-01,10422,T128
2013-07-02,11082,T128
2013-07-03,10729,T128
2013-07-04,9949,T128
2013-07-05,10863,T128
2013-07-06,11089,T128
2013-07-07,5749,T128
2013-07-08,8862,T128
2013-07-09,11309,T128
2013-07-10,11653,T128
2013-07-11,11122,T128
2013-07-12,11080,T128
2013-07-13,8603,T128
2013-07-14,5310,T128
2013-07-15,10514,T128
2013-07-16,11921,T128
2013-07-17,11094,T128
2013-07-18,10582,T128
2013-07-19,11666,T128
2013-07-20,10339,T128
2013-07-21,5405,T128
2013-07-22,10066,T128
2013-07-23,12600,T128
2013-07-24,11980,T128
2013-07-25,12238,T128
2013-07-26,8820,T128
2013-07-27,8922,T128
2013-07-28,5436,T128
2013-07-29,10158,T128
2013-07-30,10958,T128
2013-07-31,10901,T128
2013-08-01,10421,T128
2013-08-02,11588,T128
2013-08-03,10759,T128
2013-08-04,5543,T128
2013-08-05,9173,T128
2013-08-06,10987,T128
2013-08-07,10982,T128
2013-08-08,11591,T128
2013-08-09,11228,T128
2013-08-10,9610,T128
2013-08-11,4905,T128
2013-08-12,10084,T128
2013-08-13,9813,T128
2013-08-14,11761,T128
2013-08-15,10620,T128
2013-08-16,9704,T128
2013-08-17,9312,T128
2013-08-18,4643,T128
2013-08-19,10553,T128
2013-08-20,11043,T128
2013-08-21,11534,T128
2013-08-22,11205,T128
2013-08-23,11160,T128
2013-08-24,9492,T128
2013-08-25,5049,T128
2013-08-26,9371,T128
2013-08-27,10815,T128
2013-08-28,10848,T128
2013-08-29,10000,T128
2013-08-30,11344,T128
2013-08-31,9089,T128
2013-09-01,4402,T128
2013-09-02,7451,T128
2013-09-03,9414,T128
2013-09-04,9142,T128
2013-09-05,9938,T128
2013-09-06,10522,T128
2013-09-07,10598,T128
2013-09-08,5595,T128
2013-09-09,9308,T128
2013-09-10,10479,T128
2013-09-11,11281,T128
2013-09-12,11906,T128
2013-09-13,11797,T128
2013-09-14,8668,T128
2013-09-15,5099,T128
2013-09-16,10107,T128
2013-09-17,11976,T128
2013-09-18,10635,T128
2013-09-19,11071,T128
2013-09-20,11502,T128
2013-09-21,9501,T128
2013-09-22,5539,T128
2013-09-23,10724,T128
2013-09-24,11822,T128
2013-09-25,10860,T128
2013-09-26,10977,T128
2013-09-27,10602,T128
2013-09-28,8233,T128
2013-09-29,5008,T128
2013-09-30,9536,T128
2013-10-01,10510,T128
2013-10-02,10829,T128
2013-10-03,9947,T128
2013-10-04,9745,T128
2013-10-05,9444,T128
2013-10-06,4469,T128
2013-10-07,9397,T128
2013-10-08,8985,T128
2013-10-09,11128,T128
2013-10-10,10436,T128
2013-10-11,8363,T128
2013-10-12,9010,T128
2013-10-13,4577,T128
2013-10-14,8134,T128
2013-10-15,11310,T128
2013-10-16,10117,T128
2013-10-17,9202,T128
2013-10-18,10287,T128
2013-10-19,9226,T128
2013-10-20,4406,T128
2013-10-21,7932,T128
2013-10-22,9464,T128
2013-10-23,9658,T128
2013-10-24,9478,T128
2013-10-25,8305,T128
2013-10-26,7663,T128
2013-10-27,4219,T128
2013-10-28,7048,T128
2013-10-29,9388,T128
2013-10-30,8528,T128
2013-10-31,7610,T128
2013-11-01,7682,T128
2013-11-02,7953,T128
2013-11-03,4002,T128
2013-11-04,7898,T128
2013-11-05,9291,T128
2013-11-06,8393,T128
2013-11-07,8696,T128
2013-11-08,9354,T128
2013-11-09,7459,T128
2013-11-10,3970,T128
2013-11-11,7083,T128
2013-11-12,8540,T128
2013-11-13,9467,T128
2013-11-14,8535,T128
2013-11-15,8911,T128
2013-11-16,7835,T128
2013-11-17,3749,T128
2013-11-18,6782,T128
2013-11-19,9064,T128
2013-11-20,9713,T128
2013-11-21,8790,T128
2013-11-22,7641,T128
2013-11-23,6975,T128
2013-11-24,3596,T128
2013-11-25,7150,T128
2013-11-26,8958,T128
2013-11-27,8026,T128
2013-11-28,7094,T128
2013-11-29,7582,T128
2013-11-30,5356,T128
2013-12-01,2802,T128
2013-12-02,6921,T128
2013-12-03,8206,T128
2013-12-04,7905,T128
2013-12-05,7645,T128
2013-12-06,6377,T128
2013-12-07,7004,T128
2013-12-08,3098,T128
2013-12-09,7432,T128
2013-12-10,7918,T128
2013-12-11,8734,T128
2013-12-12,7593,T128
2013-12-13,7311,T128
2013-12-14,6455,T128
2013-12-15,3363,T128
2013-12-16,7174,T128
2013-12-17,8971,T128
2013-12-18,8150,T128
2013-12-19,8506,T128
2013-12-20,7282,T128
2013-12-21,5487,T128
2013-12-22,3258,T128
2013-12-23,5274,T128
2013-12-24,4828,T128
2013-12-25,4327,T128
2013-12-26,8619,T128
2013-12-27,9184,T128
2013-12-28,6736,T128
2013-12-29,3307,T128
2013-12-30,5135,T128
2013-12-31,4734,T128
2014-01-01,3691,T128
2014-01-02,8990,T128
2014-01-03,7428,T128
2014-01-04,6377,T128
2014-01-05,3727,T128
2014-01-06,7266,T128
2014-01-07,7962,T128
2014-01-08,5404,T128
2014-01-09,8343,T128
2014-01-10,6889,T128
2014-01-11,8280,T128
2014-01-12,4433,T128
2014-01-13,7753,T128
2014-01-14,9177,T128
2014-01-15,8741,T128
2014-01-16,7795,T128
2014-01-17,7659,T128
2014-01-18,8800,T128
2014-01-19,4100,T128
2014-01-20,7401,T128
2014-01-21,9410,T128
2014-01-22,8815,T128
2014-01-23,9009,T128
2014-01-24,8641,T128
2014-01-25,6782,T128
2014-01-26,5621,T128
2014-01-27,8302,T128
2014-01-28,9619,T128
2014-01-29,8294,T128
2014-01-30,8493,T128
2014-01-31,8875,T128
2014-02-01,7853,T128
2014-02-02,3631,T128
2014-02-03,6989,T128
2014-02-04,7498,T128
2014-02-05,9554,T128
2014-02-06,8432,T128
2014-02-07,6839,T128
2014-02-08,6470,T128
2014-02-09,4197,T128
2014-02-10,7398,T128
2014-02-11,8005,T128
2014-02-12,7732,T128
2014-02-13,8763,T128
2014-02-14,10267,T128
2014-02-15,6596,T128
2014-02-16,4027,T128
2014-02-17,6905,T128
2014-02-18,9424,T128
2014-02-19,8589,T128
2014-02-20,7549,T128
2014-02-21,8988,T128
2014-02-22,7267,T128
2014-02-23,4303,T128
2014-02-24,8237,T128
2014-02-25,8687,T128
2014-02-26,9409,T128
2014-02-27,8663,T128
2014-02-28,9565,T128
2014-03-01,8567,T128
2014-03-02,4680,T128
2014-03-03,8218,T128
2014-03-04,9966,T128
2014-03-05,9106,T128
2014-03-06,7673,T128
2014-03-07,9257,T128
2014-03-08,7715,T128
2014-03-09,4712,T128
2014-03-10,8323,T128
2014-03-11,9816,T128
2014-03-12,9649,T128
2014-03-13,9766,T128
2014-03-14,9628,T128
2014-03-15,7817,T128
2014-03-16,4995,T128
2014-03-17,8759,T128
2014-03-18,9404,T128
2014-03-19,9278,T128
2014-03-20,9729,T128
2014-03-21,8459,T128
2014-03-22,6974,T128
2014-03-23,4005,T128
2014-03-24,7930,T128
2014-03-25,9422,T128
2014-03-26,8363,T128
2014-03-27,7790,T128
2014-03-28,8218,T128
2014-03-29,6531,T128
2014-03-30,3758,T128
2014-03-31,7972,T128
2014-04-01,8327,T128
2014-04-02,8685,T128
2014-04-03,8406,T128
2014-04-04,7806,T128
2014-04-05,6519,T128
2014-04-06,4430,T128
2014-04-07,7799,T128
2014-04-08,9855,T128
2014-04-09,8899,T128
2014-04-10,8063,T128
2014-04-11,9250,T128
2014-04-12,8111,T128
2014-04-13,5297,T128
2014-04-14,8803,T128
2014-04-15,11310,T128
2014-04-16,11306,T128
2014-04-17,11392,T128
2014-04-18,8078,T128
2014-04-19,8536,T128
2014-04-20,4856,T128
2014-04-21,8896,T128
2014-04-22,10701,T128
2014-04-23,8726,T128
2014-04-24,8770,T128
2014-04-25,9766,T128
2014-04-26,7541,T128
2014-04-27,5048,T128
2014-04-28,8817,T128
2014-04-29,9845,T128
2014-04-30,9642,T128
2014-05-01,9974,T128
2014-05-02,10496,T128
2014-05-03,8813,T128
2014-05-04,5638,T128
2014-05-05,9357,T128
2014-05-06,10720,T128
2014-05-07,9950,T128
2014-05-08,9356,T128
2014-05-09,10087,T128
2014-05-10,8121,T128
2014-05-11,6299,T128
2014-05-12,7927,T128
2014-05-13,9798,T128
2014-05-14,9816,T128
2014-05-15,10721,T128
2014-05-16,11418,T128
2014-05-17,8955,T128
2014-05-18,4958,T128
2014-05-19,8219,T128
2014-05-20,8602,T128
2014-05-21,9504,T128
2014-05-22,8173,T128
2014-05-23,8560,T128
2014-05-24,6985,T128
2014-05-25,5158,T128
2014-05-26,8259,T128
2014-05-27,10024,T128
2014-05-28,9500,T128
2014-05-29,9065,T128
2014-05-30,9271,T128
2014-05-31,8303,T128
2014-06-01,5651,T128
2014-06-02,8516,T128
2014-06-03,10188,T128
2014-06-04,8418,T128
2014-06-05,9329,T128
2014-06-06,8369,T128
2014-06-07,9740,T128
2014-06-08,5575,T128
2014-06-09,8854,T128
2014-06-10,9877,T128
2014-06-11,9807,T128
2014-06-12,10349,T128
2014-06-13,11225,T128
2014-06-14,8163,T128
2014-06-15,5860,T128
2014-06-16,9355,T128
2014-06-17,10919,T128
2014-06-18,9763,T128
2014-06-19,9008,T128
2014-06-20,9028,T128
2014-06-21,8221,T128
2014-06-22,4294,T128
2014-06-23,6089,T128
2014-06-24,9373,T128
2014-06-25,8289,T128
2014-06-26,8780,T128
2014-06-27,9246,T128
2014-06-28,7686,T128
2014-06-29,5235,T128
2014-06-30,8505,T128
2014-07-01,9985,T128
2014-07-02,8977,T128
2014-07-03,8711,T128
2014-07-04,9218,T128
2014-07-05,9075,T128
2014-07-06,5429,T128
2014-07-07,8334,T128
2014-07-08,9942,T128
2014-07-09,9231,T128
2014-07-10,9342,T128
2014-07-11,10094,T128
2014-07-12,9736,T128
2014-07-13,5381,T128
2014-07-14,8478,T128
2014-07-15,10507,T128
2014-07-16,10503,T128
2014-07-17,9528,T128
2014-07-18,9323,T128
2014-07-19,8239,T128
2014-07-20,5387,T128
2014-07-21,8781,T128
2014-07-22,10510,T128
2014-07-23,10437,T128
2014-07-24,9878,T128
2014-07-25,10074,T128
2014-07-26,10310,T128
2014-07-27,5791,T128
2014-07-28,9352,T128
2014-07-29,10684,T128
2014-07-30,10157,T128
2014-07-31,9812,T128
2014-08-01,10014,T128
2014-08-02,6572,T128
2014-08-03,4744,T128
2014-08-04,8717,T128
2014-08-05,10187,T128
2014-08-06,10983,T128
2014-08-07,10079,T128
2014-08-08,8363,T128
2014-08-09,9288,T128
2014-08-10,5537,T128
2014-08-11,8847,T128
2014-08-12,9891,T128
2014-08-13,9437,T128
2014-08-14,9469,T128
2014-08-15,9188,T128
2014-08-16,9722,T128
2014-08-17,5425,T128
2014-08-18,8933,T128
2014-08-19,10182,T128
2014-08-20,10216,T128
2012-01-01,85956,T129
2012-01-02,166290,T129
2012-01-03,173982,T129
2012-01-04,183465,T129
2012-01-05,192305,T129
2012-01-06,195792,T129
2012-01-07,168176,T129
2012-01-08,140268,T129
2012-01-09,173640,T129
2012-01-10,184880,T129
2012-01-11,188244,T129
2012-01-12,192714,T129
2012-01-13,189376,T129
2012-01-14,162513,T129
2012-01-15,142717,T129
2012-01-16,173178,T129
2012-01-17,190165,T129
2012-01-18,186512,T129
2012-01-19,188502,T129
2012-01-20,192349,T129
2012-01-21,165743,T129
2012-01-22,131804,T129
2012-01-23,173751,T129
2012-01-24,190080,T129
2012-01-25,190365,T129
2012-01-26,188953,T129
2012-01-27,192935,T129
2012-01-28,164007,T129
2012-01-29,128074,T129
2012-01-30,168365,T129
2012-01-31,182019,T129
2012-02-01,186819,T129
2012-02-02,188804,T129
2012-02-03,177968,T129
2012-02-04,164340,T129
2012-02-05,121089,T129
2012-02-06,173313,T129
2012-02-07,196139,T129
2012-02-08,187246,T129
2012-02-09,186070,T129
2012-02-10,176728,T129
2012-02-11,148539,T129
2012-02-12,124691,T129
2012-02-13,173723,T129
2012-02-14,183188,T129
2012-02-15,189932,T129
2012-02-16,191820,T129
2012-02-17,184823,T129
2012-02-18,160517,T129
2012-02-19,131937,T129
2012-02-20,173466,T129
2012-02-21,181330,T129
2012-02-22,181616,T129
2012-02-23,182010,T129
2012-02-24,177681,T129
2012-02-25,160308,T129
2012-02-26,137739,T129
2012-02-27,167114,T129
2012-02-28,177956,T129
2012-02-29,184435,T129
2012-03-01,185220,T129
2012-03-02,186865,T129
2012-03-03,163691,T129
2012-03-04,133338,T129
2012-03-05,174413,T129
2012-03-06,184672,T129
2012-03-07,188017,T129
2012-03-08,190359,T129
2012-03-09,184680,T129
2012-03-10,158222,T129
2012-03-11,123063,T129
2012-03-12,166347,T129
2012-03-13,179729,T129
2012-03-14,180791,T129
2012-03-15,176359,T129
2012-03-16,171385,T129
2012-03-17,149612,T129
2012-03-18,118915,T129
2012-03-19,162277,T129
2012-03-20,170074,T129
2012-03-21,168732,T129
2012-03-22,174815,T129
2012-03-23,178010,T129
2012-03-24,158739,T129
2012-03-25,127915,T129
2012-03-26,174107,T129
2012-03-27,179575,T129
2012-03-28,179585,T129
2012-03-29,181984,T129
2012-03-30,187744,T129
2012-03-31,164306,T129
2012-04-01,127134,T129
2012-04-02,179003,T129
2012-04-03,182342,T129
2012-04-04,182680,T129
2012-04-05,185706,T129
2012-04-06,180779,T129
2012-04-07,155848,T129
2012-04-08,109568,T129
2012-04-09,171306,T129
2012-04-10,180805,T129
2012-04-11,183172,T129
2012-04-12,184851,T129
2012-04-13,183961,T129
2012-04-14,163625,T129
2012-04-15,127080,T129
2012-04-16,167783,T129
2012-04-17,185859,T129
2012-04-18,182619,T129
2012-04-19,188691,T129
2012-04-20,192271,T129
2012-04-21,166794,T129
2012-04-22,130415,T129
2012-04-23,176476,T129
2012-04-24,187986,T129
2012-04-25,192552,T129
2012-04-26,193863,T129
2012-04-27,195758,T129
2012-04-28,162998,T129
2012-04-29,130267,T129
2012-04-30,173979,T129
2012-05-01,185759,T129
2012-05-02,193285,T129
2012-05-03,198641,T129
2012-05-04,198016,T129
2012-05-05,165337,T129
2012-05-06,128865,T129
2012-05-07,182513,T129
2012-05-08,196557,T129
2012-05-09,188986,T129
2012-05-10,204988,T129
2012-05-11,207551,T129
2012-05-12,187630,T129
2012-05-13,161775,T129
2012-05-14,193427,T129
2012-05-15,198604,T129
2012-05-16,213116,T129
2012-05-17,209512,T129
2012-05-18,205220,T129
2012-05-19,173787,T129
2012-05-20,137398,T129
2012-05-21,178979,T129
2012-05-22,192607,T129
2012-05-23,204408,T129
2012-05-24,214183,T129
2012-05-25,202270,T129
2012-05-26,171761,T129
2012-05-27,150381,T129
2012-05-28,189941,T129
2012-05-29,200833,T129
2012-05-30,210202,T129
2012-05-31,214724,T129
2012-06-01,207658,T129
2012-06-02,175194,T129
2012-06-03,145084,T129
2012-06-04,188485,T129
2012-06-05,210145,T129
2012-06-06,217912,T129
2012-06-07,210722,T129
2012-06-08,204055,T129
2012-06-09,171257,T129
2012-06-10,150161,T129
2012-06-11,188478,T129
2012-06-12,196963,T129
2012-06-13,190779,T129
2012-06-14,201380,T129
2012-06-15,202829,T129
2012-06-16,179444,T129
2012-06-17,144856,T129
2012-06-18,184649,T129
2012-06-19,206073,T129
2012-06-20,211649,T129
2012-06-21,220003,T129
2012-06-22,214101,T129
2012-06-23,193104,T129
2012-06-24,168849,T129
2012-06-25,208816,T129
2012-06-26,226544,T129
2012-06-27,227426,T129
2012-06-28,218432,T129
2012-06-29,211142,T129
2012-06-30,179447,T129
2012-07-01,138340,T129
2012-07-02,190284,T129
2012-07-03,217282,T129
2012-07-04,215100,T129
2012-07-05,212673,T129
2012-07-06,216878,T129
2012-07-07,182899,T129
2012-07-08,141987,T129
2012-07-09,191057,T129
2012-07-10,201498,T129
2012-07-11,206570,T129
2012-07-12,205593,T129
2012-07-13,201032,T129
2012-07-14,175750,T129
2012-07-15,139598,T129
2012-07-16,194553,T129
2012-07-17,220888,T129
2012-07-18,221682,T129
2012-07-19,213938,T129
2012-07-20,210120,T129
2012-07-21,186173,T129
2012-07-22,108140,T129
2012-07-23,199522,T129
2012-07-24,214612,T129
2012-07-25,217870,T129
2012-07-26,217461,T129
2012-07-27,218277,T129
2012-07-28,191059,T129
2012-07-29,151134,T129
2012-07-30,200032,T129
2012-07-31,205340,T129
2012-08-01,213821,T129
2012-08-02,222969,T129
2012-08-03,220458,T129
2012-08-04,186164,T129
2012-08-05,147280,T129
2012-08-06,199632,T129
2012-08-07,216094,T129
2012-08-08,222783,T129
2012-08-09,231953,T129
2012-08-10,234743,T129
2012-08-11,193446,T129
2012-08-12,154100,T129
2012-08-13,207269,T129
2012-08-14,222214,T129
2012-08-15,211818,T129
2012-08-16,208561,T129
2012-08-17,217119,T129
2012-08-18,187459,T129
2012-08-19,163368,T129
2012-08-20,214569,T129
2012-08-21,224521,T129
2012-08-22,221385,T129
2012-08-23,223850,T129
2012-08-24,218238,T129
2012-08-25,194329,T129
2012-08-26,148193,T129
2012-08-27,196310,T129
2012-08-28,213313,T129
2012-08-29,208798,T129
2012-08-30,210774,T129
2012-08-31,209209,T129
2012-09-01,178614,T129
2012-09-02,149062,T129
2012-09-03,194698,T129
2012-09-04,215177,T129
2012-09-05,219962,T129
2012-09-06,219912,T129
2012-09-07,217525,T129
2012-09-08,127853,T129
2012-09-09,142121,T129
2012-09-10,188512,T129
2012-09-11,212053,T129
2012-09-12,217362,T129
2012-09-13,218893,T129
2012-09-14,209597,T129
2012-09-15,182788,T129
2012-09-16,149488,T129
2012-09-17,191600,T129
2012-09-18,205811,T129
2012-09-19,217640,T129
2012-09-20,217884,T129
2012-09-21,214645,T129
2012-09-22,173685,T129
2012-09-23,135948,T129
2012-09-24,183140,T129
2012-09-25,191022,T129
2012-09-26,179271,T129
2012-09-27,187439,T129
2012-09-28,186317,T129
2012-09-29,159298,T129
2012-09-30,134479,T129
2012-10-01,174875,T129
2012-10-02,185665,T129
2012-10-03,186457,T129
2012-10-04,185957,T129
2012-10-05,191869,T129
2012-10-06,162794,T129
2012-10-07,133427,T129
2012-10-08,186663,T129
2012-10-09,196818,T129
2012-10-10,201291,T129
2012-10-11,199652,T129
2012-10-12,198094,T129
2012-10-13,170840,T129
2012-10-14,136828,T129
2012-10-15,175962,T129
2012-10-16,193080,T129
2012-10-17,199816,T129
2012-10-18,191349,T129
2012-10-19,190775,T129
2012-10-20,161928,T129
2012-10-21,127239,T129
2012-10-22,188951,T129
2012-10-23,192278,T129
2012-10-24,192049,T129
2012-10-25,197008,T129
2012-10-26,196723,T129
2012-10-27,165528,T129
2012-10-28,127911,T129
2012-10-29,171459,T129
2012-10-30,185191,T129
2012-10-31,179440,T129
2012-11-01,186223,T129
2012-11-02,192847,T129
2012-11-03,156315,T129
2012-11-04,119975,T129
2012-11-05,165369,T129
2012-11-06,175805,T129
2012-11-07,179249,T129
2012-11-08,183076,T129
2012-11-09,178134,T129
2012-11-10,158502,T129
2012-11-11,128916,T129
2012-11-12,166262,T129
2012-11-13,183410,T129
2012-11-14,184242,T129
2012-11-15,189044,T129
2012-11-16,191261,T129
2012-11-17,160930,T129
2012-11-18,125651,T129
2012-11-19,177465,T129
2012-11-20,188362,T129
2012-11-21,189933,T129
2012-11-22,185381,T129
2012-11-23,186875,T129
2012-11-24,170336,T129
2012-11-25,130104,T129
2012-11-26,176073,T129
2012-11-27,178529,T129
2012-11-28,181572,T129
2012-11-29,184441,T129
2012-11-30,183470,T129
2012-12-01,157339,T129
2012-12-02,128195,T129
2012-12-03,174781,T129
2012-12-04,188159,T129
2012-12-05,186400,T129
2012-12-06,185762,T129
2012-12-07,197945,T129
2012-12-08,163844,T129
2012-12-09,120291,T129
2012-12-10,170098,T129
2012-12-11,187340,T129
2012-12-12,186053,T129
2012-12-13,196505,T129
2012-12-14,207582,T129
2012-12-15,169428,T129
2012-12-16,119600,T129
2012-12-17,179679,T129
2012-12-18,194419,T129
2012-12-19,200109,T129
2012-12-20,202111,T129
2012-12-21,193963,T129
2012-12-22,178267,T129
2012-12-23,165969,T129
2012-12-24,109534,T129
2012-12-25,96972,T129
2012-12-26,169170,T129
2012-12-27,181623,T129
2012-12-28,184020,T129
2012-12-29,177094,T129
2012-12-30,162479,T129
2012-12-31,105974,T129
2013-01-01,94595,T129
2013-01-02,165434,T129
2013-01-03,188299,T129
2013-01-04,188008,T129
2013-01-05,168217,T129
2013-01-06,135313,T129
2013-01-07,174303,T129
2013-01-08,182658,T129
2013-01-09,183915,T129
2013-01-10,188788,T129
2013-01-11,182929,T129
2013-01-12,160579,T129
2013-01-13,128115,T129
2013-01-14,171167,T129
2013-01-15,182735,T129
2013-01-16,183673,T129
2013-01-17,191407,T129
2013-01-18,198196,T129
2013-01-19,163624,T129
2013-01-20,125074,T129
2013-01-21,172281,T129
2013-01-22,182182,T129
2013-01-23,179660,T129
2013-01-24,186067,T129
2013-01-25,194987,T129
2013-01-26,169187,T129
2013-01-27,135422,T129
2013-01-28,170673,T129
2013-01-29,184969,T129
2013-01-30,187292,T129
2013-01-31,185262,T129
2013-02-01,189098,T129
2013-02-02,165954,T129
2013-02-03,128021,T129
2013-02-04,175457,T129
2013-02-05,187075,T129
2013-02-06,190423,T129
2013-02-07,189514,T129
2013-02-08,192118,T129
2013-02-09,155388,T129
2013-02-10,127162,T129
2013-02-11,174950,T129
2013-02-12,180517,T129
2013-02-13,188910,T129
2013-02-14,185917,T129
2013-02-15,188944,T129
2013-02-16,157741,T129
2013-02-17,116021,T129
2013-02-18,175143,T129
2013-02-19,184858,T129
2013-02-20,180250,T129
2013-02-21,189697,T129
2013-02-22,187040,T129
2013-02-23,152630,T129
2013-02-24,108173,T129
2013-02-25,174597,T129
2013-02-26,183968,T129
2013-02-27,182632,T129
2013-02-28,184608,T129
2013-03-01,185093,T129
2013-03-02,155898,T129
2013-03-03,119808,T129
2013-03-04,173757,T129
2013-03-05,189139,T129
2013-03-06,192812,T129
2013-03-07,199284,T129
2013-03-08,189000,T129
2013-03-09,160585,T129
2013-03-10,128801,T129
2013-03-11,179256,T129
2013-03-12,181467,T129
2013-03-13,182057,T129
2013-03-14,180454,T129
2013-03-15,182431,T129
2013-03-16,158395,T129
2013-03-17,128256,T129
2013-03-18,169989,T129
2013-03-19,174670,T129
2013-03-20,187019,T129
2013-03-21,186495,T129
2013-03-22,183366,T129
2013-03-23,159662,T129
2013-03-24,127527,T129
2013-03-25,178820,T129
2013-03-26,191139,T129
2013-03-27,191280,T129
2013-03-28,190043,T129
2013-03-29,192530,T129
2013-03-30,157672,T129
2013-03-31,110269,T129
2013-04-01,174250,T129
2013-04-02,183437,T129
2013-04-03,179360,T129
2013-04-04,180334,T129
2013-04-05,178838,T129
2013-04-06,154723,T129
2013-04-07,119232,T129
2013-04-08,170524,T129
2013-04-09,184788,T129
2013-04-10,183134,T129
2013-04-11,186948,T129
2013-04-12,180447,T129
2013-04-13,157609,T129
2013-04-14,104500,T129
2013-04-15,173953,T129
2013-04-16,181352,T129
2013-04-17,185724,T129
2013-04-18,189829,T129
2013-04-19,186931,T129
2013-04-20,161564,T129
2013-04-21,126468,T129
2013-04-22,177907,T129
2013-04-23,192212,T129
2013-04-24,192406,T129
2013-04-25,192828,T129
2013-04-26,192192,T129
2013-04-27,163845,T129
2013-04-28,118806,T129
2013-04-29,173868,T129
2013-04-30,186524,T129
2013-05-01,184497,T129
2013-05-02,190679,T129
2013-05-03,192801,T129
2013-05-04,166752,T129
2013-05-05,132383,T129
2013-05-06,178953,T129
2013-05-07,191629,T129
2013-05-08,191907,T129
2013-05-09,192432,T129
2013-05-10,190733,T129
2013-05-11,165086,T129
2013-05-12,133633,T129
2013-05-13,183246,T129
2013-05-14,190323,T129
2013-05-15,187045,T129
2013-05-16,190244,T129
2013-05-17,193004,T129
2013-05-18,158514,T129
2013-05-19,128154,T129
2013-05-20,174131,T129
2013-05-21,189263,T129
2013-05-22,192196,T129
2013-05-23,192472,T129
2013-05-24,198794,T129
2013-05-25,164344,T129
2013-05-26,132888,T129
2013-05-27,177792,T129
2013-05-28,189830,T129
2013-05-29,188189,T129
2013-05-30,192403,T129
2013-05-31,190135,T129
2013-06-01,163782,T129
2013-06-02,132704,T129
2013-06-03,186917,T129
2013-06-04,200015,T129
2013-06-05,197817,T129
2013-06-06,192230,T129
2013-06-07,190135,T129
2013-06-08,169485,T129
2013-06-09,138959,T129
2013-06-10,185674,T129
2013-06-11,198019,T129
2013-06-12,202615,T129
2013-06-13,209663,T129
2013-06-14,202072,T129
2013-06-15,184079,T129
2013-06-16,76892,T129
2013-06-17,173365,T129
2013-06-18,235913,T129
2013-06-19,235919,T129
2013-06-20,234160,T129
2013-06-21,229883,T129
2013-06-22,193235,T129
2013-06-23,147448,T129
2013-06-24,219508,T129
2013-06-25,224136,T129
2013-06-26,210959,T129
2013-06-27,211839,T129
2013-06-28,212130,T129
2013-06-29,190233,T129
2013-06-30,155050,T129
2013-07-01,197373,T129
2013-07-02,205007,T129
2013-07-03,211428,T129
2013-07-04,218163,T129
2013-07-05,218880,T129
2013-07-06,193670,T129
2013-07-07,129835,T129
2013-07-08,203280,T129
2013-07-09,215839,T129
2013-07-10,213276,T129
2013-07-11,213266,T129
2013-07-12,206491,T129
2013-07-13,176769,T129
2013-07-14,132681,T129
2013-07-15,193199,T129
2013-07-16,209053,T129
2013-07-17,207900,T129
2013-07-18,204289,T129
2013-07-19,227896,T129
2013-07-20,205114,T129
2013-07-21,166476,T129
2013-07-22,216728,T129
2013-07-23,220308,T129
2013-07-24,233257,T129
2013-07-25,238906,T129
2013-07-26,230024,T129
2013-07-27,208414,T129
2013-07-28,169059,T129
2013-07-29,224974,T129
2013-07-30,242370,T129
2013-07-31,242595,T129
2013-08-01,241802,T129
2013-08-02,240226,T129
2013-08-03,188814,T129
2013-08-04,154191,T129
2013-08-05,213611,T129
2013-08-06,227449,T129
2013-08-07,235984,T129
2013-08-08,251180,T129
2013-08-09,250842,T129
2013-08-10,209647,T129
2013-08-11,160295,T129
2013-08-12,220230,T129
2013-08-13,245707,T129
2013-08-14,250990,T129
2013-08-15,256083,T129
2013-08-16,257367,T129
2013-08-17,236504,T129
2013-08-18,194192,T129
2013-08-19,250198,T129
2013-08-20,260779,T129
2013-08-21,264354,T129
2013-08-22,261172,T129
2013-08-23,264055,T129
2013-08-24,238971,T129
2013-08-25,182053,T129
2013-08-26,233590,T129
2013-08-27,251975,T129
2013-08-28,252780,T129
2013-08-29,255227,T129
2013-08-30,245565,T129
2013-08-31,217159,T129
2013-09-01,173774,T129
2013-09-02,235138,T129
2013-09-03,250921,T129
2013-09-04,234492,T129
2013-09-05,248963,T129
2013-09-06,248919,T129
2013-09-07,206716,T129
2013-09-08,172838,T129
2013-09-09,223663,T129
2013-09-10,241758,T129
2013-09-11,242992,T129
2013-09-12,251640,T129
2013-09-13,246681,T129
2013-09-14,236853,T129
2013-09-15,135460,T129
2013-09-16,190682,T129
2013-09-17,241493,T129
2013-09-18,238735,T129
2013-09-19,245788,T129
2013-09-20,249103,T129
2013-09-21,233590,T129
2013-09-22,180360,T129
2013-09-23,243096,T129
2013-09-24,270427,T129
2013-09-25,265484,T129
2013-09-26,273742,T129
2013-09-27,283860,T129
2013-09-28,249914,T129
2013-09-29,166579,T129
2013-09-30,256753,T129
2013-10-01,265908,T129
2013-10-02,261278,T129
2013-10-03,264689,T129
2013-10-04,257760,T129
2013-10-05,215941,T129
2013-10-06,179306,T129
2013-10-07,226701,T129
2013-10-08,233719,T129
2013-10-09,236737,T129
2013-10-10,235378,T129
2013-10-11,241554,T129
2013-10-12,226282,T129
2013-10-13,140083,T129
2013-10-14,147233,T129
2013-10-15,241519,T129
2013-10-16,248382,T129
2013-10-17,247370,T129
2013-10-18,252705,T129
2013-10-19,220414,T129
2013-10-20,180705,T129
2013-10-21,250865,T129
2013-10-22,257243,T129
2013-10-23,239910,T129
2013-10-24,255335,T129
2013-10-25,246716,T129
2013-10-26,205395,T129
2013-10-27,172187,T129
2013-10-28,225371,T129
2013-10-29,224544,T129
2013-10-30,217172,T129
2013-10-31,219470,T129
2013-11-01,219755,T129
2013-11-02,205265,T129
2013-11-03,172743,T129
2013-11-04,218493,T129
2013-11-05,239679,T129
2013-11-06,238573,T129
2013-11-07,238832,T129
2013-11-08,235335,T129
2013-11-09,197206,T129
2013-11-10,166363,T129
2013-11-11,207336,T129
2013-11-12,220917,T129
2013-11-13,219418,T129
2013-11-14,212336,T129
2013-11-15,215393,T129
2013-11-16,208796,T129
2013-11-17,114496,T129
2013-11-18,153044,T129
2013-11-19,215808,T129
2013-11-20,206298,T129
2013-11-21,202964,T129
2013-11-22,214651,T129
2013-11-23,173422,T129
2013-11-24,150292,T129
2013-11-25,202145,T129
2013-11-26,209478,T129
2013-11-27,213043,T129
2013-11-28,205733,T129
2013-11-29,202656,T129
2013-11-30,169135,T129
2013-12-01,141053,T129
2013-12-02,193143,T129
2013-12-03,190093,T129
2013-12-04,208655,T129
2013-12-05,213129,T129
2013-12-06,208711,T129
2013-12-07,171064,T129
2013-12-08,120340,T129
2013-12-09,199400,T129
2013-12-10,209980,T129
2013-12-11,199277,T129
2013-12-12,204938,T129
2013-12-13,211582,T129
2013-12-14,169065,T129
2013-12-15,130303,T129
2013-12-16,196245,T129
2013-12-17,202047,T129
2013-12-18,202663,T129
2013-12-19,212337,T129
2013-12-20,205516,T129
2013-12-21,181571,T129
2013-12-22,165128,T129
2013-12-23,181571,T129
2013-12-24,122780,T129
2013-12-25,95377,T129
2013-12-26,206032,T129
2013-12-27,236886,T129
2013-12-28,203658,T129
2013-12-29,194944,T129
2013-12-30,194861,T129
2013-12-31,111968,T129
2014-01-01,98103,T129
2014-01-02,205349,T129
2014-01-03,220542,T129
2014-01-04,186263,T129
2014-01-05,157882,T129
2014-01-06,222156,T129
2014-01-07,233717,T129
2014-01-08,229602,T129
2014-01-09,225490,T129
2014-01-10,223440,T129
2014-01-11,182182,T129
2014-01-12,153212,T129
2014-01-13,212370,T129
2014-01-14,225239,T129
2014-01-15,222623,T129
2014-01-16,225065,T129
2014-01-17,218928,T129
2014-01-18,181949,T129
2014-01-19,155576,T129
2014-01-20,214574,T129
2014-01-21,222732,T129
2014-01-22,233080,T129
2014-01-23,236331,T129
2014-01-24,238894,T129
2014-01-25,202653,T129
2014-01-26,158895,T129
2014-01-27,220209,T129
2014-01-28,225332,T129
2014-01-29,221865,T129
2014-01-30,226729,T129
2014-01-31,233804,T129
2014-02-01,194036,T129
2014-02-02,162830,T129
2014-02-03,217124,T129
2014-02-04,234778,T129
2014-02-05,226797,T129
2014-02-06,230292,T129
2014-02-07,218309,T129
2014-02-08,182618,T129
2014-02-09,144423,T129
2014-02-10,202518,T129
2014-02-11,204962,T129
2014-02-12,205575,T129
2014-02-13,217443,T129
2014-02-14,222670,T129
2014-02-15,201782,T129
2014-02-16,129737,T129
2014-02-17,171625,T129
2014-02-18,208065,T129
2014-02-19,219169,T129
2014-02-20,224720,T129
2014-02-21,220254,T129
2014-02-22,180647,T129
2014-02-23,149885,T129
2014-02-24,215809,T129
2014-02-25,225417,T129
2014-02-26,229752,T129
2014-02-27,230745,T129
2014-02-28,218922,T129
2014-03-01,184358,T129
2014-03-02,150190,T129
2014-03-03,216448,T129
2014-03-04,226492,T129
2014-03-05,228114,T129
2014-03-06,221877,T129
2014-03-07,223743,T129
2014-03-08,205655,T129
2014-03-09,123642,T129
2014-03-10,172222,T129
2014-03-11,203584,T129
2014-03-12,221437,T129
2014-03-13,227879,T129
2014-03-14,223828,T129
2014-03-15,182443,T129
2014-03-16,143014,T129
2014-03-17,223907,T129
2014-03-18,228055,T129
2014-03-19,228151,T129
2014-03-20,222431,T129
2014-03-21,222556,T129
2014-03-22,184880,T129
2014-03-23,140453,T129
2014-03-24,211900,T129
2014-03-25,226627,T129
2014-03-26,216104,T129
2014-03-27,224959,T129
2014-03-28,221626,T129
2014-03-29,171839,T129
2014-03-30,142918,T129
2014-03-31,220241,T129
2014-04-01,229993,T129
2014-04-02,232199,T129
2014-04-03,239870,T129
2014-04-04,245865,T129
2014-04-05,214068,T129
2014-04-06,165143,T129
2014-04-07,238865,T129
2014-04-08,257786,T129
2014-04-09,264915,T129
2014-04-10,250835,T129
2014-04-11,248249,T129
2014-04-12,233785,T129
2014-04-13,179265,T129
2014-04-14,240705,T129
2014-04-15,262797,T129
2014-04-16,260544,T129
2014-04-17,259678,T129
2014-04-18,254640,T129
2014-04-19,218197,T129
2014-04-20,173132,T129
2014-04-21,239802,T129
2014-04-22,252529,T129
2014-04-23,250790,T129
2014-04-24,258691,T129
2014-04-25,261772,T129
2014-04-26,233573,T129
2014-04-27,178963,T129
2014-04-28,249433,T129
2014-04-29,270363,T129
2014-04-30,256302,T129
2014-05-01,274829,T129
2014-05-02,271906,T129
2014-05-03,250369,T129
2014-05-04,192916,T129
2014-05-05,253737,T129
2014-05-06,281631,T129
2014-05-07,267436,T129
2014-05-08,277103,T129
2014-05-09,284840,T129
2014-05-10,255509,T129
2014-05-11,193792,T129
2014-05-12,258610,T129
2014-05-13,276109,T129
2014-05-14,272425,T129
2014-05-15,286156,T129
2014-05-16,278657,T129
2014-05-17,269388,T129
2014-05-18,211990,T129
2014-05-19,236745,T129
2014-05-20,241417,T129
2014-05-21,247941,T129
2014-05-22,252451,T129
2014-05-23,251208,T129
2014-05-24,223632,T129
2014-05-25,181135,T129
2014-05-26,190434,T129
2014-05-27,271697,T129
2014-05-28,273910,T129
2014-05-29,281244,T129
2014-05-30,282875,T129
2014-05-31,252689,T129
2014-06-01,210235,T129
2014-06-02,273814,T129
2014-06-03,283639,T129
2014-06-04,289032,T129
2014-06-05,296112,T129
2014-06-06,333900,T129
2014-06-07,270348,T129
2014-06-08,242588,T129
2014-06-09,297668,T129
2014-06-10,277269,T129
2014-06-11,292460,T129
2014-06-12,305205,T129
2014-06-13,307546,T129
2014-06-14,283174,T129
2014-06-15,220496,T129
2014-06-16,259684,T129
2014-06-17,304104,T129
2014-06-18,312643,T129
2014-06-19,305607,T129
2014-06-20,301329,T129
2014-06-21,264468,T129
2014-06-22,212234,T129
2014-06-23,270372,T129
2014-06-24,294538,T129
2014-06-25,287906,T129
2014-06-26,301961,T129
2014-06-27,299763,T129
2014-06-28,261382,T129
2014-06-29,217864,T129
2014-06-30,279528,T129
2014-07-01,306230,T129
2014-07-02,303417,T129
2014-07-03,316075,T129
2014-07-04,303932,T129
2014-07-05,278802,T129
2014-07-06,230627,T129
2014-07-07,286776,T129
2014-07-08,314253,T129
2014-07-09,325868,T129
2014-07-10,312557,T129
2014-07-11,317203,T129
2014-07-12,281925,T129
2014-07-13,233079,T129
2014-07-14,299434,T129
2014-07-15,309875,T129
2014-07-16,314812,T129
2014-07-17,318096,T129
2014-07-18,321046,T129
2014-07-19,273987,T129
2014-07-20,234345,T129
2014-07-21,287451,T129
2014-07-22,293453,T129
2014-07-23,318066,T129
2014-07-24,321364,T129
2014-07-25,322682,T129
2014-07-26,282243,T129
2014-07-27,240274,T129
2014-07-28,299342,T129
2014-07-29,314963,T129
2014-07-30,321966,T129
2014-07-31,319590,T129
2014-08-01,311729,T129
2014-08-02,276598,T129
2014-08-03,228792,T129
2014-08-04,292369,T129
2014-08-05,319017,T129
2014-08-06,338660,T129
2014-08-07,381070,T129
2014-08-08,355784,T129
2014-08-09,298304,T129
2014-08-10,269467,T129
2014-08-11,313025,T129
2014-08-12,307910,T129
2014-08-13,304655,T129
2014-08-14,294129,T129
2014-08-15,297806,T129
2014-08-16,254524,T129
2014-08-17,217403,T129
2014-08-18,277193,T129
2014-08-19,288878,T129
2014-08-20,293135,T129
2012-01-01,13973,T104
2012-01-02,37523,T104
2012-01-03,43425,T104
2012-01-04,45414,T104
2012-01-05,44060,T104
2012-01-06,43870,T104
2012-01-07,27211,T104
2012-01-08,24241,T104
2012-01-09,44995,T104
2012-01-10,45651,T104
2012-01-11,44830,T104
2012-01-12,45776,T104
2012-01-13,46782,T104
2012-01-14,32437,T104
2012-01-15,22869,T104
2012-01-16,46270,T104
2012-01-17,45667,T104
2012-01-18,46210,T104
2012-01-19,45139,T104
2012-01-20,45647,T104
2012-01-21,33217,T104
2012-01-22,23962,T104
2012-01-23,42899,T104
2012-01-24,43222,T104
2012-01-25,41362,T104
2012-01-26,46692,T104
2012-01-27,45631,T104
2012-01-28,25593,T104
2012-01-29,17717,T104
2012-01-30,45755,T104
2012-01-31,45457,T104
2012-02-01,48260,T104
2012-02-02,46583,T104
2012-02-03,45753,T104
2012-02-04,20332,T104
2012-02-05,19340,T104
2012-02-06,44034,T104
2012-02-07,45390,T104
2012-02-08,45881,T104
2012-02-09,37649,T104
2012-02-10,38527,T104
2012-02-11,18562,T104
2012-02-12,16900,T104
2012-02-13,44037,T104
2012-02-14,45787,T104
2012-02-15,44462,T104
2012-02-16,37074,T104
2012-02-17,33959,T104
2012-02-18,15751,T104
2012-02-19,15137,T104
2012-02-20,21449,T104
2012-02-21,15940,T104
2012-02-22,38415,T104
2012-02-23,39841,T104
2012-02-24,39168,T104
2012-02-25,15847,T104
2012-02-26,16113,T104
2012-02-27,38552,T104
2012-02-28,40753,T104
2012-02-29,41021,T104
2012-03-01,41950,T104
2012-03-02,39692,T104
2012-03-03,15003,T104
2012-03-04,14500,T104
2012-03-05,40400,T104
2012-03-06,39432,T104
2012-03-07,41726,T104
2012-03-08,42629,T104
2012-03-09,39127,T104
2012-03-10,17834,T104
2012-03-11,14309,T104
2012-03-12,39210,T104
2012-03-13,37623,T104
2012-03-14,40106,T104
2012-03-15,43587,T104
2012-03-16,43797,T104
2012-03-17,17156,T104
2012-03-18,15409,T104
2012-03-19,35933,T104
2012-03-20,38798,T104
2012-03-21,40420,T104
2012-03-22,41825,T104
2012-03-23,34819,T104
2012-03-24,18181,T104
2012-03-25,17219,T104
2012-03-26,36186,T104
2012-03-27,41590,T104
2012-03-28,41236,T104
2012-03-29,42387,T104
2012-03-30,38112,T104
2012-03-31,19207,T104
2012-04-01,19474,T104
2012-04-02,40687,T104
2012-04-03,39041,T104
2012-04-04,41123,T104
2012-04-05,39369,T104
2012-04-06,19223,T104
2012-04-07,16013,T104
2012-04-08,13664,T104
2012-04-09,20164,T104
2012-04-10,41899,T104
2012-04-11,36401,T104
2012-04-12,38077,T104
2012-04-13,37620,T104
2012-04-14,14754,T104
2012-04-15,13569,T104
2012-04-16,26062,T104
2012-04-17,27986,T104
2012-04-18,33008,T104
2012-04-19,39641,T104
2012-04-20,40039,T104
2012-04-21,13346,T104
2012-04-22,11873,T104
2012-04-23,41488,T104
2012-04-24,41680,T104
2012-04-25,15624,T104
2012-04-26,29172,T104
2012-04-27,29053,T104
2012-04-28,15044,T104
2012-04-29,13423,T104
2012-04-30,18978,T104
2012-05-01,13442,T104
2012-05-02,36388,T104
2012-05-03,38514,T104
2012-05-04,40805,T104
2012-05-05,13126,T104
2012-05-06,12206,T104
2012-05-07,35952,T104
2012-05-08,38334,T104
2012-05-09,40842,T104
2012-05-10,40039,T104
2012-05-11,35902,T104
2012-05-12,15047,T104
2012-05-13,13267,T104
2012-05-14,35784,T104
2012-05-15,39398,T104
2012-05-16,42848,T104
2012-05-17,38843,T104
2012-05-18,37568,T104
2012-05-19,14166,T104
2012-05-20,13319,T104
2012-05-21,33741,T104
2012-05-22,34834,T104
2012-05-23,40335,T104
2012-05-24,42741,T104
2012-05-25,33574,T104
2012-05-26,15026,T104
2012-05-27,14287,T104
2012-05-28,32739,T104
2012-05-29,40370,T104
2012-05-30,41785,T104
2012-05-31,42375,T104
2012-06-01,34029,T104
2012-06-02,16687,T104
2012-06-03,14922,T104
2012-06-04,34699,T104
2012-06-05,39989,T104
2012-06-06,42314,T104
2012-06-07,15772,T104
2012-06-08,20075,T104
2012-06-09,12590,T104
2012-06-10,12731,T104
2012-06-11,34769,T104
2012-06-12,37735,T104
2012-06-13,39939,T104
2012-06-14,38546,T104
2012-06-15,28345,T104
2012-06-16,13519,T104
2012-06-17,12258,T104
2012-06-18,32085,T104
2012-06-19,36007,T104
2012-06-20,37034,T104
2012-06-21,36657,T104
2012-06-22,38609,T104
2012-06-23,13194,T104
2012-06-24,12740,T104
2012-06-25,47879,T104
2012-06-26,47793,T104
2012-06-27,43137,T104
2012-06-28,43980,T104
2012-06-29,40552,T104
2012-06-30,13863,T104
2012-07-01,12478,T104
2012-07-02,43719,T104
2012-07-03,49794,T104
2012-07-04,42764,T104
2012-07-05,45962,T104
2012-07-06,46602,T104
2012-07-07,14637,T104
2012-07-08,13356,T104
2012-07-09,23348,T104
2012-07-10,45566,T104
2012-07-11,45783,T104
2012-07-12,47644,T104
2012-07-13,45382,T104
2012-07-14,14463,T104
2012-07-15,13570,T104
2012-07-16,48997,T104
2012-07-17,54278,T104
2012-07-18,53251,T104
2012-07-19,49431,T104
2012-07-20,46359,T104
2012-07-21,15112,T104
2012-07-22,14384,T104
2012-07-23,45504,T104
2012-07-24,48669,T104
2012-07-25,47825,T104
2012-07-26,47013,T104
2012-07-27,47840,T104
2012-07-28,15289,T104
2012-07-29,13053,T104
2012-07-30,39467,T104
2012-07-31,38866,T104
2012-08-01,40786,T104
2012-08-02,40633,T104
2012-08-03,38315,T104
2012-08-04,15547,T104
2012-08-05,13273,T104
2012-08-06,35496,T104
2012-08-07,39980,T104
2012-08-08,40193,T104
2012-08-09,41476,T104
2012-08-10,40792,T104
2012-08-11,15831,T104
2012-08-12,13947,T104
2012-08-13,37865,T104
2012-08-14,40001,T104
2012-08-15,14514,T104
2012-08-16,28781,T104
2012-08-17,26050,T104
2012-08-18,13588,T104
2012-08-19,13655,T104
2012-08-20,25480,T104
2012-08-21,25524,T104
2012-08-22,24115,T104
2012-08-23,24270,T104
2012-08-24,24063,T104
2012-08-25,13932,T104
2012-08-26,13039,T104
2012-08-27,24172,T104
2012-08-28,29585,T104
2012-08-29,29630,T104
2012-08-30,32484,T104
2012-08-31,31433,T104
2012-09-01,16261,T104
2012-09-02,16309,T104
2012-09-03,35408,T104
2012-09-04,35755,T104
2012-09-05,36571,T104
2012-09-06,38621,T104
2012-09-07,36562,T104
2012-09-08,17738,T104
2012-09-09,16173,T104
2012-09-10,37942,T104
2012-09-11,44455,T104
2012-09-12,47171,T104
2012-09-13,42037,T104
2012-09-14,42183,T104
2012-09-15,17779,T104
2012-09-16,16486,T104
2012-09-17,43491,T104
2012-09-18,43626,T104
2012-09-19,47718,T104
2012-09-20,45673,T104
2012-09-21,43419,T104
2012-09-22,13026,T104
2012-09-23,11074,T104
2012-09-24,41499,T104
2012-09-25,42500,T104
2012-09-26,41312,T104
2012-09-27,40886,T104
2012-09-28,39862,T104
2012-09-29,14519,T104
2012-09-30,13801,T104
2012-10-01,39234,T104
2012-10-02,41718,T104
2012-10-03,41906,T104
2012-10-04,40347,T104
2012-10-05,15174,T104
2012-10-06,14654,T104
2012-10-07,14043,T104
2012-10-08,40223,T104
2012-10-09,36758,T104
2012-10-10,38466,T104
2012-10-11,42201,T104
2012-10-12,38757,T104
2012-10-13,11110,T104
2012-10-14,10746,T104
2012-10-15,32452,T104
2012-10-16,32535,T104
2012-10-17,32328,T104
2012-10-18,36106,T104
2012-10-19,37716,T104
2012-10-20,10521,T104
2012-10-21,10285,T104
2012-10-22,39002,T104
2012-10-23,37475,T104
2012-10-24,36570,T104
2012-10-25,37871,T104
2012-10-26,35800,T104
2012-10-27,12541,T104
2012-10-28,11908,T104
2012-10-29,29298,T104
2012-10-30,29991,T104
2012-10-31,30047,T104
2012-11-01,13376,T104
2012-11-02,19287,T104
2012-11-03,12881,T104
2012-11-04,11850,T104
2012-11-05,31703,T104
2012-11-06,36960,T104
2012-11-07,36954,T104
2012-11-08,35932,T104
2012-11-09,29750,T104
2012-11-10,11962,T104
2012-11-11,11078,T104
2012-11-12,29915,T104
2012-11-13,33797,T104
2012-11-14,38481,T104
2012-11-15,36204,T104
2012-11-16,27752,T104
2012-11-17,11948,T104
2012-11-18,11129,T104
2012-11-19,31454,T104
2012-11-20,38327,T104
2012-11-21,39656,T104
2012-11-22,40141,T104
2012-11-23,39285,T104
2012-11-24,12950,T104
2012-11-25,11771,T104
2012-11-26,33032,T104
2012-11-27,39618,T104
2012-11-28,35438,T104
2012-11-29,28568,T104
2012-11-30,25173,T104
2012-12-01,12755,T104
2012-12-02,11727,T104
2012-12-03,25993,T104
2012-12-04,33477,T104
2012-12-05,37412,T104
2012-12-06,38199,T104
2012-12-07,37724,T104
2012-12-08,10875,T104
2012-12-09,10935,T104
2012-12-10,35309,T104
2012-12-11,32150,T104
2012-12-12,31332,T104
2012-12-13,32288,T104
2012-12-14,29240,T104
2012-12-15,14904,T104
2012-12-16,12288,T104
2012-12-17,30696,T104
2012-12-18,29889,T104
2012-12-19,26356,T104
2012-12-20,26143,T104
2012-12-21,25119,T104
2012-12-22,12376,T104
2012-12-23,10926,T104
2012-12-24,17808,T104
2012-12-25,13415,T104
2012-12-26,19725,T104
2012-12-27,20328,T104
2012-12-28,20022,T104
2012-12-29,11948,T104
2012-12-30,11128,T104
2012-12-31,18580,T104
2013-01-01,11973,T104
2013-01-02,25119,T104
2013-01-03,26597,T104
2013-01-04,29178,T104
2013-01-05,13667,T104
2013-01-06,13681,T104
2013-01-07,32455,T104
2013-01-08,27278,T104
2013-01-09,32331,T104
2013-01-10,37520,T104
2013-01-11,35673,T104
2013-01-12,12603,T104
2013-01-13,11894,T104
2013-01-14,37478,T104
2013-01-15,38336,T104
2013-01-16,36609,T104
2013-01-17,36453,T104
2013-01-18,36621,T104
2013-01-19,12315,T104
2013-01-20,11010,T104
2013-01-21,36818,T104
2013-01-22,38332,T104
2013-01-23,39697,T104
2013-01-24,35446,T104
2013-01-25,37412,T104
2013-01-26,14028,T104
2013-01-27,12187,T104
2013-01-28,35976,T104
2013-01-29,38190,T104
2013-01-30,37702,T104
2013-01-31,36308,T104
2013-02-01,35855,T104
2013-02-02,12181,T104
2013-02-03,11495,T104
2013-02-04,31296,T104
2013-02-05,30755,T104
2013-02-06,35071,T104
2013-02-07,35896,T104
2013-02-08,36025,T104
2013-02-09,13178,T104
2013-02-10,12678,T104
2013-02-11,23805,T104
2013-02-12,15244,T104
2013-02-13,33950,T104
2013-02-14,35594,T104
2013-02-15,35534,T104
2013-02-16,12585,T104
2013-02-17,11462,T104
2013-02-18,33308,T104
2013-02-19,34148,T104
2013-02-20,36174,T104
2013-02-21,30759,T104
2013-02-22,31229,T104
2013-02-23,12132,T104
2013-02-24,11918,T104
2013-02-25,31804,T104
2013-02-26,35044,T104
2013-02-27,34880,T104
2013-02-28,35312,T104
2013-03-01,28695,T104
2013-03-02,11460,T104
2013-03-03,11113,T104
2013-03-04,29718,T104
2013-03-05,35308,T104
2013-03-06,36762,T104
2013-03-07,34991,T104
2013-03-08,32908,T104
2013-03-09,11565,T104
2013-03-10,11817,T104
2013-03-11,32612,T104
2013-03-12,35358,T104
2013-03-13,36250,T104
2013-03-14,35173,T104
2013-03-15,34020,T104
2013-03-16,12318,T104
2013-03-17,11261,T104
2013-03-18,34186,T104
2013-03-19,36174,T104
2013-03-20,36098,T104
2013-03-21,35933,T104
2013-03-22,35762,T104
2013-03-23,19038,T104
2013-03-24,11264,T104
2013-03-25,33053,T104
2013-03-26,32524,T104
2013-03-27,37098,T104
2013-03-28,40861,T104
2013-03-29,13975,T104
2013-03-30,12087,T104
2013-03-31,10962,T104
2013-04-01,39920,T104
2013-04-02,41174,T104
2013-04-03,42927,T104
2013-04-04,40951,T104
2013-04-05,38591,T104
2013-04-06,12270,T104
2013-04-07,11490,T104
2013-04-08,38116,T104
2013-04-09,39919,T104
2013-04-10,40510,T104
2013-04-11,40443,T104
2013-04-12,39742,T104
2013-04-13,14051,T104
2013-04-14,13992,T104
2013-04-15,39325,T104
2013-04-16,40684,T104
2013-04-17,39139,T104
2013-04-18,37154,T104
2013-04-19,37717,T104
2013-04-20,12423,T104
2013-04-21,11822,T104
2013-04-22,36730,T104
2013-04-23,39451,T104
2013-04-24,39020,T104
2013-04-25,14360,T104
2013-04-26,37357,T104
2013-04-27,11148,T104
2013-04-28,10389,T104
2013-04-29,37259,T104
2013-04-30,38075,T104
2013-05-01,15273,T104
2013-05-02,38283,T104
2013-05-03,38246,T104
2013-05-04,12919,T104
2013-05-05,11703,T104
2013-05-06,33047,T104
2013-05-07,36336,T104
2013-05-08,35623,T104
2013-05-09,34594,T104
2013-05-10,34136,T104
2013-05-11,14687,T104
2013-05-12,12984,T104
2013-05-13,36970,T104
2013-05-14,35611,T104
2013-05-15,34076,T104
2013-05-16,33585,T104
2013-05-17,35459,T104
2013-05-18,11833,T104
2013-05-19,11085,T104
2013-05-20,31389,T104
2013-05-21,29475,T104
2013-05-22,32339,T104
2013-05-23,33387,T104
2013-05-24,33690,T104
2013-05-25,12373,T104
2013-05-26,11136,T104
2013-05-27,34115,T104
2013-05-28,34184,T104
2013-05-29,34867,T104
2013-05-30,34932,T104
2013-05-31,34810,T104
2013-06-01,13728,T104
2013-06-02,13908,T104
2013-06-03,35066,T104
2013-06-04,38614,T104
2013-06-05,37280,T104
2013-06-06,33641,T104
2013-06-07,33617,T104
2013-06-08,11967,T104
2013-06-09,10869,T104
2013-06-10,12558,T104
2013-06-11,33381,T104
2013-06-12,34192,T104
2013-06-13,34891,T104
2013-06-14,33845,T104
2013-06-15,13164,T104
2013-06-16,11863,T104
2013-06-17,33971,T104
2013-06-18,35332,T104
2013-06-19,35751,T104
2013-06-20,35849,T104
2013-06-21,36642,T104
2013-06-22,15164,T104
2013-06-23,15817,T104
2013-06-24,32495,T104
2013-06-25,42468,T104
2013-06-26,45499,T104
2013-06-27,44483,T104
2013-06-28,42397,T104
2013-06-29,16941,T104
2013-06-30,16340,T104
2013-07-01,38216,T104
2013-07-02,39156,T104
2013-07-03,42580,T104
2013-07-04,46317,T104
2013-07-05,45895,T104
2013-07-06,22468,T104
2013-07-07,18377,T104
2013-07-08,47881,T104
2013-07-09,46047,T104
2013-07-10,44858,T104
2013-07-11,42358,T104
2013-07-12,42261,T104
2013-07-13,18108,T104
2013-07-14,17388,T104
2013-07-15,28461,T104
2013-07-16,42197,T104
2013-07-17,43900,T104
2013-07-18,46416,T104
2013-07-19,42394,T104
2013-07-20,25905,T104
2013-07-21,16546,T104
2013-07-22,39822,T104
2013-07-23,42792,T104
2013-07-24,42522,T104
2013-07-25,41376,T104
2013-07-26,38107,T104
2013-07-27,21985,T104
2013-07-28,16022,T104
2013-07-29,39122,T104
2013-07-30,40089,T104
2013-07-31,46962,T104
2013-08-01,43531,T104
2013-08-02,43016,T104
2013-08-03,23483,T104
2013-08-04,13071,T104
2013-08-05,41074,T104
2013-08-06,39062,T104
2013-08-07,38044,T104
2013-08-08,37465,T104
2013-08-09,38709,T104
2013-08-10,17279,T104
2013-08-11,17018,T104
2013-08-12,28951,T104
2013-08-13,31037,T104
2013-08-14,30683,T104
2013-08-15,18293,T104
2013-08-16,25884,T104
2013-08-17,13313,T104
2013-08-18,16660,T104
2013-08-19,27741,T104
2013-08-20,29196,T104
2013-08-21,25932,T104
2013-08-22,26146,T104
2013-08-23,26998,T104
2013-08-24,17812,T104
2013-08-25,17609,T104
2013-08-26,30922,T104
2013-08-27,34136,T104
2013-08-28,34887,T104
2013-08-29,34522,T104
2013-08-30,35218,T104
2013-08-31,16564,T104
2013-09-01,14132,T104
2013-09-02,41253,T104
2013-09-03,45360,T104
2013-09-04,41452,T104
2013-09-05,40948,T104
2013-09-06,36702,T104
2013-09-07,14109,T104
2013-09-08,12949,T104
2013-09-09,35189,T104
2013-09-10,38505,T104
2013-09-11,38679,T104
2013-09-12,39304,T104
2013-09-13,39331,T104
2013-09-14,15610,T104
2013-09-15,15446,T104
2013-09-16,37513,T104
2013-09-17,38082,T104
2013-09-18,37864,T104
2013-09-19,39679,T104
2013-09-20,39588,T104
2013-09-21,14864,T104
2013-09-22,14363,T104
2013-09-23,36629,T104
2013-09-24,40137,T104
2013-09-25,41446,T104
2013-09-26,41319,T104
2013-09-27,39474,T104
2013-09-28,13344,T104
2013-09-29,15824,T104
2013-09-30,39472,T104
2013-10-01,41499,T104
2013-10-02,38780,T104
2013-10-03,41035,T104
2013-10-04,39604,T104
2013-10-05,13603,T104
2013-10-06,12924,T104
2013-10-07,32679,T104
2013-10-08,34147,T104
2013-10-09,34779,T104
2013-10-10,33997,T104
2013-10-11,32043,T104
2013-10-12,12452,T104
2013-10-13,11111,T104
2013-10-14,21122,T104
2013-10-15,32379,T104
2013-10-16,31770,T104
2013-10-17,33994,T104
2013-10-18,33216,T104
2013-10-19,15633,T104
2013-10-20,14782,T104
2013-10-21,24159,T104
2013-10-22,33292,T104
2013-10-23,33964,T104
2013-10-24,34913,T104
2013-10-25,32853,T104
2013-10-26,13504,T104
2013-10-27,13899,T104
2013-10-28,20771,T104
2013-10-29,28261,T104
2013-10-30,31633,T104
2013-10-31,28663,T104
2013-11-01,31763,T104
2013-11-02,13068,T104
2013-11-03,11820,T104
2013-11-04,34503,T104
2013-11-05,34643,T104
2013-11-06,34010,T104
2013-11-07,34972,T104
2013-11-08,27780,T104
2013-11-09,12506,T104
2013-11-10,13284,T104
2013-11-11,31890,T104
2013-11-12,29503,T104
2013-11-13,29121,T104
2013-11-14,30420,T104
2013-11-15,27207,T104
2013-11-16,12208,T104
2013-11-17,12311,T104
2013-11-18,30388,T104
2013-11-19,29086,T104
2013-11-20,32650,T104
2013-11-21,31543,T104
2013-11-22,26202,T104
2013-11-23,12085,T104
2013-11-24,12991,T104
2013-11-25,32793,T104
2013-11-26,32043,T104
2013-11-27,31801,T104
2013-11-28,29110,T104
2013-11-29,25294,T104
2013-11-30,12464,T104
2013-12-01,11793,T104
2013-12-02,28610,T104
2013-12-03,32354,T104
2013-12-04,32958,T104
2013-12-05,32342,T104
2013-12-06,28129,T104
2013-12-07,10607,T104
2013-12-08,10154,T104
2013-12-09,33352,T104
2013-12-10,33058,T104
2013-12-11,36577,T104
2013-12-12,33654,T104
2013-12-13,28017,T104
2013-12-14,13988,T104
2013-12-15,12614,T104
2013-12-16,34502,T104
2013-12-17,34415,T104
2013-12-18,31765,T104
2013-12-19,29487,T104
2013-12-20,22882,T104
2013-12-21,12673,T104
2013-12-22,12274,T104
2013-12-23,20737,T104
2013-12-24,14396,T104
2013-12-25,10499,T104
2013-12-26,16276,T104
2013-12-27,17304,T104
2013-12-28,10391,T104
2013-12-29,9885,T104
2013-12-30,18006,T104
2013-12-31,15415,T104
2014-01-01,11000,T104
2014-01-02,30586,T104
2014-01-03,31686,T104
2014-01-04,10928,T104
2014-01-05,10533,T104
2014-01-06,30787,T104
2014-01-07,35495,T104
2014-01-08,35493,T104
2014-01-09,35316,T104
2014-01-10,34883,T104
2014-01-11,11949,T104
2014-01-12,10985,T104
2014-01-13,32566,T104
2014-01-14,35292,T104
2014-01-15,35420,T104
2014-01-16,32257,T104
2014-01-17,31015,T104
2014-01-18,11813,T104
2014-01-19,10609,T104
2014-01-20,32447,T104
2014-01-21,30567,T104
2014-01-22,31149,T104
2014-01-23,31901,T104
2014-01-24,30893,T104
2014-01-25,12271,T104
2014-01-26,10993,T104
2014-01-27,29666,T104
2014-01-28,33337,T104
2014-01-29,34904,T104
2014-01-30,35036,T104
2014-01-31,33548,T104
2014-02-01,11101,T104
2014-02-02,10347,T104
2014-02-03,34225,T104
2014-02-04,34978,T104
2014-02-05,32235,T104
2014-02-06,35860,T104
2014-02-07,34405,T104
2014-02-08,13648,T104
2014-02-09,12031,T104
2014-02-10,33585,T104
2014-02-11,34126,T104
2014-02-12,35284,T104
2014-02-13,34286,T104
2014-02-14,32815,T104
2014-02-15,13966,T104
2014-02-16,11634,T104
2014-02-17,30179,T104
2014-02-18,30245,T104
2014-02-19,27116,T104
2014-02-20,31848,T104
2014-02-21,32507,T104
2014-02-22,13661,T104
2014-02-23,12241,T104
2014-02-24,26605,T104
2014-02-25,28800,T104
2014-02-26,30270,T104
2014-02-27,30744,T104
2014-02-28,30061,T104
2014-03-01,12737,T104
2014-03-02,11605,T104
2014-03-03,22578,T104
2014-03-04,14169,T104
2014-03-05,31247,T104
2014-03-06,30420,T104
2014-03-07,30223,T104
2014-03-08,12753,T104
2014-03-09,12641,T104
2014-03-10,29285,T104
2014-03-11,33081,T104
2014-03-12,33149,T104
2014-03-13,33602,T104
2014-03-14,33064,T104
2014-03-15,12274,T104
2014-03-16,12705,T104
2014-03-17,32848,T104
2014-03-18,32820,T104
2014-03-19,31602,T104
2014-03-20,33811,T104
2014-03-21,27667,T104
2014-03-22,13470,T104
2014-03-23,12157,T104
2014-03-24,27589,T104
2014-03-25,33780,T104
2014-03-26,33339,T104
2014-03-27,31392,T104
2014-03-28,31965,T104
2014-03-29,11271,T104
2014-03-30,10077,T104
2014-03-31,26054,T104
2014-04-01,32379,T104
2014-04-02,33396,T104
2014-04-03,32634,T104
2014-04-04,34826,T104
2014-04-05,12150,T104
2014-04-06,11489,T104
2014-04-07,30412,T104
2014-04-08,32625,T104
2014-04-09,34890,T104
2014-04-10,29320,T104
2014-04-11,29869,T104
2014-04-12,13153,T104
2014-04-13,11958,T104
2014-04-14,32992,T104
2014-04-15,34116,T104
2014-04-16,29092,T104
2014-04-17,29719,T104
2014-04-18,14701,T104
2014-04-19,13539,T104
2014-04-20,12845,T104
2014-04-21,31035,T104
2014-04-22,27789,T104
2014-04-23,30897,T104
2014-04-24,27505,T104
2014-04-25,12208,T104
2014-04-26,11487,T104
2014-04-27,11063,T104
2014-04-28,30298,T104
2014-04-29,31397,T104
2014-04-30,28895,T104
2014-05-01,13281,T104
2014-05-02,20159,T104
2014-05-03,13512,T104
2014-05-04,12927,T104
2014-05-05,28389,T104
2014-05-06,30526,T104
2014-05-07,32178,T104
2014-05-08,34291,T104
2014-05-09,31741,T104
2014-05-10,13480,T104
2014-05-11,12386,T104
2014-05-12,27878,T104
2014-05-13,31950,T104
2014-05-14,28564,T104
2014-05-15,29108,T104
2014-05-16,26586,T104
2014-05-17,13698,T104
2014-05-18,12954,T104
2014-05-19,21708,T104
2014-05-20,25891,T104
2014-05-21,29667,T104
2014-05-22,26132,T104
2014-05-23,25253,T104
2014-05-24,14177,T104
2014-05-25,11104,T104
2014-05-26,27723,T104
2014-05-27,32287,T104
2014-05-28,33587,T104
2014-05-29,34441,T104
2014-05-30,33914,T104
2014-05-31,13443,T104
2014-06-01,12549,T104
2014-06-02,34915,T104
2014-06-03,32299,T104
2014-06-04,34708,T104
2014-06-05,34910,T104
2014-06-06,33025,T104
2014-06-07,12232,T104
2014-06-08,11471,T104
2014-06-09,34399,T104
2014-06-10,15126,T104
2014-06-11,37397,T104
2014-06-12,39913,T104
2014-06-13,36434,T104
2014-06-14,16318,T104
2014-06-15,14727,T104
2014-06-16,31968,T104
2014-06-17,33428,T104
2014-06-18,38350,T104
2014-06-19,36585,T104
2014-06-20,36043,T104
2014-06-21,14479,T104
2014-06-22,13166,T104
2014-06-23,35900,T104
2014-06-24,33844,T104
2014-06-25,36908,T104
2014-06-26,36793,T104
2014-06-27,35116,T104
2014-06-28,15813,T104
2014-06-29,14600,T104
2014-06-30,37427,T104
2014-07-01,40049,T104
2014-07-02,41905,T104
2014-07-03,43823,T104
2014-07-04,41224,T104
2014-07-05,24653,T104
2014-07-06,13860,T104
2014-07-07,36639,T104
2014-07-08,40707,T104
2014-07-09,43692,T104
2014-07-10,44539,T104
2014-07-11,42673,T104
2014-07-12,20059,T104
2014-07-13,15366,T104
2014-07-14,28141,T104
2014-07-15,38780,T104
2014-07-16,43213,T104
2014-07-17,41527,T104
2014-07-18,40518,T104
2014-07-19,17248,T104
2014-07-20,14028,T104
2014-07-21,39888,T104
2014-07-22,40681,T104
2014-07-23,38454,T104
2014-07-24,38556,T104
2014-07-25,38438,T104
2014-07-26,14578,T104
2014-07-27,13916,T104
2014-07-28,32276,T104
2014-07-29,40838,T104
2014-07-30,42143,T104
2014-07-31,40363,T104
2014-08-01,37190,T104
2014-08-02,14204,T104
2014-08-03,14661,T104
2014-08-04,30646,T104
2014-08-05,34247,T104
2014-08-06,32593,T104
2014-08-07,33486,T104
2014-08-08,32839,T104
2014-08-09,20596,T104
2014-08-10,16049,T104
2014-08-11,27455,T104
2014-08-12,28750,T104
2014-08-13,22493,T104
2014-08-14,21377,T104
2014-08-15,15821,T104
2014-08-16,13826,T104
2014-08-17,13465,T104
2014-08-18,19385,T104
2014-08-19,20627,T104
2014-08-20,20557,T104
2012-01-01,1275,T85
2012-01-02,5260,T85
2012-01-03,3811,T85
2012-01-04,9962,T85
2012-01-05,7357,T85
2012-01-06,9822,T85
2012-01-07,2251,T85
2012-01-08,1629,T85
2012-01-09,4788,T85
2012-01-10,5935,T85
2012-01-11,4312,T85
2012-01-12,6474,T85
2012-01-13,3360,T85
2012-01-14,1750,T85
2012-01-15,1545,T85
2012-01-16,6517,T85
2012-01-17,5126,T85
2012-01-18,4102,T85
2012-01-19,3278,T85
2012-01-20,3229,T85
2012-01-21,1524,T85
2012-01-22,1377,T85
2012-01-23,3402,T85
2012-01-24,6754,T85
2012-01-25,3930,T85
2012-01-26,3701,T85
2012-01-27,3004,T85
2012-01-28,1737,T85
2012-01-29,1502,T85
2012-01-30,3215,T85
2012-01-31,4177,T85
2012-02-01,3039,T85
2012-02-02,6691,T85
2012-02-03,5207,T85
2012-02-04,1932,T85
2012-02-05,1568,T85
2012-02-06,4940,T85
2012-02-07,3525,T85
2012-02-08,2856,T85
2012-02-09,6768,T85
2012-02-10,3572,T85
2012-02-11,2645,T85
2012-02-12,1382,T85
2012-02-13,3683,T85
2012-02-14,3621,T85
2012-02-15,3291,T85
2012-02-16,3395,T85
2012-02-17,3511,T85
2012-02-18,1655,T85
2012-02-19,1208,T85
2012-02-20,2667,T85
2012-02-21,1669,T85
2012-02-22,6282,T85
2012-02-23,3562,T85
2012-02-24,5586,T85
2012-02-25,1618,T85
2012-02-26,1506,T85
2012-02-27,5878,T85
2012-02-28,2748,T85
2012-02-29,4935,T85
2012-03-01,3373,T85
2012-03-02,4498,T85
2012-03-03,1697,T85
2012-03-04,1174,T85
2012-03-05,2819,T85
2012-03-06,2436,T85
2012-03-07,4650,T85
2012-03-08,3057,T85
2012-03-09,5255,T85
2012-03-10,3946,T85
2012-03-11,1108,T85
2012-03-12,2264,T85
2012-03-13,5445,T85
2012-03-14,2373,T85
2012-03-15,6287,T85
2012-03-16,5237,T85
2012-03-17,3891,T85
2012-03-18,1285,T85
2012-03-19,6607,T85
2012-03-20,5754,T85
2012-03-21,3072,T85
2012-03-22,5301,T85
2012-03-23,2774,T85
2012-03-24,2749,T85
2012-03-25,1113,T85
2012-03-26,4998,T85
2012-03-27,5820,T85
2012-03-28,3814,T85
2012-03-29,4892,T85
2012-03-30,2391,T85
2012-03-31,3641,T85
2012-04-01,1274,T85
2012-04-02,3873,T85
2012-04-03,8322,T85
2012-04-04,8342,T85
2012-04-05,6426,T85
2012-04-06,1341,T85
2012-04-07,1452,T85
2012-04-08,1218,T85
2012-04-09,5731,T85
2012-04-10,7818,T85
2012-04-11,10008,T85
2012-04-12,10392,T85
2012-04-13,9913,T85
2012-04-14,7076,T85
2012-04-15,6628,T85
2012-04-16,6521,T85
2012-04-17,3564,T85
2012-04-18,4989,T85
2012-04-19,4703,T85
2012-04-20,3232,T85
2012-04-21,2279,T85
2012-04-22,1385,T85
2012-04-23,3339,T85
2012-04-24,2755,T85
2012-04-25,2299,T85
2012-04-26,2475,T85
2012-04-27,3597,T85
2012-04-28,2195,T85
2012-04-29,1362,T85
2012-04-30,2055,T85
2012-05-01,1323,T85
2012-05-02,2168,T85
2012-05-03,3035,T85
2012-05-04,2095,T85
2012-05-05,1607,T85
2012-05-06,1189,T85
2012-05-07,2219,T85
2012-05-08,2508,T85
2012-05-09,1976,T85
2012-05-10,2942,T85
2012-05-11,3151,T85
2012-05-12,2809,T85
2012-05-13,664,T85
2012-05-14,4680,T85
2012-05-15,5891,T85
2012-05-16,2077,T85
2012-05-17,2177,T85
2012-05-18,1927,T85
2012-05-19,1487,T85
2012-05-20,756,T85
2012-05-21,1818,T85
2012-05-22,2475,T85
2012-05-23,1975,T85
2012-05-24,2011,T85
2012-05-25,2586,T85
2012-05-26,1378,T85
2012-05-27,778,T85
2012-05-28,5978,T85
2012-05-29,4821,T85
2012-05-30,5761,T85
2012-05-31,2714,T85
2012-06-01,2182,T85
2012-06-02,1357,T85
2012-06-03,912,T85
2012-06-04,1700,T85
2012-06-05,2044,T85
2012-06-06,2093,T85
2012-06-07,1972,T85
2012-06-08,1951,T85
2012-06-09,1206,T85
2012-06-10,827,T85
2012-06-11,1528,T85
2012-06-12,2015,T85
2012-06-13,732,T85
2012-06-14,1830,T85
2012-06-15,3779,T85
2012-06-16,1453,T85
2012-06-17,741,T85
2012-06-18,2082,T85
2012-06-19,4747,T85
2012-06-20,2207,T85
2012-06-21,2664,T85
2012-06-22,5737,T85
2012-06-23,1233,T85
2012-06-24,805,T85
2012-06-25,2362,T85
2012-06-26,2164,T85
2012-06-27,1874,T85
2012-06-28,2043,T85
2012-06-29,2484,T85
2012-06-30,929,T85
2012-07-01,879,T85
2012-07-02,2460,T85
2012-07-03,2205,T85
2012-07-04,2340,T85
2012-07-05,4418,T85
2012-07-06,4122,T85
2012-07-07,1483,T85
2012-07-08,993,T85
2012-07-09,3928,T85
2012-07-10,3707,T85
2012-07-11,4042,T85
2012-07-12,5818,T85
2012-07-13,4500,T85
2012-07-14,1113,T85
2012-07-15,946,T85
2012-07-16,2459,T85
2012-07-17,2673,T85
2012-07-18,3255,T85
2012-07-19,2453,T85
2012-07-20,4637,T85
2012-07-21,1269,T85
2012-07-22,781,T85
2012-07-23,3637,T85
2012-07-24,3105,T85
2012-07-25,2408,T85
2012-07-26,5326,T85
2012-07-27,4217,T85
2012-07-28,1900,T85
2012-07-29,776,T85
2012-07-30,1854,T85
2012-07-31,1694,T85
2012-08-01,1460,T85
2012-08-02,3735,T85
2012-08-03,3580,T85
2012-08-04,1017,T85
2012-08-05,1144,T85
2012-08-06,1858,T85
2012-08-07,3726,T85
2012-08-08,7290,T85
2012-08-09,8131,T85
2012-08-10,6177,T85
2012-08-11,6120,T85
2012-08-12,2416,T85
2012-08-13,5628,T85
2012-08-14,3404,T85
2012-08-15,1345,T85
2012-08-16,7248,T85
2012-08-17,4039,T85
2012-08-18,1922,T85
2012-08-19,946,T85
2012-08-20,4583,T85
2012-08-21,2446,T85
2012-08-22,5648,T85
2012-08-23,6595,T85
2012-08-24,3858,T85
2012-08-25,1860,T85
2012-08-26,740,T85
2012-08-27,1426,T85
2012-08-28,1123,T85
2012-08-29,1635,T85
2012-08-30,2075,T85
2012-08-31,2069,T85
2012-09-01,882,T85
2012-09-02,766,T85
2012-09-03,1609,T85
2012-09-04,1971,T85
2012-09-05,1696,T85
2012-09-06,1850,T85
2012-09-07,2053,T85
2012-09-08,926,T85
2012-09-09,776,T85
2012-09-10,2019,T85
2012-09-11,1761,T85
2012-09-12,1653,T85
2012-09-13,1784,T85
2012-09-14,1875,T85
2012-09-15,1311,T85
2012-09-16,679,T85
2012-09-17,2006,T85
2012-09-18,2003,T85
2012-09-19,1968,T85
2012-09-20,2083,T85
2012-09-21,2970,T85
2012-09-22,566,T85
2012-09-23,628,T85
2012-09-24,1607,T85
2012-09-25,4113,T85
2012-09-26,2134,T85
2012-09-27,2213,T85
2012-09-28,1804,T85
2012-09-29,774,T85
2012-09-30,773,T85
2012-10-01,1770,T85
2012-10-02,4151,T85
2012-10-03,4658,T85
2012-10-04,3089,T85
2012-10-05,562,T85
2012-10-06,522,T85
2012-10-07,627,T85
2012-10-08,1608,T85
2012-10-09,1887,T85
2012-10-10,1669,T85
2012-10-11,1544,T85
2012-10-12,1693,T85
2012-10-13,642,T85
2012-10-14,715,T85
2012-10-15,2260,T85
2012-10-16,2251,T85
2012-10-17,2111,T85
2012-10-18,2349,T85
2012-10-19,1826,T85
2012-10-20,672,T85
2012-10-21,743,T85
2012-10-22,1819,T85
2012-10-23,2861,T85
2012-10-24,1879,T85
2012-10-25,2691,T85
2012-10-26,2701,T85
2012-10-27,695,T85
2012-10-28,866,T85
2012-10-29,3914,T85
2012-10-30,1836,T85
2012-10-31,2458,T85
2012-11-01,863,T85
2012-11-02,797,T85
2012-11-03,730,T85
2012-11-04,1028,T85
2012-11-05,2612,T85
2012-11-06,2312,T85
2012-11-07,3522,T85
2012-11-08,3564,T85
2012-11-09,3009,T85
2012-11-10,1986,T85
2012-11-11,1082,T85
2012-11-12,4795,T85
2012-11-13,3264,T85
2012-11-14,2160,T85
2012-11-15,2773,T85
2012-11-16,1823,T85
2012-11-17,918,T85
2012-11-18,954,T85
2012-11-19,2183,T85
2012-11-20,2299,T85
2012-11-21,2480,T85
2012-11-22,2189,T85
2012-11-23,2588,T85
2012-11-24,1281,T85
2012-11-25,1164,T85
2012-11-26,2088,T85
2012-11-27,2547,T85
2012-11-28,2490,T85
2012-11-29,3051,T85
2012-11-30,2298,T85
2012-12-01,1971,T85
2012-12-02,1288,T85
2012-12-03,2775,T85
2012-12-04,2589,T85
2012-12-05,2901,T85
2012-12-06,1995,T85
2012-12-07,2320,T85
2012-12-08,1032,T85
2012-12-09,1134,T85
2012-12-10,2954,T85
2012-12-11,2880,T85
2012-12-12,3320,T85
2012-12-13,2315,T85
2012-12-14,2313,T85
2012-12-15,1970,T85
2012-12-16,1191,T85
2012-12-17,2996,T85
2012-12-18,2848,T85
2012-12-19,2458,T85
2012-12-20,1911,T85
2012-12-21,3101,T85
2012-12-22,1003,T85
2012-12-23,872,T85
2012-12-24,898,T85
2012-12-25,1159,T85
2012-12-26,2110,T85
2012-12-27,2093,T85
2012-12-28,2369,T85
2012-12-29,1011,T85
2012-12-30,1069,T85
2012-12-31,1030,T85
2013-01-01,1245,T85
2013-01-02,2093,T85
2013-01-03,2529,T85
2013-01-04,2462,T85
2013-01-05,1341,T85
2013-01-06,1310,T85
2013-01-07,3008,T85
2013-01-08,2879,T85
2013-01-09,2141,T85
2013-01-10,1811,T85
2013-01-11,2423,T85
2013-01-12,1961,T85
2013-01-13,1422,T85
2013-01-14,2596,T85
2013-01-15,2296,T85
2013-01-16,2522,T85
2013-01-17,2349,T85
2013-01-18,2462,T85
2013-01-19,1171,T85
2013-01-20,1337,T85
2013-01-21,2757,T85
2013-01-22,2598,T85
2013-01-23,2708,T85
2013-01-24,2980,T85
2013-01-25,2164,T85
2013-01-26,887,T85
2013-01-27,1193,T85
2013-01-28,3699,T85
2013-01-29,2885,T85
2013-01-30,3203,T85
2013-01-31,2909,T85
2013-02-01,3249,T85
2013-02-02,1548,T85
2013-02-03,1372,T85
2013-02-04,2067,T85
2013-02-05,2351,T85
2013-02-06,2150,T85
2013-02-07,2606,T85
2013-02-08,2325,T85
2013-02-09,1172,T85
2013-02-10,1095,T85
2013-02-11,1062,T85
2013-02-12,1301,T85
2013-02-13,2723,T85
2013-02-14,2571,T85
2013-02-15,2402,T85
2013-02-16,966,T85
2013-02-17,1136,T85
2013-02-18,2241,T85
2013-02-19,1969,T85
2013-02-20,2519,T85
2013-02-21,1981,T85
2013-02-22,2044,T85
2013-02-23,1382,T85
2013-02-24,1130,T85
2013-02-25,3126,T85
2013-02-26,2693,T85
2013-02-27,3151,T85
2013-02-28,3369,T85
2013-03-01,3038,T85
2013-03-02,1337,T85
2013-03-03,1301,T85
2013-03-04,2303,T85
2013-03-05,2463,T85
2013-03-06,2443,T85
2013-03-07,2404,T85
2013-03-08,2271,T85
2013-03-09,945,T85
2013-03-10,1293,T85
2013-03-11,3102,T85
2013-03-12,2711,T85
2013-03-13,3311,T85
2013-03-14,3728,T85
2013-03-15,3277,T85
2013-03-16,1265,T85
2013-03-17,1311,T85
2013-03-18,2683,T85
2013-03-19,2573,T85
2013-03-20,2469,T85
2013-03-21,2702,T85
2013-03-22,2780,T85
2013-03-23,1283,T85
2013-03-24,1363,T85
2013-03-25,5197,T85
2013-03-26,3929,T85
2013-03-27,4917,T85
2013-03-28,2979,T85
2013-03-29,832,T85
2013-03-30,877,T85
2013-03-31,943,T85
2013-04-01,2024,T85
2013-04-02,2120,T85
2013-04-03,2171,T85
2013-04-04,2167,T85
2013-04-05,1992,T85
2013-04-06,845,T85
2013-04-07,852,T85
2013-04-08,1981,T85
2013-04-09,2105,T85
2013-04-10,2003,T85
2013-04-11,1624,T85
2013-04-12,2183,T85
2013-04-13,1387,T85
2013-04-14,1173,T85
2013-04-15,2263,T85
2013-04-16,2442,T85
2013-04-17,2692,T85
2013-04-18,2528,T85
2013-04-19,2234,T85
2013-04-20,1035,T85
2013-04-21,974,T85
2013-04-22,1755,T85
2013-04-23,1899,T85
2013-04-24,3303,T85
2013-04-25,1371,T85
2013-04-26,1905,T85
2013-04-27,1019,T85
2013-04-28,769,T85
2013-04-29,2118,T85
2013-04-30,2584,T85
2013-05-01,1509,T85
2013-05-02,2847,T85
2013-05-03,1879,T85
2013-05-04,610,T85
2013-05-05,793,T85
2013-05-06,1527,T85
2013-05-07,1866,T85
2013-05-08,2133,T85
2013-05-09,2132,T85
2013-05-10,2088,T85
2013-05-11,625,T85
2013-05-12,786,T85
2013-05-13,1726,T85
2013-05-14,1839,T85
2013-05-15,2187,T85
2013-05-16,2272,T85
2013-05-17,2592,T85
2013-05-18,820,T85
2013-05-19,930,T85
2013-05-20,2211,T85
2013-05-21,2188,T85
2013-05-22,1591,T85
2013-05-23,2481,T85
2013-05-24,1614,T85
2013-05-25,1055,T85
2013-05-26,1112,T85
2013-05-27,3035,T85
2013-05-28,3501,T85
2013-05-29,2946,T85
2013-05-30,3876,T85
2013-05-31,3958,T85
2013-06-01,2546,T85
2013-06-02,1253,T85
2013-06-03,2062,T85
2013-06-04,3003,T85
2013-06-05,3545,T85
2013-06-06,3470,T85
2013-06-07,3334,T85
2013-06-08,1513,T85
2013-06-09,826,T85
2013-06-10,1063,T85
2013-06-11,3135,T85
2013-06-12,4164,T85
2013-06-13,3127,T85
2013-06-14,2503,T85
2013-06-15,1836,T85
2013-06-16,1151,T85
2013-06-17,2658,T85
2013-06-18,3427,T85
2013-06-19,3278,T85
2013-06-20,5057,T85
2013-06-21,5349,T85
2013-06-22,2240,T85
2013-06-23,966,T85
2013-06-24,2795,T85
2013-06-25,3225,T85
2013-06-26,4357,T85
2013-06-27,3278,T85
2013-06-28,3922,T85
2013-06-29,1622,T85
2013-06-30,1091,T85
2013-07-01,2611,T85
2013-07-02,3327,T85
2013-07-03,3697,T85
2013-07-04,3122,T85
2013-07-05,2805,T85
2013-07-06,868,T85
2013-07-07,1145,T85
2013-07-08,3545,T85
2013-07-09,3991,T85
2013-07-10,4170,T85
2013-07-11,5580,T85
2013-07-12,6853,T85
2013-07-13,4367,T85
2013-07-14,1335,T85
2013-07-15,3348,T85
2013-07-16,5711,T85
2013-07-17,6620,T85
2013-07-18,6648,T85
2013-07-19,6325,T85
2013-07-20,2954,T85
2013-07-21,1249,T85
2013-07-22,3382,T85
2013-07-23,3908,T85
2013-07-24,4770,T85
2013-07-25,5910,T85
2013-07-26,6696,T85
2013-07-27,4051,T85
2013-07-28,1208,T85
2013-07-29,4156,T85
2013-07-30,6126,T85
2013-07-31,6637,T85
2013-08-01,5653,T85
2013-08-02,6699,T85
2013-08-03,1886,T85
2013-08-04,1259,T85
2013-08-05,2831,T85
2013-08-06,3990,T85
2013-08-07,3780,T85
2013-08-08,3505,T85
2013-08-09,3159,T85
2013-08-10,1911,T85
2013-08-11,1269,T85
2013-08-12,2726,T85
2013-08-13,3385,T85
2013-08-14,2522,T85
2013-08-15,960,T85
2013-08-16,679,T85
2013-08-17,673,T85
2013-08-18,1008,T85
2013-08-19,2360,T85
2013-08-20,2788,T85
2013-08-21,3898,T85
2013-08-22,3908,T85
2013-08-23,3810,T85
2013-08-24,1155,T85
2013-08-25,1013,T85
2013-08-26,2875,T85
2013-08-27,3890,T85
2013-08-28,3124,T85
2013-08-29,3046,T85
2013-08-30,3349,T85
2013-08-31,696,T85
2013-09-01,1077,T85
2013-09-02,2633,T85
2013-09-03,3295,T85
2013-09-04,3035,T85
2013-09-05,4044,T85
2013-09-06,3577,T85
2013-09-07,1763,T85
2013-09-08,1199,T85
2013-09-09,2833,T85
2013-09-10,3231,T85
2013-09-11,4040,T85
2013-09-12,4520,T85
2013-09-13,4863,T85
2013-09-14,2332,T85
2013-09-15,965,T85
2013-09-16,3531,T85
2013-09-17,4455,T85
2013-09-18,5049,T85
2013-09-19,2870,T85
2013-09-20,2893,T85
2013-09-21,777,T85
2013-09-22,871,T85
2013-09-23,2244,T85
2013-09-24,1521,T85
2013-09-25,1593,T85
2013-09-26,1610,T85
2013-09-27,1521,T85
2013-09-28,991,T85
2013-09-29,1097,T85
2013-09-30,1634,T85
2013-10-01,1264,T85
2013-10-02,1424,T85
2013-10-03,1986,T85
2013-10-04,1414,T85
2013-10-05,744,T85
2013-10-06,1090,T85
2013-10-07,1793,T85
2013-10-08,2420,T85
2013-10-09,1858,T85
2013-10-10,1902,T85
2013-10-11,2040,T85
2013-10-12,701,T85
2013-10-13,780,T85
2013-10-14,2532,T85
2013-10-15,3274,T85
2013-10-16,3943,T85
2013-10-17,3751,T85
2013-10-18,2436,T85
2013-10-19,1029,T85
2013-10-20,1108,T85
2013-10-21,2218,T85
2013-10-22,2422,T85
2013-10-23,3367,T85
2013-10-24,2135,T85
2013-10-25,2340,T85
2013-10-26,1964,T85
2013-10-27,1326,T85
2013-10-28,2519,T85
2013-10-29,3825,T85
2013-10-30,2403,T85
2013-10-31,2775,T85
2013-11-01,2383,T85
2013-11-02,1487,T85
2013-11-03,1394,T85
2013-11-04,2994,T85
2013-11-05,2402,T85
2013-11-06,2090,T85
2013-11-07,2046,T85
2013-11-08,1946,T85
2013-11-09,1244,T85
2013-11-10,1289,T85
2013-11-11,2518,T85
2013-11-12,2887,T85
2013-11-13,2211,T85
2013-11-14,2358,T85
2013-11-15,2396,T85
2013-11-16,1498,T85
2013-11-17,1512,T85
2013-11-18,2858,T85
2013-11-19,3308,T85
2013-11-20,3097,T85
2013-11-21,3700,T85
2013-11-22,2406,T85
2013-11-23,1746,T85
2013-11-24,1700,T85
2013-11-25,3168,T85
2013-11-26,3892,T85
2013-11-27,3929,T85
2013-11-28,5944,T85
2013-11-29,5079,T85
2013-11-30,1757,T85
2013-12-01,1207,T85
2013-12-02,4115,T85
2013-12-03,3896,T85
2013-12-04,4454,T85
2013-12-05,5072,T85
2013-12-06,4331,T85
2013-12-07,1597,T85
2013-12-08,1256,T85
2013-12-09,3860,T85
2013-12-10,4503,T85
2013-12-11,4143,T85
2013-12-12,4305,T85
2013-12-13,2569,T85
2013-12-14,1231,T85
2013-12-15,1305,T85
2013-12-16,2451,T85
2013-12-17,2163,T85
2013-12-18,3662,T85
2013-12-19,3056,T85
2013-12-20,3068,T85
2013-12-21,1534,T85
2013-12-22,921,T85
2013-12-23,1005,T85
2013-12-24,962,T85
2013-12-25,873,T85
2013-12-26,1392,T85
2013-12-27,1137,T85
2013-12-28,1218,T85
2013-12-29,1700,T85
2013-12-30,4098,T85
2013-12-31,1911,T85
2014-01-01,913,T85
2014-01-02,1668,T85
2014-01-03,2568,T85
2014-01-04,1138,T85
2014-01-05,999,T85
2014-01-06,2390,T85
2014-01-07,2200,T85
2014-01-08,2059,T85
2014-01-09,1928,T85
2014-01-10,2098,T85
2014-01-11,1202,T85
2014-01-12,1040,T85
2014-01-13,1995,T85
2014-01-14,2432,T85
2014-01-15,2544,T85
2014-01-16,2542,T85
2014-01-17,2253,T85
2014-01-18,1440,T85
2014-01-19,1217,T85
2014-01-20,4215,T85
2014-01-21,3675,T85
2014-01-22,3054,T85
2014-01-23,4843,T85
2014-01-24,2907,T85
2014-01-25,881,T85
2014-01-26,1033,T85
2014-01-27,3161,T85
2014-01-28,2462,T85
2014-01-29,2339,T85
2014-01-30,3044,T85
2014-01-31,2688,T85
2014-02-01,1080,T85
2014-02-02,1165,T85
2014-02-03,2436,T85
2014-02-04,3422,T85
2014-02-05,4215,T85
2014-02-06,2214,T85
2014-02-07,4422,T85
2014-02-08,1348,T85
2014-02-09,1482,T85
2014-02-10,2469,T85
2014-02-11,2168,T85
2014-02-12,5419,T85
2014-02-13,5578,T85
2014-02-14,2367,T85
2014-02-15,1012,T85
2014-02-16,1275,T85
2014-02-17,2777,T85
2014-02-18,6792,T85
2014-02-19,3393,T85
2014-02-20,3427,T85
2014-02-21,3902,T85
2014-02-22,1404,T85
2014-02-23,1477,T85
2014-02-24,3174,T85
2014-02-25,5775,T85
2014-02-26,6238,T85
2014-02-27,7654,T85
2014-02-28,5172,T85
2014-03-01,1474,T85
2014-03-02,1114,T85
2014-03-03,1239,T85
2014-03-04,1225,T85
2014-03-05,1928,T85
2014-03-06,2383,T85
2014-03-07,1940,T85
2014-03-08,1058,T85
2014-03-09,1065,T85
2014-03-10,2088,T85
2014-03-11,2445,T85
2014-03-12,2955,T85
2014-03-13,2957,T85
2014-03-14,2326,T85
2014-03-15,1591,T85
2014-03-16,972,T85
2014-03-17,1787,T85
2014-03-18,2351,T85
2014-03-19,2969,T85
2014-03-20,2203,T85
2014-03-21,1912,T85
2014-03-22,1112,T85
2014-03-23,1084,T85
2014-03-24,2188,T85
2014-03-25,2450,T85
2014-03-26,1963,T85
2014-03-27,2387,T85
2014-03-28,2151,T85
2014-03-29,1309,T85
2014-03-30,1057,T85
2014-03-31,1680,T85
2014-04-01,2031,T85
2014-04-02,2013,T85
2014-04-03,2250,T85
2014-04-04,2229,T85
2014-04-05,1199,T85
2014-04-06,997,T85
2014-04-07,2140,T85
2014-04-08,2654,T85
2014-04-09,2197,T85
2014-04-10,3126,T85
2014-04-11,3215,T85
2014-04-12,1443,T85
2014-04-13,1023,T85
2014-04-14,2387,T85
2014-04-15,2048,T85
2014-04-16,2897,T85
2014-04-17,2026,T85
2014-04-18,862,T85
2014-04-19,905,T85
2014-04-20,877,T85
2014-04-21,2082,T85
2014-04-22,1988,T85
2014-04-23,2009,T85
2014-04-24,2169,T85
2014-04-25,1043,T85
2014-04-26,913,T85
2014-04-27,1104,T85
2014-04-28,2142,T85
2014-04-29,2094,T85
2014-04-30,2155,T85
2014-05-01,650,T85
2014-05-02,636,T85
2014-05-03,689,T85
2014-05-04,769,T85
2014-05-05,1526,T85
2014-05-06,1870,T85
2014-05-07,1638,T85
2014-05-08,1747,T85
2014-05-09,2166,T85
2014-05-10,977,T85
2014-05-11,874,T85
2014-05-12,2182,T85
2014-05-13,2287,T85
2014-05-14,2340,T85
2014-05-15,1804,T85
2014-05-16,2185,T85
2014-05-17,819,T85
2014-05-18,854,T85
2014-05-19,1453,T85
2014-05-20,1441,T85
2014-05-21,1450,T85
2014-05-22,3011,T85
2014-05-23,3279,T85
2014-05-24,849,T85
2014-05-25,883,T85
2014-05-26,3119,T85
2014-05-27,2693,T85
2014-05-28,2100,T85
2014-05-29,2129,T85
2014-05-30,2271,T85
2014-05-31,1196,T85
2014-06-01,1070,T85
2014-06-02,3073,T85
2014-06-03,1972,T85
2014-06-04,3061,T85
2014-06-05,2960,T85
2014-06-06,1929,T85
2014-06-07,1218,T85
2014-06-08,833,T85
2014-06-09,1627,T85
2014-06-10,951,T85
2014-06-11,1811,T85
2014-06-12,1900,T85
2014-06-13,1158,T85
2014-06-14,941,T85
2014-06-15,839,T85
2014-06-16,1487,T85
2014-06-17,1826,T85
2014-06-18,2402,T85
2014-06-19,1840,T85
2014-06-20,1726,T85
2014-06-21,817,T85
2014-06-22,841,T85
2014-06-23,2236,T85
2014-06-24,2264,T85
2014-06-25,3913,T85
2014-06-26,2950,T85
2014-06-27,1868,T85
2014-06-28,1039,T85
2014-06-29,811,T85
2014-06-30,2631,T85
2014-07-01,2428,T85
2014-07-02,2498,T85
2014-07-03,2819,T85
2014-07-04,2207,T85
2014-07-05,1453,T85
2014-07-06,1101,T85
2014-07-07,2539,T85
2014-07-08,1951,T85
2014-07-09,2600,T85
2014-07-10,2643,T85
2014-07-11,2953,T85
2014-07-12,4000,T85
2014-07-13,1177,T85
2014-07-14,3300,T85
2014-07-15,3179,T85
2014-07-16,4964,T85
2014-07-17,4491,T85
2014-07-18,4711,T85
2014-07-19,7425,T85
2014-07-20,1013,T85
2014-07-21,3188,T85
2014-07-22,4088,T85
2014-07-23,4028,T85
2014-07-24,4171,T85
2014-07-25,6238,T85
2014-07-26,4550,T85
2014-07-27,1224,T85
2014-07-28,4204,T85
2014-07-29,5103,T85
2014-07-30,4312,T85
2014-07-31,5935,T85
2014-08-01,6525,T85
2014-08-02,8286,T85
2014-08-03,1241,T85
2014-08-04,2560,T85
2014-08-05,4962,T85
2014-08-06,4819,T85
2014-08-07,5636,T85
2014-08-08,5800,T85
2014-08-09,5127,T85
2014-08-10,1194,T85
2014-08-11,3381,T85
2014-08-12,3634,T85
2014-08-13,3582,T85
2014-08-14,2994,T85
2014-08-15,1706,T85
2014-08-16,1221,T85
2014-08-17,1226,T85
2014-08-18,2732,T85
2014-08-19,3424,T85
2014-08-20,5054,T85
2012-01-01,453,T86
2012-01-02,3405,T86
2012-01-03,3508,T86
2012-01-04,3374,T86
2012-01-05,3295,T86
2012-01-06,3320,T86
2012-01-07,1611,T86
2012-01-08,480,T86
2012-01-09,3957,T86
2012-01-10,3928,T86
2012-01-11,4005,T86
2012-01-12,3780,T86
2012-01-13,3517,T86
2012-01-14,1689,T86
2012-01-15,458,T86
2012-01-16,4334,T86
2012-01-17,3978,T86
2012-01-18,3963,T86
2012-01-19,3693,T86
2012-01-20,3360,T86
2012-01-21,1846,T86
2012-01-22,473,T86
2012-01-23,4125,T86
2012-01-24,3832,T86
2012-01-25,3308,T86
2012-01-26,3613,T86
2012-01-27,3775,T86
2012-01-28,1879,T86
2012-01-29,481,T86
2012-01-30,4490,T86
2012-01-31,3632,T86
2012-02-01,3690,T86
2012-02-02,3685,T86
2012-02-03,4506,T86
2012-02-04,1898,T86
2012-02-05,419,T86
2012-02-06,4247,T86
2012-02-07,3963,T86
2012-02-08,3899,T86
2012-02-09,4136,T86
2012-02-10,3893,T86
2012-02-11,1842,T86
2012-02-12,413,T86
2012-02-13,5153,T86
2012-02-14,4383,T86
2012-02-15,4235,T86
2012-02-16,3678,T86
2012-02-17,3651,T86
2012-02-18,1668,T86
2012-02-19,413,T86
2012-02-20,3710,T86
2012-02-21,1654,T86
2012-02-22,3393,T86
2012-02-23,3209,T86
2012-02-24,3092,T86
2012-02-25,1659,T86
2012-02-26,421,T86
2012-02-27,3119,T86
2012-02-28,3294,T86
2012-02-29,3052,T86
2012-03-01,3292,T86
2012-03-02,3083,T86
2012-03-03,1599,T86
2012-03-04,477,T86
2012-03-05,3104,T86
2012-03-06,3147,T86
2012-03-07,2877,T86
2012-03-08,2574,T86
2012-03-09,2406,T86
2012-03-10,1584,T86
2012-03-11,488,T86
2012-03-12,2417,T86
2012-03-13,2291,T86
2012-03-14,2278,T86
2012-03-15,2284,T86
2012-03-16,2320,T86
2012-03-17,1573,T86
2012-03-18,450,T86
2012-03-19,2853,T86
2012-03-20,2806,T86
2012-03-21,2654,T86
2012-03-22,2597,T86
2012-03-23,2418,T86
2012-03-24,1581,T86
2012-03-25,469,T86
2012-03-26,2283,T86
2012-03-27,2175,T86
2012-03-28,2120,T86
2012-03-29,2096,T86
2012-03-30,2330,T86
2012-03-31,1632,T86
2012-04-01,482,T86
2012-04-02,2322,T86
2012-04-03,2340,T86
2012-04-04,2473,T86
2012-04-05,2396,T86
2012-04-06,1623,T86
2012-04-07,1620,T86
2012-04-08,467,T86
2012-04-09,2347,T86
2012-04-10,2645,T86
2012-04-11,2589,T86
2012-04-12,2689,T86
2012-04-13,2597,T86
2012-04-14,1699,T86
2012-04-15,479,T86
2012-04-16,2873,T86
2012-04-17,2829,T86
2012-04-18,2888,T86
2012-04-19,2631,T86
2012-04-20,2454,T86
2012-04-21,1578,T86
2012-04-22,484,T86
2012-04-23,2732,T86
2012-04-24,2691,T86
2012-04-25,1837,T86
2012-04-26,2801,T86
2012-04-27,2535,T86
2012-04-28,1596,T86
2012-04-29,443,T86
2012-04-30,2678,T86
2012-05-01,1672,T86
2012-05-02,2852,T86
2012-05-03,2687,T86
2012-05-04,2299,T86
2012-05-05,1736,T86
2012-05-06,481,T86
2012-05-07,2745,T86
2012-05-08,2484,T86
2012-05-09,2277,T86
2012-05-10,2241,T86
2012-05-11,2297,T86
2012-05-12,1549,T86
2012-05-13,511,T86
2012-05-14,2558,T86
2012-05-15,2320,T86
2012-05-16,1845,T86
2012-05-17,1583,T86
2012-05-18,1403,T86
2012-05-19,853,T86
2012-05-20,458,T86
2012-05-21,1278,T86
2012-05-22,1274,T86
2012-05-23,1372,T86
2012-05-24,1502,T86
2012-05-25,1337,T86
2012-05-26,898,T86
2012-05-27,491,T86
2012-05-28,1283,T86
2012-05-29,1372,T86
2012-05-30,1410,T86
2012-05-31,1566,T86
2012-06-01,1826,T86
2012-06-02,989,T86
2012-06-03,499,T86
2012-06-04,1648,T86
2012-06-05,1644,T86
2012-06-06,1515,T86
2012-06-07,898,T86
2012-06-08,1338,T86
2012-06-09,966,T86
2012-06-10,500,T86
2012-06-11,1325,T86
2012-06-12,1279,T86
2012-06-13,893,T86
2012-06-14,1301,T86
2012-06-15,1312,T86
2012-06-16,980,T86
2012-06-17,489,T86
2012-06-18,1290,T86
2012-06-19,1290,T86
2012-06-20,1355,T86
2012-06-21,1355,T86
2012-06-22,1309,T86
2012-06-23,895,T86
2012-06-24,498,T86
2012-06-25,1829,T86
2012-06-26,1958,T86
2012-06-27,1991,T86
2012-06-28,1771,T86
2012-06-29,1568,T86
2012-06-30,928,T86
2012-07-01,509,T86
2012-07-02,1571,T86
2012-07-03,1585,T86
2012-07-04,1465,T86
2012-07-05,1349,T86
2012-07-06,1336,T86
2012-07-07,904,T86
2012-07-08,487,T86
2012-07-09,1442,T86
2012-07-10,1314,T86
2012-07-11,1282,T86
2012-07-12,1344,T86
2012-07-13,1385,T86
2012-07-14,884,T86
2012-07-15,472,T86
2012-07-16,1684,T86
2012-07-17,1877,T86
2012-07-18,1996,T86
2012-07-19,1752,T86
2012-07-20,1585,T86
2012-07-21,863,T86
2012-07-22,484,T86
2012-07-23,1675,T86
2012-07-24,1654,T86
2012-07-25,1627,T86
2012-07-26,1562,T86
2012-07-27,1487,T86
2012-07-28,865,T86
2012-07-29,485,T86
2012-07-30,1474,T86
2012-07-31,1417,T86
2012-08-01,1398,T86
2012-08-02,1334,T86
2012-08-03,1415,T86
2012-08-04,852,T86
2012-08-05,445,T86
2012-08-06,1239,T86
2012-08-07,1360,T86
2012-08-08,1479,T86
2012-08-09,1447,T86
2012-08-10,1488,T86
2012-08-11,862,T86
2012-08-12,404,T86
2012-08-13,1610,T86
2012-08-14,1638,T86
2012-08-15,787,T86
2012-08-16,1363,T86
2012-08-17,1451,T86
2012-08-18,1010,T86
2012-08-19,489,T86
2012-08-20,1680,T86
2012-08-21,1752,T86
2012-08-22,1598,T86
2012-08-23,1537,T86
2012-08-24,1480,T86
2012-08-25,835,T86
2012-08-26,433,T86
2012-08-27,1445,T86
2012-08-28,1597,T86
2012-08-29,1422,T86
2012-08-30,1359,T86
2012-08-31,1304,T86
2012-09-01,852,T86
2012-09-02,480,T86
2012-09-03,1683,T86
2012-09-04,1680,T86
2012-09-05,1732,T86
2012-09-06,1763,T86
2012-09-07,1748,T86
2012-09-08,854,T86
2012-09-09,469,T86
2012-09-10,1662,T86
2012-09-11,1691,T86
2012-09-12,1728,T86
2012-09-13,1681,T86
2012-09-14,1540,T86
2012-09-15,867,T86
2012-09-16,463,T86
2012-09-17,1675,T86
2012-09-18,1622,T86
2012-09-19,1635,T86
2012-09-20,1614,T86
2012-09-21,1630,T86
2012-09-22,852,T86
2012-09-23,469,T86
2012-09-24,1416,T86
2012-09-25,1335,T86
2012-09-26,1202,T86
2012-09-27,1234,T86
2012-09-28,1236,T86
2012-09-29,806,T86
2012-09-30,392,T86
2012-10-01,1330,T86
2012-10-02,1316,T86
2012-10-03,1254,T86
2012-10-04,1246,T86
2012-10-05,813,T86
2012-10-06,839,T86
2012-10-07,413,T86
2012-10-08,1576,T86
2012-10-09,1610,T86
2012-10-10,1601,T86
2012-10-11,1443,T86
2012-10-12,1316,T86
2012-10-13,830,T86
2012-10-14,389,T86
2012-10-15,1210,T86
2012-10-16,1274,T86
2012-10-17,1233,T86
2012-10-18,2248,T86
2012-10-19,2589,T86
2012-10-20,1615,T86
2012-10-21,398,T86
2012-10-22,2459,T86
2012-10-23,2278,T86
2012-10-24,2272,T86
2012-10-25,2283,T86
2012-10-26,2196,T86
2012-10-27,1584,T86
2012-10-28,392,T86
2012-10-29,2537,T86
2012-10-30,2373,T86
2012-10-31,2511,T86
2012-11-01,1567,T86
2012-11-02,1695,T86
2012-11-03,1567,T86
2012-11-04,383,T86
2012-11-05,2755,T86
2012-11-06,2593,T86
2012-11-07,3023,T86
2012-11-08,2871,T86
2012-11-09,2970,T86
2012-11-10,1617,T86
2012-11-11,384,T86
2012-11-12,3234,T86
2012-11-13,2936,T86
2012-11-14,2993,T86
2012-11-15,3038,T86
2012-11-16,3083,T86
2012-11-17,1668,T86
2012-11-18,389,T86
2012-11-19,2912,T86
2012-11-20,2967,T86
2012-11-21,2829,T86
2012-11-22,3004,T86
2012-11-23,3026,T86
2012-11-24,871,T86
2012-11-25,418,T86
2012-11-26,2918,T86
2012-11-27,3411,T86
2012-11-28,3370,T86
2012-11-29,3435,T86
2012-11-30,3680,T86
2012-12-01,2387,T86
2012-12-02,485,T86
2012-12-03,3731,T86
2012-12-04,3531,T86
2012-12-05,3057,T86
2012-12-06,3274,T86
2012-12-07,2727,T86
2012-12-08,1621,T86
2012-12-09,382,T86
2012-12-10,3829,T86
2012-12-11,3606,T86
2012-12-12,3907,T86
2012-12-13,3246,T86
2012-12-14,3109,T86
2012-12-15,1799,T86
2012-12-16,477,T86
2012-12-17,3142,T86
2012-12-18,2804,T86
2012-12-19,2854,T86
2012-12-20,2556,T86
2012-12-21,2478,T86
2012-12-22,1685,T86
2012-12-23,393,T86
2012-12-24,1631,T86
2012-12-25,1613,T86
2012-12-26,3173,T86
2012-12-27,3508,T86
2012-12-28,3304,T86
2012-12-29,1985,T86
2012-12-30,482,T86
2012-12-31,2042,T86
2013-01-01,1850,T86
2013-01-02,3596,T86
2013-01-03,3290,T86
2013-01-04,3354,T86
2013-01-05,1827,T86
2013-01-06,438,T86
2013-01-07,3911,T86
2013-01-08,3434,T86
2013-01-09,2857,T86
2013-01-10,2690,T86
2013-01-11,2672,T86
2013-01-12,1645,T86
2013-01-13,386,T86
2013-01-14,3513,T86
2013-01-15,3468,T86
2013-01-16,3329,T86
2013-01-17,2965,T86
2013-01-18,2862,T86
2013-01-19,1820,T86
2013-01-20,388,T86
2013-01-21,3698,T86
2013-01-22,3905,T86
2013-01-23,3601,T86
2013-01-24,3444,T86
2013-01-25,2877,T86
2013-01-26,1707,T86
2013-01-27,391,T86
2013-01-28,3344,T86
2013-01-29,3153,T86
2013-01-30,3216,T86
2013-01-31,2963,T86
2013-02-01,2856,T86
2013-02-02,2328,T86
2013-02-03,556,T86
2013-02-04,3433,T86
2013-02-05,3061,T86
2013-02-06,3159,T86
2013-02-07,3210,T86
2013-02-08,2766,T86
2013-02-09,1616,T86
2013-02-10,387,T86
2013-02-11,1947,T86
2013-02-12,1859,T86
2013-02-13,3361,T86
2013-02-14,2803,T86
2013-02-15,2871,T86
2013-02-16,1900,T86
2013-02-17,391,T86
2013-02-18,3689,T86
2013-02-19,3177,T86
2013-02-20,2903,T86
2013-02-21,2629,T86
2013-02-22,2789,T86
2013-02-23,1752,T86
2013-02-24,388,T86
2013-02-25,3873,T86
2013-02-26,3792,T86
2013-02-27,3738,T86
2013-02-28,3880,T86
2013-03-01,3268,T86
2013-03-02,1692,T86
2013-03-03,390,T86
2013-03-04,4070,T86
2013-03-05,3503,T86
2013-03-06,2701,T86
2013-03-07,2508,T86
2013-03-08,2635,T86
2013-03-09,1556,T86
2013-03-10,389,T86
2013-03-11,2954,T86
2013-03-12,2849,T86
2013-03-13,3182,T86
2013-03-14,3003,T86
2013-03-15,2690,T86
2013-03-16,1712,T86
2013-03-17,423,T86
2013-03-18,2889,T86
2013-03-19,3508,T86
2013-03-20,2573,T86
2013-03-21,2406,T86
2013-03-22,2293,T86
2013-03-23,1566,T86
2013-03-24,391,T86
2013-03-25,3009,T86
2013-03-26,2906,T86
2013-03-27,2667,T86
2013-03-28,2489,T86
2013-03-29,1438,T86
2013-03-30,1441,T86
2013-03-31,397,T86
2013-04-01,2691,T86
2013-04-02,2552,T86
2013-04-03,2475,T86
2013-04-04,1945,T86
2013-04-05,1837,T86
2013-04-06,1218,T86
2013-04-07,407,T86
2013-04-08,1998,T86
2013-04-09,2021,T86
2013-04-10,1832,T86
2013-04-11,1711,T86
2013-04-12,1612,T86
2013-04-13,1164,T86
2013-04-14,388,T86
2013-04-15,1607,T86
2013-04-16,1540,T86
2013-04-17,1471,T86
2013-04-18,1436,T86
2013-04-19,1498,T86
2013-04-20,1060,T86
2013-04-21,376,T86
2013-04-22,1478,T86
2013-04-23,1418,T86
2013-04-24,1394,T86
2013-04-25,987,T86
2013-04-26,1009,T86
2013-04-27,1015,T86
2013-04-28,386,T86
2013-04-29,1832,T86
2013-04-30,2004,T86
2013-05-01,1070,T86
2013-05-02,1575,T86
2013-05-03,1184,T86
2013-05-04,420,T86
2013-05-05,387,T86
2013-05-06,756,T86
2013-05-07,997,T86
2013-05-08,1183,T86
2013-05-09,1151,T86
2013-05-10,1158,T86
2013-05-11,764,T86
2013-05-12,384,T86
2013-05-13,1164,T86
2013-05-14,1150,T86
2013-05-15,1125,T86
2013-05-16,1152,T86
2013-05-17,1145,T86
2013-05-18,736,T86
2013-05-19,385,T86
2013-05-20,1155,T86
2013-05-21,1113,T86
2013-05-22,1104,T86
2013-05-23,1098,T86
2013-05-24,1113,T86
2013-05-25,770,T86
2013-05-26,387,T86
2013-05-27,1116,T86
2013-05-28,1135,T86
2013-05-29,1103,T86
2013-05-30,1091,T86
2013-05-31,1110,T86
2013-06-01,753,T86
2013-06-02,389,T86
2013-06-03,1229,T86
2013-06-04,1279,T86
2013-06-05,1296,T86
2013-06-06,1132,T86
2013-06-07,1112,T86
2013-06-08,782,T86
2013-06-09,391,T86
2013-06-10,731,T86
2013-06-11,1055,T86
2013-06-12,1088,T86
2013-06-13,810,T86
2013-06-14,798,T86
2013-06-15,800,T86
2013-06-16,383,T86
2013-06-17,1143,T86
2013-06-18,1158,T86
2013-06-19,978,T86
2013-06-20,947,T86
2013-06-21,971,T86
2013-06-22,716,T86
2013-06-23,464,T86
2013-06-24,1253,T86
2013-06-25,1640,T86
2013-06-26,1661,T86
2013-06-27,1620,T86
2013-06-28,1652,T86
2013-06-29,887,T86
2013-06-30,396,T86
2013-07-01,1741,T86
2013-07-02,1549,T86
2013-07-03,1381,T86
2013-07-04,1895,T86
2013-07-05,1868,T86
2013-07-06,1117,T86
2013-07-07,482,T86
2013-07-08,1906,T86
2013-07-09,1920,T86
2013-07-10,1682,T86
2013-07-11,1477,T86
2013-07-12,1370,T86
2013-07-13,799,T86
2013-07-14,391,T86
2013-07-15,1347,T86
2013-07-16,1404,T86
2013-07-17,959,T86
2013-07-18,1301,T86
2013-07-19,1392,T86
2013-07-20,775,T86
2013-07-21,387,T86
2013-07-22,1343,T86
2013-07-23,1377,T86
2013-07-24,1511,T86
2013-07-25,1459,T86
2013-07-26,1391,T86
2013-07-27,935,T86
2013-07-28,447,T86
2013-07-29,1348,T86
2013-07-30,1359,T86
2013-07-31,1482,T86
2013-08-01,1477,T86
2013-08-02,1392,T86
2013-08-03,815,T86
2013-08-04,390,T86
2013-08-05,1390,T86
2013-08-06,1329,T86
2013-08-07,1319,T86
2013-08-08,1315,T86
2013-08-09,1446,T86
2013-08-10,821,T86
2013-08-11,418,T86
2013-08-12,1543,T86
2013-08-13,1526,T86
2013-08-14,1578,T86
2013-08-15,812,T86
2013-08-16,818,T86
2013-08-17,819,T86
2013-08-18,407,T86
2013-08-19,1520,T86
2013-08-20,1566,T86
2013-08-21,1448,T86
2013-08-22,1596,T86
2013-08-23,1484,T86
2013-08-24,793,T86
2013-08-25,412,T86
2013-08-26,1427,T86
2013-08-27,1399,T86
2013-08-28,1378,T86
2013-08-29,1463,T86
2013-08-30,1434,T86
2013-08-31,793,T86
2013-09-01,404,T86
2013-09-02,1564,T86
2013-09-03,1630,T86
2013-09-04,1599,T86
2013-09-05,1505,T86
2013-09-06,1488,T86
2013-09-07,777,T86
2013-09-08,390,T86
2013-09-09,1220,T86
2013-09-10,1317,T86
2013-09-11,1301,T86
2013-09-12,1459,T86
2013-09-13,1450,T86
2013-09-14,824,T86
2013-09-15,403,T86
2013-09-16,1412,T86
2013-09-17,1322,T86
2013-09-18,1286,T86
2013-09-19,1419,T86
2013-09-20,1422,T86
2013-09-21,811,T86
2013-09-22,406,T86
2013-09-23,1517,T86
2013-09-24,1521,T86
2013-09-25,1273,T86
2013-09-26,1292,T86
2013-09-27,1217,T86
2013-09-28,907,T86
2013-09-29,390,T86
2013-09-30,1222,T86
2013-10-01,1221,T86
2013-10-02,1224,T86
2013-10-03,1206,T86
2013-10-04,1180,T86
2013-10-05,842,T86
2013-10-06,385,T86
2013-10-07,1287,T86
2013-10-08,1231,T86
2013-10-09,1332,T86
2013-10-10,1297,T86
2013-10-11,1259,T86
2013-10-12,835,T86
2013-10-13,383,T86
2013-10-14,1155,T86
2013-10-15,1228,T86
2013-10-16,933,T86
2013-10-17,899,T86
2013-10-18,1208,T86
2013-10-19,809,T86
2013-10-20,387,T86
2013-10-21,1151,T86
2013-10-22,1134,T86
2013-10-23,1182,T86
2013-10-24,1144,T86
2013-10-25,1115,T86
2013-10-26,820,T86
2013-10-27,405,T86
2013-10-28,1121,T86
2013-10-29,1085,T86
2013-10-30,2327,T86
2013-10-31,2612,T86
2013-11-01,2471,T86
2013-11-02,1675,T86
2013-11-03,393,T86
2013-11-04,2540,T86
2013-11-05,2422,T86
2013-11-06,2409,T86
2013-11-07,2373,T86
2013-11-08,2158,T86
2013-11-09,1675,T86
2013-11-10,389,T86
2013-11-11,2436,T86
2013-11-12,2363,T86
2013-11-13,2431,T86
2013-11-14,2318,T86
2013-11-15,2345,T86
2013-11-16,1709,T86
2013-11-17,385,T86
2013-11-18,2782,T86
2013-11-19,2705,T86
2013-11-20,2762,T86
2013-11-21,2877,T86
2013-11-22,3248,T86
2013-11-23,2166,T86
2013-11-24,435,T86
2013-11-25,2902,T86
2013-11-26,2865,T86
2013-11-27,2971,T86
2013-11-28,3041,T86
2013-11-29,2696,T86
2013-11-30,1533,T86
2013-12-01,435,T86
2013-12-02,3122,T86
2013-12-03,2913,T86
2013-12-04,2805,T86
2013-12-05,889,T86
2013-12-06,2349,T86
2013-12-07,1236,T86
2013-12-08,390,T86
2013-12-09,3058,T86
2013-12-10,3029,T86
2013-12-11,2618,T86
2013-12-12,2528,T86
2013-12-13,2311,T86
2013-12-14,1384,T86
2013-12-15,382,T86
2013-12-16,2348,T86
2013-12-17,2327,T86
2013-12-18,2337,T86
2013-12-19,2134,T86
2013-12-20,2321,T86
2013-12-21,1319,T86
2013-12-22,392,T86
2013-12-23,1303,T86
2013-12-24,1252,T86
2013-12-25,1260,T86
2013-12-26,2515,T86
2013-12-27,2374,T86
2013-12-28,1270,T86
2013-12-29,384,T86
2013-12-30,2656,T86
2013-12-31,1838,T86
2014-01-01,1232,T86
2014-01-02,2420,T86
2014-01-03,2223,T86
2014-01-04,1217,T86
2014-01-05,386,T86
2014-01-06,2728,T86
2014-01-07,2544,T86
2014-01-08,2381,T86
2014-01-09,2229,T86
2014-01-10,2105,T86
2014-01-11,1350,T86
2014-01-12,503,T86
2014-01-13,2538,T86
2014-01-14,2447,T86
2014-01-15,2429,T86
2014-01-16,2323,T86
2014-01-17,2601,T86
2014-01-18,1367,T86
2014-01-19,420,T86
2014-01-20,2744,T86
2014-01-21,2805,T86
2014-01-22,2295,T86
2014-01-23,2420,T86
2014-01-24,2444,T86
2014-01-25,1344,T86
2014-01-26,412,T86
2014-01-27,2617,T86
2014-01-28,2744,T86
2014-01-29,2640,T86
2014-01-30,2649,T86
2014-01-31,2499,T86
2014-02-01,1325,T86
2014-02-02,390,T86
2014-02-03,2842,T86
2014-02-04,2720,T86
2014-02-05,2438,T86
2014-02-06,2474,T86
2014-02-07,2310,T86
2014-02-08,1405,T86
2014-02-09,396,T86
2014-02-10,3138,T86
2014-02-11,2970,T86
2014-02-12,2743,T86
2014-02-13,2543,T86
2014-02-14,2335,T86
2014-02-15,1482,T86
2014-02-16,484,T86
2014-02-17,3205,T86
2014-02-18,2825,T86
2014-02-19,2511,T86
2014-02-20,2414,T86
2014-02-21,2363,T86
2014-02-22,1386,T86
2014-02-23,421,T86
2014-02-24,2773,T86
2014-02-25,2498,T86
2014-02-26,2453,T86
2014-02-27,2258,T86
2014-02-28,2076,T86
2014-03-01,1248,T86
2014-03-02,385,T86
2014-03-03,1246,T86
2014-03-04,1209,T86
2014-03-05,2510,T86
2014-03-06,2441,T86
2014-03-07,1925,T86
2014-03-08,1192,T86
2014-03-09,385,T86
2014-03-10,2011,T86
2014-03-11,1772,T86
2014-03-12,1696,T86
2014-03-13,765,T86
2014-03-14,1563,T86
2014-03-15,1130,T86
2014-03-16,384,T86
2014-03-17,1676,T86
2014-03-18,1595,T86
2014-03-19,1640,T86
2014-03-20,1592,T86
2014-03-21,1749,T86
2014-03-22,1289,T86
2014-03-23,405,T86
2014-03-24,2156,T86
2014-03-25,2171,T86
2014-03-26,2375,T86
2014-03-27,2335,T86
2014-03-28,2199,T86
2014-03-29,1266,T86
2014-03-30,410,T86
2014-03-31,2562,T86
2014-04-01,2446,T86
2014-04-02,2160,T86
2014-04-03,2053,T86
2014-04-04,1946,T86
2014-04-05,1431,T86
2014-04-06,392,T86
2014-04-07,1751,T86
2014-04-08,2094,T86
2014-04-09,2136,T86
2014-04-10,2117,T86
2014-04-11,2107,T86
2014-04-12,1544,T86
2014-04-13,389,T86
2014-04-14,2104,T86
2014-04-15,2148,T86
2014-04-16,2121,T86
2014-04-17,2285,T86
2014-04-18,1509,T86
2014-04-19,1547,T86
2014-04-20,388,T86
2014-04-21,2171,T86
2014-04-22,2112,T86
2014-04-23,2114,T86
2014-04-24,2093,T86
2014-04-25,1522,T86
2014-04-26,1557,T86
2014-04-27,389,T86
2014-04-28,2151,T86
2014-04-29,2129,T86
2014-04-30,2113,T86
2014-05-01,1595,T86
2014-05-02,1583,T86
2014-05-03,1533,T86
2014-05-04,389,T86
2014-05-05,2205,T86
2014-05-06,2246,T86
2014-05-07,1633,T86
2014-05-08,1917,T86
2014-05-09,1623,T86
2014-05-10,780,T86
2014-05-11,387,T86
2014-05-12,1111,T86
2014-05-13,1195,T86
2014-05-14,1190,T86
2014-05-15,1367,T86
2014-05-16,1323,T86
2014-05-17,796,T86
2014-05-18,400,T86
2014-05-19,1103,T86
2014-05-20,1104,T86
2014-05-21,1140,T86
2014-05-22,1100,T86
2014-05-23,1117,T86
2014-05-24,777,T86
2014-05-25,386,T86
2014-05-26,984,T86
2014-05-27,959,T86
2014-05-28,962,T86
2014-05-29,929,T86
2014-05-30,932,T86
2014-05-31,645,T86
2014-06-01,450,T86
2014-06-02,1141,T86
2014-06-03,1105,T86
2014-06-04,1143,T86
2014-06-05,1123,T86
2014-06-06,1127,T86
2014-06-07,758,T86
2014-06-08,385,T86
2014-06-09,856,T86
2014-06-10,747,T86
2014-06-11,1224,T86
2014-06-12,1394,T86
2014-06-13,799,T86
2014-06-14,824,T86
2014-06-15,424,T86
2014-06-16,1590,T86
2014-06-17,1463,T86
2014-06-18,1321,T86
2014-06-19,1273,T86
2014-06-20,1261,T86
2014-06-21,788,T86
2014-06-22,389,T86
2014-06-23,1187,T86
2014-06-24,1256,T86
2014-06-25,1249,T86
2014-06-26,1245,T86
2014-06-27,1254,T86
2014-06-28,817,T86
2014-06-29,392,T86
2014-06-30,1166,T86
2014-07-01,1183,T86
2014-07-02,963,T86
2014-07-03,1243,T86
2014-07-04,1318,T86
2014-07-05,918,T86
2014-07-06,388,T86
2014-07-07,1182,T86
2014-07-08,1229,T86
2014-07-09,1280,T86
2014-07-10,1308,T86
2014-07-11,1354,T86
2014-07-12,796,T86
2014-07-13,385,T86
2014-07-14,1456,T86
2014-07-15,1438,T86
2014-07-16,1439,T86
2014-07-17,1363,T86
2014-07-18,1269,T86
2014-07-19,804,T86
2014-07-20,392,T86
2014-07-21,1236,T86
2014-07-22,1386,T86
2014-07-23,1360,T86
2014-07-24,1285,T86
2014-07-25,1271,T86
2014-07-26,784,T86
2014-07-27,385,T86
2014-07-28,1375,T86
2014-07-29,1472,T86
2014-07-30,1456,T86
2014-07-31,1298,T86
2014-08-01,1218,T86
2014-08-02,862,T86
2014-08-03,431,T86
2014-08-04,1214,T86
2014-08-05,1299,T86
2014-08-06,1333,T86
2014-08-07,1336,T86
2014-08-08,1351,T86
2014-08-09,803,T86
2014-08-10,383,T86
2014-08-11,1389,T86
2014-08-12,1417,T86
2014-08-13,1291,T86
2014-08-14,1231,T86
2014-08-15,772,T86
2014-08-16,785,T86
2014-08-17,394,T86
2014-08-18,1397,T86
2014-08-19,1339,T86
2014-08-20,1341,T86
2012-01-01,6556,T135
2012-01-02,16344,T135
2012-01-03,17041,T135
2012-01-04,17338,T135
2012-01-05,17551,T135
2012-01-06,17206,T135
2012-01-07,15664,T135
2012-01-08,8422,T135
2012-01-09,17249,T135
2012-01-10,17569,T135
2012-01-11,17628,T135
2012-01-12,17933,T135
2012-01-13,17483,T135
2012-01-14,16643,T135
2012-01-15,8340,T135
2012-01-16,17684,T135
2012-01-17,17300,T135
2012-01-18,17074,T135
2012-01-19,16701,T135
2012-01-20,16636,T135
2012-01-21,15991,T135
2012-01-22,7861,T135
2012-01-23,16977,T135
2012-01-24,17216,T135
2012-01-25,16239,T135
2012-01-26,17689,T135
2012-01-27,16698,T135
2012-01-28,15481,T135
2012-01-29,8421,T135
2012-01-30,16271,T135
2012-01-31,16919,T135
2012-02-01,17734,T135
2012-02-02,17243,T135
2012-02-03,16803,T135
2012-02-04,15730,T135
2012-02-05,8145,T135
2012-02-06,16246,T135
2012-02-07,17332,T135
2012-02-08,17075,T135
2012-02-09,17213,T135
2012-02-10,16864,T135
2012-02-11,15079,T135
2012-02-12,8686,T135
2012-02-13,15376,T135
2012-02-14,16034,T135
2012-02-15,16097,T135
2012-02-16,16052,T135
2012-02-17,15343,T135
2012-02-18,14459,T135
2012-02-19,8221,T135
2012-02-20,15371,T135
2012-02-21,15432,T135
2012-02-22,15078,T135
2012-02-23,15385,T135
2012-02-24,14453,T135
2012-02-25,12811,T135
2012-02-26,7865,T135
2012-02-27,14703,T135
2012-02-28,15013,T135
2012-02-29,15093,T135
2012-03-01,14549,T135
2012-03-02,15032,T135
2012-03-03,13272,T135
2012-03-04,7937,T135
2012-03-05,14247,T135
2012-03-06,14418,T135
2012-03-07,14355,T135
2012-03-08,13943,T135
2012-03-09,13877,T135
2012-03-10,12997,T135
2012-03-11,7711,T135
2012-03-12,13259,T135
2012-03-13,14120,T135
2012-03-14,13961,T135
2012-03-15,13624,T135
2012-03-16,13511,T135
2012-03-17,12632,T135
2012-03-18,7578,T135
2012-03-19,13244,T135
2012-03-20,13637,T135
2012-03-21,13729,T135
2012-03-22,13270,T135
2012-03-23,13453,T135
2012-03-24,13939,T135
2012-03-25,7029,T135
2012-03-26,12984,T135
2012-03-27,13422,T135
2012-03-28,13141,T135
2012-03-29,13088,T135
2012-03-30,15697,T135
2012-03-31,13142,T135
2012-04-01,7580,T135
2012-04-02,13765,T135
2012-04-03,14322,T135
2012-04-04,14715,T135
2012-04-05,13828,T135
2012-04-06,14933,T135
2012-04-07,13415,T135
2012-04-08,7694,T135
2012-04-09,13103,T135
2012-04-10,13535,T135
2012-04-11,13072,T135
2012-04-12,12695,T135
2012-04-13,12999,T135
2012-04-14,12636,T135
2012-04-15,7238,T135
2012-04-16,11778,T135
2012-04-17,12925,T135
2012-04-18,12988,T135
2012-04-19,13765,T135
2012-04-20,12694,T135
2012-04-21,11839,T135
2012-04-22,7032,T135
2012-04-23,12671,T135
2012-04-24,13285,T135
2012-04-25,13000,T135
2012-04-26,13862,T135
2012-04-27,13008,T135
2012-04-28,13055,T135
2012-04-29,8216,T135
2012-04-30,12145,T135
2012-05-01,10074,T135
2012-05-02,13421,T135
2012-05-03,13837,T135
2012-05-04,13035,T135
2012-05-05,12131,T135
2012-05-06,7207,T135
2012-05-07,14205,T135
2012-05-08,12159,T135
2012-05-09,12931,T135
2012-05-10,12814,T135
2012-05-11,13242,T135
2012-05-12,11798,T135
2012-05-13,6890,T135
2012-05-14,11306,T135
2012-05-15,12094,T135
2012-05-16,11941,T135
2012-05-17,11324,T135
2012-05-18,11473,T135
2012-05-19,10621,T135
2012-05-20,6465,T135
2012-05-21,10874,T135
2012-05-22,11677,T135
2012-05-23,11705,T135
2012-05-24,11521,T135
2012-05-25,11561,T135
2012-05-26,10533,T135
2012-05-27,6232,T135
2012-05-28,11082,T135
2012-05-29,12149,T135
2012-05-30,11244,T135
2012-05-31,11396,T135
2012-06-01,10383,T135
2012-06-02,9328,T135
2012-06-03,6418,T135
2012-06-04,11138,T135
2012-06-05,12217,T135
2012-06-06,12756,T135
2012-06-07,11571,T135
2012-06-08,11739,T135
2012-06-09,10401,T135
2012-06-10,6317,T135
2012-06-11,10996,T135
2012-06-12,11005,T135
2012-06-13,11321,T135
2012-06-14,11354,T135
2012-06-15,11005,T135
2012-06-16,9682,T135
2012-06-17,5319,T135
2012-06-18,10774,T135
2012-06-19,10617,T135
2012-06-20,11251,T135
2012-06-21,10769,T135
2012-06-22,10433,T135
2012-06-23,9975,T135
2012-06-24,6413,T135
2012-06-25,10989,T135
2012-06-26,11435,T135
2012-06-27,11653,T135
2012-06-28,11524,T135
2012-06-29,10946,T135
2012-06-30,8491,T135
2012-07-01,5967,T135
2012-07-02,10425,T135
2012-07-03,10627,T135
2012-07-04,11244,T135
2012-07-05,11163,T135
2012-07-06,10975,T135
2012-07-07,8276,T135
2012-07-08,5860,T135
2012-07-09,10526,T135
2012-07-10,11271,T135
2012-07-11,11723,T135
2012-07-12,10928,T135
2012-07-13,10844,T135
2012-07-14,6464,T135
2012-07-15,5386,T135
2012-07-16,11018,T135
2012-07-17,11258,T135
2012-07-18,11620,T135
2012-07-19,10730,T135
2012-07-20,11089,T135
2012-07-21,6873,T135
2012-07-22,5401,T135
2012-07-23,9652,T135
2012-07-24,10502,T135
2012-07-25,10870,T135
2012-07-26,10979,T135
2012-07-27,11014,T135
2012-07-28,6410,T135
2012-07-29,5414,T135
2012-07-30,10480,T135
2012-07-31,10936,T135
2012-08-01,11223,T135
2012-08-02,10875,T135
2012-08-03,10816,T135
2012-08-04,6250,T135
2012-08-05,5354,T135
2012-08-06,10115,T135
2012-08-07,11814,T135
2012-08-08,12602,T135
2012-08-09,10860,T135
2012-08-10,10227,T135
2012-08-11,6060,T135
2012-08-12,5346,T135
2012-08-13,10118,T135
2012-08-14,10830,T135
2012-08-15,9817,T135
2012-08-16,10015,T135
2012-08-17,9902,T135
2012-08-18,5951,T135
2012-08-19,5173,T135
2012-08-20,9777,T135
2012-08-21,10344,T135
2012-08-22,10458,T135
2012-08-23,10224,T135
2012-08-24,10488,T135
2012-08-25,5518,T135
2012-08-26,5242,T135
2012-08-27,10191,T135
2012-08-28,11083,T135
2012-08-29,10612,T135
2012-08-30,10725,T135
2012-08-31,10476,T135
2012-09-01,5604,T135
2012-09-02,5327,T135
2012-09-03,10353,T135
2012-09-04,11364,T135
2012-09-05,11051,T135
2012-09-06,11063,T135
2012-09-07,10986,T135
2012-09-08,5922,T135
2012-09-09,5468,T135
2012-09-10,10279,T135
2012-09-11,10622,T135
2012-09-12,10755,T135
2012-09-13,10895,T135
2012-09-14,11128,T135
2012-09-15,5665,T135
2012-09-16,5300,T135
2012-09-17,10598,T135
2012-09-18,10743,T135
2012-09-19,10310,T135
2012-09-20,10450,T135
2012-09-21,11200,T135
2012-09-22,5892,T135
2012-09-23,5305,T135
2012-09-24,10425,T135
2012-09-25,12103,T135
2012-09-26,11264,T135
2012-09-27,11956,T135
2012-09-28,12533,T135
2012-09-29,5928,T135
2012-09-30,5263,T135
2012-10-01,10526,T135
2012-10-02,11139,T135
2012-10-03,11499,T135
2012-10-04,11549,T135
2012-10-05,10339,T135
2012-10-06,6284,T135
2012-10-07,5373,T135
2012-10-08,10306,T135
2012-10-09,12598,T135
2012-10-10,12164,T135
2012-10-11,12273,T135
2012-10-12,12552,T135
2012-10-13,5948,T135
2012-10-14,5565,T135
2012-10-15,11327,T135
2012-10-16,12061,T135
2012-10-17,14488,T135
2012-10-18,14915,T135
2012-10-19,12949,T135
2012-10-20,6142,T135
2012-10-21,5695,T135
2012-10-22,12538,T135
2012-10-23,13087,T135
2012-10-24,15124,T135
2012-10-25,15076,T135
2012-10-26,13890,T135
2012-10-27,6467,T135
2012-10-28,6151,T135
2012-10-29,13497,T135
2012-10-30,13511,T135
2012-10-31,13629,T135
2012-11-01,12601,T135
2012-11-02,14357,T135
2012-11-03,6856,T135
2012-11-04,5767,T135
2012-11-05,12880,T135
2012-11-06,13316,T135
2012-11-07,17192,T135
2012-11-08,13856,T135
2012-11-09,14582,T135
2012-11-10,7865,T135
2012-11-11,5738,T135
2012-11-12,13230,T135
2012-11-13,14231,T135
2012-11-14,14275,T135
2012-11-15,15285,T135
2012-11-16,16837,T135
2012-11-17,7190,T135
2012-11-18,5825,T135
2012-11-19,13633,T135
2012-11-20,15052,T135
2012-11-21,15534,T135
2012-11-22,14602,T135
2012-11-23,17373,T135
2012-11-24,9214,T135
2012-11-25,7378,T135
2012-11-26,14975,T135
2012-11-27,15204,T135
2012-11-28,15369,T135
2012-11-29,14779,T135
2012-11-30,17302,T135
2012-12-01,8835,T135
2012-12-02,7597,T135
2012-12-03,15588,T135
2012-12-04,17031,T135
2012-12-05,16232,T135
2012-12-06,18392,T135
2012-12-07,16600,T135
2012-12-08,7560,T135
2012-12-09,6455,T135
2012-12-10,15034,T135
2012-12-11,16623,T135
2012-12-12,16919,T135
2012-12-13,17246,T135
2012-12-14,18527,T135
2012-12-15,10926,T135
2012-12-16,6899,T135
2012-12-17,16368,T135
2012-12-18,15666,T135
2012-12-19,16893,T135
2012-12-20,15409,T135
2012-12-21,15616,T135
2012-12-22,9571,T135
2012-12-23,7607,T135
2012-12-24,10593,T135
2012-12-25,3828,T135
2012-12-26,11505,T135
2012-12-27,15274,T135
2012-12-28,15064,T135
2012-12-29,9329,T135
2012-12-30,7473,T135
2012-12-31,11093,T135
2013-01-01,3790,T135
2013-01-02,11295,T135
2013-01-03,15280,T135
2013-01-04,15127,T135
2013-01-05,8084,T135
2013-01-06,6463,T135
2013-01-07,15099,T135
2013-01-08,15231,T135
2013-01-09,15976,T135
2013-01-10,15774,T135
2013-01-11,15785,T135
2013-01-12,8057,T135
2013-01-13,6517,T135
2013-01-14,14886,T135
2013-01-15,16712,T135
2013-01-16,17187,T135
2013-01-17,16316,T135
2013-01-18,15315,T135
2013-01-19,7152,T135
2013-01-20,5383,T135
2013-01-21,12798,T135
2013-01-22,13777,T135
2013-01-23,15269,T135
2013-01-24,14472,T135
2013-01-25,14531,T135
2013-01-26,7115,T135
2013-01-27,6002,T135
2013-01-28,13462,T135
2013-01-29,14271,T135
2013-01-30,14993,T135
2013-01-31,13982,T135
2013-02-01,14446,T135
2013-02-02,7171,T135
2013-02-03,6282,T135
2013-02-04,14015,T135
2013-02-05,14210,T135
2013-02-06,14469,T135
2013-02-07,13719,T135
2013-02-08,13612,T135
2013-02-09,7372,T135
2013-02-10,6616,T135
2013-02-11,14163,T135
2013-02-12,13572,T135
2013-02-13,13319,T135
2013-02-14,13485,T135
2013-02-15,12586,T135
2013-02-16,7658,T135
2013-02-17,6389,T135
2013-02-18,14022,T135
2013-02-19,15286,T135
2013-02-20,13404,T135
2013-02-21,13203,T135
2013-02-22,13956,T135
2013-02-23,7235,T135
2013-02-24,6657,T135
2013-02-25,13001,T135
2013-02-26,13111,T135
2013-02-27,13554,T135
2013-02-28,13540,T135
2013-03-01,12863,T135
2013-03-02,7463,T135
2013-03-03,6068,T135
2013-03-04,13681,T135
2013-03-05,12263,T135
2013-03-06,13380,T135
2013-03-07,12415,T135
2013-03-08,13008,T135
2013-03-09,6963,T135
2013-03-10,6033,T135
2013-03-11,11568,T135
2013-03-12,12323,T135
2013-03-13,12049,T135
2013-03-14,11933,T135
2013-03-15,11891,T135
2013-03-16,6624,T135
2013-03-17,6098,T135
2013-03-18,11781,T135
2013-03-19,12977,T135
2013-03-20,11712,T135
2013-03-21,11569,T135
2013-03-22,11486,T135
2013-03-23,6614,T135
2013-03-24,5922,T135
2013-03-25,12554,T135
2013-03-26,12618,T135
2013-03-27,12244,T135
2013-03-28,12074,T135
2013-03-29,12261,T135
2013-03-30,6524,T135
2013-03-31,5259,T135
2013-04-01,10378,T135
2013-04-02,10868,T135
2013-04-03,11859,T135
2013-04-04,11049,T135
2013-04-05,10316,T135
2013-04-06,6035,T135
2013-04-07,4958,T135
2013-04-08,9981,T135
2013-04-09,10029,T135
2013-04-10,11062,T135
2013-04-11,10380,T135
2013-04-12,9880,T135
2013-04-13,5678,T135
2013-04-14,4831,T135
2013-04-15,9778,T135
2013-04-16,9285,T135
2013-04-17,9521,T135
2013-04-18,9235,T135
2013-04-19,9281,T135
2013-04-20,4880,T135
2013-04-21,4775,T135
2013-04-22,8745,T135
2013-04-23,8549,T135
2013-04-24,8806,T135
2013-04-25,7977,T135
2013-04-26,8661,T135
2013-04-27,4811,T135
2013-04-28,4775,T135
2013-04-29,9221,T135
2013-04-30,9087,T135
2013-05-01,7596,T135
2013-05-02,8965,T135
2013-05-03,9339,T135
2013-05-04,4742,T135
2013-05-05,4583,T135
2013-05-06,8859,T135
2013-05-07,8823,T135
2013-05-08,9052,T135
2013-05-09,9312,T135
2013-05-10,8780,T135
2013-05-11,4977,T135
2013-05-12,4747,T135
2013-05-13,8355,T135
2013-05-14,8719,T135
2013-05-15,9142,T135
2013-05-16,9013,T135
2013-05-17,9484,T135
2013-05-18,4924,T135
2013-05-19,4771,T135
2013-05-20,8821,T135
2013-05-21,8628,T135
2013-05-22,8868,T135
2013-05-23,8445,T135
2013-05-24,7724,T135
2013-05-25,4607,T135
2013-05-26,4482,T135
2013-05-27,9123,T135
2013-05-28,8513,T135
2013-05-29,8576,T135
2013-05-30,7917,T135
2013-05-31,8011,T135
2013-06-01,4909,T135
2013-06-02,4541,T135
2013-06-03,7381,T135
2013-06-04,8370,T135
2013-06-05,8478,T135
2013-06-06,8980,T135
2013-06-07,9393,T135
2013-06-08,4954,T135
2013-06-09,4910,T135
2013-06-10,7961,T135
2013-06-11,8297,T135
2013-06-12,8250,T135
2013-06-13,8409,T135
2013-06-14,8289,T135
2013-06-15,4835,T135
2013-06-16,4742,T135
2013-06-17,8073,T135
2013-06-18,8781,T135
2013-06-19,8551,T135
2013-06-20,8462,T135
2013-06-21,8569,T135
2013-06-22,4742,T135
2013-06-23,4689,T135
2013-06-24,7620,T135
2013-06-25,7980,T135
2013-06-26,8449,T135
2013-06-27,8315,T135
2013-06-28,7933,T135
2013-06-29,4399,T135
2013-06-30,4341,T135
2013-07-01,8363,T135
2013-07-02,8471,T135
2013-07-03,9085,T135
2013-07-04,9336,T135
2013-07-05,8819,T135
2013-07-06,5902,T135
2013-07-07,4461,T135
2013-07-08,8755,T135
2013-07-09,8958,T135
2013-07-10,10018,T135
2013-07-11,9578,T135
2013-07-12,10677,T135
2013-07-13,7066,T135
2013-07-14,4645,T135
2013-07-15,8415,T135
2013-07-16,9268,T135
2013-07-17,9939,T135
2013-07-18,9325,T135
2013-07-19,9057,T135
2013-07-20,5301,T135
2013-07-21,4491,T135
2013-07-22,7933,T135
2013-07-23,9007,T135
2013-07-24,8910,T135
2013-07-25,9477,T135
2013-07-26,9300,T135
2013-07-27,6233,T135
2013-07-28,5187,T135
2013-07-29,8171,T135
2013-07-30,8666,T135
2013-07-31,9088,T135
2013-08-01,8962,T135
2013-08-02,9601,T135
2013-08-03,5312,T135
2013-08-04,4541,T135
2013-08-05,8364,T135
2013-08-06,8824,T135
2013-08-07,9005,T135
2013-08-08,8662,T135
2013-08-09,8913,T135
2013-08-10,5708,T135
2013-08-11,3990,T135
2013-08-12,8641,T135
2013-08-13,8802,T135
2013-08-14,9337,T135
2013-08-15,8282,T135
2013-08-16,8242,T135
2013-08-17,4625,T135
2013-08-18,4411,T135
2013-08-19,8014,T135
2013-08-20,8461,T135
2013-08-21,8494,T135
2013-08-22,8616,T135
2013-08-23,8262,T135
2013-08-24,4748,T135
2013-08-25,4516,T135
2013-08-26,8258,T135
2013-08-27,8331,T135
2013-08-28,8066,T135
2013-08-29,8777,T135
2013-08-30,8741,T135
2013-08-31,4617,T135
2013-09-01,4574,T135
2013-09-02,9002,T135
2013-09-03,9254,T135
2013-09-04,9422,T135
2013-09-05,8886,T135
2013-09-06,9293,T135
2013-09-07,4652,T135
2013-09-08,4667,T135
2013-09-09,8595,T135
2013-09-10,9014,T135
2013-09-11,8841,T135
2013-09-12,8678,T135
2013-09-13,8873,T135
2013-09-14,4517,T135
2013-09-15,4592,T135
2013-09-16,8505,T135
2013-09-17,8799,T135
2013-09-18,8765,T135
2013-09-19,8939,T135
2013-09-20,9061,T135
2013-09-21,4678,T135
2013-09-22,4554,T135
2013-09-23,9032,T135
2013-09-24,9705,T135
2013-09-25,10398,T135
2013-09-26,9716,T135
2013-09-27,11330,T135
2013-09-28,4878,T135
2013-09-29,4784,T135
2013-09-30,10769,T135
2013-10-01,11121,T135
2013-10-02,10858,T135
2013-10-03,10204,T135
2013-10-04,10871,T135
2013-10-05,5012,T135
2013-10-06,4670,T135
2013-10-07,9126,T135
2013-10-08,10806,T135
2013-10-09,10309,T135
2013-10-10,10664,T135
2013-10-11,9566,T135
2013-10-12,4979,T135
2013-10-13,4936,T135
2013-10-14,10035,T135
2013-10-15,10913,T135
2013-10-16,10496,T135
2013-10-17,10392,T135
2013-10-18,12776,T135
2013-10-19,5125,T135
2013-10-20,4692,T135
2013-10-21,10187,T135
2013-10-22,11584,T135
2013-10-23,12061,T135
2013-10-24,12233,T135
2013-10-25,11249,T135
2013-10-26,5757,T135
2013-10-27,5170,T135
2013-10-28,11277,T135
2013-10-29,11152,T135
2013-10-30,10989,T135
2013-10-31,11227,T135
2013-11-01,11746,T135
2013-11-02,5321,T135
2013-11-03,5084,T135
2013-11-04,10689,T135
2013-11-05,11535,T135
2013-11-06,12001,T135
2013-11-07,11947,T135
2013-11-08,11785,T135
2013-11-09,6011,T135
2013-11-10,4977,T135
2013-11-11,10753,T135
2013-11-12,11858,T135
2013-11-13,11771,T135
2013-11-14,11642,T135
2013-11-15,11947,T135
2013-11-16,6574,T135
2013-11-17,5026,T135
2013-11-18,11709,T135
2013-11-19,12241,T135
2013-11-20,12371,T135
2013-11-21,13366,T135
2013-11-22,15379,T135
2013-11-23,8085,T135
2013-11-24,6172,T135
2013-11-25,12507,T135
2013-11-26,14034,T135
2013-11-27,14377,T135
2013-11-28,14054,T135
2013-11-29,14426,T135
2013-11-30,10958,T135
2013-12-01,6094,T135
2013-12-02,13058,T135
2013-12-03,14162,T135
2013-12-04,14463,T135
2013-12-05,14168,T135
2013-12-06,14836,T135
2013-12-07,11441,T135
2013-12-08,7077,T135
2013-12-09,13064,T135
2013-12-10,14843,T135
2013-12-11,15052,T135
2013-12-12,15432,T135
2013-12-13,15751,T135
2013-12-14,6460,T135
2013-12-15,5359,T135
2013-12-16,12701,T135
2013-12-17,16261,T135
2013-12-18,16075,T135
2013-12-19,15218,T135
2013-12-20,14591,T135
2013-12-21,11385,T135
2013-12-22,8270,T135
2013-12-23,14501,T135
2013-12-24,13255,T135
2013-12-25,3105,T135
2013-12-26,13166,T135
2013-12-27,15823,T135
2013-12-28,11612,T135
2013-12-29,8121,T135
2013-12-30,12805,T135
2013-12-31,11787,T135
2014-01-01,3556,T135
2014-01-02,12868,T135
2014-01-03,15781,T135
2014-01-04,11068,T135
2014-01-05,6134,T135
2014-01-06,15277,T135
2014-01-07,16226,T135
2014-01-08,14660,T135
2014-01-09,13173,T135
2014-01-10,15061,T135
2014-01-11,7194,T135
2014-01-12,6668,T135
2014-01-13,13802,T135
2014-01-14,13619,T135
2014-01-15,14861,T135
2014-01-16,13774,T135
2014-01-17,15475,T135
2014-01-18,5143,T135
2014-01-19,5265,T135
2014-01-20,14623,T135
2014-01-21,15248,T135
2014-01-22,14688,T135
2014-01-23,13165,T135
2014-01-24,12313,T135
2014-01-25,5299,T135
2014-01-26,4694,T135
2014-01-27,12844,T135
2014-01-28,14631,T135
2014-01-29,14234,T135
2014-01-30,12388,T135
2014-01-31,13938,T135
2014-02-01,5146,T135
2014-02-02,5049,T135
2014-02-03,12785,T135
2014-02-04,15813,T135
2014-02-05,14702,T135
2014-02-06,14431,T135
2014-02-07,14389,T135
2014-02-08,5811,T135
2014-02-09,5121,T135
2014-02-10,11784,T135
2014-02-11,15520,T135
2014-02-12,15194,T135
2014-02-13,12731,T135
2014-02-14,15306,T135
2014-02-15,5388,T135
2014-02-16,4919,T135
2014-02-17,13136,T135
2014-02-18,13185,T135
2014-02-19,12370,T135
2014-02-20,12622,T135
2014-02-21,12310,T135
2014-02-22,5091,T135
2014-02-23,5114,T135
2014-02-24,11749,T135
2014-02-25,12411,T135
2014-02-26,11731,T135
2014-02-27,12752,T135
2014-02-28,11755,T135
2014-03-01,4882,T135
2014-03-02,5000,T135
2014-03-03,11246,T135
2014-03-04,11701,T135
2014-03-05,11545,T135
2014-03-06,11492,T135
2014-03-07,11473,T135
2014-03-08,4816,T135
2014-03-09,4872,T135
2014-03-10,11152,T135
2014-03-11,11182,T135
2014-03-12,11024,T135
2014-03-13,11436,T135
2014-03-14,11327,T135
2014-03-15,4788,T135
2014-03-16,4909,T135
2014-03-17,10776,T135
2014-03-18,11357,T135
2014-03-19,11124,T135
2014-03-20,11011,T135
2014-03-21,12732,T135
2014-03-22,4697,T135
2014-03-23,4835,T135
2014-03-24,11131,T135
2014-03-25,11767,T135
2014-03-26,11322,T135
2014-03-27,12031,T135
2014-03-28,11430,T135
2014-03-29,4810,T135
2014-03-30,4651,T135
2014-03-31,12524,T135
2014-04-01,12879,T135
2014-04-02,12119,T135
2014-04-03,11929,T135
2014-04-04,12455,T135
2014-04-05,5365,T135
2014-04-06,4897,T135
2014-04-07,10557,T135
2014-04-08,10520,T135
2014-04-09,11146,T135
2014-04-10,10554,T135
2014-04-11,10229,T135
2014-04-12,4685,T135
2014-04-13,4697,T135
2014-04-14,10640,T135
2014-04-15,9575,T135
2014-04-16,9655,T135
2014-04-17,9119,T135
2014-04-18,8904,T135
2014-04-19,4433,T135
2014-04-20,4685,T135
2014-04-21,8731,T135
2014-04-22,9276,T135
2014-04-23,9404,T135
2014-04-24,9422,T135
2014-04-25,8329,T135
2014-04-26,4568,T135
2014-04-27,4636,T135
2014-04-28,8456,T135
2014-04-29,8601,T135
2014-04-30,8745,T135
2014-05-01,6571,T135
2014-05-02,8353,T135
2014-05-03,4693,T135
2014-05-04,4543,T135
2014-05-05,8260,T135
2014-05-06,8578,T135
2014-05-07,9053,T135
2014-05-08,8183,T135
2014-05-09,8475,T135
2014-05-10,4529,T135
2014-05-11,4499,T135
2014-05-12,8268,T135
2014-05-13,8379,T135
2014-05-14,8683,T135
2014-05-15,8944,T135
2014-05-16,8999,T135
2014-05-17,5051,T135
2014-05-18,4590,T135
2014-05-19,9470,T135
2014-05-20,9123,T135
2014-05-21,10325,T135
2014-05-22,9262,T135
2014-05-23,8989,T135
2014-05-24,5428,T135
2014-05-25,5899,T135
2014-05-26,8340,T135
2014-05-27,9334,T135
2014-05-28,9109,T135
2014-05-29,8877,T135
2014-05-30,8675,T135
2014-05-31,4454,T135
2014-06-01,4489,T135
2014-06-02,8849,T135
2014-06-03,8490,T135
2014-06-04,8833,T135
2014-06-05,8626,T135
2014-06-06,10441,T135
2014-06-07,4838,T135
2014-06-08,4419,T135
2014-06-09,8106,T135
2014-06-10,8215,T135
2014-06-11,8080,T135
2014-06-12,8548,T135
2014-06-13,7964,T135
2014-06-14,4537,T135
2014-06-15,4286,T135
2014-06-16,8044,T135
2014-06-17,8989,T135
2014-06-18,8821,T135
2014-06-19,8608,T135
2014-06-20,8926,T135
2014-06-21,5127,T135
2014-06-22,4370,T135
2014-06-23,9946,T135
2014-06-24,9029,T135
2014-06-25,9178,T135
2014-06-26,8602,T135
2014-06-27,8346,T135
2014-06-28,5995,T135
2014-06-29,5992,T135
2014-06-30,8150,T135
2014-07-01,8947,T135
2014-07-02,9492,T135
2014-07-03,9211,T135
2014-07-04,8413,T135
2014-07-05,5771,T135
2014-07-06,4485,T135
2014-07-07,9021,T135
2014-07-08,9090,T135
2014-07-09,9531,T135
2014-07-10,9822,T135
2014-07-11,9446,T135
2014-07-12,4743,T135
2014-07-13,4424,T135
2014-07-14,8849,T135
2014-07-15,9738,T135
2014-07-16,9204,T135
2014-07-17,8943,T135
2014-07-18,8643,T135
2014-07-19,6147,T135
2014-07-20,4578,T135
2014-07-21,8643,T135
2014-07-22,9052,T135
2014-07-23,9079,T135
2014-07-24,9470,T135
2014-07-25,9408,T135
2014-07-26,5121,T135
2014-07-27,4639,T135
2014-07-28,9015,T135
2014-07-29,9163,T135
2014-07-30,9025,T135
2014-07-31,8794,T135
2014-08-01,9206,T135
2014-08-02,5124,T135
2014-08-03,4570,T135
2014-08-04,8420,T135
2014-08-05,8962,T135
2014-08-06,9428,T135
2014-08-07,9397,T135
2014-08-08,9372,T135
2014-08-09,4398,T135
2014-08-10,4614,T135
2014-08-11,8981,T135
2014-08-12,9150,T135
2014-08-13,8810,T135
2014-08-14,9175,T135
2014-08-15,8515,T135
2014-08-16,4165,T135
2014-08-17,4476,T135
2014-08-18,8211,T135
2014-08-19,8954,T135
2014-08-20,8873,T135
2012-01-01,6984,T144
2012-01-02,12739,T144
2012-01-03,16511,T144
2012-01-04,16134,T144
2012-01-05,16329,T144
2012-01-06,16336,T144
2012-01-07,15625,T144
2012-01-08,15502,T144
2012-01-09,13271,T144
2012-01-10,16483,T144
2012-01-11,16413,T144
2012-01-12,16219,T144
2012-01-13,16541,T144
2012-01-14,16321,T144
2012-01-15,13914,T144
2012-01-16,13456,T144
2012-01-17,13400,T144
2012-01-18,15427,T144
2012-01-19,15745,T144
2012-01-20,19148,T144
2012-01-21,17157,T144
2012-01-22,13860,T144
2012-01-23,16661,T144
2012-01-24,16369,T144
2012-01-25,16874,T144
2012-01-26,18173,T144
2012-01-27,18842,T144
2012-01-28,17041,T144
2012-01-29,15425,T144
2012-01-30,15752,T144
2012-01-31,17035,T144
2012-02-01,18063,T144
2012-02-02,18672,T144
2012-02-03,17327,T144
2012-02-04,15361,T144
2012-02-05,16754,T144
2012-02-06,16146,T144
2012-02-07,17772,T144
2012-02-08,20016,T144
2012-02-09,17763,T144
2012-02-10,17780,T144
2012-02-11,17380,T144
2012-02-12,16510,T144
2012-02-13,17956,T144
2012-02-14,20201,T144
2012-02-15,17187,T144
2012-02-16,19524,T144
2012-02-17,19877,T144
2012-02-18,14663,T144
2012-02-19,15261,T144
2012-02-20,18707,T144
2012-02-21,17366,T144
2012-02-22,16530,T144
2012-02-23,17055,T144
2012-02-24,16407,T144
2012-02-25,14834,T144
2012-02-26,16590,T144
2012-02-27,17440,T144
2012-02-28,17935,T144
2012-02-29,17622,T144
2012-03-01,16914,T144
2012-03-02,16391,T144
2012-03-03,16202,T144
2012-03-04,15600,T144
2012-03-05,15900,T144
2012-03-06,16428,T144
2012-03-07,16685,T144
2012-03-08,17035,T144
2012-03-09,15868,T144
2012-03-10,16289,T144
2012-03-11,14588,T144
2012-03-12,15360,T144
2012-03-13,15348,T144
2012-03-14,14008,T144
2012-03-15,13787,T144
2012-03-16,15633,T144
2012-03-17,16791,T144
2012-03-18,13423,T144
2012-03-19,14051,T144
2012-03-20,14294,T144
2012-03-21,14631,T144
2012-03-22,14206,T144
2012-03-23,13607,T144
2012-03-24,15668,T144
2012-03-25,14178,T144
2012-03-26,13274,T144
2012-03-27,14554,T144
2012-03-28,14230,T144
2012-03-29,13494,T144
2012-03-30,14315,T144
2012-03-31,13996,T144
2012-04-01,13160,T144
2012-04-02,14434,T144
2012-04-03,14562,T144
2012-04-04,13392,T144
2012-04-05,13650,T144
2012-04-06,12678,T144
2012-04-07,13153,T144
2012-04-08,11012,T144
2012-04-09,13665,T144
2012-04-10,13466,T144
2012-04-11,13493,T144
2012-04-12,13102,T144
2012-04-13,13457,T144
2012-04-14,13267,T144
2012-04-15,12069,T144
2012-04-16,12957,T144
2012-04-17,14162,T144
2012-04-18,13718,T144
2012-04-19,13260,T144
2012-04-20,14258,T144
2012-04-21,13787,T144
2012-04-22,13918,T144
2012-04-23,14025,T144
2012-04-24,13865,T144
2012-04-25,13834,T144
2012-04-26,13951,T144
2012-04-27,12753,T144
2012-04-28,12917,T144
2012-04-29,12066,T144
2012-04-30,12987,T144
2012-05-01,13424,T144
2012-05-02,14180,T144
2012-05-03,14188,T144
2012-05-04,14021,T144
2012-05-05,13619,T144
2012-05-06,13076,T144
2012-05-07,13244,T144
2012-05-08,14393,T144
2012-05-09,14568,T144
2012-05-10,14540,T144
2012-05-11,14999,T144
2012-05-12,17777,T144
2012-05-13,18838,T144
2012-05-14,15927,T144
2012-05-15,14643,T144
2012-05-16,15214,T144
2012-05-17,14670,T144
2012-05-18,14273,T144
2012-05-19,13911,T144
2012-05-20,13072,T144
2012-05-21,14568,T144
2012-05-22,14266,T144
2012-05-23,14049,T144
2012-05-24,14603,T144
2012-05-25,14751,T144
2012-05-26,14300,T144
2012-05-27,14079,T144
2012-05-28,15190,T144
2012-05-29,14857,T144
2012-05-30,14947,T144
2012-05-31,16076,T144
2012-06-01,17895,T144
2012-06-02,16049,T144
2012-06-03,15777,T144
2012-06-04,14906,T144
2012-06-05,16317,T144
2012-06-06,18212,T144
2012-06-07,15281,T144
2012-06-08,14956,T144
2012-06-09,15000,T144
2012-06-10,14561,T144
2012-06-11,14977,T144
2012-06-12,14947,T144
2012-06-13,14481,T144
2012-06-14,14913,T144
2012-06-15,15051,T144
2012-06-16,14702,T144
2012-06-17,14271,T144
2012-06-18,14867,T144
2012-06-19,14787,T144
2012-06-20,15126,T144
2012-06-21,15134,T144
2012-06-22,14677,T144
2012-06-23,15860,T144
2012-06-24,16347,T144
2012-06-25,18308,T144
2012-06-26,20234,T144
2012-06-27,18223,T144
2012-06-28,15519,T144
2012-06-29,15468,T144
2012-06-30,14852,T144
2012-07-01,14165,T144
2012-07-02,15721,T144
2012-07-03,15329,T144
2012-07-04,15016,T144
2012-07-05,14875,T144
2012-07-06,16495,T144
2012-07-07,14821,T144
2012-07-08,14396,T144
2012-07-09,14721,T144
2012-07-10,16266,T144
2012-07-11,15614,T144
2012-07-12,15651,T144
2012-07-13,14807,T144
2012-07-14,16056,T144
2012-07-15,14582,T144
2012-07-16,14852,T144
2012-07-17,17795,T144
2012-07-18,19223,T144
2012-07-19,18486,T144
2012-07-20,15672,T144
2012-07-21,16163,T144
2012-07-22,15776,T144
2012-07-23,16492,T144
2012-07-24,17050,T144
2012-07-25,16947,T144
2012-07-26,17262,T144
2012-07-27,16753,T144
2012-07-28,15328,T144
2012-07-29,15100,T144
2012-07-30,14564,T144
2012-07-31,15236,T144
2012-08-01,14784,T144
2012-08-02,14568,T144
2012-08-03,14463,T144
2012-08-04,14493,T144
2012-08-05,14171,T144
2012-08-06,14580,T144
2012-08-07,14590,T144
2012-08-08,14565,T144
2012-08-09,15571,T144
2012-08-10,18236,T144
2012-08-11,17307,T144
2012-08-12,13740,T144
2012-08-13,15213,T144
2012-08-14,16323,T144
2012-08-15,14239,T144
2012-08-16,15673,T144
2012-08-17,15330,T144
2012-08-18,15206,T144
2012-08-19,14396,T144
2012-08-20,17744,T144
2012-08-21,17178,T144
2012-08-22,16806,T144
2012-08-23,14473,T144
2012-08-24,16038,T144
2012-08-25,15808,T144
2012-08-26,15821,T144
2012-08-27,16797,T144
2012-08-28,16934,T144
2012-08-29,15906,T144
2012-08-30,14590,T144
2012-08-31,13603,T144
2012-09-01,15794,T144
2012-09-02,14861,T144
2012-09-03,14255,T144
2012-09-04,16662,T144
2012-09-05,19235,T144
2012-09-06,18441,T144
2012-09-07,18015,T144
2012-09-08,17951,T144
2012-09-09,16032,T144
2012-09-10,16899,T144
2012-09-11,17593,T144
2012-09-12,17419,T144
2012-09-13,15303,T144
2012-09-14,16481,T144
2012-09-15,16706,T144
2012-09-16,17853,T144
2012-09-17,16832,T144
2012-09-18,16883,T144
2012-09-19,16971,T144
2012-09-20,17105,T144
2012-09-21,15797,T144
2012-09-22,16351,T144
2012-09-23,15662,T144
2012-09-24,15308,T144
2012-09-25,16493,T144
2012-09-26,14881,T144
2012-09-27,15090,T144
2012-09-28,15338,T144
2012-09-29,14228,T144
2012-09-30,14608,T144
2012-10-01,14252,T144
2012-10-02,13965,T144
2012-10-03,13937,T144
2012-10-04,14919,T144
2012-10-05,14278,T144
2012-10-06,14255,T144
2012-10-07,13623,T144
2012-10-08,15123,T144
2012-10-09,16236,T144
2012-10-10,16539,T144
2012-10-11,15516,T144
2012-10-12,14298,T144
2012-10-13,13913,T144
2012-10-14,13507,T144
2012-10-15,14188,T144
2012-10-16,14494,T144
2012-10-17,14529,T144
2012-10-18,13792,T144
2012-10-19,14117,T144
2012-10-20,13132,T144
2012-10-21,13299,T144
2012-10-22,14490,T144
2012-10-23,14967,T144
2012-10-24,14264,T144
2012-10-25,14275,T144
2012-10-26,14384,T144
2012-10-27,13734,T144
2012-10-28,15252,T144
2012-10-29,15455,T144
2012-10-30,14748,T144
2012-10-31,14651,T144
2012-11-01,13726,T144
2012-11-02,13371,T144
2012-11-03,13515,T144
2012-11-04,13071,T144
2012-11-05,14658,T144
2012-11-06,15009,T144
2012-11-07,16588,T144
2012-11-08,15011,T144
2012-11-09,14379,T144
2012-11-10,15945,T144
2012-11-11,16637,T144
2012-11-12,15850,T144
2012-11-13,15509,T144
2012-11-14,14871,T144
2012-11-15,16711,T144
2012-11-16,15894,T144
2012-11-17,14545,T144
2012-11-18,17264,T144
2012-11-19,16454,T144
2012-11-20,16372,T144
2012-11-21,14964,T144
2012-11-22,15961,T144
2012-11-23,15746,T144
2012-11-24,17012,T144
2012-11-25,14496,T144
2012-11-26,14454,T144
2012-11-27,15454,T144
2012-11-28,15569,T144
2012-11-29,17031,T144
2012-11-30,16607,T144
2012-12-01,18182,T144
2012-12-02,16539,T144
2012-12-03,16316,T144
2012-12-04,15150,T144
2012-12-05,14540,T144
2012-12-06,13947,T144
2012-12-07,14178,T144
2012-12-08,15773,T144
2012-12-09,15719,T144
2012-12-10,17283,T144
2012-12-11,18395,T144
2012-12-12,17969,T144
2012-12-13,13923,T144
2012-12-14,14621,T144
2012-12-15,14335,T144
2012-12-16,15009,T144
2012-12-17,14058,T144
2012-12-18,14387,T144
2012-12-19,14388,T144
2012-12-20,13999,T144
2012-12-21,14265,T144
2012-12-22,15461,T144
2012-12-23,15120,T144
2012-12-24,13884,T144
2012-12-25,7463,T144
2012-12-26,15101,T144
2012-12-27,16352,T144
2012-12-28,16590,T144
2012-12-29,17946,T144
2012-12-30,14864,T144
2012-12-31,14243,T144
2013-01-01,7684,T144
2013-01-02,13407,T144
2013-01-03,15811,T144
2013-01-04,17036,T144
2013-01-05,17053,T144
2013-01-06,15997,T144
2013-01-07,14609,T144
2013-01-08,13521,T144
2013-01-09,14345,T144
2013-01-10,13807,T144
2013-01-11,14468,T144
2013-01-12,14346,T144
2013-01-13,15557,T144
2013-01-14,17328,T144
2013-01-15,16041,T144
2013-01-16,14729,T144
2013-01-17,14266,T144
2013-01-18,13973,T144
2013-01-19,14711,T144
2013-01-20,16453,T144
2013-01-21,16006,T144
2013-01-22,17187,T144
2013-01-23,14484,T144
2013-01-24,13502,T144
2013-01-25,13868,T144
2013-01-26,14975,T144
2013-01-27,15073,T144
2013-01-28,14182,T144
2013-01-29,16764,T144
2013-01-30,16101,T144
2013-01-31,15797,T144
2013-02-01,14681,T144
2013-02-02,17398,T144
2013-02-03,17156,T144
2013-02-04,18265,T144
2013-02-05,19162,T144
2013-02-06,19359,T144
2013-02-07,18603,T144
2013-02-08,18075,T144
2013-02-09,15471,T144
2013-02-10,13736,T144
2013-02-11,15672,T144
2013-02-12,15066,T144
2013-02-13,15987,T144
2013-02-14,17431,T144
2013-02-15,15826,T144
2013-02-16,16442,T144
2013-02-17,13533,T144
2013-02-18,13807,T144
2013-02-19,13819,T144
2013-02-20,13596,T144
2013-02-21,14082,T144
2013-02-22,14969,T144
2013-02-23,16752,T144
2013-02-24,15672,T144
2013-02-25,16996,T144
2013-02-26,17951,T144
2013-02-27,17447,T144
2013-02-28,17763,T144
2013-03-01,16245,T144
2013-03-02,15873,T144
2013-03-03,13674,T144
2013-03-04,15571,T144
2013-03-05,14471,T144
2013-03-06,13689,T144
2013-03-07,13480,T144
2013-03-08,13462,T144
2013-03-09,13057,T144
2013-03-10,13368,T144
2013-03-11,14012,T144
2013-03-12,14418,T144
2013-03-13,16685,T144
2013-03-14,17980,T144
2013-03-15,14177,T144
2013-03-16,15155,T144
2013-03-17,14578,T144
2013-03-18,16140,T144
2013-03-19,16726,T144
2013-03-20,12929,T144
2013-03-21,14558,T144
2013-03-22,14367,T144
2013-03-23,12792,T144
2013-03-24,12213,T144
2013-03-25,13837,T144
2013-03-26,14300,T144
2013-03-27,14151,T144
2013-03-28,14090,T144
2013-03-29,12611,T144
2013-03-30,12676,T144
2013-03-31,11238,T144
2013-04-01,12565,T144
2013-04-02,12701,T144
2013-04-03,13331,T144
2013-04-04,13091,T144
2013-04-05,16235,T144
2013-04-06,15291,T144
2013-04-07,11966,T144
2013-04-08,12744,T144
2013-04-09,13446,T144
2013-04-10,13057,T144
2013-04-11,12995,T144
2013-04-12,13112,T144
2013-04-13,14625,T144
2013-04-14,12457,T144
2013-04-15,12987,T144
2013-04-16,12673,T144
2013-04-17,12558,T144
2013-04-18,12897,T144
2013-04-19,12889,T144
2013-04-20,12527,T144
2013-04-21,12242,T144
2013-04-22,12951,T144
2013-04-23,13377,T144
2013-04-24,13569,T144
2013-04-25,12611,T144
2013-04-26,12924,T144
2013-04-27,12809,T144
2013-04-28,12646,T144
2013-04-29,15931,T144
2013-04-30,12647,T144
2013-05-01,12278,T144
2013-05-02,12982,T144
2013-05-03,13317,T144
2013-05-04,12998,T144
2013-05-05,12324,T144
2013-05-06,13583,T144
2013-05-07,14303,T144
2013-05-08,14356,T144
2013-05-09,14009,T144
2013-05-10,13448,T144
2013-05-11,13058,T144
2013-05-12,12857,T144
2013-05-13,13487,T144
2013-05-14,17365,T144
2013-05-15,16739,T144
2013-05-16,13207,T144
2013-05-17,13450,T144
2013-05-18,12500,T144
2013-05-19,12720,T144
2013-05-20,13385,T144
2013-05-21,13559,T144
2013-05-22,13688,T144
2013-05-23,13390,T144
2013-05-24,13469,T144
2013-05-25,12770,T144
2013-05-26,12451,T144
2013-05-27,13320,T144
2013-05-28,13363,T144
2013-05-29,13000,T144
2013-05-30,13279,T144
2013-05-31,13169,T144
2013-06-01,13458,T144
2013-06-02,12966,T144
2013-06-03,13698,T144
2013-06-04,13909,T144
2013-06-05,14160,T144
2013-06-06,14227,T144
2013-06-07,14376,T144
2013-06-08,14033,T144
2013-06-09,13309,T144
2013-06-10,13632,T144
2013-06-11,14393,T144
2013-06-12,14758,T144
2013-06-13,13903,T144
2013-06-14,14226,T144
2013-06-15,13775,T144
2013-06-16,13873,T144
2013-06-17,13673,T144
2013-06-18,13862,T144
2013-06-19,13813,T144
2013-06-20,13229,T144
2013-06-21,13580,T144
2013-06-22,14711,T144
2013-06-23,13172,T144
2013-06-24,16664,T144
2013-06-25,17654,T144
2013-06-26,17807,T144
2013-06-27,16497,T144
2013-06-28,17940,T144
2013-06-29,17831,T144
2013-06-30,18667,T144
2013-07-01,16864,T144
2013-07-02,16527,T144
2013-07-03,15413,T144
2013-07-04,17444,T144
2013-07-05,17825,T144
2013-07-06,17051,T144
2013-07-07,13813,T144
2013-07-08,17759,T144
2013-07-09,17988,T144
2013-07-10,16926,T144
2013-07-11,16596,T144
2013-07-12,18102,T144
2013-07-13,16684,T144
2013-07-14,15463,T144
2013-07-15,16469,T144
2013-07-16,15092,T144
2013-07-17,15871,T144
2013-07-18,15944,T144
2013-07-19,18557,T144
2013-07-20,16892,T144
2013-07-21,17818,T144
2013-07-22,13870,T144
2013-07-23,14094,T144
2013-07-24,16182,T144
2013-07-25,18285,T144
2013-07-26,14387,T144
2013-07-27,14349,T144
2013-07-28,15655,T144
2013-07-29,14082,T144
2013-07-30,15420,T144
2013-07-31,16845,T144
2013-08-01,16857,T144
2013-08-02,17412,T144
2013-08-03,16094,T144
2013-08-04,15092,T144
2013-08-05,15863,T144
2013-08-06,16731,T144
2013-08-07,14915,T144
2013-08-08,15861,T144
2013-08-09,17215,T144
2013-08-10,17359,T144
2013-08-11,16562,T144
2013-08-12,17486,T144
2013-08-13,17926,T144
2013-08-14,17887,T144
2013-08-15,16978,T144
2013-08-16,16876,T144
2013-08-17,14837,T144
2013-08-18,14568,T144
2013-08-19,17000,T144
2013-08-20,15732,T144
2013-08-21,15456,T144
2013-08-22,15874,T144
2013-08-23,14107,T144
2013-08-24,14150,T144
2013-08-25,14897,T144
2013-08-26,15080,T144
2013-08-27,15320,T144
2013-08-28,15564,T144
2013-08-29,14096,T144
2013-08-30,14639,T144
2013-08-31,14940,T144
2013-09-01,14681,T144
2013-09-02,15375,T144
2013-09-03,15612,T144
2013-09-04,15650,T144
2013-09-05,15187,T144
2013-09-06,16345,T144
2013-09-07,14949,T144
2013-09-08,13407,T144
2013-09-09,13661,T144
2013-09-10,15194,T144
2013-09-11,16017,T144
2013-09-12,15962,T144
2013-09-13,15040,T144
2013-09-14,14990,T144
2013-09-15,13778,T144
2013-09-16,14192,T144
2013-09-17,14324,T144
2013-09-18,14383,T144
2013-09-19,14393,T144
2013-09-20,15093,T144
2013-09-21,15392,T144
2013-09-22,15205,T144
2013-09-23,16682,T144
2013-09-24,17157,T144
2013-09-25,17017,T144
2013-09-26,15391,T144
2013-09-27,15431,T144
2013-09-28,15063,T144
2013-09-29,15365,T144
2013-09-30,16439,T144
2013-10-01,16635,T144
2013-10-02,16752,T144
2013-10-03,16010,T144
2013-10-04,14498,T144
2013-10-05,13985,T144
2013-10-06,13705,T144
2013-10-07,15394,T144
2013-10-08,15561,T144
2013-10-09,16161,T144
2013-10-10,14315,T144
2013-10-11,14282,T144
2013-10-12,13756,T144
2013-10-13,13689,T144
2013-10-14,15176,T144
2013-10-15,15363,T144
2013-10-16,14394,T144
2013-10-17,14356,T144
2013-10-18,15660,T144
2013-10-19,15549,T144
2013-10-20,15263,T144
2013-10-21,15157,T144
2013-10-22,14310,T144
2013-10-23,14610,T144
2013-10-24,16108,T144
2013-10-25,15850,T144
2013-10-26,14309,T144
2013-10-27,13930,T144
2013-10-28,14361,T144
2013-10-29,14213,T144
2013-10-30,13009,T144
2013-10-31,13323,T144
2013-11-01,14824,T144
2013-11-02,15293,T144
2013-11-03,14096,T144
2013-11-04,15611,T144
2013-11-05,16128,T144
2013-11-06,15897,T144
2013-11-07,14198,T144
2013-11-08,14056,T144
2013-11-09,14571,T144
2013-11-10,15273,T144
2013-11-11,13508,T144
2013-11-12,13499,T144
2013-11-13,13258,T144
2013-11-14,13412,T144
2013-11-15,12863,T144
2013-11-16,14177,T144
2013-11-17,15675,T144
2013-11-18,16455,T144
2013-11-19,16115,T144
2013-11-20,14979,T144
2013-11-21,14349,T144
2013-11-22,15549,T144
2013-11-23,14535,T144
2013-11-24,12387,T144
2013-11-25,13310,T144
2013-11-26,15460,T144
2013-11-27,15386,T144
2013-11-28,14942,T144
2013-11-29,12667,T144
2013-11-30,12804,T144
2013-12-01,14096,T144
2013-12-02,13639,T144
2013-12-03,15075,T144
2013-12-04,15939,T144
2013-12-05,14648,T144
2013-12-06,13158,T144
2013-12-07,15116,T144
2013-12-08,13355,T144
2013-12-09,13916,T144
2013-12-10,15950,T144
2013-12-11,15180,T144
2013-12-12,14128,T144
2013-12-13,13862,T144
2013-12-14,14986,T144
2013-12-15,13994,T144
2013-12-16,15959,T144
2013-12-17,15912,T144
2013-12-18,14261,T144
2013-12-19,14426,T144
2013-12-20,15749,T144
2013-12-21,14453,T144
2013-12-22,13735,T144
2013-12-23,14148,T144
2013-12-24,15170,T144
2013-12-25,7850,T144
2013-12-26,13273,T144
2013-12-27,14151,T144
2013-12-28,13743,T144
2013-12-29,13875,T144
2013-12-30,15084,T144
2013-12-31,13672,T144
2014-01-01,8625,T144
2014-01-02,13462,T144
2014-01-03,14414,T144
2014-01-04,13161,T144
2014-01-05,12728,T144
2014-01-06,13586,T144
2014-01-07,13785,T144
2014-01-08,13814,T144
2014-01-09,13562,T144
2014-01-10,13803,T144
2014-01-11,14324,T144
2014-01-12,12500,T144
2014-01-13,12737,T144
2014-01-14,13612,T144
2014-01-15,13077,T144
2014-01-16,13344,T144
2014-01-17,15199,T144
2014-01-18,14502,T144
2014-01-19,13202,T144
2014-01-20,12867,T144
2014-01-21,13010,T144
2014-01-22,12801,T144
2014-01-23,14211,T144
2014-01-24,12356,T144
2014-01-25,12225,T144
2014-01-26,12031,T144
2014-01-27,12597,T144
2014-01-28,13254,T144
2014-01-29,14533,T144
2014-01-30,14411,T144
2014-01-31,13878,T144
2014-02-01,14018,T144
2014-02-02,11931,T144
2014-02-03,12823,T144
2014-02-04,13028,T144
2014-02-05,13131,T144
2014-02-06,13877,T144
2014-02-07,13549,T144
2014-02-08,13784,T144
2014-02-09,13095,T144
2014-02-10,12914,T144
2014-02-11,14309,T144
2014-02-12,13868,T144
2014-02-13,14833,T144
2014-02-14,14722,T144
2014-02-15,13309,T144
2014-02-16,12721,T144
2014-02-17,13594,T144
2014-02-18,13050,T144
2014-02-19,12955,T144
2014-02-20,13494,T144
2014-02-21,13056,T144
2014-02-22,13087,T144
2014-02-23,12946,T144
2014-02-24,13038,T144
2014-02-25,13635,T144
2014-02-26,13289,T144
2014-02-27,13602,T144
2014-02-28,13825,T144
2014-03-01,13578,T144
2014-03-02,13298,T144
2014-03-03,12881,T144
2014-03-04,12556,T144
2014-03-05,12808,T144
2014-03-06,13708,T144
2014-03-07,13227,T144
2014-03-08,12450,T144
2014-03-09,12225,T144
2014-03-10,12720,T144
2014-03-11,13156,T144
2014-03-12,12871,T144
2014-03-13,13364,T144
2014-03-14,12903,T144
2014-03-15,12693,T144
2014-03-16,12645,T144
2014-03-17,13264,T144
2014-03-18,13186,T144
2014-03-19,13397,T144
2014-03-20,13466,T144
2014-03-21,13656,T144
2014-03-22,12790,T144
2014-03-23,12168,T144
2014-03-24,13206,T144
2014-03-25,13183,T144
2014-03-26,12982,T144
2014-03-27,13807,T144
2014-03-28,13391,T144
2014-03-29,12938,T144
2014-03-30,13143,T144
2014-03-31,13997,T144
2014-04-01,13713,T144
2014-04-02,13580,T144
2014-04-03,13509,T144
2014-04-04,14065,T144
2014-04-05,14114,T144
2014-04-06,13947,T144
2014-04-07,14088,T144
2014-04-08,13692,T144
2014-04-09,14499,T144
2014-04-10,14728,T144
2014-04-11,14069,T144
2014-04-12,14014,T144
2014-04-13,13545,T144
2014-04-14,13939,T144
2014-04-15,14483,T144
2014-04-16,14788,T144
2014-04-17,14487,T144
2014-04-18,13995,T144
2014-04-19,13398,T144
2014-04-20,12728,T144
2014-04-21,13694,T144
2014-04-22,14348,T144
2014-04-23,14192,T144
2014-04-24,13769,T144
2014-04-25,13201,T144
2014-04-26,13955,T144
2014-04-27,12549,T144
2014-04-28,13511,T144
2014-04-29,13838,T144
2014-04-30,15439,T144
2014-05-01,13443,T144
2014-05-02,14573,T144
2014-05-03,13476,T144
2014-05-04,13290,T144
2014-05-05,14805,T144
2014-05-06,14272,T144
2014-05-07,14462,T144
2014-05-08,14479,T144
2014-05-09,14537,T144
2014-05-10,14084,T144
2014-05-11,13180,T144
2014-05-12,13641,T144
2014-05-13,13578,T144
2014-05-14,14197,T144
2014-05-15,15334,T144
2014-05-16,14432,T144
2014-05-17,14258,T144
2014-05-18,14452,T144
2014-05-19,14210,T144
2014-05-20,13980,T144
2014-05-21,13957,T144
2014-05-22,14049,T144
2014-05-23,13577,T144
2014-05-24,12746,T144
2014-05-25,14070,T144
2014-05-26,13255,T144
2014-05-27,13748,T144
2014-05-28,14383,T144
2014-05-29,15643,T144
2014-05-30,14275,T144
2014-05-31,14149,T144
2014-06-01,15459,T144
2014-06-02,14467,T144
2014-06-03,14061,T144
2014-06-04,14097,T144
2014-06-05,14214,T144
2014-06-06,15498,T144
2014-06-07,14588,T144
2014-06-08,14240,T144
2014-06-09,14922,T144
2014-06-10,13983,T144
2014-06-11,15447,T144
2014-06-12,16826,T144
2014-06-13,17576,T144
2014-06-14,18007,T144
2014-06-15,17831,T144
2014-06-16,19034,T144
2014-06-17,18421,T144
2014-06-18,19462,T144
2014-06-19,18432,T144
2014-06-20,18213,T144
2014-06-21,15078,T144
2014-06-22,16892,T144
2014-06-23,14518,T144
2014-06-24,14657,T144
2014-06-25,14389,T144
2014-06-26,14562,T144
2014-06-27,14725,T144
2014-06-28,17023,T144
2014-06-29,15782,T144
2014-06-30,16030,T144
2014-07-01,15499,T144
2014-07-02,14336,T144
2014-07-03,14745,T144
2014-07-04,14756,T144
2014-07-05,14422,T144
2014-07-06,16359,T144
2014-07-07,14332,T144
2014-07-08,14515,T144
2014-07-09,16824,T144
2014-07-10,17414,T144
2014-07-11,17753,T144
2014-07-12,17495,T144
2014-07-13,14695,T144
2014-07-14,15904,T144
2014-07-15,17420,T144
2014-07-16,16778,T144
2014-07-17,16812,T144
2014-07-18,17369,T144
2014-07-19,17379,T144
2014-07-20,16311,T144
2014-07-21,16110,T144
2014-07-22,17347,T144
2014-07-23,16669,T144
2014-07-24,14880,T144
2014-07-25,14553,T144
2014-07-26,15834,T144
2014-07-27,16023,T144
2014-07-28,17266,T144
2014-07-29,17779,T144
2014-07-30,18283,T144
2014-07-31,18383,T144
2014-08-01,17656,T144
2014-08-02,17529,T144
2014-08-03,16547,T144
2014-08-04,16814,T144
2014-08-05,16524,T144
2014-08-06,14828,T144
2014-08-07,17881,T144
2014-08-08,18056,T144
2014-08-09,17604,T144
2014-08-10,17394,T144
2014-08-11,12350,T144
2014-08-12,14216,T144
2014-08-13,12299,T144
2014-08-14,12914,T144
2014-08-15,13142,T144
2014-08-16,11721,T144
2014-08-17,13282,T144
2014-08-18,13905,T144
2014-08-19,11635,T144
2014-08-20,13477,T144
2012-01-01,2372,T20
2012-01-02,3409,T20
2012-01-03,3487,T20
2012-01-04,3394,T20
2012-01-05,3235,T20
2012-01-06,3156,T20
2012-01-07,2482,T20
2012-01-08,2186,T20
2012-01-09,3355,T20
2012-01-10,3203,T20
2012-01-11,3276,T20
2012-01-12,3289,T20
2012-01-13,3428,T20
2012-01-14,2996,T20
2012-01-15,2355,T20
2012-01-16,3248,T20
2012-01-17,3285,T20
2012-01-18,3331,T20
2012-01-19,3316,T20
2012-01-20,3171,T20
2012-01-21,2915,T20
2012-01-22,2216,T20
2012-01-23,3141,T20
2012-01-24,2994,T20
2012-01-25,3180,T20
2012-01-26,3146,T20
2012-01-27,3129,T20
2012-01-28,2325,T20
2012-01-29,2183,T20
2012-01-30,3233,T20
2012-01-31,3291,T20
2012-02-01,3263,T20
2012-02-02,3081,T20
2012-02-03,3149,T20
2012-02-04,2431,T20
2012-02-05,2374,T20
2012-02-06,3214,T20
2012-02-07,3213,T20
2012-02-08,3345,T20
2012-02-09,3497,T20
2012-02-10,3665,T20
2012-02-11,2597,T20
2012-02-12,2617,T20
2012-02-13,3598,T20
2012-02-14,3753,T20
2012-02-15,3593,T20
2012-02-16,3430,T20
2012-02-17,3196,T20
2012-02-18,2229,T20
2012-02-19,1967,T20
2012-02-20,3095,T20
2012-02-21,1961,T20
2012-02-22,3023,T20
2012-02-23,3165,T20
2012-02-24,3263,T20
2012-02-25,2525,T20
2012-02-26,1863,T20
2012-02-27,3111,T20
2012-02-28,3101,T20
2012-02-29,3089,T20
2012-03-01,2981,T20
2012-03-02,3209,T20
2012-03-03,2117,T20
2012-03-04,1859,T20
2012-03-05,3083,T20
2012-03-06,2934,T20
2012-03-07,2829,T20
2012-03-08,2841,T20
2012-03-09,2927,T20
2012-03-10,1954,T20
2012-03-11,1837,T20
2012-03-12,2617,T20
2012-03-13,2683,T20
2012-03-14,2848,T20
2012-03-15,2933,T20
2012-03-16,2913,T20
2012-03-17,1971,T20
2012-03-18,1788,T20
2012-03-19,2539,T20
2012-03-20,2648,T20
2012-03-21,2680,T20
2012-03-22,2695,T20
2012-03-23,2848,T20
2012-03-24,2032,T20
2012-03-25,1659,T20
2012-03-26,2711,T20
2012-03-27,2855,T20
2012-03-28,2903,T20
2012-03-29,2899,T20
2012-03-30,2725,T20
2012-03-31,1962,T20
2012-04-01,1680,T20
2012-04-02,2874,T20
2012-04-03,2662,T20
2012-04-04,2493,T20
2012-04-05,2446,T20
2012-04-06,1722,T20
2012-04-07,1957,T20
2012-04-08,1728,T20
2012-04-09,1626,T20
2012-04-10,2665,T20
2012-04-11,2638,T20
2012-04-12,2459,T20
2012-04-13,2865,T20
2012-04-14,1739,T20
2012-04-15,1546,T20
2012-04-16,2677,T20
2012-04-17,2746,T20
2012-04-18,2936,T20
2012-04-19,2820,T20
2012-04-20,2815,T20
2012-04-21,1731,T20
2012-04-22,1707,T20
2012-04-23,2686,T20
2012-04-24,2830,T20
2012-04-25,1563,T20
2012-04-26,2652,T20
2012-04-27,2841,T20
2012-04-28,2273,T20
2012-04-29,1725,T20
2012-04-30,3024,T20
2012-05-01,1671,T20
2012-05-02,2575,T20
2012-05-03,1860,T20
2012-05-04,1946,T20
2012-05-05,1571,T20
2012-05-06,1706,T20
2012-05-07,2915,T20
2012-05-08,2734,T20
2012-05-09,2419,T20
2012-05-10,2542,T20
2012-05-11,2537,T20
2012-05-12,1747,T20
2012-05-13,1603,T20
2012-05-14,2576,T20
2012-05-15,2491,T20
2012-05-16,2682,T20
2012-05-17,2402,T20
2012-05-18,2496,T20
2012-05-19,1752,T20
2012-05-20,1695,T20
2012-05-21,2592,T20
2012-05-22,2658,T20
2012-05-23,2565,T20
2012-05-24,2550,T20
2012-05-25,2531,T20
2012-05-26,1893,T20
2012-05-27,1629,T20
2012-05-28,2502,T20
2012-05-29,2401,T20
2012-05-30,2505,T20
2012-05-31,2393,T20
2012-06-01,2556,T20
2012-06-02,1856,T20
2012-06-03,1610,T20
2012-06-04,2681,T20
2012-06-05,2696,T20
2012-06-06,2680,T20
2012-06-07,1594,T20
2012-06-08,2637,T20
2012-06-09,1806,T20
2012-06-10,1688,T20
2012-06-11,2664,T20
2012-06-12,2491,T20
2012-06-13,2592,T20
2012-06-14,2641,T20
2012-06-15,2597,T20
2012-06-16,2068,T20
2012-06-17,1639,T20
2012-06-18,2431,T20
2012-06-19,2526,T20
2012-06-20,2318,T20
2012-06-21,2484,T20
2012-06-22,2307,T20
2012-06-23,1687,T20
2012-06-24,1567,T20
2012-06-25,2523,T20
2012-06-26,2763,T20
2012-06-27,2611,T20
2012-06-28,2681,T20
2012-06-29,2678,T20
2012-06-30,2055,T20
2012-07-01,1774,T20
2012-07-02,2428,T20
2012-07-03,2445,T20
2012-07-04,2310,T20
2012-07-05,2622,T20
2012-07-06,2476,T20
2012-07-07,1697,T20
2012-07-08,1665,T20
2012-07-09,2560,T20
2012-07-10,2541,T20
2012-07-11,2567,T20
2012-07-12,2489,T20
2012-07-13,2647,T20
2012-07-14,1760,T20
2012-07-15,1766,T20
2012-07-16,3025,T20
2012-07-17,3220,T20
2012-07-18,2823,T20
2012-07-19,3017,T20
2012-07-20,2826,T20
2012-07-21,2110,T20
2012-07-22,1942,T20
2012-07-23,2822,T20
2012-07-24,2969,T20
2012-07-25,2784,T20
2012-07-26,2844,T20
2012-07-27,2624,T20
2012-07-28,2236,T20
2012-07-29,1948,T20
2012-07-30,2739,T20
2012-07-31,2937,T20
2012-08-01,2720,T20
2012-08-02,2621,T20
2012-08-03,2792,T20
2012-08-04,2034,T20
2012-08-05,1828,T20
2012-08-06,2861,T20
2012-08-07,2780,T20
2012-08-08,2942,T20
2012-08-09,3224,T20
2012-08-10,2937,T20
2012-08-11,2350,T20
2012-08-12,2238,T20
2012-08-13,1992,T20
2012-08-14,1765,T20
2012-08-15,1618,T20
2012-08-16,1615,T20
2012-08-17,1677,T20
2012-08-18,1775,T20
2012-08-19,1729,T20
2012-08-20,1650,T20
2012-08-21,1594,T20
2012-08-22,1624,T20
2012-08-23,1699,T20
2012-08-24,1738,T20
2012-08-25,1732,T20
2012-08-26,1759,T20
2012-08-27,1716,T20
2012-08-28,1716,T20
2012-08-29,1714,T20
2012-08-30,1712,T20
2012-08-31,1769,T20
2012-09-01,1838,T20
2012-09-02,1861,T20
2012-09-03,2633,T20
2012-09-04,2803,T20
2012-09-05,2938,T20
2012-09-06,2963,T20
2012-09-07,2964,T20
2012-09-08,1822,T20
2012-09-09,1806,T20
2012-09-10,2699,T20
2012-09-11,2698,T20
2012-09-12,2508,T20
2012-09-13,2586,T20
2012-09-14,2853,T20
2012-09-15,2011,T20
2012-09-16,1790,T20
2012-09-17,2618,T20
2012-09-18,2645,T20
2012-09-19,2678,T20
2012-09-20,2640,T20
2012-09-21,2687,T20
2012-09-22,1838,T20
2012-09-23,1769,T20
2012-09-24,2574,T20
2012-09-25,2685,T20
2012-09-26,2721,T20
2012-09-27,2508,T20
2012-09-28,2625,T20
2012-09-29,1896,T20
2012-09-30,1711,T20
2012-10-01,2461,T20
2012-10-02,2419,T20
2012-10-03,2637,T20
2012-10-04,2548,T20
2012-10-05,1801,T20
2012-10-06,1823,T20
2012-10-07,1765,T20
2012-10-08,2854,T20
2012-10-09,2593,T20
2012-10-10,2671,T20
2012-10-11,2640,T20
2012-10-12,2661,T20
2012-10-13,1788,T20
2012-10-14,1736,T20
2012-10-15,2665,T20
2012-10-16,2615,T20
2012-10-17,2681,T20
2012-10-18,2659,T20
2012-10-19,2637,T20
2012-10-20,1893,T20
2012-10-21,1745,T20
2012-10-22,2710,T20
2012-10-23,2580,T20
2012-10-24,2661,T20
2012-10-25,2554,T20
2012-10-26,2786,T20
2012-10-27,2057,T20
2012-10-28,1964,T20
2012-10-29,2861,T20
2012-10-30,2931,T20
2012-10-31,2923,T20
2012-11-01,1904,T20
2012-11-02,2032,T20
2012-11-03,2133,T20
2012-11-04,1937,T20
2012-11-05,2858,T20
2012-11-06,2781,T20
2012-11-07,2971,T20
2012-11-08,2845,T20
2012-11-09,2821,T20
2012-11-10,2364,T20
2012-11-11,1921,T20
2012-11-12,2790,T20
2012-11-13,2579,T20
2012-11-14,2725,T20
2012-11-15,2962,T20
2012-11-16,2858,T20
2012-11-17,2164,T20
2012-11-18,1972,T20
2012-11-19,2895,T20
2012-11-20,2904,T20
2012-11-21,2649,T20
2012-11-22,2791,T20
2012-11-23,2799,T20
2012-11-24,2575,T20
2012-11-25,2162,T20
2012-11-26,2664,T20
2012-11-27,3053,T20
2012-11-28,3039,T20
2012-11-29,3155,T20
2012-11-30,3189,T20
2012-12-01,2496,T20
2012-12-02,2226,T20
2012-12-03,3362,T20
2012-12-04,3197,T20
2012-12-05,3091,T20
2012-12-06,3156,T20
2012-12-07,2894,T20
2012-12-08,2233,T20
2012-12-09,2218,T20
2012-12-10,3205,T20
2012-12-11,2972,T20
2012-12-12,2942,T20
2012-12-13,2955,T20
2012-12-14,3231,T20
2012-12-15,3103,T20
2012-12-16,2326,T20
2012-12-17,3013,T20
2012-12-18,3168,T20
2012-12-19,3316,T20
2012-12-20,3249,T20
2012-12-21,2886,T20
2012-12-22,2538,T20
2012-12-23,2240,T20
2012-12-24,2747,T20
2012-12-25,2211,T20
2012-12-26,2369,T20
2012-12-27,2337,T20
2012-12-28,2321,T20
2012-12-29,2210,T20
2012-12-30,2115,T20
2012-12-31,2424,T20
2013-01-01,2232,T20
2013-01-02,2936,T20
2013-01-03,3050,T20
2013-01-04,3082,T20
2013-01-05,2407,T20
2013-01-06,2314,T20
2013-01-07,2949,T20
2013-01-08,3110,T20
2013-01-09,3022,T20
2013-01-10,3071,T20
2013-01-11,3264,T20
2013-01-12,2459,T20
2013-01-13,2259,T20
2013-01-14,3325,T20
2013-01-15,3276,T20
2013-01-16,3065,T20
2013-01-17,2939,T20
2013-01-18,3030,T20
2013-01-19,2484,T20
2013-01-20,2314,T20
2013-01-21,3147,T20
2013-01-22,2950,T20
2013-01-23,3177,T20
2013-01-24,3035,T20
2013-01-25,3048,T20
2013-01-26,2330,T20
2013-01-27,2219,T20
2013-01-28,3032,T20
2013-01-29,2992,T20
2013-01-30,2825,T20
2013-01-31,2883,T20
2013-02-01,2967,T20
2013-02-02,2393,T20
2013-02-03,2130,T20
2013-02-04,3147,T20
2013-02-05,3066,T20
2013-02-06,2999,T20
2013-02-07,3054,T20
2013-02-08,2868,T20
2013-02-09,2093,T20
2013-02-10,2256,T20
2013-02-11,3444,T20
2013-02-12,2275,T20
2013-02-13,3086,T20
2013-02-14,2966,T20
2013-02-15,2724,T20
2013-02-16,2213,T20
2013-02-17,2252,T20
2013-02-18,2809,T20
2013-02-19,2881,T20
2013-02-20,2971,T20
2013-02-21,3066,T20
2013-02-22,2965,T20
2013-02-23,2169,T20
2013-02-24,2217,T20
2013-02-25,3019,T20
2013-02-26,3129,T20
2013-02-27,3096,T20
2013-02-28,3120,T20
2013-03-01,2966,T20
2013-03-02,2220,T20
2013-03-03,2210,T20
2013-03-04,3075,T20
2013-03-05,2895,T20
2013-03-06,3090,T20
2013-03-07,3170,T20
2013-03-08,2924,T20
2013-03-09,2168,T20
2013-03-10,1992,T20
2013-03-11,3167,T20
2013-03-12,2972,T20
2013-03-13,2975,T20
2013-03-14,2939,T20
2013-03-15,2940,T20
2013-03-16,2249,T20
2013-03-17,1983,T20
2013-03-18,2890,T20
2013-03-19,3159,T20
2013-03-20,3149,T20
2013-03-21,3097,T20
2013-03-22,3212,T20
2013-03-23,2142,T20
2013-03-24,2047,T20
2013-03-25,3484,T20
2013-03-26,3140,T20
2013-03-27,3224,T20
2013-03-28,3201,T20
2013-03-29,2176,T20
2013-03-30,2014,T20
2013-03-31,1857,T20
2013-04-01,1899,T20
2013-04-02,2839,T20
2013-04-03,2619,T20
2013-04-04,2692,T20
2013-04-05,2814,T20
2013-04-06,1852,T20
2013-04-07,1949,T20
2013-04-08,3089,T20
2013-04-09,2912,T20
2013-04-10,2907,T20
2013-04-11,2549,T20
2013-04-12,2936,T20
2013-04-13,1881,T20
2013-04-14,1742,T20
2013-04-15,2631,T20
2013-04-16,2691,T20
2013-04-17,2477,T20
2013-04-18,2716,T20
2013-04-19,2756,T20
2013-04-20,1865,T20
2013-04-21,1780,T20
2013-04-22,2701,T20
2013-04-23,2548,T20
2013-04-24,2648,T20
2013-04-25,1752,T20
2013-04-26,2741,T20
2013-04-27,1859,T20
2013-04-28,1656,T20
2013-04-29,2686,T20
2013-04-30,2524,T20
2013-05-01,1633,T20
2013-05-02,1551,T20
2013-05-03,1678,T20
2013-05-04,1776,T20
2013-05-05,1775,T20
2013-05-06,2603,T20
2013-05-07,2650,T20
2013-05-08,2781,T20
2013-05-09,2616,T20
2013-05-10,2724,T20
2013-05-11,1903,T20
2013-05-12,1840,T20
2013-05-13,2839,T20
2013-05-14,2683,T20
2013-05-15,2707,T20
2013-05-16,2767,T20
2013-05-17,2580,T20
2013-05-18,1742,T20
2013-05-19,1713,T20
2013-05-20,2704,T20
2013-05-21,2616,T20
2013-05-22,2581,T20
2013-05-23,2550,T20
2013-05-24,2599,T20
2013-05-25,1725,T20
2013-05-26,1723,T20
2013-05-27,2656,T20
2013-05-28,2624,T20
2013-05-29,2786,T20
2013-05-30,2497,T20
2013-05-31,2559,T20
2013-06-01,1931,T20
2013-06-02,1750,T20
2013-06-03,2640,T20
2013-06-04,2712,T20
2013-06-05,2723,T20
2013-06-06,2694,T20
2013-06-07,2397,T20
2013-06-08,2309,T20
2013-06-09,1827,T20
2013-06-10,1826,T20
2013-06-11,2728,T20
2013-06-12,2627,T20
2013-06-13,2712,T20
2013-06-14,2719,T20
2013-06-15,1932,T20
2013-06-16,1693,T20
2013-06-17,2721,T20
2013-06-18,2558,T20
2013-06-19,2830,T20
2013-06-20,2714,T20
2013-06-21,2772,T20
2013-06-22,1969,T20
2013-06-23,1840,T20
2013-06-24,2758,T20
2013-06-25,2684,T20
2013-06-26,2879,T20
2013-06-27,2944,T20
2013-06-28,3034,T20
2013-06-29,2655,T20
2013-06-30,2032,T20
2013-07-01,3117,T20
2013-07-02,3412,T20
2013-07-03,3271,T20
2013-07-04,3494,T20
2013-07-05,3502,T20
2013-07-06,2851,T20
2013-07-07,2797,T20
2013-07-08,3552,T20
2013-07-09,3373,T20
2013-07-10,3172,T20
2013-07-11,3190,T20
2013-07-12,2875,T20
2013-07-13,2627,T20
2013-07-14,2154,T20
2013-07-15,3370,T20
2013-07-16,3217,T20
2013-07-17,3127,T20
2013-07-18,3356,T20
2013-07-19,3152,T20
2013-07-20,3024,T20
2013-07-21,2040,T20
2013-07-22,2910,T20
2013-07-23,3439,T20
2013-07-24,3284,T20
2013-07-25,3426,T20
2013-07-26,3265,T20
2013-07-27,2599,T20
2013-07-28,1898,T20
2013-07-29,2731,T20
2013-07-30,2580,T20
2013-07-31,2874,T20
2013-08-01,2693,T20
2013-08-02,2676,T20
2013-08-03,2523,T20
2013-08-04,2064,T20
2013-08-05,3135,T20
2013-08-06,3057,T20
2013-08-07,2886,T20
2013-08-08,3193,T20
2013-08-09,3118,T20
2013-08-10,3108,T20
2013-08-11,2591,T20
2013-08-12,2472,T20
2013-08-13,2575,T20
2013-08-14,2557,T20
2013-08-15,2153,T20
2013-08-16,2382,T20
2013-08-17,2458,T20
2013-08-18,2178,T20
2013-08-19,2668,T20
2013-08-20,2340,T20
2013-08-21,1972,T20
2013-08-22,1980,T20
2013-08-23,2083,T20
2013-08-24,2000,T20
2013-08-25,2120,T20
2013-08-26,2171,T20
2013-08-27,2100,T20
2013-08-28,2139,T20
2013-08-29,2248,T20
2013-08-30,2238,T20
2013-08-31,2129,T20
2013-09-01,2147,T20
2013-09-02,2950,T20
2013-09-03,2997,T20
2013-09-04,2990,T20
2013-09-05,3015,T20
2013-09-06,2817,T20
2013-09-07,2267,T20
2013-09-08,1826,T20
2013-09-09,3050,T20
2013-09-10,2914,T20
2013-09-11,3034,T20
2013-09-12,3160,T20
2013-09-13,2903,T20
2013-09-14,2813,T20
2013-09-15,1936,T20
2013-09-16,2951,T20
2013-09-17,2801,T20
2013-09-18,2645,T20
2013-09-19,3000,T20
2013-09-20,2942,T20
2013-09-21,2725,T20
2013-09-22,2070,T20
2013-09-23,2920,T20
2013-09-24,3120,T20
2013-09-25,3021,T20
2013-09-26,2970,T20
2013-09-27,3141,T20
2013-09-28,2225,T20
2013-09-29,2140,T20
2013-09-30,3053,T20
2013-10-01,2986,T20
2013-10-02,2845,T20
2013-10-03,2969,T20
2013-10-04,2850,T20
2013-10-05,2242,T20
2013-10-06,1952,T20
2013-10-07,2596,T20
2013-10-08,2622,T20
2013-10-09,2677,T20
2013-10-10,2874,T20
2013-10-11,2671,T20
2013-10-12,2691,T20
2013-10-13,1984,T20
2013-10-14,3175,T20
2013-10-15,2820,T20
2013-10-16,3017,T20
2013-10-17,2900,T20
2013-10-18,2942,T20
2013-10-19,2627,T20
2013-10-20,1914,T20
2013-10-21,2944,T20
2013-10-22,2768,T20
2013-10-23,2988,T20
2013-10-24,3005,T20
2013-10-25,2829,T20
2013-10-26,2744,T20
2013-10-27,1936,T20
2013-10-28,3082,T20
2013-10-29,2775,T20
2013-10-30,2754,T20
2013-10-31,2863,T20
2013-11-01,2903,T20
2013-11-02,2934,T20
2013-11-03,1920,T20
2013-11-04,2843,T20
2013-11-05,2918,T20
2013-11-06,3051,T20
2013-11-07,3232,T20
2013-11-08,2818,T20
2013-11-09,2657,T20
2013-11-10,1980,T20
2013-11-11,2861,T20
2013-11-12,2927,T20
2013-11-13,2856,T20
2013-11-14,2878,T20
2013-11-15,2775,T20
2013-11-16,2538,T20
2013-11-17,2018,T20
2013-11-18,2934,T20
2013-11-19,3143,T20
2013-11-20,2960,T20
2013-11-21,3339,T20
2013-11-22,2911,T20
2013-11-23,3052,T20
2013-11-24,2486,T20
2013-11-25,3478,T20
2013-11-26,3457,T20
2013-11-27,3682,T20
2013-11-28,3590,T20
2013-11-29,3521,T20
2013-11-30,3137,T20
2013-12-01,2245,T20
2013-12-02,3719,T20
2013-12-03,3474,T20
2013-12-04,3542,T20
2013-12-05,3290,T20
2013-12-06,3171,T20
2013-12-07,2945,T20
2013-12-08,2443,T20
2013-12-09,3774,T20
2013-12-10,3598,T20
2013-12-11,3652,T20
2013-12-12,3621,T20
2013-12-13,3281,T20
2013-12-14,3104,T20
2013-12-15,2433,T20
2013-12-16,3522,T20
2013-12-17,3590,T20
2013-12-18,3624,T20
2013-12-19,3670,T20
2013-12-20,3377,T20
2013-12-21,3053,T20
2013-12-22,2597,T20
2013-12-23,2818,T20
2013-12-24,2623,T20
2013-12-25,2474,T20
2013-12-26,3093,T20
2013-12-27,2784,T20
2013-12-28,2650,T20
2013-12-29,2600,T20
2013-12-30,3043,T20
2013-12-31,2704,T20
2014-01-01,2563,T20
2014-01-02,3627,T20
2014-01-03,3486,T20
2014-01-04,2530,T20
2014-01-05,2480,T20
2014-01-06,3224,T20
2014-01-07,3492,T20
2014-01-08,3632,T20
2014-01-09,3513,T20
2014-01-10,3602,T20
2014-01-11,2996,T20
2014-01-12,2283,T20
2014-01-13,3797,T20
2014-01-14,3540,T20
2014-01-15,3427,T20
2014-01-16,3668,T20
2014-01-17,3675,T20
2014-01-18,3376,T20
2014-01-19,2258,T20
2014-01-20,3836,T20
2014-01-21,3719,T20
2014-01-22,3546,T20
2014-01-23,3424,T20
2014-01-24,3438,T20
2014-01-25,3008,T20
2014-01-26,2568,T20
2014-01-27,3427,T20
2014-01-28,3213,T20
2014-01-29,3448,T20
2014-01-30,3378,T20
2014-01-31,3286,T20
2014-02-01,3009,T20
2014-02-02,2328,T20
2014-02-03,3365,T20
2014-02-04,3516,T20
2014-02-05,3455,T20
2014-02-06,3700,T20
2014-02-07,3302,T20
2014-02-08,3134,T20
2014-02-09,2571,T20
2014-02-10,3621,T20
2014-02-11,3328,T20
2014-02-12,3402,T20
2014-02-13,3545,T20
2014-02-14,3266,T20
2014-02-15,2832,T20
2014-02-16,2205,T20
2014-02-17,3348,T20
2014-02-18,3465,T20
2014-02-19,3320,T20
2014-02-20,3335,T20
2014-02-21,3456,T20
2014-02-22,2705,T20
2014-02-23,2194,T20
2014-02-24,3295,T20
2014-02-25,3228,T20
2014-02-26,3170,T20
2014-02-27,3059,T20
2014-02-28,3018,T20
2014-03-01,2211,T20
2014-03-02,2103,T20
2014-03-03,3124,T20
2014-03-04,2160,T20
2014-03-05,3072,T20
2014-03-06,3163,T20
2014-03-07,2788,T20
2014-03-08,2437,T20
2014-03-09,1793,T20
2014-03-10,2950,T20
2014-03-11,2804,T20
2014-03-12,3043,T20
2014-03-13,2818,T20
2014-03-14,2874,T20
2014-03-15,2236,T20
2014-03-16,1737,T20
2014-03-17,2731,T20
2014-03-18,2581,T20
2014-03-19,2551,T20
2014-03-20,2616,T20
2014-03-21,2872,T20
2014-03-22,2358,T20
2014-03-23,1895,T20
2014-03-24,2947,T20
2014-03-25,3313,T20
2014-03-26,3009,T20
2014-03-27,3009,T20
2014-03-28,3355,T20
2014-03-29,2563,T20
2014-03-30,1913,T20
2014-03-31,3233,T20
2014-04-01,3415,T20
2014-04-02,3078,T20
2014-04-03,3206,T20
2014-04-04,3309,T20
2014-04-05,2437,T20
2014-04-06,2038,T20
2014-04-07,3180,T20
2014-04-08,2938,T20
2014-04-09,2907,T20
2014-04-10,2864,T20
2014-04-11,2878,T20
2014-04-12,2480,T20
2014-04-13,1761,T20
2014-04-14,2884,T20
2014-04-15,2751,T20
2014-04-16,2875,T20
2014-04-17,2942,T20
2014-04-18,3041,T20
2014-04-19,1902,T20
2014-04-20,1832,T20
2014-04-21,1726,T20
2014-04-22,3056,T20
2014-04-23,2798,T20
2014-04-24,2914,T20
2014-04-25,1828,T20
2014-04-26,1918,T20
2014-04-27,1782,T20
2014-04-28,3047,T20
2014-04-29,3008,T20
2014-04-30,2912,T20
2014-05-01,1570,T20
2014-05-02,1666,T20
2014-05-03,1736,T20
2014-05-04,1622,T20
2014-05-05,2820,T20
2014-05-06,2646,T20
2014-05-07,2574,T20
2014-05-08,2709,T20
2014-05-09,2872,T20
2014-05-10,2106,T20
2014-05-11,1724,T20
2014-05-12,2842,T20
2014-05-13,2609,T20
2014-05-14,2644,T20
2014-05-15,2644,T20
2014-05-16,2760,T20
2014-05-17,2209,T20
2014-05-18,1753,T20
2014-05-19,2980,T20
2014-05-20,2864,T20
2014-05-21,3027,T20
2014-05-22,2838,T20
2014-05-23,2902,T20
2014-05-24,2304,T20
2014-05-25,1648,T20
2014-05-26,2990,T20
2014-05-27,2833,T20
2014-05-28,2901,T20
2014-05-29,3101,T20
2014-05-30,2925,T20
2014-05-31,2540,T20
2014-06-01,1630,T20
2014-06-02,3230,T20
2014-06-03,3161,T20
2014-06-04,2984,T20
2014-06-05,3037,T20
2014-06-06,3084,T20
2014-06-07,2489,T20
2014-06-08,1647,T20
2014-06-09,1596,T20
2014-06-10,1637,T20
2014-06-11,3024,T20
2014-06-12,2829,T20
2014-06-13,3053,T20
2014-06-14,2743,T20
2014-06-15,1814,T20
2014-06-16,3041,T20
2014-06-17,3146,T20
2014-06-18,2984,T20
2014-06-19,2985,T20
2014-06-20,2877,T20
2014-06-21,2439,T20
2014-06-22,1731,T20
2014-06-23,2913,T20
2014-06-24,2988,T20
2014-06-25,2851,T20
2014-06-26,2712,T20
2014-06-27,2701,T20
2014-06-28,1976,T20
2014-06-29,1607,T20
2014-06-30,2883,T20
2014-07-01,3046,T20
2014-07-02,2813,T20
2014-07-03,2977,T20
2014-07-04,3074,T20
2014-07-05,2273,T20
2014-07-06,1705,T20
2014-07-07,3052,T20
2014-07-08,3063,T20
2014-07-09,2904,T20
2014-07-10,3163,T20
2014-07-11,3156,T20
2014-07-12,2943,T20
2014-07-13,2180,T20
2014-07-14,3795,T20
2014-07-15,3681,T20
2014-07-16,3488,T20
2014-07-17,3344,T20
2014-07-18,3172,T20
2014-07-19,2660,T20
2014-07-20,1778,T20
2014-07-21,3410,T20
2014-07-22,3291,T20
2014-07-23,3153,T20
2014-07-24,3269,T20
2014-07-25,3423,T20
2014-07-26,2892,T20
2014-07-27,2079,T20
2014-07-28,3898,T20
2014-07-29,3385,T20
2014-07-30,3572,T20
2014-07-31,3393,T20
2014-08-01,3435,T20
2014-08-02,3046,T20
2014-08-03,1865,T20
2014-08-04,3374,T20
2014-08-05,3184,T20
2014-08-06,3046,T20
2014-08-07,2995,T20
2014-08-08,3032,T20
2014-08-09,2565,T20
2014-08-10,2444,T20
2014-08-11,2505,T20
2014-08-12,2358,T20
2014-08-13,2134,T20
2014-08-14,2010,T20
2014-08-15,1721,T20
2014-08-16,1973,T20
2014-08-17,1832,T20
2014-08-18,1930,T20
2014-08-19,1790,T20
2014-08-20,1797,T20
2012-01-01,142501,T234
2012-01-02,197479,T234
2012-01-03,204939,T234
2012-01-04,196044,T234
2012-01-05,198079,T234
2012-01-06,199935,T234
2012-01-07,197278,T234
2012-01-08,196174,T234
2012-01-09,196025,T234
2012-01-10,192207,T234
2012-01-11,195772,T234
2012-01-12,196136,T234
2012-01-13,200176,T234
2012-01-14,203255,T234
2012-01-15,200154,T234
2012-01-16,200905,T234
2012-01-17,201258,T234
2012-01-18,193437,T234
2012-01-19,194006,T234
2012-01-20,193879,T234
2012-01-21,193475,T234
2012-01-22,192089,T234
2012-01-23,200673,T234
2012-01-24,200870,T234
2012-01-25,194205,T234
2012-01-26,199844,T234
2012-01-27,197972,T234
2012-01-28,199738,T234
2012-01-29,195546,T234
2012-01-30,195080,T234
2012-01-31,193585,T234
2012-02-01,195555,T234
2012-02-02,192458,T234
2012-02-03,188452,T234
2012-02-04,183946,T234
2012-02-05,189470,T234
2012-02-06,187729,T234
2012-02-07,195450,T234
2012-02-08,184937,T234
2012-02-09,185097,T234
2012-02-10,189196,T234
2012-02-11,189193,T234
2012-02-12,185159,T234
2012-02-13,188260,T234
2012-02-14,188410,T234
2012-02-15,185537,T234
2012-02-16,189711,T234
2012-02-17,185913,T234
2012-02-18,183720,T234
2012-02-19,180854,T234
2012-02-20,180206,T234
2012-02-21,180494,T234
2012-02-22,177752,T234
2012-02-23,181128,T234
2012-02-24,184383,T234
2012-02-25,183324,T234
2012-02-26,192231,T234
2012-02-27,188990,T234
2012-02-28,189651,T234
2012-02-29,188677,T234
2012-03-01,186153,T234
2012-03-02,190888,T234
2012-03-03,193315,T234
2012-03-04,194861,T234
2012-03-05,187054,T234
2012-03-06,192860,T234
2012-03-07,186835,T234
2012-03-08,189306,T234
2012-03-09,192367,T234
2012-03-10,188849,T234
2012-03-11,192089,T234
2012-03-12,188728,T234
2012-03-13,196232,T234
2012-03-14,188572,T234
2012-03-15,181550,T234
2012-03-16,181577,T234
2012-03-17,185412,T234
2012-03-18,182812,T234
2012-03-19,175895,T234
2012-03-20,182434,T234
2012-03-21,175844,T234
2012-03-22,175743,T234
2012-03-23,181064,T234
2012-03-24,182243,T234
2012-03-25,186395,T234
2012-03-26,187986,T234
2012-03-27,186493,T234
2012-03-28,183679,T234
2012-03-29,178998,T234
2012-03-30,183361,T234
2012-03-31,186216,T234
2012-04-01,186132,T234
2012-04-02,182360,T234
2012-04-03,182424,T234
2012-04-04,182736,T234
2012-04-05,188794,T234
2012-04-06,183740,T234
2012-04-07,181445,T234
2012-04-08,169768,T234
2012-04-09,178787,T234
2012-04-10,187289,T234
2012-04-11,180814,T234
2012-04-12,178677,T234
2012-04-13,183794,T234
2012-04-14,183543,T234
2012-04-15,176686,T234
2012-04-16,172500,T234
2012-04-17,177191,T234
2012-04-18,182939,T234
2012-04-19,186037,T234
2012-04-20,188242,T234
2012-04-21,189012,T234
2012-04-22,185370,T234
2012-04-23,179706,T234
2012-04-24,185056,T234
2012-04-25,188029,T234
2012-04-26,183748,T234
2012-04-27,183582,T234
2012-04-28,184645,T234
2012-04-29,181548,T234
2012-04-30,175764,T234
2012-05-01,174873,T234
2012-05-02,172845,T234
2012-05-03,178799,T234
2012-05-04,176113,T234
2012-05-05,175989,T234
2012-05-06,175084,T234
2012-05-07,175180,T234
2012-05-08,190628,T234
2012-05-09,186659,T234
2012-05-10,219429,T234
2012-05-11,209066,T234
2012-05-12,209099,T234
2012-05-13,196823,T234
2012-05-14,207436,T234
2012-05-15,204865,T234
2012-05-16,225327,T234
2012-05-17,193844,T234
2012-05-18,194892,T234
2012-05-19,182051,T234
2012-05-20,174537,T234
2012-05-21,179811,T234
2012-05-22,190289,T234
2012-05-23,190147,T234
2012-05-24,193694,T234
2012-05-25,183262,T234
2012-05-26,183415,T234
2012-05-27,181362,T234
2012-05-28,187705,T234
2012-05-29,189666,T234
2012-05-30,204195,T234
2012-05-31,220535,T234
2012-06-01,229746,T234
2012-06-02,210012,T234
2012-06-03,211762,T234
2012-06-04,209865,T234
2012-06-05,217056,T234
2012-06-06,222299,T234
2012-06-07,204608,T234
2012-06-08,202566,T234
2012-06-09,218167,T234
2012-06-10,226501,T234
2012-06-11,214422,T234
2012-06-12,212154,T234
2012-06-13,213722,T234
2012-06-14,210745,T234
2012-06-15,224957,T234
2012-06-16,226518,T234
2012-06-17,225536,T234
2012-06-18,214174,T234
2012-06-19,213728,T234
2012-06-20,215042,T234
2012-06-21,219865,T234
2012-06-22,213799,T234
2012-06-23,226205,T234
2012-06-24,236567,T234
2012-06-25,238377,T234
2012-06-26,254926,T234
2012-06-27,251786,T234
2012-06-28,231933,T234
2012-06-29,224452,T234
2012-06-30,221981,T234
2012-07-01,222539,T234
2012-07-02,222951,T234
2012-07-03,226326,T234
2012-07-04,221002,T234
2012-07-05,207755,T234
2012-07-06,218845,T234
2012-07-07,221438,T234
2012-07-08,220719,T234
2012-07-09,200399,T234
2012-07-10,206124,T234
2012-07-11,198808,T234
2012-07-12,200991,T234
2012-07-13,209619,T234
2012-07-14,204834,T234
2012-07-15,207017,T234
2012-07-16,216563,T234
2012-07-17,236331,T234
2012-07-18,231642,T234
2012-07-19,219825,T234
2012-07-20,211524,T234
2012-07-21,217030,T234
2012-07-22,218064,T234
2012-07-23,211586,T234
2012-07-24,227643,T234
2012-07-25,228990,T234
2012-07-26,212897,T234
2012-07-27,209723,T234
2012-07-28,210030,T234
2012-07-29,206842,T234
2012-07-30,201248,T234
2012-07-31,214969,T234
2012-08-01,209047,T234
2012-08-02,209469,T234
2012-08-03,206278,T234
2012-08-04,205015,T234
2012-08-05,201427,T234
2012-08-06,194784,T234
2012-08-07,215130,T234
2012-08-08,212617,T234
2012-08-09,219416,T234
2012-08-10,222657,T234
2012-08-11,213555,T234
2012-08-12,209935,T234
2012-08-13,212809,T234
2012-08-14,212417,T234
2012-08-15,208778,T234
2012-08-16,206421,T234
2012-08-17,211427,T234
2012-08-18,215159,T234
2012-08-19,219611,T234
2012-08-20,216654,T234
2012-08-21,230536,T234
2012-08-22,208701,T234
2012-08-23,201333,T234
2012-08-24,208094,T234
2012-08-25,213342,T234
2012-08-26,205922,T234
2012-08-27,196507,T234
2012-08-28,206543,T234
2012-08-29,200090,T234
2012-08-30,200758,T234
2012-08-31,205140,T234
2012-09-01,207342,T234
2012-09-02,211560,T234
2012-09-03,194743,T234
2012-09-04,209090,T234
2012-09-05,212459,T234
2012-09-06,215499,T234
2012-09-07,224465,T234
2012-09-08,218967,T234
2012-09-09,206595,T234
2012-09-10,197645,T234
2012-09-11,213371,T234
2012-09-12,208285,T234
2012-09-13,208448,T234
2012-09-14,206471,T234
2012-09-15,206022,T234
2012-09-16,205426,T234
2012-09-17,198114,T234
2012-09-18,211223,T234
2012-09-19,208648,T234
2012-09-20,209859,T234
2012-09-21,208209,T234
2012-09-22,207850,T234
2012-09-23,205797,T234
2012-09-24,194702,T234
2012-09-25,198029,T234
2012-09-26,186178,T234
2012-09-27,184984,T234
2012-09-28,190680,T234
2012-09-29,202163,T234
2012-09-30,198118,T234
2012-10-01,188521,T234
2012-10-02,190089,T234
2012-10-03,189267,T234
2012-10-04,190524,T234
2012-10-05,199838,T234
2012-10-06,196901,T234
2012-10-07,199543,T234
2012-10-08,195295,T234
2012-10-09,200830,T234
2012-10-10,199156,T234
2012-10-11,197571,T234
2012-10-12,197953,T234
2012-10-13,187556,T234
2012-10-14,185889,T234
2012-10-15,180605,T234
2012-10-16,189121,T234
2012-10-17,183482,T234
2012-10-18,174055,T234
2012-10-19,176135,T234
2012-10-20,179613,T234
2012-10-21,177249,T234
2012-10-22,191300,T234
2012-10-23,197560,T234
2012-10-24,181746,T234
2012-10-25,178126,T234
2012-10-26,185603,T234
2012-10-27,187776,T234
2012-10-28,172318,T234
2012-10-29,171830,T234
2012-10-30,175223,T234
2012-10-31,180776,T234
2012-11-01,183976,T234
2012-11-02,188819,T234
2012-11-03,186509,T234
2012-11-04,180444,T234
2012-11-05,170458,T234
2012-11-06,172988,T234
2012-11-07,171019,T234
2012-11-08,172960,T234
2012-11-09,175927,T234
2012-11-10,177232,T234
2012-11-11,171481,T234
2012-11-12,169763,T234
2012-11-13,180713,T234
2012-11-14,168005,T234
2012-11-15,170915,T234
2012-11-16,174715,T234
2012-11-17,181019,T234
2012-11-18,172265,T234
2012-11-19,169748,T234
2012-11-20,170427,T234
2012-11-21,169115,T234
2012-11-22,165503,T234
2012-11-23,175803,T234
2012-11-24,184771,T234
2012-11-25,183733,T234
2012-11-26,171777,T234
2012-11-27,173977,T234
2012-11-28,175218,T234
2012-11-29,174735,T234
2012-11-30,182975,T234
2012-12-01,172569,T234
2012-12-02,171060,T234
2012-12-03,161946,T234
2012-12-04,180035,T234
2012-12-05,175439,T234
2012-12-06,174566,T234
2012-12-07,175551,T234
2012-12-08,178246,T234
2012-12-09,174211,T234
2012-12-10,167116,T234
2012-12-11,171670,T234
2012-12-12,172215,T234
2012-12-13,176515,T234
2012-12-14,182631,T234
2012-12-15,184750,T234
2012-12-16,184493,T234
2012-12-17,178942,T234
2012-12-18,182324,T234
2012-12-19,178710,T234
2012-12-20,180970,T234
2012-12-21,181230,T234
2012-12-22,184500,T234
2012-12-23,183359,T234
2012-12-24,158994,T234
2012-12-25,122624,T234
2012-12-26,172923,T234
2012-12-27,179753,T234
2012-12-28,176079,T234
2012-12-29,180656,T234
2012-12-30,181553,T234
2012-12-31,161641,T234
2013-01-01,123456,T234
2013-01-02,170311,T234
2013-01-03,174652,T234
2013-01-04,170745,T234
2013-01-05,172785,T234
2013-01-06,174945,T234
2013-01-07,166223,T234
2013-01-08,172393,T234
2013-01-09,174228,T234
2013-01-10,174400,T234
2013-01-11,177073,T234
2013-01-12,184317,T234
2013-01-13,173174,T234
2013-01-14,165737,T234
2013-01-15,182938,T234
2013-01-16,179936,T234
2013-01-17,178809,T234
2013-01-18,184090,T234
2013-01-19,168686,T234
2013-01-20,184868,T234
2013-01-21,171643,T234
2013-01-22,186371,T234
2013-01-23,183256,T234
2013-01-24,177585,T234
2013-01-25,181468,T234
2013-01-26,181104,T234
2013-01-27,182981,T234
2013-01-28,164647,T234
2013-01-29,163703,T234
2013-01-30,167244,T234
2013-01-31,167196,T234
2013-02-01,173414,T234
2013-02-02,171094,T234
2013-02-03,162474,T234
2013-02-04,157893,T234
2013-02-05,165225,T234
2013-02-06,164116,T234
2013-02-07,169112,T234
2013-02-08,164604,T234
2013-02-09,164856,T234
2013-02-10,168329,T234
2013-02-11,160280,T234
2013-02-12,164973,T234
2013-02-13,167072,T234
2013-02-14,163209,T234
2013-02-15,163773,T234
2013-02-16,167116,T234
2013-02-17,169405,T234
2013-02-18,166678,T234
2013-02-19,165545,T234
2013-02-20,163525,T234
2013-02-21,170904,T234
2013-02-22,171862,T234
2013-02-23,170815,T234
2013-02-24,163849,T234
2013-02-25,158389,T234
2013-02-26,166513,T234
2013-02-27,168533,T234
2013-02-28,173559,T234
2013-03-01,175146,T234
2013-03-02,176025,T234
2013-03-03,182489,T234
2013-03-04,171761,T234
2013-03-05,183967,T234
2013-03-06,180521,T234
2013-03-07,182733,T234
2013-03-08,175620,T234
2013-03-09,180836,T234
2013-03-10,178001,T234
2013-03-11,164462,T234
2013-03-12,173782,T234
2013-03-13,167045,T234
2013-03-14,168009,T234
2013-03-15,169561,T234
2013-03-16,172375,T234
2013-03-17,172543,T234
2013-03-18,165605,T234
2013-03-19,177980,T234
2013-03-20,168880,T234
2013-03-21,167475,T234
2013-03-22,175788,T234
2013-03-23,178960,T234
2013-03-24,172332,T234
2013-03-25,174290,T234
2013-03-26,177123,T234
2013-03-27,176136,T234
2013-03-28,177491,T234
2013-03-29,181508,T234
2013-03-30,176957,T234
2013-03-31,162493,T234
2013-04-01,164723,T234
2013-04-02,177129,T234
2013-04-03,169934,T234
2013-04-04,168914,T234
2013-04-05,165622,T234
2013-04-06,163302,T234
2013-04-07,170407,T234
2013-04-08,163421,T234
2013-04-09,172579,T234
2013-04-10,176679,T234
2013-04-11,173616,T234
2013-04-12,172671,T234
2013-04-13,175416,T234
2013-04-14,175646,T234
2013-04-15,175667,T234
2013-04-16,181259,T234
2013-04-17,173612,T234
2013-04-18,170975,T234
2013-04-19,174023,T234
2013-04-20,175590,T234
2013-04-21,175659,T234
2013-04-22,172344,T234
2013-04-23,188250,T234
2013-04-24,183000,T234
2013-04-25,183125,T234
2013-04-26,181974,T234
2013-04-27,171467,T234
2013-04-28,160342,T234
2013-04-29,158788,T234
2013-04-30,167485,T234
2013-05-01,168844,T234
2013-05-02,170380,T234
2013-05-03,178845,T234
2013-05-04,180199,T234
2013-05-05,180575,T234
2013-05-06,167491,T234
2013-05-07,178251,T234
2013-05-08,178478,T234
2013-05-09,183349,T234
2013-05-10,180302,T234
2013-05-11,177034,T234
2013-05-12,182776,T234
2013-05-13,177478,T234
2013-05-14,183478,T234
2013-05-15,166057,T234
2013-05-16,165300,T234
2013-05-17,166158,T234
2013-05-18,163623,T234
2013-05-19,165525,T234
2013-05-20,163043,T234
2013-05-21,181570,T234
2013-05-22,188718,T234
2013-05-23,196988,T234
2013-05-24,192417,T234
2013-05-25,183430,T234
2013-05-26,175460,T234
2013-05-27,165456,T234
2013-05-28,173746,T234
2013-05-29,177993,T234
2013-05-30,179514,T234
2013-05-31,186460,T234
2013-06-01,193205,T234
2013-06-02,203712,T234
2013-06-03,194574,T234
2013-06-04,197393,T234
2013-06-05,187699,T234
2013-06-06,180465,T234
2013-06-07,174679,T234
2013-06-08,175860,T234
2013-06-09,186632,T234
2013-06-10,187529,T234
2013-06-11,198627,T234
2013-06-12,208400,T234
2013-06-13,211901,T234
2013-06-14,208797,T234
2013-06-15,212747,T234
2013-06-16,209581,T234
2013-06-17,192846,T234
2013-06-18,206599,T234
2013-06-19,199979,T234
2013-06-20,202229,T234
2013-06-21,205545,T234
2013-06-22,220186,T234
2013-06-23,217362,T234
2013-06-24,220240,T234
2013-06-25,242044,T234
2013-06-26,236897,T234
2013-06-27,237669,T234
2013-06-28,236416,T234
2013-06-29,238243,T234
2013-06-30,244723,T234
2013-07-01,217537,T234
2013-07-02,215928,T234
2013-07-03,229377,T234
2013-07-04,246256,T234
2013-07-05,246757,T234
2013-07-06,245835,T234
2013-07-07,243122,T234
2013-07-08,223185,T234
2013-07-09,223590,T234
2013-07-10,212975,T234
2013-07-11,211736,T234
2013-07-12,200783,T234
2013-07-13,200216,T234
2013-07-14,203257,T234
2013-07-15,193185,T234
2013-07-16,203367,T234
2013-07-17,200583,T234
2013-07-18,199488,T234
2013-07-19,197735,T234
2013-07-20,197532,T234
2013-07-21,195361,T234
2013-07-22,184248,T234
2013-07-23,197410,T234
2013-07-24,205147,T234
2013-07-25,209254,T234
2013-07-26,198004,T234
2013-07-27,201552,T234
2013-07-28,201970,T234
2013-07-29,186682,T234
2013-07-30,207626,T234
2013-07-31,219560,T234
2013-08-01,207712,T234
2013-08-02,205868,T234
2013-08-03,199007,T234
2013-08-04,202235,T234
2013-08-05,185249,T234
2013-08-06,210019,T234
2013-08-07,194936,T234
2013-08-08,197146,T234
2013-08-09,210109,T234
2013-08-10,219835,T234
2013-08-11,215469,T234
2013-08-12,200980,T234
2013-08-13,219335,T234
2013-08-14,213592,T234
2013-08-15,214484,T234
2013-08-16,206706,T234
2013-08-17,208719,T234
2013-08-18,212793,T234
2013-08-19,202167,T234
2013-08-20,224693,T234
2013-08-21,204987,T234
2013-08-22,207822,T234
2013-08-23,210901,T234
2013-08-24,212498,T234
2013-08-25,216029,T234
2013-08-26,195884,T234
2013-08-27,216822,T234
2013-08-28,211333,T234
2013-08-29,210020,T234
2013-08-30,214520,T234
2013-08-31,216266,T234
2013-09-01,216223,T234
2013-09-02,201482,T234
2013-09-03,214299,T234
2013-09-04,213499,T234
2013-09-05,205989,T234
2013-09-06,205254,T234
2013-09-07,197662,T234
2013-09-08,188738,T234
2013-09-09,175679,T234
2013-09-10,204721,T234
2013-09-11,197452,T234
2013-09-12,203774,T234
2013-09-13,204945,T234
2013-09-14,202610,T234
2013-09-15,203800,T234
2013-09-16,187686,T234
2013-09-17,199732,T234
2013-09-18,193672,T234
2013-09-19,200960,T234
2013-09-20,202446,T234
2013-09-21,207319,T234
2013-09-22,209399,T234
2013-09-23,195421,T234
2013-09-24,211892,T234
2013-09-25,199510,T234
2013-09-26,203740,T234
2013-09-27,197386,T234
2013-09-28,190620,T234
2013-09-29,189189,T234
2013-09-30,190278,T234
2013-10-01,194554,T234
2013-10-02,192278,T234
2013-10-03,191163,T234
2013-10-04,184798,T234
2013-10-05,184105,T234
2013-10-06,189999,T234
2013-10-07,179504,T234
2013-10-08,189075,T234
2013-10-09,189259,T234
2013-10-10,193377,T234
2013-10-11,186469,T234
2013-10-12,176428,T234
2013-10-13,182726,T234
2013-10-14,180992,T234
2013-10-15,196629,T234
2013-10-16,187413,T234
2013-10-17,186172,T234
2013-10-18,186104,T234
2013-10-19,189967,T234
2013-10-20,189871,T234
2013-10-21,189639,T234
2013-10-22,192191,T234
2013-10-23,188019,T234
2013-10-24,197205,T234
2013-10-25,194357,T234
2013-10-26,183754,T234
2013-10-27,183303,T234
2013-10-28,171151,T234
2013-10-29,177568,T234
2013-10-30,168237,T234
2013-10-31,159398,T234
2013-11-01,163530,T234
2013-11-02,165402,T234
2013-11-03,160633,T234
2013-11-04,155977,T234
2013-11-05,165141,T234
2013-11-06,162129,T234
2013-11-07,162234,T234
2013-11-08,162868,T234
2013-11-09,155047,T234
2013-11-10,158159,T234
2013-11-11,155925,T234
2013-11-12,159820,T234
2013-11-13,160101,T234
2013-11-14,160677,T234
2013-11-15,159184,T234
2013-11-16,154520,T234
2013-11-17,155494,T234
2013-11-18,154153,T234
2013-11-19,160314,T234
2013-11-20,158139,T234
2013-11-21,164997,T234
2013-11-22,165297,T234
2013-11-23,166191,T234
2013-11-24,159196,T234
2013-11-25,149520,T234
2013-11-26,161157,T234
2013-11-27,156722,T234
2013-11-28,154724,T234
2013-11-29,158306,T234
2013-11-30,158720,T234
2013-12-01,156884,T234
2013-12-02,148236,T234
2013-12-03,166985,T234
2013-12-04,160028,T234
2013-12-05,167254,T234
2013-12-06,169981,T234
2013-12-07,166275,T234
2013-12-08,163309,T234
2013-12-09,148035,T234
2013-12-10,161246,T234
2013-12-11,160390,T234
2013-12-12,159764,T234
2013-12-13,164779,T234
2013-12-14,163653,T234
2013-12-15,161511,T234
2013-12-16,153912,T234
2013-12-17,166625,T234
2013-12-18,165167,T234
2013-12-19,167202,T234
2013-12-20,166821,T234
2013-12-21,166345,T234
2013-12-22,164988,T234
2013-12-23,162295,T234
2013-12-24,162515,T234
2013-12-25,115639,T234
2013-12-26,162410,T234
2013-12-27,174761,T234
2013-12-28,164119,T234
2013-12-29,165323,T234
2013-12-30,153830,T234
2013-12-31,159692,T234
2014-01-01,113163,T234
2014-01-02,166978,T234
2014-01-03,165836,T234
2014-01-04,168778,T234
2014-01-05,164684,T234
2014-01-06,157767,T234
2014-01-07,165930,T234
2014-01-08,163786,T234
2014-01-09,159278,T234
2014-01-10,163506,T234
2014-01-11,163164,T234
2014-01-12,164563,T234
2014-01-13,153945,T234
2014-01-14,171875,T234
2014-01-15,163186,T234
2014-01-16,160376,T234
2014-01-17,164087,T234
2014-01-18,163933,T234
2014-01-19,162959,T234
2014-01-20,149523,T234
2014-01-21,162573,T234
2014-01-22,159919,T234
2014-01-23,161038,T234
2014-01-24,162887,T234
2014-01-25,163318,T234
2014-01-26,162172,T234
2014-01-27,154690,T234
2014-01-28,167716,T234
2014-01-29,161809,T234
2014-01-30,164706,T234
2014-01-31,162009,T234
2014-02-01,163747,T234
2014-02-02,162379,T234
2014-02-03,148783,T234
2014-02-04,173219,T234
2014-02-05,163091,T234
2014-02-06,171143,T234
2014-02-07,166963,T234
2014-02-08,166134,T234
2014-02-09,163100,T234
2014-02-10,145956,T234
2014-02-11,162686,T234
2014-02-12,161664,T234
2014-02-13,163386,T234
2014-02-14,162750,T234
2014-02-15,158749,T234
2014-02-16,155576,T234
2014-02-17,145919,T234
2014-02-18,153164,T234
2014-02-19,154888,T234
2014-02-20,162569,T234
2014-02-21,170445,T234
2014-02-22,155992,T234
2014-02-23,157108,T234
2014-02-24,148413,T234
2014-02-25,160126,T234
2014-02-26,156873,T234
2014-02-27,158909,T234
2014-02-28,159073,T234
2014-03-01,165372,T234
2014-03-02,163724,T234
2014-03-03,145895,T234
2014-03-04,155864,T234
2014-03-05,159854,T234
2014-03-06,156528,T234
2014-03-07,160570,T234
2014-03-08,159228,T234
2014-03-09,155749,T234
2014-03-10,146458,T234
2014-03-11,154823,T234
2014-03-12,155242,T234
2014-03-13,157881,T234
2014-03-14,156277,T234
2014-03-15,156629,T234
2014-03-16,157223,T234
2014-03-17,150204,T234
2014-03-18,160329,T234
2014-03-19,157635,T234
2014-03-20,155809,T234
2014-03-21,160060,T234
2014-03-22,156960,T234
2014-03-23,152831,T234
2014-03-24,147061,T234
2014-03-25,160624,T234
2014-03-26,153977,T234
2014-03-27,154763,T234
2014-03-28,154520,T234
2014-03-29,154642,T234
2014-03-30,154805,T234
2014-03-31,152797,T234
2014-04-01,161510,T234
2014-04-02,155714,T234
2014-04-03,155410,T234
2014-04-04,163093,T234
2014-04-05,166694,T234
2014-04-06,164363,T234
2014-04-07,157399,T234
2014-04-08,167261,T234
2014-04-09,164533,T234
2014-04-10,165976,T234
2014-04-11,161559,T234
2014-04-12,161497,T234
2014-04-13,167937,T234
2014-04-14,154817,T234
2014-04-15,165068,T234
2014-04-16,159466,T234
2014-04-17,167030,T234
2014-04-18,162131,T234
2014-04-19,157790,T234
2014-04-20,145327,T234
2014-04-21,150925,T234
2014-04-22,168320,T234
2014-04-23,156801,T234
2014-04-24,154620,T234
2014-04-25,155703,T234
2014-04-26,161391,T234
2014-04-27,161303,T234
2014-04-28,153897,T234
2014-04-29,164041,T234
2014-04-30,171599,T234
2014-05-01,172665,T234
2014-05-02,181071,T234
2014-05-03,179937,T234
2014-05-04,185556,T234
2014-05-05,168683,T234
2014-05-06,169937,T234
2014-05-07,171300,T234
2014-05-08,176823,T234
2014-05-09,183308,T234
2014-05-10,176769,T234
2014-05-11,173370,T234
2014-05-12,160374,T234
2014-05-13,179070,T234
2014-05-14,189363,T234
2014-05-15,194657,T234
2014-05-16,190619,T234
2014-05-17,187845,T234
2014-05-18,183744,T234
2014-05-19,157762,T234
2014-05-20,161243,T234
2014-05-21,158626,T234
2014-05-22,163774,T234
2014-05-23,161490,T234
2014-05-24,161329,T234
2014-05-25,156235,T234
2014-05-26,153258,T234
2014-05-27,158718,T234
2014-05-28,161515,T234
2014-05-29,169245,T234
2014-05-30,168706,T234
2014-05-31,174548,T234
2014-06-01,176559,T234
2014-06-02,163452,T234
2014-06-03,171720,T234
2014-06-04,172103,T234
2014-06-05,173126,T234
2014-06-06,170619,T234
2014-06-07,172311,T234
2014-06-08,174125,T234
2014-06-09,176080,T234
2014-06-10,200432,T234
2014-06-11,197959,T234
2014-06-12,226120,T234
2014-06-13,233169,T234
2014-06-14,222535,T234
2014-06-15,218061,T234
2014-06-16,192450,T234
2014-06-17,216601,T234
2014-06-18,199104,T234
2014-06-19,202404,T234
2014-06-20,202379,T234
2014-06-21,205861,T234
2014-06-22,191923,T234
2014-06-23,181379,T234
2014-06-24,196063,T234
2014-06-25,196906,T234
2014-06-26,200821,T234
2014-06-27,206347,T234
2014-06-28,199237,T234
2014-06-29,196765,T234
2014-06-30,188014,T234
2014-07-01,202045,T234
2014-07-02,199724,T234
2014-07-03,207311,T234
2014-07-04,193091,T234
2014-07-05,190416,T234
2014-07-06,198180,T234
2014-07-07,170182,T234
2014-07-08,185649,T234
2014-07-09,191720,T234
2014-07-10,204516,T234
2014-07-11,193993,T234
2014-07-12,194399,T234
2014-07-13,190409,T234
2014-07-14,183047,T234
2014-07-15,206758,T234
2014-07-16,203732,T234
2014-07-17,195090,T234
2014-07-18,193349,T234
2014-07-19,193414,T234
2014-07-20,195418,T234
2014-07-21,193468,T234
2014-07-22,212944,T234
2014-07-23,196341,T234
2014-07-24,188952,T234
2014-07-25,195757,T234
2014-07-26,201537,T234
2014-07-27,204039,T234
2014-07-28,197826,T234
2014-07-29,208205,T234
2014-07-30,212484,T234
2014-07-31,198201,T234
2014-08-01,191835,T234
2014-08-02,190930,T234
2014-08-03,197761,T234
2014-08-04,179935,T234
2014-08-05,202340,T234
2014-08-06,200800,T234
2014-08-07,203602,T234
2014-08-08,205879,T234
2014-08-09,208669,T234
2014-08-10,205972,T234
2014-08-11,197918,T234
2014-08-12,205471,T234
2014-08-13,190830,T234
2014-08-14,190497,T234
2014-08-15,192671,T234
2014-08-16,200938,T234
2014-08-17,205271,T234
2014-08-18,199879,T234
2014-08-19,195969,T234
2014-08-20,187219,T234
2012-01-01,688,T115
2012-01-02,686,T115
2012-01-03,586,T115
2012-01-04,486,T115
2012-01-05,484,T115
2012-01-06,480,T115
2012-01-07,483,T115
2012-01-08,498,T115
2012-01-09,483,T115
2012-01-10,487,T115
2012-01-11,504,T115
2012-01-12,504,T115
2012-01-13,485,T115
2012-01-14,491,T115
2012-01-15,505,T115
2012-01-16,483,T115
2012-01-17,494,T115
2012-01-18,475,T115
2012-01-19,489,T115
2012-01-20,497,T115
2012-01-21,493,T115
2012-01-22,498,T115
2012-01-23,506,T115
2012-01-24,486,T115
2012-01-25,489,T115
2012-01-26,485,T115
2012-01-27,486,T115
2012-01-28,509,T115
2012-01-29,514,T115
2012-01-30,489,T115
2012-01-31,485,T115
2012-02-01,492,T115
2012-02-02,499,T115
2012-02-03,513,T115
2012-02-04,656,T115
2012-02-05,496,T115
2012-02-06,483,T115
2012-02-07,477,T115
2012-02-08,481,T115
2012-02-09,479,T115
2012-02-10,482,T115
2012-02-11,486,T115
2012-02-12,473,T115
2012-02-13,487,T115
2012-02-14,497,T115
2012-02-15,490,T115
2012-02-16,495,T115
2012-02-17,476,T115
2012-02-18,479,T115
2012-02-19,494,T115
2012-02-20,479,T115
2012-02-21,483,T115
2012-02-22,478,T115
2012-02-23,474,T115
2012-02-24,480,T115
2012-02-25,505,T115
2012-02-26,503,T115
2012-02-27,545,T115
2012-02-28,578,T115
2012-02-29,487,T115
2012-03-01,457,T115
2012-03-02,526,T115
2012-03-03,481,T115
2012-03-04,478,T115
2012-03-05,472,T115
2012-03-06,466,T115
2012-03-07,470,T115
2012-03-08,476,T115
2012-03-09,458,T115
2012-03-10,499,T115
2012-03-11,460,T115
2012-03-12,474,T115
2012-03-13,478,T115
2012-03-14,479,T115
2012-03-15,471,T115
2012-03-16,473,T115
2012-03-17,471,T115
2012-03-18,481,T115
2012-03-19,475,T115
2012-03-20,477,T115
2012-03-21,491,T115
2012-03-22,469,T115
2012-03-23,457,T115
2012-03-24,460,T115
2012-03-25,460,T115
2012-03-26,447,T115
2012-03-27,447,T115
2012-03-28,451,T115
2012-03-29,458,T115
2012-03-30,437,T115
2012-03-31,459,T115
2012-04-01,466,T115
2012-04-02,459,T115
2012-04-03,454,T115
2012-04-04,494,T115
2012-04-05,500,T115
2012-04-06,498,T115
2012-04-07,497,T115
2012-04-08,504,T115
2012-04-09,500,T115
2012-04-10,533,T115
2012-04-11,505,T115
2012-04-12,501,T115
2012-04-13,499,T115
2012-04-14,495,T115
2012-04-15,496,T115
2012-04-16,493,T115
2012-04-17,483,T115
2012-04-18,492,T115
2012-04-19,495,T115
2012-04-20,504,T115
2012-04-21,497,T115
2012-04-22,501,T115
2012-04-23,517,T115
2012-04-24,498,T115
2012-04-25,504,T115
2012-04-26,484,T115
2012-04-27,486,T115
2012-04-28,487,T115
2012-04-29,499,T115
2012-04-30,493,T115
2012-05-01,490,T115
2012-05-02,501,T115
2012-05-03,502,T115
2012-05-04,495,T115
2012-05-05,543,T115
2012-05-06,509,T115
2012-05-07,488,T115
2012-05-08,488,T115
2012-05-09,481,T115
2012-05-10,482,T115
2012-05-11,481,T115
2012-05-12,492,T115
2012-05-13,486,T115
2012-05-14,501,T115
2012-05-15,499,T115
2012-05-16,495,T115
2012-05-17,502,T115
2012-05-18,501,T115
2012-05-19,486,T115
2012-05-20,485,T115
2012-05-21,487,T115
2012-05-22,477,T115
2012-05-23,467,T115
2012-05-24,476,T115
2012-05-25,482,T115
2012-05-26,523,T115
2012-05-27,517,T115
2012-05-28,487,T115
2012-05-29,497,T115
2012-05-30,527,T115
2012-05-31,596,T115
2012-06-01,486,T115
2012-06-02,498,T115
2012-06-03,478,T115
2012-06-04,469,T115
2012-06-05,473,T115
2012-06-06,477,T115
2012-06-07,471,T115
2012-06-08,487,T115
2012-06-09,508,T115
2012-06-10,515,T115
2012-06-11,508,T115
2012-06-12,508,T115
2012-06-13,505,T115
2012-06-14,514,T115
2012-06-15,502,T115
2012-06-16,495,T115
2012-06-17,493,T115
2012-06-18,501,T115
2012-06-19,515,T115
2012-06-20,488,T115
2012-06-21,501,T115
2012-06-22,481,T115
2012-06-23,480,T115
2012-06-24,477,T115
2012-06-25,471,T115
2012-06-26,474,T115
2012-06-27,475,T115
2012-06-28,474,T115
2012-06-29,473,T115
2012-06-30,477,T115
2012-07-01,488,T115
2012-07-02,503,T115
2012-07-03,592,T115
2012-07-04,639,T115
2012-07-05,617,T115
2012-07-06,548,T115
2012-07-07,640,T115
2012-07-08,670,T115
2012-07-09,695,T115
2012-07-10,684,T115
2012-07-11,684,T115
2012-07-12,715,T115
2012-07-13,720,T115
2012-07-14,719,T115
2012-07-15,721,T115
2012-07-16,719,T115
2012-07-17,726,T115
2012-07-18,727,T115
2012-07-19,725,T115
2012-07-20,797,T115
2012-07-21,843,T115
2012-07-22,840,T115
2012-07-23,840,T115
2012-07-24,842,T115
2012-07-25,841,T115
2012-07-26,844,T115
2012-07-27,846,T115
2012-07-28,849,T115
2012-07-29,853,T115
2012-07-30,854,T115
2012-07-31,854,T115
2012-08-01,852,T115
2012-08-02,851,T115
2012-08-03,889,T115
2012-08-04,890,T115
2012-08-05,890,T115
2012-08-06,885,T115
2012-08-07,883,T115
2012-08-08,881,T115
2012-08-09,881,T115
2012-08-10,903,T115
2012-08-11,885,T115
2012-08-12,886,T115
2012-08-13,883,T115
2012-08-14,883,T115
2012-08-15,884,T115
2012-08-16,884,T115
2012-08-17,883,T115
2012-08-18,883,T115
2012-08-19,880,T115
2012-08-20,877,T115
2012-08-21,876,T115
2012-08-22,877,T115
2012-08-23,879,T115
2012-08-24,889,T115
2012-08-25,883,T115
2012-08-26,884,T115
2012-08-27,881,T115
2012-08-28,883,T115
2012-08-29,882,T115
2012-08-30,881,T115
2012-08-31,880,T115
2012-09-01,878,T115
2012-09-02,878,T115
2012-09-03,883,T115
2012-09-04,908,T115
2012-09-05,892,T115
2012-09-06,887,T115
2012-09-07,886,T115
2012-09-08,885,T115
2012-09-09,884,T115
2012-09-10,886,T115
2012-09-11,885,T115
2012-09-12,879,T115
2012-09-13,881,T115
2012-09-14,878,T115
2012-09-15,751,T115
2012-09-16,728,T115
2012-09-17,702,T115
2012-09-18,728,T115
2012-09-19,728,T115
2012-09-20,717,T115
2012-09-21,669,T115
2012-09-22,662,T115
2012-09-23,664,T115
2012-09-24,671,T115
2012-09-25,733,T115
2012-09-26,736,T115
2012-09-27,737,T115
2012-09-28,680,T115
2012-09-29,691,T115
2012-09-30,724,T115
2012-10-01,723,T115
2012-10-02,724,T115
2012-10-03,726,T115
2012-10-04,726,T115
2012-10-05,726,T115
2012-10-06,735,T115
2012-10-07,727,T115
2012-10-08,724,T115
2012-10-09,726,T115
2012-10-10,722,T115
2012-10-11,718,T115
2012-10-12,717,T115
2012-10-13,712,T115
2012-10-14,712,T115
2012-10-15,712,T115
2012-10-16,715,T115
2012-10-17,715,T115
2012-10-18,718,T115
2012-10-19,718,T115
2012-10-20,719,T115
2012-10-21,718,T115
2012-10-22,717,T115
2012-10-23,761,T115
2012-10-24,848,T115
2012-10-25,850,T115
2012-10-26,845,T115
2012-10-27,844,T115
2012-10-28,879,T115
2012-10-29,848,T115
2012-10-30,847,T115
2012-10-31,848,T115
2012-11-01,847,T115
2012-11-02,847,T115
2012-11-03,903,T115
2012-11-04,851,T115
2012-11-05,854,T115
2012-11-06,854,T115
2012-11-07,857,T115
2012-11-08,842,T115
2012-11-09,822,T115
2012-11-10,822,T115
2012-11-11,823,T115
2012-11-12,824,T115
2012-11-13,823,T115
2012-11-14,825,T115
2012-11-15,824,T115
2012-11-16,855,T115
2012-11-17,867,T115
2012-11-18,828,T115
2012-11-19,827,T115
2012-11-20,824,T115
2012-11-21,824,T115
2012-11-22,825,T115
2012-11-23,825,T115
2012-11-24,861,T115
2012-11-25,1259,T115
2012-11-26,871,T115
2012-11-27,826,T115
2012-11-28,831,T115
2012-11-29,832,T115
2012-11-30,835,T115
2012-12-01,834,T115
2012-12-02,832,T115
2012-12-03,832,T115
2012-12-04,829,T115
2012-12-05,827,T115
2012-12-06,953,T115
2012-12-07,836,T115
2012-12-08,795,T115
2012-12-09,794,T115
2012-12-10,671,T115
2012-12-11,430,T115
2012-12-12,284,T115
2012-12-13,283,T115
2012-12-14,277,T115
2012-12-15,282,T115
2012-12-16,280,T115
2012-12-17,316,T115
2012-12-18,316,T115
2012-12-19,315,T115
2012-12-20,319,T115
2012-12-21,312,T115
2012-12-22,313,T115
2012-12-23,314,T115
2012-12-24,326,T115
2012-12-25,319,T115
2012-12-26,313,T115
2012-12-27,313,T115
2012-12-28,311,T115
2012-12-29,307,T115
2012-12-30,308,T115
2012-12-31,323,T115
2013-01-01,451,T115
2013-01-02,298,T115
2013-01-03,302,T115
2013-01-04,312,T115
2013-01-05,308,T115
2013-01-06,309,T115
2013-01-07,301,T115
2013-01-08,298,T115
2013-01-09,304,T115
2013-01-10,307,T115
2013-01-11,321,T115
2013-01-12,313,T115
2013-01-13,314,T115
2013-01-14,307,T115
2013-01-15,311,T115
2013-01-16,310,T115
2013-01-17,310,T115
2013-01-18,504,T115
2013-01-19,615,T115
2013-01-20,417,T115
2013-01-21,311,T115
2013-01-22,310,T115
2013-01-23,309,T115
2013-01-24,308,T115
2013-01-25,308,T115
2013-01-26,308,T115
2013-01-27,313,T115
2013-01-28,326,T115
2013-01-29,319,T115
2013-01-30,327,T115
2013-01-31,308,T115
2013-02-01,308,T115
2013-02-02,308,T115
2013-02-03,313,T115
2013-02-04,307,T115
2013-02-05,306,T115
2013-02-06,298,T115
2013-02-07,277,T115
2013-02-08,276,T115
2013-02-09,277,T115
2013-02-10,277,T115
2013-02-11,285,T115
2013-02-12,302,T115
2013-02-13,302,T115
2013-02-14,315,T115
2013-02-15,301,T115
2013-02-16,302,T115
2013-02-17,303,T115
2013-02-18,302,T115
2013-02-19,301,T115
2013-02-20,424,T115
2013-02-21,524,T115
2013-02-22,714,T115
2013-02-23,712,T115
2013-02-24,712,T115
2013-02-25,712,T115
2013-02-26,711,T115
2013-02-27,708,T115
2013-02-28,709,T115
2013-03-01,709,T115
2013-03-02,702,T115
2013-03-03,707,T115
2013-03-04,709,T115
2013-03-05,708,T115
2013-03-06,879,T115
2013-03-07,1018,T115
2013-03-08,1015,T115
2013-03-09,1018,T115
2013-03-10,1017,T115
2013-03-11,1017,T115
2013-03-12,1016,T115
2013-03-13,1016,T115
2013-03-14,1015,T115
2013-03-15,1015,T115
2013-03-16,1015,T115
2013-03-17,1019,T115
2013-03-18,1015,T115
2013-03-19,1014,T115
2013-03-20,1016,T115
2013-03-21,1015,T115
2013-03-22,1018,T115
2013-03-23,1016,T115
2013-03-24,1016,T115
2013-03-25,1015,T115
2013-03-26,1013,T115
2013-03-27,1015,T115
2013-03-28,1013,T115
2013-03-29,1014,T115
2013-03-30,1012,T115
2013-03-31,975,T115
2013-04-01,1013,T115
2013-04-02,1013,T115
2013-04-03,1013,T115
2013-04-04,1011,T115
2013-04-05,1012,T115
2013-04-06,1014,T115
2013-04-07,1015,T115
2013-04-08,1014,T115
2013-04-09,1016,T115
2013-04-10,1010,T115
2013-04-11,1010,T115
2013-04-12,1009,T115
2013-04-13,1009,T115
2013-04-14,1008,T115
2013-04-15,1007,T115
2013-04-16,1007,T115
2013-04-17,1009,T115
2013-04-18,1010,T115
2013-04-19,1011,T115
2013-04-20,1012,T115
2013-04-21,1226,T115
2013-04-22,1425,T115
2013-04-23,1425,T115
2013-04-24,1426,T115
2013-04-25,1422,T115
2013-04-26,1423,T115
2013-04-27,1425,T115
2013-04-28,1426,T115
2013-04-29,1427,T115
2013-04-30,1427,T115
2013-05-01,1427,T115
2013-05-02,1426,T115
2013-05-03,1426,T115
2013-05-04,1424,T115
2013-05-05,1423,T115
2013-05-06,1422,T115
2013-05-07,1421,T115
2013-05-08,1421,T115
2013-05-09,1422,T115
2013-05-10,1421,T115
2013-05-11,1421,T115
2013-05-12,1420,T115
2013-05-13,1420,T115
2013-05-14,1420,T115
2013-05-15,1421,T115
2013-05-16,1423,T115
2013-05-17,1426,T115
2013-05-18,1427,T115
2013-05-19,1427,T115
2013-05-20,1427,T115
2013-05-21,1426,T115
2013-05-22,1425,T115
2013-05-23,1426,T115
2013-05-24,1425,T115
2013-05-25,1424,T115
2013-05-26,1423,T115
2013-05-27,1422,T115
2013-05-28,1424,T115
2013-05-29,1438,T115
2013-05-30,1423,T115
2013-05-31,1424,T115
2013-06-01,1421,T115
2013-06-02,1418,T115
2013-06-03,1415,T115
2013-06-04,1416,T115
2013-06-05,1417,T115
2013-06-06,1458,T115
2013-06-07,1421,T115
2013-06-08,1420,T115
2013-06-09,1423,T115
2013-06-10,1421,T115
2013-06-11,1443,T115
2013-06-12,1602,T115
2013-06-13,1569,T115
2013-06-14,1561,T115
2013-06-15,1566,T115
2013-06-16,1427,T115
2013-06-17,1631,T115
2013-06-18,1671,T115
2013-06-19,1628,T115
2013-06-20,1620,T115
2013-06-21,1599,T115
2013-06-22,1595,T115
2013-06-23,1555,T115
2013-06-24,1539,T115
2013-06-25,1543,T115
2013-06-26,1542,T115
2013-06-27,1522,T115
2013-06-28,1523,T115
2013-06-29,1548,T115
2013-06-30,1535,T115
2013-07-01,1564,T115
2013-07-02,1605,T115
2013-07-03,1553,T115
2013-07-04,1582,T115
2013-07-05,1584,T115
2013-07-06,1645,T115
2013-07-07,1657,T115
2013-07-08,1561,T115
2013-07-09,1548,T115
2013-07-10,1557,T115
2013-07-11,1568,T115
2013-07-12,1571,T115
2013-07-13,1614,T115
2013-07-14,1585,T115
2013-07-15,1567,T115
2013-07-16,1585,T115
2013-07-17,1584,T115
2013-07-18,1626,T115
2013-07-19,1597,T115
2013-07-20,1604,T115
2013-07-21,1589,T115
2013-07-22,1582,T115
2013-07-23,1585,T115
2013-07-24,1593,T115
2013-07-25,1627,T115
2013-07-26,1637,T115
2013-07-27,1628,T115
2013-07-28,1650,T115
2013-07-29,1635,T115
2013-07-30,1606,T115
2013-07-31,1592,T115
2013-08-01,1589,T115
2013-08-02,1592,T115
2013-08-03,1648,T115
2013-08-04,1644,T115
2013-08-05,1596,T115
2013-08-06,1659,T115
2013-08-07,1749,T115
2013-08-08,1713,T115
2013-08-09,1823,T115
2013-08-10,2172,T115
2013-08-11,2238,T115
2013-08-12,2262,T115
2013-08-13,2301,T115
2013-08-14,2184,T115
2013-08-15,2047,T115
2013-08-16,2040,T115
2013-08-17,2037,T115
2013-08-18,2041,T115
2013-08-19,2021,T115
2013-08-20,2027,T115
2013-08-21,2021,T115
2013-08-22,2029,T115
2013-08-23,2017,T115
2013-08-24,2038,T115
2013-08-25,2033,T115
2013-08-26,1956,T115
2013-08-27,1863,T115
2013-08-28,2035,T115
2013-08-29,1941,T115
2013-08-30,1751,T115
2013-08-31,1682,T115
2013-09-01,1701,T115
2013-09-02,1661,T115
2013-09-03,1658,T115
2013-09-04,1679,T115
2013-09-05,1684,T115
2013-09-06,1695,T115
2013-09-07,1697,T115
2013-09-08,1699,T115
2013-09-09,1697,T115
2013-09-10,1721,T115
2013-09-11,1688,T115
2013-09-12,1686,T115
2013-09-13,1698,T115
2013-09-14,1774,T115
2013-09-15,1745,T115
2013-09-16,1427,T115
2013-09-17,1444,T115
2013-09-18,1473,T115
2013-09-19,1475,T115
2013-09-20,1491,T115
2013-09-21,1494,T115
2013-09-22,1300,T115
2013-09-23,1436,T115
2013-09-24,1360,T115
2013-09-25,1354,T115
2013-09-26,1288,T115
2013-09-27,1293,T115
2013-09-28,1293,T115
2013-09-29,1293,T115
2013-09-30,1292,T115
2013-10-01,1295,T115
2013-10-02,1289,T115
2013-10-03,1291,T115
2013-10-04,1285,T115
2013-10-05,1285,T115
2013-10-06,1286,T115
2013-10-07,1284,T115
2013-10-08,1168,T115
2013-10-09,764,T115
2013-10-10,764,T115
2013-10-11,764,T115
2013-10-12,765,T115
2013-10-13,765,T115
2013-10-14,764,T115
2013-10-15,764,T115
2013-10-16,763,T115
2013-10-17,764,T115
2013-10-18,764,T115
2013-10-19,750,T115
2013-10-20,742,T115
2013-10-21,744,T115
2013-10-22,744,T115
2013-10-23,745,T115
2013-10-24,747,T115
2013-10-25,870,T115
2013-10-26,751,T115
2013-10-27,776,T115
2013-10-28,728,T115
2013-10-29,930,T115
2013-10-30,728,T115
2013-10-31,728,T115
2013-11-01,727,T115
2013-11-02,728,T115
2013-11-03,729,T115
2013-11-04,728,T115
2013-11-05,728,T115
2013-11-06,728,T115
2013-11-07,727,T115
2013-11-08,728,T115
2013-11-09,728,T115
2013-11-10,728,T115
2013-11-11,728,T115
2013-11-12,727,T115
2013-11-13,740,T115
2013-11-14,738,T115
2013-11-15,738,T115
2013-11-16,739,T115
2013-11-17,738,T115
2013-11-18,738,T115
2013-11-19,738,T115
2013-11-20,739,T115
2013-11-21,739,T115
2013-11-22,739,T115
2013-11-23,739,T115
2013-11-24,740,T115
2013-11-25,740,T115
2013-11-26,740,T115
2013-11-27,839,T115
2013-11-28,901,T115
2013-11-29,937,T115
2013-11-30,783,T115
2013-12-01,740,T115
2013-12-02,736,T115
2013-12-03,739,T115
2013-12-04,738,T115
2013-12-05,739,T115
2013-12-06,740,T115
2013-12-07,740,T115
2013-12-08,741,T115
2013-12-09,741,T115
2013-12-10,741,T115
2013-12-11,741,T115
2013-12-12,741,T115
2013-12-13,744,T115
2013-12-14,741,T115
2013-12-15,741,T115
2013-12-16,741,T115
2013-12-17,742,T115
2013-12-18,741,T115
2013-12-19,742,T115
2013-12-20,741,T115
2013-12-21,741,T115
2013-12-22,741,T115
2013-12-23,742,T115
2013-12-24,742,T115
2013-12-25,742,T115
2013-12-26,739,T115
2013-12-27,739,T115
2013-12-28,737,T115
2013-12-29,737,T115
2013-12-30,736,T115
2013-12-31,739,T115
2014-01-01,737,T115
2014-01-02,737,T115
2014-01-03,751,T115
2014-01-04,760,T115
2014-01-05,759,T115
2014-01-06,759,T115
2014-01-07,760,T115
2014-01-08,759,T115
2014-01-09,759,T115
2014-01-10,758,T115
2014-01-11,756,T115
2014-01-12,748,T115
2014-01-13,748,T115
2014-01-14,748,T115
2014-01-15,747,T115
2014-01-16,758,T115
2014-01-17,758,T115
2014-01-18,756,T115
2014-01-19,737,T115
2014-01-20,742,T115
2014-01-21,741,T115
2014-01-22,739,T115
2014-01-23,739,T115
2014-01-24,739,T115
2014-01-25,736,T115
2014-01-26,735,T115
2014-01-27,735,T115
2014-01-28,737,T115
2014-01-29,731,T115
2014-01-30,722,T115
2014-01-31,713,T115
2014-02-01,715,T115
2014-02-02,713,T115
2014-02-03,714,T115
2014-02-04,721,T115
2014-02-05,714,T115
2014-02-06,715,T115
2014-02-07,713,T115
2014-02-08,715,T115
2014-02-09,711,T115
2014-02-10,722,T115
2014-02-11,729,T115
2014-02-12,706,T115
2014-02-13,708,T115
2014-02-14,707,T115
2014-02-15,705,T115
2014-02-16,704,T115
2014-02-17,704,T115
2014-02-18,704,T115
2014-02-19,704,T115
2014-02-20,704,T115
2014-02-21,704,T115
2014-02-22,703,T115
2014-02-23,705,T115
2014-02-24,703,T115
2014-02-25,704,T115
2014-02-26,704,T115
2014-02-27,705,T115
2014-02-28,703,T115
2014-03-01,703,T115
2014-03-02,704,T115
2014-03-03,702,T115
2014-03-04,703,T115
2014-03-05,703,T115
2014-03-06,703,T115
2014-03-07,702,T115
2014-03-08,703,T115
2014-03-09,703,T115
2014-03-10,702,T115
2014-03-11,703,T115
2014-03-12,702,T115
2014-03-13,718,T115
2014-03-14,748,T115
2014-03-15,743,T115
2014-03-16,742,T115
2014-03-17,742,T115
2014-03-18,700,T115
2014-03-19,741,T115
2014-03-20,741,T115
2014-03-21,743,T115
2014-03-22,741,T115
2014-03-23,743,T115
2014-03-24,743,T115
2014-03-25,742,T115
2014-03-26,742,T115
2014-03-27,745,T115
2014-03-28,744,T115
2014-03-29,743,T115
2014-03-30,712,T115
2014-03-31,745,T115
2014-04-01,747,T115
2014-04-02,743,T115
2014-04-03,743,T115
2014-04-04,742,T115
2014-04-05,742,T115
2014-04-06,740,T115
2014-04-07,740,T115
2014-04-08,740,T115
2014-04-09,739,T115
2014-04-10,740,T115
2014-04-11,740,T115
2014-04-12,741,T115
2014-04-13,739,T115
2014-04-14,737,T115
2014-04-15,737,T115
2014-04-16,738,T115
2014-04-17,737,T115
2014-04-18,738,T115
2014-04-19,738,T115
2014-04-20,741,T115
2014-04-21,747,T115
2014-04-22,765,T115
2014-04-23,771,T115
2014-04-24,784,T115
2014-04-25,787,T115
2014-04-26,784,T115
2014-04-27,784,T115
2014-04-28,784,T115
2014-04-29,765,T115
2014-04-30,775,T115
2014-05-01,769,T115
2014-05-02,765,T115
2014-05-03,762,T115
2014-05-04,784,T115
2014-05-05,849,T115
2014-05-06,825,T115
2014-05-07,804,T115
2014-05-08,802,T115
2014-05-09,803,T115
2014-05-10,804,T115
2014-05-11,803,T115
2014-05-12,805,T115
2014-05-13,800,T115
2014-05-14,797,T115
2014-05-15,797,T115
2014-05-16,797,T115
2014-05-17,800,T115
2014-05-18,800,T115
2014-05-19,799,T115
2014-05-20,811,T115
2014-05-21,806,T115
2014-05-22,804,T115
2014-05-23,804,T115
2014-05-24,804,T115
2014-05-25,804,T115
2014-05-26,809,T115
2014-05-27,811,T115
2014-05-28,810,T115
2014-05-29,810,T115
2014-05-30,849,T115
2014-05-31,886,T115
2014-06-01,908,T115
2014-06-02,1037,T115
2014-06-03,1101,T115
2014-06-04,1095,T115
2014-06-05,1100,T115
2014-06-06,1141,T115
2014-06-07,1044,T115
2014-06-08,1034,T115
2014-06-09,1087,T115
2014-06-10,1174,T115
2014-06-11,1113,T115
2014-06-12,1092,T115
2014-06-13,1087,T115
2014-06-14,1089,T115
2014-06-15,1099,T115
2014-06-16,1111,T115
2014-06-17,1191,T115
2014-06-18,1108,T115
2014-06-19,1109,T115
2014-06-20,1110,T115
2014-06-21,1108,T115
2014-06-22,1111,T115
2014-06-23,1109,T115
2014-06-24,1108,T115
2014-06-25,991,T115
2014-06-26,922,T115
2014-06-27,933,T115
2014-06-28,933,T115
2014-06-29,936,T115
2014-06-30,941,T115
2014-07-01,958,T115
2014-07-02,975,T115
2014-07-03,953,T115
2014-07-04,949,T115
2014-07-05,956,T115
2014-07-06,1034,T115
2014-07-07,1158,T115
2014-07-08,1158,T115
2014-07-09,1132,T115
2014-07-10,1117,T115
2014-07-11,1112,T115
2014-07-12,1109,T115
2014-07-13,1120,T115
2014-07-14,1203,T115
2014-07-15,1117,T115
2014-07-16,1130,T115
2014-07-17,1250,T115
2014-07-18,1299,T115
2014-07-19,1291,T115
2014-07-20,1279,T115
2014-07-21,1284,T115
2014-07-22,1372,T115
2014-07-23,1531,T115
2014-07-24,1540,T115
2014-07-25,1609,T115
2014-07-26,1705,T115
2014-07-27,1777,T115
2014-07-28,1724,T115
2014-07-29,1723,T115
2014-07-30,1642,T115
2014-07-31,1632,T115
2014-08-01,1631,T115
2014-08-02,1741,T115
2014-08-03,1903,T115
2014-08-04,1962,T115
2014-08-05,1937,T115
2014-08-06,1883,T115
2014-08-07,1883,T115
2014-08-08,1885,T115
2014-08-09,2260,T115
2014-08-10,2565,T115
2014-08-11,2319,T115
2014-08-12,2581,T115
2014-08-13,2390,T115
2014-08-14,1543,T115
2014-08-15,1441,T115
2014-08-16,1472,T115
2014-08-17,1427,T115
2014-08-18,1427,T115
2014-08-19,1426,T115
2014-08-20,1424,T115
2012-01-01,2047,T3
2012-01-02,524,T3
2012-01-03,810,T3
2012-01-04,1402,T3
2012-01-05,3996,T3
2012-01-06,275,T3
2012-01-07,2166,T3
2012-01-08,264,T3
2012-01-09,3235,T3
2012-01-10,2512,T3
2012-01-11,519,T3
2012-01-12,3260,T3
2012-01-13,1868,T3
2012-01-14,3581,T3
2012-01-15,2565,T3
2012-01-16,2661,T3
2012-01-17,632,T3
2012-01-18,624,T3
2012-01-19,544,T3
2012-01-20,808,T3
2012-01-21,1919,T3
2012-01-22,2823,T3
2012-01-23,2679,T3
2012-01-24,2688,T3
2012-01-25,5719,T3
2012-01-26,945,T3
2012-01-27,3860,T3
2012-01-28,1560,T3
2012-01-29,3087,T3
2012-01-30,3507,T3
2012-01-31,4305,T3
2012-02-01,4608,T3
2012-02-02,3530,T3
2012-02-03,4849,T3
2012-02-04,5397,T3
2012-02-05,5463,T3
2012-02-06,6523,T3
2012-02-07,3201,T3
2012-02-08,4643,T3
2012-02-09,5662,T3
2012-02-10,3921,T3
2012-02-11,7270,T3
2012-02-12,6919,T3
2012-02-13,3446,T3
2012-02-14,4961,T3
2012-02-15,5860,T3
2012-02-16,6014,T3
2012-02-17,4887,T3
2012-02-18,6222,T3
2012-02-19,3211,T3
2012-02-20,5635,T3
2012-02-21,5655,T3
2012-02-22,2529,T3
2012-02-23,6271,T3
2012-02-24,6522,T3
2012-02-25,7600,T3
2012-02-26,3856,T3
2012-02-27,4278,T3
2012-02-28,515,T3
2012-02-29,253,T3
2012-03-01,247,T3
2012-03-02,243,T3
2012-03-03,281,T3
2012-03-04,260,T3
2012-03-05,246,T3
2012-03-06,264,T3
2012-03-07,265,T3
2012-03-08,239,T3
2012-03-09,241,T3
2012-03-10,250,T3
2012-03-11,244,T3
2012-03-12,248,T3
2012-03-13,236,T3
2012-03-14,237,T3
2012-03-15,249,T3
2012-03-16,249,T3
2012-03-17,261,T3
2012-03-18,268,T3
2012-03-19,247,T3
2012-03-20,243,T3
2012-03-21,265,T3
2012-03-22,251,T3
2012-03-23,266,T3
2012-03-24,254,T3
2012-03-25,210,T3
2012-03-26,192,T3
2012-03-27,189,T3
2012-03-28,195,T3
2012-03-29,195,T3
2012-03-30,259,T3
2012-03-31,270,T3
2012-04-01,239,T3
2012-04-02,241,T3
2012-04-03,256,T3
2012-04-04,230,T3
2012-04-05,246,T3
2012-04-06,265,T3
2012-04-07,238,T3
2012-04-08,243,T3
2012-04-09,220,T3
2012-04-10,246,T3
2012-04-11,250,T3
2012-04-12,258,T3
2012-04-13,253,T3
2012-04-14,253,T3
2012-04-15,245,T3
2012-04-16,250,T3
2012-04-17,250,T3
2012-04-18,255,T3
2012-04-19,259,T3
2012-04-20,260,T3
2012-04-21,217,T3
2012-04-22,256,T3
2012-04-23,249,T3
2012-04-24,247,T3
2012-04-25,261,T3
2012-04-26,253,T3
2012-04-27,223,T3
2012-04-28,240,T3
2012-04-29,259,T3
2012-04-30,244,T3
2012-05-01,245,T3
2012-05-02,250,T3
2012-05-03,261,T3
2012-05-04,211,T3
2012-05-05,226,T3
2012-05-06,228,T3
2012-05-07,244,T3
2012-05-08,203,T3
2012-05-09,172,T3
2012-05-10,197,T3
2012-05-11,199,T3
2012-05-12,193,T3
2012-05-13,195,T3
2012-05-14,197,T3
2012-05-15,192,T3
2012-05-16,191,T3
2012-05-17,191,T3
2012-05-18,186,T3
2012-05-19,190,T3
2012-05-20,190,T3
2012-05-21,192,T3
2012-05-22,196,T3
2012-05-23,190,T3
2012-05-24,190,T3
2012-05-25,193,T3
2012-05-26,198,T3
2012-05-27,192,T3
2012-05-28,189,T3
2012-05-29,197,T3
2012-05-30,192,T3
2012-05-31,193,T3
2012-06-01,196,T3
2012-06-02,192,T3
2012-06-03,187,T3
2012-06-04,190,T3
2012-06-05,192,T3
2012-06-06,193,T3
2012-06-07,195,T3
2012-06-08,199,T3
2012-06-09,195,T3
2012-06-10,192,T3
2012-06-11,193,T3
2012-06-12,189,T3
2012-06-13,194,T3
2012-06-14,190,T3
2012-06-15,195,T3
2012-06-16,197,T3
2012-06-17,195,T3
2012-06-18,192,T3
2012-06-19,192,T3
2012-06-20,196,T3
2012-06-21,192,T3
2012-06-22,195,T3
2012-06-23,189,T3
2012-06-24,185,T3
2012-06-25,194,T3
2012-06-26,194,T3
2012-06-27,193,T3
2012-06-28,195,T3
2012-06-29,197,T3
2012-06-30,196,T3
2012-07-01,192,T3
2012-07-02,190,T3
2012-07-03,191,T3
2012-07-04,192,T3
2012-07-05,194,T3
2012-07-06,193,T3
2012-07-07,192,T3
2012-07-08,191,T3
2012-07-09,191,T3
2012-07-10,196,T3
2012-07-11,193,T3
2012-07-12,188,T3
2012-07-13,203,T3
2012-07-14,195,T3
2012-07-15,197,T3
2012-07-16,191,T3
2012-07-17,191,T3
2012-07-18,201,T3
2012-07-19,191,T3
2012-07-20,203,T3
2012-07-21,193,T3
2012-07-22,192,T3
2012-07-23,192,T3
2012-07-24,192,T3
2012-07-25,191,T3
2012-07-26,190,T3
2012-07-27,215,T3
2012-07-28,196,T3
2012-07-29,193,T3
2012-07-30,193,T3
2012-07-31,191,T3
2012-08-01,194,T3
2012-08-02,191,T3
2012-08-03,202,T3
2012-08-04,198,T3
2012-08-05,191,T3
2012-08-06,194,T3
2012-08-07,191,T3
2012-08-08,201,T3
2012-08-09,200,T3
2012-08-10,207,T3
2012-08-11,193,T3
2012-08-12,192,T3
2012-08-13,208,T3
2012-08-14,224,T3
2012-08-15,195,T3
2012-08-16,219,T3
2012-08-17,198,T3
2012-08-18,192,T3
2012-08-19,191,T3
2012-08-20,194,T3
2012-08-21,192,T3
2012-08-22,197,T3
2012-08-23,204,T3
2012-08-24,204,T3
2012-08-25,194,T3
2012-08-26,192,T3
2012-08-27,190,T3
2012-08-28,194,T3
2012-08-29,190,T3
2012-08-30,193,T3
2012-08-31,196,T3
2012-09-01,197,T3
2012-09-02,195,T3
2012-09-03,192,T3
2012-09-04,194,T3
2012-09-05,194,T3
2012-09-06,192,T3
2012-09-07,201,T3
2012-09-08,195,T3
2012-09-09,192,T3
2012-09-10,192,T3
2012-09-11,199,T3
2012-09-12,195,T3
2012-09-13,192,T3
2012-09-14,195,T3
2012-09-15,205,T3
2012-09-16,192,T3
2012-09-17,193,T3
2012-09-18,192,T3
2012-09-19,198,T3
2012-09-20,193,T3
2012-09-21,198,T3
2012-09-22,196,T3
2012-09-23,193,T3
2012-09-24,193,T3
2012-09-25,192,T3
2012-09-26,193,T3
2012-09-27,194,T3
2012-09-28,201,T3
2012-09-29,197,T3
2012-09-30,192,T3
2012-10-01,215,T3
2012-10-02,332,T3
2012-10-03,313,T3
2012-10-04,220,T3
2012-10-05,199,T3
2012-10-06,193,T3
2012-10-07,192,T3
2012-10-08,222,T3
2012-10-09,264,T3
2012-10-10,292,T3
2012-10-11,239,T3
2012-10-12,196,T3
2012-10-13,211,T3
2012-10-14,193,T3
2012-10-15,212,T3
2012-10-16,192,T3
2012-10-17,198,T3
2012-10-18,192,T3
2012-10-19,214,T3
2012-10-20,214,T3
2012-10-21,253,T3
2012-10-22,246,T3
2012-10-23,217,T3
2012-10-24,250,T3
2012-10-25,410,T3
2012-10-26,460,T3
2012-10-27,257,T3
2012-10-28,254,T3
2012-10-29,464,T3
2012-10-30,421,T3
2012-10-31,420,T3
2012-11-01,352,T3
2012-11-02,378,T3
2012-11-03,343,T3
2012-11-04,365,T3
2012-11-05,319,T3
2012-11-06,323,T3
2012-11-07,338,T3
2012-11-08,325,T3
2012-11-09,346,T3
2012-11-10,335,T3
2012-11-11,337,T3
2012-11-12,329,T3
2012-11-13,370,T3
2012-11-14,334,T3
2012-11-15,336,T3
2012-11-16,371,T3
2012-11-17,409,T3
2012-11-18,367,T3
2012-11-19,407,T3
2012-11-20,385,T3
2012-11-21,383,T3
2012-11-22,428,T3
2012-11-23,446,T3
2012-11-24,445,T3
2012-11-25,449,T3
2012-11-26,434,T3
2012-11-27,440,T3
2012-11-28,434,T3
2012-11-29,438,T3
2012-11-30,445,T3
2012-12-01,459,T3
2012-12-02,447,T3
2012-12-03,453,T3
2012-12-04,432,T3
2012-12-05,441,T3
2012-12-06,434,T3
2012-12-07,453,T3
2012-12-08,438,T3
2012-12-09,409,T3
2012-12-10,441,T3
2012-12-11,406,T3
2012-12-12,437,T3
2012-12-13,450,T3
2012-12-14,450,T3
2012-12-15,417,T3
2012-12-16,443,T3
2012-12-17,422,T3
2012-12-18,416,T3
2012-12-19,393,T3
2012-12-20,389,T3
2012-12-21,385,T3
2012-12-22,439,T3
2012-12-23,388,T3
2012-12-24,402,T3
2012-12-25,395,T3
2012-12-26,398,T3
2012-12-27,433,T3
2012-12-28,407,T3
2012-12-29,455,T3
2012-12-30,418,T3
2012-12-31,392,T3
2013-01-01,379,T3
2013-01-02,427,T3
2013-01-03,445,T3
2013-01-04,443,T3
2013-01-05,449,T3
2013-01-06,441,T3
2013-01-07,411,T3
2013-01-08,421,T3
2013-01-09,442,T3
2013-01-10,391,T3
2013-01-11,447,T3
2013-01-12,431,T3
2013-01-13,436,T3
2013-01-14,429,T3
2013-01-15,412,T3
2013-01-16,454,T3
2013-01-17,433,T3
2013-01-18,430,T3
2013-01-19,445,T3
2013-01-20,439,T3
2013-01-21,453,T3
2013-01-22,443,T3
2013-01-23,445,T3
2013-01-24,431,T3
2013-01-25,431,T3
2013-01-26,423,T3
2013-01-27,438,T3
2013-01-28,428,T3
2013-01-29,367,T3
2013-01-30,367,T3
2013-01-31,366,T3
2013-02-01,376,T3
2013-02-02,390,T3
2013-02-03,411,T3
2013-02-04,384,T3
2013-02-05,387,T3
2013-02-06,390,T3
2013-02-07,365,T3
2013-02-08,325,T3
2013-02-09,317,T3
2013-02-10,332,T3
2013-02-11,249,T3
2013-02-12,342,T3
2013-02-13,397,T3
2013-02-14,396,T3
2013-02-15,392,T3
2013-02-16,371,T3
2013-02-17,352,T3
2013-02-18,325,T3
2013-02-19,324,T3
2013-02-20,354,T3
2013-02-21,329,T3
2013-02-22,307,T3
2013-02-23,348,T3
2013-02-24,348,T3
2013-02-25,353,T3
2013-02-26,289,T3
2013-02-27,389,T3
2013-02-28,426,T3
2013-03-01,413,T3
2013-03-02,399,T3
2013-03-03,358,T3
2013-03-04,433,T3
2013-03-05,429,T3
2013-03-06,365,T3
2013-03-07,354,T3
2013-03-08,363,T3
2013-03-09,329,T3
2013-03-10,317,T3
2013-03-11,299,T3
2013-03-12,378,T3
2013-03-13,309,T3
2013-03-14,312,T3
2013-03-15,413,T3
2013-03-16,458,T3
2013-03-17,351,T3
2013-03-18,347,T3
2013-03-19,414,T3
2013-03-20,305,T3
2013-03-21,309,T3
2013-03-22,314,T3
2013-03-23,350,T3
2013-03-24,308,T3
2013-03-25,279,T3
2013-03-26,294,T3
2013-03-27,302,T3
2013-03-28,338,T3
2013-03-29,262,T3
2013-03-30,285,T3
2013-03-31,275,T3
2013-04-01,389,T3
2013-04-02,256,T3
2013-04-03,284,T3
2013-04-04,281,T3
2013-04-05,288,T3
2013-04-06,304,T3
2013-04-07,381,T3
2013-04-08,276,T3
2013-04-09,262,T3
2013-04-10,238,T3
2013-04-11,276,T3
2013-04-12,285,T3
2013-04-13,245,T3
2013-04-14,217,T3
2013-04-15,198,T3
2013-04-16,191,T3
2013-04-17,201,T3
2013-04-18,186,T3
2013-04-19,225,T3
2013-04-20,190,T3
2013-04-21,230,T3
2013-04-22,201,T3
2013-04-23,199,T3
2013-04-24,195,T3
2013-04-25,196,T3
2013-04-26,194,T3
2013-04-27,206,T3
2013-04-28,244,T3
2013-04-29,224,T3
2013-04-30,226,T3
2013-05-01,213,T3
2013-05-02,204,T3
2013-05-03,197,T3
2013-05-04,186,T3
2013-05-05,192,T3
2013-05-06,203,T3
2013-05-07,226,T3
2013-05-08,194,T3
2013-05-09,205,T3
2013-05-10,202,T3
2013-05-11,197,T3
2013-05-12,192,T3
2013-05-13,192,T3
2013-05-14,199,T3
2013-05-15,193,T3
2013-05-16,194,T3
2013-05-17,195,T3
2013-05-18,193,T3
2013-05-19,188,T3
2013-05-20,195,T3
2013-05-21,189,T3
2013-05-22,195,T3
2013-05-23,200,T3
2013-05-24,196,T3
2013-05-25,192,T3
2013-05-26,201,T3
2013-05-27,194,T3
2013-05-28,199,T3
2013-05-29,198,T3
2013-05-30,196,T3
2013-05-31,195,T3
2013-06-01,196,T3
2013-06-02,198,T3
2013-06-03,193,T3
2013-06-04,196,T3
2013-06-05,198,T3
2013-06-06,193,T3
2013-06-07,201,T3
2013-06-08,200,T3
2013-06-09,191,T3
2013-06-10,191,T3
2013-06-11,196,T3
2013-06-12,197,T3
2013-06-13,199,T3
2013-06-14,198,T3
2013-06-15,196,T3
2013-06-16,193,T3
2013-06-17,195,T3
2013-06-18,195,T3
2013-06-19,204,T3
2013-06-20,195,T3
2013-06-21,205,T3
2013-06-22,193,T3
2013-06-23,192,T3
2013-06-24,192,T3
2013-06-25,196,T3
2013-06-26,193,T3
2013-06-27,193,T3
2013-06-28,196,T3
2013-06-29,198,T3
2013-06-30,192,T3
2013-07-01,198,T3
2013-07-02,198,T3
2013-07-03,197,T3
2013-07-04,202,T3
2013-07-05,203,T3
2013-07-06,193,T3
2013-07-07,196,T3
2013-07-08,195,T3
2013-07-09,195,T3
2013-07-10,201,T3
2013-07-11,202,T3
2013-07-12,192,T3
2013-07-13,197,T3
2013-07-14,199,T3
2013-07-15,192,T3
2013-07-16,199,T3
2013-07-17,193,T3
2013-07-18,204,T3
2013-07-19,194,T3
2013-07-20,194,T3
2013-07-21,194,T3
2013-07-22,194,T3
2013-07-23,193,T3
2013-07-24,202,T3
2013-07-25,193,T3
2013-07-26,203,T3
2013-07-27,198,T3
2013-07-28,194,T3
2013-07-29,195,T3
2013-07-30,196,T3
2013-07-31,200,T3
2013-08-01,198,T3
2013-08-02,196,T3
2013-08-03,198,T3
2013-08-04,193,T3
2013-08-05,198,T3
2013-08-06,194,T3
2013-08-07,200,T3
2013-08-08,197,T3
2013-08-09,199,T3
2013-08-10,194,T3
2013-08-11,196,T3
2013-08-12,196,T3
2013-08-13,195,T3
2013-08-14,192,T3
2013-08-15,198,T3
2013-08-16,196,T3
2013-08-17,195,T3
2013-08-18,195,T3
2013-08-19,197,T3
2013-08-20,196,T3
2013-08-21,192,T3
2013-08-22,192,T3
2013-08-23,196,T3
2013-08-24,192,T3
2013-08-25,193,T3
2013-08-26,199,T3
2013-08-27,195,T3
2013-08-28,194,T3
2013-08-29,195,T3
2013-08-30,197,T3
2013-08-31,207,T3
2013-09-01,196,T3
2013-09-02,198,T3
2013-09-03,198,T3
2013-09-04,197,T3
2013-09-05,201,T3
2013-09-06,200,T3
2013-09-07,204,T3
2013-09-08,195,T3
2013-09-09,194,T3
2013-09-10,200,T3
2013-09-11,194,T3
2013-09-12,199,T3
2013-09-13,192,T3
2013-09-14,198,T3
2013-09-15,198,T3
2013-09-16,193,T3
2013-09-17,196,T3
2013-09-18,195,T3
2013-09-19,190,T3
2013-09-20,201,T3
2013-09-21,193,T3
2013-09-22,193,T3
2013-09-23,192,T3
2013-09-24,194,T3
2013-09-25,190,T3
2013-09-26,193,T3
2013-09-27,202,T3
2013-09-28,195,T3
2013-09-29,203,T3
2013-09-30,197,T3
2013-10-01,221,T3
2013-10-02,193,T3
2013-10-03,193,T3
2013-10-04,198,T3
2013-10-05,189,T3
2013-10-06,188,T3
2013-10-07,190,T3
2013-10-08,188,T3
2013-10-09,183,T3
2013-10-10,185,T3
2013-10-11,202,T3
2013-10-12,195,T3
2013-10-13,187,T3
2013-10-14,191,T3
2013-10-15,193,T3
2013-10-16,192,T3
2013-10-17,192,T3
2013-10-18,196,T3
2013-10-19,204,T3
2013-10-20,191,T3
2013-10-21,183,T3
2013-10-22,190,T3
2013-10-23,192,T3
2013-10-24,191,T3
2013-10-25,188,T3
2013-10-26,204,T3
2013-10-27,198,T3
2013-10-28,185,T3
2013-10-29,190,T3
2013-10-30,192,T3
2013-10-31,191,T3
2013-11-01,188,T3
2013-11-02,204,T3
2013-11-03,198,T3
2013-11-04,185,T3
2013-11-05,190,T3
2013-11-06,192,T3
2013-11-07,191,T3
2013-11-08,188,T3
2013-11-09,204,T3
2013-11-10,198,T3
2013-11-11,185,T3
2013-11-12,190,T3
2013-11-13,192,T3
2013-11-14,191,T3
2013-11-15,188,T3
2013-11-16,204,T3
2013-11-17,198,T3
2013-11-18,185,T3
2013-11-19,190,T3
2013-11-20,192,T3
2013-11-21,191,T3
2013-11-22,188,T3
2013-11-23,204,T3
2013-11-24,198,T3
2013-11-25,185,T3
2013-11-26,190,T3
2013-11-27,192,T3
2013-11-28,191,T3
2013-11-29,188,T3
2013-11-30,204,T3
2013-12-01,198,T3
2013-12-02,185,T3
2013-12-03,190,T3
2013-12-04,192,T3
2013-12-05,191,T3
2013-12-06,188,T3
2013-12-07,204,T3
2013-12-08,198,T3
2013-12-09,185,T3
2013-12-10,190,T3
2013-12-11,192,T3
2013-12-12,191,T3
2013-12-13,188,T3
2013-12-14,204,T3
2013-12-15,198,T3
2013-12-16,185,T3
2013-12-17,190,T3
2013-12-18,192,T3
2013-12-19,191,T3
2013-12-20,188,T3
2013-12-21,204,T3
2013-12-22,198,T3
2013-12-23,185,T3
2013-12-24,190,T3
2013-12-25,2,T3
2013-12-26,189,T3
2013-12-27,188,T3
2013-12-28,204,T3
2013-12-29,198,T3
2013-12-30,185,T3
2013-12-31,190,T3
2014-01-01,2,T3
2014-01-02,189,T3
2014-01-03,188,T3
2014-01-04,204,T3
2014-01-05,198,T3
2014-01-06,185,T3
2014-01-07,190,T3
2014-01-08,192,T3
2014-01-09,191,T3
2014-01-10,188,T3
2014-01-11,204,T3
2014-01-12,198,T3
2014-01-13,185,T3
2014-01-14,190,T3
2014-01-15,192,T3
2014-01-16,191,T3
2014-01-17,188,T3
2014-01-18,204,T3
2014-01-19,198,T3
2014-01-20,185,T3
2014-01-21,190,T3
2014-01-22,192,T3
2014-01-23,191,T3
2014-01-24,188,T3
2014-01-25,204,T3
2014-01-26,198,T3
2014-01-27,185,T3
2014-01-28,190,T3
2014-01-29,192,T3
2014-01-30,191,T3
2014-01-31,188,T3
2014-02-01,204,T3
2014-02-02,198,T3
2014-02-03,185,T3
2014-02-04,190,T3
2014-02-05,192,T3
2014-02-06,191,T3
2014-02-07,188,T3
2014-02-08,204,T3
2014-02-09,198,T3
2014-02-10,185,T3
2014-02-11,190,T3
2014-02-12,192,T3
2014-02-13,191,T3
2014-02-14,188,T3
2014-02-15,204,T3
2014-02-16,198,T3
2014-02-17,185,T3
2014-02-18,190,T3
2014-02-19,192,T3
2014-02-20,191,T3
2014-02-21,188,T3
2014-02-22,204,T3
2014-02-23,198,T3
2014-02-24,185,T3
2014-02-25,190,T3
2014-02-26,192,T3
2014-02-27,191,T3
2014-02-28,188,T3
2014-03-01,204,T3
2014-03-02,198,T3
2014-03-03,185,T3
2014-03-04,190,T3
2014-03-05,192,T3
2014-03-06,191,T3
2014-03-07,188,T3
2014-03-08,204,T3
2014-03-09,198,T3
2014-03-10,185,T3
2014-03-11,190,T3
2014-03-12,192,T3
2014-03-13,191,T3
2014-03-14,188,T3
2014-03-15,204,T3
2014-03-16,198,T3
2014-03-17,185,T3
2014-03-18,190,T3
2014-03-19,192,T3
2014-03-20,191,T3
2014-03-21,188,T3
2014-03-22,204,T3
2014-03-23,198,T3
2014-03-24,185,T3
2014-03-25,190,T3
2014-03-26,192,T3
2014-03-27,191,T3
2014-03-28,188,T3
2014-03-29,204,T3
2014-03-30,174,T3
2014-03-31,185,T3
2014-04-01,190,T3
2014-04-02,192,T3
2014-04-03,191,T3
2014-04-04,188,T3
2014-04-05,204,T3
2014-04-06,174,T3
2014-04-07,185,T3
2014-04-08,190,T3
2014-04-09,192,T3
2014-04-10,191,T3
2014-04-11,188,T3
2014-04-12,204,T3
2014-04-13,174,T3
2014-04-14,185,T3
2014-04-15,190,T3
2014-04-16,192,T3
2014-04-17,191,T3
2014-04-18,188,T3
2014-04-19,204,T3
2014-04-20,174,T3
2014-04-21,185,T3
2014-04-22,190,T3
2014-04-23,192,T3
2014-04-24,191,T3
2014-04-25,188,T3
2014-04-26,204,T3
2014-04-27,174,T3
2014-04-28,185,T3
2014-04-29,190,T3
2014-04-30,192,T3
2014-05-01,191,T3
2014-05-02,188,T3
2014-05-03,204,T3
2014-05-04,174,T3
2014-05-05,185,T3
2014-05-06,190,T3
2014-05-07,192,T3
2014-05-08,191,T3
2014-05-09,188,T3
2014-05-10,204,T3
2014-05-11,174,T3
2014-05-12,185,T3
2014-05-13,190,T3
2014-05-14,192,T3
2014-05-15,191,T3
2014-05-16,188,T3
2014-05-17,204,T3
2014-05-18,174,T3
2014-05-19,185,T3
2014-05-20,190,T3
2014-05-21,192,T3
2014-05-22,191,T3
2014-05-23,188,T3
2014-05-24,204,T3
2014-05-25,174,T3
2014-05-26,185,T3
2014-05-27,190,T3
2014-05-28,192,T3
2014-05-29,191,T3
2014-05-30,188,T3
2014-05-31,204,T3
2014-06-01,174,T3
2014-06-02,185,T3
2014-06-03,190,T3
2014-06-04,192,T3
2014-06-05,191,T3
2014-06-06,188,T3
2014-06-07,204,T3
2014-06-08,174,T3
2014-06-09,185,T3
2014-06-10,190,T3
2014-06-11,192,T3
2014-06-12,191,T3
2014-06-13,188,T3
2014-06-14,204,T3
2014-06-15,174,T3
2014-06-16,185,T3
2014-06-17,190,T3
2014-06-18,192,T3
2014-06-19,191,T3
2014-06-20,188,T3
2014-06-21,204,T3
2014-06-22,174,T3
2014-06-23,185,T3
2014-06-24,190,T3
2014-06-25,192,T3
2014-06-26,191,T3
2014-06-27,188,T3
2014-06-28,204,T3
2014-06-29,174,T3
2014-06-30,185,T3
2014-07-01,190,T3
2014-07-02,192,T3
2014-07-03,191,T3
2014-07-04,188,T3
2014-07-05,204,T3
2014-07-06,174,T3
2014-07-07,185,T3
2014-07-08,190,T3
2014-07-09,192,T3
2014-07-10,191,T3
2014-07-11,188,T3
2014-07-12,204,T3
2014-07-13,174,T3
2014-07-14,185,T3
2014-07-15,190,T3
2014-07-16,192,T3
2014-07-17,191,T3
2014-07-18,188,T3
2014-07-19,204,T3
2014-07-20,174,T3
2014-07-21,185,T3
2014-07-22,190,T3
2014-07-23,192,T3
2014-07-24,191,T3
2014-07-25,188,T3
2014-07-26,204,T3
2014-07-27,174,T3
2014-07-28,185,T3
2014-07-29,190,T3
2014-07-30,192,T3
2014-07-31,191,T3
2014-08-01,188,T3
2014-08-02,204,T3
2014-08-03,174,T3
2014-08-04,185,T3
2014-08-05,190,T3
2014-08-06,192,T3
2014-08-07,191,T3
2014-08-08,188,T3
2014-08-09,204,T3
2014-08-10,174,T3
2014-08-11,185,T3
2014-08-12,190,T3
2014-08-13,192,T3
2014-08-14,191,T3
2014-08-15,188,T3
2014-08-16,204,T3
2014-08-17,174,T3
2014-08-18,185,T3
2014-08-19,190,T3
2014-08-20,192,T3
2012-01-01,1214,T30
2012-01-02,3743,T30
2012-01-03,4087,T30
2012-01-04,4391,T30
2012-01-05,3906,T30
2012-01-06,3862,T30
2012-01-07,1976,T30
2012-01-08,1597,T30
2012-01-09,4003,T30
2012-01-10,3816,T30
2012-01-11,3761,T30
2012-01-12,3557,T30
2012-01-13,3609,T30
2012-01-14,2247,T30
2012-01-15,1704,T30
2012-01-16,3778,T30
2012-01-17,4198,T30
2012-01-18,4406,T30
2012-01-19,4532,T30
2012-01-20,4339,T30
2012-01-21,2337,T30
2012-01-22,1185,T30
2012-01-23,4038,T30
2012-01-24,4652,T30
2012-01-25,4126,T30
2012-01-26,4011,T30
2012-01-27,4047,T30
2012-01-28,2317,T30
2012-01-29,1757,T30
2012-01-30,4030,T30
2012-01-31,4113,T30
2012-02-01,4017,T30
2012-02-02,4407,T30
2012-02-03,4651,T30
2012-02-04,1912,T30
2012-02-05,1615,T30
2012-02-06,4405,T30
2012-02-07,3837,T30
2012-02-08,4277,T30
2012-02-09,4654,T30
2012-02-10,3946,T30
2012-02-11,2137,T30
2012-02-12,1556,T30
2012-02-13,4100,T30
2012-02-14,4355,T30
2012-02-15,4121,T30
2012-02-16,4318,T30
2012-02-17,4596,T30
2012-02-18,2128,T30
2012-02-19,1467,T30
2012-02-20,4037,T30
2012-02-21,2032,T30
2012-02-22,4398,T30
2012-02-23,4369,T30
2012-02-24,3996,T30
2012-02-25,1801,T30
2012-02-26,1154,T30
2012-02-27,3727,T30
2012-02-28,4131,T30
2012-02-29,4271,T30
2012-03-01,4032,T30
2012-03-02,3828,T30
2012-03-03,1990,T30
2012-03-04,1564,T30
2012-03-05,3851,T30
2012-03-06,4064,T30
2012-03-07,3843,T30
2012-03-08,4171,T30
2012-03-09,3909,T30
2012-03-10,1845,T30
2012-03-11,1303,T30
2012-03-12,3874,T30
2012-03-13,3499,T30
2012-03-14,4200,T30
2012-03-15,4476,T30
2012-03-16,4344,T30
2012-03-17,1574,T30
2012-03-18,1170,T30
2012-03-19,3689,T30
2012-03-20,3994,T30
2012-03-21,3394,T30
2012-03-22,3308,T30
2012-03-23,3597,T30
2012-03-24,1709,T30
2012-03-25,1157,T30
2012-03-26,3430,T30
2012-03-27,4041,T30
2012-03-28,3821,T30
2012-03-29,3846,T30
2012-03-30,4292,T30
2012-03-31,1841,T30
2012-04-01,1223,T30
2012-04-02,3584,T30
2012-04-03,4019,T30
2012-04-04,4308,T30
2012-04-05,3951,T30
2012-04-06,3260,T30
2012-04-07,1550,T30
2012-04-08,1154,T30
2012-04-09,1321,T30
2012-04-10,3632,T30
2012-04-11,3470,T30
2012-04-12,3510,T30
2012-04-13,4127,T30
2012-04-14,2016,T30
2012-04-15,1574,T30
2012-04-16,4429,T30
2012-04-17,5090,T30
2012-04-18,5156,T30
2012-04-19,5087,T30
2012-04-20,4689,T30
2012-04-21,3325,T30
2012-04-22,2247,T30
2012-04-23,4320,T30
2012-04-24,4226,T30
2012-04-25,1998,T30
2012-04-26,4359,T30
2012-04-27,5082,T30
2012-04-28,3524,T30
2012-04-29,2780,T30
2012-04-30,3502,T30
2012-05-01,2075,T30
2012-05-02,4579,T30
2012-05-03,5452,T30
2012-05-04,5158,T30
2012-05-05,2037,T30
2012-05-06,1186,T30
2012-05-07,4526,T30
2012-05-08,4758,T30
2012-05-09,4598,T30
2012-05-10,4510,T30
2012-05-11,3891,T30
2012-05-12,2094,T30
2012-05-13,1783,T30
2012-05-14,3723,T30
2012-05-15,3737,T30
2012-05-16,3560,T30
2012-05-17,3963,T30
2012-05-18,3735,T30
2012-05-19,2024,T30
2012-05-20,1576,T30
2012-05-21,3431,T30
2012-05-22,3090,T30
2012-05-23,3292,T30
2012-05-24,3678,T30
2012-05-25,3691,T30
2012-05-26,2000,T30
2012-05-27,1603,T30
2012-05-28,3591,T30
2012-05-29,3820,T30
2012-05-30,4059,T30
2012-05-31,4418,T30
2012-06-01,4075,T30
2012-06-02,1985,T30
2012-06-03,1355,T30
2012-06-04,3472,T30
2012-06-05,3932,T30
2012-06-06,4339,T30
2012-06-07,2155,T30
2012-06-08,3769,T30
2012-06-09,1975,T30
2012-06-10,1368,T30
2012-06-11,3831,T30
2012-06-12,3985,T30
2012-06-13,2455,T30
2012-06-14,4452,T30
2012-06-15,4557,T30
2012-06-16,2038,T30
2012-06-17,1355,T30
2012-06-18,3524,T30
2012-06-19,3816,T30
2012-06-20,3341,T30
2012-06-21,3669,T30
2012-06-22,3826,T30
2012-06-23,1774,T30
2012-06-24,1630,T30
2012-06-25,4831,T30
2012-06-26,5840,T30
2012-06-27,6016,T30
2012-06-28,5825,T30
2012-06-29,5328,T30
2012-06-30,6035,T30
2012-07-01,5731,T30
2012-07-02,7161,T30
2012-07-03,5886,T30
2012-07-04,6045,T30
2012-07-05,5805,T30
2012-07-06,4782,T30
2012-07-07,2095,T30
2012-07-08,1766,T30
2012-07-09,3857,T30
2012-07-10,4336,T30
2012-07-11,3950,T30
2012-07-12,3926,T30
2012-07-13,3979,T30
2012-07-14,2165,T30
2012-07-15,1663,T30
2012-07-16,4131,T30
2012-07-17,4774,T30
2012-07-18,4648,T30
2012-07-19,4211,T30
2012-07-20,3850,T30
2012-07-21,1884,T30
2012-07-22,1499,T30
2012-07-23,4586,T30
2012-07-24,6521,T30
2012-07-25,5034,T30
2012-07-26,6190,T30
2012-07-27,6412,T30
2012-07-28,3975,T30
2012-07-29,1459,T30
2012-07-30,5702,T30
2012-07-31,4614,T30
2012-08-01,4337,T30
2012-08-02,4133,T30
2012-08-03,4222,T30
2012-08-04,1667,T30
2012-08-05,1399,T30
2012-08-06,2660,T30
2012-08-07,2461,T30
2012-08-08,2474,T30
2012-08-09,2555,T30
2012-08-10,2553,T30
2012-08-11,1533,T30
2012-08-12,1369,T30
2012-08-13,2304,T30
2012-08-14,2848,T30
2012-08-15,1707,T30
2012-08-16,2464,T30
2012-08-17,2261,T30
2012-08-18,1633,T30
2012-08-19,1444,T30
2012-08-20,2580,T30
2012-08-21,2456,T30
2012-08-22,2413,T30
2012-08-23,2563,T30
2012-08-24,2434,T30
2012-08-25,1530,T30
2012-08-26,1396,T30
2012-08-27,3040,T30
2012-08-28,3866,T30
2012-08-29,4098,T30
2012-08-30,3482,T30
2012-08-31,3677,T30
2012-09-01,2312,T30
2012-09-02,1763,T30
2012-09-03,3742,T30
2012-09-04,4393,T30
2012-09-05,4531,T30
2012-09-06,4695,T30
2012-09-07,3966,T30
2012-09-08,1813,T30
2012-09-09,1571,T30
2012-09-10,3807,T30
2012-09-11,4375,T30
2012-09-12,4379,T30
2012-09-13,4893,T30
2012-09-14,4368,T30
2012-09-15,2149,T30
2012-09-16,1498,T30
2012-09-17,3674,T30
2012-09-18,4238,T30
2012-09-19,4612,T30
2012-09-20,4483,T30
2012-09-21,4521,T30
2012-09-22,2868,T30
2012-09-23,1857,T30
2012-09-24,4534,T30
2012-09-25,4694,T30
2012-09-26,4262,T30
2012-09-27,4420,T30
2012-09-28,4141,T30
2012-09-29,2288,T30
2012-09-30,1743,T30
2012-10-01,3580,T30
2012-10-02,4046,T30
2012-10-03,4359,T30
2012-10-04,4138,T30
2012-10-05,2157,T30
2012-10-06,2015,T30
2012-10-07,1491,T30
2012-10-08,4026,T30
2012-10-09,4330,T30
2012-10-10,3831,T30
2012-10-11,4324,T30
2012-10-12,3898,T30
2012-10-13,2033,T30
2012-10-14,1734,T30
2012-10-15,3623,T30
2012-10-16,4281,T30
2012-10-17,3863,T30
2012-10-18,3714,T30
2012-10-19,3384,T30
2012-10-20,1677,T30
2012-10-21,1324,T30
2012-10-22,3795,T30
2012-10-23,4184,T30
2012-10-24,4421,T30
2012-10-25,4080,T30
2012-10-26,3843,T30
2012-10-27,1749,T30
2012-10-28,1376,T30
2012-10-29,3954,T30
2012-10-30,3898,T30
2012-10-31,3905,T30
2012-11-01,2084,T30
2012-11-02,4024,T30
2012-11-03,2167,T30
2012-11-04,1597,T30
2012-11-05,3878,T30
2012-11-06,4215,T30
2012-11-07,4206,T30
2012-11-08,4237,T30
2012-11-09,4380,T30
2012-11-10,2086,T30
2012-11-11,1719,T30
2012-11-12,4120,T30
2012-11-13,4598,T30
2012-11-14,4221,T30
2012-11-15,4012,T30
2012-11-16,4436,T30
2012-11-17,2764,T30
2012-11-18,2273,T30
2012-11-19,4705,T30
2012-11-20,4253,T30
2012-11-21,4649,T30
2012-11-22,4722,T30
2012-11-23,4499,T30
2012-11-24,2903,T30
2012-11-25,1853,T30
2012-11-26,3976,T30
2012-11-27,4331,T30
2012-11-28,4086,T30
2012-11-29,4503,T30
2012-11-30,4161,T30
2012-12-01,1704,T30
2012-12-02,1502,T30
2012-12-03,3709,T30
2012-12-04,3784,T30
2012-12-05,4144,T30
2012-12-06,4176,T30
2012-12-07,3797,T30
2012-12-08,1727,T30
2012-12-09,1346,T30
2012-12-10,4317,T30
2012-12-11,4499,T30
2012-12-12,4721,T30
2012-12-13,5078,T30
2012-12-14,4238,T30
2012-12-15,1910,T30
2012-12-16,1411,T30
2012-12-17,4164,T30
2012-12-18,4285,T30
2012-12-19,4690,T30
2012-12-20,4584,T30
2012-12-21,3615,T30
2012-12-22,1244,T30
2012-12-23,1084,T30
2012-12-24,1358,T30
2012-12-25,1033,T30
2012-12-26,3849,T30
2012-12-27,4279,T30
2012-12-28,4004,T30
2012-12-29,1706,T30
2012-12-30,1518,T30
2012-12-31,1637,T30
2013-01-01,1508,T30
2013-01-02,3707,T30
2013-01-03,4118,T30
2013-01-04,3823,T30
2013-01-05,2060,T30
2013-01-06,1541,T30
2013-01-07,4164,T30
2013-01-08,4388,T30
2013-01-09,4283,T30
2013-01-10,4055,T30
2013-01-11,3764,T30
2013-01-12,1899,T30
2013-01-13,1307,T30
2013-01-14,3574,T30
2013-01-15,3857,T30
2013-01-16,4119,T30
2013-01-17,3700,T30
2013-01-18,3817,T30
2013-01-19,1510,T30
2013-01-20,1083,T30
2013-01-21,3770,T30
2013-01-22,4247,T30
2013-01-23,3838,T30
2013-01-24,3541,T30
2013-01-25,4066,T30
2013-01-26,1920,T30
2013-01-27,1511,T30
2013-01-28,4167,T30
2013-01-29,4181,T30
2013-01-30,4165,T30
2013-01-31,4157,T30
2013-02-01,4027,T30
2013-02-02,2011,T30
2013-02-03,1580,T30
2013-02-04,3887,T30
2013-02-05,3891,T30
2013-02-06,3775,T30
2013-02-07,3848,T30
2013-02-08,3619,T30
2013-02-09,1566,T30
2013-02-10,1223,T30
2013-02-11,2470,T30
2013-02-12,1534,T30
2013-02-13,3618,T30
2013-02-14,3781,T30
2013-02-15,4082,T30
2013-02-16,1932,T30
2013-02-17,1325,T30
2013-02-18,3887,T30
2013-02-19,3516,T30
2013-02-20,3629,T30
2013-02-21,4072,T30
2013-02-22,3848,T30
2013-02-23,1592,T30
2013-02-24,1172,T30
2013-02-25,3306,T30
2013-02-26,3667,T30
2013-02-27,3460,T30
2013-02-28,3693,T30
2013-03-01,3893,T30
2013-03-02,1986,T30
2013-03-03,1610,T30
2013-03-04,3809,T30
2013-03-05,4024,T30
2013-03-06,3743,T30
2013-03-07,3871,T30
2013-03-08,3898,T30
2013-03-09,1674,T30
2013-03-10,1241,T30
2013-03-11,3394,T30
2013-03-12,3181,T30
2013-03-13,3424,T30
2013-03-14,3281,T30
2013-03-15,3724,T30
2013-03-16,1704,T30
2013-03-17,1347,T30
2013-03-18,3599,T30
2013-03-19,3324,T30
2013-03-20,3900,T30
2013-03-21,3567,T30
2013-03-22,3697,T30
2013-03-23,1616,T30
2013-03-24,1225,T30
2013-03-25,3830,T30
2013-03-26,4100,T30
2013-03-27,3899,T30
2013-03-28,3727,T30
2013-03-29,2566,T30
2013-03-30,1440,T30
2013-03-31,1085,T30
2013-04-01,1986,T30
2013-04-02,3408,T30
2013-04-03,3369,T30
2013-04-04,3532,T30
2013-04-05,3682,T30
2013-04-06,1654,T30
2013-04-07,1291,T30
2013-04-08,3935,T30
2013-04-09,4128,T30
2013-04-10,3843,T30
2013-04-11,4311,T30
2013-04-12,3490,T30
2013-04-13,1458,T30
2013-04-14,1199,T30
2013-04-15,3534,T30
2013-04-16,3467,T30
2013-04-17,3391,T30
2013-04-18,3531,T30
2013-04-19,3048,T30
2013-04-20,1605,T30
2013-04-21,1214,T30
2013-04-22,3381,T30
2013-04-23,3389,T30
2013-04-24,3315,T30
2013-04-25,1455,T30
2013-04-26,2300,T30
2013-04-27,1509,T30
2013-04-28,1087,T30
2013-04-29,3425,T30
2013-04-30,4508,T30
2013-05-01,2503,T30
2013-05-02,4410,T30
2013-05-03,3873,T30
2013-05-04,2834,T30
2013-05-05,1708,T30
2013-05-06,3786,T30
2013-05-07,4705,T30
2013-05-08,4693,T30
2013-05-09,5091,T30
2013-05-10,4757,T30
2013-05-11,2130,T30
2013-05-12,1860,T30
2013-05-13,3376,T30
2013-05-14,4146,T30
2013-05-15,4499,T30
2013-05-16,3806,T30
2013-05-17,4312,T30
2013-05-18,3843,T30
2013-05-19,2585,T30
2013-05-20,3914,T30
2013-05-21,3625,T30
2013-05-22,3081,T30
2013-05-23,3880,T30
2013-05-24,4113,T30
2013-05-25,2273,T30
2013-05-26,1209,T30
2013-05-27,3892,T30
2013-05-28,4535,T30
2013-05-29,4459,T30
2013-05-30,4634,T30
2013-05-31,4622,T30
2013-06-01,2555,T30
2013-06-02,1473,T30
2013-06-03,3289,T30
2013-06-04,3968,T30
2013-06-05,3469,T30
2013-06-06,3243,T30
2013-06-07,3705,T30
2013-06-08,1824,T30
2013-06-09,1365,T30
2013-06-10,1191,T30
2013-06-11,3409,T30
2013-06-12,3870,T30
2013-06-13,2706,T30
2013-06-14,3888,T30
2013-06-15,1735,T30
2013-06-16,1205,T30
2013-06-17,3492,T30
2013-06-18,3350,T30
2013-06-19,3769,T30
2013-06-20,3551,T30
2013-06-21,3960,T30
2013-06-22,2354,T30
2013-06-23,1568,T30
2013-06-24,3713,T30
2013-06-25,3923,T30
2013-06-26,3810,T30
2013-06-27,3720,T30
2013-06-28,3642,T30
2013-06-29,2141,T30
2013-06-30,1947,T30
2013-07-01,3772,T30
2013-07-02,4142,T30
2013-07-03,4204,T30
2013-07-04,4481,T30
2013-07-05,4663,T30
2013-07-06,3277,T30
2013-07-07,3296,T30
2013-07-08,5197,T30
2013-07-09,5658,T30
2013-07-10,4975,T30
2013-07-11,4678,T30
2013-07-12,4672,T30
2013-07-13,2039,T30
2013-07-14,1788,T30
2013-07-15,4236,T30
2013-07-16,4885,T30
2013-07-17,6249,T30
2013-07-18,4925,T30
2013-07-19,4373,T30
2013-07-20,1848,T30
2013-07-21,1560,T30
2013-07-22,4310,T30
2013-07-23,4539,T30
2013-07-24,4305,T30
2013-07-25,3891,T30
2013-07-26,3654,T30
2013-07-27,1440,T30
2013-07-28,1087,T30
2013-07-29,3799,T30
2013-07-30,3620,T30
2013-07-31,3528,T30
2013-08-01,4262,T30
2013-08-02,4594,T30
2013-08-03,1599,T30
2013-08-04,1084,T30
2013-08-05,4157,T30
2013-08-06,3479,T30
2013-08-07,3821,T30
2013-08-08,3185,T30
2013-08-09,4403,T30
2013-08-10,1475,T30
2013-08-11,1199,T30
2013-08-12,3773,T30
2013-08-13,4024,T30
2013-08-14,4155,T30
2013-08-15,2925,T30
2013-08-16,3253,T30
2013-08-17,1307,T30
2013-08-18,1175,T30
2013-08-19,3718,T30
2013-08-20,3618,T30
2013-08-21,3906,T30
2013-08-22,3728,T30
2013-08-23,3732,T30
2013-08-24,1621,T30
2013-08-25,1168,T30
2013-08-26,3702,T30
2013-08-27,3789,T30
2013-08-28,3926,T30
2013-08-29,3041,T30
2013-08-30,3166,T30
2013-08-31,1481,T30
2013-09-01,1314,T30
2013-09-02,4365,T30
2013-09-03,4772,T30
2013-09-04,4832,T30
2013-09-05,4526,T30
2013-09-06,4074,T30
2013-09-07,2382,T30
2013-09-08,1723,T30
2013-09-09,4812,T30
2013-09-10,4497,T30
2013-09-11,4759,T30
2013-09-12,4806,T30
2013-09-13,6049,T30
2013-09-14,3739,T30
2013-09-15,2697,T30
2013-09-16,5059,T30
2013-09-17,6105,T30
2013-09-18,5146,T30
2013-09-19,4002,T30
2013-09-20,5803,T30
2013-09-21,3486,T30
2013-09-22,1386,T30
2013-09-23,6225,T30
2013-09-24,6110,T30
2013-09-25,6304,T30
2013-09-26,7643,T30
2013-09-27,6036,T30
2013-09-28,3895,T30
2013-09-29,2758,T30
2013-09-30,5620,T30
2013-10-01,6477,T30
2013-10-02,5847,T30
2013-10-03,5762,T30
2013-10-04,5618,T30
2013-10-05,3796,T30
2013-10-06,3132,T30
2013-10-07,5349,T30
2013-10-08,6451,T30
2013-10-09,6361,T30
2013-10-10,5789,T30
2013-10-11,5618,T30
2013-10-12,4133,T30
2013-10-13,2381,T30
2013-10-14,5814,T30
2013-10-15,6426,T30
2013-10-16,6364,T30
2013-10-17,7099,T30
2013-10-18,6036,T30
2013-10-19,3729,T30
2013-10-20,1201,T30
2013-10-21,6060,T30
2013-10-22,6460,T30
2013-10-23,6877,T30
2013-10-24,6355,T30
2013-10-25,5410,T30
2013-10-26,4586,T30
2013-10-27,1880,T30
2013-10-28,5891,T30
2013-10-29,5393,T30
2013-10-30,5340,T30
2013-10-31,5451,T30
2013-11-01,5710,T30
2013-11-02,2246,T30
2013-11-03,1146,T30
2013-11-04,4818,T30
2013-11-05,5852,T30
2013-11-06,5117,T30
2013-11-07,4902,T30
2013-11-08,4014,T30
2013-11-09,2148,T30
2013-11-10,1768,T30
2013-11-11,4128,T30
2013-11-12,4469,T30
2013-11-13,5225,T30
2013-11-14,4416,T30
2013-11-15,4268,T30
2013-11-16,2211,T30
2013-11-17,1768,T30
2013-11-18,4293,T30
2013-11-19,4248,T30
2013-11-20,4021,T30
2013-11-21,4275,T30
2013-11-22,3967,T30
2013-11-23,2370,T30
2013-11-24,1890,T30
2013-11-25,3869,T30
2013-11-26,4131,T30
2013-11-27,4010,T30
2013-11-28,3711,T30
2013-11-29,3911,T30
2013-11-30,1960,T30
2013-12-01,1263,T30
2013-12-02,4271,T30
2013-12-03,4686,T30
2013-12-04,4460,T30
2013-12-05,4653,T30
2013-12-06,4584,T30
2013-12-07,1951,T30
2013-12-08,1641,T30
2013-12-09,4911,T30
2013-12-10,4740,T30
2013-12-11,5433,T30
2013-12-12,5415,T30
2013-12-13,4600,T30
2013-12-14,2915,T30
2013-12-15,2031,T30
2013-12-16,4854,T30
2013-12-17,4879,T30
2013-12-18,5197,T30
2013-12-19,5086,T30
2013-12-20,5024,T30
2013-12-21,2850,T30
2013-12-22,1536,T30
2013-12-23,3003,T30
2013-12-24,1505,T30
2013-12-25,1013,T30
2013-12-26,4715,T30
2013-12-27,4747,T30
2013-12-28,1878,T30
2013-12-29,1045,T30
2013-12-30,2919,T30
2013-12-31,1875,T30
2014-01-01,1066,T30
2014-01-02,5833,T30
2014-01-03,6634,T30
2014-01-04,3968,T30
2014-01-05,1261,T30
2014-01-06,6203,T30
2014-01-07,7948,T30
2014-01-08,6744,T30
2014-01-09,6410,T30
2014-01-10,6195,T30
2014-01-11,4778,T30
2014-01-12,1389,T30
2014-01-13,4621,T30
2014-01-14,6692,T30
2014-01-15,6208,T30
2014-01-16,6067,T30
2014-01-17,6004,T30
2014-01-18,3632,T30
2014-01-19,1064,T30
2014-01-20,4943,T30
2014-01-21,6821,T30
2014-01-22,6238,T30
2014-01-23,6324,T30
2014-01-24,7034,T30
2014-01-25,4076,T30
2014-01-26,1088,T30
2014-01-27,5904,T30
2014-01-28,8100,T30
2014-01-29,8195,T30
2014-01-30,7672,T30
2014-01-31,7915,T30
2014-02-01,3476,T30
2014-02-02,1354,T30
2014-02-03,6715,T30
2014-02-04,8430,T30
2014-02-05,6693,T30
2014-02-06,6327,T30
2014-02-07,6368,T30
2014-02-08,3369,T30
2014-02-09,1256,T30
2014-02-10,5262,T30
2014-02-11,6350,T30
2014-02-12,6607,T30
2014-02-13,6395,T30
2014-02-14,3952,T30
2014-02-15,1461,T30
2014-02-16,1059,T30
2014-02-17,4117,T30
2014-02-18,3899,T30
2014-02-19,3405,T30
2014-02-20,4028,T30
2014-02-21,4176,T30
2014-02-22,1896,T30
2014-02-23,1310,T30
2014-02-24,3586,T30
2014-02-25,3887,T30
2014-02-26,3812,T30
2014-02-27,4481,T30
2014-02-28,3978,T30
2014-03-01,2012,T30
2014-03-02,928,T30
2014-03-03,3882,T30
2014-03-04,1848,T30
2014-03-05,3818,T30
2014-03-06,3719,T30
2014-03-07,3884,T30
2014-03-08,2263,T30
2014-03-09,1599,T30
2014-03-10,4236,T30
2014-03-11,4060,T30
2014-03-12,4390,T30
2014-03-13,3865,T30
2014-03-14,3429,T30
2014-03-15,1956,T30
2014-03-16,1842,T30
2014-03-17,4196,T30
2014-03-18,3867,T30
2014-03-19,3727,T30
2014-03-20,3609,T30
2014-03-21,3529,T30
2014-03-22,1938,T30
2014-03-23,1528,T30
2014-03-24,3565,T30
2014-03-25,3933,T30
2014-03-26,3558,T30
2014-03-27,3686,T30
2014-03-28,3556,T30
2014-03-29,1895,T30
2014-03-30,1420,T30
2014-03-31,3601,T30
2014-04-01,3879,T30
2014-04-02,3781,T30
2014-04-03,4246,T30
2014-04-04,3468,T30
2014-04-05,1886,T30
2014-04-06,1560,T30
2014-04-07,4347,T30
2014-04-08,4389,T30
2014-04-09,3378,T30
2014-04-10,3295,T30
2014-04-11,3985,T30
2014-04-12,1995,T30
2014-04-13,1562,T30
2014-04-14,3880,T30
2014-04-15,3965,T30
2014-04-16,3751,T30
2014-04-17,3733,T30
2014-04-18,3051,T30
2014-04-19,1714,T30
2014-04-20,1343,T30
2014-04-21,2020,T30
2014-04-22,3847,T30
2014-04-23,4263,T30
2014-04-24,5020,T30
2014-04-25,2099,T30
2014-04-26,1689,T30
2014-04-27,1598,T30
2014-04-28,4923,T30
2014-04-29,3948,T30
2014-04-30,4089,T30
2014-05-01,1968,T30
2014-05-02,3308,T30
2014-05-03,1381,T30
2014-05-04,943,T30
2014-05-05,4128,T30
2014-05-06,3995,T30
2014-05-07,4653,T30
2014-05-08,4542,T30
2014-05-09,4352,T30
2014-05-10,2057,T30
2014-05-11,1659,T30
2014-05-12,4381,T30
2014-05-13,4364,T30
2014-05-14,3963,T30
2014-05-15,4743,T30
2014-05-16,4683,T30
2014-05-17,2447,T30
2014-05-18,1388,T30
2014-05-19,5099,T30
2014-05-20,5795,T30
2014-05-21,4758,T30
2014-05-22,5134,T30
2014-05-23,4156,T30
2014-05-24,2152,T30
2014-05-25,1129,T30
2014-05-26,3580,T30
2014-05-27,4542,T30
2014-05-28,5158,T30
2014-05-29,5080,T30
2014-05-30,4415,T30
2014-05-31,1490,T30
2014-06-01,978,T30
2014-06-02,4001,T30
2014-06-03,4197,T30
2014-06-04,3975,T30
2014-06-05,4151,T30
2014-06-06,4183,T30
2014-06-07,1881,T30
2014-06-08,1613,T30
2014-06-09,3647,T30
2014-06-10,2304,T30
2014-06-11,3807,T30
2014-06-12,4516,T30
2014-06-13,2495,T30
2014-06-14,1268,T30
2014-06-15,1097,T30
2014-06-16,2992,T30
2014-06-17,4668,T30
2014-06-18,4519,T30
2014-06-19,4967,T30
2014-06-20,4674,T30
2014-06-21,3332,T30
2014-06-22,2062,T30
2014-06-23,5404,T30
2014-06-24,6220,T30
2014-06-25,5942,T30
2014-06-26,5349,T30
2014-06-27,4592,T30
2014-06-28,3019,T30
2014-06-29,2103,T30
2014-06-30,4033,T30
2014-07-01,4881,T30
2014-07-02,4006,T30
2014-07-03,4472,T30
2014-07-04,4313,T30
2014-07-05,1851,T30
2014-07-06,1290,T30
2014-07-07,3882,T30
2014-07-08,5440,T30
2014-07-09,4853,T30
2014-07-10,4887,T30
2014-07-11,4685,T30
2014-07-12,1713,T30
2014-07-13,1210,T30
2014-07-14,3419,T30
2014-07-15,4256,T30
2014-07-16,5991,T30
2014-07-17,5985,T30
2014-07-18,6254,T30
2014-07-19,2253,T30
2014-07-20,1651,T30
2014-07-21,5879,T30
2014-07-22,6042,T30
2014-07-23,5012,T30
2014-07-24,4337,T30
2014-07-25,4057,T30
2014-07-26,2373,T30
2014-07-27,1247,T30
2014-07-28,4303,T30
2014-07-29,6758,T30
2014-07-30,7188,T30
2014-07-31,6125,T30
2014-08-01,4763,T30
2014-08-02,2074,T30
2014-08-03,966,T30
2014-08-04,3988,T30
2014-08-05,3638,T30
2014-08-06,3992,T30
2014-08-07,4089,T30
2014-08-08,3469,T30
2014-08-09,1111,T30
2014-08-10,990,T30
2014-08-11,2205,T30
2014-08-12,2458,T30
2014-08-13,2204,T30
2014-08-14,2195,T30
2014-08-15,1054,T30
2014-08-16,1014,T30
2014-08-17,894,T30
2014-08-18,2050,T30
2014-08-19,2879,T30
2014-08-20,2595,T30
2012-01-01,3700,T208
2012-01-02,6789,T208
2012-01-03,6416,T208
2012-01-04,6046,T208
2012-01-05,6173,T208
2012-01-06,6258,T208
2012-01-07,5978,T208
2012-01-08,6309,T208
2012-01-09,6357,T208
2012-01-10,6592,T208
2012-01-11,7030,T208
2012-01-12,6698,T208
2012-01-13,6856,T208
2012-01-14,7106,T208
2012-01-15,6845,T208
2012-01-16,6766,T208
2012-01-17,6975,T208
2012-01-18,6822,T208
2012-01-19,6718,T208
2012-01-20,6521,T208
2012-01-21,6390,T208
2012-01-22,7128,T208
2012-01-23,6378,T208
2012-01-24,6536,T208
2012-01-25,6823,T208
2012-01-26,6345,T208
2012-01-27,6546,T208
2012-01-28,6626,T208
2012-01-29,6853,T208
2012-01-30,6989,T208
2012-01-31,6610,T208
2012-02-01,6813,T208
2012-02-02,6621,T208
2012-02-03,6993,T208
2012-02-04,7150,T208
2012-02-05,7367,T208
2012-02-06,6553,T208
2012-02-07,6699,T208
2012-02-08,6483,T208
2012-02-09,6720,T208
2012-02-10,6594,T208
2012-02-11,6634,T208
2012-02-12,6682,T208
2012-02-13,6717,T208
2012-02-14,6415,T208
2012-02-15,5817,T208
2012-02-16,6007,T208
2012-02-17,6418,T208
2012-02-18,6298,T208
2012-02-19,6312,T208
2012-02-20,6093,T208
2012-02-21,6297,T208
2012-02-22,6214,T208
2012-02-23,6468,T208
2012-02-24,6405,T208
2012-02-25,6304,T208
2012-02-26,6549,T208
2012-02-27,6092,T208
2012-02-28,6013,T208
2012-02-29,6175,T208
2012-03-01,6082,T208
2012-03-02,5628,T208
2012-03-03,5712,T208
2012-03-04,5753,T208
2012-03-05,5640,T208
2012-03-06,5621,T208
2012-03-07,5642,T208
2012-03-08,5633,T208
2012-03-09,5680,T208
2012-03-10,5680,T208
2012-03-11,5789,T208
2012-03-12,5662,T208
2012-03-13,5587,T208
2012-03-14,5737,T208
2012-03-15,5593,T208
2012-03-16,5498,T208
2012-03-17,5661,T208
2012-03-18,5324,T208
2012-03-19,5298,T208
2012-03-20,5292,T208
2012-03-21,5371,T208
2012-03-22,5430,T208
2012-03-23,5392,T208
2012-03-24,5574,T208
2012-03-25,5038,T208
2012-03-26,5499,T208
2012-03-27,5352,T208
2012-03-28,5567,T208
2012-03-29,5448,T208
2012-03-30,5731,T208
2012-03-31,5645,T208
2012-04-01,5687,T208
2012-04-02,5636,T208
2012-04-03,5460,T208
2012-04-04,5327,T208
2012-04-05,5453,T208
2012-04-06,5320,T208
2012-04-07,5291,T208
2012-04-08,5129,T208
2012-04-09,5316,T208
2012-04-10,5157,T208
2012-04-11,5122,T208
2012-04-12,5059,T208
2012-04-13,5371,T208
2012-04-14,5507,T208
2012-04-15,5559,T208
2012-04-16,5582,T208
2012-04-17,5368,T208
2012-04-18,5397,T208
2012-04-19,5334,T208
2012-04-20,5265,T208
2012-04-21,5384,T208
2012-04-22,5352,T208
2012-04-23,5211,T208
2012-04-24,5163,T208
2012-04-25,5258,T208
2012-04-26,5146,T208
2012-04-27,5206,T208
2012-04-28,5384,T208
2012-04-29,5324,T208
2012-04-30,5219,T208
2012-05-01,5391,T208
2012-05-02,5707,T208
2012-05-03,5799,T208
2012-05-04,5803,T208
2012-05-05,5891,T208
2012-05-06,5960,T208
2012-05-07,5924,T208
2012-05-08,5932,T208
2012-05-09,6130,T208
2012-05-10,6328,T208
2012-05-11,6295,T208
2012-05-12,6587,T208
2012-05-13,6574,T208
2012-05-14,6299,T208
2012-05-15,6069,T208
2012-05-16,6344,T208
2012-05-17,5632,T208
2012-05-18,5770,T208
2012-05-19,5471,T208
2012-05-20,5269,T208
2012-05-21,5592,T208
2012-05-22,5814,T208
2012-05-23,5933,T208
2012-05-24,5773,T208
2012-05-25,5613,T208
2012-05-26,5652,T208
2012-05-27,5710,T208
2012-05-28,5657,T208
2012-05-29,5644,T208
2012-05-30,5787,T208
2012-05-31,6275,T208
2012-06-01,6591,T208
2012-06-02,6139,T208
2012-06-03,6354,T208
2012-06-04,6006,T208
2012-06-05,5810,T208
2012-06-06,5816,T208
2012-06-07,5710,T208
2012-06-08,5818,T208
2012-06-09,5641,T208
2012-06-10,5713,T208
2012-06-11,5358,T208
2012-06-12,5395,T208
2012-06-13,5507,T208
2012-06-14,5557,T208
2012-06-15,5717,T208
2012-06-16,5925,T208
2012-06-17,5784,T208
2012-06-18,5510,T208
2012-06-19,5561,T208
2012-06-20,5491,T208
2012-06-21,5559,T208
2012-06-22,5712,T208
2012-06-23,6064,T208
2012-06-24,6230,T208
2012-06-25,6498,T208
2012-06-26,6627,T208
2012-06-27,6668,T208
2012-06-28,6340,T208
2012-06-29,5801,T208
2012-06-30,5881,T208
2012-07-01,6226,T208
2012-07-02,6114,T208
2012-07-03,5934,T208
2012-07-04,5683,T208
2012-07-05,5648,T208
2012-07-06,5749,T208
2012-07-07,5935,T208
2012-07-08,6248,T208
2012-07-09,5682,T208
2012-07-10,5872,T208
2012-07-11,5836,T208
2012-07-12,5828,T208
2012-07-13,5818,T208
2012-07-14,6014,T208
2012-07-15,6093,T208
2012-07-16,6256,T208
2012-07-17,6462,T208
2012-07-18,6895,T208
2012-07-19,6519,T208
2012-07-20,6374,T208
2012-07-21,6835,T208
2012-07-22,7136,T208
2012-07-23,6431,T208
2012-07-24,7256,T208
2012-07-25,6587,T208
2012-07-26,6705,T208
2012-07-27,6364,T208
2012-07-28,6821,T208
2012-07-29,6447,T208
2012-07-30,6426,T208
2012-07-31,6261,T208
2012-08-01,6199,T208
2012-08-02,6179,T208
2012-08-03,6256,T208
2012-08-04,6196,T208
2012-08-05,6227,T208
2012-08-06,5918,T208
2012-08-07,6281,T208
2012-08-08,6247,T208
2012-08-09,6348,T208
2012-08-10,6446,T208
2012-08-11,6345,T208
2012-08-12,6259,T208
2012-08-13,6278,T208
2012-08-14,6285,T208
2012-08-15,6334,T208
2012-08-16,6111,T208
2012-08-17,6335,T208
2012-08-18,6540,T208
2012-08-19,6592,T208
2012-08-20,6604,T208
2012-08-21,6480,T208
2012-08-22,6542,T208
2012-08-23,6197,T208
2012-08-24,6039,T208
2012-08-25,6213,T208
2012-08-26,5938,T208
2012-08-27,5859,T208
2012-08-28,6006,T208
2012-08-29,5878,T208
2012-08-30,5856,T208
2012-08-31,6052,T208
2012-09-01,6008,T208
2012-09-02,6214,T208
2012-09-03,6114,T208
2012-09-04,6237,T208
2012-09-05,6398,T208
2012-09-06,6439,T208
2012-09-07,6381,T208
2012-09-08,6321,T208
2012-09-09,6073,T208
2012-09-10,4312,T208
2012-09-11,1304,T208
2012-09-12,692,T208
2012-09-13,463,T208
2012-09-14,563,T208
2012-09-15,508,T208
2012-09-16,377,T208
2012-09-17,444,T208
2012-09-18,1294,T208
2012-09-19,692,T208
2012-09-20,292,T208
2012-09-21,315,T208
2012-09-22,239,T208
2012-09-23,377,T208
2012-09-24,444,T208
2012-09-25,376,T208
2012-09-26,418,T208
2012-09-27,506,T208
2012-09-28,498,T208
2012-09-29,379,T208
2012-09-30,225,T208
2012-10-01,522,T208
2012-10-02,381,T208
2012-10-03,599,T208
2012-10-04,471,T208
2012-10-05,338,T208
2012-10-06,376,T208
2012-10-07,193,T208
2012-10-08,387,T208
2012-10-09,519,T208
2012-10-10,768,T208
2012-10-11,790,T208
2012-10-12,639,T208
2012-10-13,558,T208
2012-10-14,467,T208
2012-10-15,607,T208
2012-10-16,521,T208
2012-10-17,1174,T208
2012-10-18,1550,T208
2012-10-19,2904,T208
2012-10-20,3416,T208
2012-10-21,3591,T208
2012-10-22,4817,T208
2012-10-23,5912,T208
2012-10-24,6181,T208
2012-10-25,7378,T208
2012-10-26,9284,T208
2012-10-27,9257,T208
2012-10-28,9376,T208
2012-10-29,9014,T208
2012-10-30,9507,T208
2012-10-31,10033,T208
2012-11-01,9578,T208
2012-11-02,9165,T208
2012-11-03,8895,T208
2012-11-04,8677,T208
2012-11-05,8507,T208
2012-11-06,9394,T208
2012-11-07,9085,T208
2012-11-08,8898,T208
2012-11-09,8827,T208
2012-11-10,9024,T208
2012-11-11,8575,T208
2012-11-12,8551,T208
2012-11-13,8612,T208
2012-11-14,8608,T208
2012-11-15,8402,T208
2012-11-16,7526,T208
2012-11-17,8162,T208
2012-11-18,7905,T208
2012-11-19,7502,T208
2012-11-20,8443,T208
2012-11-21,9148,T208
2012-11-22,8680,T208
2012-11-23,8802,T208
2012-11-24,9000,T208
2012-11-25,8981,T208
2012-11-26,9227,T208
2012-11-27,9153,T208
2012-11-28,9007,T208
2012-11-29,8820,T208
2012-11-30,9327,T208
2012-12-01,8590,T208
2012-12-02,8564,T208
2012-12-03,8111,T208
2012-12-04,8158,T208
2012-12-05,7851,T208
2012-12-06,7811,T208
2012-12-07,7867,T208
2012-12-08,8163,T208
2012-12-09,8314,T208
2012-12-10,8645,T208
2012-12-11,8564,T208
2012-12-12,8355,T208
2012-12-13,7986,T208
2012-12-14,8003,T208
2012-12-15,8332,T208
2012-12-16,8024,T208
2012-12-17,7881,T208
2012-12-18,7700,T208
2012-12-19,7720,T208
2012-12-20,7726,T208
2012-12-21,8150,T208
2012-12-22,8016,T208
2012-12-23,7949,T208
2012-12-24,7680,T208
2012-12-25,6925,T208
2012-12-26,7833,T208
2012-12-27,7649,T208
2012-12-28,7413,T208
2012-12-29,8099,T208
2012-12-30,8282,T208
2012-12-31,8074,T208
2013-01-01,6771,T208
2013-01-02,7766,T208
2013-01-03,7793,T208
2013-01-04,7963,T208
2013-01-05,7836,T208
2013-01-06,7818,T208
2013-01-07,8471,T208
2013-01-08,8579,T208
2013-01-09,7829,T208
2013-01-10,7938,T208
2013-01-11,8244,T208
2013-01-12,8298,T208
2013-01-13,8318,T208
2013-01-14,7886,T208
2013-01-15,8044,T208
2013-01-16,8063,T208
2013-01-17,8077,T208
2013-01-18,7866,T208
2013-01-19,7906,T208
2013-01-20,8135,T208
2013-01-21,7876,T208
2013-01-22,8179,T208
2013-01-23,8131,T208
2013-01-24,7928,T208
2013-01-25,8017,T208
2013-01-26,7758,T208
2013-01-27,7918,T208
2013-01-28,7184,T208
2013-01-29,7076,T208
2013-01-30,7256,T208
2013-01-31,6976,T208
2013-02-01,7297,T208
2013-02-02,7229,T208
2013-02-03,7128,T208
2013-02-04,6860,T208
2013-02-05,6970,T208
2013-02-06,7077,T208
2013-02-07,6923,T208
2013-02-08,7051,T208
2013-02-09,7701,T208
2013-02-10,8760,T208
2013-02-11,8782,T208
2013-02-12,8712,T208
2013-02-13,7517,T208
2013-02-14,6849,T208
2013-02-15,6877,T208
2013-02-16,7190,T208
2013-02-17,7334,T208
2013-02-18,6979,T208
2013-02-19,7087,T208
2013-02-20,7150,T208
2013-02-21,6955,T208
2013-02-22,7214,T208
2013-02-23,7065,T208
2013-02-24,7089,T208
2013-02-25,6768,T208
2013-02-26,6800,T208
2013-02-27,7872,T208
2013-02-28,7722,T208
2013-03-01,7067,T208
2013-03-02,7068,T208
2013-03-03,7187,T208
2013-03-04,7065,T208
2013-03-05,6764,T208
2013-03-06,7063,T208
2013-03-07,7378,T208
2013-03-08,7247,T208
2013-03-09,7492,T208
2013-03-10,7484,T208
2013-03-11,7349,T208
2013-03-12,7360,T208
2013-03-13,7231,T208
2013-03-14,6989,T208
2013-03-15,7017,T208
2013-03-16,7357,T208
2013-03-17,7126,T208
2013-03-18,7081,T208
2013-03-19,7314,T208
2013-03-20,6751,T208
2013-03-21,6822,T208
2013-03-22,7058,T208
2013-03-23,7315,T208
2013-03-24,7294,T208
2013-03-25,7197,T208
2013-03-26,6687,T208
2013-03-27,6405,T208
2013-03-28,6640,T208
2013-03-29,6784,T208
2013-03-30,6503,T208
2013-03-31,6020,T208
2013-04-01,6597,T208
2013-04-02,7005,T208
2013-04-03,7018,T208
2013-04-04,7032,T208
2013-04-05,7094,T208
2013-04-06,7044,T208
2013-04-07,7368,T208
2013-04-08,7042,T208
2013-04-09,6913,T208
2013-04-10,7232,T208
2013-04-11,7119,T208
2013-04-12,7221,T208
2013-04-13,7127,T208
2013-04-14,7134,T208
2013-04-15,6861,T208
2013-04-16,7000,T208
2013-04-17,6996,T208
2013-04-18,6915,T208
2013-04-19,7089,T208
2013-04-20,7083,T208
2013-04-21,7297,T208
2013-04-22,7213,T208
2013-04-23,7173,T208
2013-04-24,7373,T208
2013-04-25,7405,T208
2013-04-26,7314,T208
2013-04-27,7000,T208
2013-04-28,7000,T208
2013-04-29,6846,T208
2013-04-30,6809,T208
2013-05-01,6972,T208
2013-05-02,6911,T208
2013-05-03,7133,T208
2013-05-04,7290,T208
2013-05-05,7204,T208
2013-05-06,6897,T208
2013-05-07,7003,T208
2013-05-08,6905,T208
2013-05-09,6991,T208
2013-05-10,7097,T208
2013-05-11,7248,T208
2013-05-12,7631,T208
2013-05-13,7466,T208
2013-05-14,6931,T208
2013-05-15,6919,T208
2013-05-16,7048,T208
2013-05-17,6997,T208
2013-05-18,7129,T208
2013-05-19,7077,T208
2013-05-20,6801,T208
2013-05-21,6940,T208
2013-05-22,7202,T208
2013-05-23,7407,T208
2013-05-24,7504,T208
2013-05-25,7516,T208
2013-05-26,7073,T208
2013-05-27,6856,T208
2013-05-28,6986,T208
2013-05-29,6572,T208
2013-05-30,6329,T208
2013-05-31,6523,T208
2013-06-01,6953,T208
2013-06-02,7035,T208
2013-06-03,6822,T208
2013-06-04,7438,T208
2013-06-05,7258,T208
2013-06-06,6680,T208
2013-06-07,6693,T208
2013-06-08,6808,T208
2013-06-09,6671,T208
2013-06-10,6729,T208
2013-06-11,7037,T208
2013-06-12,6814,T208
2013-06-13,6743,T208
2013-06-14,6773,T208
2013-06-15,6818,T208
2013-06-16,6784,T208
2013-06-17,6598,T208
2013-06-18,6821,T208
2013-06-19,6793,T208
2013-06-20,6653,T208
2013-06-21,6861,T208
2013-06-22,7111,T208
2013-06-23,7145,T208
2013-06-24,7610,T208
2013-06-25,8014,T208
2013-06-26,8241,T208
2013-06-27,8049,T208
2013-06-28,8041,T208
2013-06-29,8848,T208
2013-06-30,9337,T208
2013-07-01,8246,T208
2013-07-02,8105,T208
2013-07-03,7924,T208
2013-07-04,8201,T208
2013-07-05,9417,T208
2013-07-06,9508,T208
2013-07-07,10314,T208
2013-07-08,9817,T208
2013-07-09,9745,T208
2013-07-10,9024,T208
2013-07-11,8453,T208
2013-07-12,7943,T208
2013-07-13,7631,T208
2013-07-14,8336,T208
2013-07-15,8190,T208
2013-07-16,8032,T208
2013-07-17,8331,T208
2013-07-18,8235,T208
2013-07-19,7847,T208
2013-07-20,8084,T208
2013-07-21,8520,T208
2013-07-22,8024,T208
2013-07-23,8195,T208
2013-07-24,8188,T208
2013-07-25,8401,T208
2013-07-26,8035,T208
2013-07-27,7993,T208
2013-07-28,7647,T208
2013-07-29,7874,T208
2013-07-30,8630,T208
2013-07-31,8843,T208
2013-08-01,8686,T208
2013-08-02,8539,T208
2013-08-03,8378,T208
2013-08-04,8463,T208
2013-08-05,8405,T208
2013-08-06,8088,T208
2013-08-07,7814,T208
2013-08-08,7943,T208
2013-08-09,8492,T208
2013-08-10,9605,T208
2013-08-11,9229,T208
2013-08-12,8612,T208
2013-08-13,8884,T208
2013-08-14,9221,T208
2013-08-15,9014,T208
2013-08-16,8460,T208
2013-08-17,8550,T208
2013-08-18,8592,T208
2013-08-19,8701,T208
2013-08-20,8932,T208
2013-08-21,8400,T208
2013-08-22,8463,T208
2013-08-23,8520,T208
2013-08-24,8757,T208
2013-08-25,8626,T208
2013-08-26,8377,T208
2013-08-27,8539,T208
2013-08-28,9149,T208
2013-08-29,9220,T208
2013-08-30,9337,T208
2013-08-31,9468,T208
2013-09-01,9556,T208
2013-09-02,8988,T208
2013-09-03,8614,T208
2013-09-04,8492,T208
2013-09-05,7735,T208
2013-09-06,8008,T208
2013-09-07,7876,T208
2013-09-08,7453,T208
2013-09-09,7444,T208
2013-09-10,7738,T208
2013-09-11,8033,T208
2013-09-12,7952,T208
2013-09-13,8293,T208
2013-09-14,8165,T208
2013-09-15,8117,T208
2013-09-16,7603,T208
2013-09-17,7782,T208
2013-09-18,7755,T208
2013-09-19,7595,T208
2013-09-20,7384,T208
2013-09-21,9789,T208
2013-09-22,8610,T208
2013-09-23,7503,T208
2013-09-24,6922,T208
2013-09-25,6950,T208
2013-09-26,6875,T208
2013-09-27,7003,T208
2013-09-28,6923,T208
2013-09-29,6911,T208
2013-09-30,6833,T208
2013-10-01,6988,T208
2013-10-02,6998,T208
2013-10-03,6900,T208
2013-10-04,6822,T208
2013-10-05,6926,T208
2013-10-06,6938,T208
2013-10-07,6984,T208
2013-10-08,7109,T208
2013-10-09,6844,T208
2013-10-10,6640,T208
2013-10-11,6708,T208
2013-10-12,6792,T208
2013-10-13,6863,T208
2013-10-14,6908,T208
2013-10-15,7104,T208
2013-10-16,6859,T208
2013-10-17,6894,T208
2013-10-18,6935,T208
2013-10-19,7035,T208
2013-10-20,6924,T208
2013-10-21,6654,T208
2013-10-22,6679,T208
2013-10-23,6655,T208
2013-10-24,6877,T208
2013-10-25,6749,T208
2013-10-26,6712,T208
2013-10-27,6759,T208
2013-10-28,6424,T208
2013-10-29,6173,T208
2013-10-30,6310,T208
2013-10-31,6311,T208
2013-11-01,6615,T208
2013-11-02,7099,T208
2013-11-03,6562,T208
2013-11-04,6533,T208
2013-11-05,6692,T208
2013-11-06,6694,T208
2013-11-07,6617,T208
2013-11-08,6640,T208
2013-11-09,6844,T208
2013-11-10,6906,T208
2013-11-11,6488,T208
2013-11-12,6562,T208
2013-11-13,6628,T208
2013-11-14,7625,T208
2013-11-15,8709,T208
2013-11-16,8592,T208
2013-11-17,8516,T208
2013-11-18,7563,T208
2013-11-19,6812,T208
2013-11-20,6879,T208
2013-11-21,6613,T208
2013-11-22,7103,T208
2013-11-23,7459,T208
2013-11-24,7254,T208
2013-11-25,7413,T208
2013-11-26,8396,T208
2013-11-27,8376,T208
2013-11-28,8500,T208
2013-11-29,8923,T208
2013-11-30,8977,T208
2013-12-01,8723,T208
2013-12-02,8437,T208
2013-12-03,8577,T208
2013-12-04,8503,T208
2013-12-05,8631,T208
2013-12-06,8577,T208
2013-12-07,8464,T208
2013-12-08,8504,T208
2013-12-09,8131,T208
2013-12-10,7832,T208
2013-12-11,7437,T208
2013-12-12,7415,T208
2013-12-13,7466,T208
2013-12-14,7736,T208
2013-12-15,7764,T208
2013-12-16,7583,T208
2013-12-17,7682,T208
2013-12-18,7721,T208
2013-12-19,7503,T208
2013-12-20,7706,T208
2013-12-21,7465,T208
2013-12-22,7512,T208
2013-12-23,7570,T208
2013-12-24,6993,T208
2013-12-25,4174,T208
2013-12-26,7607,T208
2013-12-27,7420,T208
2013-12-28,7415,T208
2013-12-29,7444,T208
2013-12-30,7555,T208
2013-12-31,7277,T208
2014-01-01,4214,T208
2014-01-02,7405,T208
2014-01-03,7176,T208
2014-01-04,7267,T208
2014-01-05,7355,T208
2014-01-06,6976,T208
2014-01-07,6928,T208
2014-01-08,6850,T208
2014-01-09,6712,T208
2014-01-10,6955,T208
2014-01-11,7077,T208
2014-01-12,6856,T208
2014-01-13,7220,T208
2014-01-14,7768,T208
2014-01-15,7313,T208
2014-01-16,6780,T208
2014-01-17,7151,T208
2014-01-18,7243,T208
2014-01-19,7180,T208
2014-01-20,7160,T208
2014-01-21,7292,T208
2014-01-22,7108,T208
2014-01-23,6932,T208
2014-01-24,7109,T208
2014-01-25,7203,T208
2014-01-26,7014,T208
2014-01-27,7126,T208
2014-01-28,7373,T208
2014-01-29,6786,T208
2014-01-30,7129,T208
2014-01-31,7639,T208
2014-02-01,7636,T208
2014-02-02,7248,T208
2014-02-03,7124,T208
2014-02-04,7410,T208
2014-02-05,7135,T208
2014-02-06,7140,T208
2014-02-07,7175,T208
2014-02-08,7526,T208
2014-02-09,7380,T208
2014-02-10,6010,T208
2014-02-11,7283,T208
2014-02-12,7182,T208
2014-02-13,7153,T208
2014-02-14,7260,T208
2014-02-15,7120,T208
2014-02-16,6910,T208
2014-02-17,6925,T208
2014-02-18,6606,T208
2014-02-19,6950,T208
2014-02-20,7045,T208
2014-02-21,6963,T208
2014-02-22,7038,T208
2014-02-23,7059,T208
2014-02-24,6924,T208
2014-02-25,7049,T208
2014-02-26,7027,T208
2014-02-27,7210,T208
2014-02-28,7345,T208
2014-03-01,7552,T208
2014-03-02,7225,T208
2014-03-03,6934,T208
2014-03-04,7123,T208
2014-03-05,6976,T208
2014-03-06,6916,T208
2014-03-07,6823,T208
2014-03-08,7126,T208
2014-03-09,7324,T208
2014-03-10,6915,T208
2014-03-11,6851,T208
2014-03-12,6805,T208
2014-03-13,6656,T208
2014-03-14,6610,T208
2014-03-15,6743,T208
2014-03-16,6561,T208
2014-03-17,6511,T208
2014-03-18,6409,T208
2014-03-19,6502,T208
2014-03-20,6304,T208
2014-03-21,6518,T208
2014-03-22,6443,T208
2014-03-23,6424,T208
2014-03-24,7576,T208
2014-03-25,7389,T208
2014-03-26,6214,T208
2014-03-27,7569,T208
2014-03-28,8266,T208
2014-03-29,8323,T208
2014-03-30,8154,T208
2014-03-31,7128,T208
2014-04-01,6464,T208
2014-04-02,6252,T208
2014-04-03,6275,T208
2014-04-04,6413,T208
2014-04-05,6745,T208
2014-04-06,6618,T208
2014-04-07,6290,T208
2014-04-08,6223,T208
2014-04-09,6500,T208
2014-04-10,6505,T208
2014-04-11,6669,T208
2014-04-12,6807,T208
2014-04-13,6789,T208
2014-04-14,6683,T208
2014-04-15,6699,T208
2014-04-16,6748,T208
2014-04-17,6973,T208
2014-04-18,7012,T208
2014-04-19,6784,T208
2014-04-20,6165,T208
2014-04-21,6270,T208
2014-04-22,6316,T208
2014-04-23,6486,T208
2014-04-24,6327,T208
2014-04-25,6460,T208
2014-04-26,6590,T208
2014-04-27,6244,T208
2014-04-28,6336,T208
2014-04-29,6526,T208
2014-04-30,6612,T208
2014-05-01,6721,T208
2014-05-02,6803,T208
2014-05-03,6824,T208
2014-05-04,6674,T208
2014-05-05,6717,T208
2014-05-06,6697,T208
2014-05-07,6732,T208
2014-05-08,6705,T208
2014-05-09,6849,T208
2014-05-10,6865,T208
2014-05-11,6780,T208
2014-05-12,6818,T208
2014-05-13,7183,T208
2014-05-14,6874,T208
2014-05-15,7292,T208
2014-05-16,7763,T208
2014-05-17,8012,T208
2014-05-18,7509,T208
2014-05-19,6708,T208
2014-05-20,6896,T208
2014-05-21,6623,T208
2014-05-22,6463,T208
2014-05-23,6521,T208
2014-05-24,6504,T208
2014-05-25,6448,T208
2014-05-26,6244,T208
2014-05-27,6266,T208
2014-05-28,6445,T208
2014-05-29,6470,T208
2014-05-30,6544,T208
2014-05-31,6628,T208
2014-06-01,6769,T208
2014-06-02,6579,T208
2014-06-03,6699,T208
2014-06-04,6647,T208
2014-06-05,6620,T208
2014-06-06,6971,T208
2014-06-07,6712,T208
2014-06-08,6578,T208
2014-06-09,6818,T208
2014-06-10,6564,T208
2014-06-11,6712,T208
2014-06-12,7000,T208
2014-06-13,8506,T208
2014-06-14,8728,T208
2014-06-15,8366,T208
2014-06-16,8206,T208
2014-06-17,8113,T208
2014-06-18,7223,T208
2014-06-19,7079,T208
2014-06-20,7198,T208
2014-06-21,7295,T208
2014-06-22,7014,T208
2014-06-23,6777,T208
2014-06-24,6930,T208
2014-06-25,6909,T208
2014-06-26,6603,T208
2014-06-27,6871,T208
2014-06-28,7044,T208
2014-06-29,6891,T208
2014-06-30,6402,T208
2014-07-01,6745,T208
2014-07-02,6539,T208
2014-07-03,6771,T208
2014-07-04,7027,T208
2014-07-05,7187,T208
2014-07-06,6904,T208
2014-07-07,6602,T208
2014-07-08,6727,T208
2014-07-09,7305,T208
2014-07-10,8016,T208
2014-07-11,7603,T208
2014-07-12,8381,T208
2014-07-13,7969,T208
2014-07-14,7404,T208
2014-07-15,7936,T208
2014-07-16,7579,T208
2014-07-17,6779,T208
2014-07-18,6876,T208
2014-07-19,6924,T208
2014-07-20,6819,T208
2014-07-21,7076,T208
2014-07-22,8280,T208
2014-07-23,7311,T208
2014-07-24,7576,T208
2014-07-25,8197,T208
2014-07-26,8160,T208
2014-07-27,7842,T208
2014-07-28,7358,T208
2014-07-29,7722,T208
2014-07-30,8017,T208
2014-07-31,7796,T208
2014-08-01,7543,T208
2014-08-02,7190,T208
2014-08-03,7053,T208
2014-08-04,7259,T208
2014-08-05,7876,T208
2014-08-06,7524,T208
2014-08-07,7547,T208
2014-08-08,7162,T208
2014-08-09,7781,T208
2014-08-10,7553,T208
2014-08-11,7652,T208
2014-08-12,7098,T208
2014-08-13,6816,T208
2014-08-14,6902,T208
2014-08-15,7352,T208
2014-08-16,7753,T208
2014-08-17,7901,T208
2014-08-18,7610,T208
2014-08-19,7411,T208
2014-08-20,6720,T208
2012-01-01,202133,T316
2012-01-02,244816,T316
2012-01-03,274767,T316
2012-01-04,273771,T316
2012-01-05,260431,T316
2012-01-06,256251,T316
2012-01-07,250821,T316
2012-01-08,250702,T316
2012-01-09,234084,T316
2012-01-10,251652,T316
2012-01-11,254410,T316
2012-01-12,248723,T316
2012-01-13,244064,T316
2012-01-14,236227,T316
2012-01-15,220497,T316
2012-01-16,236206,T316
2012-01-17,194338,T316
2012-01-18,202797,T316
2012-01-19,199677,T316
2012-01-20,240563,T316
2012-01-21,243863,T316
2012-01-22,242766,T316
2012-01-23,247725,T316
2012-01-24,248747,T316
2012-01-25,251364,T316
2012-01-26,244295,T316
2012-01-27,247656,T316
2012-01-28,236087,T316
2012-01-29,224815,T316
2012-01-30,249910,T316
2012-01-31,194091,T316
2012-02-01,197456,T316
2012-02-02,205289,T316
2012-02-03,213321,T316
2012-02-04,189788,T316
2012-02-05,185817,T316
2012-02-06,199906,T316
2012-02-07,208748,T316
2012-02-08,215772,T316
2012-02-09,228790,T316
2012-02-10,225908,T316
2012-02-11,215949,T316
2012-02-12,207254,T316
2012-02-13,228430,T316
2012-02-14,226773,T316
2012-02-15,224841,T316
2012-02-16,222248,T316
2012-02-17,235998,T316
2012-02-18,218177,T316
2012-02-19,212978,T316
2012-02-20,223592,T316
2012-02-21,213935,T316
2012-02-22,223111,T316
2012-02-23,221413,T316
2012-02-24,237472,T316
2012-02-25,275363,T316
2012-02-26,267659,T316
2012-02-27,288768,T316
2012-02-28,250819,T316
2012-02-29,244432,T316
2012-03-01,253638,T316
2012-03-02,241708,T316
2012-03-03,228248,T316
2012-03-04,224431,T316
2012-03-05,316681,T316
2012-03-06,255774,T316
2012-03-07,281297,T316
2012-03-08,297655,T316
2012-03-09,308271,T316
2012-03-10,293611,T316
2012-03-11,296749,T316
2012-03-12,317590,T316
2012-03-13,306000,T316
2012-03-14,305792,T316
2012-03-15,306452,T316
2012-03-16,325839,T316
2012-03-17,329863,T316
2012-03-18,309064,T316
2012-03-19,321159,T316
2012-03-20,337157,T316
2012-03-21,330561,T316
2012-03-22,313208,T316
2012-03-23,299796,T316
2012-03-24,306021,T316
2012-03-25,307521,T316
2012-03-26,292631,T316
2012-03-27,303454,T316
2012-03-28,326654,T316
2012-03-29,359225,T316
2012-03-30,388360,T316
2012-03-31,368176,T316
2012-04-01,361725,T316
2012-04-02,347090,T316
2012-04-03,334476,T316
2012-04-04,314931,T316
2012-04-05,315549,T316
2012-04-06,330409,T316
2012-04-07,322160,T316
2012-04-08,299906,T316
2012-04-09,304576,T316
2012-04-10,339154,T316
2012-04-11,340357,T316
2012-04-12,229247,T316
2012-04-13,353609,T316
2012-04-14,259612,T316
2012-04-15,257973,T316
2012-04-16,307680,T316
2012-04-17,331658,T316
2012-04-18,254114,T316
2012-04-19,255566,T316
2012-04-20,312385,T316
2012-04-21,297197,T316
2012-04-22,340609,T316
2012-04-23,333681,T316
2012-04-24,346453,T316
2012-04-25,362500,T316
2012-04-26,354514,T316
2012-04-27,356860,T316
2012-04-28,354569,T316
2012-04-29,341767,T316
2012-04-30,340655,T316
2012-05-01,332860,T316
2012-05-02,316840,T316
2012-05-03,349457,T316
2012-05-04,333405,T316
2012-05-05,343608,T316
2012-05-06,338540,T316
2012-05-07,351862,T316
2012-05-08,353704,T316
2012-05-09,377110,T316
2012-05-10,388522,T316
2012-05-11,419179,T316
2012-05-12,419408,T316
2012-05-13,421523,T316
2012-05-14,467437,T316
2012-05-15,491270,T316
2012-05-16,512794,T316
2012-05-17,497726,T316
2012-05-18,444500,T316
2012-05-19,433207,T316
2012-05-20,422136,T316
2012-05-21,416770,T316
2012-05-22,419495,T316
2012-05-23,476159,T316
2012-05-24,481681,T316
2012-05-25,453090,T316
2012-05-26,446136,T316
2012-05-27,445862,T316
2012-05-28,376605,T316
2012-05-29,490382,T316
2012-05-30,469066,T316
2012-05-31,440522,T316
2012-06-01,516862,T316
2012-06-02,521788,T316
2012-06-03,467312,T316
2012-06-04,476199,T316
2012-06-05,498750,T316
2012-06-06,560662,T316
2012-06-07,520813,T316
2012-06-08,514066,T316
2012-06-09,491415,T316
2012-06-10,486224,T316
2012-06-11,521134,T316
2012-06-12,490939,T316
2012-06-13,539359,T316
2012-06-14,537952,T316
2012-06-15,527472,T316
2012-06-16,552771,T316
2012-06-17,594339,T316
2012-06-18,577359,T316
2012-06-19,515952,T316
2012-06-20,461094,T316
2012-06-21,478558,T316
2012-06-22,505833,T316
2012-06-23,532837,T316
2012-06-24,518636,T316
2012-06-25,611928,T316
2012-06-26,617448,T316
2012-06-27,642635,T316
2012-06-28,505364,T316
2012-06-29,541174,T316
2012-06-30,527837,T316
2012-07-01,510071,T316
2012-07-02,553542,T316
2012-07-03,568634,T316
2012-07-04,571795,T316
2012-07-05,540453,T316
2012-07-06,552000,T316
2012-07-07,575683,T316
2012-07-08,568540,T316
2012-07-09,587724,T316
2012-07-10,518931,T316
2012-07-11,539382,T316
2012-07-12,515543,T316
2012-07-13,510860,T316
2012-07-14,506140,T316
2012-07-15,495407,T316
2012-07-16,521133,T316
2012-07-17,584681,T316
2012-07-18,591906,T316
2012-07-19,540068,T316
2012-07-20,551026,T316
2012-07-21,581818,T316
2012-07-22,577928,T316
2012-07-23,593071,T316
2012-07-24,572319,T316
2012-07-25,581745,T316
2012-07-26,455677,T316
2012-07-27,513044,T316
2012-07-28,523615,T316
2012-07-29,548271,T316
2012-07-30,450980,T316
2012-07-31,458068,T316
2012-08-01,482610,T316
2012-08-02,579522,T316
2012-08-03,467501,T316
2012-08-04,476609,T316
2012-08-05,471403,T316
2012-08-06,490697,T316
2012-08-07,500216,T316
2012-08-08,524837,T316
2012-08-09,518491,T316
2012-08-10,508908,T316
2012-08-11,493022,T316
2012-08-12,468020,T316
2012-08-13,478659,T316
2012-08-14,511343,T316
2012-08-15,631569,T316
2012-08-16,583522,T316
2012-08-17,563387,T316
2012-08-18,475319,T316
2012-08-19,484153,T316
2012-08-20,515752,T316
2012-08-21,505684,T316
2012-08-22,512312,T316
2012-08-23,506903,T316
2012-08-24,524929,T316
2012-08-25,524460,T316
2012-08-26,464657,T316
2012-08-27,480837,T316
2012-08-28,522021,T316
2012-08-29,479979,T316
2012-08-30,447317,T316
2012-08-31,512359,T316
2012-09-01,549977,T316
2012-09-02,565998,T316
2012-09-03,486152,T316
2012-09-04,481956,T316
2012-09-05,489087,T316
2012-09-06,476246,T316
2012-09-07,506861,T316
2012-09-08,551882,T316
2012-09-09,569292,T316
2012-09-10,482592,T316
2012-09-11,499042,T316
2012-09-12,488386,T316
2012-09-13,480880,T316
2012-09-14,499948,T316
2012-09-15,499427,T316
2012-09-16,480655,T316
2012-09-17,489409,T316
2012-09-18,515429,T316
2012-09-19,510180,T316
2012-09-20,508925,T316
2012-09-21,498001,T316
2012-09-22,518204,T316
2012-09-23,499184,T316
2012-09-24,484292,T316
2012-09-25,447842,T316
2012-09-26,373180,T316
2012-09-27,435614,T316
2012-09-28,389362,T316
2012-09-29,493180,T316
2012-09-30,476021,T316
2012-10-01,422524,T316
2012-10-02,428974,T316
2012-10-03,418112,T316
2012-10-04,430656,T316
2012-10-05,462562,T316
2012-10-06,449251,T316
2012-10-07,440363,T316
2012-10-08,419967,T316
2012-10-09,468996,T316
2012-10-10,450997,T316
2012-10-11,452801,T316
2012-10-12,435338,T316
2012-10-13,429138,T316
2012-10-14,433207,T316
2012-10-15,386569,T316
2012-10-16,369681,T316
2012-10-17,372065,T316
2012-10-18,330676,T316
2012-10-19,357638,T316
2012-10-20,401619,T316
2012-10-21,387019,T316
2012-10-22,475585,T316
2012-10-23,477955,T316
2012-10-24,405067,T316
2012-10-25,447954,T316
2012-10-26,434522,T316
2012-10-27,433844,T316
2012-10-28,405042,T316
2012-10-29,383364,T316
2012-10-30,374589,T316
2012-10-31,371335,T316
2012-11-01,384135,T316
2012-11-02,430087,T316
2012-11-03,479819,T316
2012-11-04,417251,T316
2012-11-05,263632,T316
2012-11-06,338473,T316
2012-11-07,441111,T316
2012-11-08,406725,T316
2012-11-09,375489,T316
2012-11-10,415951,T316
2012-11-11,369434,T316
2012-11-12,363629,T316
2012-11-13,257841,T316
2012-11-14,338953,T316
2012-11-15,343318,T316
2012-11-16,274540,T316
2012-11-17,341295,T316
2012-11-18,350859,T316
2012-11-19,340225,T316
2012-11-20,325904,T316
2012-11-21,319818,T316
2012-11-22,296568,T316
2012-11-23,274206,T316
2012-11-24,364662,T316
2012-11-25,388110,T316
2012-11-26,295570,T316
2012-11-27,236336,T316
2012-11-28,286816,T316
2012-11-29,268178,T316
2012-11-30,282794,T316
2012-12-01,284450,T316
2012-12-02,278017,T316
2012-12-03,267900,T316
2012-12-04,268763,T316
2012-12-05,272026,T316
2012-12-06,339890,T316
2012-12-07,380311,T316
2012-12-08,380137,T316
2012-12-09,370997,T316
2012-12-10,395862,T316
2012-12-11,398980,T316
2012-12-12,373431,T316
2012-12-13,395795,T316
2012-12-14,437568,T316
2012-12-15,443699,T316
2012-12-16,368041,T316
2012-12-17,385362,T316
2012-12-18,371044,T316
2012-12-19,381701,T316
2012-12-20,394796,T316
2012-12-21,393836,T316
2012-12-22,388954,T316
2012-12-23,394092,T316
2012-12-24,360500,T316
2012-12-25,305764,T316
2012-12-26,295315,T316
2012-12-27,286634,T316
2012-12-28,293569,T316
2012-12-29,342978,T316
2012-12-30,370611,T316
2012-12-31,255203,T316
2013-01-01,238180,T316
2013-01-02,279378,T316
2013-01-03,276040,T316
2013-01-04,280140,T316
2013-01-05,285613,T316
2013-01-06,324880,T316
2013-01-07,274650,T316
2013-01-08,280861,T316
2013-01-09,325315,T316
2013-01-10,324470,T316
2013-01-11,342246,T316
2013-01-12,331722,T316
2013-01-13,301108,T316
2013-01-14,295628,T316
2013-01-15,257112,T316
2013-01-16,266051,T316
2013-01-17,332887,T316
2013-01-18,336025,T316
2013-01-19,314953,T316
2013-01-20,332543,T316
2013-01-21,314907,T316
2013-01-22,326563,T316
2013-01-23,329748,T316
2013-01-24,341161,T316
2013-01-25,337885,T316
2013-01-26,340563,T316
2013-01-27,342974,T316
2013-01-28,326704,T316
2013-01-29,328632,T316
2013-01-30,330358,T316
2013-01-31,342036,T316
2013-02-01,338291,T316
2013-02-02,318811,T316
2013-02-03,256303,T316
2013-02-04,257361,T316
2013-02-05,254070,T316
2013-02-06,254957,T316
2013-02-07,256682,T316
2013-02-08,259883,T316
2013-02-09,255386,T316
2013-02-10,254230,T316
2013-02-11,255855,T316
2013-02-12,253043,T316
2013-02-13,283719,T316
2013-02-14,340797,T316
2013-02-15,336069,T316
2013-02-16,335770,T316
2013-02-17,343653,T316
2013-02-18,349269,T316
2013-02-19,336610,T316
2013-02-20,260044,T316
2013-02-21,369504,T316
2013-02-22,372678,T316
2013-02-23,328795,T316
2013-02-24,325677,T316
2013-02-25,312493,T316
2013-02-26,315432,T316
2013-02-27,309793,T316
2013-02-28,309298,T316
2013-03-01,263255,T316
2013-03-02,256458,T316
2013-03-03,253660,T316
2013-03-04,258296,T316
2013-03-05,343752,T316
2013-03-06,348902,T316
2013-03-07,331542,T316
2013-03-08,379048,T316
2013-03-09,339091,T316
2013-03-10,332752,T316
2013-03-11,334682,T316
2013-03-12,337137,T316
2013-03-13,299228,T316
2013-03-14,321518,T316
2013-03-15,316500,T316
2013-03-16,333636,T316
2013-03-17,330162,T316
2013-03-18,323820,T316
2013-03-19,347431,T316
2013-03-20,310861,T316
2013-03-21,326114,T316
2013-03-22,334959,T316
2013-03-23,322769,T316
2013-03-24,326320,T316
2013-03-25,336977,T316
2013-03-26,345773,T316
2013-03-27,339726,T316
2013-03-28,341930,T316
2013-03-29,357842,T316
2013-03-30,346019,T316
2013-03-31,333088,T316
2013-04-01,336772,T316
2013-04-02,338138,T316
2013-04-03,327361,T316
2013-04-04,325290,T316
2013-04-05,324587,T316
2013-04-06,316136,T316
2013-04-07,320027,T316
2013-04-08,336884,T316
2013-04-09,415366,T316
2013-04-10,401402,T316
2013-04-11,374161,T316
2013-04-12,356472,T316
2013-04-13,362999,T316
2013-04-14,365316,T316
2013-04-15,387937,T316
2013-04-16,402562,T316
2013-04-17,416793,T316
2013-04-18,401293,T316
2013-04-19,389066,T316
2013-04-20,382250,T316
2013-04-21,366230,T316
2013-04-22,378563,T316
2013-04-23,376546,T316
2013-04-24,368797,T316
2013-04-25,389297,T316
2013-04-26,385907,T316
2013-04-27,370017,T316
2013-04-28,348544,T316
2013-04-29,333862,T316
2013-04-30,352792,T316
2013-05-01,346272,T316
2013-05-02,363770,T316
2013-05-03,381089,T316
2013-05-04,387868,T316
2013-05-05,397137,T316
2013-05-06,404980,T316
2013-05-07,405818,T316
2013-05-08,344497,T316
2013-05-09,388909,T316
2013-05-10,437180,T316
2013-05-11,518062,T316
2013-05-12,448931,T316
2013-05-13,542269,T316
2013-05-14,460178,T316
2013-05-15,379815,T316
2013-05-16,354199,T316
2013-05-17,389157,T316
2013-05-18,366159,T316
2013-05-19,362834,T316
2013-05-20,347085,T316
2013-05-21,399678,T316
2013-05-22,422725,T316
2013-05-23,430771,T316
2013-05-24,425656,T316
2013-05-25,434567,T316
2013-05-26,414820,T316
2013-05-27,399298,T316
2013-05-28,419131,T316
2013-05-29,405747,T316
2013-05-30,426978,T316
2013-05-31,434021,T316
2013-06-01,432632,T316
2013-06-02,428019,T316
2013-06-03,442493,T316
2013-06-04,494252,T316
2013-06-05,497403,T316
2013-06-06,418224,T316
2013-06-07,366983,T316
2013-06-08,364495,T316
2013-06-09,404089,T316
2013-06-10,415087,T316
2013-06-11,436773,T316
2013-06-12,396408,T316
2013-06-13,544819,T316
2013-06-14,513862,T316
2013-06-15,493045,T316
2013-06-16,495594,T316
2013-06-17,432564,T316
2013-06-18,436450,T316
2013-06-19,467436,T316
2013-06-20,482111,T316
2013-06-21,512067,T316
2013-06-22,516042,T316
2013-06-23,479614,T316
2013-06-24,497701,T316
2013-06-25,487992,T316
2013-06-26,515749,T316
2013-06-27,514424,T316
2013-06-28,484748,T316
2013-06-29,555769,T316
2013-06-30,501929,T316
2013-07-01,505336,T316
2013-07-02,501043,T316
2013-07-03,508629,T316
2013-07-04,502336,T316
2013-07-05,494317,T316
2013-07-06,498949,T316
2013-07-07,468155,T316
2013-07-08,444544,T316
2013-07-09,481436,T316
2013-07-10,475318,T316
2013-07-11,474909,T316
2013-07-12,509793,T316
2013-07-13,513067,T316
2013-07-14,491817,T316
2013-07-15,503163,T316
2013-07-16,507069,T316
2013-07-17,493882,T316
2013-07-18,510180,T316
2013-07-19,511492,T316
2013-07-20,479591,T316
2013-07-21,495432,T316
2013-07-22,509294,T316
2013-07-23,512140,T316
2013-07-24,509787,T316
2013-07-25,489184,T316
2013-07-26,477231,T316
2013-07-27,436133,T316
2013-07-28,454427,T316
2013-07-29,451659,T316
2013-07-30,455632,T316
2013-07-31,465453,T316
2013-08-01,478206,T316
2013-08-02,466362,T316
2013-08-03,450798,T316
2013-08-04,439816,T316
2013-08-05,454137,T316
2013-08-06,455040,T316
2013-08-07,440452,T316
2013-08-08,439089,T316
2013-08-09,489272,T316
2013-08-10,487857,T316
2013-08-11,472522,T316
2013-08-12,468708,T316
2013-08-13,474157,T316
2013-08-14,493113,T316
2013-08-15,489072,T316
2013-08-16,478452,T316
2013-08-17,478794,T316
2013-08-18,495295,T316
2013-08-19,502811,T316
2013-08-20,503931,T316
2013-08-21,490561,T316
2013-08-22,467177,T316
2013-08-23,481019,T316
2013-08-24,509203,T316
2013-08-25,489657,T316
2013-08-26,469908,T316
2013-08-27,446728,T316
2013-08-28,453952,T316
2013-08-29,473359,T316
2013-08-30,509837,T316
2013-08-31,502452,T316
2013-09-01,460342,T316
2013-09-02,456972,T316
2013-09-03,455473,T316
2013-09-04,464025,T316
2013-09-05,437591,T316
2013-09-06,463475,T316
2013-09-07,446732,T316
2013-09-08,422040,T316
2013-09-09,405656,T316
2013-09-10,408022,T316
2013-09-11,411790,T316
2013-09-12,445113,T316
2013-09-13,480270,T316
2013-09-14,449542,T316
2013-09-15,447728,T316
2013-09-16,436933,T316
2013-09-17,425296,T316
2013-09-18,430773,T316
2013-09-19,438294,T316
2013-09-20,463473,T316
2013-09-21,472112,T316
2013-09-22,440112,T316
2013-09-23,454886,T316
2013-09-24,419585,T316
2013-09-25,442207,T316
2013-09-26,444881,T316
2013-09-27,471431,T316
2013-09-28,443095,T316
2013-09-29,449473,T316
2013-09-30,464022,T316
2013-10-01,440045,T316
2013-10-02,439003,T316
2013-10-03,443563,T316
2013-10-04,424975,T316
2013-10-05,426294,T316
2013-10-06,419224,T316
2013-10-07,438975,T316
2013-10-08,417527,T316
2013-10-09,424589,T316
2013-10-10,427493,T316
2013-10-11,405861,T316
2013-10-12,398702,T316
2013-10-13,404822,T316
2013-10-14,410207,T316
2013-10-15,421204,T316
2013-10-16,415069,T316
2013-10-17,431045,T316
2013-10-18,425704,T316
2013-10-19,408861,T316
2013-10-20,405204,T316
2013-10-21,391979,T316
2013-10-22,313546,T316
2013-10-23,439684,T316
2013-10-24,466720,T316
2013-10-25,416429,T316
2013-10-26,388459,T316
2013-10-27,408340,T316
2013-10-28,396932,T316
2013-10-29,361587,T316
2013-10-30,380220,T316
2013-10-31,385103,T316
2013-11-01,378402,T316
2013-11-02,406861,T316
2013-11-03,422072,T316
2013-11-04,393474,T316
2013-11-05,425481,T316
2013-11-06,409382,T316
2013-11-07,410361,T316
2013-11-08,416340,T316
2013-11-09,386865,T316
2013-11-10,394639,T316
2013-11-11,395884,T316
2013-11-12,423475,T316
2013-11-13,405749,T316
2013-11-14,400594,T316
2013-11-15,301902,T316
2013-11-16,259594,T316
2013-11-17,257340,T316
2013-11-18,252630,T316
2013-11-19,266317,T316
2013-11-20,348926,T316
2013-11-21,287321,T316
2013-11-22,266914,T316
2013-11-23,264546,T316
2013-11-24,256657,T316
2013-11-25,258448,T316
2013-11-26,357367,T316
2013-11-27,275360,T316
2013-11-28,309199,T316
2013-11-29,309682,T316
2013-11-30,317857,T316
2013-12-01,310200,T316
2013-12-02,284840,T316
2013-12-03,268517,T316
2013-12-04,299727,T316
2013-12-05,367816,T316
2013-12-06,352474,T316
2013-12-07,312520,T316
2013-12-08,275478,T316
2013-12-09,353202,T316
2013-12-10,361747,T316
2013-12-11,346340,T316
2013-12-12,281044,T316
2013-12-13,351680,T316
2013-12-14,337133,T316
2013-12-15,333278,T316
2013-12-16,274251,T316
2013-12-17,306707,T316
2013-12-18,252905,T316
2013-12-19,256999,T316
2013-12-20,262042,T316
2013-12-21,265108,T316
2013-12-22,263501,T316
2013-12-23,265410,T316
2013-12-24,308224,T316
2013-12-25,253706,T316
2013-12-26,253319,T316
2013-12-27,263431,T316
2013-12-28,259108,T316
2013-12-29,253769,T316
2013-12-30,286703,T316
2013-12-31,253479,T316
2014-01-01,242795,T316
2014-01-02,272012,T316
2014-01-03,278676,T316
2014-01-04,273063,T316
2014-01-05,270003,T316
2014-01-06,285045,T316
2014-01-07,310546,T316
2014-01-08,315888,T316
2014-01-09,304731,T316
2014-01-10,303933,T316
2014-01-11,311089,T316
2014-01-12,314476,T316
2014-01-13,295475,T316
2014-01-14,242272,T316
2014-01-15,324093,T316
2014-01-16,310274,T316
2014-01-17,305856,T316
2014-01-18,290701,T316
2014-01-19,275136,T316
2014-01-20,292000,T316
2014-01-21,300410,T316
2014-01-22,289684,T316
2014-01-23,323521,T316
2014-01-24,312359,T316
2014-01-25,311451,T316
2014-01-26,305729,T316
2014-01-27,298612,T316
2014-01-28,309065,T316
2014-01-29,299722,T316
2014-01-30,291725,T316
2014-01-31,318475,T316
2014-02-01,285070,T316
2014-02-02,281934,T316
2014-02-03,286066,T316
2014-02-04,299069,T316
2014-02-05,313776,T316
2014-02-06,292769,T316
2014-02-07,302296,T316
2014-02-08,291750,T316
2014-02-09,284361,T316
2014-02-10,230050,T316
2014-02-11,232755,T316
2014-02-12,235384,T316
2014-02-13,233769,T316
2014-02-14,276522,T316
2014-02-15,231178,T316
2014-02-16,255116,T316
2014-02-17,230413,T316
2014-02-18,230998,T316
2014-02-19,272700,T316
2014-02-20,235197,T316
2014-02-21,235220,T316
2014-02-22,230568,T316
2014-02-23,223149,T316
2014-02-24,230203,T316
2014-02-25,232832,T316
2014-02-26,240768,T316
2014-02-27,244304,T316
2014-02-28,245290,T316
2014-03-01,243537,T316
2014-03-02,242130,T316
2014-03-03,237338,T316
2014-03-04,239972,T316
2014-03-05,238017,T316
2014-03-06,308949,T316
2014-03-07,316790,T316
2014-03-08,312658,T316
2014-03-09,310314,T316
2014-03-10,313139,T316
2014-03-11,309405,T316
2014-03-12,306655,T316
2014-03-13,310518,T316
2014-03-14,312770,T316
2014-03-15,310472,T316
2014-03-16,306906,T316
2014-03-17,309518,T316
2014-03-18,308500,T316
2014-03-19,308928,T316
2014-03-20,305839,T316
2014-03-21,312721,T316
2014-03-22,299337,T316
2014-03-23,232361,T316
2014-03-24,308992,T316
2014-03-25,304634,T316
2014-03-26,311453,T316
2014-03-27,304843,T316
2014-03-28,312264,T316
2014-03-29,311267,T316
2014-03-30,306522,T316
2014-03-31,308478,T316
2014-04-01,311109,T316
2014-04-02,286226,T316
2014-04-03,314407,T316
2014-04-04,326359,T316
2014-04-05,330134,T316
2014-04-06,328453,T316
2014-04-07,331096,T316
2014-04-08,333681,T316
2014-04-09,327180,T316
2014-04-10,329881,T316
2014-04-11,328841,T316
2014-04-12,323954,T316
2014-04-13,325298,T316
2014-04-14,322430,T316
2014-04-15,319566,T316
2014-04-16,313661,T316
2014-04-17,317088,T316
2014-04-18,313448,T316
2014-04-19,315995,T316
2014-04-20,306770,T316
2014-04-21,305607,T316
2014-04-22,277388,T316
2014-04-23,298387,T316
2014-04-24,334548,T316
2014-04-25,315909,T316
2014-04-26,339837,T316
2014-04-27,329180,T316
2014-04-28,340043,T316
2014-04-29,342129,T316
2014-04-30,367907,T316
2014-05-01,356223,T316
2014-05-02,370184,T316
2014-05-03,361434,T316
2014-05-04,357500,T316
2014-05-05,359288,T316
2014-05-06,372676,T316
2014-05-07,347839,T316
2014-05-08,362520,T316
2014-05-09,316929,T316
2014-05-10,359248,T316
2014-05-11,366995,T316
2014-05-12,357444,T316
2014-05-13,368275,T316
2014-05-14,367728,T316
2014-05-15,366385,T316
2014-05-16,369452,T316
2014-05-17,366773,T316
2014-05-18,364108,T316
2014-05-19,346064,T316
2014-05-20,339452,T316
2014-05-21,339612,T316
2014-05-22,343250,T316
2014-05-23,351334,T316
2014-05-24,341452,T316
2014-05-25,342089,T316
2014-05-26,367593,T316
2014-05-27,370499,T316
2014-05-28,383658,T316
2014-05-29,334389,T316
2014-05-30,346657,T316
2014-05-31,362519,T316
2014-06-01,368702,T316
2014-06-02,380023,T316
2014-06-03,362182,T316
2014-06-04,367087,T316
2014-06-05,362366,T316
2014-06-06,374568,T316
2014-06-07,362996,T316
2014-06-08,365977,T316
2014-06-09,370209,T316
2014-06-10,364045,T316
2014-06-11,384907,T316
2014-06-12,397544,T316
2014-06-13,402362,T316
2014-06-14,427540,T316
2014-06-15,413608,T316
2014-06-16,373844,T316
2014-06-17,364045,T316
2014-06-18,391248,T316
2014-06-19,383080,T316
2014-06-20,387885,T316
2014-06-21,399021,T316
2014-06-22,383707,T316
2014-06-23,385931,T316
2014-06-24,380141,T316
2014-06-25,381269,T316
2014-06-26,378887,T316
2014-06-27,389704,T316
2014-06-28,399719,T316
2014-06-29,380725,T316
2014-06-30,395789,T316
2014-07-01,406582,T316
2014-07-02,409792,T316
2014-07-03,423357,T316
2014-07-04,433156,T316
2014-07-05,436835,T316
2014-07-06,445476,T316
2014-07-07,430111,T316
2014-07-08,435882,T316
2014-07-09,433067,T316
2014-07-10,467997,T316
2014-07-11,455974,T316
2014-07-12,425928,T316
2014-07-13,453786,T316
2014-07-14,472024,T316
2014-07-15,475588,T316
2014-07-16,467908,T316
2014-07-17,469222,T316
2014-07-18,451002,T316
2014-07-19,450499,T316
2014-07-20,441091,T316
2014-07-21,449865,T316
2014-07-22,459657,T316
2014-07-23,457813,T316
2014-07-24,452723,T316
2014-07-25,457998,T316
2014-07-26,463407,T316
2014-07-27,446086,T316
2014-07-28,446204,T316
2014-07-29,449870,T316
2014-07-30,444273,T316
2014-07-31,444833,T316
2014-08-01,446178,T316
2014-08-02,451658,T316
2014-08-03,452091,T316
2014-08-04,447382,T316
2014-08-05,429884,T316
2014-08-06,468954,T316
2014-08-07,477000,T316
2014-08-08,461289,T316
2014-08-09,457547,T316
2014-08-10,467425,T316
2014-08-11,468658,T316
2014-08-12,474638,T316
2014-08-13,456725,T316
2014-08-14,460408,T316
2014-08-15,465856,T316
2014-08-16,459749,T316
2014-08-17,479228,T316
2014-08-18,469676,T316
2014-08-19,447089,T316
2014-08-20,445067,T316
2012-01-01,494,T249
2012-01-02,26822,T249
2012-01-03,27407,T249
2012-01-04,27852,T249
2012-01-05,27418,T249
2012-01-06,26977,T249
2012-01-07,27341,T249
2012-01-08,29997,T249
2012-01-09,30358,T249
2012-01-10,29915,T249
2012-01-11,30498,T249
2012-01-12,26774,T249
2012-01-13,27693,T249
2012-01-14,30436,T249
2012-01-15,30215,T249
2012-01-16,28604,T249
2012-01-17,30314,T249
2012-01-18,29483,T249
2012-01-19,25406,T249
2012-01-20,26104,T249
2012-01-21,27461,T249
2012-01-22,28824,T249
2012-01-23,28718,T249
2012-01-24,25638,T249
2012-01-25,25787,T249
2012-01-26,26352,T249
2012-01-27,27361,T249
2012-01-28,26103,T249
2012-01-29,25861,T249
2012-01-30,25473,T249
2012-01-31,27270,T249
2012-02-01,28389,T249
2012-02-02,26624,T249
2012-02-03,25186,T249
2012-02-04,28412,T249
2012-02-05,26812,T249
2012-02-06,25022,T249
2012-02-07,26579,T249
2012-02-08,26438,T249
2012-02-09,26849,T249
2012-02-10,27381,T249
2012-02-11,27320,T249
2012-02-12,24928,T249
2012-02-13,25405,T249
2012-02-14,25763,T249
2012-02-15,24489,T249
2012-02-16,25976,T249
2012-02-17,28238,T249
2012-02-18,25461,T249
2012-02-19,26457,T249
2012-02-20,25265,T249
2012-02-21,24908,T249
2012-02-22,24873,T249
2012-02-23,24691,T249
2012-02-24,24514,T249
2012-02-25,24706,T249
2012-02-26,26417,T249
2012-02-27,25269,T249
2012-02-28,24734,T249
2012-02-29,26498,T249
2012-03-01,25747,T249
2012-03-02,26341,T249
2012-03-03,28168,T249
2012-03-04,27229,T249
2012-03-05,25900,T249
2012-03-06,25528,T249
2012-03-07,25001,T249
2012-03-08,24357,T249
2012-03-09,23602,T249
2012-03-10,24160,T249
2012-03-11,24397,T249
2012-03-12,23800,T249
2012-03-13,23356,T249
2012-03-14,25374,T249
2012-03-15,23598,T249
2012-03-16,23979,T249
2012-03-17,24119,T249
2012-03-18,22260,T249
2012-03-19,21930,T249
2012-03-20,22741,T249
2012-03-21,24299,T249
2012-03-22,23752,T249
2012-03-23,23891,T249
2012-03-24,25775,T249
2012-03-25,24520,T249
2012-03-26,24820,T249
2012-03-27,24847,T249
2012-03-28,24066,T249
2012-03-29,23013,T249
2012-03-30,23809,T249
2012-03-31,24593,T249
2012-04-01,24068,T249
2012-04-02,23655,T249
2012-04-03,24621,T249
2012-04-04,24969,T249
2012-04-05,25453,T249
2012-04-06,24842,T249
2012-04-07,26121,T249
2012-04-08,23113,T249
2012-04-09,26054,T249
2012-04-10,25142,T249
2012-04-11,23758,T249
2012-04-12,23829,T249
2012-04-13,25298,T249
2012-04-14,26226,T249
2012-04-15,27047,T249
2012-04-16,23219,T249
2012-04-17,23982,T249
2012-04-18,26794,T249
2012-04-19,25003,T249
2012-04-20,26798,T249
2012-04-21,27311,T249
2012-04-22,24365,T249
2012-04-23,23772,T249
2012-04-24,27212,T249
2012-04-25,24267,T249
2012-04-26,25307,T249
2012-04-27,24806,T249
2012-04-28,24562,T249
2012-04-29,23891,T249
2012-04-30,26770,T249
2012-05-01,24222,T249
2012-05-02,25654,T249
2012-05-03,25176,T249
2012-05-04,25386,T249
2012-05-05,24444,T249
2012-05-06,25943,T249
2012-05-07,23509,T249
2012-05-08,24856,T249
2012-05-09,25226,T249
2012-05-10,25995,T249
2012-05-11,27063,T249
2012-05-12,27812,T249
2012-05-13,26974,T249
2012-05-14,27079,T249
2012-05-15,26040,T249
2012-05-16,26717,T249
2012-05-17,26286,T249
2012-05-18,25471,T249
2012-05-19,25421,T249
2012-05-20,23811,T249
2012-05-21,23394,T249
2012-05-22,24418,T249
2012-05-23,25411,T249
2012-05-24,26417,T249
2012-05-25,25900,T249
2012-05-26,26099,T249
2012-05-27,23914,T249
2012-05-28,24448,T249
2012-05-29,24879,T249
2012-05-30,25806,T249
2012-05-31,27856,T249
2012-06-01,29431,T249
2012-06-02,28310,T249
2012-06-03,27121,T249
2012-06-04,26127,T249
2012-06-05,26911,T249
2012-06-06,26646,T249
2012-06-07,26573,T249
2012-06-08,25236,T249
2012-06-09,25657,T249
2012-06-10,25896,T249
2012-06-11,25023,T249
2012-06-12,24298,T249
2012-06-13,24720,T249
2012-06-14,24814,T249
2012-06-15,25249,T249
2012-06-16,26725,T249
2012-06-17,26326,T249
2012-06-18,25695,T249
2012-06-19,24969,T249
2012-06-20,24990,T249
2012-06-21,25229,T249
2012-06-22,25643,T249
2012-06-23,26760,T249
2012-06-24,28211,T249
2012-06-25,29673,T249
2012-06-26,30312,T249
2012-06-27,30402,T249
2012-06-28,28305,T249
2012-06-29,26564,T249
2012-06-30,26583,T249
2012-07-01,26078,T249
2012-07-02,25750,T249
2012-07-03,26559,T249
2012-07-04,26715,T249
2012-07-05,25283,T249
2012-07-06,26330,T249
2012-07-07,27392,T249
2012-07-08,26879,T249
2012-07-09,26058,T249
2012-07-10,25940,T249
2012-07-11,25880,T249
2012-07-12,26104,T249
2012-07-13,26269,T249
2012-07-14,26793,T249
2012-07-15,26059,T249
2012-07-16,27696,T249
2012-07-17,31407,T249
2012-07-18,31036,T249
2012-07-19,28023,T249
2012-07-20,27939,T249
2012-07-21,28336,T249
2012-07-22,28539,T249
2012-07-23,28465,T249
2012-07-24,28283,T249
2012-07-25,28316,T249
2012-07-26,28208,T249
2012-07-27,28820,T249
2012-07-28,28780,T249
2012-07-29,28223,T249
2012-07-30,27788,T249
2012-07-31,27527,T249
2012-08-01,27565,T249
2012-08-02,27166,T249
2012-08-03,27624,T249
2012-08-04,28142,T249
2012-08-05,27165,T249
2012-08-06,26657,T249
2012-08-07,27480,T249
2012-08-08,27723,T249
2012-08-09,28228,T249
2012-08-10,28719,T249
2012-08-11,28442,T249
2012-08-12,27896,T249
2012-08-13,27023,T249
2012-08-14,27909,T249
2012-08-15,27342,T249
2012-08-16,26802,T249
2012-08-17,27617,T249
2012-08-18,28083,T249
2012-08-19,29368,T249
2012-08-20,28887,T249
2012-08-21,28193,T249
2012-08-22,28052,T249
2012-08-23,28215,T249
2012-08-24,27751,T249
2012-08-25,28525,T249
2012-08-26,27071,T249
2012-08-27,26839,T249
2012-08-28,27738,T249
2012-08-29,26515,T249
2012-08-30,26594,T249
2012-08-31,26964,T249
2012-09-01,26762,T249
2012-09-02,27493,T249
2012-09-03,27773,T249
2012-09-04,27680,T249
2012-09-05,28174,T249
2012-09-06,29025,T249
2012-09-07,29436,T249
2012-09-08,30773,T249
2012-09-09,29974,T249
2012-09-10,28426,T249
2012-09-11,28155,T249
2012-09-12,27919,T249
2012-09-13,27295,T249
2012-09-14,28949,T249
2012-09-15,29948,T249
2012-09-16,29221,T249
2012-09-17,28590,T249
2012-09-18,27975,T249
2012-09-19,28890,T249
2012-09-20,29472,T249
2012-09-21,29383,T249
2012-09-22,28428,T249
2012-09-23,28088,T249
2012-09-24,27066,T249
2012-09-25,27487,T249
2012-09-26,25654,T249
2012-09-27,27148,T249
2012-09-28,28290,T249
2012-09-29,29004,T249
2012-09-30,28399,T249
2012-10-01,27819,T249
2012-10-02,27070,T249
2012-10-03,27285,T249
2012-10-04,27285,T249
2012-10-05,28705,T249
2012-10-06,29120,T249
2012-10-07,29794,T249
2012-10-08,29040,T249
2012-10-09,29476,T249
2012-10-10,29349,T249
2012-10-11,29093,T249
2012-10-12,27964,T249
2012-10-13,25927,T249
2012-10-14,26873,T249
2012-10-15,25281,T249
2012-10-16,27060,T249
2012-10-17,27487,T249
2012-10-18,26462,T249
2012-10-19,26964,T249
2012-10-20,26378,T249
2012-10-21,26242,T249
2012-10-22,27165,T249
2012-10-23,27668,T249
2012-10-24,28086,T249
2012-10-25,26055,T249
2012-10-26,26836,T249
2012-10-27,25202,T249
2012-10-28,25686,T249
2012-10-29,23575,T249
2012-10-30,24229,T249
2012-10-31,23359,T249
2012-11-01,24646,T249
2012-11-02,25310,T249
2012-11-03,26540,T249
2012-11-04,26346,T249
2012-11-05,23169,T249
2012-11-06,25417,T249
2012-11-07,25694,T249
2012-11-08,26322,T249
2012-11-09,26555,T249
2012-11-10,27460,T249
2012-11-11,25484,T249
2012-11-12,25367,T249
2012-11-13,25434,T249
2012-11-14,25603,T249
2012-11-15,24987,T249
2012-11-16,27432,T249
2012-11-17,28341,T249
2012-11-18,27749,T249
2012-11-19,26737,T249
2012-11-20,26702,T249
2012-11-21,26622,T249
2012-11-22,25787,T249
2012-11-23,29067,T249
2012-11-24,27765,T249
2012-11-25,27454,T249
2012-11-26,26302,T249
2012-11-27,27166,T249
2012-11-28,27195,T249
2012-11-29,28112,T249
2012-11-30,27794,T249
2012-12-01,26502,T249
2012-12-02,27774,T249
2012-12-03,27747,T249
2012-12-04,23518,T249
2012-12-05,23116,T249
2012-12-06,27484,T249
2012-12-07,26788,T249
2012-12-08,29839,T249
2012-12-09,28674,T249
2012-12-10,25177,T249
2012-12-11,27257,T249
2012-12-12,27502,T249
2012-12-13,27261,T249
2012-12-14,23626,T249
2012-12-15,27678,T249
2012-12-16,29181,T249
2012-12-17,24101,T249
2012-12-18,23244,T249
2012-12-19,24668,T249
2012-12-20,24050,T249
2012-12-21,25315,T249
2012-12-22,26009,T249
2012-12-23,29877,T249
2012-12-24,23876,T249
2012-12-25,18241,T249
2012-12-26,25359,T249
2012-12-27,26422,T249
2012-12-28,27725,T249
2012-12-29,27675,T249
2012-12-30,27760,T249
2012-12-31,24945,T249
2013-01-01,17842,T249
2013-01-02,23695,T249
2013-01-03,25202,T249
2013-01-04,27250,T249
2013-01-05,27403,T249
2013-01-06,27037,T249
2013-01-07,26953,T249
2013-01-08,27485,T249
2013-01-09,26434,T249
2013-01-10,25652,T249
2013-01-11,26421,T249
2013-01-12,28286,T249
2013-01-13,27179,T249
2013-01-14,27499,T249
2013-01-15,25116,T249
2013-01-16,25019,T249
2013-01-17,23526,T249
2013-01-18,24311,T249
2013-01-19,25367,T249
2013-01-20,25790,T249
2013-01-21,24763,T249
2013-01-22,21059,T249
2013-01-23,23663,T249
2013-01-24,26138,T249
2013-01-25,27536,T249
2013-01-26,25739,T249
2013-01-27,28007,T249
2013-01-28,23697,T249
2013-01-29,24102,T249
2013-01-30,26498,T249
2013-01-31,23797,T249
2013-02-01,27415,T249
2013-02-02,27564,T249
2013-02-03,26717,T249
2013-02-04,24205,T249
2013-02-05,24110,T249
2013-02-06,24938,T249
2013-02-07,23865,T249
2013-02-08,24996,T249
2013-02-09,26232,T249
2013-02-10,25986,T249
2013-02-11,26100,T249
2013-02-12,26318,T249
2013-02-13,23952,T249
2013-02-14,24751,T249
2013-02-15,23490,T249
2013-02-16,26921,T249
2013-02-17,26337,T249
2013-02-18,26768,T249
2013-02-19,26310,T249
2013-02-20,26977,T249
2013-02-21,26334,T249
2013-02-22,24458,T249
2013-02-23,25110,T249
2013-02-24,22218,T249
2013-02-25,25164,T249
2013-02-26,26207,T249
2013-02-27,26648,T249
2013-02-28,25703,T249
2013-03-01,27683,T249
2013-03-02,28273,T249
2013-03-03,25853,T249
2013-03-04,27482,T249
2013-03-05,26328,T249
2013-03-06,24981,T249
2013-03-07,25363,T249
2013-03-08,26083,T249
2013-03-09,29383,T249
2013-03-10,28993,T249
2013-03-11,25662,T249
2013-03-12,26628,T249
2013-03-13,23912,T249
2013-03-14,24483,T249
2013-03-15,24416,T249
2013-03-16,28134,T249
2013-03-17,25762,T249
2013-03-18,25564,T249
2013-03-19,24817,T249
2013-03-20,22092,T249
2013-03-21,22398,T249
2013-03-22,22919,T249
2013-03-23,23226,T249
2013-03-24,23306,T249
2013-03-25,22489,T249
2013-03-26,22210,T249
2013-03-27,22731,T249
2013-03-28,22791,T249
2013-03-29,22789,T249
2013-03-30,24247,T249
2013-03-31,21009,T249
2013-04-01,22101,T249
2013-04-02,22203,T249
2013-04-03,22013,T249
2013-04-04,21924,T249
2013-04-05,23135,T249
2013-04-06,21445,T249
2013-04-07,21711,T249
2013-04-08,20696,T249
2013-04-09,22220,T249
2013-04-10,22202,T249
2013-04-11,22065,T249
2013-04-12,23557,T249
2013-04-13,23448,T249
2013-04-14,23528,T249
2013-04-15,23206,T249
2013-04-16,22945,T249
2013-04-17,23172,T249
2013-04-18,23062,T249
2013-04-19,23533,T249
2013-04-20,23352,T249
2013-04-21,23796,T249
2013-04-22,24099,T249
2013-04-23,24514,T249
2013-04-24,25474,T249
2013-04-25,25389,T249
2013-04-26,25550,T249
2013-04-27,23548,T249
2013-04-28,22808,T249
2013-04-29,22907,T249
2013-04-30,23425,T249
2013-05-01,23709,T249
2013-05-02,24158,T249
2013-05-03,25398,T249
2013-05-04,26134,T249
2013-05-05,25202,T249
2013-05-06,23979,T249
2013-05-07,24041,T249
2013-05-08,24741,T249
2013-05-09,24643,T249
2013-05-10,24539,T249
2013-05-11,24288,T249
2013-05-12,25286,T249
2013-05-13,25308,T249
2013-05-14,25143,T249
2013-05-15,23726,T249
2013-05-16,23116,T249
2013-05-17,23128,T249
2013-05-18,23738,T249
2013-05-19,23231,T249
2013-05-20,23098,T249
2013-05-21,23703,T249
2013-05-22,24503,T249
2013-05-23,24765,T249
2013-05-24,24953,T249
2013-05-25,25326,T249
2013-05-26,24979,T249
2013-05-27,23898,T249
2013-05-28,23471,T249
2013-05-29,22678,T249
2013-05-30,22744,T249
2013-05-31,24170,T249
2013-06-01,25140,T249
2013-06-02,25234,T249
2013-06-03,25870,T249
2013-06-04,25998,T249
2013-06-05,26408,T249
2013-06-06,24552,T249
2013-06-07,24210,T249
2013-06-08,25623,T249
2013-06-09,25011,T249
2013-06-10,24211,T249
2013-06-11,24377,T249
2013-06-12,25286,T249
2013-06-13,25364,T249
2013-06-14,25479,T249
2013-06-15,26296,T249
2013-06-16,25050,T249
2013-06-17,23331,T249
2013-06-18,24033,T249
2013-06-19,23798,T249
2013-06-20,23719,T249
2013-06-21,24895,T249
2013-06-22,26557,T249
2013-06-23,26844,T249
2013-06-24,26423,T249
2013-06-25,27663,T249
2013-06-26,27208,T249
2013-06-27,27229,T249
2013-06-28,27391,T249
2013-06-29,28885,T249
2013-06-30,28736,T249
2013-07-01,28429,T249
2013-07-02,26931,T249
2013-07-03,29314,T249
2013-07-04,30714,T249
2013-07-05,33425,T249
2013-07-06,35768,T249
2013-07-07,37076,T249
2013-07-08,35770,T249
2013-07-09,31758,T249
2013-07-10,28896,T249
2013-07-11,28684,T249
2013-07-12,28978,T249
2013-07-13,29129,T249
2013-07-14,31599,T249
2013-07-15,27936,T249
2013-07-16,28050,T249
2013-07-17,28146,T249
2013-07-18,29220,T249
2013-07-19,28165,T249
2013-07-20,27592,T249
2013-07-21,27300,T249
2013-07-22,25246,T249
2013-07-23,26107,T249
2013-07-24,26231,T249
2013-07-25,25924,T249
2013-07-26,26030,T249
2013-07-27,27170,T249
2013-07-28,26351,T249
2013-07-29,25266,T249
2013-07-30,26272,T249
2013-07-31,26468,T249
2013-08-01,25781,T249
2013-08-02,26496,T249
2013-08-03,26078,T249
2013-08-04,25853,T249
2013-08-05,25446,T249
2013-08-06,26048,T249
2013-08-07,25565,T249
2013-08-08,25562,T249
2013-08-09,27649,T249
2013-08-10,31860,T249
2013-08-11,30225,T249
2013-08-12,26742,T249
2013-08-13,28984,T249
2013-08-14,28134,T249
2013-08-15,28821,T249
2013-08-16,26565,T249
2013-08-17,27217,T249
2013-08-18,27157,T249
2013-08-19,28734,T249
2013-08-20,27946,T249
2013-08-21,26133,T249
2013-08-22,25585,T249
2013-08-23,26401,T249
2013-08-24,27266,T249
2013-08-25,26556,T249
2013-08-26,26350,T249
2013-08-27,26658,T249
2013-08-28,26406,T249
2013-08-29,25513,T249
2013-08-30,26309,T249
2013-08-31,27142,T249
2013-09-01,26637,T249
2013-09-02,26813,T249
2013-09-03,26779,T249
2013-09-04,26426,T249
2013-09-05,25365,T249
2013-09-06,26207,T249
2013-09-07,26233,T249
2013-09-08,24921,T249
2013-09-09,24109,T249
2013-09-10,24866,T249
2013-09-11,25678,T249
2013-09-12,25905,T249
2013-09-13,27443,T249
2013-09-14,28330,T249
2013-09-15,26696,T249
2013-09-16,25595,T249
2013-09-17,25711,T249
2013-09-18,25185,T249
2013-09-19,25329,T249
2013-09-20,26250,T249
2013-09-21,27060,T249
2013-09-22,27233,T249
2013-09-23,25726,T249
2013-09-24,25206,T249
2013-09-25,24988,T249
2013-09-26,25041,T249
2013-09-27,25845,T249
2013-09-28,26526,T249
2013-09-29,26212,T249
2013-09-30,26203,T249
2013-10-01,25779,T249
2013-10-02,24688,T249
2013-10-03,24883,T249
2013-10-04,25452,T249
2013-10-05,25465,T249
2013-10-06,25327,T249
2013-10-07,24216,T249
2013-10-08,24069,T249
2013-10-09,24027,T249
2013-10-10,23842,T249
2013-10-11,24306,T249
2013-10-12,24312,T249
2013-10-13,24732,T249
2013-10-14,24474,T249
2013-10-15,24979,T249
2013-10-16,25254,T249
2013-10-17,24709,T249
2013-10-18,25445,T249
2013-10-19,25869,T249
2013-10-20,25681,T249
2013-10-21,24888,T249
2013-10-22,24460,T249
2013-10-23,23928,T249
2013-10-24,24358,T249
2013-10-25,24796,T249
2013-10-26,24520,T249
2013-10-27,25347,T249
2013-10-28,23107,T249
2013-10-29,22516,T249
2013-10-30,22019,T249
2013-10-31,21891,T249
2013-11-01,23638,T249
2013-11-02,24543,T249
2013-11-03,23210,T249
2013-11-04,22634,T249
2013-11-05,23149,T249
2013-11-06,23030,T249
2013-11-07,22671,T249
2013-11-08,23302,T249
2013-11-09,23301,T249
2013-11-10,22489,T249
2013-11-11,22085,T249
2013-11-12,21992,T249
2013-11-13,22100,T249
2013-11-14,21351,T249
2013-11-15,21525,T249
2013-11-16,23335,T249
2013-11-17,24150,T249
2013-11-18,22926,T249
2013-11-19,21265,T249
2013-11-20,23222,T249
2013-11-21,24462,T249
2013-11-22,25936,T249
2013-11-23,26063,T249
2013-11-24,24684,T249
2013-11-25,24319,T249
2013-11-26,21093,T249
2013-11-27,23688,T249
2013-11-28,22160,T249
2013-11-29,22990,T249
2013-11-30,23816,T249
2013-12-01,24102,T249
2013-12-02,23687,T249
2013-12-03,22885,T249
2013-12-04,24192,T249
2013-12-05,21769,T249
2013-12-06,25882,T249
2013-12-07,24815,T249
2013-12-08,24335,T249
2013-12-09,23439,T249
2013-12-10,24167,T249
2013-12-11,20772,T249
2013-12-12,22392,T249
2013-12-13,24449,T249
2013-12-14,24415,T249
2013-12-15,25844,T249
2013-12-16,22566,T249
2013-12-17,21732,T249
2013-12-18,25341,T249
2013-12-19,23848,T249
2013-12-20,25181,T249
2013-12-21,26662,T249
2013-12-22,27689,T249
2013-12-23,26720,T249
2013-12-24,19484,T249
2013-12-25,15108,T249
2013-12-26,24770,T249
2013-12-27,26472,T249
2013-12-28,24405,T249
2013-12-29,25752,T249
2013-12-30,26309,T249
2013-12-31,21176,T249
2014-01-01,16304,T249
2014-01-02,23676,T249
2014-01-03,24395,T249
2014-01-04,24473,T249
2014-01-05,24984,T249
2014-01-06,22610,T249
2014-01-07,21993,T249
2014-01-08,21628,T249
2014-01-09,21400,T249
2014-01-10,24520,T249
2014-01-11,27146,T249
2014-01-12,25968,T249
2014-01-13,24520,T249
2014-01-14,22492,T249
2014-01-15,24152,T249
2014-01-16,23843,T249
2014-01-17,24216,T249
2014-01-18,25170,T249
2014-01-19,24746,T249
2014-01-20,22656,T249
2014-01-21,23273,T249
2014-01-22,21867,T249
2014-01-23,22800,T249
2014-01-24,23984,T249
2014-01-25,23748,T249
2014-01-26,24210,T249
2014-01-27,21725,T249
2014-01-28,22758,T249
2014-01-29,23753,T249
2014-01-30,22996,T249
2014-01-31,25815,T249
2014-02-01,25163,T249
2014-02-02,25062,T249
2014-02-03,24344,T249
2014-02-04,22527,T249
2014-02-05,22032,T249
2014-02-06,20031,T249
2014-02-07,21389,T249
2014-02-08,20957,T249
2014-02-09,22565,T249
2014-02-10,22470,T249
2014-02-11,21825,T249
2014-02-12,22290,T249
2014-02-13,22743,T249
2014-02-14,23148,T249
2014-02-15,23673,T249
2014-02-16,23791,T249
2014-02-17,23597,T249
2014-02-18,21379,T249
2014-02-19,22482,T249
2014-02-20,21488,T249
2014-02-21,21720,T249
2014-02-22,22165,T249
2014-02-23,23397,T249
2014-02-24,21596,T249
2014-02-25,22580,T249
2014-02-26,22151,T249
2014-02-27,22852,T249
2014-02-28,22487,T249
2014-03-01,23050,T249
2014-03-02,24357,T249
2014-03-03,21238,T249
2014-03-04,22507,T249
2014-03-05,21297,T249
2014-03-06,21902,T249
2014-03-07,22719,T249
2014-03-08,24179,T249
2014-03-09,23022,T249
2014-03-10,22360,T249
2014-03-11,22350,T249
2014-03-12,21971,T249
2014-03-13,22137,T249
2014-03-14,22457,T249
2014-03-15,23147,T249
2014-03-16,22946,T249
2014-03-17,21972,T249
2014-03-18,21979,T249
2014-03-19,22658,T249
2014-03-20,22170,T249
2014-03-21,22833,T249
2014-03-22,23049,T249
2014-03-23,22248,T249
2014-03-24,22486,T249
2014-03-25,21183,T249
2014-03-26,21172,T249
2014-03-27,21383,T249
2014-03-28,21655,T249
2014-03-29,22777,T249
2014-03-30,21363,T249
2014-03-31,21841,T249
2014-04-01,21184,T249
2014-04-02,21240,T249
2014-04-03,21313,T249
2014-04-04,22440,T249
2014-04-05,23969,T249
2014-04-06,23177,T249
2014-04-07,22528,T249
2014-04-08,22543,T249
2014-04-09,23354,T249
2014-04-10,24022,T249
2014-04-11,24339,T249
2014-04-12,25027,T249
2014-04-13,25102,T249
2014-04-14,22899,T249
2014-04-15,24507,T249
2014-04-16,24463,T249
2014-04-17,24567,T249
2014-04-18,24684,T249
2014-04-19,24370,T249
2014-04-20,21433,T249
2014-04-21,22648,T249
2014-04-22,22433,T249
2014-04-23,22195,T249
2014-04-24,21820,T249
2014-04-25,23266,T249
2014-04-26,23413,T249
2014-04-27,23014,T249
2014-04-28,22427,T249
2014-04-29,22679,T249
2014-04-30,23307,T249
2014-05-01,23992,T249
2014-05-02,24370,T249
2014-05-03,25189,T249
2014-05-04,25155,T249
2014-05-05,24411,T249
2014-05-06,24642,T249
2014-05-07,24423,T249
2014-05-08,24536,T249
2014-05-09,25929,T249
2014-05-10,26669,T249
2014-05-11,25776,T249
2014-05-12,24590,T249
2014-05-13,24499,T249
2014-05-14,24488,T249
2014-05-15,25091,T249
2014-05-16,25922,T249
2014-05-17,26335,T249
2014-05-18,25494,T249
2014-05-19,23419,T249
2014-05-20,22250,T249
2014-05-21,21917,T249
2014-05-22,22208,T249
2014-05-23,23448,T249
2014-05-24,23509,T249
2014-05-25,22913,T249
2014-05-26,22818,T249
2014-05-27,22640,T249
2014-05-28,22881,T249
2014-05-29,22824,T249
2014-05-30,24738,T249
2014-05-31,25132,T249
2014-06-01,24660,T249
2014-06-02,24773,T249
2014-06-03,23807,T249
2014-06-04,23627,T249
2014-06-05,23779,T249
2014-06-06,24763,T249
2014-06-07,25059,T249
2014-06-08,24461,T249
2014-06-09,24143,T249
2014-06-10,24521,T249
2014-06-11,25119,T249
2014-06-12,26167,T249
2014-06-13,27845,T249
2014-06-14,28381,T249
2014-06-15,26738,T249
2014-06-16,25445,T249
2014-06-17,25050,T249
2014-06-18,25533,T249
2014-06-19,25197,T249
2014-06-20,25562,T249
2014-06-21,25985,T249
2014-06-22,25263,T249
2014-06-23,23941,T249
2014-06-24,22289,T249
2014-06-25,22052,T249
2014-06-26,22355,T249
2014-06-27,23442,T249
2014-06-28,24154,T249
2014-06-29,22269,T249
2014-06-30,21720,T249
2014-07-01,21349,T249
2014-07-02,22316,T249
2014-07-03,23213,T249
2014-07-04,24040,T249
2014-07-05,23686,T249
2014-07-06,23155,T249
2014-07-07,21767,T249
2014-07-08,22624,T249
2014-07-09,23748,T249
2014-07-10,24459,T249
2014-07-11,25524,T249
2014-07-12,26733,T249
2014-07-13,25923,T249
2014-07-14,25650,T249
2014-07-15,25610,T249
2014-07-16,25573,T249
2014-07-17,23378,T249
2014-07-18,22988,T249
2014-07-19,24158,T249
2014-07-20,23627,T249
2014-07-21,23757,T249
2014-07-22,24758,T249
2014-07-23,23390,T249
2014-07-24,22834,T249
2014-07-25,25450,T249
2014-07-26,26566,T249
2014-07-27,26485,T249
2014-07-28,25983,T249
2014-07-29,25372,T249
2014-07-30,25421,T249
2014-07-31,24610,T249
2014-08-01,23912,T249
2014-08-02,24493,T249
2014-08-03,23556,T249
2014-08-04,22816,T249
2014-08-05,22978,T249
2014-08-06,23676,T249
2014-08-07,24395,T249
2014-08-08,24870,T249
2014-08-09,25530,T249
2014-08-10,23843,T249
2014-08-11,24139,T249
2014-08-12,22789,T249
2014-08-13,22662,T249
2014-08-14,23026,T249
2014-08-15,24337,T249
2014-08-16,24989,T249
2014-08-17,25489,T249
2014-08-18,24301,T249
2014-08-19,23625,T249
2014-08-20,23626,T249
2012-01-01,16168,T133
2012-01-02,37302,T133
2012-01-03,41298,T133
2012-01-04,39706,T133
2012-01-05,39954,T133
2012-01-06,39515,T133
2012-01-07,31477,T133
2012-01-08,17528,T133
2012-01-09,38015,T133
2012-01-10,39699,T133
2012-01-11,39120,T133
2012-01-12,38013,T133
2012-01-13,38274,T133
2012-01-14,34137,T133
2012-01-15,16692,T133
2012-01-16,37615,T133
2012-01-17,39525,T133
2012-01-18,39446,T133
2012-01-19,40001,T133
2012-01-20,39969,T133
2012-01-21,33416,T133
2012-01-22,17392,T133
2012-01-23,38190,T133
2012-01-24,38826,T133
2012-01-25,38322,T133
2012-01-26,38529,T133
2012-01-27,37846,T133
2012-01-28,32272,T133
2012-01-29,17010,T133
2012-01-30,36755,T133
2012-01-31,38173,T133
2012-02-01,37504,T133
2012-02-02,37616,T133
2012-02-03,38963,T133
2012-02-04,32894,T133
2012-02-05,16646,T133
2012-02-06,36132,T133
2012-02-07,37152,T133
2012-02-08,37225,T133
2012-02-09,38054,T133
2012-02-10,38812,T133
2012-02-11,28557,T133
2012-02-12,15850,T133
2012-02-13,36163,T133
2012-02-14,37225,T133
2012-02-15,36997,T133
2012-02-16,36515,T133
2012-02-17,36505,T133
2012-02-18,30747,T133
2012-02-19,15977,T133
2012-02-20,35002,T133
2012-02-21,35632,T133
2012-02-22,36527,T133
2012-02-23,36176,T133
2012-02-24,36137,T133
2012-02-25,28480,T133
2012-02-26,14726,T133
2012-02-27,32896,T133
2012-02-28,36482,T133
2012-02-29,36197,T133
2012-03-01,37271,T133
2012-03-02,36449,T133
2012-03-03,30689,T133
2012-03-04,18401,T133
2012-03-05,34853,T133
2012-03-06,35425,T133
2012-03-07,34811,T133
2012-03-08,35199,T133
2012-03-09,34692,T133
2012-03-10,30280,T133
2012-03-11,18796,T133
2012-03-12,32836,T133
2012-03-13,35676,T133
2012-03-14,34432,T133
2012-03-15,35378,T133
2012-03-16,35376,T133
2012-03-17,29584,T133
2012-03-18,18478,T133
2012-03-19,34500,T133
2012-03-20,36983,T133
2012-03-21,36182,T133
2012-03-22,36263,T133
2012-03-23,36219,T133
2012-03-24,30408,T133
2012-03-25,15822,T133
2012-03-26,33646,T133
2012-03-27,35178,T133
2012-03-28,32516,T133
2012-03-29,33487,T133
2012-03-30,32827,T133
2012-03-31,26580,T133
2012-04-01,17571,T133
2012-04-02,31163,T133
2012-04-03,35449,T133
2012-04-04,33746,T133
2012-04-05,33414,T133
2012-04-06,31770,T133
2012-04-07,24516,T133
2012-04-08,15539,T133
2012-04-09,29226,T133
2012-04-10,33319,T133
2012-04-11,32322,T133
2012-04-12,34393,T133
2012-04-13,35508,T133
2012-04-14,28722,T133
2012-04-15,17266,T133
2012-04-16,30203,T133
2012-04-17,35213,T133
2012-04-18,35333,T133
2012-04-19,35764,T133
2012-04-20,35569,T133
2012-04-21,29203,T133
2012-04-22,16683,T133
2012-04-23,31553,T133
2012-04-24,34798,T133
2012-04-25,34694,T133
2012-04-26,35403,T133
2012-04-27,33114,T133
2012-04-28,27692,T133
2012-04-29,17292,T133
2012-04-30,32005,T133
2012-05-01,22624,T133
2012-05-02,31033,T133
2012-05-03,34623,T133
2012-05-04,33841,T133
2012-05-05,25364,T133
2012-05-06,15885,T133
2012-05-07,31987,T133
2012-05-08,32510,T133
2012-05-09,34205,T133
2012-05-10,33493,T133
2012-05-11,34728,T133
2012-05-12,27606,T133
2012-05-13,16137,T133
2012-05-14,30269,T133
2012-05-15,33144,T133
2012-05-16,34391,T133
2012-05-17,32445,T133
2012-05-18,33249,T133
2012-05-19,25310,T133
2012-05-20,16569,T133
2012-05-21,29898,T133
2012-05-22,32077,T133
2012-05-23,32623,T133
2012-05-24,31627,T133
2012-05-25,31819,T133
2012-05-26,25451,T133
2012-05-27,17134,T133
2012-05-28,29085,T133
2012-05-29,32255,T133
2012-05-30,33390,T133
2012-05-31,33378,T133
2012-06-01,34267,T133
2012-06-02,25729,T133
2012-06-03,16367,T133
2012-06-04,29089,T133
2012-06-05,33762,T133
2012-06-06,34909,T133
2012-06-07,31930,T133
2012-06-08,32600,T133
2012-06-09,25037,T133
2012-06-10,16482,T133
2012-06-11,29306,T133
2012-06-12,33565,T133
2012-06-13,30958,T133
2012-06-14,30313,T133
2012-06-15,29820,T133
2012-06-16,26731,T133
2012-06-17,16979,T133
2012-06-18,30171,T133
2012-06-19,32236,T133
2012-06-20,32532,T133
2012-06-21,32012,T133
2012-06-22,29817,T133
2012-06-23,23517,T133
2012-06-24,16504,T133
2012-06-25,29946,T133
2012-06-26,33360,T133
2012-06-27,32396,T133
2012-06-28,29807,T133
2012-06-29,26765,T133
2012-06-30,18696,T133
2012-07-01,11661,T133
2012-07-02,26551,T133
2012-07-03,29129,T133
2012-07-04,29242,T133
2012-07-05,28147,T133
2012-07-06,27425,T133
2012-07-07,14423,T133
2012-07-08,9676,T133
2012-07-09,25348,T133
2012-07-10,27124,T133
2012-07-11,26936,T133
2012-07-12,26302,T133
2012-07-13,27351,T133
2012-07-14,11901,T133
2012-07-15,8692,T133
2012-07-16,26249,T133
2012-07-17,30275,T133
2012-07-18,30152,T133
2012-07-19,27230,T133
2012-07-20,26307,T133
2012-07-21,11754,T133
2012-07-22,8592,T133
2012-07-23,26185,T133
2012-07-24,28558,T133
2012-07-25,28169,T133
2012-07-26,28644,T133
2012-07-27,27979,T133
2012-07-28,11063,T133
2012-07-29,7793,T133
2012-07-30,26649,T133
2012-07-31,27897,T133
2012-08-01,28804,T133
2012-08-02,28975,T133
2012-08-03,27871,T133
2012-08-04,12427,T133
2012-08-05,8470,T133
2012-08-06,26572,T133
2012-08-07,31736,T133
2012-08-08,33253,T133
2012-08-09,30048,T133
2012-08-10,31549,T133
2012-08-11,16689,T133
2012-08-12,9009,T133
2012-08-13,27641,T133
2012-08-14,30123,T133
2012-08-15,28182,T133
2012-08-16,27928,T133
2012-08-17,27838,T133
2012-08-18,12369,T133
2012-08-19,9057,T133
2012-08-20,29317,T133
2012-08-21,32310,T133
2012-08-22,28914,T133
2012-08-23,29056,T133
2012-08-24,29332,T133
2012-08-25,12817,T133
2012-08-26,9181,T133
2012-08-27,28454,T133
2012-08-28,31721,T133
2012-08-29,30104,T133
2012-08-30,29625,T133
2012-08-31,30768,T133
2012-09-01,13956,T133
2012-09-02,9887,T133
2012-09-03,28810,T133
2012-09-04,32268,T133
2012-09-05,32150,T133
2012-09-06,32252,T133
2012-09-07,32653,T133
2012-09-08,14741,T133
2012-09-09,10247,T133
2012-09-10,29655,T133
2012-09-11,32038,T133
2012-09-12,32095,T133
2012-09-13,32539,T133
2012-09-14,33373,T133
2012-09-15,20286,T133
2012-09-16,12446,T133
2012-09-17,30740,T133
2012-09-18,31558,T133
2012-09-19,32002,T133
2012-09-20,31148,T133
2012-09-21,32296,T133
2012-09-22,13142,T133
2012-09-23,9460,T133
2012-09-24,28375,T133
2012-09-25,31725,T133
2012-09-26,30440,T133
2012-09-27,30170,T133
2012-09-28,30747,T133
2012-09-29,13649,T133
2012-09-30,8823,T133
2012-10-01,25423,T133
2012-10-02,28364,T133
2012-10-03,29123,T133
2012-10-04,29058,T133
2012-10-05,29543,T133
2012-10-06,22718,T133
2012-10-07,12001,T133
2012-10-08,27215,T133
2012-10-09,33346,T133
2012-10-10,29174,T133
2012-10-11,30279,T133
2012-10-12,30132,T133
2012-10-13,13275,T133
2012-10-14,8903,T133
2012-10-15,25924,T133
2012-10-16,30010,T133
2012-10-17,30576,T133
2012-10-18,33004,T133
2012-10-19,30673,T133
2012-10-20,13315,T133
2012-10-21,9489,T133
2012-10-22,27876,T133
2012-10-23,31314,T133
2012-10-24,32808,T133
2012-10-25,33343,T133
2012-10-26,33728,T133
2012-10-27,13328,T133
2012-10-28,8485,T133
2012-10-29,31896,T133
2012-10-30,33969,T133
2012-10-31,33639,T133
2012-11-01,31447,T133
2012-11-02,31997,T133
2012-11-03,16470,T133
2012-11-04,12707,T133
2012-11-05,31489,T133
2012-11-06,33737,T133
2012-11-07,37947,T133
2012-11-08,35169,T133
2012-11-09,33618,T133
2012-11-10,14751,T133
2012-11-11,10825,T133
2012-11-12,31547,T133
2012-11-13,35774,T133
2012-11-14,33657,T133
2012-11-15,34507,T133
2012-11-16,34380,T133
2012-11-17,14218,T133
2012-11-18,9905,T133
2012-11-19,30665,T133
2012-11-20,33506,T133
2012-11-21,33654,T133
2012-11-22,31910,T133
2012-11-23,34362,T133
2012-11-24,12467,T133
2012-11-25,8201,T133
2012-11-26,32062,T133
2012-11-27,33509,T133
2012-11-28,34254,T133
2012-11-29,33813,T133
2012-11-30,35018,T133
2012-12-01,15238,T133
2012-12-02,10941,T133
2012-12-03,32737,T133
2012-12-04,34845,T133
2012-12-05,32894,T133
2012-12-06,35119,T133
2012-12-07,32330,T133
2012-12-08,12677,T133
2012-12-09,9224,T133
2012-12-10,32739,T133
2012-12-11,34079,T133
2012-12-12,35029,T133
2012-12-13,32539,T133
2012-12-14,36188,T133
2012-12-15,13466,T133
2012-12-16,9616,T133
2012-12-17,32034,T133
2012-12-18,35430,T133
2012-12-19,35519,T133
2012-12-20,35258,T133
2012-12-21,35182,T133
2012-12-22,15047,T133
2012-12-23,12212,T133
2012-12-24,23853,T133
2012-12-25,12467,T133
2012-12-26,32742,T133
2012-12-27,37403,T133
2012-12-28,37063,T133
2012-12-29,16113,T133
2012-12-30,12377,T133
2012-12-31,25080,T133
2013-01-01,12027,T133
2013-01-02,32722,T133
2013-01-03,37030,T133
2013-01-04,36056,T133
2013-01-05,16164,T133
2013-01-06,12164,T133
2013-01-07,35843,T133
2013-01-08,36821,T133
2013-01-09,35829,T133
2013-01-10,35323,T133
2013-01-11,35444,T133
2013-01-12,14642,T133
2013-01-13,11673,T133
2013-01-14,34896,T133
2013-01-15,36645,T133
2013-01-16,36630,T133
2013-01-17,36180,T133
2013-01-18,34681,T133
2013-01-19,14430,T133
2013-01-20,10877,T133
2013-01-21,33538,T133
2013-01-22,35727,T133
2013-01-23,37864,T133
2013-01-24,36656,T133
2013-01-25,36194,T133
2013-01-26,14805,T133
2013-01-27,11116,T133
2013-01-28,33263,T133
2013-01-29,35429,T133
2013-01-30,35146,T133
2013-01-31,34141,T133
2013-02-01,34606,T133
2013-02-02,14583,T133
2013-02-03,11154,T133
2013-02-04,32795,T133
2013-02-05,36760,T133
2013-02-06,36247,T133
2013-02-07,34546,T133
2013-02-08,33623,T133
2013-02-09,12770,T133
2013-02-10,8267,T133
2013-02-11,31515,T133
2013-02-12,32408,T133
2013-02-13,33082,T133
2013-02-14,32087,T133
2013-02-15,31490,T133
2013-02-16,11410,T133
2013-02-17,7443,T133
2013-02-18,31401,T133
2013-02-19,34251,T133
2013-02-20,33865,T133
2013-02-21,32084,T133
2013-02-22,32184,T133
2013-02-23,11816,T133
2013-02-24,8371,T133
2013-02-25,30279,T133
2013-02-26,31942,T133
2013-02-27,32736,T133
2013-02-28,32476,T133
2013-03-01,31860,T133
2013-03-02,16351,T133
2013-03-03,8306,T133
2013-03-04,30483,T133
2013-03-05,30261,T133
2013-03-06,31401,T133
2013-03-07,30521,T133
2013-03-08,30756,T133
2013-03-09,17582,T133
2013-03-10,10689,T133
2013-03-11,28761,T133
2013-03-12,31672,T133
2013-03-13,33344,T133
2013-03-14,32325,T133
2013-03-15,31068,T133
2013-03-16,13992,T133
2013-03-17,8237,T133
2013-03-18,29292,T133
2013-03-19,33711,T133
2013-03-20,31641,T133
2013-03-21,31360,T133
2013-03-22,30626,T133
2013-03-23,12247,T133
2013-03-24,8417,T133
2013-03-25,28938,T133
2013-03-26,31269,T133
2013-03-27,30883,T133
2013-03-28,28897,T133
2013-03-29,26687,T133
2013-03-30,11339,T133
2013-03-31,7564,T133
2013-04-01,24442,T133
2013-04-02,27377,T133
2013-04-03,28246,T133
2013-04-04,27210,T133
2013-04-05,28335,T133
2013-04-06,11115,T133
2013-04-07,8272,T133
2013-04-08,23910,T133
2013-04-09,27243,T133
2013-04-10,27906,T133
2013-04-11,26530,T133
2013-04-12,25985,T133
2013-04-13,11125,T133
2013-04-14,8019,T133
2013-04-15,22153,T133
2013-04-16,26653,T133
2013-04-17,25443,T133
2013-04-18,25898,T133
2013-04-19,26268,T133
2013-04-20,11147,T133
2013-04-21,7489,T133
2013-04-22,22112,T133
2013-04-23,26135,T133
2013-04-24,26475,T133
2013-04-25,25013,T133
2013-04-26,25740,T133
2013-04-27,11696,T133
2013-04-28,7725,T133
2013-04-29,24652,T133
2013-04-30,28374,T133
2013-05-01,28413,T133
2013-05-02,26811,T133
2013-05-03,26411,T133
2013-05-04,11232,T133
2013-05-05,7776,T133
2013-05-06,21324,T133
2013-05-07,27659,T133
2013-05-08,27049,T133
2013-05-09,26276,T133
2013-05-10,24592,T133
2013-05-11,10586,T133
2013-05-12,7088,T133
2013-05-13,21467,T133
2013-05-14,26510,T133
2013-05-15,27186,T133
2013-05-16,27045,T133
2013-05-17,26713,T133
2013-05-18,11079,T133
2013-05-19,7639,T133
2013-05-20,22858,T133
2013-05-21,26022,T133
2013-05-22,25436,T133
2013-05-23,25934,T133
2013-05-24,25060,T133
2013-05-25,13130,T133
2013-05-26,7835,T133
2013-05-27,22464,T133
2013-05-28,25812,T133
2013-05-29,25648,T133
2013-05-30,24945,T133
2013-05-31,24455,T133
2013-06-01,13048,T133
2013-06-02,7828,T133
2013-06-03,24216,T133
2013-06-04,27912,T133
2013-06-05,27080,T133
2013-06-06,27135,T133
2013-06-07,26592,T133
2013-06-08,12979,T133
2013-06-09,7765,T133
2013-06-10,21891,T133
2013-06-11,26516,T133
2013-06-12,24837,T133
2013-06-13,23748,T133
2013-06-14,24073,T133
2013-06-15,12641,T133
2013-06-16,7725,T133
2013-06-17,22739,T133
2013-06-18,27299,T133
2013-06-19,26421,T133
2013-06-20,26039,T133
2013-06-21,26517,T133
2013-06-22,11077,T133
2013-06-23,7642,T133
2013-06-24,24975,T133
2013-06-25,28304,T133
2013-06-26,29123,T133
2013-06-27,28267,T133
2013-06-28,29504,T133
2013-06-29,12619,T133
2013-06-30,8581,T133
2013-07-01,26134,T133
2013-07-02,28316,T133
2013-07-03,30226,T133
2013-07-04,30531,T133
2013-07-05,30152,T133
2013-07-06,12525,T133
2013-07-07,8679,T133
2013-07-08,26432,T133
2013-07-09,30782,T133
2013-07-10,29360,T133
2013-07-11,28890,T133
2013-07-12,28265,T133
2013-07-13,17190,T133
2013-07-14,9474,T133
2013-07-15,25115,T133
2013-07-16,28200,T133
2013-07-17,28720,T133
2013-07-18,29577,T133
2013-07-19,28542,T133
2013-07-20,14238,T133
2013-07-21,8866,T133
2013-07-22,24308,T133
2013-07-23,28843,T133
2013-07-24,29086,T133
2013-07-25,28837,T133
2013-07-26,29678,T133
2013-07-27,13687,T133
2013-07-28,9275,T133
2013-07-29,24323,T133
2013-07-30,29066,T133
2013-07-31,30627,T133
2013-08-01,28878,T133
2013-08-02,27836,T133
2013-08-03,20299,T133
2013-08-04,10254,T133
2013-08-05,25343,T133
2013-08-06,28445,T133
2013-08-07,28224,T133
2013-08-08,28550,T133
2013-08-09,31759,T133
2013-08-10,16805,T133
2013-08-11,10990,T133
2013-08-12,26199,T133
2013-08-13,30515,T133
2013-08-14,32257,T133
2013-08-15,31007,T133
2013-08-16,27969,T133
2013-08-17,12595,T133
2013-08-18,8290,T133
2013-08-19,24725,T133
2013-08-20,29554,T133
2013-08-21,29466,T133
2013-08-22,30464,T133
2013-08-23,28211,T133
2013-08-24,13561,T133
2013-08-25,8247,T133
2013-08-26,24470,T133
2013-08-27,29630,T133
2013-08-28,29818,T133
2013-08-29,29212,T133
2013-08-30,31202,T133
2013-08-31,14096,T133
2013-09-01,11321,T133
2013-09-02,27273,T133
2013-09-03,31196,T133
2013-09-04,31241,T133
2013-09-05,30884,T133
2013-09-06,29167,T133
2013-09-07,14290,T133
2013-09-08,9187,T133
2013-09-09,25980,T133
2013-09-10,30103,T133
2013-09-11,30230,T133
2013-09-12,31265,T133
2013-09-13,30385,T133
2013-09-14,13092,T133
2013-09-15,11304,T133
2013-09-16,28653,T133
2013-09-17,31279,T133
2013-09-18,31607,T133
2013-09-19,31045,T133
2013-09-20,30729,T133
2013-09-21,15753,T133
2013-09-22,12023,T133
2013-09-23,29970,T133
2013-09-24,32584,T133
2013-09-25,32927,T133
2013-09-26,33990,T133
2013-09-27,36830,T133
2013-09-28,16528,T133
2013-09-29,15192,T133
2013-09-30,35023,T133
2013-10-01,37562,T133
2013-10-02,38325,T133
2013-10-03,35978,T133
2013-10-04,33115,T133
2013-10-05,21345,T133
2013-10-06,12873,T133
2013-10-07,28144,T133
2013-10-08,35678,T133
2013-10-09,36718,T133
2013-10-10,36625,T133
2013-10-11,36238,T133
2013-10-12,17449,T133
2013-10-13,12316,T133
2013-10-14,28668,T133
2013-10-15,31798,T133
2013-10-16,31739,T133
2013-10-17,32681,T133
2013-10-18,34046,T133
2013-10-19,17538,T133
2013-10-20,11529,T133
2013-10-21,28817,T133
2013-10-22,34345,T133
2013-10-23,33417,T133
2013-10-24,33119,T133
2013-10-25,32092,T133
2013-10-26,14440,T133
2013-10-27,11858,T133
2013-10-28,30249,T133
2013-10-29,33194,T133
2013-10-30,32352,T133
2013-10-31,33976,T133
2013-11-01,32855,T133
2013-11-02,16645,T133
2013-11-03,10950,T133
2013-11-04,31753,T133
2013-11-05,33187,T133
2013-11-06,32861,T133
2013-11-07,33547,T133
2013-11-08,30868,T133
2013-11-09,13203,T133
2013-11-10,11793,T133
2013-11-11,30348,T133
2013-11-12,32619,T133
2013-11-13,32406,T133
2013-11-14,34202,T133
2013-11-15,32824,T133
2013-11-16,13703,T133
2013-11-17,9823,T133
2013-11-18,31969,T133
2013-11-19,36261,T133
2013-11-20,35268,T133
2013-11-21,35554,T133
2013-11-22,34752,T133
2013-11-23,14304,T133
2013-11-24,13181,T133
2013-11-25,33581,T133
2013-11-26,36985,T133
2013-11-27,36180,T133
2013-11-28,36565,T133
2013-11-29,35890,T133
2013-11-30,13839,T133
2013-12-01,11288,T133
2013-12-02,33260,T133
2013-12-03,36265,T133
2013-12-04,35757,T133
2013-12-05,36759,T133
2013-12-06,35025,T133
2013-12-07,13369,T133
2013-12-08,12883,T133
2013-12-09,34312,T133
2013-12-10,36564,T133
2013-12-11,36785,T133
2013-12-12,37422,T133
2013-12-13,34648,T133
2013-12-14,12154,T133
2013-12-15,10840,T133
2013-12-16,33216,T133
2013-12-17,35504,T133
2013-12-18,35878,T133
2013-12-19,36477,T133
2013-12-20,34500,T133
2013-12-21,12527,T133
2013-12-22,13479,T133
2013-12-23,34454,T133
2013-12-24,33663,T133
2013-12-25,10568,T133
2013-12-26,32915,T133
2013-12-27,35427,T133
2013-12-28,18478,T133
2013-12-29,13197,T133
2013-12-30,32949,T133
2013-12-31,29280,T133
2014-01-01,10791,T133
2014-01-02,35473,T133
2014-01-03,39182,T133
2014-01-04,15013,T133
2014-01-05,12368,T133
2014-01-06,36838,T133
2014-01-07,40047,T133
2014-01-08,43924,T133
2014-01-09,41090,T133
2014-01-10,39978,T133
2014-01-11,15671,T133
2014-01-12,13042,T133
2014-01-13,36503,T133
2014-01-14,39280,T133
2014-01-15,40508,T133
2014-01-16,40516,T133
2014-01-17,40533,T133
2014-01-18,12280,T133
2014-01-19,10916,T133
2014-01-20,35141,T133
2014-01-21,39039,T133
2014-01-22,38107,T133
2014-01-23,34399,T133
2014-01-24,34484,T133
2014-01-25,12909,T133
2014-01-26,9865,T133
2014-01-27,32227,T133
2014-01-28,39081,T133
2014-01-29,37692,T133
2014-01-30,37411,T133
2014-01-31,36488,T133
2014-02-01,12372,T133
2014-02-02,10766,T133
2014-02-03,31644,T133
2014-02-04,39448,T133
2014-02-05,38864,T133
2014-02-06,37528,T133
2014-02-07,37346,T133
2014-02-08,12225,T133
2014-02-09,9649,T133
2014-02-10,31125,T133
2014-02-11,39336,T133
2014-02-12,37850,T133
2014-02-13,39120,T133
2014-02-14,38372,T133
2014-02-15,12542,T133
2014-02-16,10487,T133
2014-02-17,33394,T133
2014-02-18,36407,T133
2014-02-19,35513,T133
2014-02-20,35854,T133
2014-02-21,34903,T133
2014-02-22,11843,T133
2014-02-23,10390,T133
2014-02-24,33968,T133
2014-02-25,36814,T133
2014-02-26,37778,T133
2014-02-27,38753,T133
2014-02-28,35424,T133
2014-03-01,12385,T133
2014-03-02,10526,T133
2014-03-03,33008,T133
2014-03-04,34414,T133
2014-03-05,34638,T133
2014-03-06,34959,T133
2014-03-07,33535,T133
2014-03-08,11505,T133
2014-03-09,9591,T133
2014-03-10,30718,T133
2014-03-11,33021,T133
2014-03-12,32402,T133
2014-03-13,33749,T133
2014-03-14,31992,T133
2014-03-15,12616,T133
2014-03-16,10547,T133
2014-03-17,28585,T133
2014-03-18,32592,T133
2014-03-19,34342,T133
2014-03-20,34280,T133
2014-03-21,33527,T133
2014-03-22,14594,T133
2014-03-23,10137,T133
2014-03-24,30927,T133
2014-03-25,35451,T133
2014-03-26,34524,T133
2014-03-27,34675,T133
2014-03-28,34378,T133
2014-03-29,13375,T133
2014-03-30,11568,T133
2014-03-31,33235,T133
2014-04-01,37685,T133
2014-04-02,34052,T133
2014-04-03,35558,T133
2014-04-04,32955,T133
2014-04-05,12413,T133
2014-04-06,9731,T133
2014-04-07,28176,T133
2014-04-08,31987,T133
2014-04-09,32330,T133
2014-04-10,31726,T133
2014-04-11,30200,T133
2014-04-12,12779,T133
2014-04-13,11364,T133
2014-04-14,28364,T133
2014-04-15,30076,T133
2014-04-16,30329,T133
2014-04-17,29706,T133
2014-04-18,27602,T133
2014-04-19,11697,T133
2014-04-20,9739,T133
2014-04-21,26590,T133
2014-04-22,29885,T133
2014-04-23,29148,T133
2014-04-24,30264,T133
2014-04-25,27303,T133
2014-04-26,12198,T133
2014-04-27,11160,T133
2014-04-28,26051,T133
2014-04-29,28184,T133
2014-04-30,27827,T133
2014-05-01,25790,T133
2014-05-02,25899,T133
2014-05-03,12108,T133
2014-05-04,9269,T133
2014-05-05,26043,T133
2014-05-06,29037,T133
2014-05-07,28888,T133
2014-05-08,27865,T133
2014-05-09,27649,T133
2014-05-10,10982,T133
2014-05-11,8338,T133
2014-05-12,25224,T133
2014-05-13,27751,T133
2014-05-14,28870,T133
2014-05-15,30012,T133
2014-05-16,28769,T133
2014-05-17,11821,T133
2014-05-18,10445,T133
2014-05-19,26650,T133
2014-05-20,31221,T133
2014-05-21,33330,T133
2014-05-22,29005,T133
2014-05-23,27962,T133
2014-05-24,11837,T133
2014-05-25,10404,T133
2014-05-26,25947,T133
2014-05-27,28355,T133
2014-05-28,28341,T133
2014-05-29,27485,T133
2014-05-30,26568,T133
2014-05-31,11219,T133
2014-06-01,9168,T133
2014-06-02,24063,T133
2014-06-03,27241,T133
2014-06-04,29270,T133
2014-06-05,27619,T133
2014-06-06,27297,T133
2014-06-07,12153,T133
2014-06-08,9637,T133
2014-06-09,25203,T133
2014-06-10,26777,T133
2014-06-11,29279,T133
2014-06-12,29483,T133
2014-06-13,31502,T133
2014-06-14,10875,T133
2014-06-15,9069,T133
2014-06-16,28451,T133
2014-06-17,29775,T133
2014-06-18,30392,T133
2014-06-19,30884,T133
2014-06-20,29402,T133
2014-06-21,11499,T133
2014-06-22,10485,T133
2014-06-23,26187,T133
2014-06-24,27983,T133
2014-06-25,28899,T133
2014-06-26,27816,T133
2014-06-27,28352,T133
2014-06-28,11776,T133
2014-06-29,9824,T133
2014-06-30,26872,T133
2014-07-01,28646,T133
2014-07-02,30628,T133
2014-07-03,29707,T133
2014-07-04,27594,T133
2014-07-05,13563,T133
2014-07-06,10205,T133
2014-07-07,27216,T133
2014-07-08,28682,T133
2014-07-09,30206,T133
2014-07-10,29302,T133
2014-07-11,29105,T133
2014-07-12,15026,T133
2014-07-13,9899,T133
2014-07-14,28215,T133
2014-07-15,29749,T133
2014-07-16,28660,T133
2014-07-17,28518,T133
2014-07-18,27323,T133
2014-07-19,15667,T133
2014-07-20,10579,T133
2014-07-21,28939,T133
2014-07-22,30705,T133
2014-07-23,30968,T133
2014-07-24,32798,T133
2014-07-25,31468,T133
2014-07-26,13450,T133
2014-07-27,10902,T133
2014-07-28,28692,T133
2014-07-29,31281,T133
2014-07-30,31268,T133
2014-07-31,31564,T133
2014-08-01,29023,T133
2014-08-02,12586,T133
2014-08-03,10126,T133
2014-08-04,29873,T133
2014-08-05,33171,T133
2014-08-06,31996,T133
2014-08-07,33838,T133
2014-08-08,32202,T133
2014-08-09,17369,T133
2014-08-10,11143,T133
2014-08-11,30031,T133
2014-08-12,34047,T133
2014-08-13,30737,T133
2014-08-14,32425,T133
2014-08-15,29235,T133
2014-08-16,15683,T133
2014-08-17,10226,T133
2014-08-18,27461,T133
2014-08-19,31245,T133
2014-08-20,32646,T133
2012-01-01,13727,T224
2012-01-02,24518,T224
2012-01-03,24426,T224
2012-01-04,25111,T224
2012-01-05,25202,T224
2012-01-06,25066,T224
2012-01-07,25649,T224
2012-01-08,25250,T224
2012-01-09,24258,T224
2012-01-10,24101,T224
2012-01-11,23654,T224
2012-01-12,23641,T224
2012-01-13,23909,T224
2012-01-14,23955,T224
2012-01-15,24507,T224
2012-01-16,23740,T224
2012-01-17,24450,T224
2012-01-18,26295,T224
2012-01-19,28511,T224
2012-01-20,29252,T224
2012-01-21,26882,T224
2012-01-22,26828,T224
2012-01-23,26257,T224
2012-01-24,27117,T224
2012-01-25,28029,T224
2012-01-26,28108,T224
2012-01-27,28244,T224
2012-01-28,28632,T224
2012-01-29,28456,T224
2012-01-30,28177,T224
2012-01-31,28601,T224
2012-02-01,28129,T224
2012-02-02,27910,T224
2012-02-03,28287,T224
2012-02-04,28092,T224
2012-02-05,28299,T224
2012-02-06,28078,T224
2012-02-07,27823,T224
2012-02-08,27708,T224
2012-02-09,29454,T224
2012-02-10,28362,T224
2012-02-11,28492,T224
2012-02-12,28289,T224
2012-02-13,28363,T224
2012-02-14,28641,T224
2012-02-15,27738,T224
2012-02-16,29254,T224
2012-02-17,28818,T224
2012-02-18,28366,T224
2012-02-19,27782,T224
2012-02-20,27491,T224
2012-02-21,27531,T224
2012-02-22,27362,T224
2012-02-23,28605,T224
2012-02-24,28227,T224
2012-02-25,28220,T224
2012-02-26,28332,T224
2012-02-27,26973,T224
2012-02-28,27469,T224
2012-02-29,27901,T224
2012-03-01,28324,T224
2012-03-02,28671,T224
2012-03-03,30618,T224
2012-03-04,29135,T224
2012-03-05,27046,T224
2012-03-06,27445,T224
2012-03-07,28067,T224
2012-03-08,28415,T224
2012-03-09,27222,T224
2012-03-10,27681,T224
2012-03-11,27349,T224
2012-03-12,26490,T224
2012-03-13,26707,T224
2012-03-14,27032,T224
2012-03-15,27010,T224
2012-03-16,27254,T224
2012-03-17,28052,T224
2012-03-18,28175,T224
2012-03-19,28099,T224
2012-03-20,26407,T224
2012-03-21,26194,T224
2012-03-22,26779,T224
2012-03-23,26942,T224
2012-03-24,27727,T224
2012-03-25,27094,T224
2012-03-26,26820,T224
2012-03-27,27399,T224
2012-03-28,27080,T224
2012-03-29,27234,T224
2012-03-30,28478,T224
2012-03-31,27556,T224
2012-04-01,27334,T224
2012-04-02,26111,T224
2012-04-03,27036,T224
2012-04-04,26563,T224
2012-04-05,27128,T224
2012-04-06,28468,T224
2012-04-07,28152,T224
2012-04-08,24834,T224
2012-04-09,26359,T224
2012-04-10,27569,T224
2012-04-11,27080,T224
2012-04-12,26284,T224
2012-04-13,27676,T224
2012-04-14,27753,T224
2012-04-15,27204,T224
2012-04-16,25993,T224
2012-04-17,28156,T224
2012-04-18,27915,T224
2012-04-19,26999,T224
2012-04-20,27712,T224
2012-04-21,27512,T224
2012-04-22,26431,T224
2012-04-23,25769,T224
2012-04-24,25885,T224
2012-04-25,26187,T224
2012-04-26,25813,T224
2012-04-27,25600,T224
2012-04-28,25904,T224
2012-04-29,25673,T224
2012-04-30,25322,T224
2012-05-01,26661,T224
2012-05-02,26204,T224
2012-05-03,26122,T224
2012-05-04,27529,T224
2012-05-05,26514,T224
2012-05-06,26484,T224
2012-05-07,28016,T224
2012-05-08,28144,T224
2012-05-09,26798,T224
2012-05-10,27686,T224
2012-05-11,28295,T224
2012-05-12,28866,T224
2012-05-13,28136,T224
2012-05-14,26731,T224
2012-05-15,27263,T224
2012-05-16,28112,T224
2012-05-17,27138,T224
2012-05-18,27180,T224
2012-05-19,26758,T224
2012-05-20,26970,T224
2012-05-21,25970,T224
2012-05-22,27292,T224
2012-05-23,27986,T224
2012-05-24,27167,T224
2012-05-25,27163,T224
2012-05-26,27591,T224
2012-05-27,26540,T224
2012-05-28,26931,T224
2012-05-29,27406,T224
2012-05-30,27440,T224
2012-05-31,29339,T224
2012-06-01,29749,T224
2012-06-02,29574,T224
2012-06-03,27610,T224
2012-06-04,27843,T224
2012-06-05,28905,T224
2012-06-06,27956,T224
2012-06-07,28004,T224
2012-06-08,27315,T224
2012-06-09,27706,T224
2012-06-10,27693,T224
2012-06-11,27439,T224
2012-06-12,28469,T224
2012-06-13,27824,T224
2012-06-14,27404,T224
2012-06-15,27899,T224
2012-06-16,29435,T224
2012-06-17,28862,T224
2012-06-18,27919,T224
2012-06-19,29189,T224
2012-06-20,27831,T224
2012-06-21,29778,T224
2012-06-22,28332,T224
2012-06-23,30523,T224
2012-06-24,30052,T224
2012-06-25,31861,T224
2012-06-26,33001,T224
2012-06-27,32381,T224
2012-06-28,29920,T224
2012-06-29,28940,T224
2012-06-30,28316,T224
2012-07-01,27881,T224
2012-07-02,27580,T224
2012-07-03,28574,T224
2012-07-04,28720,T224
2012-07-05,28100,T224
2012-07-06,27663,T224
2012-07-07,29471,T224
2012-07-08,28602,T224
2012-07-09,28601,T224
2012-07-10,28313,T224
2012-07-11,28390,T224
2012-07-12,28279,T224
2012-07-13,28447,T224
2012-07-14,28797,T224
2012-07-15,28684,T224
2012-07-16,30793,T224
2012-07-17,32835,T224
2012-07-18,32052,T224
2012-07-19,29891,T224
2012-07-20,29829,T224
2012-07-21,31275,T224
2012-07-22,31621,T224
2012-07-23,30447,T224
2012-07-24,31871,T224
2012-07-25,30050,T224
2012-07-26,29436,T224
2012-07-27,29164,T224
2012-07-28,30121,T224
2012-07-29,28522,T224
2012-07-30,30279,T224
2012-07-31,28523,T224
2012-08-01,28384,T224
2012-08-02,27991,T224
2012-08-03,28036,T224
2012-08-04,29738,T224
2012-08-05,27430,T224
2012-08-06,27390,T224
2012-08-07,27236,T224
2012-08-08,27803,T224
2012-08-09,28889,T224
2012-08-10,28723,T224
2012-08-11,29517,T224
2012-08-12,29339,T224
2012-08-13,28935,T224
2012-08-14,29022,T224
2012-08-15,29718,T224
2012-08-16,26867,T224
2012-08-17,27702,T224
2012-08-18,28643,T224
2012-08-19,29109,T224
2012-08-20,29923,T224
2012-08-21,28632,T224
2012-08-22,28224,T224
2012-08-23,28105,T224
2012-08-24,27863,T224
2012-08-25,27601,T224
2012-08-26,27105,T224
2012-08-27,27412,T224
2012-08-28,27642,T224
2012-08-29,27415,T224
2012-08-30,26745,T224
2012-08-31,27504,T224
2012-09-01,27767,T224
2012-09-02,27513,T224
2012-09-03,27878,T224
2012-09-04,28036,T224
2012-09-05,28672,T224
2012-09-06,29701,T224
2012-09-07,30815,T224
2012-09-08,30389,T224
2012-09-09,30024,T224
2012-09-10,28997,T224
2012-09-11,31031,T224
2012-09-12,31309,T224
2012-09-13,29182,T224
2012-09-14,29176,T224
2012-09-15,29691,T224
2012-09-16,28940,T224
2012-09-17,28928,T224
2012-09-18,28511,T224
2012-09-19,29414,T224
2012-09-20,29782,T224
2012-09-21,29413,T224
2012-09-22,29094,T224
2012-09-23,29443,T224
2012-09-24,28662,T224
2012-09-25,27504,T224
2012-09-26,27163,T224
2012-09-27,26572,T224
2012-09-28,26780,T224
2012-09-29,27821,T224
2012-09-30,26766,T224
2012-10-01,26177,T224
2012-10-02,26420,T224
2012-10-03,26401,T224
2012-10-04,26677,T224
2012-10-05,27414,T224
2012-10-06,27578,T224
2012-10-07,26970,T224
2012-10-08,27749,T224
2012-10-09,29225,T224
2012-10-10,29054,T224
2012-10-11,27464,T224
2012-10-12,26547,T224
2012-10-13,26660,T224
2012-10-14,26688,T224
2012-10-15,26564,T224
2012-10-16,27588,T224
2012-10-17,27594,T224
2012-10-18,28087,T224
2012-10-19,27313,T224
2012-10-20,27488,T224
2012-10-21,27845,T224
2012-10-22,27839,T224
2012-10-23,27847,T224
2012-10-24,26853,T224
2012-10-25,27220,T224
2012-10-26,27620,T224
2012-10-27,28566,T224
2012-10-28,28399,T224
2012-10-29,28228,T224
2012-10-30,26901,T224
2012-10-31,27466,T224
2012-11-01,28365,T224
2012-11-02,27821,T224
2012-11-03,28489,T224
2012-11-04,26777,T224
2012-11-05,26747,T224
2012-11-06,26877,T224
2012-11-07,27775,T224
2012-11-08,28127,T224
2012-11-09,27644,T224
2012-11-10,28690,T224
2012-11-11,28254,T224
2012-11-12,27792,T224
2012-11-13,27431,T224
2012-11-14,27049,T224
2012-11-15,27407,T224
2012-11-16,27443,T224
2012-11-17,27432,T224
2012-11-18,26893,T224
2012-11-19,26833,T224
2012-11-20,27595,T224
2012-11-21,26796,T224
2012-11-22,26757,T224
2012-11-23,27694,T224
2012-11-24,27960,T224
2012-11-25,27911,T224
2012-11-26,27583,T224
2012-11-27,27017,T224
2012-11-28,27564,T224
2012-11-29,27532,T224
2012-11-30,27934,T224
2012-12-01,27916,T224
2012-12-02,27013,T224
2012-12-03,26704,T224
2012-12-04,27376,T224
2012-12-05,27075,T224
2012-12-06,27525,T224
2012-12-07,27730,T224
2012-12-08,27423,T224
2012-12-09,27892,T224
2012-12-10,27145,T224
2012-12-11,27309,T224
2012-12-12,27223,T224
2012-12-13,28010,T224
2012-12-14,28323,T224
2012-12-15,29147,T224
2012-12-16,28616,T224
2012-12-17,27705,T224
2012-12-18,27331,T224
2012-12-19,27487,T224
2012-12-20,27602,T224
2012-12-21,27612,T224
2012-12-22,28684,T224
2012-12-23,28197,T224
2012-12-24,25770,T224
2012-12-25,18367,T224
2012-12-26,27177,T224
2012-12-27,28494,T224
2012-12-28,28211,T224
2012-12-29,28509,T224
2012-12-30,28220,T224
2012-12-31,27377,T224
2013-01-01,15907,T224
2013-01-02,27198,T224
2013-01-03,26880,T224
2013-01-04,26947,T224
2013-01-05,27514,T224
2013-01-06,26781,T224
2013-01-07,26626,T224
2013-01-08,27214,T224
2013-01-09,25971,T224
2013-01-10,25164,T224
2013-01-11,24822,T224
2013-01-12,26372,T224
2013-01-13,25650,T224
2013-01-14,26173,T224
2013-01-15,26254,T224
2013-01-16,25711,T224
2013-01-17,26008,T224
2013-01-18,27523,T224
2013-01-19,27778,T224
2013-01-20,26918,T224
2013-01-21,25839,T224
2013-01-22,26434,T224
2013-01-23,27919,T224
2013-01-24,26690,T224
2013-01-25,27250,T224
2013-01-26,27090,T224
2013-01-27,26821,T224
2013-01-28,25747,T224
2013-01-29,25368,T224
2013-01-30,27076,T224
2013-01-31,26527,T224
2013-02-01,26952,T224
2013-02-02,26162,T224
2013-02-03,24776,T224
2013-02-04,24860,T224
2013-02-05,24420,T224
2013-02-06,24828,T224
2013-02-07,25189,T224
2013-02-08,25424,T224
2013-02-09,25748,T224
2013-02-10,25192,T224
2013-02-11,24656,T224
2013-02-12,23995,T224
2013-02-13,24094,T224
2013-02-14,24447,T224
2013-02-15,24508,T224
2013-02-16,25257,T224
2013-02-17,25288,T224
2013-02-18,24802,T224
2013-02-19,24511,T224
2013-02-20,23962,T224
2013-02-21,25480,T224
2013-02-22,24741,T224
2013-02-23,25227,T224
2013-02-24,25149,T224
2013-02-25,24513,T224
2013-02-26,23862,T224
2013-02-27,23372,T224
2013-02-28,24131,T224
2013-03-01,24178,T224
2013-03-02,24733,T224
2013-03-03,23830,T224
2013-03-04,24040,T224
2013-03-05,23241,T224
2013-03-06,24888,T224
2013-03-07,25766,T224
2013-03-08,24213,T224
2013-03-09,25851,T224
2013-03-10,24783,T224
2013-03-11,24810,T224
2013-03-12,22820,T224
2013-03-13,23297,T224
2013-03-14,24290,T224
2013-03-15,23528,T224
2013-03-16,25194,T224
2013-03-17,23238,T224
2013-03-18,23287,T224
2013-03-19,24217,T224
2013-03-20,22767,T224
2013-03-21,23613,T224
2013-03-22,23321,T224
2013-03-23,25445,T224
2013-03-24,23041,T224
2013-03-25,23885,T224
2013-03-26,23298,T224
2013-03-27,24196,T224
2013-03-28,24221,T224
2013-03-29,25328,T224
2013-03-30,24296,T224
2013-03-31,21875,T224
2013-04-01,23489,T224
2013-04-02,23634,T224
2013-04-03,24429,T224
2013-04-04,24354,T224
2013-04-05,22706,T224
2013-04-06,22784,T224
2013-04-07,24575,T224
2013-04-08,24142,T224
2013-04-09,23517,T224
2013-04-10,24554,T224
2013-04-11,24257,T224
2013-04-12,24406,T224
2013-04-13,24690,T224
2013-04-14,24106,T224
2013-04-15,23842,T224
2013-04-16,23597,T224
2013-04-17,24860,T224
2013-04-18,24507,T224
2013-04-19,24734,T224
2013-04-20,24772,T224
2013-04-21,24781,T224
2013-04-22,25617,T224
2013-04-23,25366,T224
2013-04-24,25935,T224
2013-04-25,25769,T224
2013-04-26,25232,T224
2013-04-27,23758,T224
2013-04-28,23245,T224
2013-04-29,24434,T224
2013-04-30,24565,T224
2013-05-01,25329,T224
2013-05-02,25958,T224
2013-05-03,26700,T224
2013-05-04,26631,T224
2013-05-05,24475,T224
2013-05-06,25311,T224
2013-05-07,24985,T224
2013-05-08,24603,T224
2013-05-09,25042,T224
2013-05-10,26094,T224
2013-05-11,24509,T224
2013-05-12,24001,T224
2013-05-13,24506,T224
2013-05-14,26307,T224
2013-05-15,25578,T224
2013-05-16,24561,T224
2013-05-17,24408,T224
2013-05-18,24403,T224
2013-05-19,24075,T224
2013-05-20,24164,T224
2013-05-21,25381,T224
2013-05-22,25542,T224
2013-05-23,26817,T224
2013-05-24,25734,T224
2013-05-25,25809,T224
2013-05-26,24741,T224
2013-05-27,24455,T224
2013-05-28,25243,T224
2013-05-29,25155,T224
2013-05-30,23353,T224
2013-05-31,24379,T224
2013-06-01,25079,T224
2013-06-02,25461,T224
2013-06-03,26350,T224
2013-06-04,26760,T224
2013-06-05,25052,T224
2013-06-06,25009,T224
2013-06-07,25197,T224
2013-06-08,26124,T224
2013-06-09,25508,T224
2013-06-10,26048,T224
2013-06-11,26116,T224
2013-06-12,26123,T224
2013-06-13,26157,T224
2013-06-14,26477,T224
2013-06-15,26705,T224
2013-06-16,25965,T224
2013-06-17,26272,T224
2013-06-18,26067,T224
2013-06-19,26132,T224
2013-06-20,26131,T224
2013-06-21,27863,T224
2013-06-22,27897,T224
2013-06-23,26551,T224
2013-06-24,27195,T224
2013-06-25,27447,T224
2013-06-26,28869,T224
2013-06-27,28637,T224
2013-06-28,28232,T224
2013-06-29,27209,T224
2013-06-30,26926,T224
2013-07-01,27063,T224
2013-07-02,27595,T224
2013-07-03,28214,T224
2013-07-04,30072,T224
2013-07-05,30802,T224
2013-07-06,30825,T224
2013-07-07,30402,T224
2013-07-08,31083,T224
2013-07-09,31256,T224
2013-07-10,30046,T224
2013-07-11,29752,T224
2013-07-12,29681,T224
2013-07-13,29203,T224
2013-07-14,28758,T224
2013-07-15,28204,T224
2013-07-16,27907,T224
2013-07-17,28184,T224
2013-07-18,27779,T224
2013-07-19,27288,T224
2013-07-20,28263,T224
2013-07-21,27262,T224
2013-07-22,27624,T224
2013-07-23,28058,T224
2013-07-24,28256,T224
2013-07-25,28960,T224
2013-07-26,29107,T224
2013-07-27,28634,T224
2013-07-28,27372,T224
2013-07-29,27826,T224
2013-07-30,29712,T224
2013-07-31,29211,T224
2013-08-01,28455,T224
2013-08-02,29673,T224
2013-08-03,28251,T224
2013-08-04,28095,T224
2013-08-05,28410,T224
2013-08-06,27896,T224
2013-08-07,27070,T224
2013-08-08,27664,T224
2013-08-09,30069,T224
2013-08-10,32517,T224
2013-08-11,31280,T224
2013-08-12,31307,T224
2013-08-13,30807,T224
2013-08-14,31077,T224
2013-08-15,29969,T224
2013-08-16,29305,T224
2013-08-17,29579,T224
2013-08-18,29678,T224
2013-08-19,30168,T224
2013-08-20,31163,T224
2013-08-21,29117,T224
2013-08-22,29277,T224
2013-08-23,30013,T224
2013-08-24,29704,T224
2013-08-25,29610,T224
2013-08-26,29700,T224
2013-08-27,31012,T224
2013-08-28,30429,T224
2013-08-29,29929,T224
2013-08-30,30402,T224
2013-08-31,30721,T224
2013-09-01,30061,T224
2013-09-02,30434,T224
2013-09-03,29704,T224
2013-09-04,28917,T224
2013-09-05,28577,T224
2013-09-06,27809,T224
2013-09-07,28314,T224
2013-09-08,27030,T224
2013-09-09,28313,T224
2013-09-10,28037,T224
2013-09-11,28549,T224
2013-09-12,28383,T224
2013-09-13,29183,T224
2013-09-14,29607,T224
2013-09-15,29191,T224
2013-09-16,28258,T224
2013-09-17,27673,T224
2013-09-18,28064,T224
2013-09-19,28520,T224
2013-09-20,29774,T224
2013-09-21,31024,T224
2013-09-22,30638,T224
2013-09-23,30454,T224
2013-09-24,28520,T224
2013-09-25,28553,T224
2013-09-26,27305,T224
2013-09-27,27499,T224
2013-09-28,27099,T224
2013-09-29,26840,T224
2013-09-30,27334,T224
2013-10-01,27002,T224
2013-10-02,26923,T224
2013-10-03,26843,T224
2013-10-04,26258,T224
2013-10-05,26736,T224
2013-10-06,26173,T224
2013-10-07,26860,T224
2013-10-08,27383,T224
2013-10-09,26293,T224
2013-10-10,26624,T224
2013-10-11,25718,T224
2013-10-12,25459,T224
2013-10-13,25985,T224
2013-10-14,26539,T224
2013-10-15,28129,T224
2013-10-16,26090,T224
2013-10-17,26411,T224
2013-10-18,27088,T224
2013-10-19,27597,T224
2013-10-20,26122,T224
2013-10-21,27611,T224
2013-10-22,26691,T224
2013-10-23,26013,T224
2013-10-24,26791,T224
2013-10-25,26381,T224
2013-10-26,27279,T224
2013-10-27,26772,T224
2013-10-28,26938,T224
2013-10-29,26001,T224
2013-10-30,24705,T224
2013-10-31,24990,T224
2013-11-01,26840,T224
2013-11-02,26779,T224
2013-11-03,25325,T224
2013-11-04,27104,T224
2013-11-05,25911,T224
2013-11-06,25834,T224
2013-11-07,25424,T224
2013-11-08,25881,T224
2013-11-09,26390,T224
2013-11-10,25373,T224
2013-11-11,25096,T224
2013-11-12,24927,T224
2013-11-13,25259,T224
2013-11-14,25364,T224
2013-11-15,25827,T224
2013-11-16,25731,T224
2013-11-17,25071,T224
2013-11-18,26087,T224
2013-11-19,25327,T224
2013-11-20,25132,T224
2013-11-21,26779,T224
2013-11-22,27676,T224
2013-11-23,27307,T224
2013-11-24,26824,T224
2013-11-25,26423,T224
2013-11-26,25271,T224
2013-11-27,25335,T224
2013-11-28,25658,T224
2013-11-29,26003,T224
2013-11-30,26999,T224
2013-12-01,26176,T224
2013-12-02,26033,T224
2013-12-03,26410,T224
2013-12-04,26416,T224
2013-12-05,26747,T224
2013-12-06,26323,T224
2013-12-07,26668,T224
2013-12-08,26247,T224
2013-12-09,26439,T224
2013-12-10,26999,T224
2013-12-11,27001,T224
2013-12-12,27163,T224
2013-12-13,26808,T224
2013-12-14,26244,T224
2013-12-15,25731,T224
2013-12-16,25297,T224
2013-12-17,26301,T224
2013-12-18,26072,T224
2013-12-19,26911,T224
2013-12-20,27467,T224
2013-12-21,28418,T224
2013-12-22,28305,T224
2013-12-23,28818,T224
2013-12-24,26480,T224
2013-12-25,17097,T224
2013-12-26,25921,T224
2013-12-27,27603,T224
2013-12-28,27213,T224
2013-12-29,24869,T224
2013-12-30,25430,T224
2013-12-31,25253,T224
2014-01-01,14639,T224
2014-01-02,25760,T224
2014-01-03,25868,T224
2014-01-04,25552,T224
2014-01-05,25674,T224
2014-01-06,25324,T224
2014-01-07,26128,T224
2014-01-08,25425,T224
2014-01-09,24414,T224
2014-01-10,24652,T224
2014-01-11,25069,T224
2014-01-12,25487,T224
2014-01-13,25097,T224
2014-01-14,25603,T224
2014-01-15,25480,T224
2014-01-16,24698,T224
2014-01-17,24602,T224
2014-01-18,25174,T224
2014-01-19,24170,T224
2014-01-20,23941,T224
2014-01-21,25690,T224
2014-01-22,24660,T224
2014-01-23,23947,T224
2014-01-24,24843,T224
2014-01-25,25864,T224
2014-01-26,26084,T224
2014-01-27,25548,T224
2014-01-28,27052,T224
2014-01-29,26268,T224
2014-01-30,25832,T224
2014-01-31,26574,T224
2014-02-01,26143,T224
2014-02-02,25205,T224
2014-02-03,25205,T224
2014-02-04,27647,T224
2014-02-05,25992,T224
2014-02-06,26471,T224
2014-02-07,25576,T224
2014-02-08,25733,T224
2014-02-09,24873,T224
2014-02-10,23907,T224
2014-02-11,24384,T224
2014-02-12,25487,T224
2014-02-13,27443,T224
2014-02-14,25576,T224
2014-02-15,25733,T224
2014-02-16,24873,T224
2014-02-17,23907,T224
2014-02-18,24384,T224
2014-02-19,24042,T224
2014-02-20,23828,T224
2014-02-21,23308,T224
2014-02-22,24140,T224
2014-02-23,23370,T224
2014-02-24,23502,T224
2014-02-25,25002,T224
2014-02-26,23440,T224
2014-02-27,23593,T224
2014-02-28,24204,T224
2014-03-01,25611,T224
2014-03-02,25044,T224
2014-03-03,23509,T224
2014-03-04,24712,T224
2014-03-05,24053,T224
2014-03-06,23249,T224
2014-03-07,23435,T224
2014-03-08,24201,T224
2014-03-09,24102,T224
2014-03-10,23667,T224
2014-03-11,23391,T224
2014-03-12,23316,T224
2014-03-13,23588,T224
2014-03-14,23294,T224
2014-03-15,23938,T224
2014-03-16,23885,T224
2014-03-17,23177,T224
2014-03-18,23524,T224
2014-03-19,23769,T224
2014-03-20,25327,T224
2014-03-21,26185,T224
2014-03-22,23006,T224
2014-03-23,22397,T224
2014-03-24,24612,T224
2014-03-25,24248,T224
2014-03-26,21829,T224
2014-03-27,22167,T224
2014-03-28,22870,T224
2014-03-29,22654,T224
2014-03-30,22995,T224
2014-03-31,25029,T224
2014-04-01,24001,T224
2014-04-02,23132,T224
2014-04-03,23201,T224
2014-04-04,24479,T224
2014-04-05,25482,T224
2014-04-06,24355,T224
2014-04-07,23714,T224
2014-04-08,23703,T224
2014-04-09,24918,T224
2014-04-10,24846,T224
2014-04-11,25813,T224
2014-04-12,25444,T224
2014-04-13,25087,T224
2014-04-14,24471,T224
2014-04-15,24815,T224
2014-04-16,24315,T224
2014-04-17,25767,T224
2014-04-18,25387,T224
2014-04-19,24486,T224
2014-04-20,21698,T224
2014-04-21,23570,T224
2014-04-22,23573,T224
2014-04-23,23388,T224
2014-04-24,22858,T224
2014-04-25,23487,T224
2014-04-26,23601,T224
2014-04-27,22613,T224
2014-04-28,23190,T224
2014-04-29,23149,T224
2014-04-30,23393,T224
2014-05-01,23381,T224
2014-05-02,24053,T224
2014-05-03,24296,T224
2014-05-04,24288,T224
2014-05-05,25143,T224
2014-05-06,24250,T224
2014-05-07,24199,T224
2014-05-08,24455,T224
2014-05-09,24920,T224
2014-05-10,25377,T224
2014-05-11,24297,T224
2014-05-12,24062,T224
2014-05-13,25022,T224
2014-05-14,23582,T224
2014-05-15,25091,T224
2014-05-16,25088,T224
2014-05-17,27022,T224
2014-05-18,28573,T224
2014-05-19,25143,T224
2014-05-20,24787,T224
2014-05-21,23693,T224
2014-05-22,24222,T224
2014-05-23,24154,T224
2014-05-24,24376,T224
2014-05-25,24137,T224
2014-05-26,24143,T224
2014-05-27,25386,T224
2014-05-28,26172,T224
2014-05-29,26036,T224
2014-05-30,28037,T224
2014-05-31,27087,T224
2014-06-01,26740,T224
2014-06-02,26056,T224
2014-06-03,25305,T224
2014-06-04,24360,T224
2014-06-05,24851,T224
2014-06-06,26818,T224
2014-06-07,27095,T224
2014-06-08,26837,T224
2014-06-09,26488,T224
2014-06-10,25765,T224
2014-06-11,26900,T224
2014-06-12,28824,T224
2014-06-13,28842,T224
2014-06-14,29928,T224
2014-06-15,29021,T224
2014-06-16,27070,T224
2014-06-17,26795,T224
2014-06-18,26211,T224
2014-06-19,26346,T224
2014-06-20,26950,T224
2014-06-21,26667,T224
2014-06-22,26494,T224
2014-06-23,26837,T224
2014-06-24,25922,T224
2014-06-25,26071,T224
2014-06-26,26199,T224
2014-06-27,26436,T224
2014-06-28,27477,T224
2014-06-29,24987,T224
2014-06-30,24635,T224
2014-07-01,25236,T224
2014-07-02,26630,T224
2014-07-03,25896,T224
2014-07-04,27823,T224
2014-07-05,29785,T224
2014-07-06,28065,T224
2014-07-07,26184,T224
2014-07-08,27629,T224
2014-07-09,27794,T224
2014-07-10,27819,T224
2014-07-11,27037,T224
2014-07-12,28215,T224
2014-07-13,27737,T224
2014-07-14,27680,T224
2014-07-15,27464,T224
2014-07-16,27327,T224
2014-07-17,27351,T224
2014-07-18,26119,T224
2014-07-19,26918,T224
2014-07-20,27274,T224
2014-07-21,27196,T224
2014-07-22,26011,T224
2014-07-23,25856,T224
2014-07-24,26699,T224
2014-07-25,28382,T224
2014-07-26,27205,T224
2014-07-27,26685,T224
2014-07-28,27023,T224
2014-07-29,26610,T224
2014-07-30,26380,T224
2014-07-31,26744,T224
2014-08-01,27744,T224
2014-08-02,27935,T224
2014-08-03,26045,T224
2014-08-04,25152,T224
2014-08-05,25636,T224
2014-08-06,25597,T224
2014-08-07,26454,T224
2014-08-08,27305,T224
2014-08-09,27177,T224
2014-08-10,26727,T224
2014-08-11,27267,T224
2014-08-12,25902,T224
2014-08-13,25256,T224
2014-08-14,24110,T224
2014-08-15,25954,T224
2014-08-16,25825,T224
2014-08-17,26653,T224
2014-08-18,27560,T224
2014-08-19,25226,T224
2014-08-20,24879,T224
2012-01-01,4807,T11
2012-01-02,4937,T11
2012-01-03,4871,T11
2012-01-04,5019,T11
2012-01-05,4640,T11
2012-01-06,4913,T11
2012-01-07,4749,T11
2012-01-08,4459,T11
2012-01-09,4789,T11
2012-01-10,5082,T11
2012-01-11,5400,T11
2012-01-12,5159,T11
2012-01-13,5151,T11
2012-01-14,5870,T11
2012-01-15,4961,T11
2012-01-16,5077,T11
2012-01-17,4923,T11
2012-01-18,4928,T11
2012-01-19,5266,T11
2012-01-20,5167,T11
2012-01-21,5229,T11
2012-01-22,4497,T11
2012-01-23,4778,T11
2012-01-24,4933,T11
2012-01-25,4856,T11
2012-01-26,4993,T11
2012-01-27,5057,T11
2012-01-28,4930,T11
2012-01-29,4717,T11
2012-01-30,4908,T11
2012-01-31,4890,T11
2012-02-01,4909,T11
2012-02-02,4947,T11
2012-02-03,5409,T11
2012-02-04,5609,T11
2012-02-05,5350,T11
2012-02-06,4651,T11
2012-02-07,5040,T11
2012-02-08,5303,T11
2012-02-09,5175,T11
2012-02-10,5294,T11
2012-02-11,5467,T11
2012-02-12,5283,T11
2012-02-13,4980,T11
2012-02-14,5249,T11
2012-02-15,5034,T11
2012-02-16,4897,T11
2012-02-17,4790,T11
2012-02-18,5054,T11
2012-02-19,4379,T11
2012-02-20,4353,T11
2012-02-21,4237,T11
2012-02-22,4577,T11
2012-02-23,4365,T11
2012-02-24,4344,T11
2012-02-25,4347,T11
2012-02-26,3875,T11
2012-02-27,4012,T11
2012-02-28,3990,T11
2012-02-29,4126,T11
2012-03-01,4113,T11
2012-03-02,3792,T11
2012-03-03,4157,T11
2012-03-04,3887,T11
2012-03-05,3896,T11
2012-03-06,4239,T11
2012-03-07,3929,T11
2012-03-08,3660,T11
2012-03-09,3495,T11
2012-03-10,3477,T11
2012-03-11,3189,T11
2012-03-12,3493,T11
2012-03-13,3728,T11
2012-03-14,3651,T11
2012-03-15,3943,T11
2012-03-16,4058,T11
2012-03-17,3947,T11
2012-03-18,3525,T11
2012-03-19,3587,T11
2012-03-20,3715,T11
2012-03-21,3733,T11
2012-03-22,3855,T11
2012-03-23,3731,T11
2012-03-24,3667,T11
2012-03-25,2831,T11
2012-03-26,3428,T11
2012-03-27,3337,T11
2012-03-28,3492,T11
2012-03-29,3399,T11
2012-03-30,3434,T11
2012-03-31,3503,T11
2012-04-01,3123,T11
2012-04-02,3231,T11
2012-04-03,3428,T11
2012-04-04,3515,T11
2012-04-05,3788,T11
2012-04-06,4110,T11
2012-04-07,3822,T11
2012-04-08,3438,T11
2012-04-09,3203,T11
2012-04-10,3586,T11
2012-04-11,3950,T11
2012-04-12,3724,T11
2012-04-13,3919,T11
2012-04-14,3767,T11
2012-04-15,3432,T11
2012-04-16,3655,T11
2012-04-17,4048,T11
2012-04-18,4064,T11
2012-04-19,3854,T11
2012-04-20,3810,T11
2012-04-21,3795,T11
2012-04-22,3554,T11
2012-04-23,3673,T11
2012-04-24,3499,T11
2012-04-25,3712,T11
2012-04-26,3561,T11
2012-04-27,3353,T11
2012-04-28,3763,T11
2012-04-29,3423,T11
2012-04-30,3682,T11
2012-05-01,3717,T11
2012-05-02,3900,T11
2012-05-03,4005,T11
2012-05-04,4073,T11
2012-05-05,3563,T11
2012-05-06,3099,T11
2012-05-07,3720,T11
2012-05-08,3863,T11
2012-05-09,3251,T11
2012-05-10,3208,T11
2012-05-11,3137,T11
2012-05-12,3162,T11
2012-05-13,2960,T11
2012-05-14,3170,T11
2012-05-15,3146,T11
2012-05-16,3160,T11
2012-05-17,3222,T11
2012-05-18,3276,T11
2012-05-19,3267,T11
2012-05-20,2825,T11
2012-05-21,3092,T11
2012-05-22,3186,T11
2012-05-23,3061,T11
2012-05-24,3259,T11
2012-05-25,3196,T11
2012-05-26,3333,T11
2012-05-27,2982,T11
2012-05-28,3116,T11
2012-05-29,3372,T11
2012-05-30,3217,T11
2012-05-31,3270,T11
2012-06-01,3555,T11
2012-06-02,3417,T11
2012-06-03,3092,T11
2012-06-04,3298,T11
2012-06-05,3542,T11
2012-06-06,3507,T11
2012-06-07,2931,T11
2012-06-08,3218,T11
2012-06-09,3429,T11
2012-06-10,3129,T11
2012-06-11,3413,T11
2012-06-12,3382,T11
2012-06-13,3024,T11
2012-06-14,3150,T11
2012-06-15,3292,T11
2012-06-16,3053,T11
2012-06-17,3006,T11
2012-06-18,3254,T11
2012-06-19,3183,T11
2012-06-20,3417,T11
2012-06-21,3035,T11
2012-06-22,3158,T11
2012-06-23,3112,T11
2012-06-24,2851,T11
2012-06-25,3360,T11
2012-06-26,3626,T11
2012-06-27,3628,T11
2012-06-28,3658,T11
2012-06-29,3489,T11
2012-06-30,3322,T11
2012-07-01,3000,T11
2012-07-02,3356,T11
2012-07-03,3399,T11
2012-07-04,3430,T11
2012-07-05,3522,T11
2012-07-06,3437,T11
2012-07-07,3351,T11
2012-07-08,3058,T11
2012-07-09,3585,T11
2012-07-10,3463,T11
2012-07-11,3535,T11
2012-07-12,3715,T11
2012-07-13,3713,T11
2012-07-14,3605,T11
2012-07-15,3275,T11
2012-07-16,3559,T11
2012-07-17,3760,T11
2012-07-18,3921,T11
2012-07-19,3861,T11
2012-07-20,3875,T11
2012-07-21,3776,T11
2012-07-22,3435,T11
2012-07-23,3705,T11
2012-07-24,3859,T11
2012-07-25,4043,T11
2012-07-26,3846,T11
2012-07-27,3978,T11
2012-07-28,3711,T11
2012-07-29,3146,T11
2012-07-30,3869,T11
2012-07-31,3843,T11
2012-08-01,3796,T11
2012-08-02,3760,T11
2012-08-03,3871,T11
2012-08-04,3867,T11
2012-08-05,3287,T11
2012-08-06,3842,T11
2012-08-07,4026,T11
2012-08-08,3847,T11
2012-08-09,3933,T11
2012-08-10,3847,T11
2012-08-11,3680,T11
2012-08-12,3218,T11
2012-08-13,3371,T11
2012-08-14,3402,T11
2012-08-15,3105,T11
2012-08-16,3423,T11
2012-08-17,3791,T11
2012-08-18,4149,T11
2012-08-19,4057,T11
2012-08-20,3211,T11
2012-08-21,3149,T11
2012-08-22,3169,T11
2012-08-23,3256,T11
2012-08-24,3349,T11
2012-08-25,3164,T11
2012-08-26,2720,T11
2012-08-27,2999,T11
2012-08-28,3186,T11
2012-08-29,3148,T11
2012-08-30,3148,T11
2012-08-31,3273,T11
2012-09-01,3362,T11
2012-09-02,3116,T11
2012-09-03,3510,T11
2012-09-04,3581,T11
2012-09-05,3524,T11
2012-09-06,3713,T11
2012-09-07,3668,T11
2012-09-08,3415,T11
2012-09-09,3032,T11
2012-09-10,3403,T11
2012-09-11,3552,T11
2012-09-12,3517,T11
2012-09-13,3485,T11
2012-09-14,3483,T11
2012-09-15,3434,T11
2012-09-16,3151,T11
2012-09-17,3322,T11
2012-09-18,3423,T11
2012-09-19,3579,T11
2012-09-20,3503,T11
2012-09-21,3483,T11
2012-09-22,3354,T11
2012-09-23,3106,T11
2012-09-24,3382,T11
2012-09-25,3562,T11
2012-09-26,3478,T11
2012-09-27,3239,T11
2012-09-28,3468,T11
2012-09-29,3471,T11
2012-09-30,3210,T11
2012-10-01,3107,T11
2012-10-02,3399,T11
2012-10-03,3282,T11
2012-10-04,3252,T11
2012-10-05,3215,T11
2012-10-06,3386,T11
2012-10-07,3085,T11
2012-10-08,3457,T11
2012-10-09,3513,T11
2012-10-10,3449,T11
2012-10-11,3668,T11
2012-10-12,3369,T11
2012-10-13,3470,T11
2012-10-14,3264,T11
2012-10-15,3487,T11
2012-10-16,3526,T11
2012-10-17,3645,T11
2012-10-18,3580,T11
2012-10-19,3564,T11
2012-10-20,3580,T11
2012-10-21,3275,T11
2012-10-22,3808,T11
2012-10-23,3495,T11
2012-10-24,3423,T11
2012-10-25,3560,T11
2012-10-26,3312,T11
2012-10-27,3429,T11
2012-10-28,3509,T11
2012-10-29,3666,T11
2012-10-30,3802,T11
2012-10-31,3652,T11
2012-11-01,3643,T11
2012-11-02,3788,T11
2012-11-03,3921,T11
2012-11-04,3554,T11
2012-11-05,3992,T11
2012-11-06,4097,T11
2012-11-07,4209,T11
2012-11-08,4151,T11
2012-11-09,4253,T11
2012-11-10,4605,T11
2012-11-11,4051,T11
2012-11-12,4303,T11
2012-11-13,4440,T11
2012-11-14,4478,T11
2012-11-15,4129,T11
2012-11-16,4404,T11
2012-11-17,4500,T11
2012-11-18,4158,T11
2012-11-19,4230,T11
2012-11-20,4481,T11
2012-11-21,4388,T11
2012-11-22,4468,T11
2012-11-23,4478,T11
2012-11-24,4331,T11
2012-11-25,4206,T11
2012-11-26,4173,T11
2012-11-27,4666,T11
2012-11-28,4643,T11
2012-11-29,4708,T11
2012-11-30,4782,T11
2012-12-01,4495,T11
2012-12-02,4589,T11
2012-12-03,5149,T11
2012-12-04,5085,T11
2012-12-05,5213,T11
2012-12-06,5032,T11
2012-12-07,4521,T11
2012-12-08,4441,T11
2012-12-09,4644,T11
2012-12-10,4906,T11
2012-12-11,5158,T11
2012-12-12,5195,T11
2012-12-13,5297,T11
2012-12-14,4787,T11
2012-12-15,4806,T11
2012-12-16,4279,T11
2012-12-17,4337,T11
2012-12-18,4961,T11
2012-12-19,4906,T11
2012-12-20,4955,T11
2012-12-21,4884,T11
2012-12-22,5055,T11
2012-12-23,5050,T11
2012-12-24,5024,T11
2012-12-25,4724,T11
2012-12-26,5099,T11
2012-12-27,5705,T11
2012-12-28,5357,T11
2012-12-29,5207,T11
2012-12-30,4871,T11
2012-12-31,5360,T11
2013-01-01,4857,T11
2013-01-02,5003,T11
2013-01-03,5254,T11
2013-01-04,5350,T11
2013-01-05,5268,T11
2013-01-06,4980,T11
2013-01-07,5286,T11
2013-01-08,4989,T11
2013-01-09,4831,T11
2013-01-10,4675,T11
2013-01-11,4385,T11
2013-01-12,4881,T11
2013-01-13,4740,T11
2013-01-14,4720,T11
2013-01-15,5003,T11
2013-01-16,4849,T11
2013-01-17,4745,T11
2013-01-18,5044,T11
2013-01-19,5075,T11
2013-01-20,4793,T11
2013-01-21,4853,T11
2013-01-22,5206,T11
2013-01-23,5466,T11
2013-01-24,4979,T11
2013-01-25,5094,T11
2013-01-26,4874,T11
2013-01-27,4659,T11
2013-01-28,4969,T11
2013-01-29,4585,T11
2013-01-30,4774,T11
2013-01-31,4514,T11
2013-02-01,4608,T11
2013-02-02,4921,T11
2013-02-03,4593,T11
2013-02-04,4441,T11
2013-02-05,4580,T11
2013-02-06,4984,T11
2013-02-07,4887,T11
2013-02-08,4789,T11
2013-02-09,4686,T11
2013-02-10,4450,T11
2013-02-11,4985,T11
2013-02-12,4794,T11
2013-02-13,4540,T11
2013-02-14,4048,T11
2013-02-15,4126,T11
2013-02-16,4453,T11
2013-02-17,4350,T11
2013-02-18,3915,T11
2013-02-19,4303,T11
2013-02-20,4322,T11
2013-02-21,4259,T11
2013-02-22,4321,T11
2013-02-23,4443,T11
2013-02-24,4362,T11
2013-02-25,4600,T11
2013-02-26,4432,T11
2013-02-27,4880,T11
2013-02-28,4430,T11
2013-03-01,4198,T11
2013-03-02,4411,T11
2013-03-03,3979,T11
2013-03-04,4006,T11
2013-03-05,3895,T11
2013-03-06,3929,T11
2013-03-07,4100,T11
2013-03-08,3707,T11
2013-03-09,3851,T11
2013-03-10,3766,T11
2013-03-11,3942,T11
2013-03-12,4094,T11
2013-03-13,4115,T11
2013-03-14,4047,T11
2013-03-15,3941,T11
2013-03-16,4190,T11
2013-03-17,3354,T11
2013-03-18,3673,T11
2013-03-19,3682,T11
2013-03-20,3861,T11
2013-03-21,3807,T11
2013-03-22,3912,T11
2013-03-23,3936,T11
2013-03-24,3615,T11
2013-03-25,4164,T11
2013-03-26,4059,T11
2013-03-27,3950,T11
2013-03-28,3985,T11
2013-03-29,4050,T11
2013-03-30,3940,T11
2013-03-31,3316,T11
2013-04-01,3358,T11
2013-04-02,3597,T11
2013-04-03,3720,T11
2013-04-04,3600,T11
2013-04-05,3653,T11
2013-04-06,3635,T11
2013-04-07,3754,T11
2013-04-08,3628,T11
2013-04-09,3726,T11
2013-04-10,3675,T11
2013-04-11,3632,T11
2013-04-12,3865,T11
2013-04-13,3509,T11
2013-04-14,3055,T11
2013-04-15,3073,T11
2013-04-16,3059,T11
2013-04-17,3125,T11
2013-04-18,3118,T11
2013-04-19,3102,T11
2013-04-20,3175,T11
2013-04-21,2832,T11
2013-04-22,3032,T11
2013-04-23,3102,T11
2013-04-24,2895,T11
2013-04-25,2990,T11
2013-04-26,3114,T11
2013-04-27,3121,T11
2013-04-28,3069,T11
2013-04-29,3309,T11
2013-04-30,3339,T11
2013-05-01,2971,T11
2013-05-02,3057,T11
2013-05-03,3305,T11
2013-05-04,2978,T11
2013-05-05,2700,T11
2013-05-06,3035,T11
2013-05-07,3179,T11
2013-05-08,3086,T11
2013-05-09,2855,T11
2013-05-10,3008,T11
2013-05-11,2884,T11
2013-05-12,2748,T11
2013-05-13,2972,T11
2013-05-14,2923,T11
2013-05-15,2995,T11
2013-05-16,3215,T11
2013-05-17,3109,T11
2013-05-18,3201,T11
2013-05-19,2873,T11
2013-05-20,3027,T11
2013-05-21,2982,T11
2013-05-22,3075,T11
2013-05-23,3088,T11
2013-05-24,3166,T11
2013-05-25,3151,T11
2013-05-26,2759,T11
2013-05-27,2965,T11
2013-05-28,3046,T11
2013-05-29,3336,T11
2013-05-30,3075,T11
2013-05-31,3003,T11
2013-06-01,3039,T11
2013-06-02,2959,T11
2013-06-03,3280,T11
2013-06-04,3190,T11
2013-06-05,3138,T11
2013-06-06,3257,T11
2013-06-07,3209,T11
2013-06-08,3271,T11
2013-06-09,2755,T11
2013-06-10,3049,T11
2013-06-11,3305,T11
2013-06-12,2912,T11
2013-06-13,2869,T11
2013-06-14,2949,T11
2013-06-15,3016,T11
2013-06-16,2638,T11
2013-06-17,3201,T11
2013-06-18,3145,T11
2013-06-19,3141,T11
2013-06-20,3102,T11
2013-06-21,3062,T11
2013-06-22,3097,T11
2013-06-23,2800,T11
2013-06-24,3242,T11
2013-06-25,3393,T11
2013-06-26,3601,T11
2013-06-27,3517,T11
2013-06-28,3617,T11
2013-06-29,3683,T11
2013-06-30,3328,T11
2013-07-01,3766,T11
2013-07-02,3835,T11
2013-07-03,4058,T11
2013-07-04,4428,T11
2013-07-05,4712,T11
2013-07-06,4701,T11
2013-07-07,4126,T11
2013-07-08,4342,T11
2013-07-09,4327,T11
2013-07-10,4140,T11
2013-07-11,3800,T11
2013-07-12,3589,T11
2013-07-13,3493,T11
2013-07-14,3148,T11
2013-07-15,3662,T11
2013-07-16,3926,T11
2013-07-17,3891,T11
2013-07-18,3798,T11
2013-07-19,3652,T11
2013-07-20,3597,T11
2013-07-21,3332,T11
2013-07-22,3841,T11
2013-07-23,3958,T11
2013-07-24,3495,T11
2013-07-25,3604,T11
2013-07-26,3576,T11
2013-07-27,3370,T11
2013-07-28,2975,T11
2013-07-29,3199,T11
2013-07-30,3351,T11
2013-07-31,3307,T11
2013-08-01,3490,T11
2013-08-02,3267,T11
2013-08-03,3434,T11
2013-08-04,3007,T11
2013-08-05,3612,T11
2013-08-06,3678,T11
2013-08-07,3761,T11
2013-08-08,3483,T11
2013-08-09,3873,T11
2013-08-10,3928,T11
2013-08-11,3366,T11
2013-08-12,3555,T11
2013-08-13,3763,T11
2013-08-14,3869,T11
2013-08-15,3459,T11
2013-08-16,3555,T11
2013-08-17,4033,T11
2013-08-18,4110,T11
2013-08-19,3700,T11
2013-08-20,3980,T11
2013-08-21,3583,T11
2013-08-22,3514,T11
2013-08-23,3467,T11
2013-08-24,3637,T11
2013-08-25,3187,T11
2013-08-26,3512,T11
2013-08-27,3688,T11
2013-08-28,3603,T11
2013-08-29,3552,T11
2013-08-30,3627,T11
2013-08-31,3620,T11
2013-09-01,3329,T11
2013-09-02,3852,T11
2013-09-03,3792,T11
2013-09-04,3658,T11
2013-09-05,3549,T11
2013-09-06,3579,T11
2013-09-07,3472,T11
2013-09-08,3111,T11
2013-09-09,3432,T11
2013-09-10,3580,T11
2013-09-11,3616,T11
2013-09-12,3685,T11
2013-09-13,3462,T11
2013-09-14,3688,T11
2013-09-15,3206,T11
2013-09-16,3507,T11
2013-09-17,3648,T11
2013-09-18,3664,T11
2013-09-19,3520,T11
2013-09-20,3830,T11
2013-09-21,3772,T11
2013-09-22,3416,T11
2013-09-23,3630,T11
2013-09-24,3593,T11
2013-09-25,3525,T11
2013-09-26,3632,T11
2013-09-27,3514,T11
2013-09-28,3739,T11
2013-09-29,3259,T11
2013-09-30,3793,T11
2013-10-01,3624,T11
2013-10-02,3442,T11
2013-10-03,3469,T11
2013-10-04,3493,T11
2013-10-05,3311,T11
2013-10-06,3063,T11
2013-10-07,3302,T11
2013-10-08,3377,T11
2013-10-09,3391,T11
2013-10-10,3442,T11
2013-10-11,3464,T11
2013-10-12,3468,T11
2013-10-13,3197,T11
2013-10-14,3540,T11
2013-10-15,3625,T11
2013-10-16,3735,T11
2013-10-17,3702,T11
2013-10-18,3631,T11
2013-10-19,3567,T11
2013-10-20,3085,T11
2013-10-21,3454,T11
2013-10-22,3467,T11
2013-10-23,3455,T11
2013-10-24,3771,T11
2013-10-25,3642,T11
2013-10-26,3399,T11
2013-10-27,3156,T11
2013-10-28,3440,T11
2013-10-29,3558,T11
2013-10-30,3623,T11
2013-10-31,3773,T11
2013-11-01,3598,T11
2013-11-02,3833,T11
2013-11-03,3106,T11
2013-11-04,3722,T11
2013-11-05,3855,T11
2013-11-06,3802,T11
2013-11-07,3816,T11
2013-11-08,3729,T11
2013-11-09,3760,T11
2013-11-10,3325,T11
2013-11-11,3770,T11
2013-11-12,3815,T11
2013-11-13,3862,T11
2013-11-14,4079,T11
2013-11-15,4048,T11
2013-11-16,4528,T11
2013-11-17,3916,T11
2013-11-18,4265,T11
2013-11-19,4333,T11
2013-11-20,4335,T11
2013-11-21,4369,T11
2013-11-22,4278,T11
2013-11-23,4594,T11
2013-11-24,4357,T11
2013-11-25,4548,T11
2013-11-26,4612,T11
2013-11-27,4578,T11
2013-11-28,4781,T11
2013-11-29,4781,T11
2013-11-30,5041,T11
2013-12-01,4478,T11
2013-12-02,4584,T11
2013-12-03,4719,T11
2013-12-04,4943,T11
2013-12-05,4772,T11
2013-12-06,4751,T11
2013-12-07,5016,T11
2013-12-08,4665,T11
2013-12-09,5206,T11
2013-12-10,5314,T11
2013-12-11,4860,T11
2013-12-12,4728,T11
2013-12-13,4404,T11
2013-12-14,4562,T11
2013-12-15,3982,T11
2013-12-16,4761,T11
2013-12-17,4768,T11
2013-12-18,4925,T11
2013-12-19,4774,T11
2013-12-20,4838,T11
2013-12-21,5008,T11
2013-12-22,4471,T11
2013-12-23,5023,T11
2013-12-24,4986,T11
2013-12-25,4615,T11
2013-12-26,4922,T11
2013-12-27,5093,T11
2013-12-28,5034,T11
2013-12-29,4651,T11
2013-12-30,5237,T11
2013-12-31,4966,T11
2014-01-01,4378,T11
2014-01-02,5224,T11
2014-01-03,4914,T11
2014-01-04,5118,T11
2014-01-05,4632,T11
2014-01-06,4479,T11
2014-01-07,4508,T11
2014-01-08,4781,T11
2014-01-09,4491,T11
2014-01-10,4573,T11
2014-01-11,4823,T11
2014-01-12,4646,T11
2014-01-13,4778,T11
2014-01-14,4664,T11
2014-01-15,4528,T11
2014-01-16,4777,T11
2014-01-17,5144,T11
2014-01-18,5299,T11
2014-01-19,4794,T11
2014-01-20,5226,T11
2014-01-21,5324,T11
2014-01-22,4867,T11
2014-01-23,5161,T11
2014-01-24,5430,T11
2014-01-25,5394,T11
2014-01-26,4664,T11
2014-01-27,4961,T11
2014-01-28,5077,T11
2014-01-29,5074,T11
2014-01-30,5041,T11
2014-01-31,4965,T11
2014-02-01,5168,T11
2014-02-02,4961,T11
2014-02-03,5275,T11
2014-02-04,5464,T11
2014-02-05,5008,T11
2014-02-06,5139,T11
2014-02-07,4956,T11
2014-02-08,5194,T11
2014-02-09,4824,T11
2014-02-10,4880,T11
2014-02-11,4980,T11
2014-02-12,5264,T11
2014-02-13,5436,T11
2014-02-14,5611,T11
2014-02-15,5795,T11
2014-02-16,5341,T11
2014-02-17,5535,T11
2014-02-18,4887,T11
2014-02-19,4807,T11
2014-02-20,4869,T11
2014-02-21,4976,T11
2014-02-22,4921,T11
2014-02-23,4273,T11
2014-02-24,4531,T11
2014-02-25,4616,T11
2014-02-26,4680,T11
2014-02-27,4425,T11
2014-02-28,4511,T11
2014-03-01,4765,T11
2014-03-02,4395,T11
2014-03-03,4703,T11
2014-03-04,4696,T11
2014-03-05,4572,T11
2014-03-06,4298,T11
2014-03-07,4084,T11
2014-03-08,4043,T11
2014-03-09,3689,T11
2014-03-10,3807,T11
2014-03-11,3481,T11
2014-03-12,3529,T11
2014-03-13,3670,T11
2014-03-14,3741,T11
2014-03-15,3862,T11
2014-03-16,3340,T11
2014-03-17,3689,T11
2014-03-18,3613,T11
2014-03-19,3634,T11
2014-03-20,3764,T11
2014-03-21,3860,T11
2014-03-22,3872,T11
2014-03-23,3612,T11
2014-03-24,3840,T11
2014-03-25,4107,T11
2014-03-26,4095,T11
2014-03-27,4205,T11
2014-03-28,4140,T11
2014-03-29,4173,T11
2014-03-30,3689,T11
2014-03-31,3913,T11
2014-04-01,4286,T11
2014-04-02,4095,T11
2014-04-03,4024,T11
2014-04-04,4108,T11
2014-04-05,3981,T11
2014-04-06,3529,T11
2014-04-07,3543,T11
2014-04-08,3543,T11
2014-04-09,3332,T11
2014-04-10,3288,T11
2014-04-11,3324,T11
2014-04-12,3301,T11
2014-04-13,3008,T11
2014-04-14,3199,T11
2014-04-15,3306,T11
2014-04-16,3231,T11
2014-04-17,3467,T11
2014-04-18,3630,T11
2014-04-19,3593,T11
2014-04-20,2929,T11
2014-04-21,3267,T11
2014-04-22,3449,T11
2014-04-23,3289,T11
2014-04-24,3562,T11
2014-04-25,3790,T11
2014-04-26,3836,T11
2014-04-27,3098,T11
2014-04-28,3137,T11
2014-04-29,3318,T11
2014-04-30,3243,T11
2014-05-01,3061,T11
2014-05-02,3224,T11
2014-05-03,3156,T11
2014-05-04,2928,T11
2014-05-05,3103,T11
2014-05-06,3190,T11
2014-05-07,3108,T11
2014-05-08,3225,T11
2014-05-09,3184,T11
2014-05-10,3231,T11
2014-05-11,2893,T11
2014-05-12,3187,T11
2014-05-13,3208,T11
2014-05-14,3329,T11
2014-05-15,3340,T11
2014-05-16,3443,T11
2014-05-17,3709,T11
2014-05-18,3246,T11
2014-05-19,3494,T11
2014-05-20,3551,T11
2014-05-21,3586,T11
2014-05-22,3424,T11
2014-05-23,3389,T11
2014-05-24,3483,T11
2014-05-25,3471,T11
2014-05-26,3580,T11
2014-05-27,3471,T11
2014-05-28,3452,T11
2014-05-29,3598,T11
2014-05-30,3403,T11
2014-05-31,3477,T11
2014-06-01,3265,T11
2014-06-02,3358,T11
2014-06-03,3428,T11
2014-06-04,3427,T11
2014-06-05,3428,T11
2014-06-06,3627,T11
2014-06-07,3356,T11
2014-06-08,3010,T11
2014-06-09,3328,T11
2014-06-10,3127,T11
2014-06-11,3241,T11
2014-06-12,3269,T11
2014-06-13,3157,T11
2014-06-14,3517,T11
2014-06-15,3547,T11
2014-06-16,3614,T11
2014-06-17,3708,T11
2014-06-18,3546,T11
2014-06-19,3398,T11
2014-06-20,3318,T11
2014-06-21,3261,T11
2014-06-22,2881,T11
2014-06-23,3243,T11
2014-06-24,3500,T11
2014-06-25,3169,T11
2014-06-26,3115,T11
2014-06-27,3201,T11
2014-06-28,3233,T11
2014-06-29,2883,T11
2014-06-30,3135,T11
2014-07-01,3212,T11
2014-07-02,3207,T11
2014-07-03,3235,T11
2014-07-04,3279,T11
2014-07-05,3245,T11
2014-07-06,3012,T11
2014-07-07,3199,T11
2014-07-08,3250,T11
2014-07-09,3285,T11
2014-07-10,3475,T11
2014-07-11,3386,T11
2014-07-12,3909,T11
2014-07-13,3644,T11
2014-07-14,3973,T11
2014-07-15,4001,T11
2014-07-16,3421,T11
2014-07-17,3866,T11
2014-07-18,3793,T11
2014-07-19,3590,T11
2014-07-20,3046,T11
2014-07-21,3226,T11
2014-07-22,3433,T11
2014-07-23,3492,T11
2014-07-24,3696,T11
2014-07-25,3656,T11
2014-07-26,4361,T11
2014-07-27,3794,T11
2014-07-28,4350,T11
2014-07-29,4507,T11
2014-07-30,4346,T11
2014-07-31,4643,T11
2014-08-01,4329,T11
2014-08-02,4076,T11
2014-08-03,3742,T11
2014-08-04,4027,T11
2014-08-05,4153,T11
2014-08-06,4165,T11
2014-08-07,4070,T11
2014-08-08,3780,T11
2014-08-09,3623,T11
2014-08-10,3282,T11
2014-08-11,3295,T11
2014-08-12,3374,T11
2014-08-13,3105,T11
2014-08-14,3358,T11
2014-08-15,3192,T11
2014-08-16,3873,T11
2014-08-17,3568,T11
2014-08-18,3378,T11
2014-08-19,3411,T11
2014-08-20,3259,T11
2012-01-01,12823,T125
2012-01-02,20776,T125
2012-01-03,20809,T125
2012-01-04,20670,T125
2012-01-05,20921,T125
2012-01-06,21050,T125
2012-01-07,13112,T125
2012-01-08,12992,T125
2012-01-09,21685,T125
2012-01-10,21034,T125
2012-01-11,20863,T125
2012-01-12,20985,T125
2012-01-13,20603,T125
2012-01-14,12247,T125
2012-01-15,12080,T125
2012-01-16,21500,T125
2012-01-17,20735,T125
2012-01-18,20928,T125
2012-01-19,20662,T125
2012-01-20,20485,T125
2012-01-21,12233,T125
2012-01-22,11738,T125
2012-01-23,21056,T125
2012-01-24,20785,T125
2012-01-25,21116,T125
2012-01-26,20737,T125
2012-01-27,20839,T125
2012-01-28,12309,T125
2012-01-29,11430,T125
2012-01-30,20530,T125
2012-01-31,20687,T125
2012-02-01,20735,T125
2012-02-02,20934,T125
2012-02-03,20934,T125
2012-02-04,12628,T125
2012-02-05,11991,T125
2012-02-06,21036,T125
2012-02-07,20726,T125
2012-02-08,20969,T125
2012-02-09,20837,T125
2012-02-10,21174,T125
2012-02-11,12163,T125
2012-02-12,11737,T125
2012-02-13,21148,T125
2012-02-14,20776,T125
2012-02-15,20877,T125
2012-02-16,20944,T125
2012-02-17,20913,T125
2012-02-18,11870,T125
2012-02-19,11346,T125
2012-02-20,20166,T125
2012-02-21,17832,T125
2012-02-22,20874,T125
2012-02-23,21269,T125
2012-02-24,20881,T125
2012-02-25,11954,T125
2012-02-26,11596,T125
2012-02-27,21052,T125
2012-02-28,21253,T125
2012-02-29,21058,T125
2012-03-01,21288,T125
2012-03-02,21122,T125
2012-03-03,12407,T125
2012-03-04,12359,T125
2012-03-05,21187,T125
2012-03-06,21242,T125
2012-03-07,21152,T125
2012-03-08,21161,T125
2012-03-09,20368,T125
2012-03-10,12112,T125
2012-03-11,11832,T125
2012-03-12,21319,T125
2012-03-13,20938,T125
2012-03-14,20880,T125
2012-03-15,20628,T125
2012-03-16,20662,T125
2012-03-17,12195,T125
2012-03-18,11905,T125
2012-03-19,20859,T125
2012-03-20,20586,T125
2012-03-21,20693,T125
2012-03-22,20475,T125
2012-03-23,20552,T125
2012-03-24,12156,T125
2012-03-25,11310,T125
2012-03-26,21287,T125
2012-03-27,21014,T125
2012-03-28,20863,T125
2012-03-29,20860,T125
2012-03-30,20566,T125
2012-03-31,12203,T125
2012-04-01,12111,T125
2012-04-02,21012,T125
2012-04-03,20323,T125
2012-04-04,20281,T125
2012-04-05,19931,T125
2012-04-06,17259,T125
2012-04-07,11877,T125
2012-04-08,11629,T125
2012-04-09,20841,T125
2012-04-10,20745,T125
2012-04-11,20118,T125
2012-04-12,20505,T125
2012-04-13,20396,T125
2012-04-14,11865,T125
2012-04-15,11856,T125
2012-04-16,21189,T125
2012-04-17,20956,T125
2012-04-18,21295,T125
2012-04-19,21256,T125
2012-04-20,20744,T125
2012-04-21,12016,T125
2012-04-22,11799,T125
2012-04-23,21469,T125
2012-04-24,20763,T125
2012-04-25,12285,T125
2012-04-26,20696,T125
2012-04-27,20564,T125
2012-04-28,11823,T125
2012-04-29,11638,T125
2012-04-30,20689,T125
2012-05-01,11722,T125
2012-05-02,20490,T125
2012-05-03,20463,T125
2012-05-04,20266,T125
2012-05-05,11850,T125
2012-05-06,11632,T125
2012-05-07,21218,T125
2012-05-08,20655,T125
2012-05-09,20514,T125
2012-05-10,20558,T125
2012-05-11,20604,T125
2012-05-12,12214,T125
2012-05-13,11876,T125
2012-05-14,21715,T125
2012-05-15,21405,T125
2012-05-16,21689,T125
2012-05-17,21594,T125
2012-05-18,21382,T125
2012-05-19,13015,T125
2012-05-20,14509,T125
2012-05-21,20926,T125
2012-05-22,21137,T125
2012-05-23,21137,T125
2012-05-24,21352,T125
2012-05-25,21201,T125
2012-05-26,11653,T125
2012-05-27,11384,T125
2012-05-28,21928,T125
2012-05-29,21489,T125
2012-05-30,21395,T125
2012-05-31,21470,T125
2012-06-01,21740,T125
2012-06-02,13363,T125
2012-06-03,11984,T125
2012-06-04,22417,T125
2012-06-05,21456,T125
2012-06-06,21736,T125
2012-06-07,15533,T125
2012-06-08,20523,T125
2012-06-09,12794,T125
2012-06-10,11677,T125
2012-06-11,21824,T125
2012-06-12,20762,T125
2012-06-13,12098,T125
2012-06-14,20166,T125
2012-06-15,20170,T125
2012-06-16,12655,T125
2012-06-17,11384,T125
2012-06-18,21084,T125
2012-06-19,20472,T125
2012-06-20,20548,T125
2012-06-21,20464,T125
2012-06-22,20298,T125
2012-06-23,12837,T125
2012-06-24,11789,T125
2012-06-25,21481,T125
2012-06-26,21097,T125
2012-06-27,20946,T125
2012-06-28,20730,T125
2012-06-29,20674,T125
2012-06-30,12628,T125
2012-07-01,11622,T125
2012-07-02,20717,T125
2012-07-03,20070,T125
2012-07-04,20078,T125
2012-07-05,19977,T125
2012-07-06,19753,T125
2012-07-07,11391,T125
2012-07-08,10975,T125
2012-07-09,20773,T125
2012-07-10,20168,T125
2012-07-11,19880,T125
2012-07-12,19849,T125
2012-07-13,19718,T125
2012-07-14,11625,T125
2012-07-15,10757,T125
2012-07-16,20488,T125
2012-07-17,20247,T125
2012-07-18,20226,T125
2012-07-19,20030,T125
2012-07-20,19448,T125
2012-07-21,11083,T125
2012-07-22,10825,T125
2012-07-23,20271,T125
2012-07-24,19853,T125
2012-07-25,19780,T125
2012-07-26,19656,T125
2012-07-27,19553,T125
2012-07-28,11580,T125
2012-07-29,10767,T125
2012-07-30,20019,T125
2012-07-31,19138,T125
2012-08-01,18583,T125
2012-08-02,18756,T125
2012-08-03,18298,T125
2012-08-04,11060,T125
2012-08-05,10736,T125
2012-08-06,18918,T125
2012-08-07,18303,T125
2012-08-08,18320,T125
2012-08-09,18571,T125
2012-08-10,19433,T125
2012-08-11,10985,T125
2012-08-12,10602,T125
2012-08-13,18789,T125
2012-08-14,18324,T125
2012-08-15,9685,T125
2012-08-16,17706,T125
2012-08-17,17697,T125
2012-08-18,10545,T125
2012-08-19,10138,T125
2012-08-20,19448,T125
2012-08-21,19467,T125
2012-08-22,20032,T125
2012-08-23,20062,T125
2012-08-24,19144,T125
2012-08-25,11014,T125
2012-08-26,10122,T125
2012-08-27,20354,T125
2012-08-28,19739,T125
2012-08-29,19681,T125
2012-08-30,19101,T125
2012-08-31,18762,T125
2012-09-01,10649,T125
2012-09-02,10432,T125
2012-09-03,19965,T125
2012-09-04,19286,T125
2012-09-05,19097,T125
2012-09-06,19189,T125
2012-09-07,19218,T125
2012-09-08,10951,T125
2012-09-09,10693,T125
2012-09-10,20526,T125
2012-09-11,20257,T125
2012-09-12,20135,T125
2012-09-13,20024,T125
2012-09-14,19426,T125
2012-09-15,11308,T125
2012-09-16,10952,T125
2012-09-17,20366,T125
2012-09-18,19878,T125
2012-09-19,19657,T125
2012-09-20,19560,T125
2012-09-21,19455,T125
2012-09-22,10936,T125
2012-09-23,10644,T125
2012-09-24,19643,T125
2012-09-25,19253,T125
2012-09-26,18708,T125
2012-09-27,18351,T125
2012-09-28,18779,T125
2012-09-29,10538,T125
2012-09-30,10296,T125
2012-10-01,20198,T125
2012-10-02,20009,T125
2012-10-03,19155,T125
2012-10-04,19128,T125
2012-10-05,11467,T125
2012-10-06,10840,T125
2012-10-07,10588,T125
2012-10-08,19905,T125
2012-10-09,19644,T125
2012-10-10,19448,T125
2012-10-11,19097,T125
2012-10-12,18709,T125
2012-10-13,10730,T125
2012-10-14,10158,T125
2012-10-15,18923,T125
2012-10-16,18488,T125
2012-10-17,19143,T125
2012-10-18,19326,T125
2012-10-19,19180,T125
2012-10-20,10799,T125
2012-10-21,9735,T125
2012-10-22,18832,T125
2012-10-23,17814,T125
2012-10-24,18107,T125
2012-10-25,18349,T125
2012-10-26,18300,T125
2012-10-27,10707,T125
2012-10-28,10484,T125
2012-10-29,17999,T125
2012-10-30,17953,T125
2012-10-31,18045,T125
2012-11-01,11349,T125
2012-11-02,17646,T125
2012-11-03,10302,T125
2012-11-04,9761,T125
2012-11-05,18299,T125
2012-11-06,18421,T125
2012-11-07,18552,T125
2012-11-08,17997,T125
2012-11-09,17637,T125
2012-11-10,10187,T125
2012-11-11,9571,T125
2012-11-12,18012,T125
2012-11-13,18172,T125
2012-11-14,18309,T125
2012-11-15,18399,T125
2012-11-16,18094,T125
2012-11-17,10035,T125
2012-11-18,8942,T125
2012-11-19,17768,T125
2012-11-20,17850,T125
2012-11-21,17991,T125
2012-11-22,17981,T125
2012-11-23,18042,T125
2012-11-24,9751,T125
2012-11-25,9261,T125
2012-11-26,18050,T125
2012-11-27,18217,T125
2012-11-28,17899,T125
2012-11-29,18003,T125
2012-11-30,17704,T125
2012-12-01,9346,T125
2012-12-02,9229,T125
2012-12-03,17668,T125
2012-12-04,17912,T125
2012-12-05,17838,T125
2012-12-06,18236,T125
2012-12-07,17981,T125
2012-12-08,9365,T125
2012-12-09,9000,T125
2012-12-10,17844,T125
2012-12-11,18164,T125
2012-12-12,18114,T125
2012-12-13,18224,T125
2012-12-14,18243,T125
2012-12-15,9848,T125
2012-12-16,9418,T125
2012-12-17,18091,T125
2012-12-18,18175,T125
2012-12-19,18174,T125
2012-12-20,17783,T125
2012-12-21,17647,T125
2012-12-22,9413,T125
2012-12-23,8846,T125
2012-12-24,15333,T125
2012-12-25,11807,T125
2012-12-26,16725,T125
2012-12-27,16896,T125
2012-12-28,16670,T125
2012-12-29,9368,T125
2012-12-30,8839,T125
2012-12-31,15296,T125
2013-01-01,14307,T125
2013-01-02,17319,T125
2013-01-03,17736,T125
2013-01-04,17886,T125
2013-01-05,9872,T125
2013-01-06,9467,T125
2013-01-07,18001,T125
2013-01-08,17943,T125
2013-01-09,18166,T125
2013-01-10,18034,T125
2013-01-11,18166,T125
2013-01-12,10274,T125
2013-01-13,9195,T125
2013-01-14,17922,T125
2013-01-15,18074,T125
2013-01-16,17930,T125
2013-01-17,18037,T125
2013-01-18,18038,T125
2013-01-19,9743,T125
2013-01-20,9193,T125
2013-01-21,18005,T125
2013-01-22,18010,T125
2013-01-23,17954,T125
2013-01-24,18092,T125
2013-01-25,18208,T125
2013-01-26,10097,T125
2013-01-27,9683,T125
2013-01-28,17782,T125
2013-01-29,18052,T125
2013-01-30,18013,T125
2013-01-31,18060,T125
2013-02-01,17884,T125
2013-02-02,9794,T125
2013-02-03,9211,T125
2013-02-04,17916,T125
2013-02-05,18075,T125
2013-02-06,18243,T125
2013-02-07,18141,T125
2013-02-08,18164,T125
2013-02-09,9872,T125
2013-02-10,9414,T125
2013-02-11,17370,T125
2013-02-12,12649,T125
2013-02-13,18047,T125
2013-02-14,18164,T125
2013-02-15,18082,T125
2013-02-16,9551,T125
2013-02-17,9142,T125
2013-02-18,18112,T125
2013-02-19,18111,T125
2013-02-20,18329,T125
2013-02-21,18808,T125
2013-02-22,18490,T125
2013-02-23,9840,T125
2013-02-24,9433,T125
2013-02-25,17896,T125
2013-02-26,17914,T125
2013-02-27,18054,T125
2013-02-28,18075,T125
2013-03-01,17618,T125
2013-03-02,9813,T125
2013-03-03,9765,T125
2013-03-04,18097,T125
2013-03-05,18055,T125
2013-03-06,18222,T125
2013-03-07,18191,T125
2013-03-08,18056,T125
2013-03-09,9777,T125
2013-03-10,9377,T125
2013-03-11,18138,T125
2013-03-12,18007,T125
2013-03-13,17914,T125
2013-03-14,17960,T125
2013-03-15,17920,T125
2013-03-16,9590,T125
2013-03-17,9165,T125
2013-03-18,17886,T125
2013-03-19,18265,T125
2013-03-20,18011,T125
2013-03-21,17995,T125
2013-03-22,18410,T125
2013-03-23,9900,T125
2013-03-24,9536,T125
2013-03-25,18176,T125
2013-03-26,18542,T125
2013-03-27,18228,T125
2013-03-28,18031,T125
2013-03-29,11024,T125
2013-03-30,9660,T125
2013-03-31,8917,T125
2013-04-01,17664,T125
2013-04-02,17747,T125
2013-04-03,18005,T125
2013-04-04,17998,T125
2013-04-05,17922,T125
2013-04-06,10370,T125
2013-04-07,9632,T125
2013-04-08,17939,T125
2013-04-09,18213,T125
2013-04-10,18513,T125
2013-04-11,18230,T125
2013-04-12,18081,T125
2013-04-13,10439,T125
2013-04-14,9832,T125
2013-04-15,18498,T125
2013-04-16,18215,T125
2013-04-17,18251,T125
2013-04-18,18023,T125
2013-04-19,17995,T125
2013-04-20,10578,T125
2013-04-21,9789,T125
2013-04-22,18289,T125
2013-04-23,18262,T125
2013-04-24,18413,T125
2013-04-25,12445,T125
2013-04-26,17580,T125
2013-04-27,11594,T125
2013-04-28,9503,T125
2013-04-29,17996,T125
2013-04-30,18129,T125
2013-05-01,12727,T125
2013-05-02,18100,T125
2013-05-03,18138,T125
2013-05-04,10016,T125
2013-05-05,9875,T125
2013-05-06,18482,T125
2013-05-07,18537,T125
2013-05-08,18273,T125
2013-05-09,18095,T125
2013-05-10,18051,T125
2013-05-11,9807,T125
2013-05-12,9401,T125
2013-05-13,18140,T125
2013-05-14,17901,T125
2013-05-15,17959,T125
2013-05-16,18147,T125
2013-05-17,17751,T125
2013-05-18,9633,T125
2013-05-19,9164,T125
2013-05-20,18100,T125
2013-05-21,18271,T125
2013-05-22,18208,T125
2013-05-23,18056,T125
2013-05-24,18126,T125
2013-05-25,9484,T125
2013-05-26,9151,T125
2013-05-27,18218,T125
2013-05-28,17967,T125
2013-05-29,18106,T125
2013-05-30,17734,T125
2013-05-31,17765,T125
2013-06-01,9739,T125
2013-06-02,9508,T125
2013-06-03,18644,T125
2013-06-04,18795,T125
2013-06-05,18551,T125
2013-06-06,18411,T125
2013-06-07,18113,T125
2013-06-08,9789,T125
2013-06-09,9299,T125
2013-06-10,9661,T125
2013-06-11,17858,T125
2013-06-12,17541,T125
2013-06-13,10849,T125
2013-06-14,17358,T125
2013-06-15,10442,T125
2013-06-16,10161,T125
2013-06-17,18595,T125
2013-06-18,18266,T125
2013-06-19,18502,T125
2013-06-20,18226,T125
2013-06-21,18332,T125
2013-06-22,10536,T125
2013-06-23,10270,T125
2013-06-24,18674,T125
2013-06-25,18696,T125
2013-06-26,18938,T125
2013-06-27,18826,T125
2013-06-28,19600,T125
2013-06-29,10994,T125
2013-06-30,10660,T125
2013-07-01,20118,T125
2013-07-02,19519,T125
2013-07-03,19702,T125
2013-07-04,19734,T125
2013-07-05,15146,T125
2013-07-06,9750,T125
2013-07-07,10777,T125
2013-07-08,20077,T125
2013-07-09,20390,T125
2013-07-10,21567,T125
2013-07-11,21455,T125
2013-07-12,19833,T125
2013-07-13,11542,T125
2013-07-14,10290,T125
2013-07-15,19594,T125
2013-07-16,19483,T125
2013-07-17,19157,T125
2013-07-18,19199,T125
2013-07-19,18844,T125
2013-07-20,11533,T125
2013-07-21,11141,T125
2013-07-22,18947,T125
2013-07-23,18987,T125
2013-07-24,19266,T125
2013-07-25,19182,T125
2013-07-26,18660,T125
2013-07-27,12040,T125
2013-07-28,11371,T125
2013-07-29,18711,T125
2013-07-30,18692,T125
2013-07-31,18948,T125
2013-08-01,18575,T125
2013-08-02,18649,T125
2013-08-03,11911,T125
2013-08-04,11458,T125
2013-08-05,18537,T125
2013-08-06,18733,T125
2013-08-07,18498,T125
2013-08-08,18686,T125
2013-08-09,18423,T125
2013-08-10,12093,T125
2013-08-11,11756,T125
2013-08-12,18970,T125
2013-08-13,18950,T125
2013-08-14,18891,T125
2013-08-15,12407,T125
2013-08-16,17929,T125
2013-08-17,11996,T125
2013-08-18,11569,T125
2013-08-19,18813,T125
2013-08-20,18860,T125
2013-08-21,18907,T125
2013-08-22,18709,T125
2013-08-23,18500,T125
2013-08-24,12184,T125
2013-08-25,11818,T125
2013-08-26,18614,T125
2013-08-27,18657,T125
2013-08-28,18961,T125
2013-08-29,18922,T125
2013-08-30,18813,T125
2013-08-31,12177,T125
2013-09-01,11866,T125
2013-09-02,19298,T125
2013-09-03,19414,T125
2013-09-04,19584,T125
2013-09-05,19319,T125
2013-09-06,19034,T125
2013-09-07,11855,T125
2013-09-08,11658,T125
2013-09-09,19135,T125
2013-09-10,19146,T125
2013-09-11,19143,T125
2013-09-12,19261,T125
2013-09-13,19284,T125
2013-09-14,11146,T125
2013-09-15,11024,T125
2013-09-16,18779,T125
2013-09-17,18716,T125
2013-09-18,18888,T125
2013-09-19,18668,T125
2013-09-20,18877,T125
2013-09-21,12517,T125
2013-09-22,11594,T125
2013-09-23,19541,T125
2013-09-24,19349,T125
2013-09-25,19388,T125
2013-09-26,19101,T125
2013-09-27,19252,T125
2013-09-28,12520,T125
2013-09-29,11269,T125
2013-09-30,19251,T125
2013-10-01,18506,T125
2013-10-02,18257,T125
2013-10-03,18147,T125
2013-10-04,17840,T125
2013-10-05,10091,T125
2013-10-06,9810,T125
2013-10-07,17813,T125
2013-10-08,17906,T125
2013-10-09,17965,T125
2013-10-10,18624,T125
2013-10-11,18661,T125
2013-10-12,10549,T125
2013-10-13,9963,T125
2013-10-14,18385,T125
2013-10-15,18129,T125
2013-10-16,18339,T125
2013-10-17,18504,T125
2013-10-18,18223,T125
2013-10-19,10473,T125
2013-10-20,10272,T125
2013-10-21,18437,T125
2013-10-22,19624,T125
2013-10-23,19678,T125
2013-10-24,19601,T125
2013-10-25,19257,T125
2013-10-26,10489,T125
2013-10-27,10527,T125
2013-10-28,19108,T125
2013-10-29,19004,T125
2013-10-30,18994,T125
2013-10-31,18243,T125
2013-11-01,18123,T125
2013-11-02,10342,T125
2013-11-03,9986,T125
2013-11-04,18441,T125
2013-11-05,18232,T125
2013-11-06,18284,T125
2013-11-07,18494,T125
2013-11-08,18264,T125
2013-11-09,10458,T125
2013-11-10,10059,T125
2013-11-11,18138,T125
2013-11-12,18062,T125
2013-11-13,18237,T125
2013-11-14,18340,T125
2013-11-15,18265,T125
2013-11-16,10207,T125
2013-11-17,9665,T125
2013-11-18,18237,T125
2013-11-19,18243,T125
2013-11-20,18371,T125
2013-11-21,18114,T125
2013-11-22,18116,T125
2013-11-23,9949,T125
2013-11-24,9652,T125
2013-11-25,18128,T125
2013-11-26,18073,T125
2013-11-27,18123,T125
2013-11-28,18297,T125
2013-11-29,18223,T125
2013-11-30,10093,T125
2013-12-01,9740,T125
2013-12-02,18297,T125
2013-12-03,18428,T125
2013-12-04,18061,T125
2013-12-05,18021,T125
2013-12-06,18154,T125
2013-12-07,10833,T125
2013-12-08,10728,T125
2013-12-09,18581,T125
2013-12-10,18375,T125
2013-12-11,18686,T125
2013-12-12,18856,T125
2013-12-13,18597,T125
2013-12-14,14282,T125
2013-12-15,14159,T125
2013-12-16,20340,T125
2013-12-17,20551,T125
2013-12-18,20679,T125
2013-12-19,20589,T125
2013-12-20,20138,T125
2013-12-21,14214,T125
2013-12-22,11562,T125
2013-12-23,17905,T125
2013-12-24,10933,T125
2013-12-25,10460,T125
2013-12-26,17774,T125
2013-12-27,17959,T125
2013-12-28,10823,T125
2013-12-29,10279,T125
2013-12-30,17956,T125
2013-12-31,16479,T125
2014-01-01,10292,T125
2014-01-02,18155,T125
2014-01-03,18321,T125
2014-01-04,11177,T125
2014-01-05,10899,T125
2014-01-06,18811,T125
2014-01-07,19117,T125
2014-01-08,18814,T125
2014-01-09,18853,T125
2014-01-10,18938,T125
2014-01-11,11551,T125
2014-01-12,10625,T125
2014-01-13,18852,T125
2014-01-14,19276,T125
2014-01-15,19315,T125
2014-01-16,18779,T125
2014-01-17,18905,T125
2014-01-18,11662,T125
2014-01-19,11179,T125
2014-01-20,18811,T125
2014-01-21,19086,T125
2014-01-22,18825,T125
2014-01-23,18928,T125
2014-01-24,18937,T125
2014-01-25,11310,T125
2014-01-26,10929,T125
2014-01-27,19039,T125
2014-01-28,19142,T125
2014-01-29,18700,T125
2014-01-30,18585,T125
2014-01-31,18808,T125
2014-02-01,10657,T125
2014-02-02,10251,T125
2014-02-03,18567,T125
2014-02-04,18960,T125
2014-02-05,18788,T125
2014-02-06,19019,T125
2014-02-07,18956,T125
2014-02-08,11937,T125
2014-02-09,11413,T125
2014-02-10,19088,T125
2014-02-11,19037,T125
2014-02-12,19127,T125
2014-02-13,19170,T125
2014-02-14,19143,T125
2014-02-15,11207,T125
2014-02-16,10756,T125
2014-02-17,19007,T125
2014-02-18,19219,T125
2014-02-19,19118,T125
2014-02-20,19300,T125
2014-02-21,19402,T125
2014-02-22,12382,T125
2014-02-23,11476,T125
2014-02-24,19271,T125
2014-02-25,19481,T125
2014-02-26,19496,T125
2014-02-27,18718,T125
2014-02-28,19189,T125
2014-03-01,11741,T125
2014-03-02,11391,T125
2014-03-03,19192,T125
2014-03-04,18766,T125
2014-03-05,19162,T125
2014-03-06,19085,T125
2014-03-07,18942,T125
2014-03-08,11301,T125
2014-03-09,10752,T125
2014-03-10,18950,T125
2014-03-11,19239,T125
2014-03-12,19252,T125
2014-03-13,18382,T125
2014-03-14,18160,T125
2014-03-15,10967,T125
2014-03-16,10616,T125
2014-03-17,19214,T125
2014-03-18,19111,T125
2014-03-19,18955,T125
2014-03-20,19005,T125
2014-03-21,18839,T125
2014-03-22,12164,T125
2014-03-23,9967,T125
2014-03-24,18725,T125
2014-03-25,18760,T125
2014-03-26,18885,T125
2014-03-27,18868,T125
2014-03-28,18717,T125
2014-03-29,12749,T125
2014-03-30,9750,T125
2014-03-31,18805,T125
2014-04-01,18741,T125
2014-04-02,18779,T125
2014-04-03,18933,T125
2014-04-04,18971,T125
2014-04-05,12528,T125
2014-04-06,10842,T125
2014-04-07,19202,T125
2014-04-08,19251,T125
2014-04-09,19632,T125
2014-04-10,19388,T125
2014-04-11,19003,T125
2014-04-12,12158,T125
2014-04-13,12927,T125
2014-04-14,19442,T125
2014-04-15,19608,T125
2014-04-16,19604,T125
2014-04-17,19325,T125
2014-04-18,11715,T125
2014-04-19,12040,T125
2014-04-20,10171,T125
2014-04-21,18804,T125
2014-04-22,19183,T125
2014-04-23,19256,T125
2014-04-24,19048,T125
2014-04-25,16080,T125
2014-04-26,12703,T125
2014-04-27,10639,T125
2014-04-28,19196,T125
2014-04-29,19341,T125
2014-04-30,19085,T125
2014-05-01,14505,T125
2014-05-02,18852,T125
2014-05-03,12884,T125
2014-05-04,10790,T125
2014-05-05,19390,T125
2014-05-06,19359,T125
2014-05-07,19568,T125
2014-05-08,19602,T125
2014-05-09,19882,T125
2014-05-10,13322,T125
2014-05-11,12135,T125
2014-05-12,20323,T125
2014-05-13,21397,T125
2014-05-14,21485,T125
2014-05-15,21487,T125
2014-05-16,20772,T125
2014-05-17,19640,T125
2014-05-18,19649,T125
2014-05-19,22304,T125
2014-05-20,21600,T125
2014-05-21,21613,T125
2014-05-22,21300,T125
2014-05-23,20531,T125
2014-05-24,15621,T125
2014-05-25,14287,T125
2014-05-26,20549,T125
2014-05-27,20574,T125
2014-05-28,20532,T125
2014-05-29,20714,T125
2014-05-30,20482,T125
2014-05-31,14448,T125
2014-06-01,13817,T125
2014-06-02,20538,T125
2014-06-03,20927,T125
2014-06-04,21023,T125
2014-06-05,21289,T125
2014-06-06,22395,T125
2014-06-07,16845,T125
2014-06-08,15817,T125
2014-06-09,20948,T125
2014-06-10,18552,T125
2014-06-11,21598,T125
2014-06-12,21886,T125
2014-06-13,19257,T125
2014-06-14,17059,T125
2014-06-15,16282,T125
2014-06-16,22589,T125
2014-06-17,22726,T125
2014-06-18,22562,T125
2014-06-19,22254,T125
2014-06-20,22065,T125
2014-06-21,17070,T125
2014-06-22,16048,T125
2014-06-23,22327,T125
2014-06-24,22883,T125
2014-06-25,22987,T125
2014-06-26,22988,T125
2014-06-27,22886,T125
2014-06-28,17695,T125
2014-06-29,16528,T125
2014-06-30,22511,T125
2014-07-01,22839,T125
2014-07-02,22921,T125
2014-07-03,23312,T125
2014-07-04,23140,T125
2014-07-05,18130,T125
2014-07-06,16816,T125
2014-07-07,22703,T125
2014-07-08,23279,T125
2014-07-09,23441,T125
2014-07-10,24089,T125
2014-07-11,23935,T125
2014-07-12,19091,T125
2014-07-13,18223,T125
2014-07-14,24255,T125
2014-07-15,24602,T125
2014-07-16,24525,T125
2014-07-17,24704,T125
2014-07-18,24311,T125
2014-07-19,19644,T125
2014-07-20,18484,T125
2014-07-21,23803,T125
2014-07-22,23999,T125
2014-07-23,23970,T125
2014-07-24,23902,T125
2014-07-25,23888,T125
2014-07-26,19030,T125
2014-07-27,18331,T125
2014-07-28,23630,T125
2014-07-29,24014,T125
2014-07-30,24075,T125
2014-07-31,23999,T125
2014-08-01,23618,T125
2014-08-02,19007,T125
2014-08-03,18097,T125
2014-08-04,23468,T125
2014-08-05,23750,T125
2014-08-06,23490,T125
2014-08-07,24032,T125
2014-08-08,24276,T125
2014-08-09,19562,T125
2014-08-10,18610,T125
2014-08-11,23436,T125
2014-08-12,23421,T125
2014-08-13,23382,T125
2014-08-14,22992,T125
2014-08-15,20036,T125
2014-08-16,18613,T125
2014-08-17,17930,T125
2014-08-18,23140,T125
2014-08-19,23356,T125
2014-08-20,23238,T125
2012-01-01,4542,T26
2012-01-02,4623,T26
2012-01-03,8739,T26
2012-01-04,9986,T26
2012-01-05,10001,T26
2012-01-06,10018,T26
2012-01-07,7005,T26
2012-01-08,3909,T26
2012-01-09,8173,T26
2012-01-10,9628,T26
2012-01-11,9624,T26
2012-01-12,9771,T26
2012-01-13,9995,T26
2012-01-14,7279,T26
2012-01-15,4499,T26
2012-01-16,8556,T26
2012-01-17,9808,T26
2012-01-18,9556,T26
2012-01-19,9355,T26
2012-01-20,9046,T26
2012-01-21,6375,T26
2012-01-22,3880,T26
2012-01-23,4209,T26
2012-01-24,4316,T26
2012-01-25,4252,T26
2012-01-26,4671,T26
2012-01-27,4519,T26
2012-01-28,4126,T26
2012-01-29,3896,T26
2012-01-30,7741,T26
2012-01-31,9230,T26
2012-02-01,9405,T26
2012-02-02,9198,T26
2012-02-03,9302,T26
2012-02-04,6596,T26
2012-02-05,4550,T26
2012-02-06,7999,T26
2012-02-07,9006,T26
2012-02-08,9223,T26
2012-02-09,9504,T26
2012-02-10,9619,T26
2012-02-11,6751,T26
2012-02-12,4237,T26
2012-02-13,8225,T26
2012-02-14,9363,T26
2012-02-15,9250,T26
2012-02-16,9289,T26
2012-02-17,9046,T26
2012-02-18,6280,T26
2012-02-19,3590,T26
2012-02-20,7211,T26
2012-02-21,4126,T26
2012-02-22,9029,T26
2012-02-23,9044,T26
2012-02-24,9064,T26
2012-02-25,6205,T26
2012-02-26,3359,T26
2012-02-27,7572,T26
2012-02-28,9101,T26
2012-02-29,8869,T26
2012-03-01,9013,T26
2012-03-02,8408,T26
2012-03-03,5798,T26
2012-03-04,3276,T26
2012-03-05,7193,T26
2012-03-06,8954,T26
2012-03-07,8963,T26
2012-03-08,9006,T26
2012-03-09,8845,T26
2012-03-10,5687,T26
2012-03-11,3134,T26
2012-03-12,7109,T26
2012-03-13,8779,T26
2012-03-14,8705,T26
2012-03-15,8601,T26
2012-03-16,8781,T26
2012-03-17,5799,T26
2012-03-18,3367,T26
2012-03-19,7499,T26
2012-03-20,8659,T26
2012-03-21,8732,T26
2012-03-22,8820,T26
2012-03-23,8622,T26
2012-03-24,5548,T26
2012-03-25,2809,T26
2012-03-26,7154,T26
2012-03-27,8426,T26
2012-03-28,8240,T26
2012-03-29,8352,T26
2012-03-30,8325,T26
2012-03-31,5228,T26
2012-04-01,2859,T26
2012-04-02,7214,T26
2012-04-03,8526,T26
2012-04-04,8610,T26
2012-04-05,8470,T26
2012-04-06,8312,T26
2012-04-07,5330,T26
2012-04-08,3036,T26
2012-04-09,2932,T26
2012-04-10,7221,T26
2012-04-11,8428,T26
2012-04-12,8286,T26
2012-04-13,8454,T26
2012-04-14,5309,T26
2012-04-15,3063,T26
2012-04-16,7251,T26
2012-04-17,8424,T26
2012-04-18,8776,T26
2012-04-19,8494,T26
2012-04-20,8300,T26
2012-04-21,5297,T26
2012-04-22,3061,T26
2012-04-23,7232,T26
2012-04-24,8181,T26
2012-04-25,5047,T26
2012-04-26,7199,T26
2012-04-27,8120,T26
2012-04-28,5186,T26
2012-04-29,3146,T26
2012-04-30,3282,T26
2012-05-01,3110,T26
2012-05-02,7526,T26
2012-05-03,8561,T26
2012-05-04,8223,T26
2012-05-05,5183,T26
2012-05-06,2940,T26
2012-05-07,7130,T26
2012-05-08,8541,T26
2012-05-09,8057,T26
2012-05-10,8268,T26
2012-05-11,8373,T26
2012-05-12,5295,T26
2012-05-13,2984,T26
2012-05-14,7261,T26
2012-05-15,8511,T26
2012-05-16,8445,T26
2012-05-17,8418,T26
2012-05-18,8540,T26
2012-05-19,5285,T26
2012-05-20,2932,T26
2012-05-21,7240,T26
2012-05-22,8685,T26
2012-05-23,8630,T26
2012-05-24,8587,T26
2012-05-25,8590,T26
2012-05-26,5246,T26
2012-05-27,2859,T26
2012-05-28,7331,T26
2012-05-29,8692,T26
2012-05-30,8602,T26
2012-05-31,8589,T26
2012-06-01,8770,T26
2012-06-02,5651,T26
2012-06-03,2974,T26
2012-06-04,7374,T26
2012-06-05,8875,T26
2012-06-06,8801,T26
2012-06-07,4039,T26
2012-06-08,7390,T26
2012-06-09,5639,T26
2012-06-10,2943,T26
2012-06-11,7373,T26
2012-06-12,8733,T26
2012-06-13,5608,T26
2012-06-14,7452,T26
2012-06-15,8510,T26
2012-06-16,5558,T26
2012-06-17,2901,T26
2012-06-18,7294,T26
2012-06-19,8838,T26
2012-06-20,8934,T26
2012-06-21,8663,T26
2012-06-22,8607,T26
2012-06-23,5532,T26
2012-06-24,2826,T26
2012-06-25,7391,T26
2012-06-26,8729,T26
2012-06-27,8663,T26
2012-06-28,8637,T26
2012-06-29,8798,T26
2012-06-30,5507,T26
2012-07-01,2788,T26
2012-07-02,7440,T26
2012-07-03,8961,T26
2012-07-04,9130,T26
2012-07-05,8970,T26
2012-07-06,8958,T26
2012-07-07,5872,T26
2012-07-08,2772,T26
2012-07-09,7592,T26
2012-07-10,8862,T26
2012-07-11,8904,T26
2012-07-12,8997,T26
2012-07-13,9128,T26
2012-07-14,5646,T26
2012-07-15,3132,T26
2012-07-16,7613,T26
2012-07-17,8956,T26
2012-07-18,9191,T26
2012-07-19,9257,T26
2012-07-20,9233,T26
2012-07-21,6205,T26
2012-07-22,3158,T26
2012-07-23,7613,T26
2012-07-24,9147,T26
2012-07-25,9127,T26
2012-07-26,8766,T26
2012-07-27,9046,T26
2012-07-28,6260,T26
2012-07-29,3059,T26
2012-07-30,7654,T26
2012-07-31,9185,T26
2012-08-01,9086,T26
2012-08-02,9054,T26
2012-08-03,9092,T26
2012-08-04,6010,T26
2012-08-05,2860,T26
2012-08-06,7627,T26
2012-08-07,9057,T26
2012-08-08,9001,T26
2012-08-09,8931,T26
2012-08-10,8847,T26
2012-08-11,5685,T26
2012-08-12,3011,T26
2012-08-13,7478,T26
2012-08-14,8832,T26
2012-08-15,5173,T26
2012-08-16,7178,T26
2012-08-17,8421,T26
2012-08-18,5395,T26
2012-08-19,2857,T26
2012-08-20,3068,T26
2012-08-21,2974,T26
2012-08-22,2855,T26
2012-08-23,2951,T26
2012-08-24,2974,T26
2012-08-25,2762,T26
2012-08-26,2695,T26
2012-08-27,2877,T26
2012-08-28,2958,T26
2012-08-29,2847,T26
2012-08-30,2886,T26
2012-08-31,3082,T26
2012-09-01,2867,T26
2012-09-02,2858,T26
2012-09-03,7322,T26
2012-09-04,8586,T26
2012-09-05,8482,T26
2012-09-06,8451,T26
2012-09-07,8396,T26
2012-09-08,5816,T26
2012-09-09,3298,T26
2012-09-10,8464,T26
2012-09-11,8875,T26
2012-09-12,8721,T26
2012-09-13,9096,T26
2012-09-14,9046,T26
2012-09-15,7970,T26
2012-09-16,3405,T26
2012-09-17,8991,T26
2012-09-18,9229,T26
2012-09-19,9114,T26
2012-09-20,9225,T26
2012-09-21,9247,T26
2012-09-22,8368,T26
2012-09-23,6413,T26
2012-09-24,8918,T26
2012-09-25,9237,T26
2012-09-26,8846,T26
2012-09-27,8673,T26
2012-09-28,8657,T26
2012-09-29,6723,T26
2012-09-30,3030,T26
2012-10-01,7412,T26
2012-10-02,8867,T26
2012-10-03,8961,T26
2012-10-04,8995,T26
2012-10-05,8736,T26
2012-10-06,6142,T26
2012-10-07,3066,T26
2012-10-08,7695,T26
2012-10-09,9133,T26
2012-10-10,8896,T26
2012-10-11,9157,T26
2012-10-12,9262,T26
2012-10-13,7106,T26
2012-10-14,3220,T26
2012-10-15,7733,T26
2012-10-16,9129,T26
2012-10-17,9122,T26
2012-10-18,9335,T26
2012-10-19,9225,T26
2012-10-20,6422,T26
2012-10-21,3135,T26
2012-10-22,7830,T26
2012-10-23,9290,T26
2012-10-24,9439,T26
2012-10-25,9300,T26
2012-10-26,9262,T26
2012-10-27,7128,T26
2012-10-28,3224,T26
2012-10-29,7858,T26
2012-10-30,9182,T26
2012-10-31,9102,T26
2012-11-01,5428,T26
2012-11-02,7914,T26
2012-11-03,7256,T26
2012-11-04,3207,T26
2012-11-05,7835,T26
2012-11-06,9330,T26
2012-11-07,9504,T26
2012-11-08,9556,T26
2012-11-09,9344,T26
2012-11-10,7289,T26
2012-11-11,3195,T26
2012-11-12,8141,T26
2012-11-13,9560,T26
2012-11-14,9419,T26
2012-11-15,9411,T26
2012-11-16,9300,T26
2012-11-17,7429,T26
2012-11-18,3183,T26
2012-11-19,8025,T26
2012-11-20,9467,T26
2012-11-21,9510,T26
2012-11-22,9840,T26
2012-11-23,9740,T26
2012-11-24,7627,T26
2012-11-25,3640,T26
2012-11-26,8424,T26
2012-11-27,10017,T26
2012-11-28,9983,T26
2012-11-29,10183,T26
2012-11-30,10133,T26
2012-12-01,7966,T26
2012-12-02,3937,T26
2012-12-03,8874,T26
2012-12-04,10069,T26
2012-12-05,10314,T26
2012-12-06,10393,T26
2012-12-07,10003,T26
2012-12-08,6664,T26
2012-12-09,4155,T26
2012-12-10,10063,T26
2012-12-11,10027,T26
2012-12-12,10403,T26
2012-12-13,10547,T26
2012-12-14,10107,T26
2012-12-15,8022,T26
2012-12-16,4168,T26
2012-12-17,8862,T26
2012-12-18,10293,T26
2012-12-19,10243,T26
2012-12-20,10117,T26
2012-12-21,10102,T26
2012-12-22,9562,T26
2012-12-23,3878,T26
2012-12-24,4137,T26
2012-12-25,4396,T26
2012-12-26,9410,T26
2012-12-27,10730,T26
2012-12-28,10177,T26
2012-12-29,8337,T26
2012-12-30,4249,T26
2012-12-31,4932,T26
2013-01-01,4233,T26
2013-01-02,8654,T26
2013-01-03,10249,T26
2013-01-04,10204,T26
2013-01-05,8224,T26
2013-01-06,4242,T26
2013-01-07,8963,T26
2013-01-08,10360,T26
2013-01-09,10205,T26
2013-01-10,10096,T26
2013-01-11,10064,T26
2013-01-12,9663,T26
2013-01-13,5510,T26
2013-01-14,9950,T26
2013-01-15,10141,T26
2013-01-16,10230,T26
2013-01-17,10005,T26
2013-01-18,10173,T26
2013-01-19,8160,T26
2013-01-20,4566,T26
2013-01-21,8711,T26
2013-01-22,10321,T26
2013-01-23,10685,T26
2013-01-24,10190,T26
2013-01-25,10156,T26
2013-01-26,7461,T26
2013-01-27,4417,T26
2013-01-28,8538,T26
2013-01-29,10099,T26
2013-01-30,9976,T26
2013-01-31,9654,T26
2013-02-01,9791,T26
2013-02-02,7065,T26
2013-02-03,3834,T26
2013-02-04,8211,T26
2013-02-05,9632,T26
2013-02-06,9905,T26
2013-02-07,9776,T26
2013-02-08,9946,T26
2013-02-09,7172,T26
2013-02-10,4143,T26
2013-02-11,8675,T26
2013-02-12,8096,T26
2013-02-13,10036,T26
2013-02-14,9764,T26
2013-02-15,9591,T26
2013-02-16,7991,T26
2013-02-17,4141,T26
2013-02-18,8345,T26
2013-02-19,9689,T26
2013-02-20,9987,T26
2013-02-21,9844,T26
2013-02-22,9842,T26
2013-02-23,8102,T26
2013-02-24,4275,T26
2013-02-25,8552,T26
2013-02-26,9948,T26
2013-02-27,10071,T26
2013-02-28,10036,T26
2013-03-01,10055,T26
2013-03-02,7832,T26
2013-03-03,3874,T26
2013-03-04,8283,T26
2013-03-05,9477,T26
2013-03-06,9569,T26
2013-03-07,9877,T26
2013-03-08,9388,T26
2013-03-09,6950,T26
2013-03-10,3891,T26
2013-03-11,8179,T26
2013-03-12,9564,T26
2013-03-13,9700,T26
2013-03-14,9760,T26
2013-03-15,9772,T26
2013-03-16,7334,T26
2013-03-17,3682,T26
2013-03-18,8219,T26
2013-03-19,9589,T26
2013-03-20,9496,T26
2013-03-21,9531,T26
2013-03-22,9486,T26
2013-03-23,7398,T26
2013-03-24,4020,T26
2013-03-25,9524,T26
2013-03-26,9409,T26
2013-03-27,9521,T26
2013-03-28,9566,T26
2013-03-29,9521,T26
2013-03-30,7458,T26
2013-03-31,3379,T26
2013-04-01,3894,T26
2013-04-02,9278,T26
2013-04-03,9283,T26
2013-04-04,9137,T26
2013-04-05,9172,T26
2013-04-06,6391,T26
2013-04-07,3444,T26
2013-04-08,7876,T26
2013-04-09,9171,T26
2013-04-10,9484,T26
2013-04-11,9391,T26
2013-04-12,9350,T26
2013-04-13,6132,T26
2013-04-14,3109,T26
2013-04-15,7456,T26
2013-04-16,8565,T26
2013-04-17,8388,T26
2013-04-18,8756,T26
2013-04-19,8677,T26
2013-04-20,5910,T26
2013-04-21,2901,T26
2013-04-22,6910,T26
2013-04-23,8456,T26
2013-04-24,8431,T26
2013-04-25,5678,T26
2013-04-26,7088,T26
2013-04-27,5956,T26
2013-04-28,2836,T26
2013-04-29,6917,T26
2013-04-30,8510,T26
2013-05-01,5444,T26
2013-05-02,6695,T26
2013-05-03,8125,T26
2013-05-04,5919,T26
2013-05-05,2721,T26
2013-05-06,6988,T26
2013-05-07,8669,T26
2013-05-08,8809,T26
2013-05-09,8769,T26
2013-05-10,8540,T26
2013-05-11,5875,T26
2013-05-12,2824,T26
2013-05-13,7221,T26
2013-05-14,8536,T26
2013-05-15,8460,T26
2013-05-16,8607,T26
2013-05-17,8642,T26
2013-05-18,5892,T26
2013-05-19,3174,T26
2013-05-20,7206,T26
2013-05-21,8483,T26
2013-05-22,8445,T26
2013-05-23,8402,T26
2013-05-24,8368,T26
2013-05-25,5638,T26
2013-05-26,2878,T26
2013-05-27,6999,T26
2013-05-28,8405,T26
2013-05-29,8633,T26
2013-05-30,8327,T26
2013-05-31,8426,T26
2013-06-01,5748,T26
2013-06-02,3021,T26
2013-06-03,7019,T26
2013-06-04,8277,T26
2013-06-05,8354,T26
2013-06-06,8310,T26
2013-06-07,8483,T26
2013-06-08,5893,T26
2013-06-09,2931,T26
2013-06-10,3021,T26
2013-06-11,6900,T26
2013-06-12,8405,T26
2013-06-13,8229,T26
2013-06-14,8466,T26
2013-06-15,5916,T26
2013-06-16,3041,T26
2013-06-17,7382,T26
2013-06-18,8620,T26
2013-06-19,8748,T26
2013-06-20,8682,T26
2013-06-21,8738,T26
2013-06-22,6618,T26
2013-06-23,2806,T26
2013-06-24,7342,T26
2013-06-25,8654,T26
2013-06-26,8608,T26
2013-06-27,8880,T26
2013-06-28,9010,T26
2013-06-29,6212,T26
2013-06-30,3212,T26
2013-07-01,7577,T26
2013-07-02,9057,T26
2013-07-03,8926,T26
2013-07-04,9237,T26
2013-07-05,9291,T26
2013-07-06,6818,T26
2013-07-07,4024,T26
2013-07-08,8047,T26
2013-07-09,9435,T26
2013-07-10,9360,T26
2013-07-11,9456,T26
2013-07-12,9350,T26
2013-07-13,7142,T26
2013-07-14,3270,T26
2013-07-15,7878,T26
2013-07-16,9341,T26
2013-07-17,9332,T26
2013-07-18,9295,T26
2013-07-19,9281,T26
2013-07-20,7190,T26
2013-07-21,3211,T26
2013-07-22,7813,T26
2013-07-23,9185,T26
2013-07-24,9200,T26
2013-07-25,9297,T26
2013-07-26,9387,T26
2013-07-27,7148,T26
2013-07-28,3475,T26
2013-07-29,9198,T26
2013-07-30,9210,T26
2013-07-31,9337,T26
2013-08-01,9488,T26
2013-08-02,9275,T26
2013-08-03,8415,T26
2013-08-04,4541,T26
2013-08-05,7987,T26
2013-08-06,9493,T26
2013-08-07,9243,T26
2013-08-08,9459,T26
2013-08-09,9200,T26
2013-08-10,7315,T26
2013-08-11,5988,T26
2013-08-12,9039,T26
2013-08-13,8770,T26
2013-08-14,9085,T26
2013-08-15,8536,T26
2013-08-16,8868,T26
2013-08-17,6899,T26
2013-08-18,3598,T26
2013-08-19,8619,T26
2013-08-20,7748,T26
2013-08-21,3228,T26
2013-08-22,3190,T26
2013-08-23,3175,T26
2013-08-24,3153,T26
2013-08-25,3022,T26
2013-08-26,3397,T26
2013-08-27,3526,T26
2013-08-28,3500,T26
2013-08-29,3492,T26
2013-08-30,3430,T26
2013-08-31,3427,T26
2013-09-01,3301,T26
2013-09-02,7793,T26
2013-09-03,9128,T26
2013-09-04,9095,T26
2013-09-05,9010,T26
2013-09-06,8951,T26
2013-09-07,7050,T26
2013-09-08,3178,T26
2013-09-09,7700,T26
2013-09-10,9155,T26
2013-09-11,9331,T26
2013-09-12,9322,T26
2013-09-13,9434,T26
2013-09-14,7238,T26
2013-09-15,3405,T26
2013-09-16,7767,T26
2013-09-17,9255,T26
2013-09-18,9188,T26
2013-09-19,9243,T26
2013-09-20,9191,T26
2013-09-21,7813,T26
2013-09-22,4309,T26
2013-09-23,9246,T26
2013-09-24,9398,T26
2013-09-25,9300,T26
2013-09-26,9124,T26
2013-09-27,9071,T26
2013-09-28,7136,T26
2013-09-29,3233,T26
2013-09-30,7731,T26
2013-10-01,9256,T26
2013-10-02,8938,T26
2013-10-03,9119,T26
2013-10-04,8989,T26
2013-10-05,5834,T26
2013-10-06,3178,T26
2013-10-07,7846,T26
2013-10-08,9304,T26
2013-10-09,9252,T26
2013-10-10,9295,T26
2013-10-11,9197,T26
2013-10-12,6030,T26
2013-10-13,3268,T26
2013-10-14,7806,T26
2013-10-15,9343,T26
2013-10-16,9427,T26
2013-10-17,9283,T26
2013-10-18,9329,T26
2013-10-19,7139,T26
2013-10-20,3238,T26
2013-10-21,7847,T26
2013-10-22,9384,T26
2013-10-23,9335,T26
2013-10-24,9384,T26
2013-10-25,9250,T26
2013-10-26,6354,T26
2013-10-27,3311,T26
2013-10-28,7861,T26
2013-10-29,9249,T26
2013-10-30,9355,T26
2013-10-31,9378,T26
2013-11-01,9480,T26
2013-11-02,7426,T26
2013-11-03,3254,T26
2013-11-04,8028,T26
2013-11-05,9413,T26
2013-11-06,9371,T26
2013-11-07,9610,T26
2013-11-08,9585,T26
2013-11-09,7703,T26
2013-11-10,3635,T26
2013-11-11,9507,T26
2013-11-12,9258,T26
2013-11-13,9265,T26
2013-11-14,9411,T26
2013-11-15,9714,T26
2013-11-16,8901,T26
2013-11-17,3547,T26
2013-11-18,8264,T26
2013-11-19,9972,T26
2013-11-20,10056,T26
2013-11-21,10117,T26
2013-11-22,10112,T26
2013-11-23,7176,T26
2013-11-24,4116,T26
2013-11-25,8721,T26
2013-11-26,10443,T26
2013-11-27,10188,T26
2013-11-28,10131,T26
2013-11-29,10018,T26
2013-11-30,6886,T26
2013-12-01,3816,T26
2013-12-02,8743,T26
2013-12-03,10404,T26
2013-12-04,10526,T26
2013-12-05,10429,T26
2013-12-06,10115,T26
2013-12-07,6890,T26
2013-12-08,4093,T26
2013-12-09,8894,T26
2013-12-10,10657,T26
2013-12-11,10463,T26
2013-12-12,10195,T26
2013-12-13,10102,T26
2013-12-14,6698,T26
2013-12-15,3599,T26
2013-12-16,8897,T26
2013-12-17,11146,T26
2013-12-18,11258,T26
2013-12-19,10889,T26
2013-12-20,11160,T26
2013-12-21,8405,T26
2013-12-22,4914,T26
2013-12-23,5353,T26
2013-12-24,4922,T26
2013-12-25,4377,T26
2013-12-26,5438,T26
2013-12-27,5482,T26
2013-12-28,5205,T26
2013-12-29,4683,T26
2013-12-30,5493,T26
2013-12-31,4889,T26
2014-01-01,4421,T26
2014-01-02,9645,T26
2014-01-03,10766,T26
2014-01-04,8083,T26
2014-01-05,4552,T26
2014-01-06,9068,T26
2014-01-07,10625,T26
2014-01-08,10381,T26
2014-01-09,10307,T26
2014-01-10,10207,T26
2014-01-11,7327,T26
2014-01-12,4066,T26
2014-01-13,8831,T26
2014-01-14,10318,T26
2014-01-15,10242,T26
2014-01-16,10331,T26
2014-01-17,10647,T26
2014-01-18,7162,T26
2014-01-19,4105,T26
2014-01-20,9006,T26
2014-01-21,10426,T26
2014-01-22,10199,T26
2014-01-23,10295,T26
2014-01-24,10361,T26
2014-01-25,6704,T26
2014-01-26,4241,T26
2014-01-27,8658,T26
2014-01-28,10201,T26
2014-01-29,10181,T26
2014-01-30,10471,T26
2014-01-31,10137,T26
2014-02-01,6793,T26
2014-02-02,4369,T26
2014-02-03,9011,T26
2014-02-04,10819,T26
2014-02-05,10520,T26
2014-02-06,10660,T26
2014-02-07,10492,T26
2014-02-08,7303,T26
2014-02-09,4719,T26
2014-02-10,9080,T26
2014-02-11,10418,T26
2014-02-12,10689,T26
2014-02-13,10206,T26
2014-02-14,9949,T26
2014-02-15,6630,T26
2014-02-16,4081,T26
2014-02-17,9005,T26
2014-02-18,10154,T26
2014-02-19,9896,T26
2014-02-20,9898,T26
2014-02-21,9764,T26
2014-02-22,6295,T26
2014-02-23,3554,T26
2014-02-24,8269,T26
2014-02-25,9796,T26
2014-02-26,9956,T26
2014-02-27,9850,T26
2014-02-28,9811,T26
2014-03-01,6899,T26
2014-03-02,4003,T26
2014-03-03,4326,T26
2014-03-04,4066,T26
2014-03-05,8431,T26
2014-03-06,9535,T26
2014-03-07,9283,T26
2014-03-08,5928,T26
2014-03-09,3383,T26
2014-03-10,7750,T26
2014-03-11,8949,T26
2014-03-12,9025,T26
2014-03-13,9287,T26
2014-03-14,9186,T26
2014-03-15,5953,T26
2014-03-16,3120,T26
2014-03-17,7794,T26
2014-03-18,9210,T26
2014-03-19,9044,T26
2014-03-20,9161,T26
2014-03-21,9443,T26
2014-03-22,6116,T26
2014-03-23,3275,T26
2014-03-24,8165,T26
2014-03-25,9766,T26
2014-03-26,9657,T26
2014-03-27,9668,T26
2014-03-28,9593,T26
2014-03-29,6329,T26
2014-03-30,3949,T26
2014-03-31,8236,T26
2014-04-01,9656,T26
2014-04-02,9519,T26
2014-04-03,9275,T26
2014-04-04,9431,T26
2014-04-05,6149,T26
2014-04-06,3263,T26
2014-04-07,7712,T26
2014-04-08,9068,T26
2014-04-09,9020,T26
2014-04-10,8848,T26
2014-04-11,8893,T26
2014-04-12,5830,T26
2014-04-13,3149,T26
2014-04-14,7602,T26
2014-04-15,9044,T26
2014-04-16,9102,T26
2014-04-17,8915,T26
2014-04-18,8998,T26
2014-04-19,6016,T26
2014-04-20,3010,T26
2014-04-21,3148,T26
2014-04-22,3373,T26
2014-04-23,3360,T26
2014-04-24,3384,T26
2014-04-25,3266,T26
2014-04-26,3331,T26
2014-04-27,3054,T26
2014-04-28,7367,T26
2014-04-29,8805,T26
2014-04-30,8902,T26
2014-05-01,8605,T26
2014-05-02,8809,T26
2014-05-03,5685,T26
2014-05-04,3010,T26
2014-05-05,3328,T26
2014-05-06,7518,T26
2014-05-07,8810,T26
2014-05-08,8767,T26
2014-05-09,8871,T26
2014-05-10,5577,T26
2014-05-11,2949,T26
2014-05-12,7326,T26
2014-05-13,8651,T26
2014-05-14,8636,T26
2014-05-15,8815,T26
2014-05-16,8870,T26
2014-05-17,5784,T26
2014-05-18,3168,T26
2014-05-19,7625,T26
2014-05-20,9018,T26
2014-05-21,9208,T26
2014-05-22,9048,T26
2014-05-23,8945,T26
2014-05-24,5736,T26
2014-05-25,2832,T26
2014-05-26,7438,T26
2014-05-27,9043,T26
2014-05-28,8945,T26
2014-05-29,9155,T26
2014-05-30,8764,T26
2014-05-31,5680,T26
2014-06-01,3032,T26
2014-06-02,7628,T26
2014-06-03,8958,T26
2014-06-04,8902,T26
2014-06-05,9015,T26
2014-06-06,8972,T26
2014-06-07,5616,T26
2014-06-08,3052,T26
2014-06-09,3180,T26
2014-06-10,2923,T26
2014-06-11,7535,T26
2014-06-12,8883,T26
2014-06-13,8566,T26
2014-06-14,5778,T26
2014-06-15,3358,T26
2014-06-16,7841,T26
2014-06-17,9208,T26
2014-06-18,9019,T26
2014-06-19,8931,T26
2014-06-20,8908,T26
2014-06-21,5613,T26
2014-06-22,3054,T26
2014-06-23,7555,T26
2014-06-24,9045,T26
2014-06-25,9003,T26
2014-06-26,8945,T26
2014-06-27,8947,T26
2014-06-28,5596,T26
2014-06-29,2953,T26
2014-06-30,7514,T26
2014-07-01,8895,T26
2014-07-02,8922,T26
2014-07-03,8968,T26
2014-07-04,9055,T26
2014-07-05,5712,T26
2014-07-06,2986,T26
2014-07-07,7493,T26
2014-07-08,9020,T26
2014-07-09,9120,T26
2014-07-10,8967,T26
2014-07-11,9024,T26
2014-07-12,5639,T26
2014-07-13,3129,T26
2014-07-14,7578,T26
2014-07-15,9036,T26
2014-07-16,9104,T26
2014-07-17,9312,T26
2014-07-18,9235,T26
2014-07-19,5670,T26
2014-07-20,3033,T26
2014-07-21,7636,T26
2014-07-22,9191,T26
2014-07-23,9161,T26
2014-07-24,9337,T26
2014-07-25,9330,T26
2014-07-26,6122,T26
2014-07-27,3382,T26
2014-07-28,8064,T26
2014-07-29,9540,T26
2014-07-30,9726,T26
2014-07-31,9694,T26
2014-08-01,9534,T26
2014-08-02,5793,T26
2014-08-03,3169,T26
2014-08-04,7750,T26
2014-08-05,9199,T26
2014-08-06,9169,T26
2014-08-07,9379,T26
2014-08-08,9477,T26
2014-08-09,6017,T26
2014-08-10,3220,T26
2014-08-11,7651,T26
2014-08-12,9408,T26
2014-08-13,9188,T26
2014-08-14,8846,T26
2014-08-15,5446,T26
2014-08-16,3260,T26
2014-08-17,3198,T26
2014-08-18,3249,T26
2014-08-19,3187,T26
2014-08-20,3119,T26
2012-01-01,2556,T2
2012-01-02,2635,T2
2012-01-03,2928,T2
2012-01-04,2567,T2
2012-01-05,2700,T2
2012-01-06,2570,T2
2012-01-07,2751,T2
2012-01-08,2716,T2
2012-01-09,2642,T2
2012-01-10,2366,T2
2012-01-11,2509,T2
2012-01-12,2599,T2
2012-01-13,2586,T2
2012-01-14,2698,T2
2012-01-15,2553,T2
2012-01-16,2054,T2
2012-01-17,2535,T2
2012-01-18,2778,T2
2012-01-19,2656,T2
2012-01-20,2540,T2
2012-01-21,2705,T2
2012-01-22,2707,T2
2012-01-23,2594,T2
2012-01-24,2593,T2
2012-01-25,2561,T2
2012-01-26,2530,T2
2012-01-27,2522,T2
2012-01-28,2684,T2
2012-01-29,2694,T2
2012-01-30,2592,T2
2012-01-31,2565,T2
2012-02-01,2511,T2
2012-02-02,2470,T2
2012-02-03,2505,T2
2012-02-04,2620,T2
2012-02-05,2613,T2
2012-02-06,2542,T2
2012-02-07,2548,T2
2012-02-08,2592,T2
2012-02-09,2596,T2
2012-02-10,2618,T2
2012-02-11,2718,T2
2012-02-12,2695,T2
2012-02-13,2613,T2
2012-02-14,2581,T2
2012-02-15,2641,T2
2012-02-16,2616,T2
2012-02-17,2678,T2
2012-02-18,2788,T2
2012-02-19,2602,T2
2012-02-20,2640,T2
2012-02-21,2631,T2
2012-02-22,2743,T2
2012-02-23,2640,T2
2012-02-24,2748,T2
2012-02-25,2881,T2
2012-02-26,2890,T2
2012-02-27,2793,T2
2012-02-28,2752,T2
2012-02-29,2699,T2
2012-03-01,2614,T2
2012-03-02,2543,T2
2012-03-03,2578,T2
2012-03-04,2579,T2
2012-03-05,2555,T2
2012-03-06,2556,T2
2012-03-07,2717,T2
2012-03-08,2224,T2
2012-03-09,2804,T2
2012-03-10,2880,T2
2012-03-11,2885,T2
2012-03-12,2830,T2
2012-03-13,2737,T2
2012-03-14,2620,T2
2012-03-15,2604,T2
2012-03-16,2540,T2
2012-03-17,2597,T2
2012-03-18,2581,T2
2012-03-19,2670,T2
2012-03-20,2679,T2
2012-03-21,2553,T2
2012-03-22,2459,T2
2012-03-23,1993,T2
2012-03-24,2579,T2
2012-03-25,2858,T2
2012-03-26,2813,T2
2012-03-27,2794,T2
2012-03-28,2760,T2
2012-03-29,2260,T2
2012-03-30,2418,T2
2012-03-31,2511,T2
2012-04-01,1955,T2
2012-04-02,2257,T2
2012-04-03,2236,T2
2012-04-04,2440,T2
2012-04-05,2150,T2
2012-04-06,2492,T2
2012-04-07,2042,T2
2012-04-08,1845,T2
2012-04-09,1359,T2
2012-04-10,2030,T2
2012-04-11,1027,T2
2012-04-12,1096,T2
2012-04-13,2005,T2
2012-04-14,2664,T2
2012-04-15,2732,T2
2012-04-16,2517,T2
2012-04-17,2384,T2
2012-04-18,2268,T2
2012-04-19,2494,T2
2012-04-20,2482,T2
2012-04-21,2558,T2
2012-04-22,2628,T2
2012-04-23,2514,T2
2012-04-24,2526,T2
2012-04-25,2415,T2
2012-04-26,2426,T2
2012-04-27,2474,T2
2012-04-28,2546,T2
2012-04-29,2543,T2
2012-04-30,1539,T2
2012-05-01,2477,T2
2012-05-02,2397,T2
2012-05-03,2389,T2
2012-05-04,2472,T2
2012-05-05,2470,T2
2012-05-06,2530,T2
2012-05-07,2402,T2
2012-05-08,2444,T2
2012-05-09,2582,T2
2012-05-10,1937,T2
2012-05-11,1820,T2
2012-05-12,1927,T2
2012-05-13,2017,T2
2012-05-14,2211,T2
2012-05-15,2256,T2
2012-05-16,2089,T2
2012-05-17,2706,T2
2012-05-18,2709,T2
2012-05-19,2527,T2
2012-05-20,2496,T2
2012-05-21,2625,T2
2012-05-22,2615,T2
2012-05-23,2830,T2
2012-05-24,2880,T2
2012-05-25,2730,T2
2012-05-26,2861,T2
2012-05-27,2847,T2
2012-05-28,2914,T2
2012-05-29,2907,T2
2012-05-30,2763,T2
2012-05-31,2536,T2
2012-06-01,2903,T2
2012-06-02,2662,T2
2012-06-03,2814,T2
2012-06-04,2746,T2
2012-06-05,2745,T2
2012-06-06,2539,T2
2012-06-07,2690,T2
2012-06-08,2677,T2
2012-06-09,2720,T2
2012-06-10,2743,T2
2012-06-11,2681,T2
2012-06-12,2720,T2
2012-06-13,2827,T2
2012-06-14,2767,T2
2012-06-15,2518,T2
2012-06-16,2785,T2
2012-06-17,2814,T2
2012-06-18,2767,T2
2012-06-19,2870,T2
2012-06-20,2399,T2
2012-06-21,2682,T2
2012-06-22,2950,T2
2012-06-23,2963,T2
2012-06-24,2511,T2
2012-06-25,2348,T2
2012-06-26,3135,T2
2012-06-27,2935,T2
2012-06-28,2772,T2
2012-06-29,3135,T2
2012-06-30,3065,T2
2012-07-01,3105,T2
2012-07-02,3091,T2
2012-07-03,2955,T2
2012-07-04,2910,T2
2012-07-05,3023,T2
2012-07-06,2959,T2
2012-07-07,2949,T2
2012-07-08,2998,T2
2012-07-09,2967,T2
2012-07-10,2877,T2
2012-07-11,2817,T2
2012-07-12,3100,T2
2012-07-13,3023,T2
2012-07-14,3017,T2
2012-07-15,3129,T2
2012-07-16,3241,T2
2012-07-17,3163,T2
2012-07-18,3111,T2
2012-07-19,3082,T2
2012-07-20,3101,T2
2012-07-21,3119,T2
2012-07-22,3056,T2
2012-07-23,3130,T2
2012-07-24,3092,T2
2012-07-25,3060,T2
2012-07-26,2733,T2
2012-07-27,2807,T2
2012-07-28,2617,T2
2012-07-29,2780,T2
2012-07-30,2950,T2
2012-07-31,3104,T2
2012-08-01,3022,T2
2012-08-02,3046,T2
2012-08-03,3164,T2
2012-08-04,3164,T2
2012-08-05,2980,T2
2012-08-06,3025,T2
2012-08-07,3054,T2
2012-08-08,3082,T2
2012-08-09,3076,T2
2012-08-10,3121,T2
2012-08-11,2989,T2
2012-08-12,2848,T2
2012-08-13,3100,T2
2012-08-14,2845,T2
2012-08-15,2623,T2
2012-08-16,2490,T2
2012-08-17,2820,T2
2012-08-18,2929,T2
2012-08-19,2912,T2
2012-08-20,2996,T2
2012-08-21,2978,T2
2012-08-22,2974,T2
2012-08-23,2823,T2
2012-08-24,2884,T2
2012-08-25,2791,T2
2012-08-26,3015,T2
2012-08-27,2882,T2
2012-08-28,2854,T2
2012-08-29,3020,T2
2012-08-30,3120,T2
2012-08-31,2263,T2
2012-09-01,2364,T2
2012-09-02,2443,T2
2012-09-03,2579,T2
2012-09-04,2385,T2
2012-09-05,2373,T2
2012-09-06,2568,T2
2012-09-07,2489,T2
2012-09-08,2535,T2
2012-09-09,2413,T2
2012-09-10,2367,T2
2012-09-11,2390,T2
2012-09-12,2191,T2
2012-09-13,2162,T2
2012-09-14,2240,T2
2012-09-15,2383,T2
2012-09-16,2461,T2
2012-09-17,2607,T2
2012-09-18,2620,T2
2012-09-19,2446,T2
2012-09-20,2289,T2
2012-09-21,2470,T2
2012-09-22,2608,T2
2012-09-23,2505,T2
2012-09-24,1888,T2
2012-09-25,1108,T2
2012-09-26,1170,T2
2012-09-27,1632,T2
2012-09-28,2644,T2
2012-09-29,2708,T2
2012-09-30,2836,T2
2012-10-01,2705,T2
2012-10-02,2766,T2
2012-10-03,2728,T2
2012-10-04,2860,T2
2012-10-05,2995,T2
2012-10-06,2779,T2
2012-10-07,2866,T2
2012-10-08,2541,T2
2012-10-09,2649,T2
2012-10-10,2652,T2
2012-10-11,2536,T2
2012-10-12,2648,T2
2012-10-13,2810,T2
2012-10-14,2663,T2
2012-10-15,2741,T2
2012-10-16,2645,T2
2012-10-17,2514,T2
2012-10-18,2549,T2
2012-10-19,2591,T2
2012-10-20,2758,T2
2012-10-21,2607,T2
2012-10-22,2475,T2
2012-10-23,2732,T2
2012-10-24,2626,T2
2012-10-25,2202,T2
2012-10-26,2515,T2
2012-10-27,2641,T2
2012-10-28,2716,T2
2012-10-29,2591,T2
2012-10-30,2608,T2
2012-10-31,2550,T2
2012-11-01,2581,T2
2012-11-02,2536,T2
2012-11-03,2567,T2
2012-11-04,2554,T2
2012-11-05,2555,T2
2012-11-06,2557,T2
2012-11-07,2479,T2
2012-11-08,2494,T2
2012-11-09,2550,T2
2012-11-10,2565,T2
2012-11-11,2673,T2
2012-11-12,2562,T2
2012-11-13,2443,T2
2012-11-14,2247,T2
2012-11-15,2532,T2
2012-11-16,2566,T2
2012-11-17,2702,T2
2012-11-18,2781,T2
2012-11-19,2765,T2
2012-11-20,2787,T2
2012-11-21,2774,T2
2012-11-22,2852,T2
2012-11-23,2837,T2
2012-11-24,2820,T2
2012-11-25,2893,T2
2012-11-26,2850,T2
2012-11-27,2757,T2
2012-11-28,2286,T2
2012-11-29,1769,T2
2012-11-30,2155,T2
2012-12-01,2771,T2
2012-12-02,2794,T2
2012-12-03,2741,T2
2012-12-04,2607,T2
2012-12-05,2653,T2
2012-12-06,2657,T2
2012-12-07,2613,T2
2012-12-08,2745,T2
2012-12-09,2847,T2
2012-12-10,2631,T2
2012-12-11,2696,T2
2012-12-12,2659,T2
2012-12-13,2691,T2
2012-12-14,2481,T2
2012-12-15,2706,T2
2012-12-16,2640,T2
2012-12-17,2644,T2
2012-12-18,2728,T2
2012-12-19,2586,T2
2012-12-20,2669,T2
2012-12-21,2712,T2
2012-12-22,2656,T2
2012-12-23,2667,T2
2012-12-24,2819,T2
2012-12-25,2677,T2
2012-12-26,2736,T2
2012-12-27,2666,T2
2012-12-28,2621,T2
2012-12-29,2668,T2
2012-12-30,2684,T2
2012-12-31,2670,T2
2013-01-01,2604,T2
2013-01-02,2679,T2
2013-01-03,2620,T2
2013-01-04,2645,T2
2013-01-05,2721,T2
2013-01-06,2728,T2
2013-01-07,2699,T2
2013-01-08,2674,T2
2013-01-09,2621,T2
2013-01-10,851,T2
2013-01-11,1770,T2
2013-01-12,2609,T2
2013-01-13,2709,T2
2013-01-14,2694,T2
2013-01-15,2641,T2
2013-01-16,2574,T2
2013-01-17,2596,T2
2013-01-18,2577,T2
2013-01-19,2179,T2
2013-01-20,2732,T2
2013-01-21,2675,T2
2013-01-22,2628,T2
2013-01-23,2632,T2
2013-01-24,2600,T2
2013-01-25,2628,T2
2013-01-26,2854,T2
2013-01-27,2665,T2
2013-01-28,2719,T2
2013-01-29,2669,T2
2013-01-30,2691,T2
2013-01-31,2712,T2
2013-02-01,2643,T2
2013-02-02,2725,T2
2013-02-03,2811,T2
2013-02-04,2694,T2
2013-02-05,2692,T2
2013-02-06,2721,T2
2013-02-07,2723,T2
2013-02-08,2650,T2
2013-02-09,2902,T2
2013-02-10,2706,T2
2013-02-11,2618,T2
2013-02-12,2590,T2
2013-02-13,2611,T2
2013-02-14,2456,T2
2013-02-15,2714,T2
2013-02-16,2720,T2
2013-02-17,2644,T2
2013-02-18,2691,T2
2013-02-19,2671,T2
2013-02-20,2661,T2
2013-02-21,2679,T2
2013-02-22,2400,T2
2013-02-23,2280,T2
2013-02-24,2882,T2
2013-02-25,2649,T2
2013-02-26,2754,T2
2013-02-27,2651,T2
2013-02-28,2708,T2
2013-03-01,2778,T2
2013-03-02,2951,T2
2013-03-03,2931,T2
2013-03-04,2784,T2
2013-03-05,2765,T2
2013-03-06,2835,T2
2013-03-07,2745,T2
2013-03-08,2788,T2
2013-03-09,2963,T2
2013-03-10,2916,T2
2013-03-11,2754,T2
2013-03-12,2848,T2
2013-03-13,2797,T2
2013-03-14,2794,T2
2013-03-15,2724,T2
2013-03-16,2729,T2
2013-03-17,2757,T2
2013-03-18,2735,T2
2013-03-19,2680,T2
2013-03-20,2785,T2
2013-03-21,2718,T2
2013-03-22,2709,T2
2013-03-23,2746,T2
2013-03-24,2822,T2
2013-03-25,2689,T2
2013-03-26,2151,T2
2013-03-27,1363,T2
2013-03-28,2346,T2
2013-03-29,2124,T2
2013-03-30,2272,T2
2013-03-31,2130,T2
2013-04-01,2255,T2
2013-04-02,2252,T2
2013-04-03,2201,T2
2013-04-04,2226,T2
2013-04-05,2246,T2
2013-04-06,2425,T2
2013-04-07,2322,T2
2013-04-08,2253,T2
2013-04-09,2203,T2
2013-04-10,2206,T2
2013-04-11,2245,T2
2013-04-12,2280,T2
2013-04-13,2441,T2
2013-04-14,2462,T2
2013-04-15,2283,T2
2013-04-16,2369,T2
2013-04-17,2455,T2
2013-04-18,2347,T2
2013-04-19,2531,T2
2013-04-20,2848,T2
2013-04-21,2767,T2
2013-04-22,2702,T2
2013-04-23,2821,T2
2013-04-24,2917,T2
2013-04-25,2861,T2
2013-04-26,2651,T2
2013-04-27,2710,T2
2013-04-28,2712,T2
2013-04-29,2706,T2
2013-04-30,2638,T2
2013-05-01,2782,T2
2013-05-02,2869,T2
2013-05-03,2980,T2
2013-05-04,3081,T2
2013-05-05,2983,T2
2013-05-06,2939,T2
2013-05-07,2878,T2
2013-05-08,2958,T2
2013-05-09,3117,T2
2013-05-10,3211,T2
2013-05-11,3167,T2
2013-05-12,3259,T2
2013-05-13,3223,T2
2013-05-14,3080,T2
2013-05-15,2967,T2
2013-05-16,2929,T2
2013-05-17,2829,T2
2013-05-18,2796,T2
2013-05-19,2857,T2
2013-05-20,2969,T2
2013-05-21,3000,T2
2013-05-22,3124,T2
2013-05-23,3103,T2
2013-05-24,3110,T2
2013-05-25,3227,T2
2013-05-26,3143,T2
2013-05-27,3022,T2
2013-05-28,3026,T2
2013-05-29,3030,T2
2013-05-30,2914,T2
2013-05-31,3061,T2
2013-06-01,3306,T2
2013-06-02,3345,T2
2013-06-03,3310,T2
2013-06-04,3162,T2
2013-06-05,3127,T2
2013-06-06,3174,T2
2013-06-07,2866,T2
2013-06-08,2862,T2
2013-06-09,2803,T2
2013-06-10,3077,T2
2013-06-11,3011,T2
2013-06-12,3188,T2
2013-06-13,3245,T2
2013-06-14,3224,T2
2013-06-15,3322,T2
2013-06-16,3329,T2
2013-06-17,2999,T2
2013-06-18,2817,T2
2013-06-19,2868,T2
2013-06-20,3047,T2
2013-06-21,3105,T2
2013-06-22,3264,T2
2013-06-23,3241,T2
2013-06-24,2853,T2
2013-06-25,2759,T2
2013-06-26,3535,T2
2013-06-27,3443,T2
2013-06-28,3445,T2
2013-06-29,3636,T2
2013-06-30,3664,T2
2013-07-01,3399,T2
2013-07-02,3284,T2
2013-07-03,3406,T2
2013-07-04,3584,T2
2013-07-05,3668,T2
2013-07-06,3797,T2
2013-07-07,3831,T2
2013-07-08,3478,T2
2013-07-09,3565,T2
2013-07-10,3690,T2
2013-07-11,3500,T2
2013-07-12,3305,T2
2013-07-13,3350,T2
2013-07-14,3252,T2
2013-07-15,3428,T2
2013-07-16,3488,T2
2013-07-17,3485,T2
2013-07-18,3381,T2
2013-07-19,3477,T2
2013-07-20,3559,T2
2013-07-21,3455,T2
2013-07-22,3412,T2
2013-07-23,3471,T2
2013-07-24,3495,T2
2013-07-25,3532,T2
2013-07-26,3438,T2
2013-07-27,3530,T2
2013-07-28,3471,T2
2013-07-29,3573,T2
2013-07-30,3515,T2
2013-07-31,3466,T2
2013-08-01,3481,T2
2013-08-02,3389,T2
2013-08-03,3377,T2
2013-08-04,3328,T2
2013-08-05,3259,T2
2013-08-06,3171,T2
2013-08-07,3347,T2
2013-08-08,3363,T2
2013-08-09,3530,T2
2013-08-10,3543,T2
2013-08-11,3466,T2
2013-08-12,3120,T2
2013-08-13,3331,T2
2013-08-14,3320,T2
2013-08-15,3344,T2
2013-08-16,3112,T2
2013-08-17,3165,T2
2013-08-18,3147,T2
2013-08-19,3162,T2
2013-08-20,3229,T2
2013-08-21,3220,T2
2013-08-22,3191,T2
2013-08-23,3117,T2
2013-08-24,3145,T2
2013-08-25,3286,T2
2013-08-26,3179,T2
2013-08-27,3129,T2
2013-08-28,3190,T2
2013-08-29,3187,T2
2013-08-30,3264,T2
2013-08-31,3260,T2
2013-09-01,3212,T2
2013-09-02,3215,T2
2013-09-03,3227,T2
2013-09-04,3161,T2
2013-09-05,3067,T2
2013-09-06,3128,T2
2013-09-07,3178,T2
2013-09-08,3118,T2
2013-09-09,3100,T2
2013-09-10,3102,T2
2013-09-11,3147,T2
2013-09-12,3245,T2
2013-09-13,3262,T2
2013-09-14,3279,T2
2013-09-15,3293,T2
2013-09-16,3171,T2
2013-09-17,3151,T2
2013-09-18,3209,T2
2013-09-19,3210,T2
2013-09-20,3219,T2
2013-09-21,3286,T2
2013-09-22,3329,T2
2013-09-23,3111,T2
2013-09-24,3056,T2
2013-09-25,2157,T2
2013-09-26,2884,T2
2013-09-27,2834,T2
2013-09-28,2845,T2
2013-09-29,2789,T2
2013-09-30,2793,T2
2013-10-01,2751,T2
2013-10-02,2778,T2
2013-10-03,2756,T2
2013-10-04,2800,T2
2013-10-05,2844,T2
2013-10-06,2877,T2
2013-10-07,2920,T2
2013-10-08,2886,T2
2013-10-09,2928,T2
2013-10-10,2953,T2
2013-10-11,2922,T2
2013-10-12,2858,T2
2013-10-13,2924,T2
2013-10-14,2850,T2
2013-10-15,2818,T2
2013-10-16,2841,T2
2013-10-17,2879,T2
2013-10-18,2801,T2
2013-10-19,2668,T2
2013-10-20,2771,T2
2013-10-21,2765,T2
2013-10-22,2700,T2
2013-10-23,2666,T2
2013-10-24,2673,T2
2013-10-25,2708,T2
2013-10-26,2775,T2
2013-10-27,2861,T2
2013-10-28,2698,T2
2013-10-29,2713,T2
2013-10-30,2759,T2
2013-10-31,2719,T2
2013-11-01,2694,T2
2013-11-02,2723,T2
2013-11-03,2732,T2
2013-11-04,2709,T2
2013-11-05,2716,T2
2013-11-06,2685,T2
2013-11-07,2676,T2
2013-11-08,2672,T2
2013-11-09,2695,T2
2013-11-10,2679,T2
2013-11-11,2689,T2
2013-11-12,2762,T2
2013-11-13,2714,T2
2013-11-14,2726,T2
2013-11-15,2706,T2
2013-11-16,2751,T2
2013-11-17,2726,T2
2013-11-18,2721,T2
2013-11-19,2705,T2
2013-11-20,2753,T2
2013-11-21,2673,T2
2013-11-22,2634,T2
2013-11-23,2666,T2
2013-11-24,2755,T2
2013-11-25,2686,T2
2013-11-26,2773,T2
2013-11-27,2711,T2
2013-11-28,2733,T2
2013-11-29,2719,T2
2013-11-30,2770,T2
2013-12-01,2736,T2
2013-12-02,2798,T2
2013-12-03,2758,T2
2013-12-04,2776,T2
2013-12-05,2766,T2
2013-12-06,2785,T2
2013-12-07,2789,T2
2013-12-08,2774,T2
2013-12-09,2760,T2
2013-12-10,2746,T2
2013-12-11,2714,T2
2013-12-12,2673,T2
2013-12-13,2680,T2
2013-12-14,2739,T2
2013-12-15,2724,T2
2013-12-16,2673,T2
2013-12-17,2647,T2
2013-12-18,2669,T2
2013-12-19,2626,T2
2013-12-20,2674,T2
2013-12-21,2671,T2
2013-12-22,2669,T2
2013-12-23,2632,T2
2013-12-24,2713,T2
2013-12-25,2637,T2
2013-12-26,2667,T2
2013-12-27,2632,T2
2013-12-28,2648,T2
2013-12-29,2637,T2
2013-12-30,2635,T2
2013-12-31,2694,T2
2014-01-01,2559,T2
2014-01-02,2513,T2
2014-01-03,2660,T2
2014-01-04,2663,T2
2014-01-05,2705,T2
2014-01-06,2662,T2
2014-01-07,2753,T2
2014-01-08,2818,T2
2014-01-09,2783,T2
2014-01-10,2829,T2
2014-01-11,2846,T2
2014-01-12,2756,T2
2014-01-13,2785,T2
2014-01-14,2784,T2
2014-01-15,2769,T2
2014-01-16,2806,T2
2014-01-17,2774,T2
2014-01-18,2807,T2
2014-01-19,2813,T2
2014-01-20,2827,T2
2014-01-21,2740,T2
2014-01-22,2874,T2
2014-01-23,2870,T2
2014-01-24,2832,T2
2014-01-25,2830,T2
2014-01-26,2858,T2
2014-01-27,2876,T2
2014-01-28,2793,T2
2014-01-29,2798,T2
2014-01-30,2810,T2
2014-01-31,2792,T2
2014-02-01,2837,T2
2014-02-02,2858,T2
2014-02-03,2856,T2
2014-02-04,2769,T2
2014-02-05,2817,T2
2014-02-06,1788,T2
2014-02-07,1929,T2
2014-02-08,2631,T2
2014-02-09,2607,T2
2014-02-10,2649,T2
2014-02-11,2570,T2
2014-02-12,2580,T2
2014-02-13,2599,T2
2014-02-14,2557,T2
2014-02-15,2661,T2
2014-02-16,2653,T2
2014-02-17,2585,T2
2014-02-18,2532,T2
2014-02-19,2255,T2
2014-02-20,2231,T2
2014-02-21,2259,T2
2014-02-22,2299,T2
2014-02-23,2276,T2
2014-02-24,2285,T2
2014-02-25,2238,T2
2014-02-26,2237,T2
2014-02-27,2245,T2
2014-02-28,2241,T2
2014-03-01,2229,T2
2014-03-02,2181,T2
2014-03-03,2263,T2
2014-03-04,2225,T2
2014-03-05,2247,T2
2014-03-06,2270,T2
2014-03-07,2224,T2
2014-03-08,2327,T2
2014-03-09,2275,T2
2014-03-10,2283,T2
2014-03-11,2280,T2
2014-03-12,2290,T2
2014-03-13,2312,T2
2014-03-14,2332,T2
2014-03-15,2425,T2
2014-03-16,2439,T2
2014-03-17,2393,T2
2014-03-18,2347,T2
2014-03-19,2413,T2
2014-03-20,2379,T2
2014-03-21,2258,T2
2014-03-22,2300,T2
2014-03-23,2328,T2
2014-03-24,2291,T2
2014-03-25,2264,T2
2014-03-26,2246,T2
2014-03-27,2260,T2
2014-03-28,2269,T2
2014-03-29,2288,T2
2014-03-30,2183,T2
2014-03-31,2217,T2
2014-04-01,2211,T2
2014-04-02,2247,T2
2014-04-03,2237,T2
2014-04-04,2179,T2
2014-04-05,2290,T2
2014-04-06,2333,T2
2014-04-07,2322,T2
2014-04-08,2313,T2
2014-04-09,2297,T2
2014-04-10,2311,T2
2014-04-11,2417,T2
2014-04-12,2526,T2
2014-04-13,2499,T2
2014-04-14,2469,T2
2014-04-15,2169,T2
2014-04-16,1836,T2
2014-04-17,2436,T2
2014-04-18,2321,T2
2014-04-19,2323,T2
2014-04-20,2234,T2
2014-04-21,2385,T2
2014-04-22,2306,T2
2014-04-23,2429,T2
2014-04-24,2512,T2
2014-04-25,2571,T2
2014-04-26,2515,T2
2014-04-27,2577,T2
2014-04-28,2620,T2
2014-04-29,2631,T2
2014-04-30,2636,T2
2014-05-01,2721,T2
2014-05-02,2578,T2
2014-05-03,2511,T2
2014-05-04,2548,T2
2014-05-05,2519,T2
2014-05-06,2436,T2
2014-05-07,2533,T2
2014-05-08,2467,T2
2014-05-09,2490,T2
2014-05-10,2541,T2
2014-05-11,2542,T2
2014-05-12,2508,T2
2014-05-13,2545,T2
2014-05-14,2623,T2
2014-05-15,2564,T2
2014-05-16,2596,T2
2014-05-17,2716,T2
2014-05-18,2682,T2
2014-05-19,2453,T2
2014-05-20,2312,T2
2014-05-21,2278,T2
2014-05-22,2349,T2
2014-05-23,2367,T2
2014-05-24,2514,T2
2014-05-25,2528,T2
2014-05-26,2541,T2
2014-05-27,2460,T2
2014-05-28,2364,T2
2014-05-29,2419,T2
2014-05-30,2534,T2
2014-05-31,2625,T2
2014-06-01,2640,T2
2014-06-02,2575,T2
2014-06-03,2601,T2
2014-06-04,2514,T2
2014-06-05,2565,T2
2014-06-06,2362,T2
2014-06-07,2373,T2
2014-06-08,2407,T2
2014-06-09,2419,T2
2014-06-10,2571,T2
2014-06-11,2688,T2
2014-06-12,2719,T2
2014-06-13,2723,T2
2014-06-14,2744,T2
2014-06-15,2824,T2
2014-06-16,2671,T2
2014-06-17,2609,T2
2014-06-18,2618,T2
2014-06-19,2639,T2
2014-06-20,2561,T2
2014-06-21,2591,T2
2014-06-22,2481,T2
2014-06-23,2672,T2
2014-06-24,2645,T2
2014-06-25,2709,T2
2014-06-26,2804,T2
2014-06-27,2828,T2
2014-06-28,2824,T2
2014-06-29,2875,T2
2014-06-30,2863,T2
2014-07-01,2741,T2
2014-07-02,2724,T2
2014-07-03,2865,T2
2014-07-04,2864,T2
2014-07-05,2937,T2
2014-07-06,2727,T2
2014-07-07,2862,T2
2014-07-08,3044,T2
2014-07-09,3335,T2
2014-07-10,3425,T2
2014-07-11,3374,T2
2014-07-12,3421,T2
2014-07-13,3369,T2
2014-07-14,3386,T2
2014-07-15,3289,T2
2014-07-16,3338,T2
2014-07-17,3244,T2
2014-07-18,3176,T2
2014-07-19,3240,T2
2014-07-20,3224,T2
2014-07-21,3214,T2
2014-07-22,3267,T2
2014-07-23,3212,T2
2014-07-24,3208,T2
2014-07-25,3227,T2
2014-07-26,3287,T2
2014-07-27,3265,T2
2014-07-28,3284,T2
2014-07-29,3293,T2
2014-07-30,3292,T2
2014-07-31,3048,T2
2014-08-01,3168,T2
2014-08-02,3126,T2
2014-08-03,3183,T2
2014-08-04,3212,T2
2014-08-05,3154,T2
2014-08-06,3251,T2
2014-08-07,3241,T2
2014-08-08,3275,T2
2014-08-09,3259,T2
2014-08-10,3224,T2
2014-08-11,3104,T2
2014-08-12,3201,T2
2014-08-13,3178,T2
2014-08-14,3205,T2
2014-08-15,3215,T2
2014-08-16,3258,T2
2014-08-17,3294,T2
2014-08-18,3244,T2
2014-08-19,3234,T2
2014-08-20,3218,T2
2012-01-01,22278,T95
2012-01-02,63958,T95
2012-01-03,65013,T95
2012-01-04,64181,T95
2012-01-05,63509,T95
2012-01-06,65309,T95
2012-01-07,52803,T95
2012-01-08,52737,T95
2012-01-09,64204,T95
2012-01-10,55622,T95
2012-01-11,53672,T95
2012-01-12,53703,T95
2012-01-13,55895,T95
2012-01-14,57891,T95
2012-01-15,56177,T95
2012-01-16,53461,T95
2012-01-17,49188,T95
2012-01-18,56915,T95
2012-01-19,48599,T95
2012-01-20,53243,T95
2012-01-21,48946,T95
2012-01-22,49473,T95
2012-01-23,51819,T95
2012-01-24,52173,T95
2012-01-25,57436,T95
2012-01-26,56791,T95
2012-01-27,58830,T95
2012-01-28,55465,T95
2012-01-29,53068,T95
2012-01-30,52704,T95
2012-01-31,54608,T95
2012-02-01,54592,T95
2012-02-02,52771,T95
2012-02-03,54171,T95
2012-02-04,54212,T95
2012-02-05,53695,T95
2012-02-06,56170,T95
2012-02-07,53682,T95
2012-02-08,55256,T95
2012-02-09,53801,T95
2012-02-10,55424,T95
2012-02-11,53506,T95
2012-02-12,50979,T95
2012-02-13,54017,T95
2012-02-14,54695,T95
2012-02-15,50788,T95
2012-02-16,54049,T95
2012-02-17,54741,T95
2012-02-18,55330,T95
2012-02-19,53100,T95
2012-02-20,55726,T95
2012-02-21,53501,T95
2012-02-22,57401,T95
2012-02-23,58759,T95
2012-02-24,61131,T95
2012-02-25,58581,T95
2012-02-26,57861,T95
2012-02-27,51491,T95
2012-02-28,55996,T95
2012-02-29,59437,T95
2012-03-01,56114,T95
2012-03-02,56957,T95
2012-03-03,60397,T95
2012-03-04,59943,T95
2012-03-05,58474,T95
2012-03-06,57697,T95
2012-03-07,55705,T95
2012-03-08,60020,T95
2012-03-09,61690,T95
2012-03-10,62004,T95
2012-03-11,61418,T95
2012-03-12,59195,T95
2012-03-13,60790,T95
2012-03-14,63721,T95
2012-03-15,62137,T95
2012-03-16,61988,T95
2012-03-17,60088,T95
2012-03-18,57659,T95
2012-03-19,52577,T95
2012-03-20,54177,T95
2012-03-21,52514,T95
2012-03-22,56848,T95
2012-03-23,61955,T95
2012-03-24,62450,T95
2012-03-25,63956,T95
2012-03-26,60438,T95
2012-03-27,65396,T95
2012-03-28,62692,T95
2012-03-29,61359,T95
2012-03-30,64220,T95
2012-03-31,67396,T95
2012-04-01,60559,T95
2012-04-02,58843,T95
2012-04-03,56239,T95
2012-04-04,59064,T95
2012-04-05,58943,T95
2012-04-06,57873,T95
2012-04-07,59406,T95
2012-04-08,61080,T95
2012-04-09,65131,T95
2012-04-10,62706,T95
2012-04-11,65495,T95
2012-04-12,65687,T95
2012-04-13,65986,T95
2012-04-14,62981,T95
2012-04-15,64382,T95
2012-04-16,62313,T95
2012-04-17,60529,T95
2012-04-18,61965,T95
2012-04-19,62531,T95
2012-04-20,61827,T95
2012-04-21,59135,T95
2012-04-22,56691,T95
2012-04-23,57522,T95
2012-04-24,61233,T95
2012-04-25,58221,T95
2012-04-26,58297,T95
2012-04-27,58507,T95
2012-04-28,56476,T95
2012-04-29,57558,T95
2012-04-30,55785,T95
2012-05-01,51265,T95
2012-05-02,55090,T95
2012-05-03,54941,T95
2012-05-04,52728,T95
2012-05-05,52670,T95
2012-05-06,53010,T95
2012-05-07,54087,T95
2012-05-08,54546,T95
2012-05-09,53591,T95
2012-05-10,66203,T95
2012-05-11,65059,T95
2012-05-12,71716,T95
2012-05-13,69179,T95
2012-05-14,69547,T95
2012-05-15,73907,T95
2012-05-16,76232,T95
2012-05-17,75324,T95
2012-05-18,65842,T95
2012-05-19,65006,T95
2012-05-20,58413,T95
2012-05-21,59793,T95
2012-05-22,61482,T95
2012-05-23,63644,T95
2012-05-24,65003,T95
2012-05-25,65278,T95
2012-05-26,58463,T95
2012-05-27,60280,T95
2012-05-28,65311,T95
2012-05-29,68350,T95
2012-05-30,70543,T95
2012-05-31,71258,T95
2012-06-01,75799,T95
2012-06-02,67749,T95
2012-06-03,67948,T95
2012-06-04,71172,T95
2012-06-05,71382,T95
2012-06-06,72430,T95
2012-06-07,68092,T95
2012-06-08,67508,T95
2012-06-09,67427,T95
2012-06-10,68952,T95
2012-06-11,65640,T95
2012-06-12,62008,T95
2012-06-13,60603,T95
2012-06-14,66176,T95
2012-06-15,66706,T95
2012-06-16,68023,T95
2012-06-17,67665,T95
2012-06-18,63654,T95
2012-06-19,62844,T95
2012-06-20,64684,T95
2012-06-21,62413,T95
2012-06-22,61063,T95
2012-06-23,63142,T95
2012-06-24,67075,T95
2012-06-25,79535,T95
2012-06-26,79940,T95
2012-06-27,76210,T95
2012-06-28,74354,T95
2012-06-29,72320,T95
2012-06-30,70468,T95
2012-07-01,67469,T95
2012-07-02,71059,T95
2012-07-03,72595,T95
2012-07-04,71475,T95
2012-07-05,67382,T95
2012-07-06,69028,T95
2012-07-07,66974,T95
2012-07-08,67351,T95
2012-07-09,67093,T95
2012-07-10,69344,T95
2012-07-11,68239,T95
2012-07-12,68971,T95
2012-07-13,73437,T95
2012-07-14,70526,T95
2012-07-15,67005,T95
2012-07-16,77847,T95
2012-07-17,90800,T95
2012-07-18,85783,T95
2012-07-19,84452,T95
2012-07-20,81335,T95
2012-07-21,83034,T95
2012-07-22,82703,T95
2012-07-23,80836,T95
2012-07-24,81997,T95
2012-07-25,80706,T95
2012-07-26,79227,T95
2012-07-27,75655,T95
2012-07-28,77582,T95
2012-07-29,75161,T95
2012-07-30,77903,T95
2012-07-31,80735,T95
2012-08-01,80108,T95
2012-08-02,79146,T95
2012-08-03,73505,T95
2012-08-04,74010,T95
2012-08-05,70317,T95
2012-08-06,70960,T95
2012-08-07,75343,T95
2012-08-08,74852,T95
2012-08-09,85348,T95
2012-08-10,83802,T95
2012-08-11,83328,T95
2012-08-12,77445,T95
2012-08-13,79155,T95
2012-08-14,80313,T95
2012-08-15,75716,T95
2012-08-16,74705,T95
2012-08-17,80750,T95
2012-08-18,78077,T95
2012-08-19,83641,T95
2012-08-20,84906,T95
2012-08-21,83260,T95
2012-08-22,78562,T95
2012-08-23,76539,T95
2012-08-24,77553,T95
2012-08-25,73844,T95
2012-08-26,71428,T95
2012-08-27,74257,T95
2012-08-28,78937,T95
2012-08-29,72013,T95
2012-08-30,69903,T95
2012-08-31,73088,T95
2012-09-01,72940,T95
2012-09-02,74589,T95
2012-09-03,75397,T95
2012-09-04,80885,T95
2012-09-05,77423,T95
2012-09-06,80644,T95
2012-09-07,81147,T95
2012-09-08,77757,T95
2012-09-09,74342,T95
2012-09-10,77548,T95
2012-09-11,83355,T95
2012-09-12,85344,T95
2012-09-13,82351,T95
2012-09-14,84244,T95
2012-09-15,72869,T95
2012-09-16,73097,T95
2012-09-17,75447,T95
2012-09-18,72994,T95
2012-09-19,75711,T95
2012-09-20,76620,T95
2012-09-21,72579,T95
2012-09-22,72034,T95
2012-09-23,68312,T95
2012-09-24,62516,T95
2012-09-25,63449,T95
2012-09-26,61129,T95
2012-09-27,63825,T95
2012-09-28,64830,T95
2012-09-29,66317,T95
2012-09-30,63963,T95
2012-10-01,66449,T95
2012-10-02,63948,T95
2012-10-03,63248,T95
2012-10-04,63824,T95
2012-10-05,66255,T95
2012-10-06,67330,T95
2012-10-07,68313,T95
2012-10-08,74143,T95
2012-10-09,73608,T95
2012-10-10,70721,T95
2012-10-11,70573,T95
2012-10-12,64621,T95
2012-10-13,62122,T95
2012-10-14,64437,T95
2012-10-15,62181,T95
2012-10-16,62183,T95
2012-10-17,64530,T95
2012-10-18,57908,T95
2012-10-19,58268,T95
2012-10-20,56452,T95
2012-10-21,60920,T95
2012-10-22,62931,T95
2012-10-23,60410,T95
2012-10-24,60819,T95
2012-10-25,59676,T95
2012-10-26,57248,T95
2012-10-27,56480,T95
2012-10-28,50916,T95
2012-10-29,51624,T95
2012-10-30,54073,T95
2012-10-31,51563,T95
2012-11-01,55507,T95
2012-11-02,58069,T95
2012-11-03,61987,T95
2012-11-04,55890,T95
2012-11-05,52046,T95
2012-11-06,52087,T95
2012-11-07,49963,T95
2012-11-08,53938,T95
2012-11-09,55606,T95
2012-11-10,55007,T95
2012-11-11,50718,T95
2012-11-12,51693,T95
2012-11-13,49008,T95
2012-11-14,50801,T95
2012-11-15,51841,T95
2012-11-16,58722,T95
2012-11-17,63288,T95
2012-11-18,55392,T95
2012-11-19,55045,T95
2012-11-20,57247,T95
2012-11-21,54478,T95
2012-11-22,53721,T95
2012-11-23,55403,T95
2012-11-24,56891,T95
2012-11-25,56415,T95
2012-11-26,55540,T95
2012-11-27,56868,T95
2012-11-28,56201,T95
2012-11-29,53722,T95
2012-11-30,54920,T95
2012-12-01,51427,T95
2012-12-02,51388,T95
2012-12-03,54445,T95
2012-12-04,55639,T95
2012-12-05,53930,T95
2012-12-06,54541,T95
2012-12-07,57306,T95
2012-12-08,54132,T95
2012-12-09,56030,T95
2012-12-10,56962,T95
2012-12-11,57267,T95
2012-12-12,56363,T95
2012-12-13,58267,T95
2012-12-14,57164,T95
2012-12-15,56884,T95
2012-12-16,57841,T95
2012-12-17,59121,T95
2012-12-18,59038,T95
2012-12-19,56405,T95
2012-12-20,55897,T95
2012-12-21,60562,T95
2012-12-22,58679,T95
2012-12-23,56145,T95
2012-12-24,44229,T95
2012-12-25,15186,T95
2012-12-26,51948,T95
2012-12-27,52033,T95
2012-12-28,55782,T95
2012-12-29,55909,T95
2012-12-30,56196,T95
2012-12-31,43542,T95
2013-01-01,20484,T95
2013-01-02,53876,T95
2013-01-03,54143,T95
2013-01-04,53853,T95
2013-01-05,53187,T95
2013-01-06,53417,T95
2013-01-07,49560,T95
2013-01-08,50150,T95
2013-01-09,48143,T95
2013-01-10,46936,T95
2013-01-11,48911,T95
2013-01-12,48100,T95
2013-01-13,47242,T95
2013-01-14,43972,T95
2013-01-15,45139,T95
2013-01-16,45454,T95
2013-01-17,45071,T95
2013-01-18,47929,T95
2013-01-19,43649,T95
2013-01-20,45271,T95
2013-01-21,46306,T95
2013-01-22,46763,T95
2013-01-23,43244,T95
2013-01-24,44351,T95
2013-01-25,45358,T95
2013-01-26,44613,T95
2013-01-27,46150,T95
2013-01-28,44223,T95
2013-01-29,46355,T95
2013-01-30,45449,T95
2013-01-31,46258,T95
2013-02-01,45673,T95
2013-02-02,43536,T95
2013-02-03,45310,T95
2013-02-04,49011,T95
2013-02-05,46964,T95
2013-02-06,45647,T95
2013-02-07,48250,T95
2013-02-08,49339,T95
2013-02-09,47474,T95
2013-02-10,48363,T95
2013-02-11,49015,T95
2013-02-12,50025,T95
2013-02-13,45012,T95
2013-02-14,44765,T95
2013-02-15,45190,T95
2013-02-16,43253,T95
2013-02-17,43044,T95
2013-02-18,43689,T95
2013-02-19,44576,T95
2013-02-20,44245,T95
2013-02-21,44926,T95
2013-02-22,45926,T95
2013-02-23,44785,T95
2013-02-24,45851,T95
2013-02-25,46970,T95
2013-02-26,46485,T95
2013-02-27,47344,T95
2013-02-28,47913,T95
2013-03-01,49859,T95
2013-03-02,46688,T95
2013-03-03,45054,T95
2013-03-04,46026,T95
2013-03-05,48203,T95
2013-03-06,47736,T95
2013-03-07,47449,T95
2013-03-08,47681,T95
2013-03-09,46218,T95
2013-03-10,46221,T95
2013-03-11,43080,T95
2013-03-12,41444,T95
2013-03-13,42508,T95
2013-03-14,43492,T95
2013-03-15,45018,T95
2013-03-16,45096,T95
2013-03-17,44533,T95
2013-03-18,43667,T95
2013-03-19,40735,T95
2013-03-20,41636,T95
2013-03-21,40192,T95
2013-03-22,41680,T95
2013-03-23,41518,T95
2013-03-24,40806,T95
2013-03-25,41764,T95
2013-03-26,42172,T95
2013-03-27,41609,T95
2013-03-28,41469,T95
2013-03-29,42882,T95
2013-03-30,40289,T95
2013-03-31,41036,T95
2013-04-01,41272,T95
2013-04-02,42355,T95
2013-04-03,40865,T95
2013-04-04,41414,T95
2013-04-05,42129,T95
2013-04-06,45147,T95
2013-04-07,41113,T95
2013-04-08,41889,T95
2013-04-09,42164,T95
2013-04-10,42359,T95
2013-04-11,42079,T95
2013-04-12,42910,T95
2013-04-13,41962,T95
2013-04-14,43021,T95
2013-04-15,45084,T95
2013-04-16,44851,T95
2013-04-17,44965,T95
2013-04-18,44811,T95
2013-04-19,45520,T95
2013-04-20,44549,T95
2013-04-21,44232,T95
2013-04-22,46014,T95
2013-04-23,46064,T95
2013-04-24,48188,T95
2013-04-25,47542,T95
2013-04-26,46542,T95
2013-04-27,42300,T95
2013-04-28,42376,T95
2013-04-29,42671,T95
2013-04-30,43709,T95
2013-05-01,41993,T95
2013-05-02,42135,T95
2013-05-03,44487,T95
2013-05-04,44941,T95
2013-05-05,45825,T95
2013-05-06,45512,T95
2013-05-07,47009,T95
2013-05-08,47278,T95
2013-05-09,48979,T95
2013-05-10,47599,T95
2013-05-11,44261,T95
2013-05-12,46154,T95
2013-05-13,47860,T95
2013-05-14,45804,T95
2013-05-15,43397,T95
2013-05-16,41745,T95
2013-05-17,41531,T95
2013-05-18,41300,T95
2013-05-19,40315,T95
2013-05-20,41405,T95
2013-05-21,42127,T95
2013-05-22,43812,T95
2013-05-23,45471,T95
2013-05-24,46794,T95
2013-05-25,45046,T95
2013-05-26,43162,T95
2013-05-27,43032,T95
2013-05-28,43602,T95
2013-05-29,42278,T95
2013-05-30,43313,T95
2013-05-31,45584,T95
2013-06-01,45745,T95
2013-06-02,48071,T95
2013-06-03,49741,T95
2013-06-04,48737,T95
2013-06-05,47610,T95
2013-06-06,46907,T95
2013-06-07,47203,T95
2013-06-08,44996,T95
2013-06-09,45293,T95
2013-06-10,44916,T95
2013-06-11,45392,T95
2013-06-12,47067,T95
2013-06-13,49457,T95
2013-06-14,47455,T95
2013-06-15,46313,T95
2013-06-16,45439,T95
2013-06-17,45423,T95
2013-06-18,44978,T95
2013-06-19,44090,T95
2013-06-20,45905,T95
2013-06-21,46515,T95
2013-06-22,48210,T95
2013-06-23,48001,T95
2013-06-24,55716,T95
2013-06-25,62662,T95
2013-06-26,62538,T95
2013-06-27,65106,T95
2013-06-28,67859,T95
2013-06-29,72161,T95
2013-06-30,77670,T95
2013-07-01,69467,T95
2013-07-02,62004,T95
2013-07-03,75374,T95
2013-07-04,87481,T95
2013-07-05,88302,T95
2013-07-06,90275,T95
2013-07-07,89854,T95
2013-07-08,84099,T95
2013-07-09,84543,T95
2013-07-10,83168,T95
2013-07-11,71961,T95
2013-07-12,62714,T95
2013-07-13,61361,T95
2013-07-14,59038,T95
2013-07-15,60290,T95
2013-07-16,62769,T95
2013-07-17,63656,T95
2013-07-18,60982,T95
2013-07-19,61112,T95
2013-07-20,58904,T95
2013-07-21,57050,T95
2013-07-22,59361,T95
2013-07-23,60967,T95
2013-07-24,65524,T95
2013-07-25,65136,T95
2013-07-26,61042,T95
2013-07-27,57328,T95
2013-07-28,60796,T95
2013-07-29,62788,T95
2013-07-30,69062,T95
2013-07-31,66467,T95
2013-08-01,62983,T95
2013-08-02,61016,T95
2013-08-03,58623,T95
2013-08-04,60035,T95
2013-08-05,60763,T95
2013-08-06,60825,T95
2013-08-07,61171,T95
2013-08-08,62458,T95
2013-08-09,73961,T95
2013-08-10,76861,T95
2013-08-11,73570,T95
2013-08-12,66212,T95
2013-08-13,72658,T95
2013-08-14,74356,T95
2013-08-15,74509,T95
2013-08-16,66311,T95
2013-08-17,68812,T95
2013-08-18,67664,T95
2013-08-19,75439,T95
2013-08-20,76288,T95
2013-08-21,69779,T95
2013-08-22,68862,T95
2013-08-23,65518,T95
2013-08-24,62524,T95
2013-08-25,65537,T95
2013-08-26,61553,T95
2013-08-27,64410,T95
2013-08-28,62349,T95
2013-08-29,67411,T95
2013-08-30,68782,T95
2013-08-31,69933,T95
2013-09-01,65669,T95
2013-09-02,69090,T95
2013-09-03,72844,T95
2013-09-04,69103,T95
2013-09-05,65424,T95
2013-09-06,66217,T95
2013-09-07,60395,T95
2013-09-08,58537,T95
2013-09-09,61899,T95
2013-09-10,64216,T95
2013-09-11,66591,T95
2013-09-12,68453,T95
2013-09-13,68766,T95
2013-09-14,66172,T95
2013-09-15,63615,T95
2013-09-16,62385,T95
2013-09-17,61887,T95
2013-09-18,59398,T95
2013-09-19,63907,T95
2013-09-20,69814,T95
2013-09-21,66946,T95
2013-09-22,68668,T95
2013-09-23,65517,T95
2013-09-24,63966,T95
2013-09-25,61107,T95
2013-09-26,60694,T95
2013-09-27,60364,T95
2013-09-28,59394,T95
2013-09-29,59943,T95
2013-09-30,65481,T95
2013-10-01,62485,T95
2013-10-02,61410,T95
2013-10-03,58423,T95
2013-10-04,59413,T95
2013-10-05,55573,T95
2013-10-06,57721,T95
2013-10-07,57490,T95
2013-10-08,60519,T95
2013-10-09,61365,T95
2013-10-10,60581,T95
2013-10-11,58127,T95
2013-10-12,51432,T95
2013-10-13,53410,T95
2013-10-14,56557,T95
2013-10-15,58261,T95
2013-10-16,65866,T95
2013-10-17,67822,T95
2013-10-18,57788,T95
2013-10-19,52578,T95
2013-10-20,53624,T95
2013-10-21,54243,T95
2013-10-22,56393,T95
2013-10-23,55603,T95
2013-10-24,56310,T95
2013-10-25,51983,T95
2013-10-26,49630,T95
2013-10-27,51430,T95
2013-10-28,51773,T95
2013-10-29,49234,T95
2013-10-30,49040,T95
2013-10-31,50125,T95
2013-11-01,52600,T95
2013-11-02,51657,T95
2013-11-03,49803,T95
2013-11-04,50071,T95
2013-11-05,51520,T95
2013-11-06,48709,T95
2013-11-07,49438,T95
2013-11-08,48682,T95
2013-11-09,47398,T95
2013-11-10,48156,T95
2013-11-11,47972,T95
2013-11-12,48066,T95
2013-11-13,48628,T95
2013-11-14,47896,T95
2013-11-15,47348,T95
2013-11-16,44584,T95
2013-11-17,43789,T95
2013-11-18,44705,T95
2013-11-19,45162,T95
2013-11-20,43610,T95
2013-11-21,47877,T95
2013-11-22,45449,T95
2013-11-23,43324,T95
2013-11-24,42916,T95
2013-11-25,43090,T95
2013-11-26,43045,T95
2013-11-27,45097,T95
2013-11-28,43065,T95
2013-11-29,44150,T95
2013-11-30,45947,T95
2013-12-01,43591,T95
2013-12-02,44471,T95
2013-12-03,42665,T95
2013-12-04,48150,T95
2013-12-05,46251,T95
2013-12-06,45078,T95
2013-12-07,44944,T95
2013-12-08,43641,T95
2013-12-09,44210,T95
2013-12-10,44402,T95
2013-12-11,43796,T95
2013-12-12,44521,T95
2013-12-13,45406,T95
2013-12-14,46557,T95
2013-12-15,45621,T95
2013-12-16,45939,T95
2013-12-17,46101,T95
2013-12-18,44595,T95
2013-12-19,45068,T95
2013-12-20,44105,T95
2013-12-21,43083,T95
2013-12-22,42788,T95
2013-12-23,44346,T95
2013-12-24,32954,T95
2013-12-25,12371,T95
2013-12-26,43702,T95
2013-12-27,46872,T95
2013-12-28,43417,T95
2013-12-29,43080,T95
2013-12-30,46099,T95
2013-12-31,37482,T95
2014-01-01,17338,T95
2014-01-02,44860,T95
2014-01-03,45466,T95
2014-01-04,41580,T95
2014-01-05,41774,T95
2014-01-06,43876,T95
2014-01-07,42573,T95
2014-01-08,44853,T95
2014-01-09,42520,T95
2014-01-10,43120,T95
2014-01-11,39957,T95
2014-01-12,40308,T95
2014-01-13,39158,T95
2014-01-14,39432,T95
2014-01-15,39874,T95
2014-01-16,39117,T95
2014-01-17,39816,T95
2014-01-18,37985,T95
2014-01-19,39688,T95
2014-01-20,39575,T95
2014-01-21,39298,T95
2014-01-22,39850,T95
2014-01-23,39467,T95
2014-01-24,40040,T95
2014-01-25,40034,T95
2014-01-26,40722,T95
2014-01-27,38751,T95
2014-01-28,38598,T95
2014-01-29,39604,T95
2014-01-30,38012,T95
2014-01-31,39339,T95
2014-02-01,37764,T95
2014-02-02,37647,T95
2014-02-03,37967,T95
2014-02-04,38186,T95
2014-02-05,39029,T95
2014-02-06,38693,T95
2014-02-07,38982,T95
2014-02-08,37528,T95
2014-02-09,36908,T95
2014-02-10,37793,T95
2014-02-11,38213,T95
2014-02-12,38884,T95
2014-02-13,39453,T95
2014-02-14,39432,T95
2014-02-15,37033,T95
2014-02-16,36723,T95
2014-02-17,37745,T95
2014-02-18,38579,T95
2014-02-19,39535,T95
2014-02-20,39436,T95
2014-02-21,39906,T95
2014-02-22,38754,T95
2014-02-23,38405,T95
2014-02-24,39038,T95
2014-02-25,40099,T95
2014-02-26,39629,T95
2014-02-27,40589,T95
2014-02-28,40876,T95
2014-03-01,40258,T95
2014-03-02,39233,T95
2014-03-03,39280,T95
2014-03-04,38471,T95
2014-03-05,39669,T95
2014-03-06,40005,T95
2014-03-07,41327,T95
2014-03-08,41469,T95
2014-03-09,40592,T95
2014-03-10,41496,T95
2014-03-11,42214,T95
2014-03-12,41814,T95
2014-03-13,41976,T95
2014-03-14,42162,T95
2014-03-15,42120,T95
2014-03-16,42508,T95
2014-03-17,42273,T95
2014-03-18,41156,T95
2014-03-19,41683,T95
2014-03-20,41392,T95
2014-03-21,42020,T95
2014-03-22,39854,T95
2014-03-23,38407,T95
2014-03-24,39348,T95
2014-03-25,39412,T95
2014-03-26,39332,T95
2014-03-27,40060,T95
2014-03-28,40675,T95
2014-03-29,39449,T95
2014-03-30,38197,T95
2014-03-31,39644,T95
2014-04-01,39677,T95
2014-04-02,39738,T95
2014-04-03,39860,T95
2014-04-04,40774,T95
2014-04-05,41215,T95
2014-04-06,41493,T95
2014-04-07,43047,T95
2014-04-08,44057,T95
2014-04-09,44825,T95
2014-04-10,44363,T95
2014-04-11,44414,T95
2014-04-12,42829,T95
2014-04-13,43325,T95
2014-04-14,44985,T95
2014-04-15,45353,T95
2014-04-16,45525,T95
2014-04-17,47051,T95
2014-04-18,44625,T95
2014-04-19,43263,T95
2014-04-20,42208,T95
2014-04-21,42866,T95
2014-04-22,42898,T95
2014-04-23,42989,T95
2014-04-24,42764,T95
2014-04-25,41960,T95
2014-04-26,43242,T95
2014-04-27,42557,T95
2014-04-28,43091,T95
2014-04-29,43670,T95
2014-04-30,46200,T95
2014-05-01,45157,T95
2014-05-02,48671,T95
2014-05-03,48651,T95
2014-05-04,49828,T95
2014-05-05,49744,T95
2014-05-06,48315,T95
2014-05-07,47976,T95
2014-05-08,45223,T95
2014-05-09,49054,T95
2014-05-10,47693,T95
2014-05-11,46338,T95
2014-05-12,47299,T95
2014-05-13,47624,T95
2014-05-14,50739,T95
2014-05-15,50649,T95
2014-05-16,49677,T95
2014-05-17,48663,T95
2014-05-18,45527,T95
2014-05-19,44588,T95
2014-05-20,42332,T95
2014-05-21,40814,T95
2014-05-22,40950,T95
2014-05-23,40224,T95
2014-05-24,38407,T95
2014-05-25,38413,T95
2014-05-26,39155,T95
2014-05-27,39520,T95
2014-05-28,40065,T95
2014-05-29,41776,T95
2014-05-30,42810,T95
2014-05-31,42519,T95
2014-06-01,46272,T95
2014-06-02,45816,T95
2014-06-03,44577,T95
2014-06-04,44975,T95
2014-06-05,45549,T95
2014-06-06,45047,T95
2014-06-07,44746,T95
2014-06-08,43526,T95
2014-06-09,44625,T95
2014-06-10,43951,T95
2014-06-11,48682,T95
2014-06-12,53511,T95
2014-06-13,57450,T95
2014-06-14,59324,T95
2014-06-15,58015,T95
2014-06-16,53843,T95
2014-06-17,52274,T95
2014-06-18,49687,T95
2014-06-19,49311,T95
2014-06-20,48506,T95
2014-06-21,48735,T95
2014-06-22,46759,T95
2014-06-23,47201,T95
2014-06-24,47930,T95
2014-06-25,47975,T95
2014-06-26,48667,T95
2014-06-27,50385,T95
2014-06-28,49880,T95
2014-06-29,48226,T95
2014-06-30,49743,T95
2014-07-01,49086,T95
2014-07-02,48607,T95
2014-07-03,51535,T95
2014-07-04,52301,T95
2014-07-05,51335,T95
2014-07-06,50742,T95
2014-07-07,48822,T95
2014-07-08,49197,T95
2014-07-09,54368,T95
2014-07-10,56308,T95
2014-07-11,58409,T95
2014-07-12,54688,T95
2014-07-13,52921,T95
2014-07-14,57231,T95
2014-07-15,58588,T95
2014-07-16,61078,T95
2014-07-17,56649,T95
2014-07-18,54329,T95
2014-07-19,53480,T95
2014-07-20,52369,T95
2014-07-21,55438,T95
2014-07-22,54220,T95
2014-07-23,52277,T95
2014-07-24,51010,T95
2014-07-25,52846,T95
2014-07-26,52538,T95
2014-07-27,51856,T95
2014-07-28,54839,T95
2014-07-29,57994,T95
2014-07-30,56674,T95
2014-07-31,53651,T95
2014-08-01,52820,T95
2014-08-02,52932,T95
2014-08-03,53353,T95
2014-08-04,50111,T95
2014-08-05,54736,T95
2014-08-06,79037,T95
2014-08-07,90009,T95
2014-08-08,91694,T95
2014-08-09,89748,T95
2014-08-10,89950,T95
2014-08-11,88139,T95
2014-08-12,89954,T95
2014-08-13,79156,T95
2014-08-14,53750,T95
2014-08-15,53757,T95
2014-08-16,55723,T95
2014-08-17,56954,T95
2014-08-18,55127,T95
2014-08-19,52911,T95
2014-08-20,51759,T95
2012-01-01,5678,T100
2012-01-02,8086,T100
2012-01-03,8076,T100
2012-01-04,8147,T100
2012-01-05,8165,T100
2012-01-06,7852,T100
2012-01-07,5989,T100
2012-01-08,5568,T100
2012-01-09,8518,T100
2012-01-10,8500,T100
2012-01-11,8527,T100
2012-01-12,8466,T100
2012-01-13,8885,T100
2012-01-14,6422,T100
2012-01-15,6075,T100
2012-01-16,9016,T100
2012-01-17,8962,T100
2012-01-18,8968,T100
2012-01-19,9309,T100
2012-01-20,8555,T100
2012-01-21,5619,T100
2012-01-22,5290,T100
2012-01-23,9132,T100
2012-01-24,9055,T100
2012-01-25,8737,T100
2012-01-26,9091,T100
2012-01-27,8208,T100
2012-01-28,6413,T100
2012-01-29,5691,T100
2012-01-30,8901,T100
2012-01-31,8950,T100
2012-02-01,9374,T100
2012-02-02,8574,T100
2012-02-03,9003,T100
2012-02-04,7501,T100
2012-02-05,6742,T100
2012-02-06,8341,T100
2012-02-07,7884,T100
2012-02-08,9477,T100
2012-02-09,9568,T100
2012-02-10,9394,T100
2012-02-11,7097,T100
2012-02-12,6164,T100
2012-02-13,9059,T100
2012-02-14,8834,T100
2012-02-15,7478,T100
2012-02-16,7277,T100
2012-02-17,7349,T100
2012-02-18,5270,T100
2012-02-19,4097,T100
2012-02-20,6234,T100
2012-02-21,4029,T100
2012-02-22,6668,T100
2012-02-23,7014,T100
2012-02-24,7563,T100
2012-02-25,5173,T100
2012-02-26,4383,T100
2012-02-27,6585,T100
2012-02-28,6614,T100
2012-02-29,6900,T100
2012-03-01,7293,T100
2012-03-02,7511,T100
2012-03-03,5228,T100
2012-03-04,4129,T100
2012-03-05,6754,T100
2012-03-06,7228,T100
2012-03-07,7718,T100
2012-03-08,6595,T100
2012-03-09,7090,T100
2012-03-10,4832,T100
2012-03-11,3956,T100
2012-03-12,6206,T100
2012-03-13,6123,T100
2012-03-14,7324,T100
2012-03-15,6681,T100
2012-03-16,6861,T100
2012-03-17,5001,T100
2012-03-18,4347,T100
2012-03-19,6522,T100
2012-03-20,6935,T100
2012-03-21,8271,T100
2012-03-22,7653,T100
2012-03-23,8035,T100
2012-03-24,4699,T100
2012-03-25,3861,T100
2012-03-26,6883,T100
2012-03-27,6416,T100
2012-03-28,7101,T100
2012-03-29,7099,T100
2012-03-30,7100,T100
2012-03-31,4880,T100
2012-04-01,4259,T100
2012-04-02,7137,T100
2012-04-03,6978,T100
2012-04-04,6629,T100
2012-04-05,5750,T100
2012-04-06,4159,T100
2012-04-07,3914,T100
2012-04-08,3750,T100
2012-04-09,6353,T100
2012-04-10,7087,T100
2012-04-11,7609,T100
2012-04-12,7846,T100
2012-04-13,7966,T100
2012-04-14,5315,T100
2012-04-15,4343,T100
2012-04-16,7692,T100
2012-04-17,7638,T100
2012-04-18,8515,T100
2012-04-19,7705,T100
2012-04-20,7705,T100
2012-04-21,5221,T100
2012-04-22,4584,T100
2012-04-23,7495,T100
2012-04-24,6997,T100
2012-04-25,5252,T100
2012-04-26,6927,T100
2012-04-27,6625,T100
2012-04-28,3758,T100
2012-04-29,2715,T100
2012-04-30,4960,T100
2012-05-01,3928,T100
2012-05-02,6301,T100
2012-05-03,6524,T100
2012-05-04,6707,T100
2012-05-05,4791,T100
2012-05-06,4380,T100
2012-05-07,6715,T100
2012-05-08,6833,T100
2012-05-09,6346,T100
2012-05-10,6429,T100
2012-05-11,6328,T100
2012-05-12,4729,T100
2012-05-13,4546,T100
2012-05-14,6378,T100
2012-05-15,6410,T100
2012-05-16,6651,T100
2012-05-17,6838,T100
2012-05-18,6612,T100
2012-05-19,4725,T100
2012-05-20,4150,T100
2012-05-21,5865,T100
2012-05-22,6209,T100
2012-05-23,6999,T100
2012-05-24,6341,T100
2012-05-25,6239,T100
2012-05-26,4751,T100
2012-05-27,4344,T100
2012-05-28,5813,T100
2012-05-29,5785,T100
2012-05-30,5969,T100
2012-05-31,6172,T100
2012-06-01,7105,T100
2012-06-02,5169,T100
2012-06-03,4795,T100
2012-06-04,7087,T100
2012-06-05,6363,T100
2012-06-06,6581,T100
2012-06-07,5055,T100
2012-06-08,6124,T100
2012-06-09,4895,T100
2012-06-10,4743,T100
2012-06-11,6990,T100
2012-06-12,7879,T100
2012-06-13,6798,T100
2012-06-14,6728,T100
2012-06-15,6676,T100
2012-06-16,4957,T100
2012-06-17,4542,T100
2012-06-18,6659,T100
2012-06-19,6824,T100
2012-06-20,6951,T100
2012-06-21,7851,T100
2012-06-22,6269,T100
2012-06-23,4927,T100
2012-06-24,4548,T100
2012-06-25,7258,T100
2012-06-26,7079,T100
2012-06-27,6558,T100
2012-06-28,6845,T100
2012-06-29,6698,T100
2012-06-30,4628,T100
2012-07-01,3432,T100
2012-07-02,5924,T100
2012-07-03,6164,T100
2012-07-04,6069,T100
2012-07-05,5625,T100
2012-07-06,5955,T100
2012-07-07,4504,T100
2012-07-08,3858,T100
2012-07-09,6209,T100
2012-07-10,6528,T100
2012-07-11,6355,T100
2012-07-12,5938,T100
2012-07-13,6012,T100
2012-07-14,4407,T100
2012-07-15,4089,T100
2012-07-16,7033,T100
2012-07-17,7476,T100
2012-07-18,7518,T100
2012-07-19,6487,T100
2012-07-20,6502,T100
2012-07-21,4605,T100
2012-07-22,4365,T100
2012-07-23,7062,T100
2012-07-24,7051,T100
2012-07-25,6778,T100
2012-07-26,6962,T100
2012-07-27,6535,T100
2012-07-28,4665,T100
2012-07-29,4372,T100
2012-07-30,6863,T100
2012-07-31,6482,T100
2012-08-01,6428,T100
2012-08-02,6312,T100
2012-08-03,6408,T100
2012-08-04,4942,T100
2012-08-05,4556,T100
2012-08-06,6100,T100
2012-08-07,6447,T100
2012-08-08,6404,T100
2012-08-09,6451,T100
2012-08-10,6601,T100
2012-08-11,4724,T100
2012-08-12,4225,T100
2012-08-13,6198,T100
2012-08-14,5896,T100
2012-08-15,4451,T100
2012-08-16,5771,T100
2012-08-17,5684,T100
2012-08-18,4474,T100
2012-08-19,4187,T100
2012-08-20,6406,T100
2012-08-21,6342,T100
2012-08-22,6406,T100
2012-08-23,6183,T100
2012-08-24,6124,T100
2012-08-25,4642,T100
2012-08-26,4107,T100
2012-08-27,6226,T100
2012-08-28,5871,T100
2012-08-29,5476,T100
2012-08-30,5345,T100
2012-08-31,5477,T100
2012-09-01,4301,T100
2012-09-02,3882,T100
2012-09-03,6324,T100
2012-09-04,6483,T100
2012-09-05,6458,T100
2012-09-06,7203,T100
2012-09-07,6536,T100
2012-09-08,4859,T100
2012-09-09,4044,T100
2012-09-10,6686,T100
2012-09-11,6700,T100
2012-09-12,7048,T100
2012-09-13,7373,T100
2012-09-14,6577,T100
2012-09-15,5095,T100
2012-09-16,4110,T100
2012-09-17,6734,T100
2012-09-18,7150,T100
2012-09-19,6855,T100
2012-09-20,7253,T100
2012-09-21,7254,T100
2012-09-22,5696,T100
2012-09-23,4757,T100
2012-09-24,6639,T100
2012-09-25,6725,T100
2012-09-26,6354,T100
2012-09-27,6282,T100
2012-09-28,7423,T100
2012-09-29,5012,T100
2012-09-30,4294,T100
2012-10-01,6375,T100
2012-10-02,6358,T100
2012-10-03,7106,T100
2012-10-04,7211,T100
2012-10-05,4649,T100
2012-10-06,4757,T100
2012-10-07,4451,T100
2012-10-08,6162,T100
2012-10-09,6526,T100
2012-10-10,7008,T100
2012-10-11,7675,T100
2012-10-12,6737,T100
2012-10-13,5357,T100
2012-10-14,4179,T100
2012-10-15,5527,T100
2012-10-16,6287,T100
2012-10-17,7933,T100
2012-10-18,7335,T100
2012-10-19,6727,T100
2012-10-20,5014,T100
2012-10-21,3892,T100
2012-10-22,6089,T100
2012-10-23,6345,T100
2012-10-24,7051,T100
2012-10-25,6851,T100
2012-10-26,6570,T100
2012-10-27,4250,T100
2012-10-28,3767,T100
2012-10-29,5197,T100
2012-10-30,5685,T100
2012-10-31,6393,T100
2012-11-01,3708,T100
2012-11-02,6260,T100
2012-11-03,4524,T100
2012-11-04,4055,T100
2012-11-05,5418,T100
2012-11-06,5981,T100
2012-11-07,6861,T100
2012-11-08,6505,T100
2012-11-09,6515,T100
2012-11-10,4072,T100
2012-11-11,3576,T100
2012-11-12,5969,T100
2012-11-13,6561,T100
2012-11-14,6574,T100
2012-11-15,6560,T100
2012-11-16,6983,T100
2012-11-17,4231,T100
2012-11-18,4049,T100
2012-11-19,5940,T100
2012-11-20,7048,T100
2012-11-21,7003,T100
2012-11-22,6653,T100
2012-11-23,6786,T100
2012-11-24,4502,T100
2012-11-25,4263,T100
2012-11-26,6299,T100
2012-11-27,6787,T100
2012-11-28,6892,T100
2012-11-29,6835,T100
2012-11-30,6346,T100
2012-12-01,4303,T100
2012-12-02,3704,T100
2012-12-03,6323,T100
2012-12-04,6515,T100
2012-12-05,7089,T100
2012-12-06,6979,T100
2012-12-07,6185,T100
2012-12-08,4393,T100
2012-12-09,3808,T100
2012-12-10,6621,T100
2012-12-11,7054,T100
2012-12-12,6929,T100
2012-12-13,7043,T100
2012-12-14,6923,T100
2012-12-15,4956,T100
2012-12-16,4785,T100
2012-12-17,6735,T100
2012-12-18,7193,T100
2012-12-19,7387,T100
2012-12-20,6058,T100
2012-12-21,6203,T100
2012-12-22,4426,T100
2012-12-23,3504,T100
2012-12-24,3301,T100
2012-12-25,3143,T100
2012-12-26,4869,T100
2012-12-27,5262,T100
2012-12-28,4866,T100
2012-12-29,3808,T100
2012-12-30,3316,T100
2012-12-31,3581,T100
2013-01-01,3433,T100
2013-01-02,6532,T100
2013-01-03,6757,T100
2013-01-04,5985,T100
2013-01-05,3999,T100
2013-01-06,3900,T100
2013-01-07,6392,T100
2013-01-08,6947,T100
2013-01-09,7275,T100
2013-01-10,6403,T100
2013-01-11,5973,T100
2013-01-12,4372,T100
2013-01-13,3782,T100
2013-01-14,5993,T100
2013-01-15,6941,T100
2013-01-16,7201,T100
2013-01-17,6846,T100
2013-01-18,7184,T100
2013-01-19,4957,T100
2013-01-20,3278,T100
2013-01-21,6469,T100
2013-01-22,7818,T100
2013-01-23,7164,T100
2013-01-24,6768,T100
2013-01-25,6513,T100
2013-01-26,4058,T100
2013-01-27,4098,T100
2013-01-28,6435,T100
2013-01-29,6594,T100
2013-01-30,6554,T100
2013-01-31,6381,T100
2013-02-01,6889,T100
2013-02-02,4582,T100
2013-02-03,3924,T100
2013-02-04,5741,T100
2013-02-05,5920,T100
2013-02-06,6289,T100
2013-02-07,6329,T100
2013-02-08,5947,T100
2013-02-09,4622,T100
2013-02-10,3719,T100
2013-02-11,5876,T100
2013-02-12,3810,T100
2013-02-13,6266,T100
2013-02-14,6295,T100
2013-02-15,5760,T100
2013-02-16,4450,T100
2013-02-17,3249,T100
2013-02-18,5760,T100
2013-02-19,6951,T100
2013-02-20,7450,T100
2013-02-21,7024,T100
2013-02-22,6244,T100
2013-02-23,4556,T100
2013-02-24,3879,T100
2013-02-25,5932,T100
2013-02-26,6775,T100
2013-02-27,7256,T100
2013-02-28,7267,T100
2013-03-01,6541,T100
2013-03-02,4667,T100
2013-03-03,3259,T100
2013-03-04,5548,T100
2013-03-05,6699,T100
2013-03-06,7427,T100
2013-03-07,7431,T100
2013-03-08,6242,T100
2013-03-09,4125,T100
2013-03-10,3251,T100
2013-03-11,6032,T100
2013-03-12,7684,T100
2013-03-13,7119,T100
2013-03-14,6750,T100
2013-03-15,6237,T100
2013-03-16,3909,T100
2013-03-17,3488,T100
2013-03-18,5921,T100
2013-03-19,7044,T100
2013-03-20,7034,T100
2013-03-21,6821,T100
2013-03-22,6180,T100
2013-03-23,4061,T100
2013-03-24,3505,T100
2013-03-25,6385,T100
2013-03-26,7624,T100
2013-03-27,6745,T100
2013-03-28,5256,T100
2013-03-29,4224,T100
2013-03-30,3709,T100
2013-03-31,2941,T100
2013-04-01,5704,T100
2013-04-02,5867,T100
2013-04-03,5918,T100
2013-04-04,5635,T100
2013-04-05,5516,T100
2013-04-06,4259,T100
2013-04-07,3381,T100
2013-04-08,6229,T100
2013-04-09,6327,T100
2013-04-10,6861,T100
2013-04-11,7010,T100
2013-04-12,5550,T100
2013-04-13,4738,T100
2013-04-14,3463,T100
2013-04-15,5180,T100
2013-04-16,5788,T100
2013-04-17,6228,T100
2013-04-18,6545,T100
2013-04-19,5140,T100
2013-04-20,4551,T100
2013-04-21,3220,T100
2013-04-22,4928,T100
2013-04-23,6234,T100
2013-04-24,6290,T100
2013-04-25,3738,T100
2013-04-26,5218,T100
2013-04-27,4672,T100
2013-04-28,3546,T100
2013-04-29,5423,T100
2013-04-30,6173,T100
2013-05-01,3753,T100
2013-05-02,5923,T100
2013-05-03,5169,T100
2013-05-04,4171,T100
2013-05-05,3779,T100
2013-05-06,5488,T100
2013-05-07,6510,T100
2013-05-08,6590,T100
2013-05-09,6420,T100
2013-05-10,5132,T100
2013-05-11,3937,T100
2013-05-12,3614,T100
2013-05-13,5050,T100
2013-05-14,6120,T100
2013-05-15,6364,T100
2013-05-16,6155,T100
2013-05-17,5268,T100
2013-05-18,4166,T100
2013-05-19,3507,T100
2013-05-20,4950,T100
2013-05-21,5553,T100
2013-05-22,5563,T100
2013-05-23,5605,T100
2013-05-24,5082,T100
2013-05-25,3691,T100
2013-05-26,3623,T100
2013-05-27,5470,T100
2013-05-28,5503,T100
2013-05-29,5864,T100
2013-05-30,5021,T100
2013-05-31,5104,T100
2013-06-01,4061,T100
2013-06-02,3752,T100
2013-06-03,5318,T100
2013-06-04,5221,T100
2013-06-05,5679,T100
2013-06-06,5910,T100
2013-06-07,5907,T100
2013-06-08,3974,T100
2013-06-09,4227,T100
2013-06-10,4148,T100
2013-06-11,6419,T100
2013-06-12,6435,T100
2013-06-13,6169,T100
2013-06-14,5462,T100
2013-06-15,4189,T100
2013-06-16,4108,T100
2013-06-17,5583,T100
2013-06-18,5448,T100
2013-06-19,5797,T100
2013-06-20,6168,T100
2013-06-21,5372,T100
2013-06-22,5197,T100
2013-06-23,4146,T100
2013-06-24,4337,T100
2013-06-25,5804,T100
2013-06-26,6990,T100
2013-06-27,6351,T100
2013-06-28,7676,T100
2013-06-29,4905,T100
2013-06-30,4246,T100
2013-07-01,7096,T100
2013-07-02,6903,T100
2013-07-03,7394,T100
2013-07-04,8247,T100
2013-07-05,8155,T100
2013-07-06,5477,T100
2013-07-07,5134,T100
2013-07-08,9053,T100
2013-07-09,9015,T100
2013-07-10,7941,T100
2013-07-11,8041,T100
2013-07-12,7205,T100
2013-07-13,5534,T100
2013-07-14,5180,T100
2013-07-15,7108,T100
2013-07-16,7415,T100
2013-07-17,7548,T100
2013-07-18,6754,T100
2013-07-19,6819,T100
2013-07-20,5532,T100
2013-07-21,5198,T100
2013-07-22,7208,T100
2013-07-23,6826,T100
2013-07-24,7189,T100
2013-07-25,7216,T100
2013-07-26,6904,T100
2013-07-27,5239,T100
2013-07-28,4988,T100
2013-07-29,6903,T100
2013-07-30,7196,T100
2013-07-31,6984,T100
2013-08-01,6674,T100
2013-08-02,7116,T100
2013-08-03,5950,T100
2013-08-04,5613,T100
2013-08-05,6904,T100
2013-08-06,7448,T100
2013-08-07,7847,T100
2013-08-08,6823,T100
2013-08-09,6911,T100
2013-08-10,5262,T100
2013-08-11,4547,T100
2013-08-12,6166,T100
2013-08-13,7022,T100
2013-08-14,6864,T100
2013-08-15,5250,T100
2013-08-16,6579,T100
2013-08-17,5079,T100
2013-08-18,4290,T100
2013-08-19,6310,T100
2013-08-20,6118,T100
2013-08-21,6052,T100
2013-08-22,6322,T100
2013-08-23,6460,T100
2013-08-24,4926,T100
2013-08-25,4228,T100
2013-08-26,6648,T100
2013-08-27,6101,T100
2013-08-28,6284,T100
2013-08-29,5897,T100
2013-08-30,6159,T100
2013-08-31,4435,T100
2013-09-01,3704,T100
2013-09-02,6903,T100
2013-09-03,7593,T100
2013-09-04,8039,T100
2013-09-05,7510,T100
2013-09-06,8026,T100
2013-09-07,6180,T100
2013-09-08,5916,T100
2013-09-09,7639,T100
2013-09-10,7759,T100
2013-09-11,7317,T100
2013-09-12,6892,T100
2013-09-13,6052,T100
2013-09-14,4870,T100
2013-09-15,4239,T100
2013-09-16,6470,T100
2013-09-17,7618,T100
2013-09-18,8870,T100
2013-09-19,9014,T100
2013-09-20,8075,T100
2013-09-21,5963,T100
2013-09-22,5352,T100
2013-09-23,8809,T100
2013-09-24,8956,T100
2013-09-25,8727,T100
2013-09-26,8618,T100
2013-09-27,7587,T100
2013-09-28,6851,T100
2013-09-29,6338,T100
2013-09-30,8677,T100
2013-10-01,8688,T100
2013-10-02,8821,T100
2013-10-03,7515,T100
2013-10-04,7551,T100
2013-10-05,6758,T100
2013-10-06,6205,T100
2013-10-07,7087,T100
2013-10-08,7924,T100
2013-10-09,7501,T100
2013-10-10,6751,T100
2013-10-11,6343,T100
2013-10-12,5203,T100
2013-10-13,4526,T100
2013-10-14,6069,T100
2013-10-15,6916,T100
2013-10-16,7207,T100
2013-10-17,6137,T100
2013-10-18,6243,T100
2013-10-19,5797,T100
2013-10-20,4471,T100
2013-10-21,5672,T100
2013-10-22,6641,T100
2013-10-23,5436,T100
2013-10-24,6051,T100
2013-10-25,5651,T100
2013-10-26,4187,T100
2013-10-27,3897,T100
2013-10-28,5443,T100
2013-10-29,5861,T100
2013-10-30,5811,T100
2013-10-31,6213,T100
2013-11-01,6427,T100
2013-11-02,5060,T100
2013-11-03,4408,T100
2013-11-04,7487,T100
2013-11-05,7594,T100
2013-11-06,6380,T100
2013-11-07,6132,T100
2013-11-08,7669,T100
2013-11-09,5778,T100
2013-11-10,4543,T100
2013-11-11,6430,T100
2013-11-12,6813,T100
2013-11-13,6805,T100
2013-11-14,6706,T100
2013-11-15,5720,T100
2013-11-16,4365,T100
2013-11-17,3916,T100
2013-11-18,6331,T100
2013-11-19,7574,T100
2013-11-20,7673,T100
2013-11-21,7928,T100
2013-11-22,7939,T100
2013-11-23,5289,T100
2013-11-24,4545,T100
2013-11-25,8067,T100
2013-11-26,8198,T100
2013-11-27,8072,T100
2013-11-28,8117,T100
2013-11-29,7021,T100
2013-11-30,6482,T100
2013-12-01,5198,T100
2013-12-02,7346,T100
2013-12-03,8015,T100
2013-12-04,6810,T100
2013-12-05,6960,T100
2013-12-06,7030,T100
2013-12-07,6622,T100
2013-12-08,4908,T100
2013-12-09,7317,T100
2013-12-10,7213,T100
2013-12-11,7355,T100
2013-12-12,6570,T100
2013-12-13,6296,T100
2013-12-14,5753,T100
2013-12-15,4191,T100
2013-12-16,6384,T100
2013-12-17,6673,T100
2013-12-18,6030,T100
2013-12-19,6354,T100
2013-12-20,7004,T100
2013-12-21,5618,T100
2013-12-22,4612,T100
2013-12-23,5611,T100
2013-12-24,4751,T100
2013-12-25,4546,T100
2013-12-26,5960,T100
2013-12-27,5734,T100
2013-12-28,4177,T100
2013-12-29,4472,T100
2013-12-30,5936,T100
2013-12-31,4993,T100
2014-01-01,4417,T100
2014-01-02,6850,T100
2014-01-03,6454,T100
2014-01-04,5017,T100
2014-01-05,4488,T100
2014-01-06,6941,T100
2014-01-07,6707,T100
2014-01-08,6601,T100
2014-01-09,6400,T100
2014-01-10,6294,T100
2014-01-11,4569,T100
2014-01-12,4161,T100
2014-01-13,6704,T100
2014-01-14,7101,T100
2014-01-15,6725,T100
2014-01-16,7027,T100
2014-01-17,6836,T100
2014-01-18,5211,T100
2014-01-19,4844,T100
2014-01-20,6672,T100
2014-01-21,6772,T100
2014-01-22,7054,T100
2014-01-23,6377,T100
2014-01-24,6354,T100
2014-01-25,4397,T100
2014-01-26,4495,T100
2014-01-27,6734,T100
2014-01-28,6843,T100
2014-01-29,7338,T100
2014-01-30,7665,T100
2014-01-31,7618,T100
2014-02-01,5352,T100
2014-02-02,4579,T100
2014-02-03,8140,T100
2014-02-04,8331,T100
2014-02-05,8065,T100
2014-02-06,7872,T100
2014-02-07,7640,T100
2014-02-08,5261,T100
2014-02-09,4453,T100
2014-02-10,8055,T100
2014-02-11,7996,T100
2014-02-12,7625,T100
2014-02-13,7854,T100
2014-02-14,8307,T100
2014-02-15,5978,T100
2014-02-16,4631,T100
2014-02-17,8436,T100
2014-02-18,7680,T100
2014-02-19,7403,T100
2014-02-20,7657,T100
2014-02-21,7131,T100
2014-02-22,4868,T100
2014-02-23,3870,T100
2014-02-24,7515,T100
2014-02-25,7659,T100
2014-02-26,6945,T100
2014-02-27,7417,T100
2014-02-28,7816,T100
2014-03-01,5385,T100
2014-03-02,4592,T100
2014-03-03,6631,T100
2014-03-04,4623,T100
2014-03-05,7377,T100
2014-03-06,7257,T100
2014-03-07,6448,T100
2014-03-08,3656,T100
2014-03-09,3121,T100
2014-03-10,6167,T100
2014-03-11,6590,T100
2014-03-12,6036,T100
2014-03-13,6084,T100
2014-03-14,5757,T100
2014-03-15,3923,T100
2014-03-16,3613,T100
2014-03-17,6208,T100
2014-03-18,6648,T100
2014-03-19,6375,T100
2014-03-20,6690,T100
2014-03-21,6404,T100
2014-03-22,4707,T100
2014-03-23,4356,T100
2014-03-24,7204,T100
2014-03-25,7404,T100
2014-03-26,6865,T100
2014-03-27,6994,T100
2014-03-28,6326,T100
2014-03-29,4410,T100
2014-03-30,3890,T100
2014-03-31,6923,T100
2014-04-01,6562,T100
2014-04-02,6039,T100
2014-04-03,6226,T100
2014-04-04,6207,T100
2014-04-05,5484,T100
2014-04-06,4743,T100
2014-04-07,5970,T100
2014-04-08,5932,T100
2014-04-09,5482,T100
2014-04-10,5578,T100
2014-04-11,5244,T100
2014-04-12,4215,T100
2014-04-13,4110,T100
2014-04-14,5315,T100
2014-04-15,5502,T100
2014-04-16,6195,T100
2014-04-17,5896,T100
2014-04-18,4113,T100
2014-04-19,4047,T100
2014-04-20,3906,T100
2014-04-21,5602,T100
2014-04-22,6702,T100
2014-04-23,6457,T100
2014-04-24,6552,T100
2014-04-25,3822,T100
2014-04-26,4006,T100
2014-04-27,3326,T100
2014-04-28,6264,T100
2014-04-29,6372,T100
2014-04-30,6526,T100
2014-05-01,3689,T100
2014-05-02,5204,T100
2014-05-03,4120,T100
2014-05-04,3771,T100
2014-05-05,5362,T100
2014-05-06,6627,T100
2014-05-07,6842,T100
2014-05-08,7136,T100
2014-05-09,5779,T100
2014-05-10,4931,T100
2014-05-11,4631,T100
2014-05-12,5836,T100
2014-05-13,6844,T100
2014-05-14,6640,T100
2014-05-15,6551,T100
2014-05-16,5768,T100
2014-05-17,4931,T100
2014-05-18,4497,T100
2014-05-19,5748,T100
2014-05-20,6525,T100
2014-05-21,6884,T100
2014-05-22,6497,T100
2014-05-23,5467,T100
2014-05-24,3765,T100
2014-05-25,3833,T100
2014-05-26,5188,T100
2014-05-27,6450,T100
2014-05-28,6493,T100
2014-05-29,5584,T100
2014-05-30,5420,T100
2014-05-31,3769,T100
2014-06-01,3944,T100
2014-06-02,5693,T100
2014-06-03,5536,T100
2014-06-04,5377,T100
2014-06-05,5044,T100
2014-06-06,5590,T100
2014-06-07,4316,T100
2014-06-08,4229,T100
2014-06-09,5484,T100
2014-06-10,4191,T100
2014-06-11,5816,T100
2014-06-12,5779,T100
2014-06-13,6113,T100
2014-06-14,4338,T100
2014-06-15,4039,T100
2014-06-16,6135,T100
2014-06-17,6159,T100
2014-06-18,5926,T100
2014-06-19,6158,T100
2014-06-20,6011,T100
2014-06-21,4597,T100
2014-06-22,4504,T100
2014-06-23,5610,T100
2014-06-24,4575,T100
2014-06-25,5563,T100
2014-06-26,5222,T100
2014-06-27,5173,T100
2014-06-28,3075,T100
2014-06-29,2987,T100
2014-06-30,4837,T100
2014-07-01,5344,T100
2014-07-02,5375,T100
2014-07-03,5456,T100
2014-07-04,5737,T100
2014-07-05,4002,T100
2014-07-06,4063,T100
2014-07-07,5204,T100
2014-07-08,5673,T100
2014-07-09,5498,T100
2014-07-10,6199,T100
2014-07-11,7031,T100
2014-07-12,4874,T100
2014-07-13,4447,T100
2014-07-14,6221,T100
2014-07-15,5574,T100
2014-07-16,5893,T100
2014-07-17,5628,T100
2014-07-18,5751,T100
2014-07-19,4166,T100
2014-07-20,4023,T100
2014-07-21,5915,T100
2014-07-22,6251,T100
2014-07-23,5970,T100
2014-07-24,5910,T100
2014-07-25,5934,T100
2014-07-26,4489,T100
2014-07-27,4253,T100
2014-07-28,6089,T100
2014-07-29,6631,T100
2014-07-30,6536,T100
2014-07-31,6444,T100
2014-08-01,6032,T100
2014-08-02,4434,T100
2014-08-03,4097,T100
2014-08-04,5737,T100
2014-08-05,6538,T100
2014-08-06,6788,T100
2014-08-07,6940,T100
2014-08-08,7270,T100
2014-08-09,4952,T100
2014-08-10,4490,T100
2014-08-11,6780,T100
2014-08-12,6750,T100
2014-08-13,6083,T100
2014-08-14,5330,T100
2014-08-15,4364,T100
2014-08-16,4215,T100
2014-08-17,4048,T100
2014-08-18,5380,T100
2014-08-19,5599,T100
2014-08-20,5574,T100
2012-01-01,8216,T107
2012-01-02,2221,T107
2012-01-03,5406,T107
2012-01-04,4695,T107
2012-01-05,5269,T107
2012-01-06,4939,T107
2012-01-07,35670,T107
2012-01-08,35071,T107
2012-01-09,10052,T107
2012-01-10,10496,T107
2012-01-11,10317,T107
2012-01-12,9997,T107
2012-01-13,7702,T107
2012-01-14,32324,T107
2012-01-15,35096,T107
2012-01-16,10130,T107
2012-01-17,10166,T107
2012-01-18,9990,T107
2012-01-19,10627,T107
2012-01-20,9853,T107
2012-01-21,35777,T107
2012-01-22,35847,T107
2012-01-23,9917,T107
2012-01-24,9167,T107
2012-01-25,5833,T107
2012-01-26,5065,T107
2012-01-27,35164,T107
2012-01-28,19242,T107
2012-01-29,5640,T107
2012-01-30,6142,T107
2012-01-31,6027,T107
2012-02-01,7090,T107
2012-02-02,6942,T107
2012-02-03,7424,T107
2012-02-04,5635,T107
2012-02-05,4044,T107
2012-02-06,4971,T107
2012-02-07,4746,T107
2012-02-08,5054,T107
2012-02-09,5178,T107
2012-02-10,5304,T107
2012-02-11,5031,T107
2012-02-12,6359,T107
2012-02-13,5969,T107
2012-02-14,5842,T107
2012-02-15,5542,T107
2012-02-16,5466,T107
2012-02-17,5804,T107
2012-02-18,5816,T107
2012-02-19,3637,T107
2012-02-20,5723,T107
2012-02-21,5484,T107
2012-02-22,5804,T107
2012-02-23,5992,T107
2012-02-24,6876,T107
2012-02-25,3804,T107
2012-02-26,3399,T107
2012-02-27,3733,T107
2012-02-28,4181,T107
2012-02-29,3987,T107
2012-03-01,4825,T107
2012-03-02,4673,T107
2012-03-03,4034,T107
2012-03-04,3250,T107
2012-03-05,3682,T107
2012-03-06,3604,T107
2012-03-07,4998,T107
2012-03-08,4135,T107
2012-03-09,3817,T107
2012-03-10,3507,T107
2012-03-11,2014,T107
2012-03-12,3593,T107
2012-03-13,2486,T107
2012-03-14,1506,T107
2012-03-15,1466,T107
2012-03-16,1466,T107
2012-03-17,1526,T107
2012-03-18,660,T107
2012-03-19,0,T107
2012-03-20,0,T107
2012-03-21,0,T107
2012-03-22,0,T107
2012-03-23,0,T107
2012-03-24,0,T107
2012-03-25,0,T107
2012-03-26,0,T107
2012-03-27,0,T107
2012-03-28,0,T107
2012-03-29,0,T107
2012-03-30,0,T107
2012-03-31,0,T107
2012-04-01,0,T107
2012-04-02,0,T107
2012-04-03,0,T107
2012-04-04,0,T107
2012-04-05,0,T107
2012-04-06,0,T107
2012-04-07,0,T107
2012-04-08,0,T107
2012-04-09,0,T107
2012-04-10,0,T107
2012-04-11,0,T107
2012-04-12,0,T107
2012-04-13,0,T107
2012-04-14,0,T107
2012-04-15,0,T107
2012-04-16,0,T107
2012-04-17,0,T107
2012-04-18,0,T107
2012-04-19,0,T107
2012-04-20,0,T107
2012-04-21,0,T107
2012-04-22,0,T107
2012-04-23,0,T107
2012-04-24,0,T107
2012-04-25,0,T107
2012-04-26,0,T107
2012-04-27,0,T107
2012-04-28,0,T107
2012-04-29,0,T107
2012-04-30,0,T107
2012-05-01,0,T107
2012-05-02,0,T107
2012-05-03,0,T107
2012-05-04,0,T107
2012-05-05,0,T107
2012-05-06,0,T107
2012-05-07,0,T107
2012-05-08,1035,T107
2012-05-09,2917,T107
2012-05-10,2554,T107
2012-05-11,2236,T107
2012-05-12,2827,T107
2012-05-13,1650,T107
2012-05-14,3122,T107
2012-05-15,1835,T107
2012-05-16,2597,T107
2012-05-17,2507,T107
2012-05-18,2449,T107
2012-05-19,1018,T107
2012-05-20,333,T107
2012-05-21,1726,T107
2012-05-22,2038,T107
2012-05-23,2119,T107
2012-05-24,2350,T107
2012-05-25,1590,T107
2012-05-26,1062,T107
2012-05-27,355,T107
2012-05-28,1513,T107
2012-05-29,2496,T107
2012-05-30,2602,T107
2012-05-31,2762,T107
2012-06-01,2067,T107
2012-06-02,743,T107
2012-06-03,957,T107
2012-06-04,2265,T107
2012-06-05,2877,T107
2012-06-06,3341,T107
2012-06-07,3524,T107
2012-06-08,11730,T107
2012-06-09,13492,T107
2012-06-10,12543,T107
2012-06-11,14059,T107
2012-06-12,11201,T107
2012-06-13,3302,T107
2012-06-14,12595,T107
2012-06-15,13801,T107
2012-06-16,12273,T107
2012-06-17,12616,T107
2012-06-18,13514,T107
2012-06-19,19631,T107
2012-06-20,14934,T107
2012-06-21,15817,T107
2012-06-22,13297,T107
2012-06-23,11923,T107
2012-06-24,15190,T107
2012-06-25,11804,T107
2012-06-26,11326,T107
2012-06-27,8212,T107
2012-06-28,8180,T107
2012-06-29,10648,T107
2012-06-30,10559,T107
2012-07-01,10439,T107
2012-07-02,3291,T107
2012-07-03,2556,T107
2012-07-04,2440,T107
2012-07-05,2534,T107
2012-07-06,3026,T107
2012-07-07,10022,T107
2012-07-08,9977,T107
2012-07-09,3240,T107
2012-07-10,2362,T107
2012-07-11,2756,T107
2012-07-12,2556,T107
2012-07-13,2537,T107
2012-07-14,9852,T107
2012-07-15,10117,T107
2012-07-16,3352,T107
2012-07-17,3503,T107
2012-07-18,2795,T107
2012-07-19,1920,T107
2012-07-20,2112,T107
2012-07-21,4181,T107
2012-07-22,3474,T107
2012-07-23,4835,T107
2012-07-24,2293,T107
2012-07-25,2121,T107
2012-07-26,2244,T107
2012-07-27,2214,T107
2012-07-28,9427,T107
2012-07-29,10510,T107
2012-07-30,3341,T107
2012-07-31,2255,T107
2012-08-01,2289,T107
2012-08-02,2236,T107
2012-08-03,2348,T107
2012-08-04,9490,T107
2012-08-05,10449,T107
2012-08-06,8181,T107
2012-08-07,2828,T107
2012-08-08,1830,T107
2012-08-09,1964,T107
2012-08-10,1858,T107
2012-08-11,8932,T107
2012-08-12,10273,T107
2012-08-13,3359,T107
2012-08-14,1858,T107
2012-08-15,8838,T107
2012-08-16,3229,T107
2012-08-17,1904,T107
2012-08-18,8913,T107
2012-08-19,10131,T107
2012-08-20,3226,T107
2012-08-21,2891,T107
2012-08-22,1983,T107
2012-08-23,1909,T107
2012-08-24,2207,T107
2012-08-25,9235,T107
2012-08-26,10111,T107
2012-08-27,3279,T107
2012-08-28,1903,T107
2012-08-29,4630,T107
2012-08-30,2076,T107
2012-08-31,1818,T107
2012-09-01,8572,T107
2012-09-02,10202,T107
2012-09-03,3438,T107
2012-09-04,1711,T107
2012-09-05,2128,T107
2012-09-06,2046,T107
2012-09-07,2140,T107
2012-09-08,8779,T107
2012-09-09,10227,T107
2012-09-10,3795,T107
2012-09-11,1965,T107
2012-09-12,1900,T107
2012-09-13,1859,T107
2012-09-14,1776,T107
2012-09-15,8526,T107
2012-09-16,10511,T107
2012-09-17,3267,T107
2012-09-18,2308,T107
2012-09-19,2290,T107
2012-09-20,2229,T107
2012-09-21,2764,T107
2012-09-22,5886,T107
2012-09-23,10277,T107
2012-09-24,3178,T107
2012-09-25,2159,T107
2012-09-26,2121,T107
2012-09-27,2150,T107
2012-09-28,1984,T107
2012-09-29,5694,T107
2012-09-30,10174,T107
2012-10-01,3197,T107
2012-10-02,2196,T107
2012-10-03,2097,T107
2012-10-04,2255,T107
2012-10-05,9583,T107
2012-10-06,7992,T107
2012-10-07,10244,T107
2012-10-08,3207,T107
2012-10-09,1944,T107
2012-10-10,2023,T107
2012-10-11,1964,T107
2012-10-12,2100,T107
2012-10-13,6379,T107
2012-10-14,10399,T107
2012-10-15,3310,T107
2012-10-16,2265,T107
2012-10-17,2037,T107
2012-10-18,2225,T107
2012-10-19,2318,T107
2012-10-20,7661,T107
2012-10-21,10230,T107
2012-10-22,5887,T107
2012-10-23,2569,T107
2012-10-24,1788,T107
2012-10-25,1630,T107
2012-10-26,1610,T107
2012-10-27,4124,T107
2012-10-28,3568,T107
2012-10-29,6435,T107
2012-10-30,1381,T107
2012-10-31,1664,T107
2012-11-01,3935,T107
2012-11-02,6255,T107
2012-11-03,7605,T107
2012-11-04,13355,T107
2012-11-05,4312,T107
2012-11-06,2444,T107
2012-11-07,2342,T107
2012-11-08,2174,T107
2012-11-09,2535,T107
2012-11-10,8396,T107
2012-11-11,14064,T107
2012-11-12,4436,T107
2012-11-13,2607,T107
2012-11-14,2431,T107
2012-11-15,2348,T107
2012-11-16,2288,T107
2012-11-17,7346,T107
2012-11-18,13096,T107
2012-11-19,4256,T107
2012-11-20,2443,T107
2012-11-21,1845,T107
2012-11-22,1765,T107
2012-11-23,1756,T107
2012-11-24,4136,T107
2012-11-25,2956,T107
2012-11-26,7098,T107
2012-11-27,3307,T107
2012-11-28,3006,T107
2012-11-29,2881,T107
2012-11-30,2757,T107
2012-12-01,13681,T107
2012-12-02,16595,T107
2012-12-03,5692,T107
2012-12-04,2900,T107
2012-12-05,2898,T107
2012-12-06,2733,T107
2012-12-07,12611,T107
2012-12-08,15677,T107
2012-12-09,15917,T107
2012-12-10,5242,T107
2012-12-11,3037,T107
2012-12-12,2937,T107
2012-12-13,2620,T107
2012-12-14,3331,T107
2012-12-15,7425,T107
2012-12-16,10132,T107
2012-12-17,3290,T107
2012-12-18,2361,T107
2012-12-19,2289,T107
2012-12-20,2527,T107
2012-12-21,2298,T107
2012-12-22,7197,T107
2012-12-23,10133,T107
2012-12-24,4936,T107
2012-12-25,9848,T107
2012-12-26,3407,T107
2012-12-27,2384,T107
2012-12-28,3009,T107
2012-12-29,7345,T107
2012-12-30,10140,T107
2012-12-31,4151,T107
2013-01-01,9704,T107
2013-01-02,3364,T107
2013-01-03,2505,T107
2013-01-04,2288,T107
2013-01-05,7713,T107
2013-01-06,10183,T107
2013-01-07,3602,T107
2013-01-08,2342,T107
2013-01-09,2447,T107
2013-01-10,2350,T107
2013-01-11,2380,T107
2013-01-12,7528,T107
2013-01-13,10154,T107
2013-01-14,6610,T107
2013-01-15,6247,T107
2013-01-16,3567,T107
2013-01-17,2621,T107
2013-01-18,2912,T107
2013-01-19,9227,T107
2013-01-20,11636,T107
2013-01-21,6981,T107
2013-01-22,5379,T107
2013-01-23,3183,T107
2013-01-24,2779,T107
2013-01-25,2590,T107
2013-01-26,14408,T107
2013-01-27,15102,T107
2013-01-28,5093,T107
2013-01-29,2537,T107
2013-01-30,2611,T107
2013-01-31,2433,T107
2013-02-01,2497,T107
2013-02-02,8852,T107
2013-02-03,15611,T107
2013-02-04,4942,T107
2013-02-05,2495,T107
2013-02-06,2725,T107
2013-02-07,3069,T107
2013-02-08,2788,T107
2013-02-09,8876,T107
2013-02-10,15788,T107
2013-02-11,5129,T107
2013-02-12,2973,T107
2013-02-13,2694,T107
2013-02-14,2683,T107
2013-02-15,2601,T107
2013-02-16,8697,T107
2013-02-17,14594,T107
2013-02-18,4426,T107
2013-02-19,2494,T107
2013-02-20,2464,T107
2013-02-21,2787,T107
2013-02-22,2800,T107
2013-02-23,8910,T107
2013-02-24,16053,T107
2013-02-25,5169,T107
2013-02-26,3310,T107
2013-02-27,3090,T107
2013-02-28,2907,T107
2013-03-01,3017,T107
2013-03-02,8328,T107
2013-03-03,14264,T107
2013-03-04,4414,T107
2013-03-05,2473,T107
2013-03-06,2309,T107
2013-03-07,3218,T107
2013-03-08,2403,T107
2013-03-09,7946,T107
2013-03-10,14406,T107
2013-03-11,4843,T107
2013-03-12,2725,T107
2013-03-13,2985,T107
2013-03-14,3169,T107
2013-03-15,2881,T107
2013-03-16,8461,T107
2013-03-17,14563,T107
2013-03-18,4874,T107
2013-03-19,2776,T107
2013-03-20,2774,T107
2013-03-21,3605,T107
2013-03-22,2401,T107
2013-03-23,8402,T107
2013-03-24,14690,T107
2013-03-25,12801,T107
2013-03-26,15210,T107
2013-03-27,15449,T107
2013-03-28,15391,T107
2013-03-29,14620,T107
2013-03-30,7845,T107
2013-03-31,2136,T107
2013-04-01,3382,T107
2013-04-02,6195,T107
2013-04-03,2831,T107
2013-04-04,2506,T107
2013-04-05,2599,T107
2013-04-06,8338,T107
2013-04-07,15266,T107
2013-04-08,4801,T107
2013-04-09,2497,T107
2013-04-10,2482,T107
2013-04-11,3738,T107
2013-04-12,2421,T107
2013-04-13,11887,T107
2013-04-14,14069,T107
2013-04-15,14606,T107
2013-04-16,8658,T107
2013-04-17,2446,T107
2013-04-18,2526,T107
2013-04-19,2422,T107
2013-04-20,5989,T107
2013-04-21,11467,T107
2013-04-22,4388,T107
2013-04-23,2452,T107
2013-04-24,2434,T107
2013-04-25,10545,T107
2013-04-26,4167,T107
2013-04-27,6204,T107
2013-04-28,12849,T107
2013-04-29,4777,T107
2013-04-30,2630,T107
2013-05-01,11858,T107
2013-05-02,4360,T107
2013-05-03,2486,T107
2013-05-04,6031,T107
2013-05-05,11144,T107
2013-05-06,4300,T107
2013-05-07,2537,T107
2013-05-08,2726,T107
2013-05-09,2528,T107
2013-05-10,3414,T107
2013-05-11,6490,T107
2013-05-12,11203,T107
2013-05-13,4247,T107
2013-05-14,2495,T107
2013-05-15,5905,T107
2013-05-16,2433,T107
2013-05-17,2557,T107
2013-05-18,6556,T107
2013-05-19,12896,T107
2013-05-20,5623,T107
2013-05-21,2717,T107
2013-05-22,2567,T107
2013-05-23,2465,T107
2013-05-24,2641,T107
2013-05-25,6030,T107
2013-05-26,11855,T107
2013-05-27,4465,T107
2013-05-28,2545,T107
2013-05-29,2559,T107
2013-05-30,2633,T107
2013-05-31,2493,T107
2013-06-01,6104,T107
2013-06-02,9772,T107
2013-06-03,3885,T107
2013-06-04,2221,T107
2013-06-05,2640,T107
2013-06-06,2493,T107
2013-06-07,3259,T107
2013-06-08,6600,T107
2013-06-09,12011,T107
2013-06-10,14560,T107
2013-06-11,4561,T107
2013-06-12,2650,T107
2013-06-13,2808,T107
2013-06-14,2682,T107
2013-06-15,6320,T107
2013-06-16,11251,T107
2013-06-17,4299,T107
2013-06-18,2495,T107
2013-06-19,4481,T107
2013-06-20,2495,T107
2013-06-21,2474,T107
2013-06-22,5864,T107
2013-06-23,10315,T107
2013-06-24,4370,T107
2013-06-25,2213,T107
2013-06-26,1838,T107
2013-06-27,2221,T107
2013-06-28,2098,T107
2013-06-29,5291,T107
2013-06-30,7855,T107
2013-07-01,3382,T107
2013-07-02,2431,T107
2013-07-03,2525,T107
2013-07-04,2263,T107
2013-07-05,2649,T107
2013-07-06,6947,T107
2013-07-07,8042,T107
2013-07-08,3026,T107
2013-07-09,2056,T107
2013-07-10,2285,T107
2013-07-11,2736,T107
2013-07-12,2736,T107
2013-07-13,5686,T107
2013-07-14,10141,T107
2013-07-15,3852,T107
2013-07-16,5121,T107
2013-07-17,2242,T107
2013-07-18,2190,T107
2013-07-19,2243,T107
2013-07-20,7240,T107
2013-07-21,10264,T107
2013-07-22,3861,T107
2013-07-23,2423,T107
2013-07-24,2349,T107
2013-07-25,2100,T107
2013-07-26,2358,T107
2013-07-27,7536,T107
2013-07-28,10461,T107
2013-07-29,3924,T107
2013-07-30,2389,T107
2013-07-31,2550,T107
2013-08-01,2337,T107
2013-08-02,2160,T107
2013-08-03,6302,T107
2013-08-04,11880,T107
2013-08-05,3863,T107
2013-08-06,2439,T107
2013-08-07,4307,T107
2013-08-08,2277,T107
2013-08-09,2168,T107
2013-08-10,6241,T107
2013-08-11,8477,T107
2013-08-12,3727,T107
2013-08-13,2497,T107
2013-08-14,2189,T107
2013-08-15,9076,T107
2013-08-16,4545,T107
2013-08-17,6073,T107
2013-08-18,11309,T107
2013-08-19,3692,T107
2013-08-20,2284,T107
2013-08-21,2336,T107
2013-08-22,2378,T107
2013-08-23,2316,T107
2013-08-24,5815,T107
2013-08-25,9076,T107
2013-08-26,3737,T107
2013-08-27,2085,T107
2013-08-28,2327,T107
2013-08-29,2222,T107
2013-08-30,2189,T107
2013-08-31,5647,T107
2013-09-01,8981,T107
2013-09-02,3408,T107
2013-09-03,1973,T107
2013-09-04,2795,T107
2013-09-05,1889,T107
2013-09-06,2204,T107
2013-09-07,5559,T107
2013-09-08,9202,T107
2013-09-09,3197,T107
2013-09-10,2308,T107
2013-09-11,2150,T107
2013-09-12,1942,T107
2013-09-13,2046,T107
2013-09-14,5519,T107
2013-09-15,8952,T107
2013-09-16,3143,T107
2013-09-17,2287,T107
2013-09-18,2214,T107
2013-09-19,2151,T107
2013-09-20,2036,T107
2013-09-21,6086,T107
2013-09-22,8749,T107
2013-09-23,3249,T107
2013-09-24,2955,T107
2013-09-25,2017,T107
2013-09-26,2235,T107
2013-09-27,6511,T107
2013-09-28,6339,T107
2013-09-29,9253,T107
2013-09-30,3349,T107
2013-10-01,2059,T107
2013-10-02,6217,T107
2013-10-03,2287,T107
2013-10-04,2387,T107
2013-10-05,6080,T107
2013-10-06,9440,T107
2013-10-07,3227,T107
2013-10-08,3238,T107
2013-10-09,2133,T107
2013-10-10,2256,T107
2013-10-11,3314,T107
2013-10-12,5939,T107
2013-10-13,9463,T107
2013-10-14,3509,T107
2013-10-15,2165,T107
2013-10-16,2207,T107
2013-10-17,2257,T107
2013-10-18,2497,T107
2013-10-19,5711,T107
2013-10-20,9117,T107
2013-10-21,3416,T107
2013-10-22,2285,T107
2013-10-23,2315,T107
2013-10-24,2142,T107
2013-10-25,2152,T107
2013-10-26,5478,T107
2013-10-27,9534,T107
2013-10-28,3270,T107
2013-10-29,2224,T107
2013-10-30,2359,T107
2013-10-31,2319,T107
2013-11-01,2225,T107
2013-11-02,5937,T107
2013-11-03,9265,T107
2013-11-04,4511,T107
2013-11-05,2265,T107
2013-11-06,2246,T107
2013-11-07,2195,T107
2013-11-08,2236,T107
2013-11-09,5646,T107
2013-11-10,9225,T107
2013-11-11,3290,T107
2013-11-12,2532,T107
2013-11-13,12788,T107
2013-11-14,6167,T107
2013-11-15,3521,T107
2013-11-16,5806,T107
2013-11-17,9408,T107
2013-11-18,8697,T107
2013-11-19,15461,T107
2013-11-20,9275,T107
2013-11-21,2965,T107
2013-11-22,2724,T107
2013-11-23,5164,T107
2013-11-24,13218,T107
2013-11-25,4942,T107
2013-11-26,2779,T107
2013-11-27,2495,T107
2013-11-28,2465,T107
2013-11-29,2974,T107
2013-11-30,7006,T107
2013-12-01,12855,T107
2013-12-02,4765,T107
2013-12-03,2703,T107
2013-12-04,2649,T107
2013-12-05,2618,T107
2013-12-06,2744,T107
2013-12-07,6914,T107
2013-12-08,14069,T107
2013-12-09,5365,T107
2013-12-10,2940,T107
2013-12-11,2473,T107
2013-12-12,2471,T107
2013-12-13,2516,T107
2013-12-14,6831,T107
2013-12-15,12780,T107
2013-12-16,4633,T107
2013-12-17,2611,T107
2013-12-18,2877,T107
2013-12-19,2815,T107
2013-12-20,2807,T107
2013-12-21,7078,T107
2013-12-22,13296,T107
2013-12-23,4389,T107
2013-12-24,5321,T107
2013-12-25,9533,T107
2013-12-26,4033,T107
2013-12-27,2131,T107
2013-12-28,5654,T107
2013-12-29,9356,T107
2013-12-30,5044,T107
2013-12-31,3627,T107
2014-01-01,13026,T107
2014-01-02,4484,T107
2014-01-03,2327,T107
2014-01-04,8208,T107
2014-01-05,12792,T107
2014-01-06,5281,T107
2014-01-07,2492,T107
2014-01-08,2371,T107
2014-01-09,2398,T107
2014-01-10,2515,T107
2014-01-11,11264,T107
2014-01-12,14621,T107
2014-01-13,23734,T107
2014-01-14,6007,T107
2014-01-15,2726,T107
2014-01-16,2525,T107
2014-01-17,2715,T107
2014-01-18,6797,T107
2014-01-19,13658,T107
2014-01-20,5226,T107
2014-01-21,2650,T107
2014-01-22,3290,T107
2014-01-23,3359,T107
2014-01-24,2743,T107
2014-01-25,6639,T107
2014-01-26,12771,T107
2014-01-27,4695,T107
2014-01-28,2577,T107
2014-01-29,2609,T107
2014-01-30,2890,T107
2014-01-31,2564,T107
2014-02-01,6504,T107
2014-02-02,13757,T107
2014-02-03,5290,T107
2014-02-04,3485,T107
2014-02-05,2431,T107
2014-02-06,2372,T107
2014-02-07,2585,T107
2014-02-08,5872,T107
2014-02-09,9295,T107
2014-02-10,3908,T107
2014-02-11,2712,T107
2014-02-12,2672,T107
2014-02-13,2444,T107
2014-02-14,2286,T107
2014-02-15,6476,T107
2014-02-16,14065,T107
2014-02-17,4766,T107
2014-02-18,2889,T107
2014-02-19,4127,T107
2014-02-20,2745,T107
2014-02-21,2880,T107
2014-02-22,6516,T107
2014-02-23,12382,T107
2014-02-24,4892,T107
2014-02-25,2464,T107
2014-02-26,2744,T107
2014-02-27,2502,T107
2014-02-28,2496,T107
2014-03-01,6475,T107
2014-03-02,12441,T107
2014-03-03,4711,T107
2014-03-04,2557,T107
2014-03-05,2455,T107
2014-03-06,2547,T107
2014-03-07,2465,T107
2014-03-08,6132,T107
2014-03-09,10488,T107
2014-03-10,4257,T107
2014-03-11,2411,T107
2014-03-12,2287,T107
2014-03-13,2463,T107
2014-03-14,2952,T107
2014-03-15,4445,T107
2014-03-16,3525,T107
2014-03-17,3945,T107
2014-03-18,2402,T107
2014-03-19,2546,T107
2014-03-20,2371,T107
2014-03-21,2526,T107
2014-03-22,9866,T107
2014-03-23,15073,T107
2014-03-24,5779,T107
2014-03-25,2516,T107
2014-03-26,2776,T107
2014-03-27,2847,T107
2014-03-28,2464,T107
2014-03-29,6394,T107
2014-03-30,11860,T107
2014-03-31,4670,T107
2014-04-01,2359,T107
2014-04-02,2361,T107
2014-04-03,2839,T107
2014-04-04,2412,T107
2014-04-05,5705,T107
2014-04-06,11612,T107
2014-04-07,4234,T107
2014-04-08,2514,T107
2014-04-09,1964,T107
2014-04-10,2099,T107
2014-04-11,2233,T107
2014-04-12,9671,T107
2014-04-13,10679,T107
2014-04-14,4077,T107
2014-04-15,2016,T107
2014-04-16,2059,T107
2014-04-17,2056,T107
2014-04-18,10826,T107
2014-04-19,7901,T107
2014-04-20,11654,T107
2014-04-21,4559,T107
2014-04-22,2266,T107
2014-04-23,2214,T107
2014-04-24,3122,T107
2014-04-25,12025,T107
2014-04-26,8004,T107
2014-04-27,12065,T107
2014-04-28,4467,T107
2014-04-29,2267,T107
2014-04-30,2122,T107
2014-05-01,10225,T107
2014-05-02,3924,T107
2014-05-03,5746,T107
2014-05-04,11088,T107
2014-05-05,4831,T107
2014-05-06,2310,T107
2014-05-07,2067,T107
2014-05-08,2080,T107
2014-05-09,2164,T107
2014-05-10,5725,T107
2014-05-11,10553,T107
2014-05-12,4516,T107
2014-05-13,2299,T107
2014-05-14,2088,T107
2014-05-15,2017,T107
2014-05-16,2038,T107
2014-05-17,10129,T107
2014-05-18,9726,T107
2014-05-19,3985,T107
2014-05-20,2912,T107
2014-05-21,2390,T107
2014-05-22,2359,T107
2014-05-23,2557,T107
2014-05-24,6413,T107
2014-05-25,12199,T107
2014-05-26,4465,T107
2014-05-27,2599,T107
2014-05-28,5425,T107
2014-05-29,3486,T107
2014-05-30,8904,T107
2014-05-31,6979,T107
2014-06-01,10207,T107
2014-06-02,4361,T107
2014-06-03,2381,T107
2014-06-04,2381,T107
2014-06-05,2685,T107
2014-06-06,2110,T107
2014-06-07,6606,T107
2014-06-08,12545,T107
2014-06-09,4077,T107
2014-06-10,10741,T107
2014-06-11,4150,T107
2014-06-12,2132,T107
2014-06-13,1973,T107
2014-06-14,5490,T107
2014-06-15,8080,T107
2014-06-16,3744,T107
2014-06-17,1920,T107
2014-06-18,2318,T107
2014-06-19,5625,T107
2014-06-20,10681,T107
2014-06-21,12452,T107
2014-06-22,12674,T107
2014-06-23,8247,T107
2014-06-24,2191,T107
2014-06-25,2110,T107
2014-06-26,2130,T107
2014-06-27,2193,T107
2014-06-28,5653,T107
2014-06-29,10902,T107
2014-06-30,4204,T107
2014-07-01,2255,T107
2014-07-02,2800,T107
2014-07-03,2078,T107
2014-07-04,2267,T107
2014-07-05,5747,T107
2014-07-06,10301,T107
2014-07-07,4257,T107
2014-07-08,2348,T107
2014-07-09,2119,T107
2014-07-10,2214,T107
2014-07-11,1848,T107
2014-07-12,4877,T107
2014-07-13,3604,T107
2014-07-14,3592,T107
2014-07-15,2088,T107
2014-07-16,2151,T107
2014-07-17,2224,T107
2014-07-18,2142,T107
2014-07-19,5559,T107
2014-07-20,10236,T107
2014-07-21,4235,T107
2014-07-22,2129,T107
2014-07-23,2151,T107
2014-07-24,2140,T107
2014-07-25,2475,T107
2014-07-26,5634,T107
2014-07-27,8965,T107
2014-07-28,3103,T107
2014-07-29,2045,T107
2014-07-30,1901,T107
2014-07-31,1991,T107
2014-08-01,2121,T107
2014-08-02,5539,T107
2014-08-03,8902,T107
2014-08-04,4597,T107
2014-08-05,2130,T107
2014-08-06,2663,T107
2014-08-07,1932,T107
2014-08-08,2183,T107
2014-08-09,5716,T107
2014-08-10,8841,T107
2014-08-11,3229,T107
2014-08-12,2758,T107
2014-08-13,11538,T107
2014-08-14,13290,T107
2014-08-15,9994,T107
2014-08-16,8829,T107
2014-08-17,8563,T107
2014-08-18,3683,T107
2014-08-19,2318,T107
2014-08-20,2308,T107
2012-01-01,761,T1
2012-01-02,1067,T1
2012-01-03,1081,T1
2012-01-04,1151,T1
2012-01-05,1395,T1
2012-01-06,1385,T1
2012-01-07,1192,T1
2012-01-08,1122,T1
2012-01-09,1215,T1
2012-01-10,1220,T1
2012-01-11,1580,T1
2012-01-12,1286,T1
2012-01-13,1349,T1
2012-01-14,1325,T1
2012-01-15,1304,T1
2012-01-16,1187,T1
2012-01-17,1289,T1
2012-01-18,1340,T1
2012-01-19,1341,T1
2012-01-20,1509,T1
2012-01-21,1424,T1
2012-01-22,1192,T1
2012-01-23,1307,T1
2012-01-24,1113,T1
2012-01-25,949,T1
2012-01-26,1471,T1
2012-01-27,1434,T1
2012-01-28,1379,T1
2012-01-29,1279,T1
2012-01-30,1273,T1
2012-01-31,1166,T1
2012-02-01,550,T1
2012-02-02,592,T1
2012-02-03,356,T1
2012-02-04,403,T1
2012-02-05,399,T1
2012-02-06,499,T1
2012-02-07,778,T1
2012-02-08,711,T1
2012-02-09,396,T1
2012-02-10,333,T1
2012-02-11,307,T1
2012-02-12,289,T1
2012-02-13,363,T1
2012-02-14,1006,T1
2012-02-15,1565,T1
2012-02-16,1564,T1
2012-02-17,1563,T1
2012-02-18,1414,T1
2012-02-19,1500,T1
2012-02-20,1429,T1
2012-02-21,1558,T1
2012-02-22,1478,T1
2012-02-23,1435,T1
2012-02-24,1499,T1
2012-02-25,1720,T1
2012-02-26,1512,T1
2012-02-27,1551,T1
2012-02-28,1502,T1
2012-02-29,1427,T1
2012-03-01,1287,T1
2012-03-02,712,T1
2012-03-03,308,T1
2012-03-04,330,T1
2012-03-05,379,T1
2012-03-06,454,T1
2012-03-07,401,T1
2012-03-08,515,T1
2012-03-09,1397,T1
2012-03-10,1419,T1
2012-03-11,1485,T1
2012-03-12,1318,T1
2012-03-13,1335,T1
2012-03-14,1431,T1
2012-03-15,1514,T1
2012-03-16,1298,T1
2012-03-17,1238,T1
2012-03-18,1338,T1
2012-03-19,1436,T1
2012-03-20,1670,T1
2012-03-21,1481,T1
2012-03-22,1525,T1
2012-03-23,1686,T1
2012-03-24,1630,T1
2012-03-25,1223,T1
2012-03-26,1175,T1
2012-03-27,1549,T1
2012-03-28,1564,T1
2012-03-29,1493,T1
2012-03-30,1539,T1
2012-03-31,1137,T1
2012-04-01,1420,T1
2012-04-02,1552,T1
2012-04-03,1522,T1
2012-04-04,1708,T1
2012-04-05,1046,T1
2012-04-06,662,T1
2012-04-07,960,T1
2012-04-08,764,T1
2012-04-09,521,T1
2012-04-10,671,T1
2012-04-11,536,T1
2012-04-12,330,T1
2012-04-13,325,T1
2012-04-14,298,T1
2012-04-15,308,T1
2012-04-16,399,T1
2012-04-17,539,T1
2012-04-18,687,T1
2012-04-19,779,T1
2012-04-20,771,T1
2012-04-21,903,T1
2012-04-22,838,T1
2012-04-23,937,T1
2012-04-24,786,T1
2012-04-25,742,T1
2012-04-26,882,T1
2012-04-27,899,T1
2012-04-28,777,T1
2012-04-29,750,T1
2012-04-30,844,T1
2012-05-01,854,T1
2012-05-02,781,T1
2012-05-03,773,T1
2012-05-04,779,T1
2012-05-05,777,T1
2012-05-06,880,T1
2012-05-07,673,T1
2012-05-08,683,T1
2012-05-09,883,T1
2012-05-10,714,T1
2012-05-11,817,T1
2012-05-12,741,T1
2012-05-13,854,T1
2012-05-14,1005,T1
2012-05-15,889,T1
2012-05-16,806,T1
2012-05-17,690,T1
2012-05-18,875,T1
2012-05-19,674,T1
2012-05-20,701,T1
2012-05-21,721,T1
2012-05-22,739,T1
2012-05-23,833,T1
2012-05-24,713,T1
2012-05-25,738,T1
2012-05-26,745,T1
2012-05-27,750,T1
2012-05-28,844,T1
2012-05-29,472,T1
2012-05-30,511,T1
2012-05-31,847,T1
2012-06-01,990,T1
2012-06-02,882,T1
2012-06-03,858,T1
2012-06-04,1095,T1
2012-06-05,780,T1
2012-06-06,295,T1
2012-06-07,412,T1
2012-06-08,385,T1
2012-06-09,234,T1
2012-06-10,229,T1
2012-06-11,452,T1
2012-06-12,346,T1
2012-06-13,234,T1
2012-06-14,281,T1
2012-06-15,283,T1
2012-06-16,256,T1
2012-06-17,244,T1
2012-06-18,358,T1
2012-06-19,283,T1
2012-06-20,240,T1
2012-06-21,242,T1
2012-06-22,240,T1
2012-06-23,238,T1
2012-06-24,236,T1
2012-06-25,226,T1
2012-06-26,260,T1
2012-06-27,210,T1
2012-06-28,215,T1
2012-06-29,236,T1
2012-06-30,297,T1
2012-07-01,260,T1
2012-07-02,240,T1
2012-07-03,243,T1
2012-07-04,248,T1
2012-07-05,254,T1
2012-07-06,249,T1
2012-07-07,252,T1
2012-07-08,280,T1
2012-07-09,257,T1
2012-07-10,266,T1
2012-07-11,265,T1
2012-07-12,266,T1
2012-07-13,258,T1
2012-07-14,260,T1
2012-07-15,252,T1
2012-07-16,268,T1
2012-07-17,261,T1
2012-07-18,261,T1
2012-07-19,267,T1
2012-07-20,264,T1
2012-07-21,260,T1
2012-07-22,240,T1
2012-07-23,269,T1
2012-07-24,262,T1
2012-07-25,251,T1
2012-07-26,278,T1
2012-07-27,254,T1
2012-07-28,263,T1
2012-07-29,242,T1
2012-07-30,229,T1
2012-07-31,231,T1
2012-08-01,237,T1
2012-08-02,237,T1
2012-08-03,236,T1
2012-08-04,222,T1
2012-08-05,224,T1
2012-08-06,221,T1
2012-08-07,216,T1
2012-08-08,253,T1
2012-08-09,242,T1
2012-08-10,220,T1
2012-08-11,231,T1
2012-08-12,231,T1
2012-08-13,247,T1
2012-08-14,243,T1
2012-08-15,238,T1
2012-08-16,266,T1
2012-08-17,261,T1
2012-08-18,303,T1
2012-08-19,275,T1
2012-08-20,256,T1
2012-08-21,248,T1
2012-08-22,228,T1
2012-08-23,228,T1
2012-08-24,228,T1
2012-08-25,245,T1
2012-08-26,244,T1
2012-08-27,232,T1
2012-08-28,230,T1
2012-08-29,223,T1
2012-08-30,232,T1
2012-08-31,256,T1
2012-09-01,266,T1
2012-09-02,246,T1
2012-09-03,253,T1
2012-09-04,263,T1
2012-09-05,277,T1
2012-09-06,237,T1
2012-09-07,215,T1
2012-09-08,229,T1
2012-09-09,248,T1
2012-09-10,245,T1
2012-09-11,226,T1
2012-09-12,229,T1
2012-09-13,228,T1
2012-09-14,224,T1
2012-09-15,223,T1
2012-09-16,216,T1
2012-09-17,236,T1
2012-09-18,257,T1
2012-09-19,255,T1
2012-09-20,261,T1
2012-09-21,256,T1
2012-09-22,246,T1
2012-09-23,232,T1
2012-09-24,241,T1
2012-09-25,219,T1
2012-09-26,227,T1
2012-09-27,242,T1
2012-09-28,267,T1
2012-09-29,282,T1
2012-09-30,267,T1
2012-10-01,289,T1
2012-10-02,276,T1
2012-10-03,261,T1
2012-10-04,257,T1
2012-10-05,258,T1
2012-10-06,265,T1
2012-10-07,272,T1
2012-10-08,272,T1
2012-10-09,268,T1
2012-10-10,268,T1
2012-10-11,264,T1
2012-10-12,259,T1
2012-10-13,251,T1
2012-10-14,240,T1
2012-10-15,231,T1
2012-10-16,238,T1
2012-10-17,241,T1
2012-10-18,231,T1
2012-10-19,230,T1
2012-10-20,229,T1
2012-10-21,237,T1
2012-10-22,244,T1
2012-10-23,226,T1
2012-10-24,233,T1
2012-10-25,241,T1
2012-10-26,241,T1
2012-10-27,245,T1
2012-10-28,274,T1
2012-10-29,271,T1
2012-10-30,266,T1
2012-10-31,265,T1
2012-11-01,269,T1
2012-11-02,271,T1
2012-11-03,248,T1
2012-11-04,231,T1
2012-11-05,225,T1
2012-11-06,227,T1
2012-11-07,232,T1
2012-11-08,231,T1
2012-11-09,240,T1
2012-11-10,216,T1
2012-11-11,224,T1
2012-11-12,239,T1
2012-11-13,264,T1
2012-11-14,257,T1
2012-11-15,248,T1
2012-11-16,253,T1
2012-11-17,234,T1
2012-11-18,242,T1
2012-11-19,266,T1
2012-11-20,259,T1
2012-11-21,266,T1
2012-11-22,239,T1
2012-11-23,234,T1
2012-11-24,256,T1
2012-11-25,237,T1
2012-11-26,309,T1
2012-11-27,250,T1
2012-11-28,254,T1
2012-11-29,307,T1
2012-11-30,304,T1
2012-12-01,238,T1
2012-12-02,243,T1
2012-12-03,285,T1
2012-12-04,336,T1
2012-12-05,420,T1
2012-12-06,336,T1
2012-12-07,253,T1
2012-12-08,236,T1
2012-12-09,256,T1
2012-12-10,428,T1
2012-12-11,356,T1
2012-12-12,375,T1
2012-12-13,292,T1
2012-12-14,294,T1
2012-12-15,281,T1
2012-12-16,265,T1
2012-12-17,288,T1
2012-12-18,292,T1
2012-12-19,314,T1
2012-12-20,275,T1
2012-12-21,246,T1
2012-12-22,248,T1
2012-12-23,259,T1
2012-12-24,293,T1
2012-12-25,210,T1
2012-12-26,300,T1
2012-12-27,238,T1
2012-12-28,242,T1
2012-12-29,276,T1
2012-12-30,254,T1
2012-12-31,273,T1
2013-01-01,269,T1
2013-01-02,264,T1
2013-01-03,441,T1
2013-01-04,436,T1
2013-01-05,257,T1
2013-01-06,241,T1
2013-01-07,269,T1
2013-01-08,288,T1
2013-01-09,251,T1
2013-01-10,274,T1
2013-01-11,250,T1
2013-01-12,229,T1
2013-01-13,230,T1
2013-01-14,269,T1
2013-01-15,282,T1
2013-01-16,297,T1
2013-01-17,257,T1
2013-01-18,232,T1
2013-01-19,268,T1
2013-01-20,271,T1
2013-01-21,262,T1
2013-01-22,252,T1
2013-01-23,287,T1
2013-01-24,235,T1
2013-01-25,432,T1
2013-01-26,250,T1
2013-01-27,249,T1
2013-01-28,396,T1
2013-01-29,312,T1
2013-01-30,317,T1
2013-01-31,263,T1
2013-02-01,317,T1
2013-02-02,265,T1
2013-02-03,256,T1
2013-02-04,283,T1
2013-02-05,872,T1
2013-02-06,773,T1
2013-02-07,305,T1
2013-02-08,273,T1
2013-02-09,238,T1
2013-02-10,243,T1
2013-02-11,553,T1
2013-02-12,533,T1
2013-02-13,460,T1
2013-02-14,278,T1
2013-02-15,300,T1
2013-02-16,232,T1
2013-02-17,229,T1
2013-02-18,379,T1
2013-02-19,308,T1
2013-02-20,271,T1
2013-02-21,292,T1
2013-02-22,264,T1
2013-02-23,258,T1
2013-02-24,251,T1
2013-02-25,263,T1
2013-02-26,327,T1
2013-02-27,312,T1
2013-02-28,389,T1
2013-03-01,588,T1
2013-03-02,249,T1
2013-03-03,244,T1
2013-03-04,320,T1
2013-03-05,288,T1
2013-03-06,301,T1
2013-03-07,286,T1
2013-03-08,274,T1
2013-03-09,223,T1
2013-03-10,218,T1
2013-03-11,285,T1
2013-03-12,279,T1
2013-03-13,275,T1
2013-03-14,274,T1
2013-03-15,272,T1
2013-03-16,274,T1
2013-03-17,248,T1
2013-03-18,258,T1
2013-03-19,293,T1
2013-03-20,296,T1
2013-03-21,268,T1
2013-03-22,250,T1
2013-03-23,228,T1
2013-03-24,230,T1
2013-03-25,365,T1
2013-03-26,281,T1
2013-03-27,265,T1
2013-03-28,245,T1
2013-03-29,258,T1
2013-03-30,275,T1
2013-03-31,256,T1
2013-04-01,314,T1
2013-04-02,262,T1
2013-04-03,273,T1
2013-04-04,285,T1
2013-04-05,273,T1
2013-04-06,246,T1
2013-04-07,237,T1
2013-04-08,289,T1
2013-04-09,276,T1
2013-04-10,263,T1
2013-04-11,274,T1
2013-04-12,244,T1
2013-04-13,220,T1
2013-04-14,220,T1
2013-04-15,271,T1
2013-04-16,362,T1
2013-04-17,251,T1
2013-04-18,252,T1
2013-04-19,244,T1
2013-04-20,251,T1
2013-04-21,229,T1
2013-04-22,314,T1
2013-04-23,401,T1
2013-04-24,248,T1
2013-04-25,228,T1
2013-04-26,219,T1
2013-04-27,222,T1
2013-04-28,223,T1
2013-04-29,385,T1
2013-04-30,310,T1
2013-05-01,274,T1
2013-05-02,307,T1
2013-05-03,258,T1
2013-05-04,261,T1
2013-05-05,236,T1
2013-05-06,286,T1
2013-05-07,292,T1
2013-05-08,264,T1
2013-05-09,290,T1
2013-05-10,327,T1
2013-05-11,219,T1
2013-05-12,224,T1
2013-05-13,335,T1
2013-05-14,296,T1
2013-05-15,309,T1
2013-05-16,292,T1
2013-05-17,364,T1
2013-05-18,208,T1
2013-05-19,202,T1
2013-05-20,238,T1
2013-05-21,880,T1
2013-05-22,1544,T1
2013-05-23,1475,T1
2013-05-24,954,T1
2013-05-25,195,T1
2013-05-26,213,T1
2013-05-27,947,T1
2013-05-28,1664,T1
2013-05-29,1621,T1
2013-05-30,1633,T1
2013-05-31,758,T1
2013-06-01,173,T1
2013-06-02,183,T1
2013-06-03,385,T1
2013-06-04,1066,T1
2013-06-05,1229,T1
2013-06-06,1500,T1
2013-06-07,900,T1
2013-06-08,167,T1
2013-06-09,191,T1
2013-06-10,226,T1
2013-06-11,706,T1
2013-06-12,1166,T1
2013-06-13,282,T1
2013-06-14,268,T1
2013-06-15,231,T1
2013-06-16,236,T1
2013-06-17,267,T1
2013-06-18,657,T1
2013-06-19,1514,T1
2013-06-20,1095,T1
2013-06-21,355,T1
2013-06-22,215,T1
2013-06-23,186,T1
2013-06-24,374,T1
2013-06-25,385,T1
2013-06-26,195,T1
2013-06-27,221,T1
2013-06-28,202,T1
2013-06-29,176,T1
2013-06-30,178,T1
2013-07-01,633,T1
2013-07-02,1180,T1
2013-07-03,1158,T1
2013-07-04,1191,T1
2013-07-05,1118,T1
2013-07-06,1302,T1
2013-07-07,1153,T1
2013-07-08,614,T1
2013-07-09,299,T1
2013-07-10,283,T1
2013-07-11,285,T1
2013-07-12,1117,T1
2013-07-13,219,T1
2013-07-14,212,T1
2013-07-15,230,T1
2013-07-16,289,T1
2013-07-17,339,T1
2013-07-18,243,T1
2013-07-19,214,T1
2013-07-20,213,T1
2013-07-21,268,T1
2013-07-22,417,T1
2013-07-23,188,T1
2013-07-24,248,T1
2013-07-25,209,T1
2013-07-26,172,T1
2013-07-27,211,T1
2013-07-28,82,T1
2013-07-29,152,T1
2013-07-30,185,T1
2013-07-31,178,T1
2013-08-01,183,T1
2013-08-02,172,T1
2013-08-03,96,T1
2013-08-04,104,T1
2013-08-05,128,T1
2013-08-06,134,T1
2013-08-07,189,T1
2013-08-08,137,T1
2013-08-09,151,T1
2013-08-10,814,T1
2013-08-11,899,T1
2013-08-12,641,T1
2013-08-13,281,T1
2013-08-14,341,T1
2013-08-15,210,T1
2013-08-16,761,T1
2013-08-17,1449,T1
2013-08-18,1453,T1
2013-08-19,1489,T1
2013-08-20,1483,T1
2013-08-21,1497,T1
2013-08-22,1546,T1
2013-08-23,1480,T1
2013-08-24,1501,T1
2013-08-25,1482,T1
2013-08-26,1050,T1
2013-08-27,369,T1
2013-08-28,434,T1
2013-08-29,250,T1
2013-08-30,433,T1
2013-08-31,181,T1
2013-09-01,143,T1
2013-09-02,540,T1
2013-09-03,1091,T1
2013-09-04,1523,T1
2013-09-05,1413,T1
2013-09-06,1500,T1
2013-09-07,1435,T1
2013-09-08,1493,T1
2013-09-09,1544,T1
2013-09-10,1505,T1
2013-09-11,1486,T1
2013-09-12,1496,T1
2013-09-13,1485,T1
2013-09-14,1501,T1
2013-09-15,1558,T1
2013-09-16,1476,T1
2013-09-17,1558,T1
2013-09-18,1528,T1
2013-09-19,1483,T1
2013-09-20,1483,T1
2013-09-21,1461,T1
2013-09-22,1431,T1
2013-09-23,1548,T1
2013-09-24,1561,T1
2013-09-25,1336,T1
2013-09-26,1350,T1
2013-09-27,1549,T1
2013-09-28,1345,T1
2013-09-29,1600,T1
2013-09-30,1518,T1
2013-10-01,1430,T1
2013-10-02,1616,T1
2013-10-03,1640,T1
2013-10-04,1648,T1
2013-10-05,1647,T1
2013-10-06,1637,T1
2013-10-07,1670,T1
2013-10-08,1666,T1
2013-10-09,1623,T1
2013-10-10,1660,T1
2013-10-11,1602,T1
2013-10-12,1616,T1
2013-10-13,1617,T1
2013-10-14,1624,T1
2013-10-15,1637,T1
2013-10-16,1596,T1
2013-10-17,1579,T1
2013-10-18,1166,T1
2013-10-19,197,T1
2013-10-20,208,T1
2013-10-21,1067,T1
2013-10-22,1659,T1
2013-10-23,1170,T1
2013-10-24,246,T1
2013-10-25,347,T1
2013-10-26,228,T1
2013-10-27,242,T1
2013-10-28,326,T1
2013-10-29,343,T1
2013-10-30,466,T1
2013-10-31,336,T1
2013-11-01,828,T1
2013-11-02,1678,T1
2013-11-03,1628,T1
2013-11-04,1643,T1
2013-11-05,1644,T1
2013-11-06,1638,T1
2013-11-07,1631,T1
2013-11-08,1594,T1
2013-11-09,1584,T1
2013-11-10,1587,T1
2013-11-11,1589,T1
2013-11-12,1545,T1
2013-11-13,1558,T1
2013-11-14,1549,T1
2013-11-15,1577,T1
2013-11-16,1663,T1
2013-11-17,1656,T1
2013-11-18,1646,T1
2013-11-19,1652,T1
2013-11-20,1652,T1
2013-11-21,1702,T1
2013-11-22,1721,T1
2013-11-23,1672,T1
2013-11-24,1675,T1
2013-11-25,1682,T1
2013-11-26,1683,T1
2013-11-27,1636,T1
2013-11-28,1665,T1
2013-11-29,1595,T1
2013-11-30,1664,T1
2013-12-01,1663,T1
2013-12-02,924,T1
2013-12-03,327,T1
2013-12-04,341,T1
2013-12-05,302,T1
2013-12-06,261,T1
2013-12-07,231,T1
2013-12-08,201,T1
2013-12-09,237,T1
2013-12-10,272,T1
2013-12-11,266,T1
2013-12-12,264,T1
2013-12-13,234,T1
2013-12-14,217,T1
2013-12-15,246,T1
2013-12-16,254,T1
2013-12-17,300,T1
2013-12-18,251,T1
2013-12-19,317,T1
2013-12-20,312,T1
2013-12-21,234,T1
2013-12-22,214,T1
2013-12-23,194,T1
2013-12-24,251,T1
2013-12-25,240,T1
2013-12-26,280,T1
2013-12-27,276,T1
2013-12-28,268,T1
2013-12-29,267,T1
2013-12-30,224,T1
2013-12-31,211,T1
2014-01-01,227,T1
2014-01-02,274,T1
2014-01-03,298,T1
2014-01-04,210,T1
2014-01-05,239,T1
2014-01-06,268,T1
2014-01-07,234,T1
2014-01-08,259,T1
2014-01-09,495,T1
2014-01-10,251,T1
2014-01-11,241,T1
2014-01-12,242,T1
2014-01-13,368,T1
2014-01-14,300,T1
2014-01-15,306,T1
2014-01-16,301,T1
2014-01-17,423,T1
2014-01-18,239,T1
2014-01-19,213,T1
2014-01-20,300,T1
2014-01-21,281,T1
2014-01-22,242,T1
2014-01-23,239,T1
2014-01-24,244,T1
2014-01-25,275,T1
2014-01-26,270,T1
2014-01-27,238,T1
2014-01-28,347,T1
2014-01-29,301,T1
2014-01-30,335,T1
2014-01-31,281,T1
2014-02-01,202,T1
2014-02-02,245,T1
2014-02-03,274,T1
2014-02-04,325,T1
2014-02-05,262,T1
2014-02-06,324,T1
2014-02-07,254,T1
2014-02-08,204,T1
2014-02-09,206,T1
2014-02-10,270,T1
2014-02-11,298,T1
2014-02-12,337,T1
2014-02-13,318,T1
2014-02-14,344,T1
2014-02-15,226,T1
2014-02-16,204,T1
2014-02-17,261,T1
2014-02-18,277,T1
2014-02-19,270,T1
2014-02-20,271,T1
2014-02-21,287,T1
2014-02-22,229,T1
2014-02-23,199,T1
2014-02-24,256,T1
2014-02-25,283,T1
2014-02-26,269,T1
2014-02-27,334,T1
2014-02-28,299,T1
2014-03-01,247,T1
2014-03-02,232,T1
2014-03-03,342,T1
2014-03-04,352,T1
2014-03-05,305,T1
2014-03-06,248,T1
2014-03-07,279,T1
2014-03-08,199,T1
2014-03-09,194,T1
2014-03-10,340,T1
2014-03-11,283,T1
2014-03-12,309,T1
2014-03-13,279,T1
2014-03-14,245,T1
2014-03-15,192,T1
2014-03-16,173,T1
2014-03-17,240,T1
2014-03-18,196,T1
2014-03-19,265,T1
2014-03-20,249,T1
2014-03-21,286,T1
2014-03-22,178,T1
2014-03-23,192,T1
2014-03-24,720,T1
2014-03-25,731,T1
2014-03-26,268,T1
2014-03-27,282,T1
2014-03-28,284,T1
2014-03-29,178,T1
2014-03-30,167,T1
2014-03-31,306,T1
2014-04-01,365,T1
2014-04-02,285,T1
2014-04-03,295,T1
2014-04-04,682,T1
2014-04-05,212,T1
2014-04-06,182,T1
2014-04-07,253,T1
2014-04-08,353,T1
2014-04-09,308,T1
2014-04-10,303,T1
2014-04-11,346,T1
2014-04-12,178,T1
2014-04-13,171,T1
2014-04-14,247,T1
2014-04-15,358,T1
2014-04-16,327,T1
2014-04-17,252,T1
2014-04-18,203,T1
2014-04-19,202,T1
2014-04-20,205,T1
2014-04-21,363,T1
2014-04-22,990,T1
2014-04-23,1291,T1
2014-04-24,247,T1
2014-04-25,161,T1
2014-04-26,190,T1
2014-04-27,190,T1
2014-04-28,259,T1
2014-04-29,253,T1
2014-04-30,254,T1
2014-05-01,256,T1
2014-05-02,340,T1
2014-05-03,192,T1
2014-05-04,147,T1
2014-05-05,286,T1
2014-05-06,1113,T1
2014-05-07,1185,T1
2014-05-08,1691,T1
2014-05-09,1092,T1
2014-05-10,257,T1
2014-05-11,246,T1
2014-05-12,356,T1
2014-05-13,729,T1
2014-05-14,343,T1
2014-05-15,849,T1
2014-05-16,1139,T1
2014-05-17,160,T1
2014-05-18,136,T1
2014-05-19,586,T1
2014-05-20,1131,T1
2014-05-21,763,T1
2014-05-22,560,T1
2014-05-23,357,T1
2014-05-24,144,T1
2014-05-25,144,T1
2014-05-26,232,T1
2014-05-27,213,T1
2014-05-28,273,T1
2014-05-29,266,T1
2014-05-30,194,T1
2014-05-31,151,T1
2014-06-01,171,T1
2014-06-02,281,T1
2014-06-03,671,T1
2014-06-04,379,T1
2014-06-05,276,T1
2014-06-06,930,T1
2014-06-07,203,T1
2014-06-08,177,T1
2014-06-09,200,T1
2014-06-10,162,T1
2014-06-11,173,T1
2014-06-12,206,T1
2014-06-13,169,T1
2014-06-14,178,T1
2014-06-15,160,T1
2014-06-16,190,T1
2014-06-17,457,T1
2014-06-18,690,T1
2014-06-19,189,T1
2014-06-20,183,T1
2014-06-21,178,T1
2014-06-22,179,T1
2014-06-23,240,T1
2014-06-24,262,T1
2014-06-25,158,T1
2014-06-26,186,T1
2014-06-27,165,T1
2014-06-28,116,T1
2014-06-29,106,T1
2014-06-30,155,T1
2014-07-01,227,T1
2014-07-02,431,T1
2014-07-03,274,T1
2014-07-04,236,T1
2014-07-05,197,T1
2014-07-06,186,T1
2014-07-07,210,T1
2014-07-08,211,T1
2014-07-09,276,T1
2014-07-10,620,T1
2014-07-11,722,T1
2014-07-12,154,T1
2014-07-13,124,T1
2014-07-14,243,T1
2014-07-15,289,T1
2014-07-16,199,T1
2014-07-17,222,T1
2014-07-18,196,T1
2014-07-19,157,T1
2014-07-20,158,T1
2014-07-21,236,T1
2014-07-22,289,T1
2014-07-23,202,T1
2014-07-24,275,T1
2014-07-25,246,T1
2014-07-26,134,T1
2014-07-27,103,T1
2014-07-28,198,T1
2014-07-29,239,T1
2014-07-30,655,T1
2014-07-31,326,T1
2014-08-01,1579,T1
2014-08-02,1647,T1
2014-08-03,1718,T1
2014-08-04,1079,T1
2014-08-05,273,T1
2014-08-06,800,T1
2014-08-07,1620,T1
2014-08-08,1611,T1
2014-08-09,1624,T1
2014-08-10,1632,T1
2014-08-11,1465,T1
2014-08-12,1576,T1
2014-08-13,1608,T1
2014-08-14,1608,T1
2014-08-15,1556,T1
2014-08-16,1530,T1
2014-08-17,1525,T1
2014-08-18,1504,T1
2014-08-19,1553,T1
2014-08-20,1576,T1
2012-01-01,17375,T60
2012-01-02,22631,T60
2012-01-03,21971,T60
2012-01-04,20366,T60
2012-01-05,22207,T60
2012-01-06,24222,T60
2012-01-07,17238,T60
2012-01-08,16866,T60
2012-01-09,30218,T60
2012-01-10,27602,T60
2012-01-11,25385,T60
2012-01-12,29066,T60
2012-01-13,25165,T60
2012-01-14,18547,T60
2012-01-15,16979,T60
2012-01-16,25437,T60
2012-01-17,27655,T60
2012-01-18,26109,T60
2012-01-19,29751,T60
2012-01-20,28505,T60
2012-01-21,16713,T60
2012-01-22,16303,T60
2012-01-23,32287,T60
2012-01-24,29543,T60
2012-01-25,28409,T60
2012-01-26,27380,T60
2012-01-27,26154,T60
2012-01-28,17064,T60
2012-01-29,17574,T60
2012-01-30,30339,T60
2012-01-31,31203,T60
2012-02-01,31493,T60
2012-02-02,25324,T60
2012-02-03,25203,T60
2012-02-04,17941,T60
2012-02-05,18252,T60
2012-02-06,28587,T60
2012-02-07,29938,T60
2012-02-08,26261,T60
2012-02-09,31260,T60
2012-02-10,28011,T60
2012-02-11,17172,T60
2012-02-12,16804,T60
2012-02-13,30380,T60
2012-02-14,30761,T60
2012-02-15,28621,T60
2012-02-16,27759,T60
2012-02-17,27475,T60
2012-02-18,19379,T60
2012-02-19,14636,T60
2012-02-20,24680,T60
2012-02-21,15608,T60
2012-02-22,23396,T60
2012-02-23,30015,T60
2012-02-24,24257,T60
2012-02-25,18093,T60
2012-02-26,15520,T60
2012-02-27,26521,T60
2012-02-28,27727,T60
2012-02-29,26318,T60
2012-03-01,28373,T60
2012-03-02,26547,T60
2012-03-03,17344,T60
2012-03-04,16102,T60
2012-03-05,20449,T60
2012-03-06,23351,T60
2012-03-07,28993,T60
2012-03-08,27474,T60
2012-03-09,29554,T60
2012-03-10,25489,T60
2012-03-11,14717,T60
2012-03-12,27408,T60
2012-03-13,28044,T60
2012-03-14,26415,T60
2012-03-15,24666,T60
2012-03-16,26143,T60
2012-03-17,15026,T60
2012-03-18,13920,T60
2012-03-19,21823,T60
2012-03-20,25083,T60
2012-03-21,22415,T60
2012-03-22,21832,T60
2012-03-23,27475,T60
2012-03-24,24364,T60
2012-03-25,13537,T60
2012-03-26,26884,T60
2012-03-27,22712,T60
2012-03-28,27044,T60
2012-03-29,28212,T60
2012-03-30,25167,T60
2012-03-31,13960,T60
2012-04-01,13378,T60
2012-04-02,25245,T60
2012-04-03,26363,T60
2012-04-04,25916,T60
2012-04-05,25840,T60
2012-04-06,13593,T60
2012-04-07,16033,T60
2012-04-08,12606,T60
2012-04-09,22601,T60
2012-04-10,22665,T60
2012-04-11,22613,T60
2012-04-12,23119,T60
2012-04-13,22598,T60
2012-04-14,14203,T60
2012-04-15,12961,T60
2012-04-16,19155,T60
2012-04-17,21288,T60
2012-04-18,22459,T60
2012-04-19,24829,T60
2012-04-20,22787,T60
2012-04-21,15739,T60
2012-04-22,14125,T60
2012-04-23,23011,T60
2012-04-24,21351,T60
2012-04-25,12943,T60
2012-04-26,25503,T60
2012-04-27,24021,T60
2012-04-28,13653,T60
2012-04-29,12956,T60
2012-04-30,11357,T60
2012-05-01,12744,T60
2012-05-02,23897,T60
2012-05-03,23309,T60
2012-05-04,23746,T60
2012-05-05,13921,T60
2012-05-06,13565,T60
2012-05-07,22809,T60
2012-05-08,25184,T60
2012-05-09,26849,T60
2012-05-10,24075,T60
2012-05-11,23434,T60
2012-05-12,14828,T60
2012-05-13,13835,T60
2012-05-14,23519,T60
2012-05-15,22956,T60
2012-05-16,21138,T60
2012-05-17,23595,T60
2012-05-18,26847,T60
2012-05-19,14817,T60
2012-05-20,13845,T60
2012-05-21,23929,T60
2012-05-22,22654,T60
2012-05-23,22783,T60
2012-05-24,27516,T60
2012-05-25,22191,T60
2012-05-26,14149,T60
2012-05-27,14317,T60
2012-05-28,22240,T60
2012-05-29,25379,T60
2012-05-30,21203,T60
2012-05-31,23493,T60
2012-06-01,22932,T60
2012-06-02,14427,T60
2012-06-03,14372,T60
2012-06-04,23100,T60
2012-06-05,21054,T60
2012-06-06,19017,T60
2012-06-07,14272,T60
2012-06-08,12930,T60
2012-06-09,14066,T60
2012-06-10,13894,T60
2012-06-11,21586,T60
2012-06-12,20947,T60
2012-06-13,14812,T60
2012-06-14,22956,T60
2012-06-15,26444,T60
2012-06-16,13375,T60
2012-06-17,14408,T60
2012-06-18,22295,T60
2012-06-19,21807,T60
2012-06-20,25170,T60
2012-06-21,26160,T60
2012-06-22,26443,T60
2012-06-23,13750,T60
2012-06-24,15552,T60
2012-06-25,22403,T60
2012-06-26,27637,T60
2012-06-27,30479,T60
2012-06-28,27703,T60
2012-06-29,21594,T60
2012-06-30,15532,T60
2012-07-01,14342,T60
2012-07-02,20023,T60
2012-07-03,27522,T60
2012-07-04,27054,T60
2012-07-05,24914,T60
2012-07-06,30273,T60
2012-07-07,23567,T60
2012-07-08,14373,T60
2012-07-09,22076,T60
2012-07-10,23785,T60
2012-07-11,24310,T60
2012-07-12,26168,T60
2012-07-13,29492,T60
2012-07-14,18291,T60
2012-07-15,14360,T60
2012-07-16,25014,T60
2012-07-17,27633,T60
2012-07-18,26019,T60
2012-07-19,32483,T60
2012-07-20,35262,T60
2012-07-21,23547,T60
2012-07-22,20410,T60
2012-07-23,30786,T60
2012-07-24,29983,T60
2012-07-25,30680,T60
2012-07-26,28022,T60
2012-07-27,24236,T60
2012-07-28,16984,T60
2012-07-29,19757,T60
2012-07-30,24732,T60
2012-07-31,24532,T60
2012-08-01,27122,T60
2012-08-02,28742,T60
2012-08-03,26061,T60
2012-08-04,17656,T60
2012-08-05,14987,T60
2012-08-06,22347,T60
2012-08-07,26299,T60
2012-08-08,24690,T60
2012-08-09,25848,T60
2012-08-10,28060,T60
2012-08-11,17937,T60
2012-08-12,15267,T60
2012-08-13,20422,T60
2012-08-14,25643,T60
2012-08-15,12870,T60
2012-08-16,13008,T60
2012-08-17,13703,T60
2012-08-18,14113,T60
2012-08-19,15171,T60
2012-08-20,13119,T60
2012-08-21,13606,T60
2012-08-22,13416,T60
2012-08-23,13406,T60
2012-08-24,13689,T60
2012-08-25,14366,T60
2012-08-26,13542,T60
2012-08-27,12565,T60
2012-08-28,12969,T60
2012-08-29,12989,T60
2012-08-30,13098,T60
2012-08-31,14031,T60
2012-09-01,14754,T60
2012-09-02,14868,T60
2012-09-03,20132,T60
2012-09-04,24729,T60
2012-09-05,26444,T60
2012-09-06,27020,T60
2012-09-07,24712,T60
2012-09-08,14918,T60
2012-09-09,14107,T60
2012-09-10,20753,T60
2012-09-11,23081,T60
2012-09-12,24245,T60
2012-09-13,26845,T60
2012-09-14,25651,T60
2012-09-15,15490,T60
2012-09-16,14215,T60
2012-09-17,22893,T60
2012-09-18,27755,T60
2012-09-19,30984,T60
2012-09-20,26176,T60
2012-09-21,26916,T60
2012-09-22,14779,T60
2012-09-23,15258,T60
2012-09-24,21465,T60
2012-09-25,26078,T60
2012-09-26,24141,T60
2012-09-27,23713,T60
2012-09-28,22070,T60
2012-09-29,14333,T60
2012-09-30,13741,T60
2012-10-01,23202,T60
2012-10-02,26973,T60
2012-10-03,27185,T60
2012-10-04,27158,T60
2012-10-05,13889,T60
2012-10-06,15184,T60
2012-10-07,14012,T60
2012-10-08,27804,T60
2012-10-09,26542,T60
2012-10-10,22230,T60
2012-10-11,21616,T60
2012-10-12,20709,T60
2012-10-13,15080,T60
2012-10-14,14311,T60
2012-10-15,23126,T60
2012-10-16,24650,T60
2012-10-17,27720,T60
2012-10-18,27583,T60
2012-10-19,25153,T60
2012-10-20,14065,T60
2012-10-21,13688,T60
2012-10-22,25397,T60
2012-10-23,26573,T60
2012-10-24,23849,T60
2012-10-25,24533,T60
2012-10-26,26447,T60
2012-10-27,14331,T60
2012-10-28,14658,T60
2012-10-29,23677,T60
2012-10-30,23976,T60
2012-10-31,25100,T60
2012-11-01,13829,T60
2012-11-02,15912,T60
2012-11-03,11008,T60
2012-11-04,10369,T60
2012-11-05,16099,T60
2012-11-06,17926,T60
2012-11-07,16835,T60
2012-11-08,18497,T60
2012-11-09,18779,T60
2012-11-10,10738,T60
2012-11-11,10224,T60
2012-11-12,17759,T60
2012-11-13,16210,T60
2012-11-14,16180,T60
2012-11-15,15055,T60
2012-11-16,16971,T60
2012-11-17,10416,T60
2012-11-18,10171,T60
2012-11-19,18928,T60
2012-11-20,18231,T60
2012-11-21,19931,T60
2012-11-22,21363,T60
2012-11-23,21283,T60
2012-11-24,14341,T60
2012-11-25,11430,T60
2012-11-26,18458,T60
2012-11-27,19807,T60
2012-11-28,19161,T60
2012-11-29,20583,T60
2012-11-30,19863,T60
2012-12-01,11518,T60
2012-12-02,11284,T60
2012-12-03,20550,T60
2012-12-04,20382,T60
2012-12-05,19221,T60
2012-12-06,18938,T60
2012-12-07,18006,T60
2012-12-08,11571,T60
2012-12-09,11156,T60
2012-12-10,19354,T60
2012-12-11,20368,T60
2012-12-12,16684,T60
2012-12-13,19139,T60
2012-12-14,19158,T60
2012-12-15,12541,T60
2012-12-16,11786,T60
2012-12-17,18311,T60
2012-12-18,17684,T60
2012-12-19,20434,T60
2012-12-20,20788,T60
2012-12-21,18324,T60
2012-12-22,11785,T60
2012-12-23,10923,T60
2012-12-24,10737,T60
2012-12-25,10177,T60
2012-12-26,11424,T60
2012-12-27,10483,T60
2012-12-28,9630,T60
2012-12-29,10582,T60
2012-12-30,11033,T60
2012-12-31,10126,T60
2013-01-01,9660,T60
2013-01-02,9365,T60
2013-01-03,9168,T60
2013-01-04,9466,T60
2013-01-05,10714,T60
2013-01-06,10424,T60
2013-01-07,8054,T60
2013-01-08,8897,T60
2013-01-09,9124,T60
2013-01-10,8833,T60
2013-01-11,9010,T60
2013-01-12,11037,T60
2013-01-13,10534,T60
2013-01-14,8350,T60
2013-01-15,9120,T60
2013-01-16,9375,T60
2013-01-17,9493,T60
2013-01-18,9672,T60
2013-01-19,11114,T60
2013-01-20,11017,T60
2013-01-21,8710,T60
2013-01-22,9697,T60
2013-01-23,9609,T60
2013-01-24,9515,T60
2013-01-25,9341,T60
2013-01-26,10801,T60
2013-01-27,10787,T60
2013-01-28,9010,T60
2013-01-29,9188,T60
2013-01-30,9663,T60
2013-01-31,9060,T60
2013-02-01,9298,T60
2013-02-02,10566,T60
2013-02-03,10516,T60
2013-02-04,8026,T60
2013-02-05,8760,T60
2013-02-06,8527,T60
2013-02-07,8753,T60
2013-02-08,8778,T60
2013-02-09,10686,T60
2013-02-10,10859,T60
2013-02-11,8742,T60
2013-02-12,9755,T60
2013-02-13,8975,T60
2013-02-14,8898,T60
2013-02-15,8566,T60
2013-02-16,10577,T60
2013-02-17,10986,T60
2013-02-18,7981,T60
2013-02-19,8965,T60
2013-02-20,8996,T60
2013-02-21,9123,T60
2013-02-22,9512,T60
2013-02-23,10497,T60
2013-02-24,9884,T60
2013-02-25,8219,T60
2013-02-26,8771,T60
2013-02-27,8899,T60
2013-02-28,8858,T60
2013-03-01,8575,T60
2013-03-02,10414,T60
2013-03-03,10722,T60
2013-03-04,8186,T60
2013-03-05,8684,T60
2013-03-06,8881,T60
2013-03-07,8806,T60
2013-03-08,8849,T60
2013-03-09,10786,T60
2013-03-10,9980,T60
2013-03-11,8054,T60
2013-03-12,8685,T60
2013-03-13,8701,T60
2013-03-14,8364,T60
2013-03-15,8444,T60
2013-03-16,9986,T60
2013-03-17,9808,T60
2013-03-18,8056,T60
2013-03-19,8248,T60
2013-03-20,8143,T60
2013-03-21,8285,T60
2013-03-22,8352,T60
2013-03-23,9428,T60
2013-03-24,10139,T60
2013-03-25,8806,T60
2013-03-26,8789,T60
2013-03-27,8648,T60
2013-03-28,8920,T60
2013-03-29,10164,T60
2013-03-30,10806,T60
2013-03-31,9259,T60
2013-04-01,8305,T60
2013-04-02,8129,T60
2013-04-03,8123,T60
2013-04-04,8291,T60
2013-04-05,8200,T60
2013-04-06,10277,T60
2013-04-07,10017,T60
2013-04-08,8155,T60
2013-04-09,7739,T60
2013-04-10,8202,T60
2013-04-11,7946,T60
2013-04-12,8073,T60
2013-04-13,9130,T60
2013-04-14,8587,T60
2013-04-15,7003,T60
2013-04-16,6987,T60
2013-04-17,7217,T60
2013-04-18,7475,T60
2013-04-19,7808,T60
2013-04-20,8844,T60
2013-04-21,8359,T60
2013-04-22,7191,T60
2013-04-23,7135,T60
2013-04-24,7595,T60
2013-04-25,8209,T60
2013-04-26,7355,T60
2013-04-27,8834,T60
2013-04-28,8309,T60
2013-04-29,6886,T60
2013-04-30,6984,T60
2013-05-01,7926,T60
2013-05-02,7107,T60
2013-05-03,7606,T60
2013-05-04,8552,T60
2013-05-05,8489,T60
2013-05-06,7654,T60
2013-05-07,7485,T60
2013-05-08,7582,T60
2013-05-09,7242,T60
2013-05-10,7108,T60
2013-05-11,8453,T60
2013-05-12,8629,T60
2013-05-13,6852,T60
2013-05-14,7133,T60
2013-05-15,7145,T60
2013-05-16,7450,T60
2013-05-17,7585,T60
2013-05-18,8608,T60
2013-05-19,8826,T60
2013-05-20,6737,T60
2013-05-21,6864,T60
2013-05-22,7023,T60
2013-05-23,7257,T60
2013-05-24,7231,T60
2013-05-25,9323,T60
2013-05-26,9117,T60
2013-05-27,6575,T60
2013-05-28,6671,T60
2013-05-29,7534,T60
2013-05-30,7132,T60
2013-05-31,7315,T60
2013-06-01,9007,T60
2013-06-02,8432,T60
2013-06-03,6789,T60
2013-06-04,7637,T60
2013-06-05,7413,T60
2013-06-06,7501,T60
2013-06-07,7608,T60
2013-06-08,10764,T60
2013-06-09,12381,T60
2013-06-10,11554,T60
2013-06-11,11124,T60
2013-06-12,9827,T60
2013-06-13,11199,T60
2013-06-14,11488,T60
2013-06-15,12947,T60
2013-06-16,13278,T60
2013-06-17,11168,T60
2013-06-18,11107,T60
2013-06-19,10657,T60
2013-06-20,11076,T60
2013-06-21,10927,T60
2013-06-22,13113,T60
2013-06-23,14131,T60
2013-06-24,11647,T60
2013-06-25,12792,T60
2013-06-26,12913,T60
2013-06-27,12939,T60
2013-06-28,13122,T60
2013-06-29,14121,T60
2013-06-30,15530,T60
2013-07-01,11973,T60
2013-07-02,12449,T60
2013-07-03,12353,T60
2013-07-04,13652,T60
2013-07-05,14827,T60
2013-07-06,16867,T60
2013-07-07,17903,T60
2013-07-08,13485,T60
2013-07-09,14115,T60
2013-07-10,13428,T60
2013-07-11,12782,T60
2013-07-12,13725,T60
2013-07-13,14609,T60
2013-07-14,13711,T60
2013-07-15,12130,T60
2013-07-16,12816,T60
2013-07-17,13289,T60
2013-07-18,13775,T60
2013-07-19,13960,T60
2013-07-20,16662,T60
2013-07-21,16490,T60
2013-07-22,12488,T60
2013-07-23,12267,T60
2013-07-24,12185,T60
2013-07-25,12470,T60
2013-07-26,12525,T60
2013-07-27,14007,T60
2013-07-28,12654,T60
2013-07-29,11231,T60
2013-07-30,11581,T60
2013-07-31,12070,T60
2013-08-01,12439,T60
2013-08-02,12880,T60
2013-08-03,14309,T60
2013-08-04,12987,T60
2013-08-05,11859,T60
2013-08-06,12699,T60
2013-08-07,12724,T60
2013-08-08,13254,T60
2013-08-09,14319,T60
2013-08-10,15885,T60
2013-08-11,15889,T60
2013-08-12,13330,T60
2013-08-13,14519,T60
2013-08-14,14753,T60
2013-08-15,15358,T60
2013-08-16,13746,T60
2013-08-17,14322,T60
2013-08-18,13827,T60
2013-08-19,12155,T60
2013-08-20,13864,T60
2013-08-21,12835,T60
2013-08-22,13363,T60
2013-08-23,13017,T60
2013-08-24,14250,T60
2013-08-25,13655,T60
2013-08-26,11884,T60
2013-08-27,12837,T60
2013-08-28,13320,T60
2013-08-29,13251,T60
2013-08-30,14151,T60
2013-08-31,14660,T60
2013-09-01,15366,T60
2013-09-02,13680,T60
2013-09-03,14293,T60
2013-09-04,13704,T60
2013-09-05,13367,T60
2013-09-06,13471,T60
2013-09-07,15214,T60
2013-09-08,14617,T60
2013-09-09,11671,T60
2013-09-10,12908,T60
2013-09-11,13162,T60
2013-09-12,13019,T60
2013-09-13,13245,T60
2013-09-14,14847,T60
2013-09-15,13827,T60
2013-09-16,11938,T60
2013-09-17,12707,T60
2013-09-18,13059,T60
2013-09-19,12988,T60
2013-09-20,13268,T60
2013-09-21,16161,T60
2013-09-22,15542,T60
2013-09-23,11937,T60
2013-09-24,12244,T60
2013-09-25,11928,T60
2013-09-26,11559,T60
2013-09-27,12247,T60
2013-09-28,13277,T60
2013-09-29,12625,T60
2013-09-30,11815,T60
2013-10-01,11656,T60
2013-10-02,11826,T60
2013-10-03,11971,T60
2013-10-04,12321,T60
2013-10-05,13865,T60
2013-10-06,13090,T60
2013-10-07,11712,T60
2013-10-08,11684,T60
2013-10-09,11929,T60
2013-10-10,12416,T60
2013-10-11,12183,T60
2013-10-12,14204,T60
2013-10-13,13570,T60
2013-10-14,11998,T60
2013-10-15,12765,T60
2013-10-16,12568,T60
2013-10-17,12463,T60
2013-10-18,12878,T60
2013-10-19,13516,T60
2013-10-20,13571,T60
2013-10-21,11600,T60
2013-10-22,11581,T60
2013-10-23,11733,T60
2013-10-24,11998,T60
2013-10-25,11781,T60
2013-10-26,13447,T60
2013-10-27,13831,T60
2013-10-28,11247,T60
2013-10-29,11422,T60
2013-10-30,10982,T60
2013-10-31,11379,T60
2013-11-01,11787,T60
2013-11-02,13958,T60
2013-11-03,12778,T60
2013-11-04,11512,T60
2013-11-05,11953,T60
2013-11-06,12001,T60
2013-11-07,11786,T60
2013-11-08,12071,T60
2013-11-09,14054,T60
2013-11-10,14297,T60
2013-11-11,11581,T60
2013-11-12,11786,T60
2013-11-13,11810,T60
2013-11-14,11602,T60
2013-11-15,11867,T60
2013-11-16,14477,T60
2013-11-17,13960,T60
2013-11-18,11845,T60
2013-11-19,12252,T60
2013-11-20,12403,T60
2013-11-21,12545,T60
2013-11-22,12629,T60
2013-11-23,15171,T60
2013-11-24,15008,T60
2013-11-25,13033,T60
2013-11-26,12885,T60
2013-11-27,12706,T60
2013-11-28,13072,T60
2013-11-29,12755,T60
2013-11-30,15693,T60
2013-12-01,14351,T60
2013-12-02,12390,T60
2013-12-03,13024,T60
2013-12-04,13207,T60
2013-12-05,12948,T60
2013-12-06,12488,T60
2013-12-07,15495,T60
2013-12-08,15739,T60
2013-12-09,12513,T60
2013-12-10,13071,T60
2013-12-11,13464,T60
2013-12-12,13361,T60
2013-12-13,13173,T60
2013-12-14,15746,T60
2013-12-15,14845,T60
2013-12-16,12274,T60
2013-12-17,13231,T60
2013-12-18,13940,T60
2013-12-19,13910,T60
2013-12-20,14132,T60
2013-12-21,16300,T60
2013-12-22,16465,T60
2013-12-23,14898,T60
2013-12-24,16830,T60
2013-12-25,15694,T60
2013-12-26,14636,T60
2013-12-27,15459,T60
2013-12-28,15948,T60
2013-12-29,15510,T60
2013-12-30,14643,T60
2013-12-31,15896,T60
2014-01-01,15654,T60
2014-01-02,14459,T60
2014-01-03,15083,T60
2014-01-04,16755,T60
2014-01-05,15686,T60
2014-01-06,13032,T60
2014-01-07,13273,T60
2014-01-08,12635,T60
2014-01-09,12801,T60
2014-01-10,12741,T60
2014-01-11,15899,T60
2014-01-12,16361,T60
2014-01-13,12792,T60
2014-01-14,13428,T60
2014-01-15,12852,T60
2014-01-16,13517,T60
2014-01-17,13258,T60
2014-01-18,16122,T60
2014-01-19,15334,T60
2014-01-20,13067,T60
2014-01-21,13550,T60
2014-01-22,13306,T60
2014-01-23,13292,T60
2014-01-24,13501,T60
2014-01-25,16744,T60
2014-01-26,15380,T60
2014-01-27,12808,T60
2014-01-28,13218,T60
2014-01-29,13620,T60
2014-01-30,13243,T60
2014-01-31,13691,T60
2014-02-01,17186,T60
2014-02-02,16204,T60
2014-02-03,13173,T60
2014-02-04,14099,T60
2014-02-05,13844,T60
2014-02-06,13361,T60
2014-02-07,13981,T60
2014-02-08,16854,T60
2014-02-09,15982,T60
2014-02-10,11879,T60
2014-02-11,12832,T60
2014-02-12,12971,T60
2014-02-13,12832,T60
2014-02-14,13364,T60
2014-02-15,15824,T60
2014-02-16,15250,T60
2014-02-17,12097,T60
2014-02-18,12927,T60
2014-02-19,12755,T60
2014-02-20,13068,T60
2014-02-21,13392,T60
2014-02-22,15065,T60
2014-02-23,13788,T60
2014-02-24,11771,T60
2014-02-25,12363,T60
2014-02-26,12414,T60
2014-02-27,13119,T60
2014-02-28,13054,T60
2014-03-01,15708,T60
2014-03-02,15372,T60
2014-03-03,12558,T60
2014-03-04,14948,T60
2014-03-05,12637,T60
2014-03-06,12557,T60
2014-03-07,12298,T60
2014-03-08,14460,T60
2014-03-09,13859,T60
2014-03-10,10570,T60
2014-03-11,11047,T60
2014-03-12,11626,T60
2014-03-13,11770,T60
2014-03-14,12139,T60
2014-03-15,13914,T60
2014-03-16,13493,T60
2014-03-17,10962,T60
2014-03-18,11884,T60
2014-03-19,11820,T60
2014-03-20,11424,T60
2014-03-21,12444,T60
2014-03-22,14075,T60
2014-03-23,13502,T60
2014-03-24,11607,T60
2014-03-25,12462,T60
2014-03-26,11959,T60
2014-03-27,12188,T60
2014-03-28,12924,T60
2014-03-29,14641,T60
2014-03-30,13713,T60
2014-03-31,11729,T60
2014-04-01,12508,T60
2014-04-02,11729,T60
2014-04-03,11940,T60
2014-04-04,12430,T60
2014-04-05,15281,T60
2014-04-06,14403,T60
2014-04-07,11414,T60
2014-04-08,11364,T60
2014-04-09,11601,T60
2014-04-10,11374,T60
2014-04-11,11890,T60
2014-04-12,13272,T60
2014-04-13,12390,T60
2014-04-14,10772,T60
2014-04-15,11436,T60
2014-04-16,11520,T60
2014-04-17,11422,T60
2014-04-18,12910,T60
2014-04-19,13244,T60
2014-04-20,12390,T60
2014-04-21,10772,T60
2014-04-22,11436,T60
2014-04-23,11520,T60
2014-04-24,11422,T60
2014-04-25,12910,T60
2014-04-26,13244,T60
2014-04-27,12390,T60
2014-04-28,10772,T60
2014-04-29,11436,T60
2014-04-30,11363,T60
2014-05-01,11753,T60
2014-05-02,11210,T60
2014-05-03,13125,T60
2014-05-04,12262,T60
2014-05-05,10655,T60
2014-05-06,10763,T60
2014-05-07,10822,T60
2014-05-08,11008,T60
2014-05-09,11068,T60
2014-05-10,12992,T60
2014-05-11,12115,T60
2014-05-12,10265,T60
2014-05-13,10683,T60
2014-05-14,11234,T60
2014-05-15,11499,T60
2014-05-16,12251,T60
2014-05-17,13657,T60
2014-05-18,14824,T60
2014-05-19,11207,T60
2014-05-20,11248,T60
2014-05-21,11400,T60
2014-05-22,10882,T60
2014-05-23,10819,T60
2014-05-24,12571,T60
2014-05-25,13252,T60
2014-05-26,10725,T60
2014-05-27,11188,T60
2014-05-28,11240,T60
2014-05-29,12077,T60
2014-05-30,11670,T60
2014-05-31,12929,T60
2014-06-01,12822,T60
2014-06-02,10508,T60
2014-06-03,11671,T60
2014-06-04,10942,T60
2014-06-05,11798,T60
2014-06-06,12120,T60
2014-06-07,12759,T60
2014-06-08,11760,T60
2014-06-09,10947,T60
2014-06-10,10742,T60
2014-06-11,10969,T60
2014-06-12,11526,T60
2014-06-13,12230,T60
2014-06-14,13099,T60
2014-06-15,12873,T60
2014-06-16,11337,T60
2014-06-17,11906,T60
2014-06-18,11824,T60
2014-06-19,12103,T60
2014-06-20,11973,T60
2014-06-21,12300,T60
2014-06-22,12214,T60
2014-06-23,11100,T60
2014-06-24,11528,T60
2014-06-25,11216,T60
2014-06-26,11063,T60
2014-06-27,11010,T60
2014-06-28,11939,T60
2014-06-29,11037,T60
2014-06-30,10467,T60
2014-07-01,10803,T60
2014-07-02,11030,T60
2014-07-03,11043,T60
2014-07-04,11458,T60
2014-07-05,12339,T60
2014-07-06,12071,T60
2014-07-07,10224,T60
2014-07-08,10700,T60
2014-07-09,10878,T60
2014-07-10,11456,T60
2014-07-11,12671,T60
2014-07-12,13212,T60
2014-07-13,13716,T60
2014-07-14,12138,T60
2014-07-15,12736,T60
2014-07-16,12721,T60
2014-07-17,13251,T60
2014-07-18,13401,T60
2014-07-19,15254,T60
2014-07-20,15807,T60
2014-07-21,11284,T60
2014-07-22,11852,T60
2014-07-23,12729,T60
2014-07-24,12591,T60
2014-07-25,12632,T60
2014-07-26,13446,T60
2014-07-27,12595,T60
2014-07-28,11882,T60
2014-07-29,12838,T60
2014-07-30,13419,T60
2014-07-31,13004,T60
2014-08-01,13195,T60
2014-08-02,12963,T60
2014-08-03,12096,T60
2014-08-04,11137,T60
2014-08-05,11868,T60
2014-08-06,12197,T60
2014-08-07,12567,T60
2014-08-08,12643,T60
2014-08-09,13017,T60
2014-08-10,12769,T60
2014-08-11,11269,T60
2014-08-12,12496,T60
2014-08-13,12049,T60
2014-08-14,12598,T60
2014-08-15,13016,T60
2014-08-16,12823,T60
2014-08-17,12683,T60
2014-08-18,11995,T60
2014-08-19,12311,T60
2014-08-20,12258,T60
2012-01-01,66128,T321
2012-01-02,77354,T321
2012-01-03,80373,T321
2012-01-04,76680,T321
2012-01-05,79888,T321
2012-01-06,80916,T321
2012-01-07,75018,T321
2012-01-08,68390,T321
2012-01-09,75414,T321
2012-01-10,78312,T321
2012-01-11,80415,T321
2012-01-12,80481,T321
2012-01-13,82390,T321
2012-01-14,74948,T321
2012-01-15,70109,T321
2012-01-16,77991,T321
2012-01-17,81076,T321
2012-01-18,80756,T321
2012-01-19,79730,T321
2012-01-20,81648,T321
2012-01-21,77617,T321
2012-01-22,71167,T321
2012-01-23,80081,T321
2012-01-24,83610,T321
2012-01-25,82827,T321
2012-01-26,82888,T321
2012-01-27,83461,T321
2012-01-28,76883,T321
2012-01-29,69713,T321
2012-01-30,77022,T321
2012-01-31,79231,T321
2012-02-01,80740,T321
2012-02-02,80410,T321
2012-02-03,80490,T321
2012-02-04,73924,T321
2012-02-05,69980,T321
2012-02-06,81309,T321
2012-02-07,81924,T321
2012-02-08,80087,T321
2012-02-09,79136,T321
2012-02-10,80302,T321
2012-02-11,73497,T321
2012-02-12,67375,T321
2012-02-13,77924,T321
2012-02-14,81654,T321
2012-02-15,82402,T321
2012-02-16,81507,T321
2012-02-17,81686,T321
2012-02-18,74792,T321
2012-02-19,70054,T321
2012-02-20,78699,T321
2012-02-21,77752,T321
2012-02-22,82214,T321
2012-02-23,82272,T321
2012-02-24,82390,T321
2012-02-25,76054,T321
2012-02-26,70412,T321
2012-02-27,79595,T321
2012-02-28,83310,T321
2012-02-29,81760,T321
2012-03-01,82346,T321
2012-03-02,83373,T321
2012-03-03,75581,T321
2012-03-04,71521,T321
2012-03-05,79790,T321
2012-03-06,83653,T321
2012-03-07,84451,T321
2012-03-08,85619,T321
2012-03-09,86909,T321
2012-03-10,79107,T321
2012-03-11,73535,T321
2012-03-12,82508,T321
2012-03-13,85932,T321
2012-03-14,87856,T321
2012-03-15,86021,T321
2012-03-16,83623,T321
2012-03-17,75199,T321
2012-03-18,69101,T321
2012-03-19,78341,T321
2012-03-20,82080,T321
2012-03-21,81343,T321
2012-03-22,81659,T321
2012-03-23,85231,T321
2012-03-24,77893,T321
2012-03-25,70658,T321
2012-03-26,84701,T321
2012-03-27,89236,T321
2012-03-28,88831,T321
2012-03-29,86015,T321
2012-03-30,85331,T321
2012-03-31,79233,T321
2012-04-01,71159,T321
2012-04-02,79745,T321
2012-04-03,83100,T321
2012-04-04,83406,T321
2012-04-05,79652,T321
2012-04-06,74782,T321
2012-04-07,71252,T321
2012-04-08,68896,T321
2012-04-09,80293,T321
2012-04-10,83197,T321
2012-04-11,82615,T321
2012-04-12,84401,T321
2012-04-13,82943,T321
2012-04-14,77901,T321
2012-04-15,69701,T321
2012-04-16,79780,T321
2012-04-17,85369,T321
2012-04-18,84171,T321
2012-04-19,83664,T321
2012-04-20,83209,T321
2012-04-21,73398,T321
2012-04-22,65292,T321
2012-04-23,74611,T321
2012-04-24,77406,T321
2012-04-25,73410,T321
2012-04-26,75515,T321
2012-04-27,75603,T321
2012-04-28,70012,T321
2012-04-29,62884,T321
2012-04-30,72839,T321
2012-05-01,74373,T321
2012-05-02,76803,T321
2012-05-03,77056,T321
2012-05-04,79393,T321
2012-05-05,72547,T321
2012-05-06,65595,T321
2012-05-07,75651,T321
2012-05-08,84675,T321
2012-05-09,83589,T321
2012-05-10,89406,T321
2012-05-11,89166,T321
2012-05-12,80958,T321
2012-05-13,71240,T321
2012-05-14,81702,T321
2012-05-15,87192,T321
2012-05-16,89401,T321
2012-05-17,82690,T321
2012-05-18,83122,T321
2012-05-19,74076,T321
2012-05-20,63979,T321
2012-05-21,73373,T321
2012-05-22,80083,T321
2012-05-23,83724,T321
2012-05-24,87298,T321
2012-05-25,82592,T321
2012-05-26,74396,T321
2012-05-27,67602,T321
2012-05-28,79033,T321
2012-05-29,83303,T321
2012-05-30,83397,T321
2012-05-31,88769,T321
2012-06-01,91832,T321
2012-06-02,81622,T321
2012-06-03,72692,T321
2012-06-04,82276,T321
2012-06-05,88819,T321
2012-06-06,86983,T321
2012-06-07,81976,T321
2012-06-08,81670,T321
2012-06-09,77695,T321
2012-06-10,73143,T321
2012-06-11,80777,T321
2012-06-12,83384,T321
2012-06-13,81836,T321
2012-06-14,83726,T321
2012-06-15,83289,T321
2012-06-16,80056,T321
2012-06-17,72230,T321
2012-06-18,77456,T321
2012-06-19,83830,T321
2012-06-20,86328,T321
2012-06-21,90573,T321
2012-06-22,88548,T321
2012-06-23,85305,T321
2012-06-24,80810,T321
2012-06-25,94949,T321
2012-06-26,101683,T321
2012-06-27,97084,T321
2012-06-28,92083,T321
2012-06-29,90741,T321
2012-06-30,84701,T321
2012-07-01,77969,T321
2012-07-02,90821,T321
2012-07-03,99069,T321
2012-07-04,95206,T321
2012-07-05,91850,T321
2012-07-06,94368,T321
2012-07-07,88064,T321
2012-07-08,80335,T321
2012-07-09,89374,T321
2012-07-10,93063,T321
2012-07-11,91148,T321
2012-07-12,93574,T321
2012-07-13,98102,T321
2012-07-14,89363,T321
2012-07-15,80259,T321
2012-07-16,100897,T321
2012-07-17,111384,T321
2012-07-18,112451,T321
2012-07-19,105964,T321
2012-07-20,103517,T321
2012-07-21,98742,T321
2012-07-22,90444,T321
2012-07-23,101074,T321
2012-07-24,105666,T321
2012-07-25,107454,T321
2012-07-26,107536,T321
2012-07-27,105872,T321
2012-07-28,98853,T321
2012-07-29,86269,T321
2012-07-30,96821,T321
2012-07-31,103304,T321
2012-08-01,103574,T321
2012-08-02,105211,T321
2012-08-03,104003,T321
2012-08-04,95052,T321
2012-08-05,85959,T321
2012-08-06,96422,T321
2012-08-07,102081,T321
2012-08-08,106207,T321
2012-08-09,101053,T321
2012-08-10,104067,T321
2012-08-11,90029,T321
2012-08-12,77141,T321
2012-08-13,89731,T321
2012-08-14,96774,T321
2012-08-15,89313,T321
2012-08-16,90603,T321
2012-08-17,97495,T321
2012-08-18,95353,T321
2012-08-19,86991,T321
2012-08-20,104479,T321
2012-08-21,106936,T321
2012-08-22,101122,T321
2012-08-23,99606,T321
2012-08-24,99582,T321
2012-08-25,86196,T321
2012-08-26,73826,T321
2012-08-27,81465,T321
2012-08-28,88808,T321
2012-08-29,88980,T321
2012-08-30,95040,T321
2012-08-31,99784,T321
2012-09-01,91827,T321
2012-09-02,84176,T321
2012-09-03,97960,T321
2012-09-04,105799,T321
2012-09-05,106330,T321
2012-09-06,105074,T321
2012-09-07,107514,T321
2012-09-08,94736,T321
2012-09-09,83829,T321
2012-09-10,97280,T321
2012-09-11,102551,T321
2012-09-12,99056,T321
2012-09-13,102810,T321
2012-09-14,104394,T321
2012-09-15,93167,T321
2012-09-16,81763,T321
2012-09-17,94234,T321
2012-09-18,101760,T321
2012-09-19,101515,T321
2012-09-20,100061,T321
2012-09-21,98495,T321
2012-09-22,89006,T321
2012-09-23,77260,T321
2012-09-24,87821,T321
2012-09-25,90614,T321
2012-09-26,87306,T321
2012-09-27,88343,T321
2012-09-28,88761,T321
2012-09-29,87135,T321
2012-09-30,74484,T321
2012-10-01,81997,T321
2012-10-02,80540,T321
2012-10-03,85300,T321
2012-10-04,88543,T321
2012-10-05,87354,T321
2012-10-06,82390,T321
2012-10-07,75390,T321
2012-10-08,89832,T321
2012-10-09,93118,T321
2012-10-10,89805,T321
2012-10-11,88145,T321
2012-10-12,85853,T321
2012-10-13,77490,T321
2012-10-14,73523,T321
2012-10-15,76738,T321
2012-10-16,75890,T321
2012-10-17,76293,T321
2012-10-18,75518,T321
2012-10-19,74255,T321
2012-10-20,70474,T321
2012-10-21,64111,T321
2012-10-22,77874,T321
2012-10-23,84724,T321
2012-10-24,79238,T321
2012-10-25,76256,T321
2012-10-26,80270,T321
2012-10-27,68945,T321
2012-10-28,57371,T321
2012-10-29,68076,T321
2012-10-30,74439,T321
2012-10-31,73698,T321
2012-11-01,72848,T321
2012-11-02,77280,T321
2012-11-03,72222,T321
2012-11-04,63526,T321
2012-11-05,71654,T321
2012-11-06,77572,T321
2012-11-07,74387,T321
2012-11-08,74507,T321
2012-11-09,74946,T321
2012-11-10,68873,T321
2012-11-11,62328,T321
2012-11-12,72309,T321
2012-11-13,75908,T321
2012-11-14,77535,T321
2012-11-15,77080,T321
2012-11-16,80347,T321
2012-11-17,70612,T321
2012-11-18,63791,T321
2012-11-19,72886,T321
2012-11-20,76368,T321
2012-11-21,75025,T321
2012-11-22,74592,T321
2012-11-23,77722,T321
2012-11-24,71580,T321
2012-11-25,64546,T321
2012-11-26,73933,T321
2012-11-27,76897,T321
2012-11-28,76674,T321
2012-11-29,77295,T321
2012-11-30,76825,T321
2012-12-01,69060,T321
2012-12-02,61320,T321
2012-12-03,73825,T321
2012-12-04,77887,T321
2012-12-05,75912,T321
2012-12-06,78498,T321
2012-12-07,80623,T321
2012-12-08,68098,T321
2012-12-09,62048,T321
2012-12-10,73201,T321
2012-12-11,75383,T321
2012-12-12,75055,T321
2012-12-13,77922,T321
2012-12-14,85772,T321
2012-12-15,76830,T321
2012-12-16,69447,T321
2012-12-17,78534,T321
2012-12-18,82798,T321
2012-12-19,82974,T321
2012-12-20,81997,T321
2012-12-21,81446,T321
2012-12-22,74517,T321
2012-12-23,67512,T321
2012-12-24,72528,T321
2012-12-25,66936,T321
2012-12-26,76501,T321
2012-12-27,76994,T321
2012-12-28,77238,T321
2012-12-29,71216,T321
2012-12-30,63284,T321
2012-12-31,69576,T321
2013-01-01,65952,T321
2013-01-02,76427,T321
2013-01-03,76671,T321
2013-01-04,77567,T321
2013-01-05,71111,T321
2013-01-06,63640,T321
2013-01-07,75033,T321
2013-01-08,77501,T321
2013-01-09,77994,T321
2013-01-10,81773,T321
2013-01-11,80340,T321
2013-01-12,72489,T321
2013-01-13,66552,T321
2013-01-14,77572,T321
2013-01-15,80480,T321
2013-01-16,82033,T321
2013-01-17,82360,T321
2013-01-18,85700,T321
2013-01-19,72099,T321
2013-01-20,63857,T321
2013-01-21,71807,T321
2013-01-22,76820,T321
2013-01-23,77534,T321
2013-01-24,78518,T321
2013-01-25,79728,T321
2013-01-26,70028,T321
2013-01-27,62075,T321
2013-01-28,73870,T321
2013-01-29,76825,T321
2013-01-30,75658,T321
2013-01-31,77210,T321
2013-02-01,77583,T321
2013-02-02,68368,T321
2013-02-03,60231,T321
2013-02-04,73779,T321
2013-02-05,77766,T321
2013-02-06,76417,T321
2013-02-07,75860,T321
2013-02-08,76846,T321
2013-02-09,64573,T321
2013-02-10,58510,T321
2013-02-11,73658,T321
2013-02-12,73821,T321
2013-02-13,78466,T321
2013-02-14,76358,T321
2013-02-15,74745,T321
2013-02-16,68010,T321
2013-02-17,63626,T321
2013-02-18,74831,T321
2013-02-19,76967,T321
2013-02-20,76668,T321
2013-02-21,78384,T321
2013-02-22,77787,T321
2013-02-23,67870,T321
2013-02-24,60188,T321
2013-02-25,72583,T321
2013-02-26,74036,T321
2013-02-27,74614,T321
2013-02-28,74835,T321
2013-03-01,77129,T321
2013-03-02,68353,T321
2013-03-03,62340,T321
2013-03-04,76530,T321
2013-03-05,80525,T321
2013-03-06,81329,T321
2013-03-07,83557,T321
2013-03-08,80231,T321
2013-03-09,70643,T321
2013-03-10,63389,T321
2013-03-11,76028,T321
2013-03-12,77778,T321
2013-03-13,75697,T321
2013-03-14,76342,T321
2013-03-15,78512,T321
2013-03-16,69367,T321
2013-03-17,62333,T321
2013-03-18,75533,T321
2013-03-19,74579,T321
2013-03-20,76727,T321
2013-03-21,79612,T321
2013-03-22,82745,T321
2013-03-23,69278,T321
2013-03-24,62947,T321
2013-03-25,78606,T321
2013-03-26,82481,T321
2013-03-27,81710,T321
2013-03-28,80322,T321
2013-03-29,78232,T321
2013-03-30,67331,T321
2013-03-31,59586,T321
2013-04-01,76042,T321
2013-04-02,78922,T321
2013-04-03,77888,T321
2013-04-04,77047,T321
2013-04-05,77755,T321
2013-04-06,67391,T321
2013-04-07,61064,T321
2013-04-08,74530,T321
2013-04-09,78900,T321
2013-04-10,80394,T321
2013-04-11,79701,T321
2013-04-12,80133,T321
2013-04-13,71370,T321
2013-04-14,65858,T321
2013-04-15,77590,T321
2013-04-16,80398,T321
2013-04-17,81630,T321
2013-04-18,81548,T321
2013-04-19,86937,T321
2013-04-20,78451,T321
2013-04-21,70186,T321
2013-04-22,81535,T321
2013-04-23,86269,T321
2013-04-24,88063,T321
2013-04-25,85471,T321
2013-04-26,86262,T321
2013-04-27,76504,T321
2013-04-28,65126,T321
2013-04-29,74715,T321
2013-04-30,78594,T321
2013-05-01,69122,T321
2013-05-02,79487,T321
2013-05-03,86333,T321
2013-05-04,79164,T321
2013-05-05,69436,T321
2013-05-06,80451,T321
2013-05-07,84591,T321
2013-05-08,78680,T321
2013-05-09,77761,T321
2013-05-10,85514,T321
2013-05-11,76648,T321
2013-05-12,73158,T321
2013-05-13,86772,T321
2013-05-14,85219,T321
2013-05-15,75885,T321
2013-05-16,77197,T321
2013-05-17,80098,T321
2013-05-18,71972,T321
2013-05-19,65447,T321
2013-05-20,77068,T321
2013-05-21,81184,T321
2013-05-22,75123,T321
2013-05-23,81959,T321
2013-05-24,85815,T321
2013-05-25,77497,T321
2013-05-26,66305,T321
2013-05-27,74836,T321
2013-05-28,78215,T321
2013-05-29,69081,T321
2013-05-30,77888,T321
2013-05-31,85760,T321
2013-06-01,82745,T321
2013-06-02,75809,T321
2013-06-03,90865,T321
2013-06-04,94555,T321
2013-06-05,82874,T321
2013-06-06,81685,T321
2013-06-07,85422,T321
2013-06-08,76589,T321
2013-06-09,66265,T321
2013-06-10,72770,T321
2013-06-11,82988,T321
2013-06-12,83252,T321
2013-06-13,86747,T321
2013-06-14,88289,T321
2013-06-15,84055,T321
2013-06-16,71689,T321
2013-06-17,79621,T321
2013-06-18,85722,T321
2013-06-19,81609,T321
2013-06-20,84828,T321
2013-06-21,87245,T321
2013-06-22,85073,T321
2013-06-23,75999,T321
2013-06-24,93559,T321
2013-06-25,100450,T321
2013-06-26,99238,T321
2013-06-27,104992,T321
2013-06-28,106727,T321
2013-06-29,93905,T321
2013-06-30,88867,T321
2013-07-01,97725,T321
2013-07-02,90679,T321
2013-07-03,100186,T321
2013-07-04,103519,T321
2013-07-05,108332,T321
2013-07-06,97929,T321
2013-07-07,89986,T321
2013-07-08,99781,T321
2013-07-09,105691,T321
2013-07-10,104902,T321
2013-07-11,96281,T321
2013-07-12,92315,T321
2013-07-13,83448,T321
2013-07-14,74865,T321
2013-07-15,90362,T321
2013-07-16,96233,T321
2013-07-17,97561,T321
2013-07-18,96714,T321
2013-07-19,94201,T321
2013-07-20,84567,T321
2013-07-21,72698,T321
2013-07-22,89769,T321
2013-07-23,91931,T321
2013-07-24,94504,T321
2013-07-25,99302,T321
2013-07-26,90370,T321
2013-07-27,81064,T321
2013-07-28,71152,T321
2013-07-29,87785,T321
2013-07-30,98419,T321
2013-07-31,102593,T321
2013-08-01,97904,T321
2013-08-02,92663,T321
2013-08-03,81366,T321
2013-08-04,74376,T321
2013-08-05,86304,T321
2013-08-06,91573,T321
2013-08-07,90509,T321
2013-08-08,94667,T321
2013-08-09,101491,T321
2013-08-10,93985,T321
2013-08-11,85770,T321
2013-08-12,91653,T321
2013-08-13,96201,T321
2013-08-14,102513,T321
2013-08-15,95898,T321
2013-08-16,94211,T321
2013-08-17,89101,T321
2013-08-18,77022,T321
2013-08-19,92091,T321
2013-08-20,98043,T321
2013-08-21,96398,T321
2013-08-22,94479,T321
2013-08-23,94247,T321
2013-08-24,88452,T321
2013-08-25,79886,T321
2013-08-26,88168,T321
2013-08-27,93122,T321
2013-08-28,93872,T321
2013-08-29,95426,T321
2013-08-30,91922,T321
2013-08-31,85133,T321
2013-09-01,74835,T321
2013-09-02,91162,T321
2013-09-03,98633,T321
2013-09-04,96376,T321
2013-09-05,93885,T321
2013-09-06,92964,T321
2013-09-07,81724,T321
2013-09-08,68757,T321
2013-09-09,81091,T321
2013-09-10,90472,T321
2013-09-11,91010,T321
2013-09-12,98347,T321
2013-09-13,98758,T321
2013-09-14,85739,T321
2013-09-15,74994,T321
2013-09-16,84863,T321
2013-09-17,88909,T321
2013-09-18,85130,T321
2013-09-19,90465,T321
2013-09-20,97320,T321
2013-09-21,90223,T321
2013-09-22,71654,T321
2013-09-23,89015,T321
2013-09-24,91570,T321
2013-09-25,83882,T321
2013-09-26,86124,T321
2013-09-27,88076,T321
2013-09-28,79696,T321
2013-09-29,66165,T321
2013-09-30,81201,T321
2013-10-01,89183,T321
2013-10-02,84245,T321
2013-10-03,85853,T321
2013-10-04,85648,T321
2013-10-05,76017,T321
2013-10-06,68923,T321
2013-10-07,82316,T321
2013-10-08,85763,T321
2013-10-09,84966,T321
2013-10-10,85989,T321
2013-10-11,80738,T321
2013-10-12,68352,T321
2013-10-13,62426,T321
2013-10-14,72970,T321
2013-10-15,81252,T321
2013-10-16,78373,T321
2013-10-17,81819,T321
2013-10-18,83247,T321
2013-10-19,75383,T321
2013-10-20,66876,T321
2013-10-21,78708,T321
2013-10-22,81210,T321
2013-10-23,79115,T321
2013-10-24,82819,T321
2013-10-25,80217,T321
2013-10-26,70779,T321
2013-10-27,66204,T321
2013-10-28,71742,T321
2013-10-29,74372,T321
2013-10-30,73212,T321
2013-10-31,75474,T321
2013-11-01,76653,T321
2013-11-02,73939,T321
2013-11-03,64439,T321
2013-11-04,75403,T321
2013-11-05,79140,T321
2013-11-06,75720,T321
2013-11-07,78960,T321
2013-11-08,78648,T321
2013-11-09,69353,T321
2013-11-10,63311,T321
2013-11-11,73704,T321
2013-11-12,77542,T321
2013-11-13,77119,T321
2013-11-14,76221,T321
2013-11-15,75519,T321
2013-11-16,63466,T321
2013-11-17,60087,T321
2013-11-18,70629,T321
2013-11-19,75232,T321
2013-11-20,72515,T321
2013-11-21,72996,T321
2013-11-22,76852,T321
2013-11-23,66696,T321
2013-11-24,61337,T321
2013-11-25,72817,T321
2013-11-26,74629,T321
2013-11-27,74337,T321
2013-11-28,76733,T321
2013-11-29,76141,T321
2013-11-30,65788,T321
2013-12-01,61961,T321
2013-12-02,72296,T321
2013-12-03,74834,T321
2013-12-04,72481,T321
2013-12-05,73655,T321
2013-12-06,73118,T321
2013-12-07,64569,T321
2013-12-08,59601,T321
2013-12-09,70443,T321
2013-12-10,73692,T321
2013-12-11,71821,T321
2013-12-12,75332,T321
2013-12-13,79316,T321
2013-12-14,72415,T321
2013-12-15,65508,T321
2013-12-16,73654,T321
2013-12-17,76369,T321
2013-12-18,76082,T321
2013-12-19,75702,T321
2013-12-20,75702,T321
2013-12-21,70308,T321
2013-12-22,63768,T321
2013-12-23,75437,T321
2013-12-24,74052,T321
2013-12-25,63238,T321
2013-12-26,74827,T321
2013-12-27,79311,T321
2013-12-28,71793,T321
2013-12-29,65118,T321
2013-12-30,73085,T321
2013-12-31,70838,T321
2014-01-01,66324,T321
2014-01-02,78029,T321
2014-01-03,75292,T321
2014-01-04,69077,T321
2014-01-05,64010,T321
2014-01-06,73245,T321
2014-01-07,74560,T321
2014-01-08,72876,T321
2014-01-09,74189,T321
2014-01-10,74669,T321
2014-01-11,66082,T321
2014-01-12,61994,T321
2014-01-13,71856,T321
2014-01-14,75827,T321
2014-01-15,73379,T321
2014-01-16,73258,T321
2014-01-17,73874,T321
2014-01-18,64460,T321
2014-01-19,62378,T321
2014-01-20,72663,T321
2014-01-21,73723,T321
2014-01-22,72586,T321
2014-01-23,72875,T321
2014-01-24,75385,T321
2014-01-25,70016,T321
2014-01-26,63137,T321
2014-01-27,71969,T321
2014-01-28,74478,T321
2014-01-29,71682,T321
2014-01-30,72277,T321
2014-01-31,75074,T321
2014-02-01,66674,T321
2014-02-02,61289,T321
2014-02-03,71053,T321
2014-02-04,72223,T321
2014-02-05,71715,T321
2014-02-06,75752,T321
2014-02-07,74088,T321
2014-02-08,68118,T321
2014-02-09,63411,T321
2014-02-10,71575,T321
2014-02-11,74146,T321
2014-02-12,74040,T321
2014-02-13,76250,T321
2014-02-14,75429,T321
2014-02-15,67941,T321
2014-02-16,62382,T321
2014-02-17,73072,T321
2014-02-18,74912,T321
2014-02-19,75359,T321
2014-02-20,75953,T321
2014-02-21,76186,T321
2014-02-22,70614,T321
2014-02-23,64382,T321
2014-02-24,73936,T321
2014-02-25,74950,T321
2014-02-26,72045,T321
2014-02-27,76126,T321
2014-02-28,75692,T321
2014-03-01,68717,T321
2014-03-02,64013,T321
2014-03-03,71518,T321
2014-03-04,72275,T321
2014-03-05,73058,T321
2014-03-06,75653,T321
2014-03-07,78722,T321
2014-03-08,71765,T321
2014-03-09,64577,T321
2014-03-10,73764,T321
2014-03-11,78118,T321
2014-03-12,75981,T321
2014-03-13,76383,T321
2014-03-14,76747,T321
2014-03-15,70040,T321
2014-03-16,65393,T321
2014-03-17,74906,T321
2014-03-18,77496,T321
2014-03-19,77135,T321
2014-03-20,77281,T321
2014-03-21,76754,T321
2014-03-22,70353,T321
2014-03-23,64683,T321
2014-03-24,73289,T321
2014-03-25,75831,T321
2014-03-26,74904,T321
2014-03-27,74862,T321
2014-03-28,76038,T321
2014-03-29,69317,T321
2014-03-30,62252,T321
2014-03-31,72405,T321
2014-04-01,73971,T321
2014-04-02,74597,T321
2014-04-03,75002,T321
2014-04-04,75113,T321
2014-04-05,71555,T321
2014-04-06,65817,T321
2014-04-07,77374,T321
2014-04-08,81800,T321
2014-04-09,80260,T321
2014-04-10,81281,T321
2014-04-11,78673,T321
2014-04-12,71442,T321
2014-04-13,66387,T321
2014-04-14,77906,T321
2014-04-15,78954,T321
2014-04-16,78535,T321
2014-04-17,83628,T321
2014-04-18,75059,T321
2014-04-19,66326,T321
2014-04-20,61467,T321
2014-04-21,72046,T321
2014-04-22,72780,T321
2014-04-23,72547,T321
2014-04-24,73719,T321
2014-04-25,70840,T321
2014-04-26,67878,T321
2014-04-27,60587,T321
2014-04-28,72128,T321
2014-04-29,78207,T321
2014-04-30,78446,T321
2014-05-01,74596,T321
2014-05-02,83693,T321
2014-05-03,75057,T321
2014-05-04,68153,T321
2014-05-05,78744,T321
2014-05-06,76825,T321
2014-05-07,77853,T321
2014-05-08,78702,T321
2014-05-09,82854,T321
2014-05-10,76839,T321
2014-05-11,65755,T321
2014-05-12,77559,T321
2014-05-13,85740,T321
2014-05-14,89977,T321
2014-05-15,94847,T321
2014-05-16,88585,T321
2014-05-17,82410,T321
2014-05-18,71379,T321
2014-05-19,75939,T321
2014-05-20,73732,T321
2014-05-21,70662,T321
2014-05-22,73600,T321
2014-05-23,74381,T321
2014-05-24,69485,T321
2014-05-25,63679,T321
2014-05-26,70796,T321
2014-05-27,74505,T321
2014-05-28,74138,T321
2014-05-29,74839,T321
2014-05-30,78167,T321
2014-05-31,74286,T321
2014-06-01,66930,T321
2014-06-02,78361,T321
2014-06-03,78179,T321
2014-06-04,74618,T321
2014-06-05,77411,T321
2014-06-06,76277,T321
2014-06-07,71961,T321
2014-06-08,63464,T321
2014-06-09,75425,T321
2014-06-10,76464,T321
2014-06-11,86624,T321
2014-06-12,98068,T321
2014-06-13,103579,T321
2014-06-14,88801,T321
2014-06-15,77250,T321
2014-06-16,91581,T321
2014-06-17,92572,T321
2014-06-18,85913,T321
2014-06-19,86804,T321
2014-06-20,86499,T321
2014-06-21,80420,T321
2014-06-22,68935,T321
2014-06-23,78769,T321
2014-06-24,82887,T321
2014-06-25,82157,T321
2014-06-26,84998,T321
2014-06-27,84594,T321
2014-06-28,77909,T321
2014-06-29,69437,T321
2014-06-30,81458,T321
2014-07-01,82895,T321
2014-07-02,81843,T321
2014-07-03,88840,T321
2014-07-04,87312,T321
2014-07-05,79797,T321
2014-07-06,72111,T321
2014-07-07,80675,T321
2014-07-08,86844,T321
2014-07-09,89098,T321
2014-07-10,93469,T321
2014-07-11,95967,T321
2014-07-12,82248,T321
2014-07-13,72529,T321
2014-07-14,86069,T321
2014-07-15,91489,T321
2014-07-16,92347,T321
2014-07-17,91622,T321
2014-07-18,89161,T321
2014-07-19,82611,T321
2014-07-20,75032,T321
2014-07-21,89602,T321
2014-07-22,93561,T321
2014-07-23,87565,T321
2014-07-24,87776,T321
2014-07-25,90663,T321
2014-07-26,81855,T321
2014-07-27,72171,T321
2014-07-28,87936,T321
2014-07-29,96651,T321
2014-07-30,97873,T321
2014-07-31,91087,T321
2014-08-01,89562,T321
2014-08-02,84078,T321
2014-08-03,75108,T321
2014-08-04,86771,T321
2014-08-05,95404,T321
2014-08-06,96041,T321
2014-08-07,99621,T321
2014-08-08,99600,T321
2014-08-09,95332,T321
2014-08-10,81062,T321
2014-08-11,90069,T321
2014-08-12,95715,T321
2014-08-13,93071,T321
2014-08-14,92264,T321
2014-08-15,88041,T321
2014-08-16,89722,T321
2014-08-17,83996,T321
2014-08-18,92963,T321
2014-08-19,94666,T321
2014-08-20,94225,T321
2012-01-01,708873,T237
2012-01-02,1079319,T237
2012-01-03,1108702,T237
2012-01-04,1073933,T237
2012-01-05,1120990,T237
2012-01-06,1106047,T237
2012-01-07,1088563,T237
2012-01-08,1050173,T237
2012-01-09,1009715,T237
2012-01-10,1011660,T237
2012-01-11,1023647,T237
2012-01-12,1017788,T237
2012-01-13,1066697,T237
2012-01-14,1074864,T237
2012-01-15,1064620,T237
2012-01-16,1033510,T237
2012-01-17,1033677,T237
2012-01-18,1014567,T237
2012-01-19,1031300,T237
2012-01-20,1131413,T237
2012-01-21,1122235,T237
2012-01-22,1112587,T237
2012-01-23,1085951,T237
2012-01-24,1121196,T237
2012-01-25,1121049,T237
2012-01-26,1050477,T237
2012-01-27,1006825,T237
2012-01-28,1061617,T237
2012-01-29,1059479,T237
2012-01-30,1089159,T237
2012-01-31,1017738,T237
2012-02-01,1084079,T237
2012-02-02,1013279,T237
2012-02-03,953395,T237
2012-02-04,970795,T237
2012-02-05,1001090,T237
2012-02-06,1030391,T237
2012-02-07,1004468,T237
2012-02-08,997724,T237
2012-02-09,982083,T237
2012-02-10,1047719,T237
2012-02-11,1062531,T237
2012-02-12,978439,T237
2012-02-13,945912,T237
2012-02-14,1062096,T237
2012-02-15,1003702,T237
2012-02-16,1016156,T237
2012-02-17,1047693,T237
2012-02-18,1078674,T237
2012-02-19,1051756,T237
2012-02-20,1069150,T237
2012-02-21,1110004,T237
2012-02-22,1084530,T237
2012-02-23,1123036,T237
2012-02-24,1135936,T237
2012-02-25,1186359,T237
2012-02-26,1119490,T237
2012-02-27,1118834,T237
2012-02-28,1143641,T237
2012-02-29,1095103,T237
2012-03-01,1099019,T237
2012-03-02,1127941,T237
2012-03-03,1180282,T237
2012-03-04,1159210,T237
2012-03-05,1100631,T237
2012-03-06,1127781,T237
2012-03-07,1080101,T237
2012-03-08,1119628,T237
2012-03-09,1095386,T237
2012-03-10,1197873,T237
2012-03-11,1175289,T237
2012-03-12,1204351,T237
2012-03-13,1108983,T237
2012-03-14,1111461,T237
2012-03-15,1111095,T237
2012-03-16,1142635,T237
2012-03-17,1161983,T237
2012-03-18,1074137,T237
2012-03-19,1013177,T237
2012-03-20,1059315,T237
2012-03-21,1006741,T237
2012-03-22,1042427,T237
2012-03-23,1087515,T237
2012-03-24,1176212,T237
2012-03-25,1132080,T237
2012-03-26,1161831,T237
2012-03-27,1128240,T237
2012-03-28,1123640,T237
2012-03-29,1119384,T237
2012-03-30,1213738,T237
2012-03-31,1207707,T237
2012-04-01,1181781,T237
2012-04-02,1148319,T237
2012-04-03,1058452,T237
2012-04-04,1031017,T237
2012-04-05,995978,T237
2012-04-06,1040602,T237
2012-04-07,1028755,T237
2012-04-08,957591,T237
2012-04-09,1049153,T237
2012-04-10,1137408,T237
2012-04-11,1029613,T237
2012-04-12,998283,T237
2012-04-13,1027365,T237
2012-04-14,1065328,T237
2012-04-15,975564,T237
2012-04-16,923772,T237
2012-04-17,987688,T237
2012-04-18,1000202,T237
2012-04-19,1004900,T237
2012-04-20,1080062,T237
2012-04-21,1122144,T237
2012-04-22,1077008,T237
2012-04-23,1060817,T237
2012-04-24,1095754,T237
2012-04-25,1006755,T237
2012-04-26,1023454,T237
2012-04-27,1056949,T237
2012-04-28,1071778,T237
2012-04-29,1019547,T237
2012-04-30,980461,T237
2012-05-01,1024374,T237
2012-05-02,996642,T237
2012-05-03,1028512,T237
2012-05-04,1059764,T237
2012-05-05,1100803,T237
2012-05-06,1075071,T237
2012-05-07,1142130,T237
2012-05-08,1224838,T237
2012-05-09,1225487,T237
2012-05-10,1203603,T237
2012-05-11,1227383,T237
2012-05-12,1305290,T237
2012-05-13,1238840,T237
2012-05-14,1230026,T237
2012-05-15,1288861,T237
2012-05-16,1227619,T237
2012-05-17,1183146,T237
2012-05-18,1152033,T237
2012-05-19,1138745,T237
2012-05-20,1082517,T237
2012-05-21,1075035,T237
2012-05-22,1152035,T237
2012-05-23,1148901,T237
2012-05-24,1128863,T237
2012-05-25,1135213,T237
2012-05-26,1122628,T237
2012-05-27,1088190,T237
2012-05-28,1100699,T237
2012-05-29,1186482,T237
2012-05-30,1133727,T237
2012-05-31,1191587,T237
2012-06-01,1226020,T237
2012-06-02,1202835,T237
2012-06-03,1158947,T237
2012-06-04,1162731,T237
2012-06-05,1214607,T237
2012-06-06,1169768,T237
2012-06-07,1139894,T237
2012-06-08,1118631,T237
2012-06-09,1179970,T237
2012-06-10,1177642,T237
2012-06-11,1107423,T237
2012-06-12,1083467,T237
2012-06-13,1081355,T237
2012-06-14,1124060,T237
2012-06-15,1170101,T237
2012-06-16,1208348,T237
2012-06-17,1180528,T237
2012-06-18,1124603,T237
2012-06-19,1119287,T237
2012-06-20,1139877,T237
2012-06-21,1128912,T237
2012-06-22,1105031,T237
2012-06-23,1118813,T237
2012-06-24,1198001,T237
2012-06-25,1252096,T237
2012-06-26,1399921,T237
2012-06-27,1278718,T237
2012-06-28,1189105,T237
2012-06-29,1186219,T237
2012-06-30,1172490,T237
2012-07-01,1113450,T237
2012-07-02,1151283,T237
2012-07-03,1168608,T237
2012-07-04,1170808,T237
2012-07-05,1105921,T237
2012-07-06,1159036,T237
2012-07-07,1216519,T237
2012-07-08,1172706,T237
2012-07-09,1125260,T237
2012-07-10,1124134,T237
2012-07-11,1097640,T237
2012-07-12,1111289,T237
2012-07-13,1177326,T237
2012-07-14,1183247,T237
2012-07-15,1157739,T237
2012-07-16,1233224,T237
2012-07-17,1301731,T237
2012-07-18,1287616,T237
2012-07-19,1216692,T237
2012-07-20,1197610,T237
2012-07-21,1246036,T237
2012-07-22,1242378,T237
2012-07-23,1200363,T237
2012-07-24,1288691,T237
2012-07-25,1219623,T237
2012-07-26,1204790,T237
2012-07-27,1239571,T237
2012-07-28,1241297,T237
2012-07-29,1193149,T237
2012-07-30,1181293,T237
2012-07-31,1229053,T237
2012-08-01,1216405,T237
2012-08-02,1209079,T237
2012-08-03,1234980,T237
2012-08-04,1219123,T237
2012-08-05,1186833,T237
2012-08-06,1151919,T237
2012-08-07,1222600,T237
2012-08-08,1204893,T237
2012-08-09,1250743,T237
2012-08-10,1279278,T237
2012-08-11,1269614,T237
2012-08-12,1228921,T237
2012-08-13,1224824,T237
2012-08-14,1260434,T237
2012-08-15,1273273,T237
2012-08-16,1181012,T237
2012-08-17,1289945,T237
2012-08-18,1308750,T237
2012-08-19,1293742,T237
2012-08-20,1319462,T237
2012-08-21,1364364,T237
2012-08-22,1256685,T237
2012-08-23,1212626,T237
2012-08-24,1214640,T237
2012-08-25,1254778,T237
2012-08-26,1189690,T237
2012-08-27,1183384,T237
2012-08-28,1227587,T237
2012-08-29,1168204,T237
2012-08-30,1198939,T237
2012-08-31,1221680,T237
2012-09-01,1201176,T237
2012-09-02,1214977,T237
2012-09-03,1193239,T237
2012-09-04,1231788,T237
2012-09-05,1235265,T237
2012-09-06,1250721,T237
2012-09-07,1312417,T237
2012-09-08,1289856,T237
2012-09-09,1256682,T237
2012-09-10,1231870,T237
2012-09-11,1267208,T237
2012-09-12,1261910,T237
2012-09-13,1251867,T237
2012-09-14,1288017,T237
2012-09-15,1286453,T237
2012-09-16,1251893,T237
2012-09-17,1234543,T237
2012-09-18,1249599,T237
2012-09-19,1239703,T237
2012-09-20,1224989,T237
2012-09-21,1245284,T237
2012-09-22,1268805,T237
2012-09-23,1259048,T237
2012-09-24,1228895,T237
2012-09-25,1223153,T237
2012-09-26,1167015,T237
2012-09-27,1126630,T237
2012-09-28,1189047,T237
2012-09-29,1226506,T237
2012-09-30,1185528,T237
2012-10-01,1149159,T237
2012-10-02,1144847,T237
2012-10-03,1149226,T237
2012-10-04,1141442,T237
2012-10-05,1222050,T237
2012-10-06,1244258,T237
2012-10-07,1208742,T237
2012-10-08,1223307,T237
2012-10-09,1302330,T237
2012-10-10,1238679,T237
2012-10-11,1209386,T237
2012-10-12,1199655,T237
2012-10-13,1183947,T237
2012-10-14,1180528,T237
2012-10-15,1092199,T237
2012-10-16,1147081,T237
2012-10-17,1139509,T237
2012-10-18,1093918,T237
2012-10-19,1097443,T237
2012-10-20,1092424,T237
2012-10-21,1100715,T237
2012-10-22,1186587,T237
2012-10-23,1236920,T237
2012-10-24,1148465,T237
2012-10-25,1144601,T237
2012-10-26,1173034,T237
2012-10-27,1172092,T237
2012-10-28,1117402,T237
2012-10-29,1051643,T237
2012-10-30,1127974,T237
2012-10-31,1057670,T237
2012-11-01,1070602,T237
2012-11-02,1107869,T237
2012-11-03,1187443,T237
2012-11-04,1109005,T237
2012-11-05,1039649,T237
2012-11-06,1044668,T237
2012-11-07,967650,T237
2012-11-08,1031813,T237
2012-11-09,1057909,T237
2012-11-10,1106416,T237
2012-11-11,986974,T237
2012-11-12,983242,T237
2012-11-13,994913,T237
2012-11-14,952111,T237
2012-11-15,1011031,T237
2012-11-16,1061583,T237
2012-11-17,1109063,T237
2012-11-18,1024415,T237
2012-11-19,997749,T237
2012-11-20,991440,T237
2012-11-21,992797,T237
2012-11-22,964085,T237
2012-11-23,1022178,T237
2012-11-24,1093084,T237
2012-11-25,1075730,T237
2012-11-26,1006839,T237
2012-11-27,956962,T237
2012-11-28,923019,T237
2012-11-29,905393,T237
2012-11-30,942200,T237
2012-12-01,919046,T237
2012-12-02,928281,T237
2012-12-03,920250,T237
2012-12-04,979318,T237
2012-12-05,984219,T237
2012-12-06,989580,T237
2012-12-07,1043825,T237
2012-12-08,1016764,T237
2012-12-09,974878,T237
2012-12-10,962056,T237
2012-12-11,956465,T237
2012-12-12,935818,T237
2012-12-13,971620,T237
2012-12-14,1031396,T237
2012-12-15,1091076,T237
2012-12-16,1054299,T237
2012-12-17,1053125,T237
2012-12-18,1035030,T237
2012-12-19,1031501,T237
2012-12-20,1042736,T237
2012-12-21,1097757,T237
2012-12-22,1084354,T237
2012-12-23,1069267,T237
2012-12-24,981061,T237
2012-12-25,605877,T237
2012-12-26,978118,T237
2012-12-27,1000571,T237
2012-12-28,982821,T237
2012-12-29,1025165,T237
2012-12-30,1017511,T237
2012-12-31,993231,T237
2013-01-01,590357,T237
2013-01-02,992252,T237
2013-01-03,928415,T237
2013-01-04,944675,T237
2013-01-05,999498,T237
2013-01-06,977766,T237
2013-01-07,967081,T237
2013-01-08,994834,T237
2013-01-09,1096609,T237
2013-01-10,1163772,T237
2013-01-11,1102973,T237
2013-01-12,1049421,T237
2013-01-13,941171,T237
2013-01-14,980904,T237
2013-01-15,978523,T237
2013-01-16,989147,T237
2013-01-17,1001741,T237
2013-01-18,1027595,T237
2013-01-19,956634,T237
2013-01-20,973761,T237
2013-01-21,939064,T237
2013-01-22,919686,T237
2013-01-23,950268,T237
2013-01-24,1003308,T237
2013-01-25,1036850,T237
2013-01-26,1066844,T237
2013-01-27,1025225,T237
2013-01-28,986322,T237
2013-01-29,990135,T237
2013-01-30,967941,T237
2013-01-31,960999,T237
2013-02-01,995259,T237
2013-02-02,980515,T237
2013-02-03,887933,T237
2013-02-04,926331,T237
2013-02-05,933774,T237
2013-02-06,977495,T237
2013-02-07,923907,T237
2013-02-08,903421,T237
2013-02-09,965364,T237
2013-02-10,926715,T237
2013-02-11,909870,T237
2013-02-12,959445,T237
2013-02-13,958880,T237
2013-02-14,950316,T237
2013-02-15,984132,T237
2013-02-16,1014058,T237
2013-02-17,995392,T237
2013-02-18,966708,T237
2013-02-19,966343,T237
2013-02-20,978661,T237
2013-02-21,986740,T237
2013-02-22,996750,T237
2013-02-23,954130,T237
2013-02-24,914516,T237
2013-02-25,917793,T237
2013-02-26,944518,T237
2013-02-27,886440,T237
2013-02-28,856277,T237
2013-03-01,937838,T237
2013-03-02,964814,T237
2013-03-03,989308,T237
2013-03-04,948208,T237
2013-03-05,1039169,T237
2013-03-06,991862,T237
2013-03-07,997204,T237
2013-03-08,1022338,T237
2013-03-09,1016493,T237
2013-03-10,992969,T237
2013-03-11,953653,T237
2013-03-12,1051428,T237
2013-03-13,938555,T237
2013-03-14,894158,T237
2013-03-15,957143,T237
2013-03-16,1016366,T237
2013-03-17,1005375,T237
2013-03-18,945509,T237
2013-03-19,927520,T237
2013-03-20,951574,T237
2013-03-21,935778,T237
2013-03-22,1013819,T237
2013-03-23,1037817,T237
2013-03-24,1008211,T237
2013-03-25,1053235,T237
2013-03-26,1124768,T237
2013-03-27,1074935,T237
2013-03-28,1090682,T237
2013-03-29,1151131,T237
2013-03-30,1135447,T237
2013-03-31,1015145,T237
2013-04-01,1111917,T237
2013-04-02,1032344,T237
2013-04-03,986691,T237
2013-04-04,1008354,T237
2013-04-05,947539,T237
2013-04-06,975938,T237
2013-04-07,987132,T237
2013-04-08,1002383,T237
2013-04-09,1054193,T237
2013-04-10,1052174,T237
2013-04-11,1031342,T237
2013-04-12,1051332,T237
2013-04-13,1065652,T237
2013-04-14,1064461,T237
2013-04-15,1080941,T237
2013-04-16,1070635,T237
2013-04-17,1039035,T237
2013-04-18,990047,T237
2013-04-19,1014579,T237
2013-04-20,1065644,T237
2013-04-21,1044112,T237
2013-04-22,1008173,T237
2013-04-23,1038827,T237
2013-04-24,1066976,T237
2013-04-25,1094530,T237
2013-04-26,1081262,T237
2013-04-27,946505,T237
2013-04-28,887080,T237
2013-04-29,938560,T237
2013-04-30,960367,T237
2013-05-01,999517,T237
2013-05-02,992360,T237
2013-05-03,1048444,T237
2013-05-04,1088383,T237
2013-05-05,1060434,T237
2013-05-06,1114755,T237
2013-05-07,1076277,T237
2013-05-08,1061679,T237
2013-05-09,1035383,T237
2013-05-10,1044532,T237
2013-05-11,1064343,T237
2013-05-12,1066835,T237
2013-05-13,1097619,T237
2013-05-14,1136667,T237
2013-05-15,986765,T237
2013-05-16,1019189,T237
2013-05-17,1020797,T237
2013-05-18,988630,T237
2013-05-19,1011924,T237
2013-05-20,981580,T237
2013-05-21,1055948,T237
2013-05-22,1031608,T237
2013-05-23,1024988,T237
2013-05-24,1052603,T237
2013-05-25,1070962,T237
2013-05-26,1010281,T237
2013-05-27,1045221,T237
2013-05-28,1103073,T237
2013-05-29,1064852,T237
2013-05-30,958435,T237
2013-05-31,1024714,T237
2013-06-01,1081934,T237
2013-06-02,1079353,T237
2013-06-03,1127569,T237
2013-06-04,1132735,T237
2013-06-05,1171682,T237
2013-06-06,1096135,T237
2013-06-07,1035914,T237
2013-06-08,1080365,T237
2013-06-09,1050713,T237
2013-06-10,1028272,T237
2013-06-11,1078477,T237
2013-06-12,1080917,T237
2013-06-13,1105056,T237
2013-06-14,1069085,T237
2013-06-15,1118496,T237
2013-06-16,1083528,T237
2013-06-17,1053840,T237
2013-06-18,1016785,T237
2013-06-19,1029091,T237
2013-06-20,1041868,T237
2013-06-21,1099860,T237
2013-06-22,1159350,T237
2013-06-23,1124533,T237
2013-06-24,1166279,T237
2013-06-25,1222675,T237
2013-06-26,1198907,T237
2013-06-27,1218973,T237
2013-06-28,1251821,T237
2013-06-29,1295112,T237
2013-06-30,1283037,T237
2013-07-01,1161533,T237
2013-07-02,1191969,T237
2013-07-03,1196568,T237
2013-07-04,1279021,T237
2013-07-05,1343892,T237
2013-07-06,1366084,T237
2013-07-07,1329136,T237
2013-07-08,1248065,T237
2013-07-09,1266670,T237
2013-07-10,1224487,T237
2013-07-11,1198771,T237
2013-07-12,1213500,T237
2013-07-13,1234646,T237
2013-07-14,1176719,T237
2013-07-15,1166602,T237
2013-07-16,1161034,T237
2013-07-17,1195288,T237
2013-07-18,1220559,T237
2013-07-19,1218236,T237
2013-07-20,1208667,T237
2013-07-21,1175567,T237
2013-07-22,1187505,T237
2013-07-23,1178922,T237
2013-07-24,1217645,T237
2013-07-25,1248568,T237
2013-07-26,1214034,T237
2013-07-27,1227738,T237
2013-07-28,1190461,T237
2013-07-29,1178863,T237
2013-07-30,1251328,T237
2013-07-31,1269366,T237
2013-08-01,1258842,T237
2013-08-02,1263315,T237
2013-08-03,1244023,T237
2013-08-04,1168685,T237
2013-08-05,1200827,T237
2013-08-06,1277303,T237
2013-08-07,1201577,T237
2013-08-08,1171846,T237
2013-08-09,1283788,T237
2013-08-10,1322896,T237
2013-08-11,1276857,T237
2013-08-12,1225414,T237
2013-08-13,1220120,T237
2013-08-14,1239849,T237
2013-08-15,1231213,T237
2013-08-16,1211747,T237
2013-08-17,1224264,T237
2013-08-18,1224106,T237
2013-08-19,1257705,T237
2013-08-20,1286106,T237
2013-08-21,1214356,T237
2013-08-22,1220282,T237
2013-08-23,1183299,T237
2013-08-24,1224021,T237
2013-08-25,1174165,T237
2013-08-26,1148740,T237
2013-08-27,1177493,T237
2013-08-28,1170461,T237
2013-08-29,1177327,T237
2013-08-30,1225286,T237
2013-08-31,1214816,T237
2013-09-01,1174153,T237
2013-09-02,1189136,T237
2013-09-03,1216855,T237
2013-09-04,1196807,T237
2013-09-05,1188325,T237
2013-09-06,1181622,T237
2013-09-07,1169745,T237
2013-09-08,1097561,T237
2013-09-09,1081353,T237
2013-09-10,1135507,T237
2013-09-11,1144512,T237
2013-09-12,1170232,T237
2013-09-13,1177687,T237
2013-09-14,1189394,T237
2013-09-15,1157640,T237
2013-09-16,1107031,T237
2013-09-17,1115972,T237
2013-09-18,1114578,T237
2013-09-19,1131491,T237
2013-09-20,1195942,T237
2013-09-21,1236638,T237
2013-09-22,1202431,T237
2013-09-23,1172650,T237
2013-09-24,1238348,T237
2013-09-25,1177835,T237
2013-09-26,1130209,T237
2013-09-27,1165828,T237
2013-09-28,1200124,T237
2013-09-29,1173362,T237
2013-09-30,1153461,T237
2013-10-01,1133806,T237
2013-10-02,1168829,T237
2013-10-03,1153589,T237
2013-10-04,1174092,T237
2013-10-05,1191640,T237
2013-10-06,1148349,T237
2013-10-07,1133901,T237
2013-10-08,1188192,T237
2013-10-09,1137404,T237
2013-10-10,1128472,T237
2013-10-11,1155458,T237
2013-10-12,1163059,T237
2013-10-13,1150147,T237
2013-10-14,1158808,T237
2013-10-15,1208203,T237
2013-10-16,1147560,T237
2013-10-17,1149649,T237
2013-10-18,1167894,T237
2013-10-19,1200984,T237
2013-10-20,1156224,T237
2013-10-21,1122791,T237
2013-10-22,1207465,T237
2013-10-23,1146138,T237
2013-10-24,1163525,T237
2013-10-25,1163205,T237
2013-10-26,1158713,T237
2013-10-27,1165723,T237
2013-10-28,1089545,T237
2013-10-29,1023640,T237
2013-10-30,1050008,T237
2013-10-31,997909,T237
2013-11-01,1179335,T237
2013-11-02,1156219,T237
2013-11-03,1136744,T237
2013-11-04,1095763,T237
2013-11-05,1091405,T237
2013-11-06,1133882,T237
2013-11-07,1089785,T237
2013-11-08,1123653,T237
2013-11-09,1105373,T237
2013-11-10,1076446,T237
2013-11-11,1037709,T237
2013-11-12,1107872,T237
2013-11-13,1082456,T237
2013-11-14,1026829,T237
2013-11-15,1058315,T237
2013-11-16,1042729,T237
2013-11-17,1030881,T237
2013-11-18,1106654,T237
2013-11-19,1049622,T237
2013-11-20,979479,T237
2013-11-21,986990,T237
2013-11-22,1100357,T237
2013-11-23,1094756,T237
2013-11-24,1020301,T237
2013-11-25,1000990,T237
2013-11-26,999605,T237
2013-11-27,968373,T237
2013-11-28,999894,T237
2013-11-29,1033455,T237
2013-11-30,1078746,T237
2013-12-01,1027645,T237
2013-12-02,991690,T237
2013-12-03,1016321,T237
2013-12-04,1022101,T237
2013-12-05,1044412,T237
2013-12-06,1078385,T237
2013-12-07,1084578,T237
2013-12-08,1067978,T237
2013-12-09,1007676,T237
2013-12-10,1036350,T237
2013-12-11,1058343,T237
2013-12-12,1079373,T237
2013-12-13,1139061,T237
2013-12-14,1142042,T237
2013-12-15,1099213,T237
2013-12-16,1080587,T237
2013-12-17,1134104,T237
2013-12-18,1125540,T237
2013-12-19,1123530,T237
2013-12-20,1106831,T237
2013-12-21,1109695,T237
2013-12-22,1094575,T237
2013-12-23,1140775,T237
2013-12-24,1081616,T237
2013-12-25,682687,T237
2013-12-26,1090394,T237
2013-12-27,1224449,T237
2013-12-28,1163697,T237
2013-12-29,1136071,T237
2013-12-30,1157674,T237
2013-12-31,1123722,T237
2014-01-01,717299,T237
2014-01-02,1120350,T237
2014-01-03,1168176,T237
2014-01-04,1178148,T237
2014-01-05,1154581,T237
2014-01-06,1157322,T237
2014-01-07,1187004,T237
2014-01-08,1165382,T237
2014-01-09,1111383,T237
2014-01-10,1161803,T237
2014-01-11,1174768,T237
2014-01-12,1179143,T237
2014-01-13,1118901,T237
2014-01-14,1143734,T237
2014-01-15,1123681,T237
2014-01-16,1090576,T237
2014-01-17,1116357,T237
2014-01-18,1133765,T237
2014-01-19,1077071,T237
2014-01-20,1096672,T237
2014-01-21,1122165,T237
2014-01-22,1089910,T237
2014-01-23,1053865,T237
2014-01-24,1120062,T237
2014-01-25,1162604,T237
2014-01-26,1145806,T237
2014-01-27,1102838,T237
2014-01-28,1079895,T237
2014-01-29,1077647,T237
2014-01-30,1065584,T237
2014-01-31,1132672,T237
2014-02-01,1142365,T237
2014-02-02,1081008,T237
2014-02-03,1075243,T237
2014-02-04,1111475,T237
2014-02-05,1129017,T237
2014-02-06,1110629,T237
2014-02-07,1107326,T237
2014-02-08,1126368,T237
2014-02-09,1080569,T237
2014-02-10,1044742,T237
2014-02-11,1104035,T237
2014-02-12,1098097,T237
2014-02-13,1104090,T237
2014-02-14,1130316,T237
2014-02-15,1062270,T237
2014-02-16,1016712,T237
2014-02-17,971724,T237
2014-02-18,1005827,T237
2014-02-19,1015101,T237
2014-02-20,1045353,T237
2014-02-21,1039174,T237
2014-02-22,1064720,T237
2014-02-23,1017247,T237
2014-02-24,1014265,T237
2014-02-25,1105880,T237
2014-02-26,1040014,T237
2014-02-27,1074501,T237
2014-02-28,1082101,T237
2014-03-01,1134784,T237
2014-03-02,1086001,T237
2014-03-03,1027699,T237
2014-03-04,1040859,T237
2014-03-05,1099347,T237
2014-03-06,1024555,T237
2014-03-07,1077415,T237
2014-03-08,1093391,T237
2014-03-09,1063965,T237
2014-03-10,1024275,T237
2014-03-11,1035478,T237
2014-03-12,1034041,T237
2014-03-13,1039155,T237
2014-03-14,1053615,T237
2014-03-15,1100553,T237
2014-03-16,1070452,T237
2014-03-17,1062630,T237
2014-03-18,1024671,T237
2014-03-19,1034765,T237
2014-03-20,1021193,T237
2014-03-21,1079400,T237
2014-03-22,1064569,T237
2014-03-23,1017968,T237
2014-03-24,1046621,T237
2014-03-25,1054442,T237
2014-03-26,971225,T237
2014-03-27,962490,T237
2014-03-28,1033261,T237
2014-03-29,1034821,T237
2014-03-30,998007,T237
2014-03-31,1044074,T237
2014-04-01,1014830,T237
2014-04-02,1025229,T237
2014-04-03,1008433,T237
2014-04-04,1059069,T237
2014-04-05,1138893,T237
2014-04-06,1109650,T237
2014-04-07,1100591,T237
2014-04-08,1089316,T237
2014-04-09,1112137,T237
2014-04-10,1077431,T237
2014-04-11,1107539,T237
2014-04-12,1122233,T237
2014-04-13,1103985,T237
2014-04-14,1101392,T237
2014-04-15,1102078,T237
2014-04-16,1145662,T237
2014-04-17,1145202,T237
2014-04-18,1133695,T237
2014-04-19,1132726,T237
2014-04-20,1030604,T237
2014-04-21,1117910,T237
2014-04-22,1143374,T237
2014-04-23,1089261,T237
2014-04-24,1051476,T237
2014-04-25,1088718,T237
2014-04-26,1132072,T237
2014-04-27,1079418,T237
2014-04-28,1104111,T237
2014-04-29,1115922,T237
2014-04-30,1114964,T237
2014-05-01,1124571,T237
2014-05-02,1164079,T237
2014-05-03,1188993,T237
2014-05-04,1170769,T237
2014-05-05,1181817,T237
2014-05-06,1151349,T237
2014-05-07,1136829,T237
2014-05-08,1116462,T237
2014-05-09,1109244,T237
2014-05-10,1140152,T237
2014-05-11,1079411,T237
2014-05-12,1075493,T237
2014-05-13,1096524,T237
2014-05-14,1125773,T237
2014-05-15,1142673,T237
2014-05-16,1132040,T237
2014-05-17,1148511,T237
2014-05-18,1115505,T237
2014-05-19,1039833,T237
2014-05-20,1059478,T237
2014-05-21,984343,T237
2014-05-22,1003338,T237
2014-05-23,1044038,T237
2014-05-24,1042151,T237
2014-05-25,1019060,T237
2014-05-26,1000022,T237
2014-05-27,1106865,T237
2014-05-28,1061758,T237
2014-05-29,1081068,T237
2014-05-30,1087227,T237
2014-05-31,1121339,T237
2014-06-01,1094875,T237
2014-06-02,1088310,T237
2014-06-03,1106026,T237
2014-06-04,1088218,T237
2014-06-05,1053565,T237
2014-06-06,1111816,T237
2014-06-07,1133988,T237
2014-06-08,1108392,T237
2014-06-09,1104553,T237
2014-06-10,1110270,T237
2014-06-11,1122022,T237
2014-06-12,1203789,T237
2014-06-13,1275255,T237
2014-06-14,1307360,T237
2014-06-15,1288468,T237
2014-06-16,1253341,T237
2014-06-17,1217776,T237
2014-06-18,1169041,T237
2014-06-19,1143711,T237
2014-06-20,1176243,T237
2014-06-21,1171555,T237
2014-06-22,1153569,T237
2014-06-23,1117612,T237
2014-06-24,1162679,T237
2014-06-25,1115723,T237
2014-06-26,1119486,T237
2014-06-27,1164404,T237
2014-06-28,1184248,T237
2014-06-29,1126149,T237
2014-06-30,1122112,T237
2014-07-01,1108010,T237
2014-07-02,1108654,T237
2014-07-03,1161269,T237
2014-07-04,1158571,T237
2014-07-05,1174330,T237
2014-07-06,1132619,T237
2014-07-07,1083169,T237
2014-07-08,1140110,T237
2014-07-09,1157863,T237
2014-07-10,1172519,T237
2014-07-11,1215555,T237
2014-07-12,1250652,T237
2014-07-13,1174232,T237
2014-07-14,1175184,T237
2014-07-15,1219858,T237
2014-07-16,1229507,T237
2014-07-17,1211541,T237
2014-07-18,1227515,T237
2014-07-19,1204259,T237
2014-07-20,1158637,T237
2014-07-21,1147900,T237
2014-07-22,1192551,T237
2014-07-23,1181444,T237
2014-07-24,1151592,T237
2014-07-25,1205159,T237
2014-07-26,1210612,T237
2014-07-27,1190782,T237
2014-07-28,1163191,T237
2014-07-29,1228623,T237
2014-07-30,1193955,T237
2014-07-31,1155789,T237
2014-08-01,1182664,T237
2014-08-02,1213063,T237
2014-08-03,1176711,T237
2014-08-04,1143487,T237
2014-08-05,1203359,T237
2014-08-06,1194066,T237
2014-08-07,1197997,T237
2014-08-08,1265603,T237
2014-08-09,1272775,T237
2014-08-10,1211504,T237
2014-08-11,1183025,T237
2014-08-12,1211270,T237
2014-08-13,1136020,T237
2014-08-14,1115852,T237
2014-08-15,1183788,T237
2014-08-16,1191679,T237
2014-08-17,1187682,T237
2014-08-18,1181029,T237
2014-08-19,1239745,T237
2014-08-20,1164310,T237
2012-01-01,178925,T134
2012-01-02,249927,T134
2012-01-03,251142,T134
2012-01-04,247906,T134
2012-01-05,244620,T134
2012-01-06,243004,T134
2012-01-07,220840,T134
2012-01-08,189057,T134
2012-01-09,243365,T134
2012-01-10,244091,T134
2012-01-11,245019,T134
2012-01-12,246382,T134
2012-01-13,247598,T134
2012-01-14,213944,T134
2012-01-15,191137,T134
2012-01-16,242699,T134
2012-01-17,242076,T134
2012-01-18,241524,T134
2012-01-19,241434,T134
2012-01-20,241098,T134
2012-01-21,212915,T134
2012-01-22,189582,T134
2012-01-23,235826,T134
2012-01-24,239885,T134
2012-01-25,238084,T134
2012-01-26,246231,T134
2012-01-27,236373,T134
2012-01-28,207533,T134
2012-01-29,185748,T134
2012-01-30,231714,T134
2012-01-31,233827,T134
2012-02-01,238053,T134
2012-02-02,233036,T134
2012-02-03,228011,T134
2012-02-04,207651,T134
2012-02-05,206823,T134
2012-02-06,238885,T134
2012-02-07,237591,T134
2012-02-08,229200,T134
2012-02-09,232229,T134
2012-02-10,229082,T134
2012-02-11,195565,T134
2012-02-12,178197,T134
2012-02-13,222913,T134
2012-02-14,237327,T134
2012-02-15,231743,T134
2012-02-16,223672,T134
2012-02-17,225252,T134
2012-02-18,187503,T134
2012-02-19,165745,T134
2012-02-20,219930,T134
2012-02-21,187535,T134
2012-02-22,220168,T134
2012-02-23,225065,T134
2012-02-24,224608,T134
2012-02-25,188935,T134
2012-02-26,159353,T134
2012-02-27,215733,T134
2012-02-28,224559,T134
2012-02-29,224163,T134
2012-03-01,226300,T134
2012-03-02,224818,T134
2012-03-03,195808,T134
2012-03-04,158864,T134
2012-03-05,215255,T134
2012-03-06,224963,T134
2012-03-07,224381,T134
2012-03-08,224630,T134
2012-03-09,222199,T134
2012-03-10,191252,T134
2012-03-11,154105,T134
2012-03-12,222816,T134
2012-03-13,228172,T134
2012-03-14,228127,T134
2012-03-15,254588,T134
2012-03-16,259257,T134
2012-03-17,203021,T134
2012-03-18,163260,T134
2012-03-19,227940,T134
2012-03-20,229564,T134
2012-03-21,232381,T134
2012-03-22,232943,T134
2012-03-23,233265,T134
2012-03-24,200484,T134
2012-03-25,163270,T134
2012-03-26,226262,T134
2012-03-27,227128,T134
2012-03-28,225858,T134
2012-03-29,226627,T134
2012-03-30,225904,T134
2012-03-31,191369,T134
2012-04-01,169910,T134
2012-04-02,221374,T134
2012-04-03,223903,T134
2012-04-04,220990,T134
2012-04-05,224383,T134
2012-04-06,208444,T134
2012-04-07,194462,T134
2012-04-08,160686,T134
2012-04-09,230314,T134
2012-04-10,223234,T134
2012-04-11,221014,T134
2012-04-12,220091,T134
2012-04-13,223472,T134
2012-04-14,191871,T134
2012-04-15,158344,T134
2012-04-16,221977,T134
2012-04-17,231289,T134
2012-04-18,227351,T134
2012-04-19,223681,T134
2012-04-20,229605,T134
2012-04-21,204297,T134
2012-04-22,170786,T134
2012-04-23,226263,T134
2012-04-24,222276,T134
2012-04-25,234364,T134
2012-04-26,235602,T134
2012-04-27,221561,T134
2012-04-28,202479,T134
2012-04-29,167698,T134
2012-04-30,225939,T134
2012-05-01,221343,T134
2012-05-02,238715,T134
2012-05-03,232380,T134
2012-05-04,233504,T134
2012-05-05,206434,T134
2012-05-06,171873,T134
2012-05-07,233542,T134
2012-05-08,229567,T134
2012-05-09,223793,T134
2012-05-10,224677,T134
2012-05-11,227185,T134
2012-05-12,225426,T134
2012-05-13,183639,T134
2012-05-14,231253,T134
2012-05-15,225110,T134
2012-05-16,233653,T134
2012-05-17,227554,T134
2012-05-18,229887,T134
2012-05-19,206550,T134
2012-05-20,165509,T134
2012-05-21,229543,T134
2012-05-22,222019,T134
2012-05-23,224773,T134
2012-05-24,221547,T134
2012-05-25,222343,T134
2012-05-26,205517,T134
2012-05-27,154411,T134
2012-05-28,225845,T134
2012-05-29,217578,T134
2012-05-30,217570,T134
2012-05-31,227984,T134
2012-06-01,219042,T134
2012-06-02,207643,T134
2012-06-03,175014,T134
2012-06-04,224664,T134
2012-06-05,222038,T134
2012-06-06,224474,T134
2012-06-07,243086,T134
2012-06-08,229823,T134
2012-06-09,207996,T134
2012-06-10,181465,T134
2012-06-11,224382,T134
2012-06-12,219777,T134
2012-06-13,216199,T134
2012-06-14,222990,T134
2012-06-15,222757,T134
2012-06-16,216493,T134
2012-06-17,177621,T134
2012-06-18,223726,T134
2012-06-19,221542,T134
2012-06-20,234868,T134
2012-06-21,224157,T134
2012-06-22,224754,T134
2012-06-23,207029,T134
2012-06-24,177939,T134
2012-06-25,234762,T134
2012-06-26,262632,T134
2012-06-27,234245,T134
2012-06-28,237518,T134
2012-06-29,226093,T134
2012-06-30,215369,T134
2012-07-01,170729,T134
2012-07-02,226202,T134
2012-07-03,230319,T134
2012-07-04,234337,T134
2012-07-05,233431,T134
2012-07-06,225403,T134
2012-07-07,215217,T134
2012-07-08,175733,T134
2012-07-09,227608,T134
2012-07-10,226755,T134
2012-07-11,224337,T134
2012-07-12,223668,T134
2012-07-13,231127,T134
2012-07-14,210183,T134
2012-07-15,175079,T134
2012-07-16,230610,T134
2012-07-17,227124,T134
2012-07-18,231097,T134
2012-07-19,230265,T134
2012-07-20,230325,T134
2012-07-21,220446,T134
2012-07-22,185277,T134
2012-07-23,225945,T134
2012-07-24,227200,T134
2012-07-25,224959,T134
2012-07-26,227123,T134
2012-07-27,226857,T134
2012-07-28,219030,T134
2012-07-29,172615,T134
2012-07-30,225019,T134
2012-07-31,217787,T134
2012-08-01,225295,T134
2012-08-02,221399,T134
2012-08-03,223761,T134
2012-08-04,209078,T134
2012-08-05,175348,T134
2012-08-06,222389,T134
2012-08-07,230948,T134
2012-08-08,227278,T134
2012-08-09,228220,T134
2012-08-10,230973,T134
2012-08-11,227139,T134
2012-08-12,176342,T134
2012-08-13,242732,T134
2012-08-14,237427,T134
2012-08-15,240667,T134
2012-08-16,239279,T134
2012-08-17,222507,T134
2012-08-18,225947,T134
2012-08-19,200688,T134
2012-08-20,276052,T134
2012-08-21,277164,T134
2012-08-22,278165,T134
2012-08-23,284239,T134
2012-08-24,274517,T134
2012-08-25,227500,T134
2012-08-26,175893,T134
2012-08-27,265927,T134
2012-08-28,276642,T134
2012-08-29,270223,T134
2012-08-30,267161,T134
2012-08-31,269013,T134
2012-09-01,222044,T134
2012-09-02,177500,T134
2012-09-03,265683,T134
2012-09-04,275248,T134
2012-09-05,276798,T134
2012-09-06,278203,T134
2012-09-07,277538,T134
2012-09-08,228854,T134
2012-09-09,178353,T134
2012-09-10,262416,T134
2012-09-11,282351,T134
2012-09-12,275580,T134
2012-09-13,277816,T134
2012-09-14,275011,T134
2012-09-15,227260,T134
2012-09-16,171020,T134
2012-09-17,230441,T134
2012-09-18,217328,T134
2012-09-19,221389,T134
2012-09-20,218526,T134
2012-09-21,224819,T134
2012-09-22,210955,T134
2012-09-23,179709,T134
2012-09-24,228087,T134
2012-09-25,235413,T134
2012-09-26,222527,T134
2012-09-27,221516,T134
2012-09-28,218461,T134
2012-09-29,208376,T134
2012-09-30,170823,T134
2012-10-01,223148,T134
2012-10-02,218161,T134
2012-10-03,219771,T134
2012-10-04,216357,T134
2012-10-05,220750,T134
2012-10-06,221992,T134
2012-10-07,186684,T134
2012-10-08,235516,T134
2012-10-09,223710,T134
2012-10-10,226617,T134
2012-10-11,227779,T134
2012-10-12,223811,T134
2012-10-13,200624,T134
2012-10-14,171083,T134
2012-10-15,220197,T134
2012-10-16,230333,T134
2012-10-17,236824,T134
2012-10-18,233387,T134
2012-10-19,225493,T134
2012-10-20,187991,T134
2012-10-21,170935,T134
2012-10-22,238577,T134
2012-10-23,229090,T134
2012-10-24,231949,T134
2012-10-25,229883,T134
2012-10-26,230486,T134
2012-10-27,211412,T134
2012-10-28,183347,T134
2012-10-29,232436,T134
2012-10-30,227225,T134
2012-10-31,228081,T134
2012-11-01,226355,T134
2012-11-02,243329,T134
2012-11-03,213157,T134
2012-11-04,173363,T134
2012-11-05,228766,T134
2012-11-06,224239,T134
2012-11-07,229937,T134
2012-11-08,232637,T134
2012-11-09,228197,T134
2012-11-10,208607,T134
2012-11-11,169609,T134
2012-11-12,238345,T134
2012-11-13,239550,T134
2012-11-14,234254,T134
2012-11-15,230162,T134
2012-11-16,226946,T134
2012-11-17,201416,T134
2012-11-18,173207,T134
2012-11-19,237051,T134
2012-11-20,233641,T134
2012-11-21,230212,T134
2012-11-22,226067,T134
2012-11-23,227284,T134
2012-11-24,214491,T134
2012-11-25,187568,T134
2012-11-26,231325,T134
2012-11-27,231857,T134
2012-11-28,238986,T134
2012-11-29,235670,T134
2012-11-30,232628,T134
2012-12-01,209086,T134
2012-12-02,181908,T134
2012-12-03,244482,T134
2012-12-04,229027,T134
2012-12-05,239112,T134
2012-12-06,247289,T134
2012-12-07,229168,T134
2012-12-08,201442,T134
2012-12-09,182635,T134
2012-12-10,230743,T134
2012-12-11,240808,T134
2012-12-12,237911,T134
2012-12-13,240645,T134
2012-12-14,237380,T134
2012-12-15,211529,T134
2012-12-16,192723,T134
2012-12-17,235733,T134
2012-12-18,237320,T134
2012-12-19,239533,T134
2012-12-20,229851,T134
2012-12-21,235615,T134
2012-12-22,219264,T134
2012-12-23,199333,T134
2012-12-24,208057,T134
2012-12-25,164794,T134
2012-12-26,223607,T134
2012-12-27,232963,T134
2012-12-28,229318,T134
2012-12-29,216545,T134
2012-12-30,195869,T134
2012-12-31,213285,T134
2013-01-01,169505,T134
2013-01-02,224029,T134
2013-01-03,225528,T134
2013-01-04,224550,T134
2013-01-05,199080,T134
2013-01-06,181720,T134
2013-01-07,229669,T134
2013-01-08,228973,T134
2013-01-09,233634,T134
2013-01-10,240682,T134
2013-01-11,229573,T134
2013-01-12,202436,T134
2013-01-13,179142,T134
2013-01-14,233161,T134
2013-01-15,230207,T134
2013-01-16,238476,T134
2013-01-17,237778,T134
2013-01-18,244519,T134
2013-01-19,194393,T134
2013-01-20,156720,T134
2013-01-21,231679,T134
2013-01-22,239097,T134
2013-01-23,238909,T134
2013-01-24,238256,T134
2013-01-25,242140,T134
2013-01-26,206594,T134
2013-01-27,183254,T134
2013-01-28,235608,T134
2013-01-29,235570,T134
2013-01-30,236328,T134
2013-01-31,231636,T134
2013-02-01,231613,T134
2013-02-02,198330,T134
2013-02-03,165835,T134
2013-02-04,232040,T134
2013-02-05,235465,T134
2013-02-06,232734,T134
2013-02-07,232899,T134
2013-02-08,232701,T134
2013-02-09,194790,T134
2013-02-10,167958,T134
2013-02-11,231305,T134
2013-02-12,211884,T134
2013-02-13,234784,T134
2013-02-14,231657,T134
2013-02-15,229216,T134
2013-02-16,194277,T134
2013-02-17,174915,T134
2013-02-18,231770,T134
2013-02-19,236195,T134
2013-02-20,235096,T134
2013-02-21,232095,T134
2013-02-22,235477,T134
2013-02-23,183875,T134
2013-02-24,161962,T134
2013-02-25,232341,T134
2013-02-26,230996,T134
2013-02-27,230314,T134
2013-02-28,229279,T134
2013-03-01,228094,T134
2013-03-02,186792,T134
2013-03-03,165913,T134
2013-03-04,232213,T134
2013-03-05,228370,T134
2013-03-06,235123,T134
2013-03-07,231826,T134
2013-03-08,228086,T134
2013-03-09,183332,T134
2013-03-10,159465,T134
2013-03-11,216440,T134
2013-03-12,221484,T134
2013-03-13,227586,T134
2013-03-14,237119,T134
2013-03-15,240622,T134
2013-03-16,203442,T134
2013-03-17,170990,T134
2013-03-18,238980,T134
2013-03-19,230556,T134
2013-03-20,221811,T134
2013-03-21,223920,T134
2013-03-22,220687,T134
2013-03-23,182014,T134
2013-03-24,157939,T134
2013-03-25,228509,T134
2013-03-26,229216,T134
2013-03-27,226100,T134
2013-03-28,228864,T134
2013-03-29,216059,T134
2013-03-30,200004,T134
2013-03-31,174828,T134
2013-04-01,228690,T134
2013-04-02,224010,T134
2013-04-03,226647,T134
2013-04-04,221977,T134
2013-04-05,214830,T134
2013-04-06,166747,T134
2013-04-07,164946,T134
2013-04-08,219602,T134
2013-04-09,219801,T134
2013-04-10,230721,T134
2013-04-11,226848,T134
2013-04-12,220690,T134
2013-04-13,194565,T134
2013-04-14,185749,T134
2013-04-15,226960,T134
2013-04-16,217536,T134
2013-04-17,222960,T134
2013-04-18,224598,T134
2013-04-19,223362,T134
2013-04-20,197160,T134
2013-04-21,175617,T134
2013-04-22,223012,T134
2013-04-23,225144,T134
2013-04-24,224207,T134
2013-04-25,210684,T134
2013-04-26,224930,T134
2013-04-27,189899,T134
2013-04-28,166416,T134
2013-04-29,215906,T134
2013-04-30,214482,T134
2013-05-01,197472,T134
2013-05-02,224099,T134
2013-05-03,219516,T134
2013-05-04,191904,T134
2013-05-05,168248,T134
2013-05-06,248104,T134
2013-05-07,224938,T134
2013-05-08,222580,T134
2013-05-09,218328,T134
2013-05-10,211495,T134
2013-05-11,187060,T134
2013-05-12,171179,T134
2013-05-13,214826,T134
2013-05-14,216576,T134
2013-05-15,216818,T134
2013-05-16,222372,T134
2013-05-17,217288,T134
2013-05-18,192687,T134
2013-05-19,165070,T134
2013-05-20,216503,T134
2013-05-21,219554,T134
2013-05-22,215744,T134
2013-05-23,220585,T134
2013-05-24,213020,T134
2013-05-25,183987,T134
2013-05-26,162322,T134
2013-05-27,211356,T134
2013-05-28,211107,T134
2013-05-29,216727,T134
2013-05-30,208478,T134
2013-05-31,212870,T134
2013-06-01,194963,T134
2013-06-02,175143,T134
2013-06-03,226986,T134
2013-06-04,219658,T134
2013-06-05,219324,T134
2013-06-06,226316,T134
2013-06-07,222483,T134
2013-06-08,203031,T134
2013-06-09,179300,T134
2013-06-10,213534,T134
2013-06-11,239839,T134
2013-06-12,232139,T134
2013-06-13,230229,T134
2013-06-14,227596,T134
2013-06-15,200932,T134
2013-06-16,176762,T134
2013-06-17,230266,T134
2013-06-18,228553,T134
2013-06-19,229485,T134
2013-06-20,230467,T134
2013-06-21,231695,T134
2013-06-22,191259,T134
2013-06-23,181894,T134
2013-06-24,225150,T134
2013-06-25,235195,T134
2013-06-26,233658,T134
2013-06-27,234970,T134
2013-06-28,240337,T134
2013-06-29,242798,T134
2013-06-30,209505,T134
2013-07-01,244226,T134
2013-07-02,241564,T134
2013-07-03,233642,T134
2013-07-04,245261,T134
2013-07-05,251505,T134
2013-07-06,242203,T134
2013-07-07,219041,T134
2013-07-08,260026,T134
2013-07-09,275594,T134
2013-07-10,243637,T134
2013-07-11,243226,T134
2013-07-12,238662,T134
2013-07-13,232913,T134
2013-07-14,209824,T134
2013-07-15,246277,T134
2013-07-16,247999,T134
2013-07-17,248330,T134
2013-07-18,254249,T134
2013-07-19,254350,T134
2013-07-20,228136,T134
2013-07-21,197028,T134
2013-07-22,240920,T134
2013-07-23,243020,T134
2013-07-24,240960,T134
2013-07-25,244835,T134
2013-07-26,239944,T134
2013-07-27,229921,T134
2013-07-28,204205,T134
2013-07-29,256539,T134
2013-07-30,231524,T134
2013-07-31,243274,T134
2013-08-01,240221,T134
2013-08-02,243759,T134
2013-08-03,225136,T134
2013-08-04,199238,T134
2013-08-05,244584,T134
2013-08-06,245411,T134
2013-08-07,234391,T134
2013-08-08,236401,T134
2013-08-09,244268,T134
2013-08-10,234599,T134
2013-08-11,205791,T134
2013-08-12,236978,T134
2013-08-13,239656,T134
2013-08-14,243600,T134
2013-08-15,243063,T134
2013-08-16,241677,T134
2013-08-17,221339,T134
2013-08-18,197842,T134
2013-08-19,280340,T134
2013-08-20,282561,T134
2013-08-21,284391,T134
2013-08-22,269073,T134
2013-08-23,287281,T134
2013-08-24,241088,T134
2013-08-25,200506,T134
2013-08-26,238043,T134
2013-08-27,242325,T134
2013-08-28,233863,T134
2013-08-29,225744,T134
2013-08-30,223353,T134
2013-08-31,205589,T134
2013-09-01,187181,T134
2013-09-02,236973,T134
2013-09-03,236258,T134
2013-09-04,233601,T134
2013-09-05,235901,T134
2013-09-06,233201,T134
2013-09-07,205501,T134
2013-09-08,180116,T134
2013-09-09,225498,T134
2013-09-10,224331,T134
2013-09-11,226000,T134
2013-09-12,228907,T134
2013-09-13,226495,T134
2013-09-14,210666,T134
2013-09-15,190797,T134
2013-09-16,232278,T134
2013-09-17,230113,T134
2013-09-18,226294,T134
2013-09-19,237949,T134
2013-09-20,233809,T134
2013-09-21,221064,T134
2013-09-22,192497,T134
2013-09-23,232026,T134
2013-09-24,229525,T134
2013-09-25,237172,T134
2013-09-26,234977,T134
2013-09-27,245915,T134
2013-09-28,209974,T134
2013-09-29,187761,T134
2013-09-30,236481,T134
2013-10-01,238377,T134
2013-10-02,230438,T134
2013-10-03,240528,T134
2013-10-04,251608,T134
2013-10-05,215716,T134
2013-10-06,190125,T134
2013-10-07,233450,T134
2013-10-08,231008,T134
2013-10-09,232220,T134
2013-10-10,230573,T134
2013-10-11,230993,T134
2013-10-12,205083,T134
2013-10-13,181808,T134
2013-10-14,240774,T134
2013-10-15,243484,T134
2013-10-16,241333,T134
2013-10-17,246821,T134
2013-10-18,245787,T134
2013-10-19,226627,T134
2013-10-20,192837,T134
2013-10-21,260007,T134
2013-10-22,241021,T134
2013-10-23,238073,T134
2013-10-24,238653,T134
2013-10-25,235625,T134
2013-10-26,223217,T134
2013-10-27,201511,T134
2013-10-28,231528,T134
2013-10-29,227920,T134
2013-10-30,223496,T134
2013-10-31,224159,T134
2013-11-01,232357,T134
2013-11-02,218024,T134
2013-11-03,178670,T134
2013-11-04,237040,T134
2013-11-05,236480,T134
2013-11-06,238572,T134
2013-11-07,238516,T134
2013-11-08,233656,T134
2013-11-09,206020,T134
2013-11-10,170493,T134
2013-11-11,230464,T134
2013-11-12,231359,T134
2013-11-13,230730,T134
2013-11-14,231317,T134
2013-11-15,233767,T134
2013-11-16,196591,T134
2013-11-17,191029,T134
2013-11-18,223594,T134
2013-11-19,225176,T134
2013-11-20,217854,T134
2013-11-21,219145,T134
2013-11-22,226817,T134
2013-11-23,185021,T134
2013-11-24,163074,T134
2013-11-25,227116,T134
2013-11-26,222698,T134
2013-11-27,222772,T134
2013-11-28,231650,T134
2013-11-29,232032,T134
2013-11-30,201029,T134
2013-12-01,180944,T134
2013-12-02,233986,T134
2013-12-03,230497,T134
2013-12-04,226739,T134
2013-12-05,232835,T134
2013-12-06,228830,T134
2013-12-07,197070,T134
2013-12-08,169770,T134
2013-12-09,223344,T134
2013-12-10,226039,T134
2013-12-11,230634,T134
2013-12-12,237982,T134
2013-12-13,240166,T134
2013-12-14,206133,T134
2013-12-15,184992,T134
2013-12-16,226167,T134
2013-12-17,237828,T134
2013-12-18,243304,T134
2013-12-19,242990,T134
2013-12-20,230225,T134
2013-12-21,215646,T134
2013-12-22,208382,T134
2013-12-23,239649,T134
2013-12-24,213804,T134
2013-12-25,143779,T134
2013-12-26,234988,T134
2013-12-27,237090,T134
2013-12-28,217125,T134
2013-12-29,195729,T134
2013-12-30,233116,T134
2013-12-31,209010,T134
2014-01-01,142087,T134
2014-01-02,236963,T134
2014-01-03,239505,T134
2014-01-04,199358,T134
2014-01-05,181587,T134
2014-01-06,232459,T134
2014-01-07,232734,T134
2014-01-08,227442,T134
2014-01-09,224842,T134
2014-01-10,224835,T134
2014-01-11,178297,T134
2014-01-12,162089,T134
2014-01-13,220339,T134
2014-01-14,226667,T134
2014-01-15,226210,T134
2014-01-16,216969,T134
2014-01-17,219018,T134
2014-01-18,179181,T134
2014-01-19,160334,T134
2014-01-20,218476,T134
2014-01-21,228140,T134
2014-01-22,221284,T134
2014-01-23,220476,T134
2014-01-24,224179,T134
2014-01-25,185983,T134
2014-01-26,165994,T134
2014-01-27,215901,T134
2014-01-28,224262,T134
2014-01-29,217577,T134
2014-01-30,219907,T134
2014-01-31,232430,T134
2014-02-01,182809,T134
2014-02-02,160994,T134
2014-02-03,217135,T134
2014-02-04,229524,T134
2014-02-05,222432,T134
2014-02-06,231925,T134
2014-02-07,235941,T134
2014-02-08,204503,T134
2014-02-09,183349,T134
2014-02-10,223986,T134
2014-02-11,226907,T134
2014-02-12,234508,T134
2014-02-13,235501,T134
2014-02-14,247189,T134
2014-02-15,206307,T134
2014-02-16,159430,T134
2014-02-17,229778,T134
2014-02-18,223847,T134
2014-02-19,218246,T134
2014-02-20,232429,T134
2014-02-21,217380,T134
2014-02-22,193377,T134
2014-02-23,172793,T134
2014-02-24,218940,T134
2014-02-25,226304,T134
2014-02-26,219757,T134
2014-02-27,222904,T134
2014-02-28,224628,T134
2014-03-01,200182,T134
2014-03-02,187446,T134
2014-03-03,220151,T134
2014-03-04,223945,T134
2014-03-05,225649,T134
2014-03-06,213873,T134
2014-03-07,218382,T134
2014-03-08,190460,T134
2014-03-09,176008,T134
2014-03-10,215773,T134
2014-03-11,211517,T134
2014-03-12,212907,T134
2014-03-13,217031,T134
2014-03-14,217826,T134
2014-03-15,194658,T134
2014-03-16,177240,T134
2014-03-17,220117,T134
2014-03-18,215503,T134
2014-03-19,217676,T134
2014-03-20,220326,T134
2014-03-21,224760,T134
2014-03-22,190868,T134
2014-03-23,170659,T134
2014-03-24,233068,T134
2014-03-25,231001,T134
2014-03-26,214934,T134
2014-03-27,217428,T134
2014-03-28,216337,T134
2014-03-29,189308,T134
2014-03-30,172719,T134
2014-03-31,226353,T134
2014-04-01,234006,T134
2014-04-02,230823,T134
2014-04-03,219748,T134
2014-04-04,232751,T134
2014-04-05,215466,T134
2014-04-06,192573,T134
2014-04-07,227945,T134
2014-04-08,231306,T134
2014-04-09,229865,T134
2014-04-10,231092,T134
2014-04-11,230262,T134
2014-04-12,205564,T134
2014-04-13,191281,T134
2014-04-14,231325,T134
2014-04-15,230290,T134
2014-04-16,228022,T134
2014-04-17,232330,T134
2014-04-18,241490,T134
2014-04-19,226161,T134
2014-04-20,188627,T134
2014-04-21,219929,T134
2014-04-22,238349,T134
2014-04-23,227815,T134
2014-04-24,233148,T134
2014-04-25,214432,T134
2014-04-26,213218,T134
2014-04-27,180499,T134
2014-04-28,227008,T134
2014-04-29,222900,T134
2014-04-30,231438,T134
2014-05-01,224075,T134
2014-05-02,225613,T134
2014-05-03,213150,T134
2014-05-04,189428,T134
2014-05-05,224981,T134
2014-05-06,228775,T134
2014-05-07,224987,T134
2014-05-08,229983,T134
2014-05-09,238852,T134
2014-05-10,217689,T134
2014-05-11,211249,T134
2014-05-12,229146,T134
2014-05-13,248033,T134
2014-05-14,266662,T134
2014-05-15,279106,T134
2014-05-16,274215,T134
2014-05-17,227468,T134
2014-05-18,213822,T134
2014-05-19,281755,T134
2014-05-20,270932,T134
2014-05-21,280702,T134
2014-05-22,274056,T134
2014-05-23,270281,T134
2014-05-24,208251,T134
2014-05-25,183366,T134
2014-05-26,250473,T134
2014-05-27,260938,T134
2014-05-28,263313,T134
2014-05-29,280374,T134
2014-05-30,275711,T134
2014-05-31,230030,T134
2014-06-01,195834,T134
2014-06-02,265478,T134
2014-06-03,274349,T134
2014-06-04,268227,T134
2014-06-05,271042,T134
2014-06-06,281883,T134
2014-06-07,226165,T134
2014-06-08,197990,T134
2014-06-09,267043,T134
2014-06-10,236829,T134
2014-06-11,278980,T134
2014-06-12,300920,T134
2014-06-13,306590,T134
2014-06-14,256644,T134
2014-06-15,221710,T134
2014-06-16,269033,T134
2014-06-17,286164,T134
2014-06-18,293145,T134
2014-06-19,294751,T134
2014-06-20,287850,T134
2014-06-21,245100,T134
2014-06-22,210453,T134
2014-06-23,274061,T134
2014-06-24,247273,T134
2014-06-25,283534,T134
2014-06-26,289283,T134
2014-06-27,281267,T134
2014-06-28,244198,T134
2014-06-29,217568,T134
2014-06-30,293683,T134
2014-07-01,287760,T134
2014-07-02,288151,T134
2014-07-03,296707,T134
2014-07-04,300389,T134
2014-07-05,250313,T134
2014-07-06,213752,T134
2014-07-07,272347,T134
2014-07-08,290300,T134
2014-07-09,299371,T134
2014-07-10,297995,T134
2014-07-11,298381,T134
2014-07-12,257242,T134
2014-07-13,228373,T134
2014-07-14,316712,T134
2014-07-15,271734,T134
2014-07-16,253555,T134
2014-07-17,264673,T134
2014-07-18,259101,T134
2014-07-19,261645,T134
2014-07-20,221017,T134
2014-07-21,253652,T134
2014-07-22,242814,T134
2014-07-23,244737,T134
2014-07-24,287544,T134
2014-07-25,248195,T134
2014-07-26,233022,T134
2014-07-27,208495,T134
2014-07-28,239762,T134
2014-07-29,243165,T134
2014-07-30,242630,T134
2014-07-31,249555,T134
2014-08-01,251843,T134
2014-08-02,241446,T134
2014-08-03,208405,T134
2014-08-04,237435,T134
2014-08-05,239875,T134
2014-08-06,245640,T134
2014-08-07,251516,T134
2014-08-08,261298,T134
2014-08-09,249249,T134
2014-08-10,226465,T134
2014-08-11,239971,T134
2014-08-12,246326,T134
2014-08-13,239301,T134
2014-08-14,237931,T134
2014-08-15,249645,T134
2014-08-16,237430,T134
2014-08-17,207780,T134
2014-08-18,232979,T134
2014-08-19,235074,T134
2014-08-20,232933,T134
